row_number,sequence,hospital,name,source_link,original_length,removed_segment,removed_length,remaining_length,segment_start,segment_end,segment_position,match_type,site_title,name_variant,owner_atypical_profile_case,quote_boundary_status,original_sha256,remaining_sha256
673,672,中山大学肿瘤防治中心,丘惠娟,https://www.sysucc.org.cn/node/3768,761,临床专家 面包屑 首页 / 临床科室 / 内科系列 / 中医科 / 临床专家 丘惠娟 ,43,718,0,43,START,SYSUCC_CLINICAL_EXPERT,丘惠娟,NO,NO,NO_ADJACENT_QUOTE,0bc0391d1bd8d8140a6a434c583ebaf7ce1e1d2a7801b011dd3697122179621e,21358a158178d7dce2eee62d61a65a74b31ec3a149257c42992b1787834e46a9
674,673,中山大学肿瘤防治中心,张蓓,https://www.sysucc.org.cn/node/3773,1800,临床专家 面包屑 首页 / 临床科室 / 内科系列 / 中医科 / 临床专家 张蓓 ,42,1758,0,42,START,SYSUCC_CLINICAL_EXPERT,张蓓,NO,NO,NO_ADJACENT_QUOTE,b38eae077e082e14f93d03c72397db6f14c381204711c6f0f0ccfa30cd725314,f5d3e7ea854b39be599cf3ca6df4ddb64e62d485eae2c27079f0065aac2cfe0d
677,676,中山大学肿瘤防治中心,欧阳华强,https://www.sysucc.org.cn/node/6681,623,临床专家 面包屑 首页 / 临床科室 / 内科系列 / 中医科 / 临床专家 欧阳华强 ,44,579,0,44,START,SYSUCC_CLINICAL_EXPERT,欧阳华强,NO,NO,NO_ADJACENT_QUOTE,4237ce8e146cfa8f166693cc15500cfe399e7e14896830044b38b2a0f12a6595,c50f091f137d2e45c7cb50c6e04de8f787b0e9d03ca35649244156003adf62e1
678,677,中山大学肿瘤防治中心,范腾,https://www.sysucc.org.cn/node/8022,570,临床专家 面包屑 首页 / 临床科室 / 内科系列 / 中医科 / 临床专家 范腾 ,42,528,0,42,START,SYSUCC_CLINICAL_EXPERT,范腾,NO,NO,NO_ADJACENT_QUOTE,d0b99f23bf2639d5518264baaf89211f4e0ca7f234111d55f5ebd4c4bf259d00,6b0f116345ad0c07c5162707a2e98827bb9af5389cbe3fe0e6bb324471ef7503
679,678,中山大学肿瘤防治中心,阚钧,https://www.sysucc.org.cn/node/6488,729,临床专家 面包屑 首页 / 临床科室 / 内科系列 / 中医科 / 临床专家 阚钧 ,42,687,0,42,START,SYSUCC_CLINICAL_EXPERT,阚钧,NO,NO,NO_ADJACENT_QUOTE,e49e17e34f3964cb32a9918523dfdc2107955988b3adbe5683104e1834772bf2,7a1488007a984c9a87b612e4630c36b179e9a58c97e3389a0e16019195956588
680,679,中山大学肿瘤防治中心,陈平,https://www.sysucc.org.cn/node/3778,1800,临床专家 面包屑 首页 / 临床科室 / 内科系列 / 中医科 / 临床专家 陈平 ,42,1758,0,42,START,SYSUCC_CLINICAL_EXPERT,陈平,NO,NO,NO_ADJACENT_QUOTE,c38508da9c1e8819cec707377319a7cff270dc5501148038e1d958cc0a5d98dc,5b08840a325bd13d4b07fe54d516484ad33c156ed1f678096c12b1e14dfa05a8
681,680,中山大学肿瘤防治中心,陈徐贤,https://www.sysucc.org.cn/node/3774,332,临床专家 面包屑 首页 / 临床科室 / 内科系列 / 中医科 / 临床专家 陈徐贤 ,43,289,0,43,START,SYSUCC_CLINICAL_EXPERT,陈徐贤,NO,NO,NO_ADJACENT_QUOTE,88170f05f8e6993d3575286fe3fee7be3510023925d68eac1fd0afaa814e05f4,60bc2e29bc07281f4b0cc59005050438fd664b38e08b1530104f05ec4f74817e
682,681,中山大学肿瘤防治中心,黄国贤,https://www.sysucc.org.cn/node/3775,791,临床专家 面包屑 首页 / 临床科室 / 内科系列 / 中医科 / 临床专家 黄国贤 ,43,748,0,43,START,SYSUCC_CLINICAL_EXPERT,黄国贤,NO,NO,NO_ADJACENT_QUOTE,583c3e2391e12c4a8d9a8de8157cab6c1b84bec91d733f8d3ea1b49786ed763a,e560ad686ed9fad14c05be26d2e741eade4c5af19d32eef062a691f79b5c2647
683,682,中山大学肿瘤防治中心,黄圆圆,https://www.sysucc.org.cn/node/3769,1276,临床专家 面包屑 首页 / 临床科室 / 内科系列 / 中医科 / 临床专家 黄圆圆 ,43,1233,0,43,START,SYSUCC_CLINICAL_EXPERT,黄圆圆,NO,NO,NO_ADJACENT_QUOTE,b05ff60636fce40bce2134794e2f064db348cd82393f7b6685e017cf9bb56e0c,848a5cff8691ebb4a3661228846b272653212ae45198ff8f3de7eea38a2add01
684,683,中山大学肿瘤防治中心,黄金圣,https://www.sysucc.org.cn/node/3779,1800,临床专家 面包屑 首页 / 临床科室 / 内科系列 / 中医科 / 临床专家 黄金圣 ,43,1757,0,43,START,SYSUCC_CLINICAL_EXPERT,黄金圣,NO,NO,NO_ADJACENT_QUOTE,e01110b46f62ddef0a9224749a69d3533ddd932b2b79071d475a34946da5ff58,a9ab378d6eac451a35b3fa7cd91da5454f876b609356c2cc74ad7ca7bd8279ca
685,684,中山大学肿瘤防治中心,医学教育,https://www.sysucc.org.cn/taxonomy/term/267,1000,住院医师规范化培训 面包屑 首页 / 医学教育 / 住院医师规范化培训 ,36,964,0,36,START,SYSUCC_TRAINING_PAGE,,NO,YES,NO_ADJACENT_QUOTE,6b696eb44624f55118c2f338ea9e825b21d4fac36872b5005ff32b220a66dfca,913dd3d77a34ac095a9e2da23eea50dcecc03b164e04d0be21ee21cd73e346ca
686,685,中山大学肿瘤防治中心,叶文锋,https://www.sysucc.org.cn/node/3927,1107,临床专家 面包屑 首页 / 临床科室 / 平台科室 / 临床营养科 / 临床专家 叶文锋 ,45,1062,0,45,START,SYSUCC_CLINICAL_EXPERT,叶文锋,NO,NO,NO_ADJACENT_QUOTE,aa3f1cf59d59f045f17383bb1101e11be9d793dfdc4cc0d85c81790ca3910ffa,9f5fdc6d3eb4c584315fe7af5c7850616ed45d43e515c4d18c62fa9d9dbf71c9
687,686,中山大学肿瘤防治中心,吴锡文,https://www.sysucc.org.cn/node/12740,533,临床专家 面包屑 首页 / 临床科室 / 平台科室 / 临床营养科 / 临床专家 吴锡文 ,45,488,0,45,START,SYSUCC_CLINICAL_EXPERT,吴锡文,NO,NO,NO_ADJACENT_QUOTE,24f61fb2ed07f33e873796b232aca6e4c7e9550f28d270ca5d9faf1ad8a7cbf4,e2cae088787d833a8c1e794b1452ac80adf46e2828c8b3d5de75aaa8b87ab187
689,688,中山大学肿瘤防治中心,"《PLoS ONE》2011 IF4.8） 2.High Expression of p300 in Human Breast Cancer Correlates with Tumor Recurrence and Predicts Patients Adverse Prognosis （杂志名称：Chinese Journal of Cancer Research 2011 IF0.59） 3.Targeted Expression of BikDD Eliminates Breast Cancer with Virtually No Toxicity in Noninvasive Imaging Models. （杂志名称：Mol Cancer Ther 2012 IF 5.22） 4.Simultaneous modulation of COX-2, p300, Akt, and Apaf-1signaling by melatonin to inhibit proliferation and induceapoptosis in breast cancer cells （杂志名称：Journal of Pineal Research 2012 IF 5.79） 5.Melatoninsuppressesproinflammatory mediators in lipopolysaccharide-stimulated CRL1999 cells via targeting MAPK, NF-jB, c/EBPb, and p300 signaling （杂志名称：Journal of Pineal Research 2012 IF 5.79） 6.青年乳腺癌209例生存分析 (杂志名称：中国医师进修杂志2010) 7.超声刀在乳腺癌改良根治术中的应用 (杂志名称：实用医学杂志2010) 更新时间：2014.5.13",https://www.sysucc.org.cn/node/3741,1800,临床专家 面包屑 首页 / 临床科室 / 外科系列 / 乳腺科 / 临床专家 肖祥胜 ,43,1757,0,43,START,SYSUCC_CLINICAL_EXPERT,肖祥胜,YES,NO,NO_ADJACENT_QUOTE,3e5dc68532cb9850c3b42f327006f411bc5bc2f3875c579db56adf65e31861dc,4a7fb7c0dd0236afd31cd3375193f5e92c4a3c23841aa958f456be7f6d466bd6
690,689,中山大学肿瘤防治中心,刘鹏,https://www.sysucc.org.cn/node/3742,764,临床专家 面包屑 首页 / 临床科室 / 外科系列 / 乳腺科 / 临床专家 刘鹏 ,42,722,0,42,START,SYSUCC_CLINICAL_EXPERT,刘鹏,NO,NO,NO_ADJACENT_QUOTE,cd989987f3ff89a047da3c42b8d7815b3d0996cad8a1fe90f796fb069de59ca7,b650c373103bcf181276882b7288e441b1bf5e8ef793515d9477e4a64b025e60
691,690,中山大学肿瘤防治中心,双泽宇,https://www.sysucc.org.cn/node/3746,660,临床专家 面包屑 首页 / 临床科室 / 外科系列 / 乳腺科 / 临床专家 双泽宇 ,43,617,0,43,START,SYSUCC_CLINICAL_EXPERT,双泽宇,NO,NO,NO_ADJACENT_QUOTE,6f229eaabcef7a64791490faf01b8ae1bba48f00b58613c59bbf9f1009216410,33e1f4fda568ed135368c6c915f87c78f08b7e206d29b327505c4de7ad8f8dcb
692,691,中山大学肿瘤防治中心,叶锋,https://www.sysucc.org.cn/node/6565,1800,临床专家 面包屑 首页 / 临床科室 / 外科系列 / 乳腺科 / 临床专家 叶锋 ,42,1758,0,42,START,SYSUCC_CLINICAL_EXPERT,叶锋,NO,NO,NO_ADJACENT_QUOTE,6ca388bf0a8c764086d51c41589073386f75daab01f14754a5d46e83d9ae3c78,ea0a996c35f8cbfdf91c14aa6a51cccf423a6aa16d55b617d7ff28923cf0465b
693,692,中山大学肿瘤防治中心,吴浩,https://www.sysucc.org.cn/node/8129,1800,临床专家 面包屑 首页 / 临床科室 / 外科系列 / 乳腺科 / 临床专家 吴浩 ,42,1758,0,42,START,SYSUCC_CLINICAL_EXPERT,吴浩,NO,NO,NO_ADJACENT_QUOTE,22be8b80faa0b3ca7fa7f6a0c46c2ad48d4c3ec80569f41aac6282e1ec34e833,85ca8389cd2b700e8d4b50da62b04e63deaf97245b3265126943fb485f114bf7
694,693,中山大学肿瘤防治中心,唐军,https://www.sysucc.org.cn/node/3738,1800,临床专家 面包屑 首页 / 临床科室 / 外科系列 / 乳腺科 / 临床专家 唐军 ,42,1758,0,42,START,SYSUCC_CLINICAL_EXPERT,唐军,NO,NO,NO_ADJACENT_QUOTE,33782466121210ca8a0dd8449b000e12baa98c01313c7fe1fed3cefc4a6d4e43,eebe11d2946b427430b4bdc3eac15f525ace01f652c59261bd9509e20ca670bd
695,694,中山大学肿瘤防治中心,孔亚楠,https://www.sysucc.org.cn/node/3745,1800,临床专家 面包屑 首页 / 临床科室 / 外科系列 / 乳腺科 / 临床专家 孔亚楠 ,43,1757,0,43,START,SYSUCC_CLINICAL_EXPERT,孔亚楠,NO,NO,NO_ADJACENT_QUOTE,88d495e5742d872ae11e9aad12c3f75be11d9801dd6792ba42e501d37ddf2920,aa4afc3c8f22d36a6d994ecc0ea8b553b18e7c41f2342909c9b2c18e0e7b5a4e
696,695,中山大学肿瘤防治中心,李宁,https://www.sysucc.org.cn/node/3748,1092,临床专家 面包屑 首页 / 临床科室 / 外科系列 / 乳腺科 / 临床专家 李宁 ,42,1050,0,42,START,SYSUCC_CLINICAL_EXPERT,李宁,NO,NO,NO_ADJACENT_QUOTE,d9f93bc8643c3ce94751f83d0e65dd74ae19450ba370355dd125e2358b7e94eb,298ec117eeca7c219a056c98f216784704bbb24ac2cb532ef0e0764f73316097
697,696,中山大学肿瘤防治中心,李星,https://www.sysucc.org.cn/node/3749,372,临床专家 面包屑 首页 / 临床科室 / 外科系列 / 乳腺科 / 临床专家 李星 ,42,330,0,42,START,SYSUCC_CLINICAL_EXPERT,李星,NO,NO,NO_ADJACENT_QUOTE,86811e4f3230873bb02216c64951497356e699181d7cd10b09efde18e633f162,7c5ffced86222b107002c88e8bb799eccca00ce1d0203d863c5e0bee317b9005
698,697,中山大学肿瘤防治中心,杨安力,https://www.sysucc.org.cn/node/3747,589,临床专家 面包屑 首页 / 临床科室 / 外科系列 / 乳腺科 / 临床专家 杨安力 ,43,546,0,43,START,SYSUCC_CLINICAL_EXPERT,杨安力,NO,NO,NO_ADJACENT_QUOTE,ac1adc8a5f2da50fd8f871eafaff7c75a96fc2d795375b916ae4da4687abfac1,0676f89a7cd4631a774b5608da09a3e6fbcf244682921d95d71fdcb2b9bd190c
699,698,中山大学肿瘤防治中心,梁格豪,https://www.sysucc.org.cn/node/9759,326,临床专家 面包屑 首页 / 临床科室 / 外科系列 / 乳腺科 / 临床专家 梁格豪 ,43,283,0,43,START,SYSUCC_CLINICAL_EXPERT,梁格豪,NO,NO,NO_ADJACENT_QUOTE,12fccafbc3081480f1f46d1db8d874f285e5db193214ba1e5469d0ac6c98e710,6a98376ed0e7fb5857f70ae0edfdd2e4af1f1533688c2df0bf0be11ff8bdafcb
700,699,中山大学肿瘤防治中心,熊震充,https://www.sysucc.org.cn/node/8487,268,临床专家 面包屑 首页 / 临床科室 / 外科系列 / 乳腺科 / 临床专家 熊震充 ,43,225,0,43,START,SYSUCC_CLINICAL_EXPERT,熊震充,NO,NO,NO_ADJACENT_QUOTE,8686e2c6938ef4fe6ac846e9b53a67eeb63f5e3271142e354fb5d7c9c6e941cb,cdf65730df5a5d61d1f705ad236637f6409a7ecd82151894d71562a57bc09fa6
701,700,中山大学肿瘤防治中心,王曦,https://www.sysucc.org.cn/node/3737,1800,临床专家 面包屑 首页 / 临床科室 / 外科系列 / 乳腺科 / 临床专家 王曦 ,42,1758,0,42,START,SYSUCC_CLINICAL_EXPERT,王曦,NO,NO,NO_ADJACENT_QUOTE,0b7458b23ba9fc99be9c799e0bb55df2a09c4f1bed258be2b34a190f0cb3ec67,842791c0fdeaed06f09982847b64ea4ee7d19ba599ac25461a418ab360cac713
702,701,中山大学肿瘤防治中心,王瑾,https://www.sysucc.org.cn/node/3743,905,临床专家 面包屑 首页 / 临床科室 / 外科系列 / 乳腺科 / 临床专家 王瑾 ,42,863,0,42,START,SYSUCC_CLINICAL_EXPERT,王瑾,NO,NO,NO_ADJACENT_QUOTE,fb3772e92f3fd6aeba8b5824cbd4e5a50edc67e7813e40cc6d32353fa2eb767a,348f154b0dbecadea88bd92c186fb0dae8c146558e5d7f594d84bf1dbaef93bf
704,703,中山大学肿瘤防治中心,谢新华,https://www.sysucc.org.cn/node/3744,1800,临床专家 面包屑 首页 / 临床科室 / 外科系列 / 乳腺科 / 临床专家 谢新华 ,43,1757,0,43,START,SYSUCC_CLINICAL_EXPERT,谢新华,NO,NO,NO_ADJACENT_QUOTE,7d06a709b7a69063520304724bab7385ec97cbe7c3e6d1251336bef5a352b484,3830246d817d454e0fe64b8106191c65cb938772a720995c3ed8e77a93cc2967
705,704,中山大学肿瘤防治中心,韦尉东,https://www.sysucc.org.cn/node/3740,863,临床专家 面包屑 首页 / 临床科室 / 外科系列 / 乳腺科 / 临床专家 韦尉东 ,43,820,0,43,START,SYSUCC_CLINICAL_EXPERT,韦尉东,NO,NO,NO_ADJACENT_QUOTE,0bff1ab0b00d79660de97332c6a087f2ff0775e3bde7aaf7ffff48f316e565b7,6917b6e4f868ce72c49aab4f322568747b9b71145c2eb624358a19d8f361b506
706,705,中山大学肿瘤防治中心,孙斐斐,https://www.sysucc.org.cn/node/3805,855,临床专家 面包屑 首页 / 临床科室 / 内科系列 / 儿童肿瘤科 / 临床专家 孙斐斐 ,45,810,0,45,START,SYSUCC_CLINICAL_EXPERT,孙斐斐,NO,NO,NO_ADJACENT_QUOTE,e147f22adf3503ac02c20b52c53e2f3c23fedf12db6f3e14718fc36baede5322,8fb2f49f61b91eebdcfc55c946fbf69a36e01e4fcb79635bf2a8511e5904d184
707,706,中山大学肿瘤防治中心,张翼鷟,https://www.sysucc.org.cn/node/3800,1800,临床专家 面包屑 首页 / 临床科室 / 内科系列 / 儿童肿瘤科 / 临床专家 张翼鷟 ,45,1755,0,45,START,SYSUCC_CLINICAL_EXPERT,张翼鷟,NO,NO,NO_ADJACENT_QUOTE,08d6d1d9dc530bc27845b3bc9f83bcae31065f85aeb69a47fe6c8eebbbba5bfb,e2701aacf2ed087c0da8bdc5be627d194f8b16c79a8a5e7fb2a8e4cf2c9a8ebd
708,707,中山大学肿瘤防治中心,朱佳,https://www.sysucc.org.cn/node/3802,1800,临床专家 面包屑 首页 / 临床科室 / 内科系列 / 儿童肿瘤科 / 临床专家 朱佳 ,44,1756,0,44,START,SYSUCC_CLINICAL_EXPERT,朱佳,NO,NO,NO_ADJACENT_QUOTE,967822c5b64a7ce6d7b7f319219e36eb06b54f5a4ac4550df1de22bea30bec81,632bb429fc40d14b8844b071972e11327e292264529f09e56ebd6fd757dfae64
709,708,中山大学肿瘤防治中心,王娟,https://www.sysucc.org.cn/node/3806,971,临床专家 面包屑 首页 / 临床科室 / 内科系列 / 儿童肿瘤科 / 临床专家 王娟 ,44,927,0,44,START,SYSUCC_CLINICAL_EXPERT,王娟,NO,NO,NO_ADJACENT_QUOTE,8a687d44b69ea5d87e8e295c80bf82fdd771820afe41f16810ae316bcfc2386e,ca9a94ce2be8962c093b07d68bc9fe053a983b41c8ce8799910a850d59f88d55
710,709,中山大学肿瘤防治中心,甄子俊,https://www.sysucc.org.cn/node/3801,1226,临床专家 面包屑 首页 / 临床科室 / 内科系列 / 儿童肿瘤科 / 临床专家 甄子俊 ,45,1181,0,45,START,SYSUCC_CLINICAL_EXPERT,甄子俊,NO,NO,NO_ADJACENT_QUOTE,741259d804ac07f77416070daff3552bbcc1b2bb0dbdcbc0e82ab2962f3c0752,aad9cba1d67e0a5a783b26b12585e52017fa9efe82cffcebdea5e4ace1e918ca
712,711,中山大学肿瘤防治中心,阙旖,https://www.sysucc.org.cn/node/3804,479,临床专家 面包屑 首页 / 临床科室 / 内科系列 / 儿童肿瘤科 / 临床专家 阙旖 ,44,435,0,44,START,SYSUCC_CLINICAL_EXPERT,阙旖,NO,NO,NO_ADJACENT_QUOTE,709d1dcaa323e4198ec3319654d76e21dbdb00d538bab5ef62e55161c4075e5a,22e0d0017757812532900056563b125ff4d89aaaa49adbc26e067d735f883efc
713,712,中山大学肿瘤防治中心,任超,https://www.sysucc.org.cn/node/1515,599,临床专家 面包屑 首页 / 临床科室 / 内科系列 / 内科 / 临床专家 任超 ,41,558,0,41,START,SYSUCC_CLINICAL_EXPERT,任超,NO,NO,NO_ADJACENT_QUOTE,e9d102c50828088c3291fa02f4b5dcaf2aaa3dc5857337d37bc2cca648034f54,ab60563be72e994c48df18e93485194a52af104e07c4c5e7a7f24073130b84eb
714,713,中山大学肿瘤防治中心,何明明,https://www.sysucc.org.cn/node/1519,755,临床专家 面包屑 首页 / 临床科室 / 内科系列 / 内科 / 临床专家 何明明 ,42,713,0,42,START,SYSUCC_CLINICAL_EXPERT,何明明,NO,NO,NO_ADJACENT_QUOTE,d01c30aea42d6b1b0f71f09224e9c8f6e9bc5240b4ec317b06fedc1651299c72,ab291b5f959c1b5871715d2239b4696ab224fdce359a6ae19586b5bf154d597c
715,714,中山大学肿瘤防治中心,侯雪,https://www.sysucc.org.cn/node/1501,927,临床专家 面包屑 首页 / 临床科室 / 内科系列 / 内科 / 临床专家 侯雪 ,41,886,0,41,START,SYSUCC_CLINICAL_EXPERT,侯雪,NO,NO,NO_ADJACENT_QUOTE,d882e3c5d7b7092530273dd887b00b4bda618f7c961aa89acd90e2c87341e3aa,50861cea18232986b13a24edada292fac5fca01b4acf8e5b92ab66b7b18c2a81
717,716,中山大学肿瘤防治中心,刘俊玲,https://www.sysucc.org.cn/node/1495,654,临床专家 面包屑 首页 / 临床科室 / 内科系列 / 内科 / 临床专家 刘俊玲 ,42,612,0,42,START,SYSUCC_CLINICAL_EXPERT,刘俊玲,NO,NO,NO_ADJACENT_QUOTE,8aa42519a7d148bd527983edc53d4196280dc45ff79123d9c30e8e0bd3ed19a2,b1c9aa83cae6a112469f693a074c903a6d40a4ce0bc61ebd69638657545b5a94
718,717,中山大学肿瘤防治中心,刘盼盼,https://www.sysucc.org.cn/node/1504,1800,临床专家 面包屑 首页 / 临床科室 / 内科系列 / 内科 / 临床专家 刘盼盼 ,42,1758,0,42,START,SYSUCC_CLINICAL_EXPERT,刘盼盼,NO,NO,NO_ADJACENT_QUOTE,45904b80b3245fca6b3f695191a40f7d2e5c293bc9f328cba899126bed1a98aa,33990996f86246e34cf3342c08c7c2e10ea1ba32c118d2b4919db17f6b5eeb38
719,718,中山大学肿瘤防治中心,史艳侠,https://www.sysucc.org.cn/node/1477,1800,临床专家 面包屑 首页 / 临床科室 / 内科系列 / 内科 / 临床专家 史艳侠 ,42,1758,0,42,START,SYSUCC_CLINICAL_EXPERT,史艳侠,NO,NO,NO_ADJACENT_QUOTE,e1125b30f788b612357567caa882982d1ef9bd2f83cc9d6c63620ee804e0f174,5b78cad6e9224455a4b937a66f4a97527fa3f408be62c707262aa2f512f6cbe3
720,719,中山大学肿瘤防治中心,周华强,https://www.sysucc.org.cn/node/8018,1800,临床专家 面包屑 首页 / 临床科室 / 内科系列 / 内科 / 临床专家 周华强 ,42,1758,0,42,START,SYSUCC_CLINICAL_EXPERT,周华强,NO,NO,NO_ADJACENT_QUOTE,60ab3afbec948b63d208044b46d20af1fa0ed0cc6b2d9e1b450f8d48d7895889,a68e659d0bf0a107979216a7a7902d2e5dfce115c932cda9554a0cb8dab12d17
721,720,中山大学肿瘤防治中心,周婷,https://www.sysucc.org.cn/node/1520,306,临床专家 面包屑 首页 / 临床科室 / 内科系列 / 内科 / 临床专家 周婷 ,41,265,0,41,START,SYSUCC_CLINICAL_EXPERT,周婷,NO,NO,NO_ADJACENT_QUOTE,036e1a28c353da7ec4db78172db64a90a4a9ab67119cc1a8633a0b6a86f0e21c,32dff4f00588a43934ba34c5938f20a10248dd0a6d4d0c56af8c9bfaa0ec70c9
724,723,中山大学肿瘤防治中心,夏雯,https://www.sysucc.org.cn/node/1506,822,临床专家 面包屑 首页 / 临床科室 / 内科系列 / 内科 / 临床专家 夏雯 ,41,781,0,41,START,SYSUCC_CLINICAL_EXPERT,夏雯,NO,NO,NO_ADJACENT_QUOTE,c3de7979c252b7ae1e47632c3f08b948a33267118766cf9e0c8e5dbba037fe89,5ae243526b253071f6980713109f3e45eade868b5a965467c31c754ed9895227
725,724,中山大学肿瘤防治中心,孙鹏,https://www.sysucc.org.cn/node/1513,1643,临床专家 面包屑 首页 / 临床科室 / 内科系列 / 内科 / 临床专家 孙鹏 ,41,1602,0,41,START,SYSUCC_CLINICAL_EXPERT,孙鹏,NO,NO,NO_ADJACENT_QUOTE,0cfc0b9d7d204bb80d64b98826aa031e54cc9ddfc2d30cfd8d00f593e095c219,aaeabad9f5c112718b91152618b8b35ccd4afb230d8650eb71214fe8e93f8460
726,725,中山大学肿瘤防治中心,安欣,https://www.sysucc.org.cn/node/1503,830,临床专家 面包屑 首页 / 临床科室 / 内科系列 / 内科 / 临床专家 安欣 ,41,789,0,41,START,SYSUCC_CLINICAL_EXPERT,安欣,NO,NO,NO_ADJACENT_QUOTE,2776e1f3a5f3aa86172049615cbf4039ab4c03925093d4914a0eeff2fced4aa7,c07767cec021fd6ae65446237ebafc3491c83ed6e738ef42243a41caf5893472
728,727,中山大学肿瘤防治中心,张亚雄,https://www.sysucc.org.cn/node/1639,1006,临床专家 面包屑 首页 / 临床科室 / 内科系列 / 内科 / 临床专家 张亚雄 ,42,964,0,42,START,SYSUCC_CLINICAL_EXPERT,张亚雄,NO,NO,NO_ADJACENT_QUOTE,e08341833f4b3c50d79c59e0ed246686279992155d80bec01f5df4f53546a5fe,a1fe92442b6164c620fc4e18c35da287c15d75a244859da2c2123bfede58ce64
732,731,中山大学肿瘤防治中心,徐瑞华,https://www.sysucc.org.cn/node/1473,1800,临床专家 面包屑 首页 / 临床科室 / 内科系列 / 内科 / 临床专家 徐瑞华 ,42,1758,0,42,START,SYSUCC_CLINICAL_EXPERT,徐瑞华,NO,NO,NO_ADJACENT_QUOTE,69c5a8bc1039861e3f62e0e829fad34841e8f2313a113b1185918da335be8fd9,5f2422fdc66a86e8218aa5f7d4eee1da390b2b679cdecfd19fb33eced6fda5a1
733,732,中山大学肿瘤防治中心,徐菲,https://www.sysucc.org.cn/node/1496,543,临床专家 面包屑 首页 / 临床科室 / 内科系列 / 内科 / 临床专家 徐菲 ,41,502,0,41,START,SYSUCC_CLINICAL_EXPERT,徐菲,NO,NO,NO_ADJACENT_QUOTE,d69aecafad8e38bd6dbc1c59b81988454edcbc687dcc263da8f7fe3aabd870ed,02870c2dc4690ff2c76016eaa4f869c420b657c20110845fb6afa88b9f71eb44
734,733,中山大学肿瘤防治中心,方文峰,https://www.sysucc.org.cn/node/1489,1800,临床专家 面包屑 首页 / 临床科室 / 内科系列 / 内科 / 临床专家 方文峰 ,42,1758,0,42,START,SYSUCC_CLINICAL_EXPERT,方文峰,NO,NO,NO_ADJACENT_QUOTE,cc24de3caf84317970d7392b6cc61d4a8a9d18237e38906d66d44c42668df86c,7be5ee59fb262e58ede5b0c57b1be4b74c19dd42839327287a19b0b7a303501a
736,735,中山大学肿瘤防治中心,李志铭,https://www.sysucc.org.cn/node/1483,1800,临床专家 面包屑 首页 / 临床科室 / 内科系列 / 内科 / 临床专家 李志铭 ,42,1758,0,42,START,SYSUCC_CLINICAL_EXPERT,李志铭,NO,NO,NO_ADJACENT_QUOTE,355cc4b8d68c22ae4f8494acd314388034227c976f900dc38ef1d60efd0e508f,cd82c4f441842d65c50708900abd9e21ebdedc01b63069e89c836d815fa7313c
738,737,中山大学肿瘤防治中心,林桐榆,https://www.sysucc.org.cn/node/1487,871,临床专家 面包屑 首页 / 临床科室 / 内科系列 / 内科 / 临床专家 林桐榆 ,42,829,0,42,START,SYSUCC_CLINICAL_EXPERT,林桐榆,NO,NO,NO_ADJACENT_QUOTE,ff071db2a8d8d64e839a43ed0a36b4330482e30fd1c5c530b0442cef27258779,858843d992fd9ef1219c5ef4fdf2e8ed6c65655684302634210c899b80a93721
739,738,中山大学肿瘤防治中心,梁颖,https://www.sysucc.org.cn/node/1494,1182,临床专家 面包屑 首页 / 临床科室 / 内科系列 / 内科 / 临床专家 梁颖 ,41,1141,0,41,START,SYSUCC_CLINICAL_EXPERT,梁颖,NO,NO,NO_ADJACENT_QUOTE,0570196289db0575ad5aba6acf0ca053d0cf630aa7f57e8abc3f945e3ad7ac8d,55e0d260fcf8b8a4f688f7a88c0d459a7932c51709819be1acbce9af3c831f21
742,741,中山大学肿瘤防治中心,洪若熙,https://www.sysucc.org.cn/node/1508,539,临床专家 面包屑 首页 / 临床科室 / 内科系列 / 内科 / 临床专家 洪若熙 ,42,497,0,42,START,SYSUCC_CLINICAL_EXPERT,洪若熙,NO,NO,NO_ADJACENT_QUOTE,8033fcc07e2530d12b78ca4183041c20138dcec9ba7fdf3e746e1eb77255b104,cccf9fcc3d178969a65199503bd15c62625b3f61f0bf2c681bbd6fbaec356ae8
743,742,中山大学肿瘤防治中心,王宇,https://www.sysucc.org.cn/node/1516,1446,临床专家 面包屑 首页 / 临床科室 / 内科系列 / 内科 / 临床专家 王宇 ,41,1405,0,41,START,SYSUCC_CLINICAL_EXPERT,王宇,NO,NO,NO_ADJACENT_QUOTE,89f974b76a21a438a4263d1df7d15f8ad30b27b70775c66f9245475e36a18e54,5eaaebc27be6cc41bd73ca43a54f2e1a9ab2c2233291785d8088dfba87ad1f2e
744,743,中山大学肿瘤防治中心,王峰,https://www.sysucc.org.cn/node/1476,1800,临床专家 面包屑 首页 / 临床科室 / 内科系列 / 内科 / 临床专家 王峰 ,41,1759,0,41,START,SYSUCC_CLINICAL_EXPERT,王峰,NO,NO,NO_ADJACENT_QUOTE,0ca163249e14cde599cf0894b9a99ed13e57d28a0824c741b8b7a5104abd568b,f5b574e0ffc067bb6c315a6d038e07fa756310f4fc0b542af671a476a136b8d5
745,744,中山大学肿瘤防治中心,王德深 学历：中山大学临床医学博士,https://www.sysucc.org.cn/node/1505,1800,临床专家 面包屑 首页 / 临床科室 / 内科系列 / 内科 / 临床专家 王德深 ,42,1758,0,42,START,SYSUCC_CLINICAL_EXPERT,王德深,YES,NO,NO_ADJACENT_QUOTE,6848f8389b218a8576d865db654459c16a6049538b1f2c2dae7f062301ecbdac,b16c55dc7c22668559054ee0eeefaee20755552031b670b1f8143e2115517305
746,745,中山大学肿瘤防治中心,王志强,https://www.sysucc.org.cn/node/1498,623,临床专家 面包屑 首页 / 临床科室 / 内科系列 / 内科 / 临床专家 王志强 ,42,581,0,42,START,SYSUCC_CLINICAL_EXPERT,王志强,NO,NO,NO_ADJACENT_QUOTE,9d8337a63aec83a690ac8b6dfa0003c586ba07ab095fe00654d281af03a214bb,ecc3a47585d2400984fad9a265b2ca1999f5d5684d5a87f243be30f505001c74
749,748,中山大学肿瘤防治中心,王潇潇,https://www.sysucc.org.cn/node/1510,1030,临床专家 面包屑 首页 / 临床科室 / 内科系列 / 内科 / 临床专家 王潇潇 ,42,988,0,42,START,SYSUCC_CLINICAL_EXPERT,王潇潇,NO,NO,NO_ADJACENT_QUOTE,bf3640fa0e39d2912f11b9eb76a2c26e9d8c0f93d46855de549cfbc8e0be53d7,e537cee581afb0b20e72414960f6c6cb5e1f7f9e6ca09009926a19ad3fd8f1ae
750,749,中山大学肿瘤防治中心,王英男,https://www.sysucc.org.cn/node/10437,623,临床专家 面包屑 首页 / 临床科室 / 内科系列 / 内科 / 临床专家 王英男 ,42,581,0,42,START,SYSUCC_CLINICAL_EXPERT,王英男,NO,NO,NO_ADJACENT_QUOTE,3353ea8788f301f358e5c5d77d158f40b6ed3a780a58364d78f91761b14b7ad4,bba6a9dea259c8964f926e15d9f2b4f99215ff2a2587736bf4a9570aa9808f7a
751,750,中山大学肿瘤防治中心,王钊,https://www.sysucc.org.cn/node/8017,343,临床专家 面包屑 首页 / 临床科室 / 内科系列 / 内科 / 临床专家 王钊 ,41,302,0,41,START,SYSUCC_CLINICAL_EXPERT,王钊,NO,NO,NO_ADJACENT_QUOTE,c4a917ac74ceda620ecf75e99c65a6c4917c94aa1d88f20ea7be060cab858641,1bdfe546e2044066a9ea50eb7a2852b1701785bf5202967d74c2c6faffce474a
753,752,中山大学肿瘤防治中心,田小朋,https://www.sysucc.org.cn/node/1521,1146,临床专家 面包屑 首页 / 临床科室 / 内科系列 / 内科 / 临床专家 田小朋 ,42,1104,0,42,START,SYSUCC_CLINICAL_EXPERT,田小朋,NO,NO,NO_ADJACENT_QUOTE,05e306aa1d2baa3ae51aaccdb77eef725889e6d0b3d404654dd4da069f900cda,1266e31931c25f2f0c88d5c46581274c7ba85b9205d56e17307258b6965aac88
754,753,中山大学肿瘤防治中心,白冰,https://www.sysucc.org.cn/node/1518,129,临床专家 面包屑 首页 / 临床科室 / 内科系列 / 内科 / 临床专家 白冰 ,41,88,0,41,START,SYSUCC_CLINICAL_EXPERT,白冰,NO,NO,NO_ADJACENT_QUOTE,359e2a8a04c7669fc67190fd75a244d4df9816af42864ccdedf4893df15883ba,f8459993abbe0d3ab86f1fb640a5588e1300811b7ac72e44cb193c18a06f4f9f
755,754,中山大学肿瘤防治中心,聂蔓,https://www.sysucc.org.cn/node/1638,560,临床专家 面包屑 首页 / 临床科室 / 内科系列 / 内科 / 临床专家 聂蔓 ,41,519,0,41,START,SYSUCC_CLINICAL_EXPERT,聂蔓,NO,NO,NO_ADJACENT_QUOTE,95ab2159ed22b5a758cc2acdfa28faab689c807d28f76908ad9b7a33e2bec555,8fd074a19faa765a554097be9fa86e9b36a030a87ec31bcb8111dd1e28dc49b4
757,756,中山大学肿瘤防治中心,薛聪,https://www.sysucc.org.cn/node/1507,440,临床专家 面包屑 首页 / 临床科室 / 内科系列 / 内科 / 临床专家 薛聪 ,41,399,0,41,START,SYSUCC_CLINICAL_EXPERT,薛聪,NO,NO,NO_ADJACENT_QUOTE,6d7d535e4a645b627923e515f39ca761e9387b654383fb82080c15951ba31c72,1cc54218b22b652670e1594f4ca6f34bdafb3ff434e576e3e804c188dd4f5e43
759,758,中山大学肿瘤防治中心,赵媛媛,https://www.sysucc.org.cn/node/1499,1800,临床专家 面包屑 首页 / 临床科室 / 内科系列 / 内科 / 临床专家 赵媛媛 ,42,1758,0,42,START,SYSUCC_CLINICAL_EXPERT,赵媛媛,NO,NO,NO_ADJACENT_QUOTE,aff6765ccee970e5a2ac68f3929f95cc648dcfda8462ba561fc39e3494f2f3a8,1ca640f75e55a8bedfee44163ed066f18fcd0683035acc606977cb12224e8929
760,759,中山大学肿瘤防治中心,赵珅,https://www.sysucc.org.cn/node/1522,932,临床专家 面包屑 首页 / 临床科室 / 内科系列 / 内科 / 临床专家 赵珅 ,41,891,0,41,START,SYSUCC_CLINICAL_EXPERT,赵珅,NO,NO,NO_ADJACENT_QUOTE,4b5551c4e594ff41492b8c26a4b026dbc9449ee44d0b9baa0a933a102acadb34,9e1bf564f9e3d7b1ea0b5b4799a10b22da5bc9326ee34bd2ecaa963bbe7b577c
761,760,中山大学肿瘤防治中心,邱妙珍,https://www.sysucc.org.cn/node/1502,969,临床专家 面包屑 首页 / 临床科室 / 内科系列 / 内科 / 临床专家 邱妙珍 ,42,927,0,42,START,SYSUCC_CLINICAL_EXPERT,邱妙珍,NO,NO,NO_ADJACENT_QUOTE,dac2a3b833abb4b232ca6ac079e9526101b7c8774cf4b6da9f6834832d1f90be,7ed05b0cb586976e5fe13ec27b5ce9db765afcdde3037736413784872a4285eb
763,762,中山大学肿瘤防治中心,金颖,https://www.sysucc.org.cn/node/1514,108,临床专家 面包屑 首页 / 临床科室 / 内科系列 / 内科 / 临床专家 金颖 ,41,67,0,41,START,SYSUCC_CLINICAL_EXPERT,金颖,NO,NO,NO_ADJACENT_QUOTE,412efd626954c8199edc259662f34324bcf9fcc9c6bcef5ed958c3ab22a21259,96cde52a9e70ff33f4ab6058702a44d35184ed1cb70218f202d2e95edce0b911
764,763,中山大学肿瘤防治中心,陈丽昆,https://www.sysucc.org.cn/node/1480,1800,临床专家 面包屑 首页 / 临床科室 / 内科系列 / 内科 / 临床专家 陈丽昆 ,42,1758,0,42,START,SYSUCC_CLINICAL_EXPERT,陈丽昆,NO,NO,NO_ADJACENT_QUOTE,e4ee1cb46a4030a4e6eb0dd9703f17b2319eea34c0752b4786ebe7e06d65b6cf,be4d3550bc6ec14593c0f6c69e8b2dddc9bdd4b7fdf460fb82a5327fe8bfaffe
765,764,中山大学肿瘤防治中心,陈港,https://www.sysucc.org.cn/node/1633,436,临床专家 面包屑 首页 / 临床科室 / 内科系列 / 内科 / 临床专家 陈港 ,41,395,0,41,START,SYSUCC_CLINICAL_EXPERT,陈港,NO,NO,NO_ADJACENT_QUOTE,40287ad9862ba39119c94c2cbb90be1b4999efe6a0bee8e83904da4672075197,43c6d00ef9d664259da0435a15a1e20a9c434196f4452ad5ff0557a3d4493241
768,767,中山大学肿瘤防治中心,高岩,https://www.sysucc.org.cn/node/6442,62,临床专家 面包屑 首页 / 临床科室 / 内科系列 / 内科 / 临床专家 高岩 ,41,21,0,41,START,SYSUCC_CLINICAL_EXPERT,高岩,NO,NO,NO_ADJACENT_QUOTE,02cb463dc86fa62e12c508858fa80a04f245ddb4153521fe789d96b6fa8d2fe1,38d7c67fd123e3e7721506eac2e20b351590d6d51bcdc44e36c89805d70abf4a
769,768,中山大学肿瘤防治中心,魏小丽,https://www.sysucc.org.cn/node/1512,288,临床专家 面包屑 首页 / 临床科室 / 内科系列 / 内科 / 临床专家 魏小丽 ,42,246,0,42,START,SYSUCC_CLINICAL_EXPERT,魏小丽,NO,NO,NO_ADJACENT_QUOTE,40ca8bc5d7ac3fcb71bde08a9cbf504655831507c3f0b3cfb3a19b7f609d063d,6b0c47e587246234365aadafe539e4884fa5648f2682a53f368fe8cfd128eda1
770,769,中山大学肿瘤防治中心,黄嘉佳,https://www.sysucc.org.cn/node/1497,625,临床专家 面包屑 首页 / 临床科室 / 内科系列 / 内科 / 临床专家 黄嘉佳 ,42,583,0,42,START,SYSUCC_CLINICAL_EXPERT,黄嘉佳,NO,NO,NO_ADJACENT_QUOTE,20acc3030e8fdfc067d703de0428ea7128fac55e8cdb1f9edcddcf8beb44cab9,3d05f19d7d38067df293b9eead250cb657620201b073c9350989a7f59e09d568
771,770,中山大学肿瘤防治中心,黄岩,https://www.sysucc.org.cn/node/1486,480,临床专家 面包屑 首页 / 临床科室 / 内科系列 / 内科 / 临床专家 黄岩 ,41,439,0,41,START,SYSUCC_CLINICAL_EXPERT,黄岩,NO,NO,NO_ADJACENT_QUOTE,e6f5e4978b316f8ca2832c65db87acaf7b17492e715ac4bc6ea5ade6c4cf8527,265cb446ed14d96144b086c5a9470fae6c136da9e82cfef7e4234dccfed87e18
773,772,中山大学肿瘤防治中心,黄河,https://www.sysucc.org.cn/node/1493,628,临床专家 面包屑 首页 / 临床科室 / 内科系列 / 内科 / 临床专家 黄河 ,41,587,0,41,START,SYSUCC_CLINICAL_EXPERT,黄河,NO,NO,NO_ADJACENT_QUOTE,53ba69eafdafc3c6ec997e8cb7febd5069746d5295d270f29cd67c863acb7433,434431e13f3a06e01a28120cacf550fcdecc0517efc320d8d0da56035ec7e025
774,773,中山大学肿瘤防治中心,单宏波,https://www.sysucc.org.cn/node/3908,134,临床专家 面包屑 首页 / 临床科室 / 平台科室 / 内镜科 / 临床专家 单宏波 ,43,91,0,43,START,SYSUCC_CLINICAL_EXPERT,单宏波,NO,NO,NO_ADJACENT_QUOTE,4beca3ee41412c50d3f6abec6850e01d4b56b31326fbb68fd302f9ccbe577ce0,6b797fc6cf4d6a4ba9b117f52881eddb1e553c0fb8b862fca13002ba3fe0a744
775,774,中山大学肿瘤防治中心,张蓉,https://www.sysucc.org.cn/node/3907,1059,临床专家 面包屑 首页 / 临床科室 / 平台科室 / 内镜科 / 临床专家 张蓉 ,42,1017,0,42,START,SYSUCC_CLINICAL_EXPERT,张蓉,NO,NO,NO_ADJACENT_QUOTE,d7b3a0cc4ff205f5ffdada9a9cd04953621ab0544e0d148f35257f507e8f99fd,89b568850026191d66752a02a52f3c968d970105d8496359acb193a08d4d350b
776,775,中山大学肿瘤防治中心,徐国良,https://www.sysucc.org.cn/node/3905,1800,临床专家 面包屑 首页 / 临床科室 / 平台科室 / 内镜科 / 临床专家 徐国良 ,43,1757,0,43,START,SYSUCC_CLINICAL_EXPERT,徐国良,NO,NO,NO_ADJACENT_QUOTE,5021d4ed88ac057d4d380a52f775c1a9d1119443cf6c86d5a9c45c6fa3103f20,14906fc4d31e7824e1605485ebdb0110d5d62d832fbeae192fe9f2777256dc6e
777,776,中山大学肿瘤防治中心,李茵,https://www.sysucc.org.cn/node/3911,78,临床专家 面包屑 首页 / 临床科室 / 平台科室 / 内镜科 / 临床专家 李茵 ,42,36,0,42,START,SYSUCC_CLINICAL_EXPERT,李茵,NO,NO,NO_ADJACENT_QUOTE,4dbe7aa5af596fce3c9225fbd8383d9a73ea221fa0642f3cc46007a34dfdfb1f,1e3010aae2444cb830229158087562743c85edad1755ebfa3ba65957da8a83a0
778,777,中山大学肿瘤防治中心,林世永,https://www.sysucc.org.cn/node/3915,109,临床专家 面包屑 首页 / 临床科室 / 平台科室 / 内镜科 / 临床专家 林世永 ,43,66,0,43,START,SYSUCC_CLINICAL_EXPERT,林世永,NO,NO,NO_ADJACENT_QUOTE,b2f393f85aad38598e35286b199de63b39c9ead2cdb14a060faeebafc9597564,920d595b541c552cff17a66dc5f43606b4199970ae81ca0c3d3ab8ab84087c65
779,778,中山大学肿瘤防治中心,王国宝,https://www.sysucc.org.cn/node/3912,99,临床专家 面包屑 首页 / 临床科室 / 平台科室 / 内镜科 / 临床专家 王国宝 ,43,56,0,43,START,SYSUCC_CLINICAL_EXPERT,王国宝,NO,NO,NO_ADJACENT_QUOTE,9acf88d953a55b71f58deeb2484953b0df1f08ebece15ba8c6afe4a12f41f241,df07282b83c7be7ecfe0f0cb07ce988cd0e6b4a4ad42f9cc785b33f89dd8f2b0
780,779,中山大学肿瘤防治中心,白坤昊,https://www.sysucc.org.cn/node/3921,800,临床专家 面包屑 首页 / 临床科室 / 平台科室 / 内镜科 / 临床专家 白坤昊 ,43,757,0,43,START,SYSUCC_CLINICAL_EXPERT,白坤昊,NO,NO,NO_ADJACENT_QUOTE,c6d6240eadd86a43b023bdc3ee5380245c6a731acdadd831d3b1cff8054cd4c6,50bd81db7e454a2fb8c11b72648b81f3755825c9d4eb02894e52410bdcf609bb
781,780,中山大学肿瘤防治中心,罗广裕,https://www.sysucc.org.cn/node/3909,1800,临床专家 面包屑 首页 / 临床科室 / 平台科室 / 内镜科 / 临床专家 罗广裕 ,43,1757,0,43,START,SYSUCC_CLINICAL_EXPERT,罗广裕,NO,NO,NO_ADJACENT_QUOTE,cc7bd80ff649d0c8bd25ba9e5d89dfb7c4612e62b57fb0f53cef639cd5f0c440,746cd13433b3b7f975da8e9b3f11e688e2288af27f53a1af211e629f77418caa
782,781,中山大学肿瘤防治中心,贺龙君,https://www.sysucc.org.cn/node/3914,765,临床专家 面包屑 首页 / 临床科室 / 平台科室 / 内镜科 / 临床专家 贺龙君 ,43,722,0,43,START,SYSUCC_CLINICAL_EXPERT,贺龙君,NO,NO,NO_ADJACENT_QUOTE,21108b97c45a2c4f19c6b41de1d618e40374f674883faf63c6b8f7658870d8df,88833d646ee30154fbaf0a101b06a5fa5a1cffb931ad7efc5ced2308261d6950
783,782,中山大学肿瘤防治中心,高晓燕,https://www.sysucc.org.cn/node/3910,68,临床专家 面包屑 首页 / 临床科室 / 平台科室 / 内镜科 / 临床专家 高晓燕 ,43,25,0,43,START,SYSUCC_CLINICAL_EXPERT,高晓燕,NO,NO,NO_ADJACENT_QUOTE,4144200536fef12ecf21f92110ffec30d9d08fae13b5ddaff88af13a3659d504,3f81879c14076796f13cb003b8886ebcd22e677a71cd06e44037cf70a9b8c425
784,783,中山大学肿瘤防治中心,黄春雨,https://www.sysucc.org.cn/node/3913,1800,临床专家 面包屑 首页 / 临床科室 / 平台科室 / 内镜科 / 临床专家 黄春雨 ,43,1757,0,43,START,SYSUCC_CLINICAL_EXPERT,黄春雨,NO,NO,NO_ADJACENT_QUOTE,7cdcd9a534cdf8f67ab0417a209e4042de30f9677f77c8af2116dfd05612af0e,978ad0857c5a8e0cc77edf641f79d50587a8b878cd1c21acae7ba3efb5779fe0
785,784,中山大学肿瘤防治中心,黎建军,https://www.sysucc.org.cn/node/3906,1800,临床专家 面包屑 首页 / 临床科室 / 平台科室 / 内镜科 / 临床专家 黎建军 ,43,1757,0,43,START,SYSUCC_CLINICAL_EXPERT,黎建军,NO,NO,NO_ADJACENT_QUOTE,bcb955a04d56403a3d714aa0ef427486e987308ea9df620348bc278e99334bca,1c2835e55c65bb3f53822313261e0505bb793f210f6eb93436c33e9f565ef787
786,785,中山大学肿瘤防治中心,刘学奎,https://www.sysucc.org.cn/node/3598,1800,临床专家 面包屑 首页 / 临床科室 / 外科系列 / 头颈科 / 临床专家 刘学奎 ,43,1757,0,43,START,SYSUCC_CLINICAL_EXPERT,刘学奎,NO,NO,NO_ADJACENT_QUOTE,8811abeb846cd74c1f24a5fff5607e6f852ca0f90cbe7df81d32474e00319b03,ec4db80e85e4041d2e6d5a93379a13fec3fdc21714eec2ba5a28b0aa60604250
787,786,中山大学肿瘤防治中心,刘巍巍,https://www.sysucc.org.cn/node/3601,1800,临床专家 面包屑 首页 / 临床科室 / 外科系列 / 头颈科 / 临床专家 刘巍巍 ,43,1757,0,43,START,SYSUCC_CLINICAL_EXPERT,刘巍巍,NO,NO,NO_ADJACENT_QUOTE,f3e325ca0d1cd345418007a5a626400eef63678f04d9b8764235cf5f1107299f,ea420d27a67c903be2b999ae6296a0f3a3447505996eaef5b28cd2b20b45cde8
788,787,中山大学肿瘤防治中心,吴桐,https://www.sysucc.org.cn/node/10098,417,临床专家 面包屑 首页 / 临床科室 / 外科系列 / 头颈科 / 临床专家 吴桐 ,42,375,0,42,START,SYSUCC_CLINICAL_EXPERT,吴桐,NO,NO,NO_ADJACENT_QUOTE,8dc1a1f6af3740a60b8f931105fcd6a3aeaf1e74fe5b232908b68d0444619c17,cb84ef2afea0e3a21ccdab34f8cb4554410b13884076520425588610cfcdb6b6
789,788,中山大学肿瘤防治中心,吴迪,https://www.sysucc.org.cn/node/8172,484,临床专家 面包屑 首页 / 临床科室 / 外科系列 / 头颈科 / 临床专家 吴迪 ,42,442,0,42,START,SYSUCC_CLINICAL_EXPERT,吴迪,NO,NO,NO_ADJACENT_QUOTE,dd1367c8ee1237c6f1b061346c35cb693c175d11699c03039fa6c07a209406ea,70e1493bfc7fd96b1b860658959536596482545999e672ed29aeef4f46277963
790,789,中山大学肿瘤防治中心,宋明,https://www.sysucc.org.cn/node/3596,1800,临床专家 面包屑 首页 / 临床科室 / 外科系列 / 头颈科 / 临床专家 宋明 ,42,1758,0,42,START,SYSUCC_CLINICAL_EXPERT,宋明,NO,NO,NO_ADJACENT_QUOTE,53a1fc9af41e2a1b07b1ddd2c34a29423df752da1481c3b74c28dc2740e732a7,a2ec67b8768495446b8721cc84e1ef143e30e325e4c2ca71a1a168e742df1851
791,790,中山大学肿瘤防治中心,张诠,https://www.sysucc.org.cn/node/3595,1800,临床专家 面包屑 首页 / 临床科室 / 外科系列 / 头颈科 / 临床专家 张诠 ,42,1758,0,42,START,SYSUCC_CLINICAL_EXPERT,张诠,NO,NO,NO_ADJACENT_QUOTE,c9fa4a025c2cb5db09716bbbf5c1d1af874acdd2508475d6219e6e88fb2c62c6,41b94ef04acaf535a08ad60b7ccb9b92503f156506ea8d5776a6d083b4f807e6
792,791,中山大学肿瘤防治中心,李秋梨,https://www.sysucc.org.cn/node/3604,1800,临床专家 面包屑 首页 / 临床科室 / 外科系列 / 头颈科 / 临床专家 李秋梨 ,43,1757,0,43,START,SYSUCC_CLINICAL_EXPERT,李秋梨,NO,NO,NO_ADJACENT_QUOTE,05eb141bd176ecb79b540b5bcae3745982e5df7cbf8a0985c56181510b645f34,0f202e0b383a09ff0a6b29a954b6584eaa30e344f6eb8ca8dfdd09aebcaab207
793,792,中山大学肿瘤防治中心,欧阳电,https://www.sysucc.org.cn/node/3603,1800,临床专家 面包屑 首页 / 临床科室 / 外科系列 / 头颈科 / 临床专家 欧阳电 ,43,1757,0,43,START,SYSUCC_CLINICAL_EXPERT,欧阳电,NO,NO,NO_ADJACENT_QUOTE,42c8fad98806f01685a5b9acf2da273a106bd3f2092d24e5edacd89b6778bd6e,5f2fd93bd37097cdec4cb6b2f7381ac152dfb26eec751c2459f855a03e826f60
794,793,中山大学肿瘤防治中心,苏旋,https://www.sysucc.org.cn/node/3606,684,临床专家 面包屑 首页 / 临床科室 / 外科系列 / 头颈科 / 临床专家 苏旋 ,42,642,0,42,START,SYSUCC_CLINICAL_EXPERT,苏旋,NO,NO,NO_ADJACENT_QUOTE,7a27b401a67706e15a90da9ee6437b7399ca8b463eea4d5613e256092b83b372,bb0ad485882f2c99d34d00348200ac13340ec111a73dfbb9cf2237b7863d7e7c
795,794,中山大学肿瘤防治中心,陈伟超,https://www.sysucc.org.cn/node/6447,527,临床专家 面包屑 首页 / 临床科室 / 外科系列 / 头颈科 / 临床专家 陈伟超 ,43,484,0,43,START,SYSUCC_CLINICAL_EXPERT,陈伟超,NO,NO,NO_ADJACENT_QUOTE,0053b1e894220895bc8bbf2bf2d1f545d72326cd0b9c9ee43fe7d22f239aedb0,6e7b8aa2b7158e2736f4b1459bfbd6e46946ae6f5eeed08995ae010c4ee9cd94
796,795,中山大学肿瘤防治中心,陈文宽,https://www.sysucc.org.cn/node/3600,549,临床专家 面包屑 首页 / 临床科室 / 外科系列 / 头颈科 / 临床专家 陈文宽 ,43,506,0,43,START,SYSUCC_CLINICAL_EXPERT,陈文宽,NO,NO,NO_ADJACENT_QUOTE,4c9e438395d167e90b210d330ed03be9dbe615ec326c3613e040bf6335c584ed,7542e7a8fbf715f953fc7ed9ff85ec1cccd70e15a3a004f3014f0bfb9f775f63
797,796,中山大学肿瘤防治中心,陈树伟,https://www.sysucc.org.cn/node/3605,968,临床专家 面包屑 首页 / 临床科室 / 外科系列 / 头颈科 / 临床专家 陈树伟 ,43,925,0,43,START,SYSUCC_CLINICAL_EXPERT,陈树伟,NO,NO,NO_ADJACENT_QUOTE,e9e449ab3f940d691238ff7464e8eb8f571e21fe81a9af38b43eb07b27ea4ed4,cdb594e1d030671ebf427882c76fc5bfc6321c95c3017c367b8dbd0e40aaa0da
798,797,中山大学肿瘤防治中心,陈艳峰,https://www.sysucc.org.cn/node/3602,620,临床专家 面包屑 首页 / 临床科室 / 外科系列 / 头颈科 / 临床专家 陈艳峰 ,43,577,0,43,START,SYSUCC_CLINICAL_EXPERT,陈艳峰,NO,NO,NO_ADJACENT_QUOTE,6282e59359770b0d4ec8f95110b00475a410fe6f027b39a9675bbd19ee6118c0,491e856d901f1aae5d67d15e16950455c42cd324d94d3a3630324832256434f9
799,798,中山大学肿瘤防治中心,杨安奎,https://www.sysucc.org.cn/node/3594,1800,临床专家 面包屑 首页 / 临床科室 / 外科系列 / 头颈科 / 临床专家 杨安奎 ,43,1757,0,43,START,SYSUCC_CLINICAL_EXPERT,杨安奎,NO,NO,NO_ADJACENT_QUOTE,d8aa74ee0833902f3a6b5f284450311256419c8401047d6b6e6c66d4e9e03019,464089e5ca2b3be0748993ff431aa6cbe1a36d78d20ddbd5664cb412cb5b73b1
800,799,中山大学肿瘤防治中心,郭朱明,https://www.sysucc.org.cn/node/3597,1800,临床专家 面包屑 首页 / 临床科室 / 外科系列 / 头颈科 / 临床专家 郭朱明 ,43,1757,0,43,START,SYSUCC_CLINICAL_EXPERT,郭朱明,NO,NO,NO_ADJACENT_QUOTE,25cf3a76f211dbc62973aefe8ebc5a9cc3f9ab1d2570200a11e7199c8cbed47f,5afa1e35832abe7c956820ba702175f0efc0332b0099f0861ad60fde0bf2da28
802,801,中山大学肿瘤防治中心,冯艳玲,https://www.sysucc.org.cn/node/3702,752,临床专家 面包屑 首页 / 临床科室 / 外科系列 / 妇科 / 临床专家 冯艳玲 ,42,710,0,42,START,SYSUCC_CLINICAL_EXPERT,冯艳玲,NO,NO,NO_ADJACENT_QUOTE,62d0920a5784312e95b863499c84e88e958ee50b37c62c7722065afcb1d0336b,7d07ee260970bcd739fa4a33193cfc1db386ea4ad5be619ad6698d046f5bb945
803,802,中山大学肿瘤防治中心,刘国臣,https://www.sysucc.org.cn/node/6445,70,临床专家 面包屑 首页 / 临床科室 / 外科系列 / 妇科 / 临床专家 刘国臣 ,42,28,0,42,START,SYSUCC_CLINICAL_EXPERT,刘国臣,NO,NO,NO_ADJACENT_QUOTE,0fd0b66e97a33655f4e8bcfd62829c0161d84b75abc6a0f715609048f475b7bf,f38d372620d9598680f431c5c06cb41d0b41aabe85993db1a697d0b74f45d724
804,803,中山大学肿瘤防治中心,刘继红,https://www.sysucc.org.cn/node/3691,1800,临床专家 面包屑 首页 / 临床科室 / 外科系列 / 妇科 / 临床专家 刘继红 ,42,1758,0,42,START,SYSUCC_CLINICAL_EXPERT,刘继红,NO,NO,NO_ADJACENT_QUOTE,e5cdea8351bb555e13fa20d85d596f57738173850d4d8fdbc1448bcc9328e56c,f46812e7d7c23eca83a704a9737d70f894bf44a44c8cef0401298a469e66ecf4
805,804,中山大学肿瘤防治中心,周云,https://www.sysucc.org.cn/node/7358,85,临床专家 面包屑 首页 / 临床科室 / 外科系列 / 妇科 / 临床专家 周云 ,41,44,0,41,START,SYSUCC_CLINICAL_EXPERT,周云,NO,NO,NO_ADJACENT_QUOTE,11bd4de83023f7ef5ff6ec21771853dce42b0cb328761e5b01c5fcfc98cef348,98d3291f30f04386b5b749d8262f99370d2b92cfc6427f41e10be10c3000ba15
806,805,中山大学肿瘤防治中心,夏小燕,https://www.sysucc.org.cn/node/3701,67,临床专家 面包屑 首页 / 临床科室 / 外科系列 / 妇科 / 临床专家 夏小燕 ,42,25,0,42,START,SYSUCC_CLINICAL_EXPERT,夏小燕,NO,NO,NO_ADJACENT_QUOTE,ee3db4c16e4afe06cb37efef1879d20e3194b8e03ceeded906a4412f600aa514,3f81879c14076796f13cb003b8886ebcd22e677a71cd06e44037cf70a9b8c425
807,806,中山大学肿瘤防治中心,孟一帆,https://www.sysucc.org.cn/node/10125,349,临床专家 面包屑 首页 / 临床科室 / 外科系列 / 妇科 / 临床专家 孟一帆 ,42,307,0,42,START,SYSUCC_CLINICAL_EXPERT,孟一帆,NO,NO,NO_ADJACENT_QUOTE,97bb368c92dd0251f0662f1a8200e369041938fdafbc9c8f20b331ddc78024e6,542aac07b7f94351225bd50a2207f3f2054c3eee97d9551ba12fcf09f299db86
808,807,中山大学肿瘤防治中心,张彦娜,https://www.sysucc.org.cn/node/3695,720,临床专家 面包屑 首页 / 临床科室 / 外科系列 / 妇科 / 临床专家 张彦娜 ,42,678,0,42,START,SYSUCC_CLINICAL_EXPERT,张彦娜,NO,NO,NO_ADJACENT_QUOTE,9e81705a6c30c9e996216eb5a05807b92f610bfd155ca74b53cf4fed33f58d7b,b84121b2522c2ce6b99e0397829194ae4977c13695253ca847f441f55432acf5
810,809,中山大学肿瘤防治中心,李艳芳,https://www.sysucc.org.cn/node/3693,1800,临床专家 面包屑 首页 / 临床科室 / 外科系列 / 妇科 / 临床专家 李艳芳 ,42,1758,0,42,START,SYSUCC_CLINICAL_EXPERT,李艳芳,NO,NO,NO_ADJACENT_QUOTE,d230f97ef465f78f520438b4d48a38debb9ab51c1fe2a50a2acd0b08b91edb30,da3e9541b64d68675058f77332cc1b51a2da4f743b03c169152785f98ce64121
811,810,中山大学肿瘤防治中心,杨帆,https://www.sysucc.org.cn/node/6901,356,临床专家 面包屑 首页 / 临床科室 / 外科系列 / 妇科 / 临床专家 杨帆 ,41,315,0,41,START,SYSUCC_CLINICAL_EXPERT,杨帆,NO,NO,NO_ADJACENT_QUOTE,3c696840711f5352a0abab40d0df457fccda12f980c9ceb5ad0847020416af38,95ead5fb44efce38278a19ef0b98835980c7acf9620784876d8443e823a6da2c
812,811,中山大学肿瘤防治中心,涂画,https://www.sysucc.org.cn/node/3703,1486,临床专家 面包屑 首页 / 临床科室 / 外科系列 / 妇科 / 临床专家 涂画 ,41,1445,0,41,START,SYSUCC_CLINICAL_EXPERT,涂画,NO,NO,NO_ADJACENT_QUOTE,1687ccab8ee32d2eda6f377fa2daf68c607a7185e1ef730604dd682a9d59b361,e11dbb4a41a7b86fa5517c55953e58f16288d654f68bf5ad85b13812f219da3c
813,812,中山大学肿瘤防治中心,熊樱,https://www.sysucc.org.cn/node/3696,1800,临床专家 面包屑 首页 / 临床科室 / 外科系列 / 妇科 / 临床专家 熊樱 ,41,1759,0,41,START,SYSUCC_CLINICAL_EXPERT,熊樱,NO,NO,NO_ADJACENT_QUOTE,4d398c660b456e317c50f62f19a7784b5310559021b2811fc283f9e3b524b7be,a5942963c9e54b8e9032df46e54b8f6d8ab935a0c19463a8526362d2c162ac80
814,813,中山大学肿瘤防治中心,王寅,https://www.sysucc.org.cn/node/6900,241,临床专家 面包屑 首页 / 临床科室 / 外科系列 / 妇科 / 临床专家 王寅 ,41,200,0,41,START,SYSUCC_CLINICAL_EXPERT,王寅,NO,NO,NO_ADJACENT_QUOTE,4b967e4c0bf9f0f7380c1c5211596b179460214018dadcca5247aa47a3712025,862fd9e6f3a5346ed5b6291e4aea351b16c3857053e02151ebb860e4a6f9ecd6
815,814,中山大学肿瘤防治中心,蓝春燕,https://www.sysucc.org.cn/node/3698,1705,临床专家 面包屑 首页 / 临床科室 / 外科系列 / 妇科 / 临床专家 蓝春燕 ,42,1663,0,42,START,SYSUCC_CLINICAL_EXPERT,蓝春燕,NO,NO,NO_ADJACENT_QUOTE,d86e099eb26e3d2a9dd08fe92ac448fbd6d169a3711711946edb4309be234907,6827950893f293803a79051f0e9ab5cc7e543ae54881c96cd47438d730763b8e
816,815,中山大学肿瘤防治中心,蔡光瑶,https://www.sysucc.org.cn/node/11090,703,临床专家 面包屑 首页 / 临床科室 / 外科系列 / 妇科 / 临床专家 蔡光瑶 ,42,661,0,42,START,SYSUCC_CLINICAL_EXPERT,蔡光瑶,NO,NO,NO_ADJACENT_QUOTE,758caae95da6e1419e0272ec1997b5a553b1c65937060d3913f6528ed9e144fe,a90c3088564c9c0223d821e2e6e7d66016ea717fcc3f489a2c906c738dd44550
817,816,中山大学肿瘤防治中心,郑敏,https://www.sysucc.org.cn/node/3694,1800,临床专家 面包屑 首页 / 临床科室 / 外科系列 / 妇科 / 临床专家 郑敏 ,41,1759,0,41,START,SYSUCC_CLINICAL_EXPERT,郑敏,NO,NO,NO_ADJACENT_QUOTE,7a00a0ac9cfd0e6e0c4e1b53c51b82ccbb24c707cb757ad194c9105798a8c68c,c4813678958e9cadb6c14ca632b75df4ff7df324dfadaa545733b3f775464aa0
818,817,中山大学肿瘤防治中心,顾海风,https://www.sysucc.org.cn/node/3705,1800,临床专家 面包屑 首页 / 临床科室 / 外科系列 / 妇科 / 临床专家 顾海风 ,42,1758,0,42,START,SYSUCC_CLINICAL_EXPERT,顾海风,NO,NO,NO_ADJACENT_QUOTE,8087a1b17ff4a35ef807f9e736199a02182ee1cfc4408356456108fead146686,14539cfeb08793af68d08fbb07bb80c4f3393bd258116d4191aa1fcbc5100cd3
819,818,中山大学肿瘤防治中心,魏薇,https://www.sysucc.org.cn/node/8001,446,临床专家 面包屑 首页 / 临床科室 / 外科系列 / 妇科 / 临床专家 魏薇 ,41,405,0,41,START,SYSUCC_CLINICAL_EXPERT,魏薇,NO,NO,NO_ADJACENT_QUOTE,dc42da466ff544623390dafec879e4b76823b3d337b8d6f4a58ec03f1672ba0c,2fa6cbd98fbbb77795e5fd8aaffe6a150553ee0672aa7291fc30866241f25318
820,819,中山大学肿瘤防治中心,黄欣,https://www.sysucc.org.cn/node/3697,1003,临床专家 面包屑 首页 / 临床科室 / 外科系列 / 妇科 / 临床专家 黄欣 ,41,962,0,41,START,SYSUCC_CLINICAL_EXPERT,黄欣,NO,NO,NO_ADJACENT_QUOTE,91d65ef94a62b4043b010af96fe967c6591f4e2060c043fa2fe7a9225b701c35,18b8ad2da7694d190a1650ae4db9bdcd2db3964184ba1e61d8948027ff6b4c8c
821,820,中山大学肿瘤防治中心,黄永文,https://www.sysucc.org.cn/node/3700,1800,临床专家 面包屑 首页 / 临床科室 / 外科系列 / 妇科 / 临床专家 黄永文 ,42,1758,0,42,START,SYSUCC_CLINICAL_EXPERT,黄永文,NO,NO,NO_ADJACENT_QUOTE,f8034e9e1f944cbd85a7f01114212606f36128702fc4c00601d12ae9c8812f87,2d68c44bcb9f39e163ee6fb5e002c994bff31e6575c066a5523291bf20c17614
822,821,中山大学肿瘤防治中心,黄鹤,https://www.sysucc.org.cn/node/3699,268,临床专家 面包屑 首页 / 临床科室 / 外科系列 / 妇科 / 临床专家 黄鹤 ,41,227,0,41,START,SYSUCC_CLINICAL_EXPERT,黄鹤,NO,NO,NO_ADJACENT_QUOTE,fdd7326f14f2525b8ea2434927dee1a54278b174fc23f80f04c4f216ff5dc735,26edc24b0e1924a77a7419b984297f63bd2052ec29fdd3db3a50515bc74271f9
823,822,中山大学肿瘤防治中心,廖振尔,https://www.sysucc.org.cn/node/3941,714,临床专家 面包屑 首页 / 临床科室 / 平台科室 / 防癌体检健康管理中心 / 临床专家 廖振尔 ,50,664,0,50,START,SYSUCC_CLINICAL_EXPERT,廖振尔,NO,NO,NO_ADJACENT_QUOTE,9e210cfea00edb46c574c5174a225b736bbe3b10fd20dab7b0c897bb5adcd578,cc1cfafc0eb9b7b3424717658773f89a500f64327a72a49915fd89b332a7a747
824,823,中山大学肿瘤防治中心,伍尧泮,https://www.sysucc.org.cn/node/3838,574,临床专家 面包屑 首页 / 临床科室 / 平台科室 / 影像科 / 临床专家 伍尧泮 ,43,531,0,43,START,SYSUCC_CLINICAL_EXPERT,伍尧泮,NO,NO,NO_ADJACENT_QUOTE,08b037831255521299868d580cbd14bbfbb3ebece2fb3ce9e865bf1a6437fa62,d6fb882ce1a3b1b3b211fe4737f304dce81bfbcb35b6fc531bba95095069e4c3
825,824,中山大学肿瘤防治中心,何妮,https://www.sysucc.org.cn/node/3853,55,临床专家 面包屑 首页 / 临床科室 / 平台科室 / 影像科 / 临床专家 何妮 ,42,13,0,42,START,SYSUCC_CLINICAL_EXPERT,何妮,NO,NO,NO_ADJACENT_QUOTE,23dd71aa96e5e751888b175def0371966abfabd770bcf46a427183940459b262,d99ff5eeb7c8c9b1d98d78f53ae6c095ee0b2e4c2fc4a528a46e896048210a37
826,825,中山大学肿瘤防治中心,刘立志,https://www.sysucc.org.cn/node/3841,1800,临床专家 面包屑 首页 / 临床科室 / 平台科室 / 影像科 / 临床专家 刘立志 ,43,1757,0,43,START,SYSUCC_CLINICAL_EXPERT,刘立志,NO,NO,NO_ADJACENT_QUOTE,6faafa527f51c2f89abd62023ca5531fe081a00c14e490120dc48d58aa1970fe,458c06f2d6220e3be7f2cc1137e1ea69bdc77528cb134920b7990fdef7886fe9
827,826,中山大学肿瘤防治中心,卓水清,https://www.sysucc.org.cn/node/3852,1800,临床专家 面包屑 首页 / 临床科室 / 平台科室 / 影像科 / 临床专家 卓水清 ,43,1757,0,43,START,SYSUCC_CLINICAL_EXPERT,卓水清,NO,NO,NO_ADJACENT_QUOTE,59d4da316561d87c16e5be0fdd63dbe6a49287b806b869be461c376aa1f78a43,9d1b4afa726d9db7375151f41957b43c02a0234303b796dd1d5ece4e9d52bb76
828,827,中山大学肿瘤防治中心,吕晓飞,https://www.sysucc.org.cn/node/3848,1800,临床专家 面包屑 首页 / 临床科室 / 平台科室 / 影像科 / 临床专家 吕晓飞 ,43,1757,0,43,START,SYSUCC_CLINICAL_EXPERT,吕晓飞,NO,NO,NO_ADJACENT_QUOTE,b506994f3dc6f2ba155231632e9e957eb57a5d0ed545e0f3473dc2a71c9c9948,8352ff3ff372e9592df46e88a2b08fb474e77a50f006f2d3b22ecacc64d16313
829,828,中山大学肿瘤防治中心,张卫东,https://www.sysucc.org.cn/node/3842,1800,临床专家 面包屑 首页 / 临床科室 / 平台科室 / 影像科 / 临床专家 张卫东 ,43,1757,0,43,START,SYSUCC_CLINICAL_EXPERT,张卫东,NO,NO,NO_ADJACENT_QUOTE,1bb8be6d76df7e462edd5295a00d908d4b2d00cda3fa0409ed341778941c9336,660d44752e8d7f1fbff623448216e34127ba9b1cfb6bf776e4cecab6297fa887
830,829,中山大学肿瘤防治中心,张嵘,https://www.sysucc.org.cn/node/3837,1800,临床专家 面包屑 首页 / 临床科室 / 平台科室 / 影像科 / 临床专家 张嵘 ,42,1758,0,42,START,SYSUCC_CLINICAL_EXPERT,张嵘,NO,NO,NO_ADJACENT_QUOTE,0bb1e1954c17f54c4230fa6068991cceb07440c6662f2f99f7c19d4791f569ee,d943f051a52436a96c52bbca8a87e59346a4e34a2a951fbd7fd7407de3b39c96
831,830,中山大学肿瘤防治中心,李琼,https://www.sysucc.org.cn/node/3854,55,临床专家 面包屑 首页 / 临床科室 / 平台科室 / 影像科 / 临床专家 李琼 ,42,13,0,42,START,SYSUCC_CLINICAL_EXPERT,李琼,NO,NO,NO_ADJACENT_QUOTE,c732fb75e75a808bb9cd2abefaee94024b1663ca367785016bada26c2e2ed775,d99ff5eeb7c8c9b1d98d78f53ae6c095ee0b2e4c2fc4a528a46e896048210a37
832,831,中山大学肿瘤防治中心,李立,https://www.sysucc.org.cn/node/3840,1800,临床专家 面包屑 首页 / 临床科室 / 平台科室 / 影像科 / 临床专家 李立 ,42,1758,0,42,START,SYSUCC_CLINICAL_EXPERT,李立,NO,NO,NO_ADJACENT_QUOTE,57cfec1a3c806548bc33983ae6f4fe7ff94e97d022f9dfea201feed722762fb2,f1a1470a8b43203cc8003dea1c4af35d8656f6a7ffb0ec7b8c92ff669859abee
833,832,中山大学肿瘤防治中心,李贻卓,https://www.sysucc.org.cn/node/3846,850,临床专家 面包屑 首页 / 临床科室 / 平台科室 / 影像科 / 临床专家 李贻卓 ,43,807,0,43,START,SYSUCC_CLINICAL_EXPERT,李贻卓,NO,NO,NO_ADJACENT_QUOTE,932d26c71676398959c95d6cc85b6b46a469bd549e4aeab6674f4db9911c309b,2effa1b522498dcf6a94836e0ba80920f52bc0e74ec6d7e56c7f3176ecdd92fc
834,833,中山大学肿瘤防治中心,沈静娴,https://www.sysucc.org.cn/node/3843,1560,临床专家 面包屑 首页 / 临床科室 / 平台科室 / 影像科 / 临床专家 沈静娴 ,43,1517,0,43,START,SYSUCC_CLINICAL_EXPERT,沈静娴,NO,NO,NO_ADJACENT_QUOTE,048bbe85d6b47f17a5e4fe09d62a52fbf4b07f0263176a23d5698c7f47a548a8,8bbfdbfb38dc5e85005b6c84267961fd4cceb87b1a4e62f97b34719e61c41c75
835,834,中山大学肿瘤防治中心,田丽,https://www.sysucc.org.cn/node/3851,467,临床专家 面包屑 首页 / 临床科室 / 平台科室 / 影像科 / 临床专家 田丽 ,42,425,0,42,START,SYSUCC_CLINICAL_EXPERT,田丽,NO,NO,NO_ADJACENT_QUOTE,0d585fa6cca655f46a8a0a6d982ee5e14c40de906d6fdcf6522ca107aa0ff8fb,6700e864539e94e98e53e6a8bf44e50c743bf746d84300a0811c72808fc36058
836,835,中山大学肿瘤防治中心,莫运仙,https://www.sysucc.org.cn/node/3849,56,临床专家 面包屑 首页 / 临床科室 / 平台科室 / 影像科 / 临床专家 莫运仙 ,43,13,0,43,START,SYSUCC_CLINICAL_EXPERT,莫运仙,NO,NO,NO_ADJACENT_QUOTE,86cb9fa4eb75f3aa372e118a8ccd5b6e04365bdc582c1ae03a17435612459555,d99ff5eeb7c8c9b1d98d78f53ae6c095ee0b2e4c2fc4a528a46e896048210a37
838,837,中山大学肿瘤防治中心,蔡培强,https://www.sysucc.org.cn/node/3847,1800,临床专家 面包屑 首页 / 临床科室 / 平台科室 / 影像科 / 临床专家 蔡培强 ,43,1757,0,43,START,SYSUCC_CLINICAL_EXPERT,蔡培强,NO,NO,NO_ADJACENT_QUOTE,5b634021920ad54d30afe9e518daa91935fafc0932ea5c70ee52af7521709856,bebe0e258d0c1d93aa8361d36a49243f7d0143e3c05e4a50295726e1b1ef4699
839,838,中山大学肿瘤防治中心,谢传淼,https://www.sysucc.org.cn/node/3836,1800,临床专家 面包屑 首页 / 临床科室 / 平台科室 / 影像科 / 临床专家 谢传淼 ,43,1757,0,43,START,SYSUCC_CLINICAL_EXPERT,谢传淼,NO,NO,NO_ADJACENT_QUOTE,32c53fbb5a7e4112ad80072700971b6cbac89a5b8f1288e68898f309e2c744d2,fc4d5d434a6319edfb09a211618537a0d67115d3527bad0fd78c0090bf3459ab
840,839,中山大学肿瘤防治中心,郑列,https://www.sysucc.org.cn/node/3844,85,临床专家 面包屑 首页 / 临床科室 / 平台科室 / 影像科 / 临床专家 郑列 ,42,43,0,42,START,SYSUCC_CLINICAL_EXPERT,郑列,NO,NO,NO_ADJACENT_QUOTE,224c21a251066e85c20a49ac5dc87589a6a2b8da1cdc44e59b604c659019d858,08cd9c70c048c7ce1c9066e749471428703b0809f47b9c10951831074f756780
841,840,中山大学肿瘤防治中心,阮超美,https://www.sysucc.org.cn/node/3845,809,临床专家 面包屑 首页 / 临床科室 / 平台科室 / 影像科 / 临床专家 阮超美 ,43,766,0,43,START,SYSUCC_CLINICAL_EXPERT,阮超美,NO,NO,NO_ADJACENT_QUOTE,418caa66a108ba05f1a0ff5f9467fec10eb7f30bfc3ce67902ce1b495efc9f32,efd0f893d504cb6793f8b6a4036cd02bf86cc8fba39fc738ede136afd9775afe
842,841,中山大学肿瘤防治中心,吕衍春,https://www.sysucc.org.cn/node/3839,1800,临床专家 面包屑 首页 / 临床科室 / 平台科室 / 影像科 / 临床专家 吕衍春 ,43,1757,0,43,START,SYSUCC_CLINICAL_EXPERT,吕衍春,NO,NO,NO_ADJACENT_QUOTE,327aac206461cb408ebd31ac7fb89218bd0de88a096723d2efd3582389903608,21c66bcc8ece32a008f9c71312a4f32fa92fa987fcd66ca8dbc6ef653ea5f042
843,842,中山大学肿瘤防治中心,吕宁,https://www.sysucc.org.cn/node/3759,1800,临床专家 面包屑 首页 / 临床科室 / 外科系列 / 微创介入治疗科 / 临床专家 吕宁 ,46,1754,0,46,START,SYSUCC_CLINICAL_EXPERT,吕宁,NO,NO,NO_ADJACENT_QUOTE,32438a2315b7c62a91038311337ff2a3041e506b11121d3142f0dd513fe1554e,cead6d008799acc3eb6b656cbf72f38291cc3c2a7f069af84c2e9142a3041d7a
844,843,中山大学肿瘤防治中心,吴沛宏,https://www.sysucc.org.cn/node/3750,1800,临床专家 面包屑 首页 / 临床科室 / 外科系列 / 微创介入治疗科 / 临床专家 吴沛宏 ,47,1753,0,47,START,SYSUCC_CLINICAL_EXPERT,吴沛宏,NO,NO,NO_ADJACENT_QUOTE,ac7840f20f06346155b652bb8d2b4cb1aa8838921c8b89cdb26ce118395fa0b2,2578489d2601192ff267a9e92702c649bea4c818e22d78b71bb7c893875b1766
845,844,中山大学肿瘤防治中心,左孟轩,https://www.sysucc.org.cn/node/5084,676,临床专家 面包屑 首页 / 临床科室 / 外科系列 / 微创介入治疗科 / 临床专家 左孟轩 ,47,629,0,47,START,SYSUCC_CLINICAL_EXPERT,左孟轩,NO,NO,NO_ADJACENT_QUOTE,7f9415f99e76188955199e6ac1e2d4129a1807453de48683e89b87a93c21cda7,46f557317dab33f984ff3f4424bc51e8996493d5a16aaf95acff21ca41627d92
846,845,中山大学肿瘤防治中心,张天奇,https://www.sysucc.org.cn/node/6471,525,临床专家 面包屑 首页 / 临床科室 / 外科系列 / 微创介入治疗科 / 临床专家 张天奇 ,47,478,0,47,START,SYSUCC_CLINICAL_EXPERT,张天奇,NO,NO,NO_ADJACENT_QUOTE,9616b902928c52b8368ebec00fe6c85328d475ddd14b292a8e3bc1f994832c00,4063fc3545728b7260e2570066742fbe51fabefb4cb3850b6a7054e3a063aebc
847,846,中山大学肿瘤防治中心,张福君,https://www.sysucc.org.cn/node/3752,1800,临床专家 面包屑 首页 / 临床科室 / 外科系列 / 微创介入治疗科 / 临床专家 张福君 ,47,1753,0,47,START,SYSUCC_CLINICAL_EXPERT,张福君,NO,NO,NO_ADJACENT_QUOTE,52ddab703c379bd1154e4018dc5bcf0d5ebbe461d3a40c11d1174a2756954d3b,59bf7d0dfcedc17fee590fdb009eb1c066f2acd2f7d747f68c7c42c11203614b
848,847,中山大学肿瘤防治中心,曹飞,https://www.sysucc.org.cn/node/8057,612,临床专家 面包屑 首页 / 临床科室 / 外科系列 / 微创介入治疗科 / 临床专家 曹飞 ,46,566,0,46,START,SYSUCC_CLINICAL_EXPERT,曹飞,NO,NO,NO_ADJACENT_QUOTE,6b32a7184b83c080f8bc243c5d96153dba7b544654afa40f7f23e374cee219d9,4ed8c7143b2dec2024d80a880758519e4b765843428288abc921c96831457615
849,848,中山大学肿瘤防治中心,李旺,https://www.sysucc.org.cn/node/3758,384,临床专家 面包屑 首页 / 临床科室 / 外科系列 / 微创介入治疗科 / 临床专家 李旺 ,46,338,0,46,START,SYSUCC_CLINICAL_EXPERT,李旺,NO,NO,NO_ADJACENT_QUOTE,d37e1ae70bd0df9453e935756320a00389116d2b252a20058076aa8c6cd6d5d6,04863b8f7fd1dc9c238aa23f0b866fb249f3dde451e1b236d917a447bf0d6a61
850,849,中山大学肿瘤防治中心,林乐涛,https://www.sysucc.org.cn/node/9135,270,临床专家 面包屑 首页 / 临床科室 / 外科系列 / 微创介入治疗科 / 临床专家 林乐涛 ,47,223,0,47,START,SYSUCC_CLINICAL_EXPERT,林乐涛,NO,NO,NO_ADJACENT_QUOTE,5003601ad94e4ef4e668c150d6e8292297b1b1f56c7210dc3c119646d59bf2be,14bcbb038a9699495fade8fb11d060342f4c410f25ec0626f696ea566f677d04
851,850,中山大学肿瘤防治中心,江艺泉,https://www.sysucc.org.cn/node/9772,1800,临床专家 面包屑 首页 / 临床科室 / 外科系列 / 微创介入治疗科 / 临床专家 江艺泉 ,47,1753,0,47,START,SYSUCC_CLINICAL_EXPERT,江艺泉,NO,NO,NO_ADJACENT_QUOTE,5bf658e2a57138d612c385060e9756bc6fed609d963a99f970d48482082132eb,c85791594bee65348aa8378320a99a92975e63c1011d24329af42662b44f886c
852,851,中山大学肿瘤防治中心,沈露俊,https://www.sysucc.org.cn/node/3760,1800,临床专家 面包屑 首页 / 临床科室 / 外科系列 / 微创介入治疗科 / 临床专家 沈露俊 ,47,1753,0,47,START,SYSUCC_CLINICAL_EXPERT,沈露俊,NO,NO,NO_ADJACENT_QUOTE,cb8e60a93803872310e76ee08565050db191544cea49ef85f97b89cbba3fb099,9e9644c05b0ba8f9fd51b88e917584a3622aad7f4af821925db23554ec941969
853,852,中山大学肿瘤防治中心,范卫君,https://www.sysucc.org.cn/node/3753,1179,临床专家 面包屑 首页 / 临床科室 / 外科系列 / 微创介入治疗科 / 临床专家 范卫君 ,47,1132,0,47,START,SYSUCC_CLINICAL_EXPERT,范卫君,NO,NO,NO_ADJACENT_QUOTE,6bd6a41fe1fce9f362dcbefcbfe46a54549fc379107451a283224f4f1c42424a,8f7b249c1e37abbec4ff133c23ddbd8aa92aee425b46820727afe0d016dcb6d4
854,853,中山大学肿瘤防治中心,赵明,https://www.sysucc.org.cn/node/3754,1800,临床专家 面包屑 首页 / 临床科室 / 外科系列 / 微创介入治疗科 / 临床专家 赵明 ,46,1754,0,46,START,SYSUCC_CLINICAL_EXPERT,赵明,NO,NO,NO_ADJACENT_QUOTE,abdb97844e75f685d663870e6b9edbe7a25e3527aeae9e3dd8177f7e09ab59d4,8f8a416b1154b99a1e39764f2165822363a254c2b29575391597c42df97f9616
855,854,中山大学肿瘤防治中心,陈奇峰,https://www.sysucc.org.cn/node/10435,632,临床专家 面包屑 首页 / 临床科室 / 外科系列 / 微创介入治疗科 / 临床专家 陈奇峰 ,47,585,0,47,START,SYSUCC_CLINICAL_EXPERT,陈奇峰,NO,NO,NO_ADJACENT_QUOTE,9b3cc0a4d9055f437bd973f9b0824cb78eeda181b37082bd1089b22a6355e4b1,8cd76a43fe64a0e2ff07ed4a85e45bcafc3720deacde665faf4b5f438e1cb007
856,855,中山大学肿瘤防治中心,韩雪,https://www.sysucc.org.cn/node/12338,520,临床专家 面包屑 首页 / 临床科室 / 外科系列 / 微创介入治疗科 / 临床专家 韩雪 ,46,474,0,46,START,SYSUCC_CLINICAL_EXPERT,韩雪,NO,NO,NO_ADJACENT_QUOTE,90c40b05afdb321fd138bb0dc0d4c026097a590ceb9d7cf325f3bbe3f8d692c4,fc66d3e952a7a65f4b745144ca369682b88dff69166da1421e1bb8c832d692ec
857,856,中山大学肿瘤防治中心,高飞,https://www.sysucc.org.cn/node/3756,1800,临床专家 面包屑 首页 / 临床科室 / 外科系列 / 微创介入治疗科 / 临床专家 高飞 ,46,1754,0,46,START,SYSUCC_CLINICAL_EXPERT,高飞,NO,NO,NO_ADJACENT_QUOTE,7b8159e705cb9a722cafd43fdb5052583fee666a431d53e71219ab35a861fda1,dee51fe0232fe03bdab2aae3287e7efdfb494e4055d2b1809762a38b7930f6a9
858,857,中山大学肿瘤防治中心,黄子林,https://www.sysucc.org.cn/node/3755,1800,临床专家 面包屑 首页 / 临床科室 / 外科系列 / 微创介入治疗科 / 临床专家 黄子林 ,47,1753,0,47,START,SYSUCC_CLINICAL_EXPERT,黄子林,NO,NO,NO_ADJACENT_QUOTE,12bbed539bc550f5baa0785c53e655921938c13a96ed5c4b71e5255b3c199a54,5f5c03b641150fd60e06b559e86b7e57508f65a58e09365d65fc3d9dd348f1ab
859,858,中山大学肿瘤防治中心,黄职妹,https://www.sysucc.org.cn/node/3762,604,临床专家 面包屑 首页 / 临床科室 / 外科系列 / 微创介入治疗科 / 临床专家 黄职妹 ,47,557,0,47,START,SYSUCC_CLINICAL_EXPERT,黄职妹,NO,NO,NO_ADJACENT_QUOTE,557e02a2fecaaca74cc92f1642e1a086bb9e91f0c0662f594ad930e4e842ed44,0134f7f9f5814d0c1efbdd8886e164b9ccc81298b873048b6a33344059c55d65
860,859,中山大学肿瘤防治中心,黄金华,https://www.sysucc.org.cn/node/3751,1800,临床专家 面包屑 首页 / 临床科室 / 外科系列 / 微创介入治疗科 / 临床专家 黄金华 ,47,1753,0,47,START,SYSUCC_CLINICAL_EXPERT,黄金华,NO,NO,NO_ADJACENT_QUOTE,dc3157f478b78e3c1c5c9784546403732138ccf3d70af002e5f236ad24cb0dc6,922554463bea5dbefd29d0241d20899f0424d51a85dcc6e27b24a12e01d5abbc
861,860,中山大学肿瘤防治中心,何伟雄,https://www.sysucc.org.cn/node/3827,1426,临床专家 面包屑 首页 / 临床科室 / 平台科室 / 手术麻醉科 / 临床专家 何伟雄 ,45,1381,0,45,START,SYSUCC_CLINICAL_EXPERT,何伟雄,NO,NO,NO_ADJACENT_QUOTE,3fb2ee7c069ba57e806211139d19ca2a427fc5e7ac95bce0a0922624e47a4245,b3280def06a0bb8f304ae29f1f29fd27ec2d51c3b971469519e4042439ec7502
862,861,中山大学肿瘤防治中心,卢雅立,https://www.sysucc.org.cn/node/3829,72,临床专家 面包屑 首页 / 临床科室 / 平台科室 / 手术麻醉科 / 临床专家 卢雅立 ,45,27,0,45,START,SYSUCC_CLINICAL_EXPERT,卢雅立,NO,YES,NO_ADJACENT_QUOTE,6a5a58f6d05af65601651315c5704e8ac69fb67f1669a35d86cd6c8572e55048,c035ba8f11c2ecf75a0848ab4bbcb3b63f226deb3997954c48f28633b23f1fd0
863,862,中山大学肿瘤防治中心,操隆辉,https://www.sysucc.org.cn/node/3831,1800,临床专家 面包屑 首页 / 临床科室 / 平台科室 / 手术麻醉科 / 临床专家 操隆辉 ,45,1755,0,45,START,SYSUCC_CLINICAL_EXPERT,操隆辉,NO,NO,NO_ADJACENT_QUOTE,2ae226634618d00c13ad6cfd83a6948d7b05711613eaf637ab3b99e61e52a620,d762cc41175915bec87f65280d3caf261b37b7853031b730b3b5da07d709a57a
864,863,中山大学肿瘤防治中心,曾维安,https://www.sysucc.org.cn/node/3817,1203,临床专家 面包屑 首页 / 临床科室 / 平台科室 / 手术麻醉科 / 临床专家 曾维安 ,45,1158,0,45,START,SYSUCC_CLINICAL_EXPERT,曾维安,NO,NO,NO_ADJACENT_QUOTE,0e0a785749fc82251389cfed2844d4a6a16564dde2f282e30c1355b909143f16,f524ea5738064734c5fbfb871d63430352764b16224f9b2061e3b61bdfb70523
865,864,中山大学肿瘤防治中心,李伟,https://www.sysucc.org.cn/node/3818,1301,临床专家 面包屑 首页 / 临床科室 / 平台科室 / 手术麻醉科 / 临床专家 李伟 ,44,1257,0,44,START,SYSUCC_CLINICAL_EXPERT,李伟,NO,NO,NO_ADJACENT_QUOTE,3cfb59601d36e7358a3f0b6a42b5baeffcdf32afd32f2b73f51b168d2035e302,52a50a16f671ee65ce7a0d517f863039dd2521bcf36790c9b296a43b9e462869
866,865,中山大学肿瘤防治中心,李强,https://www.sysucc.org.cn/node/3820,75,临床专家 面包屑 首页 / 临床科室 / 平台科室 / 手术麻醉科 / 临床专家 李强 ,44,31,0,44,START,SYSUCC_CLINICAL_EXPERT,李强,NO,NO,NO_ADJACENT_QUOTE,fad2711c8346794e567bbbca47c36e9328fbd4b97379065d38ccd959d25ab6cb,8b36aa706c60763b3443387760ebd715eb51e5e9304ec9da2fa40e74fc48d883
867,866,中山大学肿瘤防治中心,李永春,https://www.sysucc.org.cn/node/12635,70,临床专家 面包屑 首页 / 临床科室 / 平台科室 / 手术麻醉科 / 临床专家 李永春 ,45,25,0,45,START,SYSUCC_CLINICAL_EXPERT,李永春,NO,NO,NO_ADJACENT_QUOTE,b25d7d84bb0cea9c2812df6ccb775389d63debf4d0fe38b29a7d864ef8cd0258,e830263af9d41f994bfaa2b8eb72143167ad9825d41463e0fcccb7e8afe3db18
868,867,中山大学肿瘤防治中心,林文前,https://www.sysucc.org.cn/node/3819,1800,临床专家 面包屑 首页 / 临床科室 / 平台科室 / 手术麻醉科 / 临床专家 林文前 ,45,1755,0,45,START,SYSUCC_CLINICAL_EXPERT,林文前,NO,NO,NO_ADJACENT_QUOTE,602a647d55d85b2b05d4d61eb73dbc924af102e5fd297e3a5d09378301e00d81,9ca0d8dcacb054f7f3ca2e905a3b065faf381081c14d0b44621f6059f2f52b58
870,869,中山大学肿瘤防治中心,温丽丽,https://www.sysucc.org.cn/node/3832,394,临床专家 面包屑 首页 / 临床科室 / 平台科室 / 手术麻醉科 / 临床专家 温丽丽 ,45,349,0,45,START,SYSUCC_CLINICAL_EXPERT,温丽丽,NO,YES,NO_ADJACENT_QUOTE,a2f549f4fe55251a493789e5da667fb8fb4dc5a47fe969a6aca9db5365e53f34,c31df6d7e867b87ca856d8f29276eef9b4b0522ef83014fd218cebd008a3eda6
871,870,中山大学肿瘤防治中心,王剑,https://www.sysucc.org.cn/node/3830,83,临床专家 面包屑 首页 / 临床科室 / 平台科室 / 手术麻醉科 / 临床专家 王剑 ,44,39,0,44,START,SYSUCC_CLINICAL_EXPERT,王剑,NO,NO,NO_ADJACENT_QUOTE,2cedb9cf6c6a875f6c6215bf6a0d173395d86ad4e651cce79885e20308a77a4a,564e4c0406c797f5d7aac4f33a7d81fa4d00dc5a48352cee5beb9f02e25ac88a
872,871,中山大学肿瘤防治中心,王培宗,https://www.sysucc.org.cn/node/10591,190,临床专家 面包屑 首页 / 临床科室 / 平台科室 / 手术麻醉科 / 临床专家 王培宗 ,45,145,0,45,START,SYSUCC_CLINICAL_EXPERT,王培宗,NO,NO,NO_ADJACENT_QUOTE,6c1db12f49107946b4822e244e11efd2d4fa502913a07d3fb6937e798a3abbbe,01a02577117f01382dd82a15c83b9ddfa4f486bbd48351223bbad0d2056ee6da
873,872,中山大学肿瘤防治中心,王旭东,https://www.sysucc.org.cn/node/3826,425,临床专家 面包屑 首页 / 临床科室 / 平台科室 / 手术麻醉科 / 临床专家 王旭东 ,45,380,0,45,START,SYSUCC_CLINICAL_EXPERT,王旭东,NO,NO,NO_ADJACENT_QUOTE,690051fce30a6bc7c534ab6d25762ea7d0cffe6813207f9d94f4ddf69d360542,38135b67b4f4c61eaff83451d0430e226fcdcb166f0f13c69f6e67707640df5b
874,873,中山大学肿瘤防治中心,谢敬敦,https://www.sysucc.org.cn/node/3823,428,临床专家 面包屑 首页 / 临床科室 / 平台科室 / 手术麻醉科 / 临床专家 谢敬敦 ,45,383,0,45,START,SYSUCC_CLINICAL_EXPERT,谢敬敦,NO,NO,NO_ADJACENT_QUOTE,cad96a4e6c3fb7f0056f54092d321fd6225eee87814a81e8fdf4c7a097c7aa4d,feb693e2553be42e6e78bf7146e9cd3448ab8375cbf4e17a186f032f7b6979cf
875,874,中山大学肿瘤防治中心,谢曼修,https://www.sysucc.org.cn/node/6861,514,临床专家 面包屑 首页 / 临床科室 / 平台科室 / 手术麻醉科 / 临床专家 谢曼修 ,45,469,0,45,START,SYSUCC_CLINICAL_EXPERT,谢曼修,NO,NO,NO_ADJACENT_QUOTE,9360a75d5070e310558dbdb3374c8efe3720c05bb42c0cd98381f285024a8888,4851b2bf6089e96cc3dab59b151a3f4e3291567c130856b7ccff01c91d1f4230
876,875,中山大学肿瘤防治中心,谭红鹰,https://www.sysucc.org.cn/node/3828,245,临床专家 面包屑 首页 / 临床科室 / 平台科室 / 手术麻醉科 / 临床专家 谭红鹰 ,45,200,0,45,START,SYSUCC_CLINICAL_EXPERT,谭红鹰,NO,NO,NO_ADJACENT_QUOTE,3bdf6a4bdd4cc59c4940f973b764a653494445ee2eda6702a3d11f0d1a01075c,45742e0077a22e2f592234d23af58acb43a68aa889d65a31599a6e6cedc9827e
877,876,中山大学肿瘤防治中心,赖仁纯,https://www.sysucc.org.cn/node/3821,1800,临床专家 面包屑 首页 / 临床科室 / 平台科室 / 手术麻醉科 / 临床专家 赖仁纯 ,45,1755,0,45,START,SYSUCC_CLINICAL_EXPERT,赖仁纯,NO,NO,NO_ADJACENT_QUOTE,605f6b691847b90c9cf2660d0af63c133ee06a4e38bb24488a3a6b3c810483ed,5125f2893d54f33ebfb28a39f7baa02825c834df8b76ad11ff548d24c6086f08
878,877,中山大学肿瘤防治中心,赖洁兰,https://www.sysucc.org.cn/node/3835,244,临床专家 面包屑 首页 / 临床科室 / 平台科室 / 手术麻醉科 / 临床专家 赖洁兰 ,45,199,0,45,START,SYSUCC_CLINICAL_EXPERT,赖洁兰,NO,NO,NO_ADJACENT_QUOTE,2529c1692cfb0e897c8a2e682cfd384a0709212a87929bff634975b21ab82294,db2ef3e7db52ad15787214fc89bccbad0fa28b55792b9574ab8fea92f3b6824b
879,878,中山大学肿瘤防治中心,邢蔚,https://www.sysucc.org.cn/node/3825,1062,临床专家 面包屑 首页 / 临床科室 / 平台科室 / 手术麻醉科 / 临床专家 邢蔚 ,44,1018,0,44,START,SYSUCC_CLINICAL_EXPERT,邢蔚,NO,NO,NO_ADJACENT_QUOTE,daf997195fcc1f31e97d959e7489fc094a4a2c17310d8dcb3780056e351b4e1b,9ca4e6a3090d7261a0ac7e97d0a0a5b1d84d762f8f84f5f1710af4aa1e00f3ab
880,879,中山大学肿瘤防治中心,郭娜,https://www.sysucc.org.cn/node/8377,193,临床专家 面包屑 首页 / 临床科室 / 平台科室 / 手术麻醉科 / 临床专家 郭娜 ,44,149,0,44,START,SYSUCC_CLINICAL_EXPERT,郭娜,NO,NO,NO_ADJACENT_QUOTE,5e7507dc299350c69c85ac1892f91b0d5d214a9984aab6c1d18b7c0794253327,7e84ead25b553254cc059ae5dd70d012fc3e5647bb67d1f1cdbc6e9cec6920f6
881,880,中山大学肿瘤防治中心,钟伟强,https://www.sysucc.org.cn/node/6444,70,临床专家 面包屑 首页 / 临床科室 / 平台科室 / 手术麻醉科 / 临床专家 钟伟强 ,45,25,0,45,START,SYSUCC_CLINICAL_EXPERT,钟伟强,NO,NO,NO_ADJACENT_QUOTE,1856211063093354dca57ca1bf750b76b9536fc0d5469250b425c7659b190a82,a0e43fb52d3a627a518e2dd7e6ba88996e4efc5127336576962381c8dbd55d56
882,881,中山大学肿瘤防治中心,陈东泰,https://www.sysucc.org.cn/node/3834,1800,临床专家 面包屑 首页 / 临床科室 / 平台科室 / 手术麻醉科 / 临床专家 陈东泰 ,45,1755,0,45,START,SYSUCC_CLINICAL_EXPERT,陈东泰,NO,NO,NO_ADJACENT_QUOTE,847c371b6ea7e4afff332643f501f0ec8b1fb79a33882daf114eda18205d0e88,43bc9e5fe6ab61a5c31ceb9fe53191048ed7b2ee6bec90df3e67c188e5d55e80
883,882,中山大学肿瘤防治中心,黄婉,https://www.sysucc.org.cn/node/3824,1800,临床专家 面包屑 首页 / 临床科室 / 平台科室 / 手术麻醉科 / 临床专家 黄婉 ,44,1756,0,44,START,SYSUCC_CLINICAL_EXPERT,黄婉,NO,NO,NO_ADJACENT_QUOTE,3b3aeccb1ee7bb46d52f3e862efdc894afec564191532c55b1bb8b228165fa18,04bcf23dca02b31f8dd0e4a2b707c41a67f8fe4de05b931d44097871713527ce
884,883,中山大学肿瘤防治中心,miRNA-...,https://www.sysucc.org.cn/node/1683,1800,临床专家 面包屑 首页 / 临床科室 / 放疗系列 / 放疗科 / 临床专家 曹新平 ,43,1757,0,43,START,SYSUCC_CLINICAL_EXPERT,曹新平,YES,NO,NO_ADJACENT_QUOTE,36510ddd9979a5cbfc43b2f2a42bccbe588b70bc62c2124eabcf58325238658b,1e7116855523cc7c76c39d31394a00a985e2235df51ed76803b69e9df003db95
885,884,中山大学肿瘤防治中心,习勉,https://www.sysucc.org.cn/node/1681,1800,临床专家 面包屑 首页 / 临床科室 / 放疗系列 / 放疗科 / 临床专家 习勉 ,42,1758,0,42,START,SYSUCC_CLINICAL_EXPERT,习勉,NO,NO,NO_ADJACENT_QUOTE,c62108ce2228ce33f2c8d967065530936b26c3bf9912f422b5a7ef162379f84c,efabbe2e6670fb8a8a20f24456ec69fadad564d12d9a4fe9e135276cf12624c9
886,885,中山大学肿瘤防治中心,何振宇,https://www.sysucc.org.cn/node/1665,387,临床专家 面包屑 首页 / 临床科室 / 放疗系列 / 放疗科 / 临床专家 何振宇 ,43,344,0,43,START,SYSUCC_CLINICAL_EXPERT,何振宇,NO,NO,NO_ADJACENT_QUOTE,950a93b34650ae7cc3d82dc7c9ece7a5b32031adafa47d922c11868ff181661b,e45bb9371af5011fb92fe9b4131c25e6509de5939fb8f4e8c4ffb8dc3effdd20
887,886,中山大学肿瘤防治中心,何立儒,https://www.sysucc.org.cn/node/1678,1800,临床专家 面包屑 首页 / 临床科室 / 放疗系列 / 放疗科 / 临床专家 何立儒 ,43,1757,0,43,START,SYSUCC_CLINICAL_EXPERT,何立儒,NO,NO,NO_ADJACENT_QUOTE,a3863db15c67ca87f7492df5a34b80e220970564ff8c9b90830a6346e7da73b9,96418eddafb6b7857f8d0fe6ae30230b8d130453fa6bab28f480df26987fdb2d
888,887,中山大学肿瘤防治中心,刘孟忠,https://www.sysucc.org.cn/node/1662,1800,临床专家 面包屑 首页 / 临床科室 / 放疗系列 / 放疗科 / 临床专家 刘孟忠 ,43,1757,0,43,START,SYSUCC_CLINICAL_EXPERT,刘孟忠,NO,NO,NO_ADJACENT_QUOTE,ef103e73cc7f268c648c104b472df1a989fe1ec4681b29579b5de1c9cb93531c,e21d8403a7f19b164b2b3a14111e20737ddee2539d4ce2ca5ff9ff1c3d4edb5a
889,888,中山大学肿瘤防治中心,刘慧,https://www.sysucc.org.cn/node/1658,648,临床专家 面包屑 首页 / 临床科室 / 放疗系列 / 放疗科 / 临床专家 刘慧(小) ,45,603,0,45,START,SYSUCC_CLINICAL_EXPERT,刘慧(小),YES,NO,NO_ADJACENT_QUOTE,74741f8331c8d664b33d43d0fc45f9868f94ff45472a008883a756bd1ed25f3b,6832f42d0f1a69d5981443ccfbd3cce07781edc77f1754bf92dbd6c68a6aab93
890,889,中山大学肿瘤防治中心,刘方杰,https://www.sysucc.org.cn/node/8257,226,临床专家 面包屑 首页 / 临床科室 / 放疗系列 / 放疗科 / 临床专家 刘方杰 ,43,183,0,43,START,SYSUCC_CLINICAL_EXPERT,刘方杰,NO,NO,NO_ADJACENT_QUOTE,fc1f3a7a7555900279af4162ef15a73a91709ccd2d16666a80377b14a041e243,78c3bdfb9a228554714230892173855c8ce61e7ba7e82b452db6fb456320a18a
891,890,中山大学肿瘤防治中心,刘施亮,https://www.sysucc.org.cn/node/1713,1321,临床专家 面包屑 首页 / 临床科室 / 放疗系列 / 放疗科 / 临床专家 刘施亮 ,43,1278,0,43,START,SYSUCC_CLINICAL_EXPERT,刘施亮,NO,NO,NO_ADJACENT_QUOTE,e3db3d2d5ec66e1445c32427563bab6e3c2ea8dc5e87fb7fe87e16bc724e3bb2,e46283dd7bbe4baaec3d032ec78f2fbcecd9b81c1479bf96829a558c58d16823
892,891,中山大学肿瘤防治中心,刘洋,https://www.sysucc.org.cn/node/1723,473,临床专家 面包屑 首页 / 临床科室 / 放疗系列 / 放疗科 / 临床专家 刘洋 ,42,431,0,42,START,SYSUCC_CLINICAL_EXPERT,刘洋,NO,NO,NO_ADJACENT_QUOTE,7a3536b04a0c2e9c6e6e01df7ac754df7f9d03e3b2312d343cf3dcf8a0682cae,561e510ffa6c7bcb52fac89b418fad45fce88597bb2fd73f86aa4a5754ce3838
893,892,中山大学肿瘤防治中心,刘睿奇,https://www.sysucc.org.cn/node/6216,663,临床专家 面包屑 首页 / 临床科室 / 放疗系列 / 放疗科 / 临床专家 刘睿奇 ,43,620,0,43,START,SYSUCC_CLINICAL_EXPERT,刘睿奇,NO,NO,NO_ADJACENT_QUOTE,4d6843ad58f7a30b59260f44a376e376f7ed7ec56e47434a85f60df0937a62c7,1b61bfa238a1bcb862c583abe26310cdc35e2fc384a0aaac5675135e0c200bef
894,893,中山大学肿瘤防治中心,刘红英,https://www.sysucc.org.cn/node/1691,203,临床专家 面包屑 首页 / 临床科室 / 放疗系列 / 放疗科 / 临床专家 刘红英 ,43,160,0,43,START,SYSUCC_CLINICAL_EXPERT,刘红英,NO,NO,NO_ADJACENT_QUOTE,ce2053083cd2c0cde1886bde8e5020a6473f44177f9cedd6663bf61760213237,e28ee94f39a88a3471c4e2d2c8290abf4d58f93fb6779edfefa9fde41eb44be9
895,894,中山大学肿瘤防治中心,刘需,https://www.sysucc.org.cn/node/1722,1800,临床专家 面包屑 首页 / 临床科室 / 放疗系列 / 放疗科 / 临床专家 刘需 ,42,1758,0,42,START,SYSUCC_CLINICAL_EXPERT,刘需,NO,NO,NO_ADJACENT_QUOTE,9b074406ab4654787aa62cc1c9ce156ce9b0404921334792cf1b9f9c06967ee0,79a99f91c264c4e3e201d609370defca4eb093659c7bb31687e730ad905e45a0
896,895,中山大学肿瘤防治中心,卢丽霞,https://www.sysucc.org.cn/node/1673,850,临床专家 面包屑 首页 / 临床科室 / 放疗系列 / 放疗科 / 临床专家 卢丽霞 ,43,807,0,43,START,SYSUCC_CLINICAL_EXPERT,卢丽霞,NO,NO,NO_ADJACENT_QUOTE,ac8e4be00d66a296d16c1c7879c513bf5acb4a02a89f5f07bd4a715c8cc839d3,f520811dbd3e59fc5cc19f44d1af7843401fd8e969a1ab3cf68cbbfa7d1a94b3
897,896,中山大学肿瘤防治中心,叶伟军,https://www.sysucc.org.cn/node/1689,1800,临床专家 面包屑 首页 / 临床科室 / 放疗系列 / 放疗科 / 临床专家 叶伟军 ,43,1757,0,43,START,SYSUCC_CLINICAL_EXPERT,叶伟军,NO,NO,NO_ADJACENT_QUOTE,71220a39c0acd106c2ed8e442d4e5f6f58eea21bb0db0a96e4cfda88493375a9,de89720fa7742e0cec0189ae311aaba565380015fcd104b552428eececfbf461
898,897,中山大学肿瘤防治中心,吕佳蔚,https://www.sysucc.org.cn/node/9637,291,临床专家 面包屑 首页 / 临床科室 / 放疗系列 / 放疗科 / 临床专家 吕佳蔚 ,43,248,0,43,START,SYSUCC_CLINICAL_EXPERT,吕佳蔚,NO,NO,NO_ADJACENT_QUOTE,2d1405afbf7bac8b0658fcbdf24cc28dfb25e25e538ca12473ed89ef4b50ba85,2810e2a7fc9c85e8da67c686ddba7ce22afd0ff7586bcc5a5e872733e22de4e0
899,898,中山大学肿瘤防治中心,吴少雄,https://www.sysucc.org.cn/node/1666,1800,临床专家 面包屑 首页 / 临床科室 / 放疗系列 / 放疗科 / 临床专家 吴少雄 ,43,1757,0,43,START,SYSUCC_CLINICAL_EXPERT,吴少雄,NO,NO,NO_ADJACENT_QUOTE,b92f8e2bd7e2c067ad3393655141529d54490a352bf58c6e40839aa53d688e0b,cec98766b8ee8bf143213358b7558831a1a0a5a7a1c69d86570f71b4d8eb140b
900,899,中山大学肿瘤防治中心,周冠群,https://www.sysucc.org.cn/node/1718,411,临床专家 面包屑 首页 / 临床科室 / 放疗系列 / 放疗科 / 临床专家 周冠群 ,43,368,0,43,START,SYSUCC_CLINICAL_EXPERT,周冠群,NO,YES,NO_ADJACENT_QUOTE,f85b05fa04dc53a03532bca7229d2456fec99db6bdc0b5212b800a2a315aa852,7b2cc31afc6922d60b08b231280aa7920e4992f29ed54f35917d9c3c60968b64
901,900,中山大学肿瘤防治中心,唐玲珑,https://www.sysucc.org.cn/node/1677,1800,临床专家 面包屑 首页 / 临床科室 / 放疗系列 / 放疗科 / 临床专家 唐玲珑 ,43,1757,0,43,START,SYSUCC_CLINICAL_EXPERT,唐玲珑,NO,NO,NO_ADJACENT_QUOTE,a400794e8e2535fa29c2bfd1995ee68983b3dca226758b0b08f5a9c94bcb4d58,26e4c8097495c71591d1e344eb96f4116c87478e0601d963f99c2848a76054fa
902,901,中山大学肿瘤防治中心,夏云飞,https://www.sysucc.org.cn/node/1656,1800,临床专家 面包屑 首页 / 临床科室 / 放疗系列 / 放疗科 / 临床专家 夏云飞 ,43,1757,0,43,START,SYSUCC_CLINICAL_EXPERT,夏云飞,NO,NO,NO_ADJACENT_QUOTE,c057b4aedb9e45f24319428d62a1356678edf39fd1e5d6923593c6c5618934c9,19055350126251cd0fbb976c2c5118255960bf8bc21c6a3c64c3331b7c22201d
903,902,中山大学肿瘤防治中心,孙家媛,https://www.sysucc.org.cn/node/1701,1800,临床专家 面包屑 首页 / 临床科室 / 放疗系列 / 放疗科 / 临床专家 孙家媛 ,43,1757,0,43,START,SYSUCC_CLINICAL_EXPERT,孙家媛,NO,NO,NO_ADJACENT_QUOTE,3286f631c3290aa77aa50f1ee6f3e63a5eed2206779c58509f378613358a3c2f,d7809cc179561498c0312fd0ee92cbee96924e9e6c6642632cbd271f888bfc41
904,903,中山大学肿瘤防治中心,孙颖,https://www.sysucc.org.cn/node/1654,1800,临床专家 面包屑 首页 / 临床科室 / 放疗系列 / 放疗科 / 临床专家 孙颖 ,42,1758,0,42,START,SYSUCC_CLINICAL_EXPERT,孙颖,NO,NO,NO_ADJACENT_QUOTE,a753333d95b2640cb5d7c06ed9934c10127a76a8706896eb45f9eda962ed615c,66c64221b4b6020104da2fb8e2335c6e731b1cc56d34b3907cb152ff865b1630
905,904,中山大学肿瘤防治中心,常晖,https://www.sysucc.org.cn/node/1705,1800,临床专家 面包屑 首页 / 临床科室 / 放疗系列 / 放疗科 / 临床专家 常晖 ,42,1758,0,42,START,SYSUCC_CLINICAL_EXPERT,常晖,NO,NO,NO_ADJACENT_QUOTE,160a7828f983ccaff18448c2af2881195ad6289dad8eab9cdf6490a30bad7236,ba38db8b323adc7562626c501d2eb1d1733d176fcc48fd9540b34dd6297b7fa7
906,905,中山大学肿瘤防治中心,张媛,https://www.sysucc.org.cn/node/6443,1800,临床专家 面包屑 首页 / 临床科室 / 放疗系列 / 放疗科 / 临床专家 张媛 ,42,1758,0,42,START,SYSUCC_CLINICAL_EXPERT,张媛,NO,NO,NO_ADJACENT_QUOTE,6863d26c68c7df74f3c69515307a4723de95532848ad6d80f8c49fcda142fb87,6a6d5cc7fdd4e4d41b900623733de912f814cd0edd8f684e3e452a418e809cbe
907,906,中山大学肿瘤防治中心,徐骋,https://www.sysucc.org.cn/node/1716,669,临床专家 面包屑 首页 / 临床科室 / 放疗系列 / 放疗科 / 临床专家 徐骋 ,42,627,0,42,START,SYSUCC_CLINICAL_EXPERT,徐骋,NO,NO,NO_ADJACENT_QUOTE,f7a35a753f32f3fcf3fd69189fd230cf365657aedcf232094df1ded5db76e01c,3d6288d164a99b673f65839c4a63d4b59f9da5410a55c1970b99eeca2db6b23e
908,907,中山大学肿瘤防治中心,曾智帆,https://www.sysucc.org.cn/node/1688,68,临床专家 面包屑 首页 / 临床科室 / 放疗系列 / 放疗科 / 临床专家 曾智帆 ,43,25,0,43,START,SYSUCC_CLINICAL_EXPERT,曾智帆,NO,NO,NO_ADJACENT_QUOTE,17600b2fb73a970e7b0699bbcc14609736699b5c535bad7de495b9df8dd4f057,3f81879c14076796f13cb003b8886ebcd22e677a71cd06e44037cf70a9b8c425
909,908,中山大学肿瘤防治中心,李凤岩,https://www.sysucc.org.cn/node/1690,1800,临床专家 面包屑 首页 / 临床科室 / 放疗系列 / 放疗科 / 临床专家 李凤岩 ,43,1757,0,43,START,SYSUCC_CLINICAL_EXPERT,李凤岩,NO,NO,NO_ADJACENT_QUOTE,e1bb42161cc7e7dba37a008dcd8eceb702ea62892c284f803535258a71ef4797,5fe2bd64ee2de2979eb0117574125ce42a06c9458b1ca743aeeabb65805e68be
910,909,中山大学肿瘤防治中心,李巧巧,https://www.sysucc.org.cn/node/1693,749,临床专家 面包屑 首页 / 临床科室 / 放疗系列 / 放疗科 / 临床专家 李巧巧 ,43,706,0,43,START,SYSUCC_CLINICAL_EXPERT,李巧巧,NO,NO,NO_ADJACENT_QUOTE,325f3d06a629353a796e89b6284b4ee74274b899ce736939a4576b4828b17578,426fdeae7b630e7452e09ff967029d8f6e6245b54bcdd78d13801212a5bd243a
912,911,中山大学肿瘤防治中心,李绮雯,https://www.sysucc.org.cn/node/1702,830,临床专家 面包屑 首页 / 临床科室 / 放疗系列 / 放疗科 / 临床专家 李绮雯 ,43,787,0,43,START,SYSUCC_CLINICAL_EXPERT,李绮雯,NO,NO,NO_ADJACENT_QUOTE,4f39bdf95bda63cb805b151e7311f643d1eb21699715acfac7baab6739bc8917,3a02cc2765df9856ddef52dfc360b834d631e513f17b09a6f97f0f5647fd6a8d
913,912,中山大学肿瘤防治中心,杜晓京,https://www.sysucc.org.cn/node/6349,146,临床专家 面包屑 首页 / 临床科室 / 放疗系列 / 放疗科 / 临床专家 杜晓京 ,43,103,0,43,START,SYSUCC_CLINICAL_EXPERT,杜晓京,NO,NO,NO_ADJACENT_QUOTE,52e12aebadc671406fc90fad506a7f76ae7772bc6714c2cd5e7d22819f447413,6f27da2d97af2561d21c2f8890c3cf0038cb913e173b0b50a209b77dda5cf3a1
914,913,中山大学肿瘤防治中心,林丽,https://www.sysucc.org.cn/node/1712,519,临床专家 面包屑 首页 / 临床科室 / 放疗系列 / 放疗科 / 临床专家 林丽 ,42,477,0,42,START,SYSUCC_CLINICAL_EXPERT,林丽,NO,NO,NO_ADJACENT_QUOTE,8ebc835ff9bc3206d1a17e429235be2109f3e09ef01182638bb0a6a775c044d7,52d7c3dd7a07d1fd757a582992f2bc8f15ca65663c154bfa8eead3fb6c61ae71
915,914,中山大学肿瘤防治中心,林焕新,https://www.sysucc.org.cn/node/1657,638,临床专家 面包屑 首页 / 临床科室 / 放疗系列 / 放疗科 / 临床专家 林焕新 ,43,595,0,43,START,SYSUCC_CLINICAL_EXPERT,林焕新,NO,NO,NO_ADJACENT_QUOTE,4cbe638674f1bd062492045ebd1e6ddf0522699552e14db7e36ae98414d42976,40c3888fd439ff0b3b223f1784b820c5c1524231ce09e1d78d69fa2c09aae2da
916,915,中山大学肿瘤防治中心,欧阳普云,https://www.sysucc.org.cn/node/1724,1681,临床专家 面包屑 首页 / 临床科室 / 放疗系列 / 放疗科 / 临床专家 欧阳普云 ,44,1637,0,44,START,SYSUCC_CLINICAL_EXPERT,欧阳普云,NO,NO,NO_ADJACENT_QUOTE,b9206b61fa8d536bc35ef20904c73b94f268cb3fba07039c4ad693e329797e80,2cfd5575b3bcac2eb651f3cd8da066ec0550f6e3529b922626cd5e9a427af1c0
917,916,中山大学肿瘤防治中心,欧阳翼,https://www.sysucc.org.cn/node/1714,160,临床专家 面包屑 首页 / 临床科室 / 放疗系列 / 放疗科 / 临床专家 欧阳翼 ,43,117,0,43,START,SYSUCC_CLINICAL_EXPERT,欧阳翼,NO,NO,NO_ADJACENT_QUOTE,9a128c1c9e55a8b403413a2620e45f4b17447d833f938061034cb586ad58b693,83f6f74b40bbf8f984c728d879bb9b029e558b0e9c709f3dc4caebe022175bbd
918,917,中山大学肿瘤防治中心,毛燕萍,https://www.sysucc.org.cn/node/1679,1297,临床专家 面包屑 首页 / 临床科室 / 放疗系列 / 放疗科 / 临床专家 毛燕萍 ,43,1254,0,43,START,SYSUCC_CLINICAL_EXPERT,毛燕萍,NO,NO,NO_ADJACENT_QUOTE,76e1dbf1e882da811370e5765c8d355a729ab4c5e90e9e86608e381d2c7ed558,388425dc1aa45ad660407df1effb91a4c314b253f53536cd9a9a8d797458fda1
919,918,中山大学肿瘤防治中心,王俏镟,https://www.sysucc.org.cn/node/6461,804,临床专家 面包屑 首页 / 临床科室 / 放疗系列 / 放疗科 / 临床专家 王俏镟 ,43,761,0,43,START,SYSUCC_CLINICAL_EXPERT,王俏镟,NO,NO,NO_ADJACENT_QUOTE,0b0e43d7540283af3360757f5425050899adbcb1ce8257d449f12435c2eab5dc,bded4513d9286ca40f3bc2803b043b71a93033f6e96e4f4b260feb55026ef64c
920,919,中山大学肿瘤防治中心,王大权,https://www.sysucc.org.cn/node/7470,464,临床专家 面包屑 首页 / 临床科室 / 放疗系列 / 放疗科 / 临床专家 王大权 ,43,421,0,43,START,SYSUCC_CLINICAL_EXPERT,王大权,NO,NO,NO_ADJACENT_QUOTE,a0913e99e0b48701b339149e73f73d842e1db11fe21d05576c6c3e28d3eb0f49,bc54b79a1435167b57cf578b09cc0dda30eab649cad76029114a5cf405243745
921,920,中山大学肿瘤防治中心,祝喻甲,https://www.sysucc.org.cn/node/1700,485,临床专家 面包屑 首页 / 临床科室 / 放疗系列 / 放疗科 / 临床专家 祝喻甲 ,43,442,0,43,START,SYSUCC_CLINICAL_EXPERT,祝喻甲,NO,NO,NO_ADJACENT_QUOTE,9d9c07652c66a752c89d0066c3a8b9c0ac0a576e5a6af6c040e08e8016623ae6,66b1d21324f114f6d35cab3bbcb39bb546d1abf5252c90aa9e1085ba13f085d8
922,921,中山大学肿瘤防治中心,罗伟,https://www.sysucc.org.cn/node/1667,1800,临床专家 面包屑 首页 / 临床科室 / 放疗系列 / 放疗科 / 临床专家 罗伟 ,42,1758,0,42,START,SYSUCC_CLINICAL_EXPERT,罗伟,NO,NO,NO_ADJACENT_QUOTE,6f3a0e02d71003dbfa22b72a426b9055e87298b021fcb7719dd07f27a6e9128f,44eb71f4b206d40cf41c0585dd01a3dcdc95033bb9b19e8463d82bf2e61ba82d
923,922,中山大学肿瘤防治中心,肖巍魏,https://www.sysucc.org.cn/node/1682,1800,临床专家 面包屑 首页 / 临床科室 / 放疗系列 / 放疗科 / 临床专家 肖巍魏 ,43,1757,0,43,START,SYSUCC_CLINICAL_EXPERT,肖巍魏,NO,NO,NO_ADJACENT_QUOTE,1fb12f401dbbb47a7e2fc62babbc9a41dc1694404be3e891ef673a2637e0336b,9ef2cc6ab2a5e64e5c97445d220f4c3f098d13743c7e3ed778c6d15a0b3949b6
924,923,中山大学肿瘤防治中心,胡伟汉,https://www.sysucc.org.cn/node/1668,1800,临床专家 面包屑 首页 / 临床科室 / 放疗系列 / 放疗科 / 临床专家 胡伟汉 ,43,1757,0,43,START,SYSUCC_CLINICAL_EXPERT,胡伟汉,NO,NO,NO_ADJACENT_QUOTE,04ac3bbfb96ca56ec93600bb21d2dbdd5e50553621be418dbefa328d9fe9c8e9,d307294a929436d4a24903a25c6c73b40ea5c9bce0a6f090491f68037ddf4116
925,924,中山大学肿瘤防治中心,胡永红,https://www.sysucc.org.cn/node/1671,572,临床专家 面包屑 首页 / 临床科室 / 放疗系列 / 放疗科 / 临床专家 胡永红 ,43,529,0,43,START,SYSUCC_CLINICAL_EXPERT,胡永红,NO,NO,NO_ADJACENT_QUOTE,0109dc7b6c79a78ce886bde0f77bf791edd0b6c3186c45c9b3ffe55147be1648,152c731ee69738aff7b69c3bd8fb85704750a5b4cc88e78c45363c4bebe1bb8a
927,926,中山大学肿瘤防治中心,董百强,https://www.sysucc.org.cn/node/8486,182,临床专家 面包屑 首页 / 临床科室 / 放疗系列 / 放疗科 / 临床专家 董百强 ,43,139,0,43,START,SYSUCC_CLINICAL_EXPERT,董百强,NO,NO,NO_ADJACENT_QUOTE,3e5a172863a7ff2b29be4f79fe8fbc9329890277d645e454d4329a70a0c22833,2345bc04fb1cc3ddba4f89425ca0a4bd9734f8a2a13bb21b5a2e0c297f77c3ad
928,927,中山大学肿瘤防治中心,蔡玲,https://www.sysucc.org.cn/node/1674,328,临床专家 面包屑 首页 / 临床科室 / 放疗系列 / 放疗科 / 临床专家 蔡玲 ,42,286,0,42,START,SYSUCC_CLINICAL_EXPERT,蔡玲,NO,NO,NO_ADJACENT_QUOTE,21d6896286cb9d613973ef7b43d47ba1a461f8a09b9e94430383bb6b8507313d,bb5ffba3a93da1f1752f62121d565c3ecb9e047da4fe3934625f953691a787c7
929,928,中山大学肿瘤防治中心,谢方云,https://www.sysucc.org.cn/node/1663,1800,临床专家 面包屑 首页 / 临床科室 / 放疗系列 / 放疗科 / 临床专家 谢方云 ,43,1757,0,43,START,SYSUCC_CLINICAL_EXPERT,谢方云,NO,NO,NO_ADJACENT_QUOTE,35bb2b5197cd06fe630ef09ece8784894011192afbd3f643586308996a4d5ecb,de1c7d1e02d0eee9bd34e709bb547b3b5b12345561114f70b81c701994513c83
930,929,中山大学肿瘤防治中心,赵磊,https://www.sysucc.org.cn/node/1717,1800,临床专家 面包屑 首页 / 临床科室 / 放疗系列 / 放疗科 / 临床专家 赵磊 ,42,1758,0,42,START,SYSUCC_CLINICAL_EXPERT,赵磊,NO,NO,NO_ADJACENT_QUOTE,2a8a6eeb50c996c331ba7845da4788d07717f0358408930109cfc4c9c5c9d026,8eb8ad2d6387f92ad7d53302f360466d367e5b845fa71db7c141e08bca7fe5b7
931,930,中山大学肿瘤防治中心,邓美玲,https://www.sysucc.org.cn/node/1709,189,临床专家 面包屑 首页 / 临床科室 / 放疗系列 / 放疗科 / 临床专家 邓美玲 ,43,146,0,43,START,SYSUCC_CLINICAL_EXPERT,邓美玲,NO,NO,NO_ADJACENT_QUOTE,2685db4ca97c47e84ec5859a2f97e5a3a02b4b0c31d4a416a9ce11f75fa27bad,60a170ae1317fab6ec38b90daa0b717b2f5b880652748b2e23b03582066aaa55
932,931,中山大学肿瘤防治中心,邱波,https://www.sysucc.org.cn/node/1715,399,临床专家 面包屑 首页 / 临床科室 / 放疗系列 / 放疗科 / 临床专家 邱波 ,42,357,0,42,START,SYSUCC_CLINICAL_EXPERT,邱波,NO,NO,NO_ADJACENT_QUOTE,77c03d5f627d0884b5d34541a3289a785e04bc1149eb6db21f3409f40394be6b,561a75a785c8cc4c75d1d31ec602ba934ad9fd98fed7a5eee6dc38c5f9d98cf1
933,932,中山大学肿瘤防治中心,郭蕊,https://www.sysucc.org.cn/node/1710,837,临床专家 面包屑 首页 / 临床科室 / 放疗系列 / 放疗科 / 临床专家 郭蕊 ,42,795,0,42,START,SYSUCC_CLINICAL_EXPERT,郭蕊,NO,NO,NO_ADJACENT_QUOTE,973716dc0ec52da3c17d2fc812f44fdcce731439edbbee7ae113701c6e4d4598,fcf17ce154824bbcfd206cd255e59f5974dcd4ad552dd7612fec012403d1c6fb
934,933,中山大学肿瘤防治中心,陈佛平,https://www.sysucc.org.cn/node/6455,674,临床专家 面包屑 首页 / 临床科室 / 放疗系列 / 放疗科 / 临床专家 陈佛平 ,43,631,0,43,START,SYSUCC_CLINICAL_EXPERT,陈佛平,NO,NO,NO_ADJACENT_QUOTE,e24c5e55bd5b56a3704cd2fb9e9da5b8b29831b4c33163d02cc2b902ab52b2f1,65735cf4bf7437bc726033f3297b3a2c89e4258da0c95bf0f4b6bbc7a76e9ef3
935,934,中山大学肿瘤防治中心,陈凯,https://www.sysucc.org.cn/node/5764,413,临床专家 面包屑 首页 / 临床科室 / 放疗系列 / 放疗科 / 临床专家 陈凯 ,42,371,0,42,START,SYSUCC_CLINICAL_EXPERT,陈凯,NO,NO,NO_ADJACENT_QUOTE,bf7d927cbeb1961bfee8e874965502900a4ca3c5f028e6bc83ac3eca71601425,77fa7d3e428ab6c5c506b89d6367aa49d2f26fe05322e9ea2339c4edcd24ed25
936,935,中山大学肿瘤防治中心,陈媛媛,https://www.sysucc.org.cn/node/1687,1800,临床专家 面包屑 首页 / 临床科室 / 放疗系列 / 放疗科 / 临床专家 陈媛媛 ,43,1757,0,43,START,SYSUCC_CLINICAL_EXPERT,陈媛媛,NO,NO,NO_ADJACENT_QUOTE,819b0f943e9b380aadf6df9450c7b265f0f8efaba78ff95b8aff74e6cb140d68,84afb152db4daab632c09eb3139ca67ddd728721bd72dea3d759663b3f2dd972
937,936,中山大学肿瘤防治中心,陈宝清,https://www.sysucc.org.cn/node/1706,1800,临床专家 面包屑 首页 / 临床科室 / 放疗系列 / 放疗科 / 临床专家 陈宝清 ,43,1757,0,43,START,SYSUCC_CLINICAL_EXPERT,陈宝清,NO,NO,NO_ADJACENT_QUOTE,7902297000289e6aedfdf78624284c3928ac25b18c7921c6796483a78c32de09,9f80e7f61326421b6772067c18862f88ea6b8be2fdf6cea01f01ac4d5bc27b62
938,937,中山大学肿瘤防治中心,陈明,https://www.sysucc.org.cn/node/1655,1800,临床专家 面包屑 首页 / 临床科室 / 放疗系列 / 放疗科 / 临床专家 陈明 ,42,1758,0,42,START,SYSUCC_CLINICAL_EXPERT,陈明,NO,NO,NO_ADJACENT_QUOTE,e1c7bc47b72c553504cd5e376846dd4ee51f7de49e77887c66bb82883ab68faa,af223130eaada1c192ecccd1d7a348e20341fb66bdb67589a7c688c71c75afa7
939,938,中山大学肿瘤防治中心,陈春燕,https://www.sysucc.org.cn/node/1699,909,临床专家 面包屑 首页 / 临床科室 / 放疗系列 / 放疗科 / 临床专家 陈春燕 ,43,866,0,43,START,SYSUCC_CLINICAL_EXPERT,陈春燕,NO,NO,NO_ADJACENT_QUOTE,ed5767fea6a65065abf91c38b2dc746c448bc4313992e70836f318242bcdd5e5,729fa54bef4da73a1a387c8beb59dc18c4563239dd3b6194aa10de23a50e0a32
940,939,中山大学肿瘤防治中心,陈晨,https://www.sysucc.org.cn/node/1720,631,临床专家 面包屑 首页 / 临床科室 / 放疗系列 / 放疗科 / 临床专家 陈晨 ,42,589,0,42,START,SYSUCC_CLINICAL_EXPERT,陈晨,NO,NO,NO_ADJACENT_QUOTE,aa889addc8fced9f4aad528dbafbc38b1c66682d73fbf34055dfad031aca5602,d87f6eadb727db70e00ea365c1e64f95e8559f91c1b76c230392b03f594c7de7
941,940,中山大学肿瘤防治中心,陈磊,https://www.sysucc.org.cn/node/1707,1047,临床专家 面包屑 首页 / 临床科室 / 放疗系列 / 放疗科 / 临床专家 陈磊 ,42,1005,0,42,START,SYSUCC_CLINICAL_EXPERT,陈磊,NO,NO,NO_ADJACENT_QUOTE,8c128767e46f6f46094aa07c5b8f49c5f2d69cda8345a86b480104b62b9fd63e,4c4259cfd3593a0f9ba7a6ea61c3299c04e7a8d869628c494a9645d73c744f48
942,941,中山大学肿瘤防治中心,陈雨沛,https://www.sysucc.org.cn/node/1708,479,临床专家 面包屑 首页 / 临床科室 / 放疗系列 / 放疗科 / 临床专家 陈雨沛 ,43,436,0,43,START,SYSUCC_CLINICAL_EXPERT,陈雨沛,NO,NO,NO_ADJACENT_QUOTE,0e1e926ddc5db98e421ea1071c5ad0cd91c011c2ba977e535bb0a39df7ba9519,7e7d35dad70347ffb552e40456049493dd7c796961d35b198abeaa18fc5d5270
943,942,中山大学肿瘤防治中心,陶亚岚,https://www.sysucc.org.cn/node/1725,350,临床专家 面包屑 首页 / 临床科室 / 放疗系列 / 放疗科 / 临床专家 陶亚岚 ,43,307,0,43,START,SYSUCC_CLINICAL_EXPERT,陶亚岚,NO,NO,NO_ADJACENT_QUOTE,16897248a36c366197915158cf3f615e8078f0c5216404d24ff0942b1f71052c,2b61a1bc408f4daee0653328ebf986f1572aef3105fc7be74e7f7c9f42fd875d
944,943,中山大学肿瘤防治中心,霍蓝青,https://www.sysucc.org.cn/node/8578,320,临床专家 面包屑 首页 / 临床科室 / 放疗系列 / 放疗科 / 临床专家 霍蓝青 ,43,277,0,43,START,SYSUCC_CLINICAL_EXPERT,霍蓝青,NO,NO,NO_ADJACENT_QUOTE,3e3062c0cb17a38e64610d72a4b88f543b686829067db4886dd6db298a052a39,a57ebef13e7826210502c675c8d2e49ccf9aae588c0d780a2764c4bec49ab989
945,944,中山大学肿瘤防治中心,韩非,https://www.sysucc.org.cn/node/1670,1800,临床专家 面包屑 首页 / 临床科室 / 放疗系列 / 放疗科 / 临床专家 韩非 ,42,1758,0,42,START,SYSUCC_CLINICAL_EXPERT,韩非,NO,NO,NO_ADJACENT_QUOTE,d5670ce2ff1283ae8d16328e1e6e87aa31b601f140e1ecb570103fc4221cc465,cddbdc69c84d79f4d191d08bc1d37534aa4a8015c44d76aa10e9a6c568071517
946,945,中山大学肿瘤防治中心,马骏,https://www.sysucc.org.cn/node/1653,1800,临床专家 面包屑 首页 / 临床科室 / 放疗系列 / 放疗科 / 临床专家 马骏 ,42,1758,0,42,START,SYSUCC_CLINICAL_EXPERT,马骏,NO,NO,NO_ADJACENT_QUOTE,777a34e64c7cd7b666da613e04487b328e1172fbdf431f35cd3c43d209e4fa9e,bc9edeb28f7c772c3f4703cdf43744f97481a516aeacc35e43b9ca088ec2556d
947,946,中山大学肿瘤防治中心,高剑铭,https://www.sysucc.org.cn/node/1692,86,临床专家 面包屑 首页 / 临床科室 / 放疗系列 / 放疗科 / 临床专家 高剑铭 ,43,43,0,43,START,SYSUCC_CLINICAL_EXPERT,高剑铭,NO,NO,NO_ADJACENT_QUOTE,24ddbcf7d3df8c14ba76592f9831b4cf0a7574567591a0380b0eef4de5f1cd49,e2e9129871a173507ad189dfd21dc521b9989ab3f84771adcd18f43a927f35c5
948,947,中山大学肿瘤防治中心,高远红,https://www.sysucc.org.cn/node/1659,1800,临床专家 面包屑 首页 / 临床科室 / 放疗系列 / 放疗科 / 临床专家 高远红 ,43,1757,0,43,START,SYSUCC_CLINICAL_EXPERT,高远红,NO,NO,NO_ADJACENT_QUOTE,3e1d9d3ab3699157c0c6ab2d80a29e9292b4d3d2490a48418758716d018ca884,2a63129f63d527705633812ebe059091c828fe42c17b6f60eb659b71516e97c1
949,948,中山大学肿瘤防治中心,黄晓丹,https://www.sysucc.org.cn/node/6666,619,临床专家 面包屑 首页 / 临床科室 / 放疗系列 / 放疗科 / 临床专家 黄晓丹 ,43,576,0,43,START,SYSUCC_CLINICAL_EXPERT,黄晓丹,NO,NO,NO_ADJACENT_QUOTE,ef522547a3e44db6a81a4e2c91247ecb88205cff2893e88bd28ea9daeae6552c,38138d52651a3965f94a6445007969e765289b7425246b28359cb2fcb3e718b5
950,949,中山大学肿瘤防治中心,黄莹,https://www.sysucc.org.cn/node/1680,1800,临床专家 面包屑 首页 / 临床科室 / 放疗系列 / 放疗科 / 临床专家 黄莹 ,42,1758,0,42,START,SYSUCC_CLINICAL_EXPERT,黄莹,NO,NO,NO_ADJACENT_QUOTE,2e1b37dce6424df1e7342a357113ffa8235784612813bc68452768ca5e8b6259,0c90bd28d7022f5521b3dace5e04cf5de0f05b78df436fd1924600ee392c56c5
951,950,中山大学肿瘤防治中心,邓婷,https://www.sysucc.org.cn/node/3706,1274,临床专家 面包屑 首页 / 临床科室 / 外科系列 / 妇科 / 临床专家 邓婷 ,41,1233,0,41,START,SYSUCC_CLINICAL_EXPERT,邓婷,NO,NO,NO_ADJACENT_QUOTE,e35e9d9b82f26851226633c2d6f1d0255f66134d28e8264c4f3add4072d7dfdc,03e1660764de60261efc1f8b675cd4965ba3c3f78208bb9c5b644a08ed61e512
952,951,中山大学肿瘤防治中心,张伟光,https://www.sysucc.org.cn/node/3892,69,临床专家 面包屑 首页 / 临床科室 / 平台科室 / 核医学科 / 临床专家 张伟光 ,44,25,0,44,START,SYSUCC_CLINICAL_EXPERT,张伟光,NO,NO,NO_ADJACENT_QUOTE,a3788422a2add8a56b9424e9cace988f3375233fd0fabe5dd69d1e9802259b70,b6402d2811834745d1ce4a8343fd547a2f30a2edf0344d81051a22fc7f0b48a6
953,952,中山大学肿瘤防治中心,林晓平,https://www.sysucc.org.cn/node/7556,92,临床专家 面包屑 首页 / 临床科室 / 平台科室 / 核医学科 / 临床专家 林晓平 ,44,48,0,44,START,SYSUCC_CLINICAL_EXPERT,林晓平,NO,NO,NO_ADJACENT_QUOTE,17d049ff61da3e2f3900efa76fe424d0d72657ba43719fa9243cdcd39315c8c3,e1e2720dfa6e15e664b2fae295cc186f71dfa110d120112728518178978035c6
954,953,中山大学肿瘤防治中心,樊卫,https://www.sysucc.org.cn/node/3890,1800,临床专家 面包屑 首页 / 临床科室 / 平台科室 / 核医学科 / 临床专家 樊卫 ,43,1757,0,43,START,SYSUCC_CLINICAL_EXPERT,樊卫,NO,NO,NO_ADJACENT_QUOTE,42b444f9c4ea4aee4e203a450e0b34ded98c6219694af1932ef25af902f7014d,190caefbda54fb5862a3d8ce876713684f21556ec55af390d563e205f2e5c848
955,954,中山大学肿瘤防治中心,胡莹莹,https://www.sysucc.org.cn/node/8175,1800,临床专家 面包屑 首页 / 临床科室 / 平台科室 / 核医学科 / 临床专家 胡莹莹 ,44,1756,0,44,START,SYSUCC_CLINICAL_EXPERT,胡莹莹,NO,NO,NO_ADJACENT_QUOTE,039595f4419dae80fb1b3925505cb651103146560dcd7df7e7977d8f77bdaf35,84e554d06d9a38c83acc4b93c4e59dd3bcc2ba7cc0fdd35d747a28ee22429115
956,955,中山大学肿瘤防治中心,何霞,https://www.sysucc.org.cn/node/13431,59,临床专家 面包屑 首页 / 临床科室 / 平台科室 / 检验科 / 临床专家 何霞 ,42,17,0,42,START,SYSUCC_CLINICAL_EXPERT,何霞,NO,NO,NO_ADJACENT_QUOTE,186d4e2f21bf20f3076c3f01e87892fc87499935debc3bbedd402eed892fdc50,32a751e032aa95f7bbf8e3e8de20c82877942f75a546bdaf53564f31e8465abf
957,956,中山大学肿瘤防治中心,刘万里,https://www.sysucc.org.cn/node/3874,298,临床专家 面包屑 首页 / 临床科室 / 平台科室 / 检验科 / 临床专家 刘万里 ,43,255,0,43,START,SYSUCC_CLINICAL_EXPERT,刘万里,NO,NO,NO_ADJACENT_QUOTE,2b03380d4cfff1038163bfd2bdadd5c49e812744aa6c1c034f5cbd3d4838af48,95e5a03ef09f63bc8506c1254c9393531fcc8f666656ce755cf4bab95eddd77a
958,957,中山大学肿瘤防治中心,刘晓华,https://www.sysucc.org.cn/node/3888,56,临床专家 面包屑 首页 / 临床科室 / 平台科室 / 检验科 / 临床专家 刘晓华 ,43,13,0,43,START,SYSUCC_CLINICAL_EXPERT,刘晓华,NO,NO,NO_ADJACENT_QUOTE,b58d4e45f6d1bca2265e342fb29f9efacc30f2c2c719c063626f0102ba84b69e,bf24087afa415ff0376431d6f7434835ce2322607fa2d97509c2ae60cd39caae
959,958,中山大学肿瘤防治中心,刘纹,https://www.sysucc.org.cn/node/3887,50,临床专家 面包屑 首页 / 临床科室 / 平台科室 / 检验科 / 临床专家 刘纹 ,42,8,0,42,START,SYSUCC_CLINICAL_EXPERT,刘纹,NO,NO,NO_ADJACENT_QUOTE,9da2d7d8d6188eed8df3d07ccabdb5c5755fa4d229d5456b05bc2d192db0e5de,10807c821b79bb7626caf0ea5dfc70bfd33d30748ea60642a5712a7a824007f0
960,959,中山大学肿瘤防治中心,吴兴平,https://www.sysucc.org.cn/node/3878,77,临床专家 面包屑 首页 / 临床科室 / 平台科室 / 检验科 / 临床专家 吴兴平 ,43,34,0,43,START,SYSUCC_CLINICAL_EXPERT,吴兴平,NO,NO,NO_ADJACENT_QUOTE,a41379a09fccd9a9c63f9b672f0c9966c492c3c74cf25b2faf6a767919c95c02,27b8205901a07cff076454b97c7349e4c8be24fb30a907dc0bde6609097072f5
961,960,中山大学肿瘤防治中心,张琳 学历 /学位： 博士（肿瘤学） Department （,https://www.sysucc.org.cn/node/3883,1800,临床专家 面包屑 首页 / 临床科室 / 平台科室 / 检验科 / 临床专家 张琳 ,42,1758,0,42,START,SYSUCC_CLINICAL_EXPERT,张琳,YES,NO,NO_ADJACENT_QUOTE,98277f5e18b965822f5217c1429f07a2ee95e2de289cea2bc8ddec7785198098,8c21941052006de3434cca954a7adf7b68b63b540772e9e6a8858cb1d8ec4812
962,961,中山大学肿瘤防治中心,戴淑琴,https://www.sysucc.org.cn/node/3875,1108,临床专家 面包屑 首页 / 临床科室 / 平台科室 / 检验科 / 临床专家 戴淑琴 ,43,1065,0,43,START,SYSUCC_CLINICAL_EXPERT,戴淑琴,NO,NO,NO_ADJACENT_QUOTE,344ee148ec153f4f745133b0dc512c070b2631039434d14d691c4fa5882afd25,ad3319996909c76b6b6db45ee0a3151ee6ac634f1222ae8a0cf351f618f28483
963,962,中山大学肿瘤防治中心,李健沛,https://www.sysucc.org.cn/node/3885,60,临床专家 面包屑 首页 / 临床科室 / 平台科室 / 检验科 / 临床专家 李健沛 ,43,17,0,43,START,SYSUCC_CLINICAL_EXPERT,李健沛,NO,NO,NO_ADJACENT_QUOTE,f1edd9149ccf63a0cd38506486f77eb77ee331f08962c28e2da5e7d48f542378,3aa373b4d02cc27aaf38f47a96a76673390f2d0a4eea4516ce6f4b01fa4389d3
964,963,中山大学肿瘤防治中心,林月好,https://www.sysucc.org.cn/node/3876,68,临床专家 面包屑 首页 / 临床科室 / 平台科室 / 检验科 / 临床专家 林月好 ,43,25,0,43,START,SYSUCC_CLINICAL_EXPERT,林月好,NO,NO,NO_ADJACENT_QUOTE,fce162fdc643ebdef307a26856fb82d52615ed43dad5a5b3427d94e599f6a497,b6402d2811834745d1ce4a8343fd547a2f30a2edf0344d81051a22fc7f0b48a6
965,964,中山大学肿瘤防治中心,池沛冬,https://www.sysucc.org.cn/node/3882,1800,临床专家 面包屑 首页 / 临床科室 / 平台科室 / 检验科 / 临床专家 池沛冬 ,43,1757,0,43,START,SYSUCC_CLINICAL_EXPERT,池沛冬,NO,NO,NO_ADJACENT_QUOTE,86f0b23e312578a1e8c40e009bf791d301dd7ba3fe8c2e9b69fa766971c58dc0,9cb61a2e4d3cca1974ea2c969137f0e8ad31f49ac20760b32da31660f467ca9e
966,965,中山大学肿瘤防治中心,王雪萍,https://www.sysucc.org.cn/node/13430,121,临床专家 面包屑 首页 / 临床科室 / 平台科室 / 检验科 / 临床专家 王雪萍 ,43,78,0,43,START,SYSUCC_CLINICAL_EXPERT,王雪萍,NO,NO,NO_ADJACENT_QUOTE,da36946f9d69924bbd1a151db8d5ccb5b5df0e2c241cc540dc43043d8c380411,e428ecb918eb4cddf2d350338d4edf8bc11a359daa3c7f1ad90f03ae1462ce8b
967,966,中山大学肿瘤防治中心,罗敏,https://www.sysucc.org.cn/node/12181,304,临床专家 面包屑 首页 / 临床科室 / 平台科室 / 检验科 / 临床专家 罗敏 ,42,262,0,42,START,SYSUCC_CLINICAL_EXPERT,罗敏,NO,YES,NO_ADJACENT_QUOTE,17dbaae51df5db3c1d3ed538f8d07aa4678e23e8c7ae6b5fac1f38787481eb5c,9e61fbeff0748b63fa242d134aace50adedb09e45b37edc86d95132e2d8bd1a3
968,967,中山大学肿瘤防治中心,罗耀凌,https://www.sysucc.org.cn/node/3881,68,临床专家 面包屑 首页 / 临床科室 / 平台科室 / 检验科 / 临床专家 罗耀凌 ,43,25,0,43,START,SYSUCC_CLINICAL_EXPERT,罗耀凌,NO,NO,NO_ADJACENT_QUOTE,cf9964aa2a25d2f286d18a8f60a94ba299110ebfc714f2898ae4d6fc994b6e9f,b6402d2811834745d1ce4a8343fd547a2f30a2edf0344d81051a22fc7f0b48a6
969,968,中山大学肿瘤防治中心,邝妙欢,https://www.sysucc.org.cn/node/3879,68,临床专家 面包屑 首页 / 临床科室 / 平台科室 / 检验科 / 临床专家 邝妙欢 ,43,25,0,43,START,SYSUCC_CLINICAL_EXPERT,邝妙欢,NO,NO,NO_ADJACENT_QUOTE,3eb10006f70f5f9b6720d74d9f1a0c3c1a038a71aeb7afae05388d3e93bdd5be,b6402d2811834745d1ce4a8343fd547a2f30a2edf0344d81051a22fc7f0b48a6
970,969,中山大学肿瘤防治中心,邢珊,https://www.sysucc.org.cn/node/13429,212,临床专家 面包屑 首页 / 临床科室 / 平台科室 / 检验科 / 临床专家 邢珊 ,42,170,0,42,START,SYSUCC_CLINICAL_EXPERT,邢珊,NO,NO,NO_ADJACENT_QUOTE,e19d5cf323bd207dafe34597f6fb0721e3cfebf3ce246edd465e208d05b6f7b6,5c7fef562554d71c8e3eed765b88eccb5d89ab10ed36a626d029c6648c26ad00
971,970,中山大学肿瘤防治中心,郑炘,https://www.sysucc.org.cn/node/3889,1800,临床专家 面包屑 首页 / 临床科室 / 平台科室 / 检验科 / 临床专家 郑炘 ,42,1758,0,42,START,SYSUCC_CLINICAL_EXPERT,郑炘,NO,NO,NO_ADJACENT_QUOTE,6cc3ae687fbe0201240a9d8b517052b08198ee74ed69c9ef36b8b8bd703fd395,4d8b4bac92468484e0c823f019925698a1c8746192959778a615b7a9c40e93e1
972,971,中山大学肿瘤防治中心,钟茜,https://www.sysucc.org.cn/node/12088,1800,临床专家 面包屑 首页 / 临床科室 / 平台科室 / 检验科 / 临床专家 钟茜 ,42,1758,0,42,START,SYSUCC_CLINICAL_EXPERT,钟茜,NO,NO,NO_ADJACENT_QUOTE,c254f8c060855b221a47d2714c42def11c91770667f405923f16e2d7a3530b11,5cd6581154a00f2decd155112bc196f57c6f82a000764267e5d9a1ad85cd5219
973,972,中山大学肿瘤防治中心,陈树林,https://www.sysucc.org.cn/node/3886,51,临床专家 面包屑 首页 / 临床科室 / 平台科室 / 检验科 / 临床专家 陈树林 ,43,8,0,43,START,SYSUCC_CLINICAL_EXPERT,陈树林,NO,NO,NO_ADJACENT_QUOTE,06527b13e9b3125ce56aec16edf6c97cb8ef784745bc475e287da56b68d6cf6b,10807c821b79bb7626caf0ea5dfc70bfd33d30748ea60642a5712a7a824007f0
974,973,中山大学肿瘤防治中心,陈浩,https://www.sysucc.org.cn/node/3884,67,临床专家 面包屑 首页 / 临床科室 / 平台科室 / 检验科 / 临床专家 陈浩 ,42,25,0,42,START,SYSUCC_CLINICAL_EXPERT,陈浩,NO,NO,NO_ADJACENT_QUOTE,a76f3cf1f5e45b12f32118ff5ee6cb6a0e1c4e1d0aa2836e7f58040b54ab7545,b6402d2811834745d1ce4a8343fd547a2f30a2edf0344d81051a22fc7f0b48a6
975,974,中山大学肿瘤防治中心,"BMI-1通过抑制PTEN表达，诱导膀胱癌细胞上皮间质化促进膀胱癌浸润转移的相关机制研究）（编号：81072101） （2011-2013年），为课题负责人 主编或编写专著： 1．《膀胱癌》广东科技出版社，2008年第1版，主要编写 2．《泌尿生殖系肿瘤外科手术图谱》人民卫生出版社，2013年第1版，参加编写， 发表论文: 第一作者或通讯作者： 1. 脐尿管癌14例临床分析. 癌症, 2008, (09),966-969. 2. 婴幼儿I期睾丸卵黄囊瘤的临床分析(附10例报告) 癌症, 2008,(11), 1226-1228. 3. 术中诊断无症状嗜铬细胞瘤的应急处理—附11例报告 癌症, 2008,(05),531-534. 4. 局限性肾癌保留肾单位手术治疗分析(附63例报告) 中国癌症杂志, 2008,(03),209-211. 5.存活素和血管内皮生长因子蛋白在肾上腺肿瘤中的表达及其临床意义.中华泌尿外科杂志, 2007， 28(Suppl),14-17. 6.膀胱癌组织中Bmi-1蛋白表达及其临床意义. 癌症， 2008，27（12）：1327-1330, . 7. 睾丸弥漫性大B细胞淋巴瘤临床及病理特点分析(附21例报告). 中国癌症杂志, 2009, (08),619-624. 8. Intra-arterial Chemotherapy Is Reliable in Preventing High-risk Superficial Bladder Cancer from Recurrence and Progression. Journal of Chemotherapy. 2009，21(6): 681-686 . 9. Expression of Bmi-1 is a Prognostic Marker in Bladder Cancer. BMC Cancer,2009， 9: 61-68 . 10．调强适形放疗治疗前列腺癌的临床疗效分析(附13例报告).现代泌尿外科杂志, 2011, (02), 108-111. 11. Clipping the extremity of ureter prior to nephroureterectomy is effective for preventing subsequent bladder recurrence after upper urinary tract urothelial carcinoma. Chin Med J (Engl).125(21):3821-6,2012. 12. Clinical Analysis of Management of Pediatric Testicular Germ Cell Tumors Urology.2012， 79(4): 892-7 . 13. The risk factors for the presence of pelvic lymph node metastasis in penile squamous cell carcinoma patients with inguinal lymph node dissection. World J Urol. 2013，(6):1519-24. 14 Intra-arterial chemotherapy with gemcitabine and cisplatin in locally advanced or recurrent squamous cell carcinoma of penis. Chinese Journal of Cancer. 2013，(11):619-23. 15. 手术治疗孤立性肾上腺转移瘤的疗效分析——附22例报告.新医学, 2013,(05),332-335. 第二、三作者及其他： 1.输尿管移行细胞癌术后膀胱复发的危险因素分析。南方医科大学学报，2012（04）:557-9. 更新时间：2014.3.17",https://www.sysucc.org.cn/node/3723,1800,临床专家 面包屑 首页 / 临床科室 / 外科系列 / 泌尿外科 / 临床专家 秦自科 ,44,1756,0,44,START,SYSUCC_CLINICAL_EXPERT,秦自科,YES,NO,NO_ADJACENT_QUOTE,a08025e299d547edfed3442981ef7d8c7ceb6e249ded3fdd4b6d0bfbc9944973,b67490aa904fad96629aea67d4b1eaf122c5516627a5dac241fe60a2f7c423aa
976,975,中山大学肿瘤防治中心,刘卓炜,https://www.sysucc.org.cn/node/3720,1800,临床专家 面包屑 首页 / 临床科室 / 外科系列 / 泌尿外科 / 临床专家 刘卓炜 ,44,1756,0,44,START,SYSUCC_CLINICAL_EXPERT,刘卓炜,NO,NO,NO_ADJACENT_QUOTE,6810a2e383c7eabe0d058a9b531940c6eb2ae88dadb8d9dcd14aab0adc75b9cf,a0f492c44f9216ec4b9d098d87cab06a508b6f314042a2bfb61856bccd4ee391
977,976,中山大学肿瘤防治中心,刘振华,https://www.sysucc.org.cn/node/9133,355,临床专家 面包屑 首页 / 临床科室 / 外科系列 / 泌尿外科 / 临床专家 刘振华 ,44,311,0,44,START,SYSUCC_CLINICAL_EXPERT,刘振华,NO,NO,NO_ADJACENT_QUOTE,d8b71c0e826836382ff49447a854e43a2c025fef87ff0eb3996e123ba6bf04b4,284dd4bee317a681e203e1286d1252bbdd328bc1ae4475c8c4671f6847c321f9
978,977,中山大学肿瘤防治中心,危文素,https://www.sysucc.org.cn/node/8772,1800,临床专家 面包屑 首页 / 临床科室 / 外科系列 / 泌尿外科 / 临床专家 危文素 ,44,1756,0,44,START,SYSUCC_CLINICAL_EXPERT,危文素,NO,NO,NO_ADJACENT_QUOTE,1ec107a9a596a80e27987ba7b03d5d7a9f0de459c0deaa77d4b1e05e1e74c6d6,bf3aa086ba76406cf77687f923fa0a3f6a3388e80c8e4212399237a5d8bcbe3b
979,978,中山大学肿瘤防治中心,叶云林,https://www.sysucc.org.cn/node/3731,162,临床专家 面包屑 首页 / 临床科室 / 外科系列 / 泌尿外科 / 临床专家 叶云林 ,44,118,0,44,START,SYSUCC_CLINICAL_EXPERT,叶云林,NO,NO,NO_ADJACENT_QUOTE,99b5df730e26bc03fae43e52ec4fc3788d99a2b700539c03b74aa4b866a833ca,b571c93e77ccd23fc4ee7afb2c20621b325b6a025794225dfaf3a252377383ac
980,979,中山大学肿瘤防治中心,吴志明,https://www.sysucc.org.cn/node/3730,1155,临床专家 面包屑 首页 / 临床科室 / 外科系列 / 泌尿外科 / 临床专家 吴志明 ,44,1111,0,44,START,SYSUCC_CLINICAL_EXPERT,吴志明,NO,NO,NO_ADJACENT_QUOTE,13358c9f4c7a589fdaa24784bb41323d7b299fff68f187fcc7b9401d2411bf99,7f1f1eff9b6d72295deaf5b981d10c6ffecc482a1946207c2d3d4b9da3923b7b
981,980,中山大学肿瘤防治中心,周芳坚,https://www.sysucc.org.cn/node/3721,1392,临床专家 面包屑 首页 / 临床科室 / 外科系列 / 泌尿外科 / 临床专家 周芳坚 ,44,1348,0,44,START,SYSUCC_CLINICAL_EXPERT,周芳坚,NO,NO,NO_ADJACENT_QUOTE,6e74e8f05620fb0d2b3dc6bf125f66563837146b2d5c0525b25c8d5848cdae02,8ab5bf1cd65ec83c8df44a7f81f965b53504f834268b48e6b7d573c6bd95461d
982,981,中山大学肿瘤防治中心,尧凯,https://www.sysucc.org.cn/node/3724,1744,临床专家 面包屑 首页 / 临床科室 / 外科系列 / 泌尿外科 / 临床专家 尧凯 ,43,1701,0,43,START,SYSUCC_CLINICAL_EXPERT,尧凯,NO,NO,NO_ADJACENT_QUOTE,a5b1fc520d7fc294226a706946f13678ba4e928e8d85e75775e981595477bb85,1792d7f73db59f96b6e3536728767cb96e14dc54eab9f7cd5982cdff61d12831
983,982,中山大学肿瘤防治中心,张志凌,https://www.sysucc.org.cn/node/3726,672,临床专家 面包屑 首页 / 临床科室 / 外科系列 / 泌尿外科 / 临床专家 张志凌 ,44,628,0,44,START,SYSUCC_CLINICAL_EXPERT,张志凌,NO,NO,NO_ADJACENT_QUOTE,3a3e388f449662ac7fa08bf71b3e3c4877bb396858986d48e35e3d036c527c24,c0b3e1b06aaa0daf1fac7a70a78367abd96c9ed87fd6c03d98f3aafc00ef9614
984,983,中山大学肿瘤防治中心,李向东,https://www.sysucc.org.cn/node/3732,564,临床专家 面包屑 首页 / 临床科室 / 外科系列 / 泌尿外科 / 临床专家 李向东 ,44,520,0,44,START,SYSUCC_CLINICAL_EXPERT,李向东,NO,NO,NO_ADJACENT_QUOTE,cf80ea3ef56160bf5b0d9c60c2bd09de7809395640f0c7264ea959bb2f99a6cb,c46ec8ef150ecb900dd9faaed1f8c1c6b66fa44ad682d3e885973b25400b783e
985,984,中山大学肿瘤防治中心,李志勇,https://www.sysucc.org.cn/node/6437,84,临床专家 面包屑 首页 / 临床科室 / 外科系列 / 泌尿外科 / 临床专家 李志勇 ,44,40,0,44,START,SYSUCC_CLINICAL_EXPERT,李志勇,NO,NO,NO_ADJACENT_QUOTE,39c72479b28c271147334d2fe2d832313b193f4b12acb6b0426c9d1c52d870f9,151ac56466598e0da71de7a51702e877a4cdc801ff0854494c6ca7c10f94a0f5
986,985,中山大学肿瘤防治中心,李永红,https://www.sysucc.org.cn/node/3725,1800,临床专家 面包屑 首页 / 临床科室 / 外科系列 / 泌尿外科 / 临床专家 李永红 ,44,1756,0,44,START,SYSUCC_CLINICAL_EXPERT,李永红,NO,NO,NO_ADJACENT_QUOTE,efcb35aa81010825c8b34b4bb0625f3d3ed2559ce36d95dafad7e19092f07967,4a7b8341fdb5053e0f85f3394bb4fa76fa537a7d7d31d61081ac312db549a6d0
987,986,中山大学肿瘤防治中心,王骏,https://www.sysucc.org.cn/node/10096,242,临床专家 面包屑 首页 / 临床科室 / 外科系列 / 泌尿外科 / 临床专家 王骏 ,43,199,0,43,START,SYSUCC_CLINICAL_EXPERT,王骏,NO,NO,NO_ADJACENT_QUOTE,cbac229bf0a77ad14ddde26d19f6940e18d59be2f233325ecf459d501e4caf70,5d144dccf82e4f450309f048f333c674fc59375cc147e24eb47aea1695aedd84
988,987,中山大学肿瘤防治中心,董培,https://www.sysucc.org.cn/node/3728,1638,临床专家 面包屑 首页 / 临床科室 / 外科系列 / 泌尿外科 / 临床专家 董培 ,43,1595,0,43,START,SYSUCC_CLINICAL_EXPERT,董培,NO,NO,NO_ADJACENT_QUOTE,0ba1f1c92b404e6209f2b05f335d4ae64cb7832304692fde6b6c0714e0cc8165,7746de3dbadbb1e38699210a394654109c3013ffd54585e81c8322c0c69100b5
989,988,中山大学肿瘤防治中心,蒋丽娟,https://www.sysucc.org.cn/node/3735,711,临床专家 面包屑 首页 / 临床科室 / 外科系列 / 泌尿外科 / 临床专家 蒋丽娟 ,44,667,0,44,START,SYSUCC_CLINICAL_EXPERT,蒋丽娟,NO,NO,NO_ADJACENT_QUOTE,6cc051ce1794495bd6ab425d0a1ff4c11bcd3ca8f9fc82d79d2e0e7bb0236d3f,e361aa96268decbf3fb3cd933b7ab7880e4fc89085c0fe41dc40882c86c69b00
990,989,中山大学肿瘤防治中心,郭胜杰,https://www.sysucc.org.cn/node/3729,1452,临床专家 面包屑 首页 / 临床科室 / 外科系列 / 泌尿外科 / 临床专家 郭胜杰 ,44,1408,0,44,START,SYSUCC_CLINICAL_EXPERT,郭胜杰,NO,NO,NO_ADJACENT_QUOTE,e1dd27647b90faf7d14e206fbec5a9caa76f76fd25f3d45076aa5003725677b3,c9443881cb69f7127966bed6ebaadc94b000a65ae0d7812e4aad9fd20a21b071
991,990,中山大学肿瘤防治中心,陈东,https://www.sysucc.org.cn/node/3727,303,临床专家 面包屑 首页 / 临床科室 / 外科系列 / 泌尿外科 / 临床专家 陈东 ,43,260,0,43,START,SYSUCC_CLINICAL_EXPERT,陈东,NO,NO,NO_ADJACENT_QUOTE,60a70caaf48f7a594437c796050fa5d1eb2179758448f55bbfac00baaf3d9088,c2a9f1ae0447e3bc8adfe6730a74222da463598337c5866feeb8e85a0cbd03d1
992,991,中山大学肿瘤防治中心,韩辉,https://www.sysucc.org.cn/node/3722,1800,临床专家 面包屑 首页 / 临床科室 / 外科系列 / 泌尿外科 / 临床专家 韩辉 ,43,1757,0,43,START,SYSUCC_CLINICAL_EXPERT,韩辉,NO,NO,NO_ADJACENT_QUOTE,292a5cb1e73993bbdd7c93aa86dc90e627bece5436790179564aa278ef160029,102475498186fc8dd8d592d6380a38f265eb7cdf029eaee91985a5641071aefd
993,992,中山大学肿瘤防治中心,张湘衡,https://www.sysucc.org.cn/node/3711,1800,临床专家 面包屑 首页 / 临床科室 / 外科系列 / 神经外科 / 临床专家 张湘衡 ,44,1756,0,44,START,SYSUCC_CLINICAL_EXPERT,张湘衡,NO,NO,NO_ADJACENT_QUOTE,a83c9f36043bc14aacd644fed3a010e3b7df12cc718118be25752f077d161ef6,11d67ca1db95d7b4165a781682b61555092d965c2b2e83d5594f2b2e60fbe858
994,993,中山大学肿瘤防治中心,丁娅,https://www.sysucc.org.cn/node/3787,572,临床专家 面包屑 首页 / 临床科室 / 内科系列 / 生物治疗中心 / 临床专家 丁娅 ,45,527,0,45,START,SYSUCC_CLINICAL_EXPERT,丁娅,NO,NO,NO_ADJACENT_QUOTE,38d853bd9bf41e5b28e61b1cda1b4222f23bdb44d5550f1a950403f6abeb9711,13c7a4be4f0655b7a428b02ba0f077e3ba909cd831df64cb5ab13e5f8d6d6f47
995,994,中山大学肿瘤防治中心,夏建川,https://www.sysucc.org.cn/node/3781,1800,临床专家 面包屑 首页 / 临床科室 / 内科系列 / 生物治疗中心 / 临床专家 夏建川 ,46,1754,0,46,START,SYSUCC_CLINICAL_EXPERT,夏建川,NO,NO,NO_ADJACENT_QUOTE,82de64ab1db1c841815ce5c6f0a0c576e05e5a6412a398171ab01a933fb87c7f,48313175ed617cd1c2eef637590b73d6702a48c6b6ad0d628cd94d082ab7a280
996,995,中山大学肿瘤防治中心,张星,https://www.sysucc.org.cn/node/3783,1800,临床专家 面包屑 首页 / 临床科室 / 内科系列 / 生物治疗中心 / 临床专家 张星 ,45,1755,0,45,START,SYSUCC_CLINICAL_EXPERT,张星,NO,NO,NO_ADJACENT_QUOTE,a419e441e6fed16afb2a3267351382553f539d4679bd7342e5aab54866402cc2,3bd430b77d3689d5058e82ffc3cbf6683106db44d6d3c3e5792bfec2d4b08002
997,996,中山大学肿瘤防治中心,张晓实,https://www.sysucc.org.cn/node/3782,1800,临床专家 面包屑 首页 / 临床科室 / 内科系列 / 生物治疗中心 / 临床专家 张晓实 ,46,1754,0,46,START,SYSUCC_CLINICAL_EXPERT,张晓实,NO,NO,NO_ADJACENT_QUOTE,937e2ed325a16136f2e29f1d89415f76a37ae252bd43874a084481b358c1c634,99e66b45ae0c09e7b6d0b9af0dae554ae4b2bffd4d7096e717001912190829e4
998,997,中山大学肿瘤防治中心,彭瑞清,https://www.sysucc.org.cn/node/3786,342,临床专家 面包屑 首页 / 临床科室 / 内科系列 / 生物治疗中心 / 临床专家 彭瑞清 ,46,296,0,46,START,SYSUCC_CLINICAL_EXPERT,彭瑞清,NO,NO,NO_ADJACENT_QUOTE,4b8874d6c8e8df7ad5eaeab7c16301ef5618dd173bda647db1551b8198a4d0e1,8da102a37f2f5f18980b28241ed35d5b46a5e5b9b4a765c67e9fc763b1955999
999,998,中山大学肿瘤防治中心,文习之,https://www.sysucc.org.cn/node/3791,561,临床专家 面包屑 首页 / 临床科室 / 内科系列 / 生物治疗中心 / 临床专家 文习之 ,46,515,0,46,START,SYSUCC_CLINICAL_EXPERT,文习之,NO,NO,NO_ADJACENT_QUOTE,73f6a6e15d9057e18a8dc9651e5ee7e7bf2fead5ec3553c34e212c54fc34261f,bff7b27559f4e4168816b4b789c02c3fffbaecccf497bb53230fc69a7558bd98
1000,999,中山大学肿瘤防治中心,李丹丹,https://www.sysucc.org.cn/node/3788,1800,临床专家 面包屑 首页 / 临床科室 / 内科系列 / 生物治疗中心 / 临床专家 李丹丹 ,46,1754,0,46,START,SYSUCC_CLINICAL_EXPERT,李丹丹,NO,NO,NO_ADJACENT_QUOTE,81032789a2feb44666f34b6333738c55ac584262970f31eab118445dc82bebe8,42020deef215a3bf5e90b0b04e3a1172c1f509dd4643dacabc2f2a44f8691f84
1001,1000,中山大学肿瘤防治中心,李婧婧,https://www.sysucc.org.cn/node/5060,677,临床专家 面包屑 首页 / 临床科室 / 内科系列 / 生物治疗中心 / 临床专家 李婧婧 ,46,631,0,46,START,SYSUCC_CLINICAL_EXPERT,李婧婧,NO,NO,NO_ADJACENT_QUOTE,18ddb16ca215e4a7af950dd97730aa6421aba94618b39d468033569f90cad0f6,3c0e1ed4959777dea4dd61a5f0a094871c5b7fe4f146404b7991639c216a7953
1002,1001,中山大学肿瘤防治中心,李疆,https://www.sysucc.org.cn/node/3784,1800,临床专家 面包屑 首页 / 临床科室 / 内科系列 / 生物治疗中心 / 临床专家 李疆 ,45,1755,0,45,START,SYSUCC_CLINICAL_EXPERT,李疆,NO,NO,NO_ADJACENT_QUOTE,2e1707d628dc9324561f0b051ba4ec089dd93ed4f897341e88dc0dad2c376820,bbf85003d6d07ad02cc5f4f19e123e777a1b91d645a85e3c09d91ad139225c52
1003,1002,中山大学肿瘤防治中心,杨静,https://www.sysucc.org.cn/node/11362,407,临床专家 面包屑 首页 / 临床科室 / 内科系列 / 生物治疗中心 / 临床专家 杨静 ,45,362,0,45,START,SYSUCC_CLINICAL_EXPERT,杨静,NO,NO,NO_ADJACENT_QUOTE,8f25d96503998455570b9837b751f00e91447f571b4c19d12374378fadbdfbb0,2b08fc54454a26df13bd37b1c3c76a7f41e605a3709644da0958085320ebf280
1004,1003,中山大学肿瘤防治中心,潘求忠,https://www.sysucc.org.cn/node/3790,1800,临床专家 面包屑 首页 / 临床科室 / 内科系列 / 生物治疗中心 / 临床专家 潘求忠 ,46,1754,0,46,START,SYSUCC_CLINICAL_EXPERT,潘求忠,NO,NO,NO_ADJACENT_QUOTE,c06556429ab7e697a2eb64c9202b2ed9ab25e3f48ecc29608e3ac30208ce2103,f439b60a71890f8e3f3f27dfb12506a08d655a0d76a41e8df63e948250d992e4
1005,1004,中山大学肿瘤防治中心,翁德胜,https://www.sysucc.org.cn/node/3785,1800,临床专家 面包屑 首页 / 临床科室 / 内科系列 / 生物治疗中心 / 临床专家 翁德胜 ,46,1754,0,46,START,SYSUCC_CLINICAL_EXPERT,翁德胜,NO,NO,NO_ADJACENT_QUOTE,5f1b6aee77eefac84acc6438c94c07d5b7ec883641a2cadbf4fad1c4bd048411,0a819e81354b3a7d18737fb13bbd7a70a65749e40c4576766aa71cf779493c72
1006,1005,中山大学肿瘤防治中心,赵靖靖,https://www.sysucc.org.cn/node/3789,1800,临床专家 面包屑 首页 / 临床科室 / 内科系列 / 生物治疗中心 / 临床专家 赵靖靖 ,46,1754,0,46,START,SYSUCC_CLINICAL_EXPERT,赵靖靖,NO,NO,NO_ADJACENT_QUOTE,78ff1452da4e8bab5bd646987bf9c9e2bd8c25e540876f549e99cfa1331b14a3,3e8b8fec2f63a3c5e044f9559e85ba4075197b9d7d5ea3972918de0cca731faa
1007,1006,中山大学肿瘤防治中心,郑利民,https://www.sysucc.org.cn/node/1542,1800,科研学者 面包屑 首页 / 临床科室 / 内科系列 / 生物治疗中心 / 科学研究 / 科研学者 郑利民 ,53,1747,0,53,START,SYSUCC_RESEARCH_SCHOLAR,郑利民,NO,YES,NO_ADJACENT_QUOTE,cb83b30e5f0c2223da5c4b1fba46cbec350ff39babad44fcf8f3aa973c6d5119,9a90f9a2aa4a5b52e5c546b8cb65c6225b14cd6a972fa736aee0587380fdacf4
1008,1007,中山大学肿瘤防治中心,云径平,https://www.sysucc.org.cn/node/3855,1800,临床专家 面包屑 首页 / 临床科室 / 平台科室 / 病理科 / 临床专家 云径平 ,43,1757,0,43,START,SYSUCC_CLINICAL_EXPERT,云径平,NO,NO,NO_ADJACENT_QUOTE,6c534e6e31920c4b5631d51c999de970d03844ec3c8bafb71af0d482a59e4f22,5191201690d2f7d0e30f99e771058638b3b66289cf8710d1de84f0afa9b3eab7
1009,1008,中山大学肿瘤防治中心,何洁华,https://www.sysucc.org.cn/node/3858,315,临床专家 面包屑 首页 / 临床科室 / 平台科室 / 病理科 / 临床专家 何洁华 ,43,272,0,43,START,SYSUCC_CLINICAL_EXPERT,何洁华,NO,NO,NO_ADJACENT_QUOTE,9a89a6985b84b43af8e2761e9d8b960eb0e361dcb71713e35cc26933fe558431,306b5fd8b79506db94f39290dbd7bb54dfc066603ffb59f5b9fdbdcb489dd3a3
1011,1010,中山大学肿瘤防治中心,刘莉莉,https://www.sysucc.org.cn/node/3869,56,临床专家 面包屑 首页 / 临床科室 / 平台科室 / 病理科 / 临床专家 刘莉莉 ,43,13,0,43,START,SYSUCC_CLINICAL_EXPERT,刘莉莉,NO,NO,NO_ADJACENT_QUOTE,72a4fd895a38f1a40220947693d0740d61e28748d05e8ae6ecb2ea19f14cccb1,d99ff5eeb7c8c9b1d98d78f53ae6c095ee0b2e4c2fc4a528a46e896048210a37
1012,1011,中山大学肿瘤防治中心,向锦,https://www.sysucc.org.cn/node/3864,67,临床专家 面包屑 首页 / 临床科室 / 平台科室 / 病理科 / 临床专家 向锦 ,42,25,0,42,START,SYSUCC_CLINICAL_EXPERT,向锦,NO,NO,NO_ADJACENT_QUOTE,e54cde8ba0e236c323887645364472e2a027acd62d04dcae5609d7a2c92a668d,3f81879c14076796f13cb003b8886ebcd22e677a71cd06e44037cf70a9b8c425
1013,1012,中山大学肿瘤防治中心,吴秋良,https://www.sysucc.org.cn/node/3859,1479,临床专家 面包屑 首页 / 临床科室 / 平台科室 / 病理科 / 临床专家 吴秋良 ,43,1436,0,43,START,SYSUCC_CLINICAL_EXPERT,吴秋良,NO,NO,NO_ADJACENT_QUOTE,78b3714760db088c32f78e5793264fa01717a731f04453b630c0d7ee7fbf92e1,fe03b99f865c9421fd4b4e9280716d10b922921316d3e56873d5233dd27d93eb
1014,1013,中山大学肿瘤防治中心,奚少彦,https://www.sysucc.org.cn/node/3872,56,临床专家 面包屑 首页 / 临床科室 / 平台科室 / 病理科 / 临床专家 奚少彦 ,43,13,0,43,START,SYSUCC_CLINICAL_EXPERT,奚少彦,NO,NO,NO_ADJACENT_QUOTE,bae6c7becd35d815cbdeff5bca78069edcdf581b4d3403c0f9a8ce0d8e914569,d99ff5eeb7c8c9b1d98d78f53ae6c095ee0b2e4c2fc4a528a46e896048210a37
1015,1014,中山大学肿瘤防治中心,孙鹏,https://www.sysucc.org.cn/node/3871,60,临床专家 面包屑 首页 / 临床科室 / 平台科室 / 病理科 / 临床专家 孙鹏 ,42,18,0,42,START,SYSUCC_CLINICAL_EXPERT,孙鹏,NO,NO,NO_ADJACENT_QUOTE,c920aa7e0d61b7a37118f2613481b483f4f09d58af56a0b7d3693e03ffb8f248,706a6ba981691a59a4ef219a39701edaf7cd84e8c5a4411b54727f3312da1fd3
1016,1015,中山大学肿瘤防治中心,张惠忠,https://www.sysucc.org.cn/node/3857,1800,临床专家 面包屑 首页 / 临床科室 / 平台科室 / 病理科 / 临床专家 张惠忠 ,43,1757,0,43,START,SYSUCC_CLINICAL_EXPERT,张惠忠,NO,NO,NO_ADJACENT_QUOTE,ecfd42b24232a96739b7af1e2e1035bb27b654b934a0b0459b3ab211e67a3f72,4bc0922bca7aa8443c58a0610df70b220c883bb34af1b41b050a5ec117d4c604
1017,1016,中山大学肿瘤防治中心,张迎春,https://www.sysucc.org.cn/node/3866,70,临床专家 面包屑 首页 / 临床科室 / 平台科室 / 病理科 / 临床专家 张迎春 ,43,27,0,43,START,SYSUCC_CLINICAL_EXPERT,张迎春,NO,NO,NO_ADJACENT_QUOTE,d18ebe6b0a084ec8f44b21d1deb2dcf5e5f29abd3559f4f7044923de9546f6dd,29ecea764196f6810ca58ebd4c6115ab24d89ae295b446a897906506e20903f1
1018,1017,中山大学肿瘤防治中心,张静,https://www.sysucc.org.cn/node/3860,72,临床专家 面包屑 首页 / 临床科室 / 平台科室 / 病理科 / 临床专家 张静 ,42,30,0,42,START,SYSUCC_CLINICAL_EXPERT,张静,NO,NO,NO_ADJACENT_QUOTE,3d8a32393e28ac5da5a71945490c366a6af889e84821947eb915e10529c86c64,f2ae789227d6bc48a13b1b06947703ce9116e202db53d3f0131096c77950bf34
1019,1018,中山大学肿瘤防治中心,曹云,https://www.sysucc.org.cn/node/3861,1064,临床专家 面包屑 首页 / 临床科室 / 平台科室 / 病理科 / 临床专家 曹云 ,42,1022,0,42,START,SYSUCC_CLINICAL_EXPERT,曹云,NO,NO,NO_ADJACENT_QUOTE,b82a4a1ca8fd6a9c1d83b7d7639f7ec9fae80a0d52c0ab2dd556e840eaf8e475,9f3f76c89516f7fa80cd10271085d39d663e4c59eb83d4f69fd76275e655197d
1020,1019,中山大学肿瘤防治中心,曾敬,https://www.sysucc.org.cn/node/3865,74,临床专家 面包屑 首页 / 临床科室 / 平台科室 / 病理科 / 临床专家 曾敬 ,42,32,0,42,START,SYSUCC_CLINICAL_EXPERT,曾敬,NO,NO,NO_ADJACENT_QUOTE,afaa982386fd7be8b7046debd3668195e13a21064380dd26c4c8433ba9918ec0,ec5ebec7fe8bc90c8bb893ba0041135b42a8f740159ae1015e2cec92ce11570a
1021,1020,中山大学肿瘤防治中心,林素暇,https://www.sysucc.org.cn/node/3863,67,临床专家 面包屑 首页 / 临床科室 / 平台科室 / 病理科 / 临床专家 林素暇 ,43,24,0,43,START,SYSUCC_CLINICAL_EXPERT,林素暇,NO,NO,NO_ADJACENT_QUOTE,a89f8eb8c542b5a04b0c5261a85376db401412d27708ddeab31074725cf01f2a,f2d5e631c078fc6533bec2591ca33750177881886ea44c05e46fe8f8ec546dbf
1022,1021,中山大学肿瘤防治中心,梁建中,https://www.sysucc.org.cn/node/3868,56,临床专家 面包屑 首页 / 临床科室 / 平台科室 / 病理科 / 临床专家 梁建中 ,43,13,0,43,START,SYSUCC_CLINICAL_EXPERT,梁建中,NO,NO,NO_ADJACENT_QUOTE,eff447be717acb9ae9a44cd25d6b32616c49237ff5c244113ce4b28d38d9d1ff,bf24087afa415ff0376431d6f7434835ce2322607fa2d97509c2ae60cd39caae
1023,1022,中山大学肿瘤防治中心,罗容珍,https://www.sysucc.org.cn/node/3862,65,临床专家 面包屑 首页 / 临床科室 / 平台科室 / 病理科 / 临床专家 罗容珍 ,43,22,0,43,START,SYSUCC_CLINICAL_EXPERT,罗容珍,NO,NO,NO_ADJACENT_QUOTE,51a80024eb5eda1e8024259a0ec83d50147bf31f39046a9387f33b8601a53ff2,b7e8d4d6d1fe4b4374d970b217d5e4ad8c994fb8ac32f4a5e519a08690a2d68b
1024,1023,中山大学肿瘤防治中心,肖永波,https://www.sysucc.org.cn/node/3873,56,临床专家 面包屑 首页 / 临床科室 / 平台科室 / 病理科 / 临床专家 肖永波 ,43,13,0,43,START,SYSUCC_CLINICAL_EXPERT,肖永波,NO,NO,NO_ADJACENT_QUOTE,cbc8193d4693194cf06eb97b05a4a40a09cd31c9a082b3b52a8348efb22f23aa,bf24087afa415ff0376431d6f7434835ce2322607fa2d97509c2ae60cd39caae
1025,1024,中山大学肿瘤防治中心,蔡木炎,https://www.sysucc.org.cn/node/3867,1800,临床专家 面包屑 首页 / 临床科室 / 平台科室 / 病理科 / 临床专家 蔡木炎 ,43,1757,0,43,START,SYSUCC_CLINICAL_EXPERT,蔡木炎,NO,NO,NO_ADJACENT_QUOTE,97d85728437cdf81ca5049265233b47dd9aea450abd12525ee44a5a59558caa0,336fcefd2cf413b0bb159651eb310a515669159adbf5b3b00e4210088266560c
1026,1025,中山大学肿瘤防治中心,谢丹,https://www.sysucc.org.cn/node/1541,1800,科研学者 面包屑 首页 / 临床科室 / 平台科室 / 病理科 / 科学研究 / 科研学者 谢丹 ,49,1751,0,49,START,SYSUCC_RESEARCH_SCHOLAR,谢丹,NO,YES,NO_ADJACENT_QUOTE,283aba3ad316170850207868a2de6a420ed3cd21c3ae8c9db6092284159ef0e2,d05ec3d9d3184820c8e15e3e05eb34e4389466dea063cfbc16bfddbad4861489
1027,1026,中山大学肿瘤防治中心,饶慧兰,https://www.sysucc.org.cn/node/3856,1800,临床专家 面包屑 首页 / 临床科室 / 平台科室 / 病理科 / 临床专家 饶慧兰 ,43,1757,0,43,START,SYSUCC_CLINICAL_EXPERT,饶慧兰,NO,NO,NO_ADJACENT_QUOTE,ae8b1837efb2adb7d11e1a38b800fd4272ae9776fbd188ce591f56b5b5ade2c5,73ba567b0149cc8c32fe85773760b3013b5345ef51649072035bc2c53b14d15c
1028,1027,中山大学肿瘤防治中心,黄雨华,https://www.sysucc.org.cn/node/3870,61,临床专家 面包屑 首页 / 临床科室 / 平台科室 / 病理科 / 临床专家 黄雨华 ,43,18,0,43,START,SYSUCC_CLINICAL_EXPERT,黄雨华,NO,NO,NO_ADJACENT_QUOTE,f981b56a4247995161fa05abc6a24a624842287876673c3b6e0a01a56366f72b,706a6ba981691a59a4ef219a39701edaf7cd84e8c5a4411b54727f3312da1fd3
1029,1028,中山大学肿瘤防治中心,何振强,https://www.sysucc.org.cn/node/3718,1800,临床专家 面包屑 首页 / 临床科室 / 外科系列 / 神经外科 / 临床专家 何振强 ,44,1756,0,44,START,SYSUCC_CLINICAL_EXPERT,何振强,NO,NO,NO_ADJACENT_QUOTE,13dd170f045e4dbcfded2e9658452a7e3d9a215b6caa0d0a055008ce8a29313f,33caf64e9ecc70e45040a2122cce1b0e49e3e0b77121ca9c322591f708aa9f82
1030,1029,中山大学肿瘤防治中心,张继,https://www.sysucc.org.cn/node/3717,1800,临床专家 面包屑 首页 / 临床科室 / 外科系列 / 神经外科 / 临床专家 张继 ,43,1757,0,43,START,SYSUCC_CLINICAL_EXPERT,张继,NO,NO,NO_ADJACENT_QUOTE,c1986a2dfdc3719f8b3d81a4de5f4d836bddda5abc6e3bed69168d34302e966b,7fe1a6ebdc4da5c4da2ccffaac9b455abbf6ec814bea7352ab87f0a933dc0d46
1031,1030,中山大学肿瘤防治中心,杨群英,https://www.sysucc.org.cn/node/3712,1800,临床专家 面包屑 首页 / 临床科室 / 外科系列 / 神经外科 / 临床专家 杨群英 ,44,1756,0,44,START,SYSUCC_CLINICAL_EXPERT,杨群英,NO,NO,NO_ADJACENT_QUOTE,58cb4b1621b30614c569361c71222e174e4a47556d149e466c90410c31c0684c,3eb3439b1f91ceb0c19ac79f65c148201edad4bb52e0335ed5d8b2c2e48e2e83
1032,1031,中山大学肿瘤防治中心,林富华,https://www.sysucc.org.cn/node/6479,274,临床专家 面包屑 首页 / 临床科室 / 外科系列 / 神经外科 / 临床专家 林富华 ,44,230,0,44,START,SYSUCC_CLINICAL_EXPERT,林富华,NO,NO,NO_ADJACENT_QUOTE,305809a3af7248b58c8c71c991d5aa9cc9714e68868539ac088747f05e033859,96460a3f591ade13886d653fd7029a67bde8557f29caa51f8cb6851c8b9bbbfb
1034,1033,中山大学肿瘤防治中心,段昊,https://www.sysucc.org.cn/node/6435,1800,临床专家 面包屑 首页 / 临床科室 / 外科系列 / 神经外科 / 临床专家 段昊 ,43,1757,0,43,START,SYSUCC_CLINICAL_EXPERT,段昊,NO,NO,NO_ADJACENT_QUOTE,157e7212a44d0528583d80a0a560faf5dc3adb4524c7ed3025a2d87216776c8f,f9045542355f9058c195a88033a09b22318b6f913c3b88e5a9a65add09dabb02
1035,1034,中山大学肿瘤防治中心,牟永告,https://www.sysucc.org.cn/node/3708,760,临床专家 面包屑 首页 / 临床科室 / 外科系列 / 神经外科 / 临床专家 牟永告 ,44,716,0,44,START,SYSUCC_CLINICAL_EXPERT,牟永告,NO,NO,NO_ADJACENT_QUOTE,d0fba6c2f1ef82757e69dc7f1632742f870bfc0cb3bd6b1ae5250e0d4b3808a4,4c84f004e8b7a774b8bc2c6b73490fe9bb896442c32a96a22461e000e95f8e49
1036,1035,中山大学肿瘤防治中心,王翦,https://www.sysucc.org.cn/node/3709,596,临床专家 面包屑 首页 / 临床科室 / 外科系列 / 神经外科 / 临床专家 王翦 ,43,553,0,43,START,SYSUCC_CLINICAL_EXPERT,王翦,NO,NO,NO_ADJACENT_QUOTE,1c76a09a0bced69de22be826226d19d92117893a6866325d4cd3da3d1e8b9966,ed9ecdefbfe660c21959c755b7b951fd4d65d150a7c42e317495bde29ef781d5
1037,1036,中山大学肿瘤防治中心,蒋小兵,https://www.sysucc.org.cn/node/3716,1800,临床专家 面包屑 首页 / 临床科室 / 外科系列 / 神经外科 / 临床专家 蒋小兵 ,44,1756,0,44,START,SYSUCC_CLINICAL_EXPERT,蒋小兵,NO,NO,NO_ADJACENT_QUOTE,c7939fee6498a55957f3c799fdbb03801a30a6e54a68537a15d898ca208cabe0,76fd0e15030a89c4a45ecdc473bab012f021fce7f1abceedc6d102a970196075
1038,1037,中山大学肿瘤防治中心,赛克,https://www.sysucc.org.cn/node/3710,896,临床专家 面包屑 首页 / 临床科室 / 外科系列 / 神经外科 / 临床专家 赛克 ,43,853,0,43,START,SYSUCC_CLINICAL_EXPERT,赛克,NO,NO,NO_ADJACENT_QUOTE,8b8e446a0dd61adb9386e59deb7c46afa7cb7b53d8e399b78f0784cef2ae127a,8011dd1ebf0478e8dc367fa921cf9b0ac92fcdc32e5ad86696d5b21daa123758
1039,1038,中山大学肿瘤防治中心,郭琤琤,https://www.sysucc.org.cn/node/3714,1570,临床专家 面包屑 首页 / 临床科室 / 外科系列 / 神经外科 / 临床专家 郭琤琤 ,44,1526,0,44,START,SYSUCC_CLINICAL_EXPERT,郭琤琤,NO,NO,NO_ADJACENT_QUOTE,2019eb7f2dd0e6504d8c9b916e615859f29d14bee81ad43e6d8929f7e40b9964,ace674d276437f30a005b6972a0da5ee49b2cf0c6411a403cedb7c9e00b47d94
1040,1039,中山大学肿瘤防治中心,钟升,https://www.sysucc.org.cn/node/10052,723,临床专家 面包屑 首页 / 临床科室 / 外科系列 / 神经外科 / 临床专家 钟升 ,43,680,0,43,START,SYSUCC_CLINICAL_EXPERT,钟升,NO,NO,NO_ADJACENT_QUOTE,32f4761e2de12c65322c5374a7542bded15b3af078188acc70f5f0d693025b12,49a86facd8a7f2d4cbfba4a283b4f0e86b7852d3c9b43428232521420f971622
1041,1040,中山大学肿瘤防治中心,陈忠平,https://www.sysucc.org.cn/node/3707,1800,临床专家 面包屑 首页 / 临床科室 / 外科系列 / 神经外科 / 临床专家 陈忠平 ,44,1756,0,44,START,SYSUCC_CLINICAL_EXPERT,陈忠平,NO,NO,NO_ADJACENT_QUOTE,8311f30d092e86526c71a6315b1e56ff68567aef9bcbe063707c1ae2649f4a29,11bc4d78fa24f2078941cdfe807572c016ee16a4af545500b62f5b400e680336
1042,1041,中山大学肿瘤防治中心,陈银生,https://www.sysucc.org.cn/node/3715,475,临床专家 面包屑 首页 / 临床科室 / 外科系列 / 神经外科 / 临床专家 陈银生 ,44,431,0,44,START,SYSUCC_CLINICAL_EXPERT,陈银生,NO,NO,NO_ADJACENT_QUOTE,7c0b8069e6770596c69a3b0f2c3f7ef7dbe648bae7a324976ec0040422f0ace7,f0e3e77e1f7b0bbf54be54da559f847ab92ff0f8c2d17a76f813b4d1416d8e00
1043,1042,中山大学肿瘤防治中心,丁培荣,https://www.sysucc.org.cn/node/3680,1756,临床专家 面包屑 首页 / 临床科室 / 外科系列 / 结直肠科 / 临床专家 丁培荣 ,44,1712,0,44,START,SYSUCC_CLINICAL_EXPERT,丁培荣,NO,NO,NO_ADJACENT_QUOTE,0dbe8283740e12fa1eba45b7125b402997bc1b5f078fb3886c3354c5d855cb17,06898de7bdcb3a1c5e20d3f4bdbcbfed76e7fdedfb25a8535df529a435472c3d
1044,1043,中山大学肿瘤防治中心,万德森,https://www.sysucc.org.cn/node/3679,1800,临床专家 面包屑 首页 / 临床科室 / 外科系列 / 结直肠科 / 临床专家 万德森 ,44,1756,0,44,START,SYSUCC_CLINICAL_EXPERT,万德森,NO,NO,NO_ADJACENT_QUOTE,f160d0b16f3ddf8f92c56c4f6f051947f19cf63ff65a51d2392996db77b5211e,09b4de9d67a8b20ce42f9a2fcbf0ef317be2fbb1d6c3491b0480c0bb562d899a
1045,1044,中山大学肿瘤防治中心,伍小军,https://www.sysucc.org.cn/node/3682,1800,临床专家 面包屑 首页 / 临床科室 / 外科系列 / 结直肠科 / 临床专家 伍小军 ,44,1756,0,44,START,SYSUCC_CLINICAL_EXPERT,伍小军,NO,NO,NO_ADJACENT_QUOTE,eb655d71bbfb89a331e114339ae60614f88b65f0b62db7e64b4bc8fb933292fd,088ff15e37eb4116daa8f4fada1182b0a2781fb97b713ba7b36025d74e646831
1046,1045,中山大学肿瘤防治中心,侯振林,https://www.sysucc.org.cn/node/10583,83,临床专家 面包屑 首页 / 临床科室 / 外科系列 / 结直肠科 / 临床专家 侯振林 ,44,39,0,44,START,SYSUCC_CLINICAL_EXPERT,侯振林,NO,NO,NO_ADJACENT_QUOTE,bb0819fa384650de67b3a6dcb4bde067947e3d6fa06a3a1afb8ddc45e1248180,d9934c886933f7c8dfe3d4505db63cba326d45ba3cf185596bc623a81d4f1bd4
1047,1046,中山大学肿瘤防治中心,卢震海,https://www.sysucc.org.cn/node/3681,1788,临床专家 面包屑 首页 / 临床科室 / 外科系列 / 结直肠科 / 临床专家 卢震海 ,44,1744,0,44,START,SYSUCC_CLINICAL_EXPERT,卢震海,NO,NO,NO_ADJACENT_QUOTE,767e9f0c241623331166642fe1e8872651ed380a823934b8584bd5eb6e010e01,63d978e4d9def12a95048326e2162298df25e1181de37ccb9c71421468975d91
1048,1047,中山大学肿瘤防治中心,周驰,https://www.sysucc.org.cn/node/10215,76,临床专家 面包屑 首页 / 临床科室 / 外科系列 / 结直肠科 / 临床专家 周驰 ,43,33,0,43,START,SYSUCC_CLINICAL_EXPERT,周驰,NO,NO,NO_ADJACENT_QUOTE,69a15e40e4647cd85ee1bc5f366e76eee6ce9fd382ef316aa7aa89c2d84ff7eb,b001b6e8dc07fa8625e849b9d876748009780f04d033ec65863b719f3c228388
1049,1048,中山大学肿瘤防治中心,唐京华,https://www.sysucc.org.cn/node/3689,556,临床专家 面包屑 首页 / 临床科室 / 外科系列 / 结直肠科 / 临床专家 唐京华 ,44,512,0,44,START,SYSUCC_CLINICAL_EXPERT,唐京华,NO,NO,NO_ADJACENT_QUOTE,d3e5db2db9817f09b09bc6a3dc1a40fb8e9a3ebdfaa6ba380b0c573d757c6001,86dc2c195527cf7c70bc9abddae7c06b2164e0c1742d800a0f443044cc0fadb0
1050,1049,中山大学肿瘤防治中心,姜武,https://www.sysucc.org.cn/node/3688,426,临床专家 面包屑 首页 / 临床科室 / 外科系列 / 结直肠科 / 临床专家 姜武 ,43,383,0,43,START,SYSUCC_CLINICAL_EXPERT,姜武,NO,NO,NO_ADJACENT_QUOTE,264afbb91890d89a15eda7145e6afe239a561327331400bf86f1be0381b770d3,9d7fb9d3b10e5bfceaf4715238053953b950ca5082556df019afd5ca04d55a67
1051,1050,中山大学肿瘤防治中心,孔令亨,https://www.sysucc.org.cn/node/3686,280,临床专家 面包屑 首页 / 临床科室 / 外科系列 / 结直肠科 / 临床专家 孔令亨 ,44,236,0,44,START,SYSUCC_CLINICAL_EXPERT,孔令亨,NO,NO,NO_ADJACENT_QUOTE,809cb5b3eff06ebdb1d6b21b14a27b770ff835d4085da18c8271a9abcdc42594,c27bf804e22b0610cab0a4e503a0c8cfc2fefb537e5eae778012abe2cd6d5797
1052,1051,中山大学肿瘤防治中心,张荣欣,https://www.sysucc.org.cn/node/3684,675,临床专家 面包屑 首页 / 临床科室 / 外科系列 / 结直肠科 / 临床专家 张荣欣 ,44,631,0,44,START,SYSUCC_CLINICAL_EXPERT,张荣欣,NO,NO,NO_ADJACENT_QUOTE,59d4db7e73c0fa654fe2fae16c210053517b17c610240cb4fd194bc2624e9526,2733a4e711a247cca6177b878c257a7b797b0fe40cd652ba1e737a7ed052b5b9
1053,1052,中山大学肿瘤防治中心,彭健宏,https://www.sysucc.org.cn/node/6531,1312,临床专家 面包屑 首页 / 临床科室 / 外科系列 / 结直肠科 / 临床专家 彭健宏 ,44,1268,0,44,START,SYSUCC_CLINICAL_EXPERT,彭健宏,NO,NO,NO_ADJACENT_QUOTE,5a09a03509275f6284699cef661c98ffcd8ac4bf483bbdeba35b26885c96f35e,e93725f153b522db54d077bb0d648d775c9f615ee5f81abe7d3525cd9badeeaa
1054,1053,中山大学肿瘤防治中心,李力人,https://www.sysucc.org.cn/node/3678,1608,临床专家 面包屑 首页 / 临床科室 / 外科系列 / 结直肠科 / 临床专家 李力人 ,44,1564,0,44,START,SYSUCC_CLINICAL_EXPERT,李力人,NO,NO,NO_ADJACENT_QUOTE,92661db20df200c401b32633383d03a48bd42f3441e44c0e4c12cd9fea8a7afa,1a30efe6b70ca9d56069ffaab3ac36c6bf4cd5f19d7192599ba7f0bf85252391
1055,1054,中山大学肿瘤防治中心,李原,https://www.sysucc.org.cn/node/5967,531,临床专家 面包屑 首页 / 临床科室 / 外科系列 / 结直肠科 / 临床专家 李原 ,43,488,0,43,START,SYSUCC_CLINICAL_EXPERT,李原,NO,NO,NO_ADJACENT_QUOTE,a1a42d1a76b404a62621f9cfa9689f83d153a19dde1d19e3a7824ceba194ff2a,b7f0f0905f7326035a7eda1dfdf1f09f484b1b517bb8dea623c015e1e2edaebf
1056,1055,中山大学肿瘤防治中心,李聪,https://www.sysucc.org.cn/node/3685,149,临床专家 面包屑 首页 / 临床科室 / 外科系列 / 结直肠科 / 临床专家 李聪 ,43,106,0,43,START,SYSUCC_CLINICAL_EXPERT,李聪,NO,NO,NO_ADJACENT_QUOTE,34f7bb248d56b36456b873491f017b689dd306271d7e80415d1c23a5cd9001c0,bb7cbd97dc60de0e38b1292a1ece386aba94d4d7b3c2458530e07df01ea65467
1057,1056,中山大学肿瘤防治中心,林俊忠,https://www.sysucc.org.cn/node/3683,1800,临床专家 面包屑 首页 / 临床科室 / 外科系列 / 结直肠科 / 临床专家 林俊忠 ,44,1756,0,44,START,SYSUCC_CLINICAL_EXPERT,林俊忠,NO,NO,NO_ADJACENT_QUOTE,d79327862eb8bec91636c15095bfc7912b662704e81cbda94a46a5b8abd9428c,d687d884cc4c2b05519265a5ba50999ab7540802a66a52b3f8ccbd0a149a9c63
1058,1057,中山大学肿瘤防治中心,潘志忠,https://www.sysucc.org.cn/node/3676,1800,临床专家 面包屑 首页 / 临床科室 / 外科系列 / 结直肠科 / 临床专家 潘志忠 ,44,1756,0,44,START,SYSUCC_CLINICAL_EXPERT,潘志忠,NO,NO,NO_ADJACENT_QUOTE,03a5270282f97a824ab608f3871a6be7b05807e8e003f7c42773225c7e3d463a,9895925fe21c86d96b70777f6602b19e034db95ff8cb65ab091639d8713445a1
1059,1058,中山大学肿瘤防治中心,王福龙,https://www.sysucc.org.cn/node/9739,1573,临床专家 面包屑 首页 / 临床科室 / 外科系列 / 结直肠科 / 临床专家 王福龙 ,44,1529,0,44,START,SYSUCC_CLINICAL_EXPERT,王福龙,NO,NO,NO_ADJACENT_QUOTE,a242401ddde0111b51f4d9671c3b9785c5e6eb0671461cb18f5e790ac6c52f32,bb2a1a4f680bb35b995789af39b5d407ba819f26c27c21ca582db25b9e43fc02
1060,1059,中山大学肿瘤防治中心,肖斌毅,https://www.sysucc.org.cn/node/8256,312,临床专家 面包屑 首页 / 临床科室 / 外科系列 / 结直肠科 / 临床专家 肖斌毅 ,44,268,0,44,START,SYSUCC_CLINICAL_EXPERT,肖斌毅,NO,NO,NO_ADJACENT_QUOTE,fb6db1666084433c3c8464a3aba01804e5885091d16b0ab7782359c83c96db5b,df752348d030a5051d8d268f30a1e65674edc088c1dc2f82539f2422cca337f2
1061,1060,中山大学肿瘤防治中心,范文华,https://www.sysucc.org.cn/node/3687,148,临床专家 面包屑 首页 / 临床科室 / 外科系列 / 结直肠科 / 临床专家 范文华 ,44,104,0,44,START,SYSUCC_CLINICAL_EXPERT,范文华,NO,NO,NO_ADJACENT_QUOTE,e41f2f4a8539540dab2c56c1efa63a34efd11b93a6323ffd2745cc17ff95e912,c6661f5e81d5c2fe111fe5b8aaf4d8bec4299ad77bb3ac360e95b7fbc8a47895
1062,1061,中山大学肿瘤防治中心,陈功,https://www.sysucc.org.cn/node/3677,1133,临床专家 面包屑 首页 / 临床科室 / 外科系列 / 结直肠科 / 临床专家 陈功 ,43,1090,0,43,START,SYSUCC_CLINICAL_EXPERT,陈功,NO,NO,NO_ADJACENT_QUOTE,82b1e7a08a9e2f1263bd2eac9011fdec553b238be1739959264f0beea5c84245,8f063971c962aa5546df8bd78c17247622f5a8744972cd64224c8ad77c1cce44
1063,1062,中山大学肿瘤防治中心,韩凯,https://www.sysucc.org.cn/node/3690,472,临床专家 面包屑 首页 / 临床科室 / 外科系列 / 结直肠科 / 临床专家 韩凯 ,43,429,0,43,START,SYSUCC_CLINICAL_EXPERT,韩凯,NO,NO,NO_ADJACENT_QUOTE,5e8365eb33f1c4924b4c40036582b6d258d1d9c9261f83ea16254f41de8d8e77,814d78ad5833e73e3685ec7c8d45bf7948796f5c57fc0582b55e1b8f04be0d56
1064,1063,中山大学肿瘤防治中心,何文卓,https://www.sysucc.org.cn/node/3772,158,临床专家 面包屑 首页 / 临床科室 / 内科系列 / 综合科 / 临床专家 何文卓 ,43,115,0,43,START,SYSUCC_CLINICAL_EXPERT,何文卓,NO,NO,NO_ADJACENT_QUOTE,8fab1579f05fa61192588a865b9abab1f2622119dc1b0935bedbb84437d2b94d,ef18d3b9ca545a51e32d6cd433dd6b04318e0851f29ad925b13718162356e560
1065,1064,中山大学肿瘤防治中心,刘寿生,https://www.sysucc.org.cn/node/3771,815,临床专家 面包屑 首页 / 临床科室 / 内科系列 / 综合科 / 临床专家 刘寿生 ,43,772,0,43,START,SYSUCC_CLINICAL_EXPERT,刘寿生,NO,NO,NO_ADJACENT_QUOTE,e56a1e611b1fb0d791cba0162377ffa668e5cd7838b5d05d22df2357a773108a,62d835d0ff9465db6f1ff3fc9a6e360f9d38c2b073dbe01a8efc094b91bee253
1066,1065,中山大学肿瘤防治中心,周溢鑫,https://www.sysucc.org.cn/node/6446,61,临床专家 面包屑 首页 / 临床科室 / 内科系列 / 综合科 / 临床专家 周溢鑫 ,43,18,0,43,START,SYSUCC_CLINICAL_EXPERT,周溢鑫,NO,NO,NO_ADJACENT_QUOTE,cd54c06c5cbe149ef7c86cb5a7c98ae4454b9ebbf16baa0a66998356f467e8ac,795ae9b65d16122af20da35abd4220461f440d0c66abfdb5e5f113a03d195710
1067,1066,中山大学肿瘤防治中心,夏良平,https://www.sysucc.org.cn/node/3763,1800,临床专家 面包屑 首页 / 临床科室 / 内科系列 / 综合科 / 临床专家 夏良平 ,43,1757,0,43,START,SYSUCC_CLINICAL_EXPERT,夏良平,NO,NO,NO_ADJACENT_QUOTE,b3fc2cfc6da9eb5c31d5e59c6da60e1c3e0f4557ead8ab4169b6161f4180615a,ffe8c280c08171b05cf6ab78d8b10bab7356e74d5209c356bf180430efafafc1
1068,1067,中山大学肿瘤防治中心,彭柔君,https://www.sysucc.org.cn/node/3765,1800,临床专家 面包屑 首页 / 临床科室 / 内科系列 / 综合科 / 临床专家 彭柔君 ,43,1757,0,43,START,SYSUCC_CLINICAL_EXPERT,彭柔君,NO,NO,NO_ADJACENT_QUOTE,a0b12d440a0be9ead73c30b31d0687e6c526eac9a18bc6b0a0a3ed42bd8eb687,0b61f428bf74ebe1d8d090b232d28851f8635145653c213b841a84e2e80db8ef
1069,1068,中山大学肿瘤防治中心,权琦,https://www.sysucc.org.cn/node/6733,210,临床专家 面包屑 首页 / 临床科室 / 内科系列 / 综合科 / 临床专家 权琦 ,42,168,0,42,START,SYSUCC_CLINICAL_EXPERT,权琦,NO,NO,NO_ADJACENT_QUOTE,e1994020584f12607ca097ebdb004169d646c9b5d6b6fbd705c679c7d81f3175,6180613e58dd4bccb8f83b2824de49a37c26082b18aed412b03f8acf9ef5dc5a
1070,1069,中山大学肿瘤防治中心,白龙,https://www.sysucc.org.cn/node/3770,1800,临床专家 面包屑 首页 / 临床科室 / 内科系列 / 综合科 / 临床专家 白龙 ,42,1758,0,42,START,SYSUCC_CLINICAL_EXPERT,白龙,NO,NO,NO_ADJACENT_QUOTE,6d2d255574bf3d9fd906935531afa4c83dc475bb747543c79634ae2d72700aa2,32bb04392e2ba0896e8152770f2c9c5c81aa45433fcc766c5a3e200f99e8011e
1071,1070,中山大学肿瘤防治中心,董军,https://www.sysucc.org.cn/node/6448,1800,临床专家 面包屑 首页 / 临床科室 / 内科系列 / 综合科 / 临床专家 董军 ,42,1758,0,42,START,SYSUCC_CLINICAL_EXPERT,董军,NO,NO,NO_ADJACENT_QUOTE,f7942d78a13907cb41d1346491e0af2063dcf6e6f7ea4fca70ca255ef28c1f85,0dd3343959110485c5572c12bb135b37d0cf1bed5c8fd07475a2b339bba56591
1072,1071,中山大学肿瘤防治中心,蔡修宇,https://www.sysucc.org.cn/node/3766,1709,临床专家 面包屑 首页 / 临床科室 / 内科系列 / 综合科 / 临床专家 蔡修宇 ,43,1666,0,43,START,SYSUCC_CLINICAL_EXPERT,蔡修宇,NO,NO,NO_ADJACENT_QUOTE,f1903fab983e024b9a9833ca5cd973b8cf7f46368e89c5ee19c14e07b5ce57e8,1572493108d271397a36675f31c0406385fe1ba95a0ad676c26522c2a08e053f
1073,1072,中山大学肿瘤防治中心,郭桂芳,https://www.sysucc.org.cn/node/3764,1800,临床专家 面包屑 首页 / 临床科室 / 内科系列 / 综合科 / 临床专家 郭桂芳 ,43,1757,0,43,START,SYSUCC_CLINICAL_EXPERT,郭桂芳,NO,NO,NO_ADJACENT_QUOTE,4458e39df5154fb08bdc5112cf1dca7297e87cbf2e247f6064274d553955eceb,9d43df477323dfa4730babac221970d52b33fc33c01496fbb6db7a555a24ddb9
1074,1073,中山大学肿瘤防治中心,"ZBED9在肝癌侵袭转移中的作用及机制研究， 批准号:81802421，经费22万元，2019.01～2021.12， 主持 (2) 广东省肝病研究重点实验室开放课题：初步探讨Rfx6调控肝癌干细胞的机制研究，项目编号：GS2017101001，经费：2万人民币，2018.01～2019.12，主持 (3) 中山大学青年教师培养项目：ZBED9在肝癌侵袭转移中的作用及机制研究，经费15万元，2019.01～2020.12， 主持 (4) 国家自然科学基金面上项目：NCOA3上调端粒酶逆转录酶促进肝癌生长的分子机制及其临床意义， 批准号:81872267，经费55万元，2019.01～2022.12， 参与 (5) 国家自然科学基金面上项目：S100A9通过EMT调控肝细胞癌侵袭转移的机制研究，项目编号：81972301，经费：55.00万元，2020.01～2023.12， 参与 (6) 国家自然科学基金面上项目：Rfx6在肝癌干细胞干性特征维持中的作用及机制研究，项目编号：81372571，经费：90万人民币，2014.01～2017.12，参与 代表性研究成果： (1) Jiliang Qiu#, Baogang Peng#, Yunqiang Tang#, Yeben Qian#, Pi Guo#, Mengfeng Li, Junhang Luo, Bin Chen, Hui Tang, Canliang Lu, Muyan Cai, Zunfu Ke, Wei He, Yun Zheng, Dan Xie, Binkui Li*, Yunfei Yuan*. A CpG Methylation Signature Predicts Recurrence in Early-Stage Hepatocellular Carcinoma: Results From a Multicenter Study. J Clin Oncol 2017, 35(7):734-742 (2017 IF=26.303) (2) Pinghua Yang#, Jiliang Qiu#, Jun Li#, Dong Wu, Xuying Wan, Wan Yee Lau, Yunfei Yuan*, Feng Shen*. Nomograms for Pre- and Postoperative Prediction of Long-term Survival for Patients Who Underwent Hepatectomy for Multiple Hepatocellular Carcinomas. Ann Surg. 2016, 263(4):778-86. (2016 IF=8.98) (3) Yongxin Zhang #, Xiaofei Lv #, Jiliang Qiu #, Bin Zhang#, Lu Zhang, Jin Fang, Minmin Li, Luyan Chen, Fei Wang, Shuyi Liu, Shuixing Zhang*. Deep Learning With 3D Convolutional Neural Network for Noninvasive Prediction of Microvascular Invasion in Hepatocellular Carcinoma. J Magn Reson Imaging. 2021 Epub. (2020 IF= 3.732) (4) Chenwei Wang#, Yadi Liao#, Jiliang Qiu#, Yichuan Yuan, Yangping Zhang, Kai Li, Ruhai Zou, Yongjing Wang, Dinglan Zuo, Wei He, Yun Zheng, Binkui Li*, Yunfei Yuan*. Transcatheter arterial chemoembolization alone or combined with ablation for recurrent intermediate-stage hepatocellular carcinoma: a propensity score matching study. J Cancer Res Clin Oncol. 2020 146(10):2669-2680 (2020 IF= 3.332) (5) Yi Li, Qingan Zeng, Jiliang Qiu, Ting Pang, Jianzhong Xian, Xuexia Zhang*. Long non-coding RNA UCA1 promotes breast cancer by upregulating PTP1B expression via inhibiting miR-206. Cancer Cell Int. 2019 1;19:275. (2019 IF= 4.175) (6) Yi Li#, Jiliang Qiu#, Ting Pang, Zhixing Guo, Yonghui Su, Qingan Zeng, Xuexia Zhang*. Restoration of Arpin suppresses aggressive phenotype of breast cancer cells. Biomed Pharmacother. 2017 92:116-121 (2017 IF=3.457) (7) Jiliang Qiu#, Yun Zheng#, Jingxian Shen, Zeng QingAn, Ruhai Zou, Yadi Liao, Wei He, Qijiong Li, Guihua Chen, Binkui Li, Yunfei Yuan*. Resection versus ablation in hepatitis B virus-related hepatocellular carcinoma patients with portal hypertension: A propensity score matching study. Surgery. 2015, 158(5):1235-1243.（2015 IF=3.309） (8) Jiliang Qiu#, Mogeng Deng#, Wei Li, Ruhai Zou, Binkui Li, Yun Zheng, Xiangming Lao, Kai Zhou, Yunfei Yuan*. Hepatic Resection for Synchronous Hepatic Metastasis from Gastric Cancer. Eur J Surg Oncol 2013, 39:694-700 (2013 IF=2.892) (9) Yan Li, Leilei Chen, Tim Hon Man Chan, Ming Liu, Kar–Lok Kong, Jiliang Qiu, Yan Li, Yunfei Yuan*, Xinyuan Guan*. SPOCK1 Is Regulated by CHD1L and Blocks Apoptosis and Promotes HCC Cell Invasiveness and Metastasis in Mice. Gastroenterology 2013, 144:179-191 （2013 IF=13.926） (10) Qing-an Zeng#, Jiliang Qiu#, Jian Hong, Yi Li, Shengping Li, Ruhai Zou, Pinzhu Huang, Binkui Li, Yun Zheng, Xiangming Lao, Yunfei Yuan*. Hepatectomy for hepatocellular carcinoma patients with macronodular cirrhosis. Eur J Gastroenterol Hepatol 2012, 24(5):575-82. (2012 IF=1.915) (11) Jiliang Qiu#, Pinzhu Huang#, Jing-Hong You, Ru-Hai Zou, Li Wang, Jian Hong, Binkui Li, Kai Zhou, Yunfei Yuan*. LIN28 expression and prognostic value in hepatocellular carcinoma patients who meet the Milan criteria and undergo hepatectomy. Chin J Cancer 2012, 31(5):223-232. (2014, IF=2.155) (12) Pinzhu Huang#, Jiliang Qiu#, Jinghong You, Jian Hong, Binkui Li, Kai Zhou, Guihua Chen, Yunfei Yuan, Ruhai Zou*. Expression and prognostic significance of CIP2A mRNA in hepatocellular carcinoma and nontumoral liver tissues. Biomarkers. 2012, 17(5):422-9. (2012, IF=2.215) (13) Qing-An Zeng#, Jiliang Qiu#, Ruhai Zou, Yijie Li, Shengping Li, Binkui Li, Pinzhu Huang, Jian Hong, Yun Zheng, Xiangming Lao, Yunfei Yuan*. Clinical features and outcome of multiple primary malignancies involving hepatocellular carcinoma: A long-term follow-up study. BMC Cancer 2012, 12(1):148. (2012 IF=3.333) (14) Jiliang Qiu#, Pinzhu Huang#, Qian Liu#, Jian Hong, Binkui Li, Canliang Lu, Li Wang, Jianping Wang, Yunfei Yuan*. Identification of MACC1 as a novel prognostic marker in hepatocellular carcinoma. J Transl Med 2011, 9:166. (2011 IF=3.474) (15) Pinzhu Huang#, Jiliang Qiu#, Binkui Li, Jian Hong, Canliang Lu, Li Wang, Jianping Wang, Yezhu Hu, Weihua Jia, Yunfei Yuan*. Role of Sox2 and Oct4 in predicting survival of hepatocellular carcinoma patients after hepatectomy. Clin Biochem 2011, 44:582-589. (2011 IF=2.076) (16) Canliang Lu#, Jiliang Qiu#, Pinzhu Huang, Ruhai Zou, Jian Hong, Binkui Li, Guihua Chen, Yunfei Yuan*. NADPH Oxidase DUOX1 and DUOX2 but not NOX4 are independent predictors in hepatocellular carcinoma after hepatectomy. Tumor Biolog...",https://www.sysucc.org.cn/node/3645,1800,临床专家 面包屑 首页 / 临床科室 / 外科系列 / 肝脏外科 / 临床专家 邱际亮 ,44,1756,0,44,START,SYSUCC_CLINICAL_EXPERT,邱际亮,YES,NO,NO_ADJACENT_QUOTE,b8266164af08cdefcb339b8ee978b7d3903d11ba90efd7fb1b15259b83038a4d,b27c366b9469bea44e22ed03a2cc49a43a064e5b1c7560527f96af9d9a949fc2
1075,1074,中山大学肿瘤防治中心,何伟,https://www.sysucc.org.cn/node/3647,587,临床专家 面包屑 首页 / 临床科室 / 外科系列 / 肝脏外科 / 临床专家 何伟 ,43,544,0,43,START,SYSUCC_CLINICAL_EXPERT,何伟,NO,NO,NO_ADJACENT_QUOTE,77afdeef3e40efe79f985a7d9470581f66c45fadda75dcc0a42ccc0bafb88f38,bc8b6a2335cdef465105e96d9b08e6be792f170069bf33364dcd567412f67925
1076,1075,中山大学肿瘤防治中心,元云飞,https://www.sysucc.org.cn/node/3633,1800,临床专家 面包屑 首页 / 临床科室 / 外科系列 / 肝脏外科 / 临床专家 元云飞 ,44,1756,0,44,START,SYSUCC_CLINICAL_EXPERT,元云飞,NO,NO,NO_ADJACENT_QUOTE,7e70e09479d0edea64382984d4e2daab68bc72f57cc322dfddb75c434f13489d,584e097b255e03cf9491d344a6068b468cc11af4c2b5df3b64e8049256b78a35
1077,1076,中山大学肿瘤防治中心,周仲国,https://www.sysucc.org.cn/node/3641,1800,临床专家 面包屑 首页 / 临床科室 / 外科系列 / 肝脏外科 / 临床专家 周仲国 ,44,1756,0,44,START,SYSUCC_CLINICAL_EXPERT,周仲国,NO,NO,NO_ADJACENT_QUOTE,fcb33aa58e49b86dd6bbd4e94ee002a97168d50f1709082bea4de06d94e1d79f,35e4e5d0236143607f9ff10e8efb87ccfcb981dece38bf9b7d9f0bfeec4ea581
1078,1077,中山大学肿瘤防治中心,张耀军,https://www.sysucc.org.cn/node/3640,1800,临床专家 面包屑 首页 / 临床科室 / 外科系列 / 肝脏外科 / 临床专家 张耀军 ,44,1756,0,44,START,SYSUCC_CLINICAL_EXPERT,张耀军,NO,NO,NO_ADJACENT_QUOTE,3af5e4c188a4197dca5e92aa0db093aa77a417c8edc42ceebdbb4d7d965ca777,c5ed309077dea9723958f1c577f92fc8a6cb05f58abf0bea850235aa457c41b3
1079,1078,中山大学肿瘤防治中心,徐立,https://www.sysucc.org.cn/node/3636,1800,临床专家 面包屑 首页 / 临床科室 / 外科系列 / 肝脏外科 / 临床专家 徐立 ,43,1757,0,43,START,SYSUCC_CLINICAL_EXPERT,徐立,NO,NO,NO_ADJACENT_QUOTE,f462b90ac5a560a260973c1751107665fe2ad2305f73ce5aebf0ebbcdec0fd01,b89903564777d62574fe78b4151071ea398a2a4f3bdb5337c4120493f5cdb687
1080,1079,中山大学肿瘤防治中心,李启炯,https://www.sysucc.org.cn/node/3644,1800,临床专家 面包屑 首页 / 临床科室 / 外科系列 / 肝脏外科 / 临床专家 李启炯 ,44,1756,0,44,START,SYSUCC_CLINICAL_EXPERT,李启炯,NO,NO,NO_ADJACENT_QUOTE,4df5cb9ad7bbb203dad1ec3a95f0ce38e4347cc1a06bf883b88099aeba62ebb2,b141d3d28b4b913085945f56418b42b2ee6c9d87d89b86163a0450f889e40c83
1081,1080,中山大学肿瘤防治中心,李少华,https://www.sysucc.org.cn/node/3643,1417,临床专家 面包屑 首页 / 临床科室 / 外科系列 / 肝脏外科 / 临床专家 李少华 ,44,1373,0,44,START,SYSUCC_CLINICAL_EXPERT,李少华,NO,NO,NO_ADJACENT_QUOTE,043748169266efe5327d704cda993a0c4aa5f54d8352370fb310337773c51c2a,d055897bb720b5424e7f368bd667adff2c242dfc4fc03835ee183a85f0d70aca
1082,1081,中山大学肿瘤防治中心,李斌奎,https://www.sysucc.org.cn/node/3638,950,临床专家 面包屑 首页 / 临床科室 / 外科系列 / 肝脏外科 / 临床专家 李斌奎 ,44,906,0,44,START,SYSUCC_CLINICAL_EXPERT,李斌奎,NO,NO,NO_ADJACENT_QUOTE,9ab213060e03f0c4c57d4a8cfd406e8e215e2619fea4713b8fb043e2cdf0edaf,de1230dbfb8a81dc7d0b0ebb3ba8629f2edaed367c8dd5926549e9184c056a35
1083,1082,中山大学肿瘤防治中心,王骏成,https://www.sysucc.org.cn/node/8255,1800,临床专家 面包屑 首页 / 临床科室 / 外科系列 / 肝脏外科 / 临床专家 王骏成 ,44,1756,0,44,START,SYSUCC_CLINICAL_EXPERT,王骏成,NO,NO,NO_ADJACENT_QUOTE,a4ba79de9b16d54013d48ecfd766bda8e59a7e029d3bf95b60c5007ca6f00e22,0582968f740bf8be7dadb542a1edf2c206d337ffe3d9762182850737d5dce922
1084,1083,中山大学肿瘤防治中心,石明,https://www.sysucc.org.cn/node/3635,1800,临床专家 面包屑 首页 / 临床科室 / 外科系列 / 肝脏外科 / 临床专家 石明 ,43,1757,0,43,START,SYSUCC_CLINICAL_EXPERT,石明,NO,NO,NO_ADJACENT_QUOTE,cb4dda56f09680e645f7bbe5ead4370a5a3b368f07852a6d9c83425208e8e1af,9fd6411626c9a8a465efff470c872e62996ddc8fa718dcb73b8bfa0632bdaec1
1085,1084,中山大学肿瘤防治中心,胡丹旦,https://www.sysucc.org.cn/node/3646,356,临床专家 面包屑 首页 / 临床科室 / 外科系列 / 肝脏外科 / 临床专家 胡丹旦 ,44,312,0,44,START,SYSUCC_CLINICAL_EXPERT,胡丹旦,NO,NO,NO_ADJACENT_QUOTE,828069df869f88824a6900b896f5eaf8be6681c0b72edcb5bacfa7ed990c1f3c,4b4691005cb5125da0342e74444f853bb92521b6ea8b2e836c5c545b88e587ac
1086,1085,中山大学肿瘤防治中心,赵荣策,https://www.sysucc.org.cn/node/9078,404,临床专家 面包屑 首页 / 临床科室 / 外科系列 / 肝脏外科 / 临床专家 赵荣策 ,44,360,0,44,START,SYSUCC_CLINICAL_EXPERT,赵荣策,NO,NO,NO_ADJACENT_QUOTE,711beac36f37df77ecfe9466c1f6306d219018d6949415a1a534c154088103d7,2233dbae415ddadd3ad49fa0e5097efaae90223d61308061f3843dc4b166f430
1087,1086,中山大学肿瘤防治中心,郑云,https://www.sysucc.org.cn/node/3637,556,临床专家 面包屑 首页 / 临床科室 / 外科系列 / 肝脏外科 / 临床专家 郑云 ,43,513,0,43,START,SYSUCC_CLINICAL_EXPERT,郑云,NO,NO,NO_ADJACENT_QUOTE,d34e0a8b324696814d4ad08511f197a4b7159dab5ca849685d1e76222d1c1e33,c3d43f73ed769e222dacb911405a9c8010f08575f0ce62b45819638aad075309
1088,1087,中山大学肿瘤防治中心,郭荣平,https://www.sysucc.org.cn/node/3634,1800,临床专家 面包屑 首页 / 临床科室 / 外科系列 / 肝脏外科 / 临床专家 郭荣平 ,44,1756,0,44,START,SYSUCC_CLINICAL_EXPERT,郭荣平,NO,NO,NO_ADJACENT_QUOTE,e8b68370471a233ac7ed285f00a55e045fff9d3aea7b224d1d0d8dc8a9bdf6eb,3cded940732f5f548fe8311bab487f16411af1f35596ff8ed9a1a2acd2157c9b
1089,1088,中山大学肿瘤防治中心,陈敏山,https://www.sysucc.org.cn/node/3632,1800,临床专家 面包屑 首页 / 临床科室 / 外科系列 / 肝脏外科 / 临床专家 陈敏山 ,44,1756,0,44,START,SYSUCC_CLINICAL_EXPERT,陈敏山,NO,NO,NO_ADJACENT_QUOTE,f25605df1da6d82504150fc52f8b5764d98333eb15ec23ad61b67eff487e7f1d,f8fda5f903f7f46f074be1df6564ed52db055caf30e85fa6aea3f5463b508875
1090,1089,中山大学肿瘤防治中心,韦玮,https://www.sysucc.org.cn/node/3639,1800,临床专家 面包屑 首页 / 临床科室 / 外科系列 / 肝脏外科 / 临床专家 韦玮 ,43,1757,0,43,START,SYSUCC_CLINICAL_EXPERT,韦玮,NO,NO,NO_ADJACENT_QUOTE,be2b38b7244b794415149c33a099df316c8de5f2705f8ab7f46ca6d265d5c02f,f0ed9881502fa193043bee9deb01459862af57fb45cae429a35ab48adb8f5c0d
1091,1090,中山大学肿瘤防治中心,丁超,https://www.sysucc.org.cn/node/7369,96,临床专家 面包屑 首页 / 临床科室 / 外科系列 / 胃外科 / 临床专家 丁超 ,42,54,0,42,START,SYSUCC_CLINICAL_EXPERT,丁超,NO,NO,NO_ADJACENT_QUOTE,d8f18a5f3447d815eb2f73a85ee85b99220abe18e3d118ba90ba5075f9dee79a,f27b347392ef8f8498b35f490e29ce49d9f4b2b5f394d6c4ba7048cacc647577
1092,1091,中山大学肿瘤防治中心,关远祥,https://www.sysucc.org.cn/node/3664,276,临床专家 面包屑 首页 / 临床科室 / 外科系列 / 胃外科 / 临床专家 关远祥 ,43,233,0,43,START,SYSUCC_CLINICAL_EXPERT,关远祥,NO,NO,NO_ADJACENT_QUOTE,439d1abad656641747bed6ce9de725a6cc404c15905598e32598c7e4c61bddc0,3948f9580ef37ca4f77263834870cee420f47fb52078b003fc9209ec825f1131
1093,1092,中山大学肿瘤防治中心,刘文武,https://www.sysucc.org.cn/node/8009,1800,临床专家 面包屑 首页 / 临床科室 / 外科系列 / 胃外科 / 临床专家 刘文武 ,43,1757,0,43,START,SYSUCC_CLINICAL_EXPERT,刘文武,NO,NO,NO_ADJACENT_QUOTE,3cfe9a3454a8c50c3ad91f16b518366e41c4daa601f25acdadbd2f7052c281e6,0c43173cdc7d9bbab5b91e88a2c444d5f21abd25f0b4dd9df594cb8f09d317ba
1094,1093,中山大学肿瘤防治中心,周志伟,https://www.sysucc.org.cn/node/3654,1800,临床专家 面包屑 首页 / 临床科室 / 外科系列 / 胃外科 / 临床专家 周志伟 ,43,1757,0,43,START,SYSUCC_CLINICAL_EXPERT,周志伟,NO,NO,NO_ADJACENT_QUOTE,445179be706669810b1c3d645c6b35d2bf89da92db50c49ab929b497c4ac1aa9,acb7a9b77ded0a7e67547cb81760aa830a1c7dcc78b84b115c537bd6a1af52e8
1095,1094,中山大学肿瘤防治中心,孙晓卫,https://www.sysucc.org.cn/node/3657,527,临床专家 面包屑 首页 / 临床科室 / 外科系列 / 胃外科 / 临床专家 孙晓卫 ,43,484,0,43,START,SYSUCC_CLINICAL_EXPERT,孙晓卫,NO,NO,NO_ADJACENT_QUOTE,0848a2194ec84c88a3f1be87dcdc43a8b53d0d17f9a97714d3454e80ba37447c,8fbe79ccf746e479911639738029aaa3c7dc3e528a885640aacf6557606eaeb7
1096,1095,中山大学肿瘤防治中心,李元方,https://www.sysucc.org.cn/node/3659,1800,临床专家 面包屑 首页 / 临床科室 / 外科系列 / 胃外科 / 临床专家 李元方 ,43,1757,0,43,START,SYSUCC_CLINICAL_EXPERT,李元方,NO,NO,NO_ADJACENT_QUOTE,7e4f672254832114ef22fe77b77b91690845a01f0c48149c07ff9b7441788fff,32cf3d157449f125cf0a2308be8cf832fba9000c8c87557ab6d939f22a194cf0
1097,1096,中山大学肿瘤防治中心,梁垚,https://www.sysucc.org.cn/node/3663,1200,临床专家 面包屑 首页 / 临床科室 / 外科系列 / 胃外科 / 临床专家 梁垚 ,42,1158,0,42,START,SYSUCC_CLINICAL_EXPERT,梁垚,NO,NO,NO_ADJACENT_QUOTE,a0cb646d0050e909511480b179f9baf3c6ff4d7c5c596819bf7edccac10bc993,007e284c12784eefeed9a53a371b03543632a6f567f588803d1a087e605331ba
1098,1097,中山大学肿瘤防治中心,王玮,https://www.sysucc.org.cn/node/3662,1800,临床专家 面包屑 首页 / 临床科室 / 外科系列 / 胃外科 / 临床专家 王玮 ,42,1758,0,42,START,SYSUCC_CLINICAL_EXPERT,王玮,NO,NO,NO_ADJACENT_QUOTE,4cd39c5efffb2224692a91fdff5767cce881458be4fc01f374882879814061ea,4f773890d47bac5fad1640a937509eb68fe54a13e9665a7913148cab2b2f8c6f
1099,1098,中山大学肿瘤防治中心,聂润聪,https://www.sysucc.org.cn/node/6430,1800,临床专家 面包屑 首页 / 临床科室 / 外科系列 / 胃外科 / 临床专家 聂润聪 ,43,1757,0,43,START,SYSUCC_CLINICAL_EXPERT,聂润聪,NO,NO,NO_ADJACENT_QUOTE,29c3171f9a6b0c2550b15917459c47a4d1e20126307839f4ec24e1540a3d99e5,5e212f12ef01a82042f377d14328aecb675f19a967b9a1edccbef6c4079dd3da
1100,1099,中山大学肿瘤防治中心,袁庶强,https://www.sysucc.org.cn/node/3660,1800,临床专家 面包屑 首页 / 临床科室 / 外科系列 / 胃外科 / 临床专家 袁庶强 ,43,1757,0,43,START,SYSUCC_CLINICAL_EXPERT,袁庶强,NO,NO,NO_ADJACENT_QUOTE,67fdb636542b537226267e2525cdd9058eefa38da269f51b9dc0456d46c6fbe6,d87a505e74d6b0d169fa36e204f6c394c6fc00daa413cc165d8bf55c0856b652
1101,1100,中山大学肿瘤防治中心,邱海波,https://www.sysucc.org.cn/node/3661,1800,临床专家 面包屑 首页 / 临床科室 / 外科系列 / 胃外科 / 临床专家 邱海波 ,43,1757,0,43,START,SYSUCC_CLINICAL_EXPERT,邱海波,NO,NO,NO_ADJACENT_QUOTE,7a431a16e14923de90a473e3f8d8a26e27368d0ffdee285d8dd14d9c89933ead,7fe3d1c02436c9f5ba9f92904437d088beca73e632f67cf17a124b29c9392885
1102,1101,中山大学肿瘤防治中心,陈映波,https://www.sysucc.org.cn/node/3655,1800,临床专家 面包屑 首页 / 临床科室 / 外科系列 / 胃外科 / 临床专家 陈映波 ,43,1757,0,43,START,SYSUCC_CLINICAL_EXPERT,陈映波,NO,NO,NO_ADJACENT_QUOTE,813a53346d0129e53aa5db802e2763c7ae937ce66ca7c860c3467f83ee8c7121,fcfd962335760de3bacf9f8fbd5c8506d4adc3a5ab6d8cbe92488eec9dce7cea
1103,1102,中山大学肿瘤防治中心,陈永明,https://www.sysucc.org.cn/node/3665,1717,临床专家 面包屑 首页 / 临床科室 / 外科系列 / 胃外科 / 临床专家 陈永明 ,43,1674,0,43,START,SYSUCC_CLINICAL_EXPERT,陈永明,NO,NO,NO_ADJACENT_QUOTE,9743fd6d0f0899c07286cc9d7d71f1a58674f4925246f6be32895d279dee0739,37b899b8acde4a59d3cf592748836a4cb40b6a7a31a45444b897581a3a00ad76
1104,1103,中山大学肿瘤防治中心,何朝滨,https://www.sysucc.org.cn/node/9648,1329,临床专家 面包屑 首页 / 临床科室 / 外科系列 / 胰胆外科 / 临床专家 何朝滨 ,44,1285,0,44,START,SYSUCC_CLINICAL_EXPERT,何朝滨,NO,NO,NO_ADJACENT_QUOTE,3ce234962c11ba38bc09ca2fae07df5a829f087c27f2b8f05988818ac6e724ea,261c2087c9276939ec52170e566bf20972b21241239c29ef4156fe8012f6fc22
1105,1104,中山大学肿瘤防治中心,劳向明,https://www.sysucc.org.cn/node/3651,1622,临床专家 面包屑 首页 / 临床科室 / 外科系列 / 胰胆外科 / 临床专家 劳向明 ,44,1578,0,44,START,SYSUCC_CLINICAL_EXPERT,劳向明,NO,NO,NO_ADJACENT_QUOTE,6f472c075488dfe9e5f23d1f2a0eb521f34fa0318546541c3690e399a6e5bab5,4513bb66c7e7569ea6445c95f8dc30e5703319341474ff0f741898a91b6cb768
1106,1105,中山大学肿瘤防治中心,崔伯康,https://www.sysucc.org.cn/node/3652,891,临床专家 面包屑 首页 / 临床科室 / 外科系列 / 胰胆外科 / 临床专家 崔伯康 ,44,847,0,44,START,SYSUCC_CLINICAL_EXPERT,崔伯康,NO,NO,NO_ADJACENT_QUOTE,3408cc19ae88e66d05a9743f705431ef174b0d1bf7b2ca5eb63f015a187f7ecc,3040972a973370c45caabb7e01df73d2c6ef4cd089f7bb6b7c9c20dbe5ced36c
1107,1106,中山大学肿瘤防治中心,李升平,https://www.sysucc.org.cn/node/3649,1800,临床专家 面包屑 首页 / 临床科室 / 外科系列 / 胰胆外科 / 临床专家 李升平 ,44,1756,0,44,START,SYSUCC_CLINICAL_EXPERT,李升平,NO,NO,NO_ADJACENT_QUOTE,7f79c6ab8dd272372987e12c8fbe0afc86d2230a360abceb51e64cf3683b857c,99a896d00dbde44c4484dbdf22810a89adabfeb8082874184014ebfaae824f3e
1108,1107,中山大学肿瘤防治中心,林小军,https://www.sysucc.org.cn/node/3650,803,临床专家 面包屑 首页 / 临床科室 / 外科系列 / 胰胆外科 / 临床专家 林小军 ,44,759,0,44,START,SYSUCC_CLINICAL_EXPERT,林小军,NO,NO,NO_ADJACENT_QUOTE,d7a8e26b8c3a7927d969d087953c8ee99a9d03373b340d0f0293399891ec59f1,f68b885e57f36d1dffea6c2568b3f5ccafb921c55a4b99b7c8e0bdb25218349f
1109,1108,中山大学肿瘤防治中心,王俊,https://www.sysucc.org.cn/node/3653,669,临床专家 面包屑 首页 / 临床科室 / 外科系列 / 胰胆外科 / 临床专家 王俊 ,43,626,0,43,START,SYSUCC_CLINICAL_EXPERT,王俊,NO,NO,NO_ADJACENT_QUOTE,995c6396bd8afda070e1ae98447cb9573afac6e2011d76916869ebc0db328931,18ee8070ac6bae662024ce4dfd4d8e3eaeecf0dffd582573173c512c69542591
1110,1109,中山大学肿瘤防治中心,魏然,https://www.sysucc.org.cn/node/8083,584,临床专家 面包屑 首页 / 临床科室 / 外科系列 / 胰胆外科 / 临床专家 魏然 ,43,541,0,43,START,SYSUCC_CLINICAL_EXPERT,魏然,NO,NO,NO_ADJACENT_QUOTE,d646d7228821106908be30ea75167cdb895df9d19402134d928e716acaca5145,45946a0e619ba6b3211ea086a804fb659b15ba22446ec805cff54da865f5ea36
1111,1110,中山大学肿瘤防治中心,傅剑华,https://www.sysucc.org.cn/node/3611,1800,临床专家 面包屑 首页 / 临床科室 / 外科系列 / 胸科 / 临床专家 傅剑华 ,42,1758,0,42,START,SYSUCC_CLINICAL_EXPERT,傅剑华,NO,NO,NO_ADJACENT_QUOTE,15473f8105143975640e9b36d4e76ab46b121c139a58890343641c52ff70b10e,50dbce322737be7074217296200689cc5ba3fb15a63b18f82b36ebcac7382a4a
1112,1111,中山大学肿瘤防治中心,傅夏宇,https://www.sysucc.org.cn/node/8450,81,临床专家 面包屑 首页 / 临床科室 / 外科系列 / 胸科 / 临床专家 傅夏宇 ,42,39,0,42,START,SYSUCC_CLINICAL_EXPERT,傅夏宇,NO,NO,NO_ADJACENT_QUOTE,1031c5a7349a84c8c06e8a2ab4159a4cba08ba9a943debeb62a209b8015a7509,7bb9fef53ab22e2a5c0d6b925011b2737f1369151ad83e267cb1d0bd189d2b30
1113,1112,中山大学肿瘤防治中心,冷长森,https://www.sysucc.org.cn/node/6477,399,临床专家 面包屑 首页 / 临床科室 / 外科系列 / 胸科 / 临床专家 冷长森 ,42,357,0,42,START,SYSUCC_CLINICAL_EXPERT,冷长森,NO,NO,NO_ADJACENT_QUOTE,b62a03f07b458c7dd2f1e6eddc0a16f878ae9d9250917f7596930d25d1ffeb0d,c6b26882a7a9b4aeaa8d2f9f4ad8e9081db5da0568a6965e8e231f279e212ddc
1114,1113,中山大学肿瘤防治中心,刘乾文,https://www.sysucc.org.cn/node/3626,1225,临床专家 面包屑 首页 / 临床科室 / 外科系列 / 胸科 / 临床专家 刘乾文 ,42,1183,0,42,START,SYSUCC_CLINICAL_EXPERT,刘乾文,NO,NO,NO_ADJACENT_QUOTE,9f8bab17f0dfb83dfab3a0c966b7f248e91b160c6cf1242a1766a1866cca2130,2fd61a470d4dc59f89c20aee68979a0ad3df402985f93bdf02f192eab233648a
1115,1114,中山大学肿瘤防治中心,区伟,https://www.sysucc.org.cn/node/3623,66,临床专家 面包屑 首页 / 临床科室 / 外科系列 / 胸科 / 临床专家 区伟 ,41,25,0,41,START,SYSUCC_CLINICAL_EXPERT,区伟,NO,NO,NO_ADJACENT_QUOTE,6a910f5255ff77c905c683c16e017a4fbabef0918d5de89f0609fcff6b77eea5,eb9a4dffea53de607557b88ce84781e13f701d7a3ac42088c128690bdd9cd89b
1116,1115,中山大学肿瘤防治中心,张兰军,https://www.sysucc.org.cn/node/7371,1800,临床专家 面包屑 首页 / 临床科室 / 外科系列 / 胸科 / 临床专家 张兰军 ,42,1758,0,42,START,SYSUCC_CLINICAL_EXPERT,张兰军,NO,NO,NO_ADJACENT_QUOTE,b9b07cdb1579c90146d4b195e96d030fbd9c886a27edb32ad1032dbe05f61cd5,46e22c904f5a4eea9bd493e13a2f3778bb5b022b34af55e63977abe66d8710a8
1117,1116,中山大学肿瘤防治中心,张旭,https://www.sysucc.org.cn/node/3618,1800,临床专家 面包屑 首页 / 临床科室 / 外科系列 / 胸科 / 临床专家 张旭 ,41,1759,0,41,START,SYSUCC_CLINICAL_EXPERT,张旭,NO,NO,NO_ADJACENT_QUOTE,b38c5418458d33d02eca1b966d3daa922deb85a7bb5b3225a4d622c97f035eb7,892a72e3f41924db26457867a2d9b66f2ae3a5f0d30888f8526bca498ec14f04
1118,1117,中山大学肿瘤防治中心,戎铁华,https://www.sysucc.org.cn/node/4663,1800,临床专家 面包屑 首页 / 临床科室 / 外科系列 / 胸科 / 临床专家 戎铁华 ,42,1758,0,42,START,SYSUCC_CLINICAL_EXPERT,戎铁华,NO,NO,NO_ADJACENT_QUOTE,822363526d3169526a35f68d48abcb0509f8b267fed2fc461c6e5e8cf8d4d2cb,9d4ac22cdf016fbc246cc075804f241cbf2f7bea34fd2aacc0c4367bc1156390
1120,1119,中山大学肿瘤防治中心,李小东,https://www.sysucc.org.cn/node/3622,1800,临床专家 面包屑 首页 / 临床科室 / 外科系列 / 胸科 / 临床专家 李小东 ,42,1758,0,42,START,SYSUCC_CLINICAL_EXPERT,李小东,NO,NO,NO_ADJACENT_QUOTE,cca2308a453e85be1caad11ea12471e7b23241f9c6d9d61f0c6e60b61d41a176,2f2d1f0adf32ff022ec0a16316b5b4eedfa6ae6ea329966109b9e27e83a5ea45
1121,1120,中山大学肿瘤防治中心,杨寒,https://www.sysucc.org.cn/node/6898,73,临床专家 面包屑 首页 / 临床科室 / 外科系列 / 胸科 / 临床专家 杨寒 ,41,32,0,41,START,SYSUCC_CLINICAL_EXPERT,杨寒,NO,NO,NO_ADJACENT_QUOTE,92a2cc3dbec22ddb608de75dea10d346da63edda74f4b20c391241e1e2cb09e4,d39e0390ea15af6474772bd2e685688e4d73c8b43bad34a908164856edd9ae94
1122,1121,中山大学肿瘤防治中心,杨弘,https://www.sysucc.org.cn/node/3620,1800,临床专家 面包屑 首页 / 临床科室 / 外科系列 / 胸科 / 临床专家 杨弘 ,41,1759,0,41,START,SYSUCC_CLINICAL_EXPERT,杨弘,NO,NO,NO_ADJACENT_QUOTE,61725c3ba044d18ccb02faf72f0615c1741a6fccf359fdf73313df2455ec6b51,088dce2dc155f508a0d621cff77b7f3f6e02db47a1f9585bb230c01b0aca43c6
1123,1122,中山大学肿瘤防治中心,杨浩贤 学位： 肿瘤学博士 行政职务： 胸科 主任,https://www.sysucc.org.cn/node/3612,1460,临床专家 面包屑 首页 / 临床科室 / 外科系列 / 胸科 / 临床专家 杨浩贤 ,42,1418,0,42,START,SYSUCC_CLINICAL_EXPERT,杨浩贤,YES,NO,NO_ADJACENT_QUOTE,7b43fa077a423d285b6cdc3e9b2bcecca255cccff1d41c51dead8651619803a6,8fe97cf75be0f9fd13fa2fa38798871702844f1a5b086a3b0d0d676afb11fe29
1124,1123,中山大学肿瘤防治中心,林勇斌,https://www.sysucc.org.cn/node/3625,769,临床专家 面包屑 首页 / 临床科室 / 外科系列 / 胸科 / 临床专家 林勇斌 ,42,727,0,42,START,SYSUCC_CLINICAL_EXPERT,林勇斌,NO,NO,NO_ADJACENT_QUOTE,9501cb155546dfcbf15495c8bab0b66c7ceedb400cea3ecd802874ccf4ad346b,d776c468fec0389c5ec46975d9050f3be9236114c1f7c37bf16078aa9e514f6f
1125,1124,中山大学肿瘤防治中心,林鹏,https://www.sysucc.org.cn/node/3610,1800,临床专家 面包屑 首页 / 临床科室 / 外科系列 / 胸科 / 临床专家 林鹏 ,41,1759,0,41,START,SYSUCC_CLINICAL_EXPERT,林鹏,NO,NO,NO_ADJACENT_QUOTE,e7467c82feb96a7a59fe6423c419245f07a038dcb2399e3f664b80fa3f512d96,d6b4092c21268fb84684726b65dfe9e4242f36f38d0a93cb8a1e590ca0fe5eb2
1127,1126,中山大学肿瘤防治中心,王军业,https://www.sysucc.org.cn/node/3616,1800,临床专家 面包屑 首页 / 临床科室 / 外科系列 / 胸科 / 临床专家 王军业 ,42,1758,0,42,START,SYSUCC_CLINICAL_EXPERT,王军业,NO,NO,NO_ADJACENT_QUOTE,a381f85435d32067b653e71e1a7fb0ef16d15c69c0014c5c48876fca0a02861e,3dd89f3a8d8c2d8f71f2cc7d3fbebab37c8cc278b1a45c6a749c263a7bb69557
1128,1127,中山大学肿瘤防治中心,王思愚,https://www.sysucc.org.cn/node/3613,1800,临床专家 面包屑 首页 / 临床科室 / 外科系列 / 胸科 / 临床专家 王思愚 ,42,1758,0,42,START,SYSUCC_CLINICAL_EXPERT,王思愚,NO,NO,NO_ADJACENT_QUOTE,912088220cbbe090a2d6c8c40343840a09d16161176a93f99192c2045fa40c67,29cbe7a7c09cdfd65f274a359ce22fbb67138db1e54b353d26427462f0b17060
1129,1128,中山大学肿瘤防治中心,王欣,https://www.sysucc.org.cn/node/3614,1800,临床专家 面包屑 首页 / 临床科室 / 外科系列 / 胸科 / 临床专家 王欣 ,41,1759,0,41,START,SYSUCC_CLINICAL_EXPERT,王欣,NO,NO,NO_ADJACENT_QUOTE,dff53a8cf351bda0b23b54accc492cbb4d9f9ccc4541599896c4235b1c6a8260,a59aa75cadd3ef854b5dbed078ea02dac529a9de7f2d3c0903385fbb0df4a2f6
1130,1129,中山大学肿瘤防治中心,罗孔嘉,https://www.sysucc.org.cn/node/3627,1800,临床专家 面包屑 首页 / 临床科室 / 外科系列 / 胸科 / 临床专家 罗孔嘉 ,42,1758,0,42,START,SYSUCC_CLINICAL_EXPERT,罗孔嘉,NO,NO,NO_ADJACENT_QUOTE,75c43fd1e51a2462cfaabb5b3989341acdbaad2edeac76b071b4dda5a940c4b8,5ce2375a740529af2a6398c5236e1e882fa79faceb28bfca6f30de865488fbc5
1131,1130,中山大学肿瘤防治中心,胡祎,https://www.sysucc.org.cn/node/3621,1800,临床专家 面包屑 首页 / 临床科室 / 外科系列 / 胸科 / 临床专家 胡祎 ,41,1759,0,41,START,SYSUCC_CLINICAL_EXPERT,胡祎,NO,NO,NO_ADJACENT_QUOTE,63f82db16b2f20dc83403793eecdbdd22f05cf52b1e95064dd07126ef547a2fc,eb002bdf1a21cd9fbaf99a06488ee27f8d5a656e1b103a27543a82fda071bf54
1132,1131,中山大学肿瘤防治中心,苏晓东,https://www.sysucc.org.cn/node/3619,1257,临床专家 面包屑 首页 / 临床科室 / 外科系列 / 胸科 / 临床专家 苏晓东 ,42,1215,0,42,START,SYSUCC_CLINICAL_EXPERT,苏晓东,NO,NO,NO_ADJACENT_QUOTE,7362bf2738bcae7d94791c4b3ac2edea97b2edabfc1f493c762fa3a2ec8ded2d,220408ab89b0941ef0ca51274dd1644cbd56145af92186ee075f8bd836871d78
1133,1132,中山大学肿瘤防治中心,赵泽锐,https://www.sysucc.org.cn/node/3628,1800,临床专家 面包屑 首页 / 临床科室 / 外科系列 / 胸科 / 临床专家 赵泽锐 ,42,1758,0,42,START,SYSUCC_CLINICAL_EXPERT,赵泽锐,NO,NO,NO_ADJACENT_QUOTE,e49fbc918f04c0ce963941600a610062e7be5ea8cebfed3bdbb3d85998e6ad80,0410bbe4d914767db9479ec7c5c74bfce6f2fe44f08b8f8878c9706babe600ab
1134,1133,中山大学肿瘤防治中心,陈友芳,https://www.sysucc.org.cn/node/3631,700,临床专家 面包屑 首页 / 临床科室 / 外科系列 / 胸科 / 临床专家 陈友芳 ,42,658,0,42,START,SYSUCC_CLINICAL_EXPERT,陈友芳,NO,NO,NO_ADJACENT_QUOTE,6d78ab7491678e72c5e8fd6854e8b4a26aaf5448686f79a665bf3d754da11315,e4f52515028b441237328c9ade81fb5e5da3a2f0c32900060a30bba2c517d19a
1135,1134,中山大学肿瘤防治中心,陈骏英,https://www.sysucc.org.cn/node/3630,574,临床专家 面包屑 首页 / 临床科室 / 外科系列 / 胸科 / 临床专家 陈骏英 ,42,532,0,42,START,SYSUCC_CLINICAL_EXPERT,陈骏英,NO,NO,NO_ADJACENT_QUOTE,e4d1cc4ff3ff23cacceb8a16474ef566e2e032075a414c42295b9abc3772c120,283cd1958b9d5e9d82d9c05a0ed8fd1dbab35ae6d6ceb1e30c8b7998de0f1941
1136,1135,中山大学肿瘤防治中心,马国伟,https://www.sysucc.org.cn/node/3617,928,临床专家 面包屑 首页 / 临床科室 / 外科系列 / 胸科 / 临床专家 马国伟 ,42,886,0,42,START,SYSUCC_CLINICAL_EXPERT,马国伟,NO,NO,NO_ADJACENT_QUOTE,c6f28abc2fd957a0628b5497d66dc328abee428f7ef22e6f6c925df782848486,e278fac0cda6b7d60217ef68a28e73c6ab46d11323341719cb876df3164fe0f1
1137,1136,中山大学肿瘤防治中心,龙浩,https://www.sysucc.org.cn/node/3609,1009,临床专家 面包屑 首页 / 临床科室 / 外科系列 / 胸科 / 临床专家 龙浩 ,41,968,0,41,START,SYSUCC_CLINICAL_EXPERT,龙浩,NO,NO,NO_ADJACENT_QUOTE,ebca6e682c2ba164160263915597361ba13fc7a378a81b3f145b7173cfd808ba,87477a56f17a02dd43b5c81ba59abc2ded48827cc9e140a9b560e1d00f4d3172
1138,1137,中山大学肿瘤防治中心,刘澍,https://www.sysucc.org.cn/node/6423,1149,临床专家 面包屑 首页 / 临床科室 / 平台科室 / 药学部 / 临床专家 刘澍 ,42,1107,0,42,START,SYSUCC_CLINICAL_EXPERT,刘澍,NO,NO,NO_ADJACENT_QUOTE,dc5531c4acde00e09c5bc4bfb7c4156bce53641070292bb4e2e0e3fcd5908540,55db04adec0efc6e7d4c3f1e2ee3eaf7529426a41eb8df6d82c40e821210d8e8
1139,1138,中山大学肿瘤防治中心,刘韬,https://www.sysucc.org.cn/node/3923,1800,临床专家 面包屑 首页 / 临床科室 / 平台科室 / 药学部 / 临床专家 刘韬 ,42,1758,0,42,START,SYSUCC_CLINICAL_EXPERT,刘韬,NO,NO,NO_ADJACENT_QUOTE,596d387529254a125475c79c3a3139868f3d9b687e98f9be065a507a3a5ef829,966d3ebeddee5bb5f5a214d0d886fdf9e6b00b9ccbbda6ca59d9bac49a7f96e0
1140,1139,中山大学肿瘤防治中心,房财富,https://www.sysucc.org.cn/node/6552,646,临床专家 面包屑 首页 / 临床科室 / 平台科室 / 药学部 / 临床专家 房财富 ,43,603,0,43,START,SYSUCC_CLINICAL_EXPERT,房财富,NO,NO,NO_ADJACENT_QUOTE,11ff85dab40348ba500bf00c0efafcbe6034064e2876b053b469bd8728863df8,e25acbbe0e0b784ff85c0cdd27c410286def533acfe6dbc45a29fa7d5adbc5c8
1141,1140,中山大学肿瘤防治中心,梁蔚婷,https://www.sysucc.org.cn/node/3926,516,临床专家 面包屑 首页 / 临床科室 / 平台科室 / 药学部 / 临床专家 梁蔚婷 ,43,473,0,43,START,SYSUCC_CLINICAL_EXPERT,梁蔚婷,NO,NO,NO_ADJACENT_QUOTE,c80406cd25413305474672d8d59775f938d9c6811072c311dbe22001f130c5df,545c194b523848d74916f271bf54465eed1b37d635c300adba1938381e15712b
1142,1141,中山大学肿瘤防治中心,陈倩超,https://www.sysucc.org.cn/node/3925,288,临床专家 面包屑 首页 / 临床科室 / 平台科室 / 药学部 / 临床专家 陈倩超 ,43,245,0,43,START,SYSUCC_CLINICAL_EXPERT,陈倩超,NO,NO,NO_ADJACENT_QUOTE,63ad100bec46f9e5c9029ead3d2f5e2006ed79b1f75f9d4db989942d9581263c,8042d00e084f2a427198a252ce478783c3d0c3cb756c9f248d8b4e8e368d719f
1143,1142,中山大学肿瘤防治中心,陈卓佳,https://www.sysucc.org.cn/node/3924,587,临床专家 面包屑 首页 / 临床科室 / 平台科室 / 药学部 / 临床专家 陈卓佳 ,43,544,0,43,START,SYSUCC_CLINICAL_EXPERT,陈卓佳,NO,NO,NO_ADJACENT_QUOTE,59d04fdafb44267164316fa0444d866193603557e0fedc44fcdd7e5e1472fcf3,89cf271c69a6a9634b66d7c236617299c311d0b30bfcf174b1d420f968b06a4a
1144,1143,中山大学肿瘤防治中心,黄红兵,https://www.sysucc.org.cn/node/3922,1800,临床专家 面包屑 首页 / 临床科室 / 平台科室 / 药学部 / 临床专家 黄红兵 ,43,1757,0,43,START,SYSUCC_CLINICAL_EXPERT,黄红兵,NO,NO,NO_ADJACENT_QUOTE,4c311c1a0766999811da279b8a6f0cf0d0f413334fb00e265d306d835c24db78,0cec5bf29117a94df95da4261f0af3c75608f794e157a591e07574d2a9eacf6c
1145,1144,中山大学肿瘤防治中心,吴秉毅,https://www.sysucc.org.cn/node/3793,1800,临床专家 面包屑 首页 / 临床科室 / 内科系列 / 血液肿瘤科 / 临床专家 吴秉毅 ,45,1755,0,45,START,SYSUCC_CLINICAL_EXPERT,吴秉毅,NO,NO,NO_ADJACENT_QUOTE,df7a83d214e75102e9713389ef3a6c1ef5afe8ee5acc7cffc1e189c34d9986f2,4e625782cd6e96121d17308acdc07f18f2cec77e9b612edc8cf926084f660a7f
1146,1145,中山大学肿瘤防治中心,夏忠军,https://www.sysucc.org.cn/node/3795,1800,临床专家 面包屑 首页 / 临床科室 / 内科系列 / 血液肿瘤科 / 临床专家 夏忠军 ,45,1755,0,45,START,SYSUCC_CLINICAL_EXPERT,夏忠军,NO,NO,NO_ADJACENT_QUOTE,749228968a3fca742ca882801e5a1d279632c2691acd9170fdca3417aa439689,dbfada8d353d637d2fd4700cabcb26ba5b9c06fa89afa5f8112e6967e2893956
1147,1146,中山大学肿瘤防治中心,宋远斌,https://www.sysucc.org.cn/node/6470,1800,临床专家 面包屑 首页 / 临床科室 / 内科系列 / 血液肿瘤科 / 临床专家 宋远斌 ,45,1755,0,45,START,SYSUCC_CLINICAL_EXPERT,宋远斌,NO,YES,NO_ADJACENT_QUOTE,f34514a8677944a4f962f5bcaa60e167156a6e82fd13d2d18bd79783d2423438,dbc42cc1de9736b7ebbe513288d760a35539190ca1d356890652991504f07d5d
1148,1147,中山大学肿瘤防治中心,崔莹莹,https://www.sysucc.org.cn/node/6489,332,临床专家 面包屑 首页 / 临床科室 / 内科系列 / 血液肿瘤科 / 临床专家 崔莹莹 ,45,287,0,45,START,SYSUCC_CLINICAL_EXPERT,崔莹莹,NO,NO,NO_ADJACENT_QUOTE,603d5a05c69b6e9970975856a1ce4b510b760f97b66ece2bb4822949f6b38e2f,54fa56dae8ee2680b844f376293b06293be4776af61e6c2602f259785b180290
1149,1148,中山大学肿瘤防治中心,戴钰俊,https://www.sysucc.org.cn/node/6441,87,临床专家 面包屑 首页 / 临床科室 / 内科系列 / 血液肿瘤科 / 临床专家 戴钰俊 ,45,42,0,45,START,SYSUCC_CLINICAL_EXPERT,戴钰俊,NO,NO,NO_ADJACENT_QUOTE,449c67b5238ec4d115a847afc7bbcd807c0187c914b48a981a24a809caa926ca,b38880e7493de77ce8543fce6c8c349f0107b8814e72fb57b8e94f8a7fd12138
1150,1149,中山大学肿瘤防治中心,李雪萍,https://www.sysucc.org.cn/node/9742,1224,临床专家 面包屑 首页 / 临床科室 / 内科系列 / 血液肿瘤科 / 临床专家 李雪萍 ,45,1179,0,45,START,SYSUCC_CLINICAL_EXPERT,李雪萍,NO,NO,NO_ADJACENT_QUOTE,269196f610a9e8355102a6b2a75745af081a3939c7d021cf1207d2e36fcf1c53,c01153168bd8de79b1e26cc1ed8c08df6cbe93871774373bfdfccacd2dcf1351
1151,1150,中山大学肿瘤防治中心,束玲玲,https://www.sysucc.org.cn/node/6481,1091,临床专家 面包屑 首页 / 临床科室 / 内科系列 / 血液肿瘤科 / 临床专家 束玲玲 ,45,1046,0,45,START,SYSUCC_CLINICAL_EXPERT,束玲玲,NO,NO,NO_ADJACENT_QUOTE,56fe83d83c6a6d2304ec99992dc17b359f6209b8a370b46d7570b675046c16fa,5dc179ebb94a318449ebc3adf7682bd99309e86031e5e1779652925ed37064bc
1152,1151,中山大学肿瘤防治中心,梁洋,https://www.sysucc.org.cn/node/3792,1800,临床专家 面包屑 首页 / 临床科室 / 内科系列 / 血液肿瘤科 / 临床专家 梁洋 ,44,1756,0,44,START,SYSUCC_CLINICAL_EXPERT,梁洋,NO,NO,NO_ADJACENT_QUOTE,905eb070d808cb908fb524f70051adaadeecca669d0d6e4c2b2f116cb155b2b0,ab0daa34b2c084be531818b23f6d2a957ab289f2ee117b9a7d19d3e6a7d20693
1153,1152,中山大学肿瘤防治中心,王华,https://www.sysucc.org.cn/node/3796,1800,临床专家 面包屑 首页 / 临床科室 / 内科系列 / 血液肿瘤科 / 临床专家 王华 ,44,1756,0,44,START,SYSUCC_CLINICAL_EXPERT,王华,NO,NO,NO_ADJACENT_QUOTE,39bea2b1740b39aed44d9846ad5edc9ddfc9beab46be9cb71a4f5b4c59ab82a3,13f0f369613dbedba6fbd7a945f7b1c8f06f4dbf4f05f2996c7e7ac76df50699
1154,1153,中山大学肿瘤防治中心,王维达,https://www.sysucc.org.cn/node/6480,142,临床专家 面包屑 首页 / 临床科室 / 内科系列 / 血液肿瘤科 / 临床专家 王维达 ,45,97,0,45,START,SYSUCC_CLINICAL_EXPERT,王维达,NO,NO,NO_ADJACENT_QUOTE,953d941af7e0428f3e84dea20f1d39485af46310538bdddabd677a6942784fe0,a65276364ee6605dbe9d555836cbc87574d96b413a368d4e2da2cb18d96edec8
1155,1154,中山大学肿瘤防治中心,王韵,https://www.sysucc.org.cn/node/3797,1107,临床专家 面包屑 首页 / 临床科室 / 内科系列 / 血液肿瘤科 / 临床专家 王韵 ,44,1063,0,44,START,SYSUCC_CLINICAL_EXPERT,王韵,NO,NO,NO_ADJACENT_QUOTE,ea85cf41b36ed119e59f735d85b63119931f20ad4f9fc8fdad90aa3dfbcab124,cba4c665adba00bc2adc1c4c96a59bc5e40df92a92be7241d9204949c08e5e36
1156,1155,中山大学肿瘤防治中心,刘丽珍,https://www.sysucc.org.cn/node/3901,68,临床专家 面包屑 首页 / 临床科室 / 平台科室 / 超声科 / 临床专家 刘丽珍 ,43,25,0,43,START,SYSUCC_CLINICAL_EXPERT,刘丽珍,NO,NO,NO_ADJACENT_QUOTE,92203a032a4ab929e56bae3a4cdc092779c4435379148b69bb0669d7d67e14af,3f81879c14076796f13cb003b8886ebcd22e677a71cd06e44037cf70a9b8c425
1157,1156,中山大学肿瘤防治中心,刘敏 中山大学肿瘤防治中心 副主任医师 医学博士 硕士生导师,https://www.sysucc.org.cn/node/6668,1221,临床专家 面包屑 首页 / 临床科室 / 平台科室 / 超声科 / 临床专家 刘敏 ,42,1179,0,42,START,SYSUCC_CLINICAL_EXPERT,刘敏,YES,NO,NO_ADJACENT_QUOTE,959beda78016b038de270f623509749bdc2b7385b6b74aca058252575ddf0187,eb726791e01c99a6088906d560b4011b7d10936a08e3a50d49f9cf96d6fa98c4
1158,1157,中山大学肿瘤防治中心,刘玉博,https://www.sysucc.org.cn/node/8251,85,临床专家 面包屑 首页 / 临床科室 / 平台科室 / 超声科 / 临床专家 刘玉博 ,43,42,0,43,START,SYSUCC_CLINICAL_EXPERT,刘玉博,NO,NO,NO_ADJACENT_QUOTE,a8514d61ecac09391eb6489426de6ddcf3313d46ea8f365f8c279cad9518b0b5,534b046a98bd498fb0b9b26890d3889506f56a006ec0669c7872a220080428eb
1159,1158,中山大学肿瘤防治中心,刘隆忠,https://www.sysucc.org.cn/node/3898,682,临床专家 面包屑 首页 / 临床科室 / 平台科室 / 超声科 / 临床专家 刘隆忠 ,43,639,0,43,START,SYSUCC_CLINICAL_EXPERT,刘隆忠,NO,NO,NO_ADJACENT_QUOTE,9e9c861463c29b66dee341849e5bd603d78f2ce8ac38fa00290929f8a19cd7eb,020275b03d5b0c55e16b09847e7b1de229a7b7ea5ccdb5ffbb71a89cdd550d9b
1160,1159,中山大学肿瘤防治中心,周建华,https://www.sysucc.org.cn/node/3894,1800,临床专家 面包屑 首页 / 临床科室 / 平台科室 / 超声科 / 临床专家 周建华 ,43,1757,0,43,START,SYSUCC_CLINICAL_EXPERT,周建华,NO,NO,NO_ADJACENT_QUOTE,c44572a938f4dd846cafc4cc521d9857a8415c07d7ea90a5d0dbdf0dccef7b78,613bca08f8a19f76ea8bcada86251a4de8517ce5ab11db6369abb7c006195e4b
1161,1160,中山大学肿瘤防治中心,张丽媛,https://www.sysucc.org.cn/node/3902,1800,临床专家 面包屑 首页 / 临床科室 / 平台科室 / 超声科 / 临床专家 张丽媛 ,43,1757,0,43,START,SYSUCC_CLINICAL_EXPERT,张丽媛,NO,NO,NO_ADJACENT_QUOTE,f8747ff70ddd00352c981b3b33ed99f05d1b6d7ac9c4045c6a2d9d79b071b18e,cc448a31a3a0ade1ad1edbccdf0fb32c4e24e5ebe2f3a6f946ad86e8e787c50a
1162,1161,中山大学肿瘤防治中心,彭盛,https://www.sysucc.org.cn/node/10353,84,临床专家 面包屑 首页 / 临床科室 / 平台科室 / 超声科 / 临床专家 彭盛 ,42,42,0,42,START,SYSUCC_CLINICAL_EXPERT,彭盛,NO,NO,NO_ADJACENT_QUOTE,6965de83429bd37180d2ce0eea057fd19cbedb43b7ec920163d1d4b065f67686,ad4c9e5fe1814b8dfbd1ec2b04b054707a114626a1c1af7afad07430b46660fb
1163,1162,中山大学肿瘤防治中心,李安华,https://www.sysucc.org.cn/node/3893,1634,临床专家 面包屑 首页 / 临床科室 / 平台科室 / 超声科 / 临床专家 李安华 ,43,1591,0,43,START,SYSUCC_CLINICAL_EXPERT,李安华,NO,NO,NO_ADJACENT_QUOTE,893ec1cb71c641d189cb0d0b14659e82b7def32bbc414f9542370190fac4122b,6ec7b9bf8365785f4cfd8c8844584f28417ed8d2d651a61b6ea25c736b4c107e
1164,1163,中山大学肿瘤防治中心,林僖,https://www.sysucc.org.cn/node/3895,1800,临床专家 面包屑 首页 / 临床科室 / 平台科室 / 超声科 / 临床专家 林僖 ,42,1758,0,42,START,SYSUCC_CLINICAL_EXPERT,林僖,NO,NO,NO_ADJACENT_QUOTE,1f0fefa16eec77ca8234003d33ea861678356e210ac12e6ef5b3ba67be1d18c8,9ebd2fd40d1f43434f326a99618b8b6dc47781eb6f0b6e50531fd01d5a3e31ba
1165,1164,中山大学肿瘤防治中心,王建伟,https://www.sysucc.org.cn/node/3903,981,临床专家 面包屑 首页 / 临床科室 / 平台科室 / 超声科 / 临床专家 王建伟 ,43,938,0,43,START,SYSUCC_CLINICAL_EXPERT,王建伟,NO,NO,NO_ADJACENT_QUOTE,17d7ca7d64cb1d436876cb899f80a9aa53ca833084917fae75d393c3ca08fe4d,63a42d5df3006e416f983f5f693d9136461869ab21be703084f517f85fac4313
1166,1165,中山大学肿瘤防治中心,裴小青,https://www.sysucc.org.cn/node/3896,1800,临床专家 面包屑 首页 / 临床科室 / 平台科室 / 超声科 / 临床专家 裴小青 ,43,1757,0,43,START,SYSUCC_CLINICAL_EXPERT,裴小青,NO,NO,NO_ADJACENT_QUOTE,66144004e32fe1cef2671c85b4a7fa2bf8d5cbd4d793bd95dc7aca0dd580b6a7,6ecd4ec20ff07488a1dfa88679098cf2b68c8b2b95b46c36ad376dd136b1169e
1167,1166,中山大学肿瘤防治中心,邹如海,https://www.sysucc.org.cn/node/3897,1800,临床专家 面包屑 首页 / 临床科室 / 平台科室 / 超声科 / 临床专家 邹如海 ,43,1757,0,43,START,SYSUCC_CLINICAL_EXPERT,邹如海,NO,NO,NO_ADJACENT_QUOTE,490b8d4f449a1036cfe049671ffcf168dfe7cd9c5b6c44962f972d1480b90c59,9d191ba2ab02e61e061544807fa9b5fa51ecc9091bf8a51db80f0eff902fc885
1168,1167,中山大学肿瘤防治中心,郑玮,https://www.sysucc.org.cn/node/3904,1093,临床专家 面包屑 首页 / 临床科室 / 平台科室 / 超声科 / 临床专家 郑玮 ,42,1051,0,42,START,SYSUCC_CLINICAL_EXPERT,郑玮,NO,NO,NO_ADJACENT_QUOTE,9cea9d4575016cb34a373554acee479e7ba4712842dd55198f8c82f45bad6b5f,aa964ba856c9d7604bcb024ee4dcc45cd94550142255c2309b335c97f7c752bb
1169,1168,中山大学肿瘤防治中心,郭智兴,https://www.sysucc.org.cn/node/6525,509,临床专家 面包屑 首页 / 临床科室 / 平台科室 / 超声科 / 临床专家 郭智兴 ,43,466,0,43,START,SYSUCC_CLINICAL_EXPERT,郭智兴,NO,NO,NO_ADJACENT_QUOTE,3384fef25ca4d58bdc741df15c08438e34a04957b76fb0c68e3c27a137aa3b2c,e8390356cf8f06fd242ed1d773fc7659e0954ff2c16a22a7ead3b9af24322ef9
1170,1169,中山大学肿瘤防治中心,韩峰,https://www.sysucc.org.cn/node/3899,950,临床专家 面包屑 首页 / 临床科室 / 平台科室 / 超声科 / 临床专家 韩峰 ,42,908,0,42,START,SYSUCC_CLINICAL_EXPERT,韩峰,NO,NO,NO_ADJACENT_QUOTE,328fc7c45089778ea243baf3bc741e0b94bb288c72c895fc4a29f54ac2ed3c36,824b48cb5703a55ae6e90fbe05fc95a0fcee4f273582901ea32a67d294a65d64
1171,1170,中山大学肿瘤防治中心,黎剑,https://www.sysucc.org.cn/node/3900,390,临床专家 面包屑 首页 / 临床科室 / 平台科室 / 超声科 / 临床专家 黎剑 ,42,348,0,42,START,SYSUCC_CLINICAL_EXPERT,黎剑,NO,NO,NO_ADJACENT_QUOTE,6cb58bfee3c4a2a517472d8c38808d43be9de35cc9eebd0fa596625349cf6e80,1aaafeb6b8858804da702c63e61fbb1391d67fcb02ea81ec069932ec97122ca2
1173,1172,中山大学肿瘤防治中心,娄宁,https://www.sysucc.org.cn/node/3809,1800,临床专家 面包屑 首页 / 临床科室 / 平台科室 / 重症医学科 / 临床专家 娄宁 ,44,1756,0,44,START,SYSUCC_CLINICAL_EXPERT,娄宁,NO,NO,NO_ADJACENT_QUOTE,cfe619d7719f125d1376b34e5fd348152d98a6fec424c199b4b9d0c47e1878d6,787d00ec4413a1927a44383f4e2a15cfa25a7ad6192755dfbabeb773a687e68b
1174,1173,中山大学肿瘤防治中心,廖伟,https://www.sysucc.org.cn/node/3814,57,临床专家 面包屑 首页 / 临床科室 / 平台科室 / 重症医学科 / 临床专家 廖伟 ,44,13,0,44,START,SYSUCC_CLINICAL_EXPERT,廖伟,NO,NO,NO_ADJACENT_QUOTE,4aed542ae568d4b6d6ccd2cf6090ad3e0d9085925a813ccfa2570df11f09dd7f,d99ff5eeb7c8c9b1d98d78f53ae6c095ee0b2e4c2fc4a528a46e896048210a37
1175,1174,中山大学肿瘤防治中心,方翼,https://www.sysucc.org.cn/node/3811,69,临床专家 面包屑 首页 / 临床科室 / 平台科室 / 重症医学科 / 临床专家 方翼 ,44,25,0,44,START,SYSUCC_CLINICAL_EXPERT,方翼,NO,NO,NO_ADJACENT_QUOTE,7fbd79799a591eb004e9de20be18c8d6636b3657690948843dc82199c40b31fd,3f81879c14076796f13cb003b8886ebcd22e677a71cd06e44037cf70a9b8c425
1176,1175,中山大学肿瘤防治中心,曹训,https://www.sysucc.org.cn/node/3815,57,临床专家 面包屑 首页 / 临床科室 / 平台科室 / 重症医学科 / 临床专家 曹训 ,44,13,0,44,START,SYSUCC_CLINICAL_EXPERT,曹训,NO,NO,NO_ADJACENT_QUOTE,fc60b300efcf58982a1a3e632baf37b761477d6b2e403b4e10270916c7ec7c5b,d99ff5eeb7c8c9b1d98d78f53ae6c095ee0b2e4c2fc4a528a46e896048210a37
1177,1176,中山大学肿瘤防治中心,李欢,https://www.sysucc.org.cn/node/12823,1800,临床专家 面包屑 首页 / 临床科室 / 平台科室 / 重症医学科 / 临床专家 李欢 ,44,1756,0,44,START,SYSUCC_CLINICAL_EXPERT,李欢,NO,NO,NO_ADJACENT_QUOTE,41ef6aa9359f38276f14f4c7c395ffa989fdbab209695cddf90aac92fa462ff2,9319f31828e0e36dc1410103b4110696b882c0d2c688464d04f43e958e59d45a
1178,1177,中山大学肿瘤防治中心,汪道峰,https://www.sysucc.org.cn/node/3810,116,临床专家 面包屑 首页 / 临床科室 / 平台科室 / 重症医学科 / 临床专家 汪道峰 ,45,71,0,45,START,SYSUCC_CLINICAL_EXPERT,汪道峰,NO,NO,NO_ADJACENT_QUOTE,3025c1fc11242ac69129be69ad19c0024fe0f2db0d127425face43159b0999c8,26931f5b56acb72aa9953232a85276225a16076d40cc252f1e9a5754038386c9
1179,1178,中山大学肿瘤防治中心,赵擎宇,https://www.sysucc.org.cn/node/3808,1279,临床专家 面包屑 首页 / 临床科室 / 平台科室 / 重症医学科 / 临床专家 赵擎宇 ,45,1234,0,45,START,SYSUCC_CLINICAL_EXPERT,赵擎宇,NO,NO,NO_ADJACENT_QUOTE,51f2887d6f62a0085cc485691d5ca1586cb5efd0b27c60363c02c4ea09347bde,86d4965847caa3802040c6349288456e1cb5b692789604bb65f0961644a7e691
1180,1179,中山大学肿瘤防治中心,顾葆春,https://www.sysucc.org.cn/node/3812,695,临床专家 面包屑 首页 / 临床科室 / 平台科室 / 重症医学科 / 临床专家 顾葆春 ,45,650,0,45,START,SYSUCC_CLINICAL_EXPERT,顾葆春,NO,NO,NO_ADJACENT_QUOTE,beea78f98b2e356abeffdfc30bdbe632ed0d464f398a960d483dea3e01b10cc5,41a6827d43e0dbc702797042cf6399dedcd37e894915d0b16c87cd1fb8158d03
1181,1180,中山大学肿瘤防治中心,马刚,https://www.sysucc.org.cn/node/3807,708,临床专家 面包屑 首页 / 临床科室 / 平台科室 / 重症医学科 / 临床专家 马刚 ,44,664,0,44,START,SYSUCC_CLINICAL_EXPERT,马刚,NO,NO,NO_ADJACENT_QUOTE,105253507d70449287a5152b79aedcca46c51b0b6066997d74a53e7122e3d480,5ce9c4d6a7105fb207a25946535222e44efe3e0cc7a9056cae447e0f1902043a
1182,1181,中山大学肿瘤防治中心,严岳,https://www.sysucc.org.cn/node/3944,911,临床专家 面包屑 首页 / 临床科室 / 平台科室 / 防癌体检健康管理中心 / 临床专家 严岳 ,49,862,0,49,START,SYSUCC_CLINICAL_EXPERT,严岳,NO,NO,NO_ADJACENT_QUOTE,cacad71322654d1dde14ebaef40a0bce8e43f016b37b5ac958d4e16c0112f9d9,52ac427e85c85b99a87676b1ad5de0fa00ffa65bd4949c5571bcb52cc321a9de
1183,1182,中山大学肿瘤防治中心,刘宇英,https://www.sysucc.org.cn/node/3942,494,临床专家 面包屑 首页 / 临床科室 / 平台科室 / 防癌体检健康管理中心 / 临床专家 刘宇英 ,50,444,0,50,START,SYSUCC_CLINICAL_EXPERT,刘宇英,NO,NO,NO_ADJACENT_QUOTE,84dad96db8bdfce28396efe3b036d8d287dd448099f276950608c46f8706fb5b,355bebd4ee66aff62481a55cfd1e87b107c746fa1b707face9d9a04c6263f6e7
1184,1183,中山大学肿瘤防治中心,李艳红,https://www.sysucc.org.cn/node/3943,596,临床专家 面包屑 首页 / 临床科室 / 平台科室 / 防癌体检健康管理中心 / 临床专家 李艳红 ,50,546,0,50,START,SYSUCC_CLINICAL_EXPERT,李艳红,NO,NO,NO_ADJACENT_QUOTE,ee83ca5616d40fc68e9015ac8fb23c8860e1c05067372bc17a4d080b4c8f38ba,f9fb9e36d0d36e2b4778eb19477ce966e3ecca876dbeeb3a36486cd9be71b85b
1185,1184,中山大学肿瘤防治中心,谢传波,https://www.sysucc.org.cn/node/3945,1800,临床专家 面包屑 首页 / 临床科室 / 平台科室 / 防癌体检健康管理中心 / 临床专家 谢传波 ,50,1750,0,50,START,SYSUCC_CLINICAL_EXPERT,谢传波,NO,NO,NO_ADJACENT_QUOTE,4bbc91b5e1ea48ac6535a8d1f6b943dd103c26279cfb4cdaf99b171ffaa0dc16,3e318a24ef4299fb4bdce4a0799a70d11e169eeae65c7be403a7160d60995403
1186,1185,中山大学肿瘤防治中心,卢金昌,https://www.sysucc.org.cn/node/3671,543,临床专家 面包屑 首页 / 临床科室 / 外科系列 / 骨与软组织科 / 临床专家 卢金昌 ,46,497,0,46,START,SYSUCC_CLINICAL_EXPERT,卢金昌,NO,NO,NO_ADJACENT_QUOTE,0d142f13e672eb6a1fce7ddd46b7cab6080f170d9a4c7f6198c40afa99133b06,04bb7c57db50569b61a4581955670f7fa0c1342b5989d69a737a11467cb49e05
1187,1186,中山大学肿瘤防治中心,唐清连,https://www.sysucc.org.cn/node/3670,622,临床专家 面包屑 首页 / 临床科室 / 外科系列 / 骨与软组织科 / 临床专家 唐清连 ,46,576,0,46,START,SYSUCC_CLINICAL_EXPERT,唐清连,NO,NO,NO_ADJACENT_QUOTE,13257005ae7962061f7e44eec694e37e8d5de300f452280b584acf83f10689f9,3f31d35bb66d371b7033bd4cc842cb174c3a3049302b962a711587901322d0c6
1188,1187,中山大学肿瘤防治中心,朱小军,https://www.sysucc.org.cn/node/3672,677,临床专家 面包屑 首页 / 临床科室 / 外科系列 / 骨与软组织科 / 临床专家 朱小军 ,46,631,0,46,START,SYSUCC_CLINICAL_EXPERT,朱小军,NO,NO,NO_ADJACENT_QUOTE,eaf4928d962761381dac8d549005403b1c23d511d9ece21fc8e03f5209e75648,4f481491fcc19213cbe92396e52fa29a91041de531bf6467a2c5714f7024c62b
1189,1188,中山大学肿瘤防治中心,王晋,https://www.sysucc.org.cn/node/3669,1667,临床专家 面包屑 首页 / 临床科室 / 外科系列 / 骨与软组织科 / 临床专家 王晋 ,45,1622,0,45,START,SYSUCC_CLINICAL_EXPERT,王晋,NO,NO,NO_ADJACENT_QUOTE,d2443c5527f74f1fb1fb593081cd29fb8c5c42c97c3bf22ac545c09a93eed142,d7bd4d05c458f84cdbd57ae2e56800d743e46634031fb4244f86163623c0e0c4
1190,1189,中山大学肿瘤防治中心,TBLR1诱导鼻咽癌转移的分子机制 2. 广州市科技计划，第一负责人 课题编号：2014J4100181；执行年限：2014.04.01--2016.4.1 课题名称：锌指蛋白488（ZNF488）作为鼻咽癌转移候选分子标志和和潜在靶标的研究 3. 广东省科技计划 第一负责人 5万元 课题编号：2012B031800255 ； 执行年限：2013.01.01--2015.12.31 课题名称：AEG-1诱导鼻咽癌早期转移的分子机制 4．国家自然科学基金重点项目 第二负责人 280万元 课题编号：81230045 ； 执行年限：2013-01-01~2017-12-31 课题名称：融合基因AARS-MADx诱导基因组不稳定性及参与鼻咽癌发生的机制 5. 国家自然科学基金项目（青年科学基金项目） 第二负责人 23万元 课题编号：81201629 ；批准年月：2012-8， 执行年限：2012- 课题名称：IGFBP-6调控鼻咽癌转移的分子机制 6．广东省科技计划 第二负责人 4万元 课题编号：2012B0318000353 ； 执行年限：2013.01.01--2015.12.31 课题名称：鼻咽癌放射治疗后放射性视神经损伤的系列研究 7．2007年国家高技术研究发展计划（863计划），第四负责人。 课题编号：2007AA02Z477； 执行年限：2007.06.01--2010.11.30 课题名称：鼻咽癌早期诊断新方法研究 8. 2006年国家自然科学基金面上项目，第三负责人。 项目批准号：30672297； 执行年限：2007.01--2009.12 项目名称：载顺铂磁性纳米药物制备及其联合放疗靶向治疗鼻咽癌的实验研究。 9. 2003年中山大学肿瘤中心留学人员基金； 第一负责人。 课题编号：本院自编号； 执行年限：2003.10—2005.10 课题名称：晚期鼻咽癌DPD和GSH分泌规律的检测和时间化疗 10...,https://www.sysucc.org.cn/node/1528,1800,临床专家 面包屑 首页 / 临床科室 / 放疗系列 / 鼻咽科 / 临床专家 郭灵 ,42,1758,0,42,START,SYSUCC_CLINICAL_EXPERT,郭灵,YES,NO,NO_ADJACENT_QUOTE,122d3d7bf9cb504a6d46ccbf7fccb8745c46d05a2c4360f09aab0d694a558135,6d51c0556d8cd0e7cb9a3daf82fb2c7fb33b26ae28a3ff9052a8de52efe731fd
1191,1190,中山大学肿瘤防治中心,刘丽婷,https://www.sysucc.org.cn/node/1646,996,临床专家 面包屑 首页 / 临床科室 / 放疗系列 / 鼻咽科 / 临床专家 刘丽婷 ,43,953,0,43,START,SYSUCC_CLINICAL_EXPERT,刘丽婷,NO,NO,NO_ADJACENT_QUOTE,b4c14d5a416c2cba0585c07eaa3df49c05ff5b796a93d92b42bc2f87377a9d43,f969333ab539c99a14cba64a94a1725fe2d07d99d1ff5dc6b898e6a284572c85
1192,1191,中山大学肿瘤防治中心,刘赛兰,https://www.sysucc.org.cn/node/6500,679,临床专家 面包屑 首页 / 临床科室 / 放疗系列 / 鼻咽科 / 临床专家 刘赛兰 ,43,636,0,43,START,SYSUCC_CLINICAL_EXPERT,刘赛兰,NO,NO,NO_ADJACENT_QUOTE,feb2388ccc9132753ee390d2dc5d9975ac738c9e7f65411132f173c8c39b94a5,51955014e2e8c477d5c503b6f41a1c1a2c72ce97e47269246d45475415dff9f8
1193,1192,中山大学肿瘤防治中心,华贻军,https://www.sysucc.org.cn/node/1644,1800,临床专家 面包屑 首页 / 临床科室 / 放疗系列 / 鼻咽科 / 临床专家 华贻军 ,43,1757,0,43,START,SYSUCC_CLINICAL_EXPERT,华贻军,NO,NO,NO_ADJACENT_QUOTE,9764f7f4088158251457aba23de3b5cfc61e8615d51044a2a846895dfda8542f,2bb65abc8dd24a021c18443d64d65be3751d8b01e83457884b554b124c468543
1194,1193,中山大学肿瘤防治中心,向燕群,https://www.sysucc.org.cn/node/1530,1800,临床专家 面包屑 首页 / 临床科室 / 放疗系列 / 鼻咽科 / 临床专家 向燕群 ,43,1757,0,43,START,SYSUCC_CLINICAL_EXPERT,向燕群,NO,NO,NO_ADJACENT_QUOTE,68d5d0b70a833be06889f098d0e9f6927badb5579b07dbf8b65e129d73083f88,bc5dab39aada2a4d37945cd9a66fcd5e4b68511abb3f13b6a66e29a71d859aef
1195,1194,中山大学肿瘤防治中心,吕星,https://www.sysucc.org.cn/node/1642,1800,临床专家 面包屑 首页 / 临床科室 / 放疗系列 / 鼻咽科 / 临床专家 吕星 ,42,1758,0,42,START,SYSUCC_CLINICAL_EXPERT,吕星,NO,NO,NO_ADJACENT_QUOTE,c65f79c6e08b1faa54859f4afaf1fcda99a0076a59965991d73c2db6e2ea6e9e,f5c362d6b3dc1a0438f3d6e168880af82d8eaf7a84df5f56dcea57e50c5295bf
1196,1195,中山大学肿瘤防治中心,唐林泉,https://www.sysucc.org.cn/node/1650,1800,临床专家 面包屑 首页 / 临床科室 / 放疗系列 / 鼻咽科 / 临床专家 唐林泉 ,43,1757,0,43,START,SYSUCC_CLINICAL_EXPERT,唐林泉,NO,NO,NO_ADJACENT_QUOTE,dea30f0ccf84e4ef04b07d6ba680829abdaf4651789f4b58e63fd3357bc75e0d,566c5152934cfc874dc77ab9eb489435962f4bc2b02a1f2afb9b359c645f1efd
1197,1196,中山大学肿瘤防治中心,夏伟雄,https://www.sysucc.org.cn/node/1643,1800,临床专家 面包屑 首页 / 临床科室 / 放疗系列 / 鼻咽科 / 临床专家 夏伟雄 ,43,1757,0,43,START,SYSUCC_CLINICAL_EXPERT,夏伟雄,NO,NO,NO_ADJACENT_QUOTE,0faa8c7048d66a59fc1d6d2cda3f02dfe97b8baf122523aff22ddc5caca745c0,22c796b1f489c8ed2b554689433730181923ae62530e70fc4b955fbd82b35d73
1198,1197,中山大学肿瘤防治中心,孙蕊,https://www.sysucc.org.cn/node/1533,172,临床专家 面包屑 首页 / 临床科室 / 放疗系列 / 鼻咽科 / 临床专家 孙蕊 ,42,130,0,42,START,SYSUCC_CLINICAL_EXPERT,孙蕊,NO,NO,NO_ADJACENT_QUOTE,187e0c96a1cec19df1895ce1750a9c47a93ce3c454b4265067f7839630b4b728,bc3948c29d585fd23c6e93ba0ce3ecbd92ebe3088ef5338047beb3ef098c3acf
1199,1198,中山大学肿瘤防治中心,曹卡加,https://www.sysucc.org.cn/node/1527,1800,临床专家 面包屑 首页 / 临床科室 / 放疗系列 / 鼻咽科 / 临床专家 曹卡加 ,43,1757,0,43,START,SYSUCC_CLINICAL_EXPERT,曹卡加,NO,NO,NO_ADJACENT_QUOTE,eaabca9adbb97c4af2e5a4b1777c006b121fa1497655dcc5f6d6475734da5069,d6f556187a4f182c48ae0a23720a496f23952ed9c4a58c33545c5d91449b72c3
1200,1199,中山大学肿瘤防治中心,杨琦,https://www.sysucc.org.cn/node/6351,826,临床专家 面包屑 首页 / 临床科室 / 放疗系列 / 鼻咽科 / 临床专家 杨琦 ,42,784,0,42,START,SYSUCC_CLINICAL_EXPERT,杨琦,NO,NO,NO_ADJACENT_QUOTE,c195542f69ffd1d4d0b0c553b2dbc09d7d721b762d8e37aa52f7d0f7dea0d3fe,8edba554d474c1c60b870c6ecbf4813714e11defde0c3acd6d338e6a317943cc
1201,1200,中山大学肿瘤防治中心,梁虎,https://www.sysucc.org.cn/node/1649,1070,临床专家 面包屑 首页 / 临床科室 / 放疗系列 / 鼻咽科 / 临床专家 梁虎 ,42,1028,0,42,START,SYSUCC_CLINICAL_EXPERT,梁虎,NO,NO,NO_ADJACENT_QUOTE,98387c4b5a304946a7abf78e3bf0f1a3b3774e63829055e3e10cba1053ac1f92,02a2506ad803e322aeffec446bf881b573a96af126d077c9d11f474aa8cd547e
1202,1201,中山大学肿瘤防治中心,王琳,https://www.sysucc.org.cn/node/1645,139,临床专家 面包屑 首页 / 临床科室 / 放疗系列 / 鼻咽科 / 临床专家 王琳 ,42,97,0,42,START,SYSUCC_CLINICAL_EXPERT,王琳,NO,NO,NO_ADJACENT_QUOTE,69b643a83a1a23f01baa9d34ad1c748e5de648681e5674ad92dab5fc9bbfb43a,b26d123af3d251b245e6e88165de2de7bab755027713cdce3bb59f87cbb1e9b1
1203,1202,中山大学肿瘤防治中心,罗东华,https://www.sysucc.org.cn/node/1641,1800,临床专家 面包屑 首页 / 临床科室 / 放疗系列 / 鼻咽科 / 临床专家 罗东华 ,43,1757,0,43,START,SYSUCC_CLINICAL_EXPERT,罗东华,NO,NO,NO_ADJACENT_QUOTE,c4c7db83323250952fa66cfb130dd70c8bf246f204b1a4483ef709c1570a166c,830ee96bb5973fdcc0264051f5fb867996bbfa62939855362154aacb8a6bd742
1204,1203,中山大学肿瘤防治中心,苗菁菁,https://www.sysucc.org.cn/node/9722,1440,临床专家 面包屑 首页 / 临床科室 / 放疗系列 / 鼻咽科 / 临床专家 苗菁菁 ,43,1397,0,43,START,SYSUCC_CLINICAL_EXPERT,苗菁菁,NO,NO,NO_ADJACENT_QUOTE,e2eac3ba4caad5880f2b8ad33284240111c81ef2ae0590762afd96d9979bc1b9,5d95c7e9304a1327618639c8c0a2a874f8db5815baa03d70ad67ce97bd4bc066
1205,1204,中山大学肿瘤防治中心,莫浩元,https://www.sysucc.org.cn/node/1529,1800,临床专家 面包屑 首页 / 临床科室 / 放疗系列 / 鼻咽科 / 临床专家 莫浩元 ,43,1757,0,43,START,SYSUCC_CLINICAL_EXPERT,莫浩元,NO,NO,NO_ADJACENT_QUOTE,9b432b687e22a3ef26d95a1c5207941777183c47c44426089716a9c640e07a86,6c1803d12deb22b3a71b1d00d793d076ed443b0d2557cc9ab8b4146e2b6b9ccb
1206,1205,中山大学肿瘤防治中心,赵充,https://www.sysucc.org.cn/node/1526,1800,临床专家 面包屑 首页 / 临床科室 / 放疗系列 / 鼻咽科 / 临床专家 赵充 ,42,1758,0,42,START,SYSUCC_CLINICAL_EXPERT,赵充,NO,NO,NO_ADJACENT_QUOTE,5c26a765cdb414e854dced3995a9d424d9ea7738b0efe2a1621d105c95ac3a09,55621691a58ed7ebb0be063c883242dc58ea6d87b1251348e6f4a95bde63cbfb
1207,1206,中山大学肿瘤防治中心,邱枋,https://www.sysucc.org.cn/node/1640,123,临床专家 面包屑 首页 / 临床科室 / 放疗系列 / 鼻咽科 / 临床专家 邱枋 ,42,81,0,42,START,SYSUCC_CLINICAL_EXPERT,邱枋,NO,NO,NO_ADJACENT_QUOTE,586abf19f7b62e1c35511f31bd4186e17ed9746f859246dc65dfcd78b3d0e674,4d92130a83fae89ea52a6eac640b89c506c240ccf096ea174add2fb4513754be
1208,1207,中山大学肿瘤防治中心,邹雄,https://www.sysucc.org.cn/node/7691,1441,临床专家 面包屑 首页 / 临床科室 / 放疗系列 / 鼻咽科 / 临床专家 邹雄 ,42,1399,0,42,START,SYSUCC_CLINICAL_EXPERT,邹雄,NO,NO,NO_ADJACENT_QUOTE,1b29761ea06c8f47bf3aa71b143e50b4bf73e27ab9f7fa88a5f87fe72525f932,d50ec410ce60a92657fc467c87a7bbe6c3edcc801e715d362c2cedd3ac66f9af
1209,1208,中山大学肿瘤防治中心,郭姗姗,https://www.sysucc.org.cn/node/1647,573,临床专家 面包屑 首页 / 临床科室 / 放疗系列 / 鼻咽科 / 临床专家 郭姗姗 ,43,530,0,43,START,SYSUCC_CLINICAL_EXPERT,郭姗姗,NO,NO,NO_ADJACENT_QUOTE,c010a94bb1d89a7bd23ff9a8e320a534e4346bd5f0e54af62a241b6bb71fa411,63f9bbfd9db128a6c4b1f1bfdbae7ad1afe6a5febbcea0fbb2cd782ada0fb0d9
1210,1209,中山大学肿瘤防治中心,郭翔,https://www.sysucc.org.cn/node/1523,1800,临床专家 面包屑 首页 / 临床科室 / 放疗系列 / 鼻咽科 / 临床专家 郭翔 ,42,1758,0,42,START,SYSUCC_CLINICAL_EXPERT,郭翔,NO,NO,NO_ADJACENT_QUOTE,f1b005adac133750b0f1fdc3e5884adc689642a40c253d06fb02f24ac1836969,2555bc7f391457b40b5cad1e3cf9ed9fbb17958fe1f5aacd23cdd158301b03f7
1211,1210,中山大学肿瘤防治中心,陈明远,https://www.sysucc.org.cn/node/1525,1800,临床专家 面包屑 首页 / 临床科室 / 放疗系列 / 鼻咽科 / 临床专家 陈明远 ,43,1757,0,43,START,SYSUCC_CLINICAL_EXPERT,陈明远,NO,NO,NO_ADJACENT_QUOTE,a14683ae8d2354063057652f3623db59f1ae7364dee1f8b43e844ab892a9a95b,83501a4d87e14167305f1db7145b62cfafb5b9d6c38b72bc960dcf0f2fb69d1a
1212,1211,中山大学肿瘤防治中心,陈秋燕,https://www.sysucc.org.cn/node/1531,1800,临床专家 面包屑 首页 / 临床科室 / 放疗系列 / 鼻咽科 / 临床专家 陈秋燕 ,43,1757,0,43,START,SYSUCC_CLINICAL_EXPERT,陈秋燕,NO,NO,NO_ADJACENT_QUOTE,4237174631b01a9fe82f951b1c63ac3ec14fb125a492995fc7e1c14dea7f9258,96cf07be226ec7ab10d49e00d01959201962a1674e2bbf94550fdab966dc323f
1213,1212,中山大学肿瘤防治中心,麦海强,https://www.sysucc.org.cn/node/1524,1800,临床专家 面包屑 首页 / 临床科室 / 放疗系列 / 鼻咽科 / 临床专家 麦海强 ,43,1757,0,43,START,SYSUCC_CLINICAL_EXPERT,麦海强,NO,NO,NO_ADJACENT_QUOTE,be20a112b19df5eeab18fb247bb7ed0f1f55bdc7f854819b5f055058c16c190d,4eb5c4cbf922b67e58b0350624c8c94509a3807236418b6743cf7c2a787d87fa
1214,1213,中山大学肿瘤防治中心,黄培钰,https://www.sysucc.org.cn/node/1532,1800,临床专家 面包屑 首页 / 临床科室 / 放疗系列 / 鼻咽科 / 临床专家 黄培钰 ,43,1757,0,43,START,SYSUCC_CLINICAL_EXPERT,黄培钰,NO,NO,NO_ADJACENT_QUOTE,b42dd24e774577781fea070e0600c530f836d5033031ff493d4c75f311a0d9b9,42db91fc50d41fc55772dbdcfdac2a606b8f18541eba6188d1e8aa0e3b62b93c
1215,1214,中山大学附属第三医院,内科,https://www.zssy.com.cn/node/6008,887,导航痕迹 首页 / 内科ICU ,16,871,0,16,START,ZSSY_DEPARTMENT,内科ICU,YES,NO,NO_ADJACENT_QUOTE,1d44370c8c6d1ba9de59f12b2888a7adcb0f045bd2289b67a6867501bafd1020,94d15af4c89307ae96839e19061b64ca08364c2d81536c16fd1f885d885c1cd1
1216,1215,中山大学附属第三医院,外科,https://www.zssy.com.cn/node/14062,1280,导航痕迹 首页 / 外科ICU ,16,1264,0,16,START,ZSSY_DEPARTMENT,外科ICU,YES,NO,NO_ADJACENT_QUOTE,7a0a855ed7cb50626d4b0bd96a3c418378bc5234ccc6b1c4397b978ddfe55e94,493d809bd8840c62c25ccb4513b412cfa1e7a94d96394e9248b80a8cde3a7e13
1221,1220,中山大学附属第三医院,精神,https://www.zssy.com.cn/node/14071,1202,导航痕迹 首页 / 精神（心理）科 ,18,1184,0,18,START,ZSSY_DEPARTMENT,精神（心理）科,YES,NO,NO_ADJACENT_QUOTE,c677c1b5a08b56ead88597295bce1949cb8d9398e30adf14a0d9c582431e8fca,3f93ab4dbe27b4c83d87dfd7157cb1ce10178f434abb84813e86b2406a05aba3
1222,1221,中山大学附属第三医院,中医科,https://www.zssy.com.cn/node/14072,1758,导航痕迹 首页 / 中医科 ,14,1744,0,14,START,ZSSY_DEPARTMENT,中医科,NO,NO,NO_ADJACENT_QUOTE,0fc007effd31039fd74e8b5c33aaf4acc5aa29e5770d2b6539bf8674263ef1d4,59bf28b73a38ac9687b273c9c46c14725ce9ad6bbc232543f4049dbb8fe8fb25
1251,1250,中山大学附属第三医院,介入科,https://www.zssy.com.cn/node/14059,1511,导航痕迹 首页 / 介入科 ,14,1497,0,14,START,ZSSY_DEPARTMENT,介入科,NO,NO,NO_ADJACENT_QUOTE,afe0c1616bf1b1e5d730388a9e685e838643618e4a43a27fa87e0a6f934db1ee,20a8e9501d4745e6a9f367a486aa9c785876c55b2b2bcfb81187529340a7539e
1257,1256,中山大学附属第三医院,儿科,https://www.zssy.com.cn/node/14065,690,导航痕迹 首页 / 儿科 ,13,677,0,13,START,ZSSY_DEPARTMENT,儿科,NO,NO,NO_ADJACENT_QUOTE,2762891906b1afcbd47dd81878b9409f109624f247c748c6da87017b3be645dc,1fb845b6bda821e57e28248d30cd9e0e1760123f44fa273255d89453e763781f
1293,1292,中山大学附属第三医院,杨旭斌,https://www.zssy.com.cn/node/14124,159,导航痕迹 首页 / 专家介绍 / 杨旭斌 ,21,138,0,21,START,ZSSY_EXPERT,杨旭斌,NO,NO,NO_ADJACENT_QUOTE,db59c8cfdc599b2a31984643e75a73e422f99960e1347b69a891413ea382e475,d8aed3b42ab2b9047b063c92844f75ef1d92ef81e76da0116baf8466567dbb03
1296,1295,中山大学附属第三医院,王曼曼,https://www.zssy.com.cn/node/14127,164,导航痕迹 首页 / 专家介绍 / 王曼曼 ,21,143,0,21,START,ZSSY_EXPERT,王曼曼,NO,NO,NO_ADJACENT_QUOTE,ebaaa96007849c428463969a148b358ab183a9314dd32501fd6feab13da2f3a0,2fca608540a438b9e2d5e9fd06f4041ad465d104ebb85ebc48198cff2ec86aa7
1327,1326,中山大学附属第三医院,口腔科,https://www.zssy.com.cn/node/14068,615,导航痕迹 首页 / 口腔医学中心 ,17,598,0,17,START,ZSSY_DEPARTMENT,口腔医学中心,YES,NO,NO_ADJACENT_QUOTE,7602c8ab5865ae218d7e1659a96e5b4db496fe557cd5ad56175b67adc3cac60d,cae7da620bb667c5ab55cdd5e4a5db13349563d91f313ac33430a6357c25b49f
1340,1339,中山大学附属第三医院,刘慧,https://www.zssy.com.cn/node/11033,175,导航痕迹 首页 / 专家介绍 / 刘慧 ,20,155,0,20,START,ZSSY_EXPERT,刘慧,NO,NO,NO_ADJACENT_QUOTE,60c237286ab9971bd5bfd9e4eec0e937388c4e25960288f60b1109811c83dfd1,91792b755857cc880b90c56c39391f3b888eb850ee5d76e09f5624c621470114
1341,1340,中山大学附属第三医院,周宇麒,https://www.zssy.com.cn/node/11037,144,导航痕迹 首页 / 专家介绍 / 周宇麒 ,21,123,0,21,START,ZSSY_EXPERT,周宇麒,NO,NO,NO_ADJACENT_QUOTE,f2cb147d0fff21016fd06262e7cdf214d405b36e19fb1c23266867766435f84a,8e0bf95fc5d64dc0d147b2c597dc931473973de3dad4706364c752f7e1ee9c7c
1342,1341,中山大学附属第三医院,张天托,https://www.zssy.com.cn/node/11045,182,导航痕迹 首页 / 专家介绍 / 张天托 ,21,161,0,21,START,ZSSY_EXPERT,张天托,NO,NO,NO_ADJACENT_QUOTE,5680cff6cb935b7263c98ab44ae3fd2d679aae1fb2c5a592570b2de2f3951f3c,c2163220837cac3b6b62cfb2885a7023d36f6cc2d7df15e17369386d74809847
1345,1344,中山大学附属第三医院,黄静,https://www.zssy.com.cn/node/11048,155,导航痕迹 首页 / 专家介绍 / 黄静 ,20,135,0,20,START,ZSSY_EXPERT,黄静,NO,NO,NO_ADJACENT_QUOTE,4c06f0ff736201940646b4ea125b3fb0e534004e38321c3f73fdbd96486aacf3,ca6213188b1ad130828386873da84772252833e647a4d80f4b498782d6eaeafe
1354,1353,中山大学附属第三医院,刘穗玲,https://www.zssy.com.cn/node/15106,158,导航痕迹 首页 / 专家介绍 / 刘穗玲 ,21,137,0,21,START,ZSSY_EXPERT,刘穗玲,NO,NO,NO_ADJACENT_QUOTE,7ac525c9c945d469be0cd5960db52204878208392194d83d7396fe12c34001ec,669f5d425a0e43b42949350b0163654bec15271cc054faa94ccaf6d6519ce874
1359,1358,中山大学附属第三医院,妇科,https://www.zssy.com.cn/node/15114,875,导航痕迹 首页 / 妇科 ,13,862,0,13,START,ZSSY_DEPARTMENT,妇科,NO,NO,NO_ADJACENT_QUOTE,35e4f3ae0fdad4b45d92125407bf2a2225debfc7dfb752c73e7bab9558e48eaf,cc8fd9b4f2bb9d8a0864668d41d78fd17a909fec10c85070b1b27f9cdeebf75f
1361,1360,中山大学附属第三医院,成娟,https://www.zssy.com.cn/node/20117,156,导航痕迹 首页 / 专家介绍 / 成娟 ,20,136,0,20,START,ZSSY_EXPERT,成娟,NO,NO,NO_ADJACENT_QUOTE,06b120492be627e60831fcd3843457956b76559b5aac9e20b3f1d3130d2bb1a2,0cc47b78ac34e84a0abe75e3d91f2b5b720afdc2b0698eb331bd80f6f42658d0
1367,1366,中山大学附属第三医院,梁常艳,https://www.zssy.com.cn/node/20118,185,导航痕迹 首页 / 专家介绍 / 梁常艳 ,21,164,0,21,START,ZSSY_EXPERT,梁常艳,NO,NO,NO_ADJACENT_QUOTE,d6dc50d11a3883a594a9221e05b493a338cab067edf3c3d199b344888a7d1baa,eb1640553004a35b7472be481e7eb141d215c13ab3d5c65fcbb570609f5b440e
1373,1372,中山大学附属第三医院,变态反应,https://www.zssy.com.cn/node/14098,898,导航痕迹 首页 / 变态反应（过敏）学科 ,21,877,0,21,START,ZSSY_DEPARTMENT,变态反应（过敏）学科,YES,NO,NO_ADJACENT_QUOTE,c4e83dc14d94b43e6a3bd0fadf99f090def2718002cb9fa9f80946561f694eb9,0038b033acc65698d8daed1dbf8a06bfa31231b4ef0444b927a35b400b72f562
1400,1399,中山大学附属第三医院,产科,https://www.zssy.com.cn/node/14064,1800,导航痕迹 首页 / 产科 ,13,1787,0,13,START,ZSSY_DEPARTMENT,产科,NO,NO,NO_ADJACENT_QUOTE,d79cccc94767c436930f5bab760da1e355a3a997a7712f4d5f9de2ec66a11edf,3c85ace4e5030b1dd8e5aaa9574b30b38b61b8d657cfa6b3110f8cf8a6fcfe7d
1403,1402,中山大学附属第三医院,心胸外科,https://www.zssy.com.cn/node/14054,642,导航痕迹 首页 / 心胸外科 ,15,627,0,15,START,ZSSY_DEPARTMENT,心胸外科,NO,NO,NO_ADJACENT_QUOTE,b3bce4120bf1aaeaf6215ed0fe65798c6e926be1812475011a3e60e7264e8173,55e1f99cd0a728388569e8c73a3743009a9e3f010117e48a3aaba774429b59aa
1522,1521,中山大学附属第三医院,放射科,https://www.zssy.com.cn/node/14085,1136,导航痕迹 首页 / 放射科 ,14,1122,0,14,START,ZSSY_DEPARTMENT,放射科,NO,NO,NO_ADJACENT_QUOTE,0447a774525a2716c3ad9756672a309adcbbf75cfceef546fbfd0f286652fe17,c8cb3cc2a947cfc753548f1a446b8d63fbf3d9804dff5ddcd46244a65cb4f06c
1538,1537,中山大学附属第三医院,检验科,https://www.zssy.com.cn/node/14086,1053,导航痕迹 首页 / 检验科 ,14,1039,0,14,START,ZSSY_DEPARTMENT,检验科,NO,NO,NO_ADJACENT_QUOTE,4718fb321addca70a5389277c9f92d44366ba13f478a38805b99fee4528a4ddd,910c50a56332fe04a28652b042f5fabe65403cd49a45fe481f21c1e5b15c5a2d
1550,1549,中山大学附属第三医院,泌尿外科,https://www.zssy.com.cn/node/14055,1319,导航痕迹 首页 / 泌尿外科 ,15,1304,0,15,START,ZSSY_DEPARTMENT,泌尿外科,NO,NO,NO_ADJACENT_QUOTE,93dda97de64b30207b3e8a71011d149614208c2aa1f20aa4a6e4434c72546097,f19daf880cba4ec2098980ee84f694af972dc603e055adeab47bb8f7e5cb8b61
1569,1568,中山大学附属第三医院,消化内科,https://www.zssy.com.cn/node/14299,1745,导航痕迹 首页 / 消化内科 ,15,1730,0,15,START,ZSSY_DEPARTMENT,消化内科,NO,NO,NO_ADJACENT_QUOTE,f514454e9448c6aef717b48bb5404a37495196cc03c5b9c2b055d0c709bde3c7,7af406582cd8c2f08c06c62db014fa7014aec005eacc5da0f8830ecb7a8f3857
1578,1577,中山大学附属第三医院,张二红,https://www.zssy.com.cn/node/15250,270,导航痕迹 首页 / 专家介绍 / 张二红 ,21,249,0,21,START,ZSSY_EXPERT,张二红,NO,NO,NO_ADJACENT_QUOTE,b2dcbd5527272dc357a78ad39422f6c055dc8101ffdb551b23b1b8bb0fc5dcf2,4a518358714322bca8c87589db48ee13e0716bd25a3701eaaeb02da0e9c8e4cb
1602,1601,中山大学附属第三医院,甲状腺,https://www.zssy.com.cn/node/11316,1800,导航痕迹 首页 / 甲状腺、乳腺外科 ,19,1781,0,19,START,ZSSY_DEPARTMENT,甲状腺、乳腺外科,YES,NO,NO_ADJACENT_QUOTE,b0c72a41e4f7317c8b320b052b343bd154b3afbf7299ce0c7daa6760fb7dab1b,d56eddcb56acc619af150ec2c0fcc3fd9bf494b8ed41315b4c54670a6674c2a6
1622,1621,中山大学附属第三医院,病理科,https://www.zssy.com.cn/node/20628,1800,导航痕迹 首页 / 病理科 ,14,1786,0,14,START,ZSSY_DEPARTMENT,病理科,NO,NO,NO_ADJACENT_QUOTE,6d1862f7378ab41f062d23ca18671ea9af18397023983711628d47fc39e98c62,625bbd2a1ce2a9c29d06411f9d96053bda7d81c407bb00339d089df62fba977f
1642,1641,中山大学附属第三医院,眼科,https://www.zssy.com.cn/node/14069,690,导航痕迹 首页 / 眼科 ,13,677,0,13,START,ZSSY_DEPARTMENT,眼科,NO,NO,NO_ADJACENT_QUOTE,891400331e08805d5a441cb47ff09816bd86964c0723da1927c986f28c40b6ee,6df334f4fedfaba12f3d18ef3ace4306d75ffe66619c5473006376638718ba5a
1663,1662,中山大学附属第三医院,神经内科,https://www.zssy.com.cn/node/14077,1800,导航痕迹 首页 / 神经内科 ,15,1785,0,15,START,ZSSY_DEPARTMENT,神经内科,NO,NO,NO_ADJACENT_QUOTE,55d624f91ee378ae2c0289d34e2132a6be7e1f1a4d767f7119e07baa36d71cb8,e6a9cc4de2f524962e9479e748cc6a674a0a9d7da8ab4b2be9b336dccca712a2
1684,1683,中山大学附属第三医院,神经外科,https://www.zssy.com.cn/node/14052,1537,导航痕迹 首页 / 神经外科 ,15,1522,0,15,START,ZSSY_DEPARTMENT,神经外科,NO,NO,NO_ADJACENT_QUOTE,cb09501a7357195ba33ca7d455d7048050876ec3fe3be287041242b0ca85b1ff,3c2e4f23155bde7f8c4c2ac48239e6ca00bd9fbe32a59d7d4429e0f439988d01
1702,1701,中山大学附属第三医院,刘贤,https://www.zssy.com.cn/node/14206,198,导航痕迹 首页 / 专家介绍 / 刘贤 ,20,178,0,20,START,ZSSY_EXPERT,刘贤,NO,NO,NO_ADJACENT_QUOTE,48c17b6972eb67513b13a67f2b89cb1987338e9a28ec3ec73f5e90ebe50aec32,6689eef6222d9f3a9f6428dce4e7da8629ad67967e08673d518b34342f02819c
1704,1703,中山大学附属第三医院,吴喜福,https://www.zssy.com.cn/node/24053,270,导航痕迹 首页 / 专家介绍 / 吴喜福 ,21,249,0,21,START,ZSSY_EXPERT,吴喜福,NO,NO,NO_ADJACENT_QUOTE,7f17da88e1613d0f0a23f7d8c5b7dbe85f3cce229601cc983074b088b5a489e5,760fc69427a0ea067d29f55d90b0e014d65e4bc5df0161b8460082a2cbb027bd
1705,1704,中山大学附属第三医院,吴硕,https://www.zssy.com.cn/node/15213,220,导航痕迹 首页 / 专家介绍 / 吴硕 ,20,200,0,20,START,ZSSY_EXPERT,吴硕,NO,NO,NO_ADJACENT_QUOTE,a9b152335289533a4b7854e8aec889c604d1ea1b5f070a50782e98940dcd2a34,715fa2fc68a41e0f83989441b35813fc84e773cab10486b07bef104e421ae5ad
1709,1708,中山大学附属第三医院,李永奇,https://www.zssy.com.cn/node/14203,275,导航痕迹 首页 / 专家介绍 / 李永奇 ,21,254,0,21,START,ZSSY_EXPERT,李永奇,NO,NO,NO_ADJACENT_QUOTE,1ae4ebb9fc6fe308ee4e1ba8bd248c95ec23ebeca1bbcb8864ca6a77e523740a,e2259fd9138199c9c4a57404a2c4488b51f5c2c79a9ca12c84fb9c9aac80a190
1712,1711,中山大学附属第三医院,王志远,https://www.zssy.com.cn/node/24052,235,导航痕迹 首页 / 专家介绍 / 王志远 ,21,214,0,21,START,ZSSY_EXPERT,王志远,NO,NO,NO_ADJACENT_QUOTE,72754e5c60b9f0bdbec56c6e3798753e0ef63dfdc338b4970d3e1ab0b4d8a3e0,43dd988dc830501623225b0f0ff70461f32493133eb6c1c518e96ef57f716bad
1713,1712,中山大学附属第三医院,王涛,https://www.zssy.com.cn/node/11057,177,导航痕迹 首页 / 专家介绍 / 王涛 ,20,157,0,20,START,ZSSY_EXPERT,王涛,NO,NO,NO_ADJACENT_QUOTE,6696a2e6132713e306f21de8e5832f9ad6be57bb1bd6eb457999c2956c38b5c9,b476cdd416e4871770c1ec871c87fc9e3237f9281f42669c7b965eed165ec044
1715,1714,中山大学附属第三医院,陈愈彬,https://www.zssy.com.cn/node/24054,224,导航痕迹 首页 / 专家介绍 / 陈愈彬 ,21,203,0,21,START,ZSSY_EXPERT,陈愈彬,NO,NO,NO_ADJACENT_QUOTE,ea655dd62844597c3982e41c2c795018733ee02cb506e3ffa2234b93d5ff4918,8bde456d7682cd1b8107487cdcc7bb620ad98a56a2d1f2b8788d8faad766d8da
1716,1715,中山大学附属第三医院,黄健聪,https://www.zssy.com.cn/node/15212,225,导航痕迹 首页 / 专家介绍 / 黄健聪 ,21,204,0,21,START,ZSSY_EXPERT,黄健聪,NO,NO,NO_ADJACENT_QUOTE,df86d3a203fed688b4fccb82ba5cd57435dac35368800d2528e38211a107eede,04e2baf99c53eb2483ec6f4314d262ca81ee99b70b4f6d84d7dc69c5f442b7b8
1717,1716,中山大学附属第三医院,黄子真,https://www.zssy.com.cn/node/15394,251,导航痕迹 首页 / 专家介绍 / 黄子真 ,21,230,0,21,START,ZSSY_EXPERT,黄子真,NO,NO,NO_ADJACENT_QUOTE,fdd26d8c74de83ea8e781ca1bbe47290fa92c70d4643c52f7a1d4428e407d5e5,62c6aa7c3483e0225cd379e7c38a0c551fdb6ba0cf4791b75a85a17fa0c191d9
1718,1717,中山大学附属第三医院,黄雪琨,https://www.zssy.com.cn/node/14202,218,导航痕迹 首页 / 专家介绍 / 黄雪琨 ,21,197,0,21,START,ZSSY_EXPERT,黄雪琨,NO,NO,NO_ADJACENT_QUOTE,7d46d2062559e6cb39cb4ac063e8f89a7202edf6e7cbd1da942fd6d500385807,919dcca8b731dff275cd61e09ba9e61db50e4d936568df7aea7d12737f36f0f9
1725,1724,中山大学附属第三医院,肝胆外科,https://www.zssy.com.cn/node/6648,720,导航痕迹 首页 / 肝胆外科 ,15,705,0,15,START,ZSSY_DEPARTMENT,肝胆外科,NO,NO,NO_ADJACENT_QUOTE,c7a55b9b5c5f5eb8da9a48a371faa4d405ea85c6dc5561bbae9c4738745fa501,5eb1c9f80166fe2dd38aad6d91e8e71f04c3435658cd110631b7d7838312f7fb
1756,1755,中山大学附属第三医院,肾脏内科,https://www.zssy.com.cn/node/6007,1605,导航痕迹 首页 / 肾脏内科 ,15,1590,0,15,START,ZSSY_DEPARTMENT,肾脏内科,NO,NO,NO_ADJACENT_QUOTE,2de6ab861c89fe884c8b310e3cfbc1a4f1b3c850f72d52d7613577988d42ab92,5f85d59cb6e139ff213d960aa151d2c3b25cdd5ae1501d5bd85cb65e464d493f
1765,1764,中山大学附属第三医院,肿瘤内科,https://www.zssy.com.cn/node/29880,1349,导航痕迹 首页 / 肿瘤内科 ,15,1334,0,15,START,ZSSY_DEPARTMENT,肿瘤内科,NO,NO,NO_ADJACENT_QUOTE,f62e2e65aad28b262e523a66684241cc94029c653aecc015e6561ec23bac2008,61df36afa2133b8a8aae0e14c4e7fb480d59d8a7ac33e4b2b56c52b7eabca48f
1777,1776,中山大学附属第三医院,胃肠外科,https://www.zssy.com.cn/node/6643,1800,导航痕迹 首页 / 胃肠外科 ,15,1785,0,15,START,ZSSY_DEPARTMENT,胃肠外科,NO,NO,NO_ADJACENT_QUOTE,0fb28b9a7225eafc49b54590251dcbd5dd871d6c2d8d533167f5de7d8aa4c6e9,734c8c46e3267e8e6d018e85d5d25ef268686757186cbbea5cda1ce712a53a7b
1779,1778,中山大学附属第三医院,郑峰,https://www.zssy.com.cn/node/14158,140,导航痕迹 首页 / 专家介绍 / 郑峰 ,20,120,0,20,START,ZSSY_EXPERT,郑峰,NO,NO,NO_ADJACENT_QUOTE,b8084edfd68f34e64120639eb8ac0f74ae0178f69107c4315aef3d9304332693,62d74928fd325f9b7e820eafb56af6199d9d92c773240d290786d035350f1206
1805,1804,中山大学附属第三医院,药剂科,https://www.zssy.com.cn/node/14088,1776,导航痕迹 首页 / 药剂科 ,14,1762,0,14,START,ZSSY_DEPARTMENT,药剂科,NO,NO,NO_ADJACENT_QUOTE,a04a439ede6f65ad0d86fae8600b8c1c3c6bb1e4e2a80cc2fccc3d72184b45f0,948471dc24527d2d7399341286df03cb47828199b6ec45330335e4ba33a8295a
1817,1816,中山大学附属第三医院,血液内科,https://www.zssy.com.cn/node/6010,1800,导航痕迹 首页 / 血液内科 ,15,1785,0,15,START,ZSSY_DEPARTMENT,血液内科,NO,NO,NO_ADJACENT_QUOTE,524247efc7d11938f4d8f464f4e5541cea026bc76b12b89b82149a179f103d67,1b97aa9ca7427e319b92c38170c6b21be617487c51b3b3b8f609277cd107a366
1822,1821,中山大学附属第三医院,血管外科,https://www.zssy.com.cn/node/15417,1454,导航痕迹 首页 / 血管外科 ,15,1439,0,15,START,ZSSY_DEPARTMENT,血管外科,NO,NO,NO_ADJACENT_QUOTE,ce6672037e1c6abfb120d89c19ea4a9bee2e2252814f57baf2f8f070425a5839,f14bbb89f545334f147d905f47e8a7f8feea108e713535737ed83f7da72bca85
1837,1836,中山大学附属第三医院,超声科,https://www.zssy.com.cn/node/15178,1800,导航痕迹 首页 / 超声科 ,14,1786,0,14,START,ZSSY_DEPARTMENT,超声科,NO,NO,NO_ADJACENT_QUOTE,9c1f1f785ee5463c3ff672cbf8ba8de144c1e99d37a57700010d0017cbf74562,642ebc5f796958359fd392c0f2f3be86d5846e8263381302ac8e8b07debc0c04
1843,1842,中山大学附属第三医院,输血科,https://www.zssy.com.cn/node/14092,503,导航痕迹 首页 / 输血科 ,14,489,0,14,START,ZSSY_DEPARTMENT,输血科,NO,NO,NO_ADJACENT_QUOTE,8b0dc60e8e61654da236124ada4f6d9af8d747abad5bdb39faab9b9a25fdda2c,b07e14ddf50fe0d91fff578a3fd503569401ee545bc3ca85ec69c7d4148f3bf8
1855,1854,中山大学附属第三医院,余步云,https://www.zssy.com.cn/node/14193,113,导航痕迹 首页 / 专家介绍 / 余步云 ,21,92,0,21,START,ZSSY_EXPERT,余步云,NO,NO,NO_ADJACENT_QUOTE,28e869589536fc282a57531b098486a3b14f940a683410fd6194df3add0dec56,a421b828a4dca3e60537d6e3d09ccbfd959aef3b3205061520f492bb4e81199c
1858,1857,中山大学附属第三医院,吴玉琼,https://www.zssy.com.cn/node/14196,179,导航痕迹 首页 / 专家介绍 / 吴玉琼 ,21,158,0,21,START,ZSSY_EXPERT,吴玉琼,NO,NO,NO_ADJACENT_QUOTE,cddebed416e06abd4370c6ac4512e0d6f28666f1b526487cb07acb8f5c33f927,2c1ccb6c9954ed2bd9e76780796124815b97d72844f57ab9c96808ea16c93242
1861,1860,中山大学附属第三医院,汤美安,https://www.zssy.com.cn/node/14191,52,导航痕迹 首页 / 专家介绍 / 汤美安 ,21,31,0,21,START,ZSSY_EXPERT,汤美安,NO,NO,NO_ADJACENT_QUOTE,84cd129ede3cc82b1d5a71d3acb6ec7ccff66d099eabd93234f6a24bc9d9598c,363789ee7f2229e3bfbccdd9f41d147fee393855857a9958bb31d95e715c3b1e
1870,1869,中山大学附属第三医院,骨科,https://www.zssy.com.cn/node/14051,1800,导航痕迹 首页 / 骨科 ,13,1787,0,13,START,ZSSY_DEPARTMENT,骨科,NO,NO,NO_ADJACENT_QUOTE,1e5bf5e2e2e32bc6cf82253bfeed6acd2fac0050b9e3e562ef9e9b2b12857665,c15b64e0790258f8a50dc5012060bfc6d29470ed6b400c10d0d68c9f96084a6d
1872,1871,中山大学附属第三医院,臧志军,https://www.zssy.com.cn/node/11263,130,导航痕迹 首页 / 专家介绍 / 臧志军 ,21,109,0,21,START,ZSSY_EXPERT,臧志军,NO,NO,NO_ADJACENT_QUOTE,413e0a6299225441ed32901372bfc0649d48debcf77ce3a705b6753c20c5618b,c08339a5a19177a08c959629ee356d81a89c0e3ead26bd059323fee6356182a8
1873,1872,中山大学附属第三医院,陈俊,https://www.zssy.com.cn/node/11270,125,导航痕迹 首页 / 专家介绍 / 陈俊 ,20,105,0,20,START,ZSSY_EXPERT,陈俊,NO,NO,NO_ADJACENT_QUOTE,fc298ebf9063832e05eaca03133926fcdda303be185729fc8e273229ed9beb23,883066403ec115978390bea4054e0c8d83124138fe558113b9a3ad1ca2ee9f3d
1890,1889,中山大学附属第三医院,揭育胜,https://www.zssy.com.cn/node/30076,131,导航痕迹 首页 / 专家介绍 / 揭育胜 ,21,110,0,21,START,ZSSY_EXPERT,揭育胜,NO,NO,NO_ADJACENT_QUOTE,65fcc948b3e7edb3f2065092acc60ef2d91f251eeb6f7e36e738413b0ea870fc,7ccf792fb7f058a63df6a895522e6e980bf4ef2b0e6257700a87c82b4a8f8c8b
1891,1890,中山大学附属第三医院,覃杰,https://www.zssy.com.cn/node/30078,121,导航痕迹 首页 / 专家介绍 / 覃杰 ,20,101,0,20,START,ZSSY_EXPERT,覃杰,NO,NO,NO_ADJACENT_QUOTE,a113b780952feca337564c0c91a76d64a9f367473eeb541070902356bdaf8046,4abcd0a2421dbeee4c0bc969b8b62706b1f63b8b2b14474ed5623a81e88db8d3
1892,1891,中山大学附属第三医院,黑子清,https://www.zssy.com.cn/node/30077,123,导航痕迹 首页 / 专家介绍 / 黑子清 ,21,102,0,21,START,ZSSY_EXPERT,黑子清,NO,NO,NO_ADJACENT_QUOTE,6fe5bef08864e2e86638b0ba2b85fd95ab9a32f86b1bfd4bd169b151d9471ca0,51d23ae7872a172ba76c8d1c765c9ae39ac4f35cf4cb8f98978c0d6834bd9112
1912,1911,中山大学附属第三医院,吴宗华,https://www.zssy.com.cn/node/15161,131,导航痕迹 首页 / 专家介绍 / 吴宗华 ,21,110,0,21,START,ZSSY_EXPERT,吴宗华,NO,NO,NO_ADJACENT_QUOTE,f1c951035876fc978206ad311de665be35dc1503131c63935a1674db4a48aefc,ab1bf97753e6b2c3ed018343a7d2ea18adf1bfec46e92bd93cdbd9612de21cbd
1913,1912,中山大学附属第三医院,周文营,https://www.zssy.com.cn/node/15166,131,导航痕迹 首页 / 专家介绍 / 周文营 ,21,110,0,21,START,ZSSY_EXPERT,周文营,NO,NO,NO_ADJACENT_QUOTE,5a94ce9b6b5d7e44b7d40f8768d1d3d9f5252a7a2c7d9571903d6afe9b547056,d6f7a21a6abd0af2dd24d6ec0bd9904b5a89f7a588eee56dd2e338ba0e3b7199
1914,1913,中山大学附属第三医院,孙恒昌,https://www.zssy.com.cn/node/26156,142,导航痕迹 首页 / 专家介绍 / 孙恒昌 ,21,121,0,21,START,ZSSY_EXPERT,孙恒昌,NO,NO,NO_ADJACENT_QUOTE,c36aeb0542c0a9aee2f311eec78cfdf8c2c79189f11135b9d753dfe3cdc65c66,5d8e1120ba9484a99891d4446789d127e760cc4c0acf06190961b834e1785fe3
1915,1914,中山大学附属第三医院,尚梅,https://www.zssy.com.cn/node/27634,140,导航痕迹 首页 / 专家介绍 / 尚梅 ,20,120,0,20,START,ZSSY_EXPERT,尚梅,NO,NO,NO_ADJACENT_QUOTE,2d2975567ecb5c072d819a24c87bb5a7f8b917d402894a4c0f9820fd5993ab27,d6009af515ff3c0a37c7ff395c6a9af47c49783df287fdee9bbc0b038f8b5921
1916,1915,中山大学附属第三医院,席云,https://www.zssy.com.cn/node/15151,128,导航痕迹 首页 / 专家介绍 / 席云 ,20,108,0,20,START,ZSSY_EXPERT,席云,NO,NO,NO_ADJACENT_QUOTE,b638ac9e26463829d765f5d48bfdef349d4268838ca9f368194ae967e4be3524,e429aa8115af2d1c755b1ba08f9731502708fb96e721a61ff8ae5ee811786b99
1917,1916,中山大学附属第三医院,廖媛,https://www.zssy.com.cn/node/15165,140,导航痕迹 首页 / 专家介绍 / 廖媛 ,20,120,0,20,START,ZSSY_EXPERT,廖媛,NO,NO,NO_ADJACENT_QUOTE,2518cabadb330c1adac0852661f25ce61809691bebf3789471b593bfd153465c,12708bff988a4fa4900d30a4b6ea8451c1142eac5e55dfbbdbb7a4c13363fd20
1918,1917,中山大学附属第三医院,曹宝华,https://www.zssy.com.cn/node/26155,131,导航痕迹 首页 / 专家介绍 / 曹宝华 ,21,110,0,21,START,ZSSY_EXPERT,曹宝华,NO,NO,NO_ADJACENT_QUOTE,03ce9c5cb57eb4e8aaa395a125f30a502e5a71f4d03967ab619a7f1206ceeb95,7900e4e78de65be87b12c8148529d037d80ab2e4ff85367bc2294cec65cf8345
1919,1918,中山大学附属第三医院,李晓杰,https://www.zssy.com.cn/node/23473,131,导航痕迹 首页 / 专家介绍 / 李晓杰 ,21,110,0,21,START,ZSSY_EXPERT,李晓杰,NO,NO,NO_ADJACENT_QUOTE,0e56af4718ea4b28b1f6dd88cd8c26b78833dd951215a949c120f3da45423cdc,0ee1584327575a6ef00d4cb66aa2029ced414c75842f3080ed5d134443bb6a1d
1920,1919,中山大学附属第三医院,李朝霞,https://www.zssy.com.cn/node/15150,130,导航痕迹 首页 / 专家介绍 / 李朝霞 ,21,109,0,21,START,ZSSY_EXPERT,李朝霞,NO,NO,NO_ADJACENT_QUOTE,7345a6ce77c5a9efdfd89153647fd8826452696bf38cd9996f8431c8f029bc04,98820fd65952d73650f89e2bf9bf72f83710eafd35bdde1554b55097a4b0d878
1921,1920,中山大学附属第三医院,梁家隐,https://www.zssy.com.cn/node/15156,131,导航痕迹 首页 / 专家介绍 / 梁家隐 ,21,110,0,21,START,ZSSY_EXPERT,梁家隐,NO,NO,NO_ADJACENT_QUOTE,8fe8ddb712e1001c88af82c8bad512063edc0a919e95b2ae984e1c9379605c9c,ec1be1a5b912a143fc50278f1c45366e02d1d043428e01f9b29f7277f1eb0f96
1922,1921,中山大学附属第三医院,王扬,https://www.zssy.com.cn/node/23472,129,导航痕迹 首页 / 专家介绍 / 王扬 ,20,109,0,20,START,ZSSY_EXPERT,王扬,NO,NO,NO_ADJACENT_QUOTE,8356c8d7bb18755bd9294812c1201d6273f80f4cecffa97b51696f082bda7654,ea84b78d3cc1e1290835ca25d369d78540731aa7d01a9313e131568c0729b785
1923,1922,中山大学附属第三医院,章钧,https://www.zssy.com.cn/node/27635,129,导航痕迹 首页 / 专家介绍 / 章钧 ,20,109,0,20,START,ZSSY_EXPERT,章钧,NO,NO,NO_ADJACENT_QUOTE,8dc99cc3f0d6e2abf85d21f775f11f1d1b1a08b9b22295ef83dc2219d6c05067,04ece4089da15169690ac5df5d1dcab7d7022e4456798454f26d2f5bd1b1e93c
1924,1923,中山大学附属第三医院,罗敏琪,https://www.zssy.com.cn/node/15147,131,导航痕迹 首页 / 专家介绍 / 罗敏琪 ,21,110,0,21,START,ZSSY_EXPERT,罗敏琪,NO,NO,NO_ADJACENT_QUOTE,9298ca9d5a18feb1287ae7a337eb55619b9baffb976d29d4b398f1a46443a61d,e7f41fff1e9d7707ece008bfd3a8da0d385710bf1c2fc8b3ae0dadbf2d85b444
1925,1924,中山大学附属第三医院,胡波,https://www.zssy.com.cn/node/15146,139,导航痕迹 首页 / 专家介绍 / 胡波 ,20,119,0,20,START,ZSSY_EXPERT,胡波,NO,NO,NO_ADJACENT_QUOTE,1aeb1461135eb8980aae26cc102ee7c8e28c9cbe0e35443de24f6f10a58ae917,96811b5878861fa9295e069f1dcc1280ce65b8086e1994fb1b00751deca5f39f
1926,1925,中山大学附属第三医院,董慧敏,https://www.zssy.com.cn/node/15164,142,导航痕迹 首页 / 专家介绍 / 董慧敏 ,21,121,0,21,START,ZSSY_EXPERT,董慧敏,NO,NO,NO_ADJACENT_QUOTE,489011b50272fb79d0beed1f71545d21b13e8f71497b5862d13cecf42033aecf,14c7c79c132c9bd11b15fd20dbd928d060482a890ec940f1f49d0105a14a6111
1927,1926,中山大学附属第三医院,陈亚琼,https://www.zssy.com.cn/node/23471,131,导航痕迹 首页 / 专家介绍 / 陈亚琼 ,21,110,0,21,START,ZSSY_EXPERT,陈亚琼,NO,NO,NO_ADJACENT_QUOTE,c4b1ea10781618399089d02ddfbe00957037b6e48973479051c57e13b012fcb4,4bb52b5a499b11a36df47a1982975b3819b61ba66807c3a62c6a994ce57be9f1
1928,1927,中山大学附属第三医院,陈忠城,https://www.zssy.com.cn/node/15153,131,导航痕迹 首页 / 专家介绍 / 陈忠城 ,21,110,0,21,START,ZSSY_EXPERT,陈忠城,NO,NO,NO_ADJACENT_QUOTE,cb4340a4f53e1bb2932704f1b3bd3a0f69c90b551d2e766d67462b2752b83da8,cebc040f1d3eed938935163349e38b1ba00a0950766f8234676a35ed1da6174b
1929,1928,中山大学附属第三医院,陈文思,https://www.zssy.com.cn/node/15157,131,导航痕迹 首页 / 专家介绍 / 陈文思 ,21,110,0,21,START,ZSSY_EXPERT,陈文思,NO,NO,NO_ADJACENT_QUOTE,5cabc09ce09da770a88bb01e44baed7d6c3e9f28b457849d0b7c0067a2a16527,a4e98c2ba0392dd488de399906efd2e4653c155629528687a08886e782a5c663
1930,1929,中山大学附属第三医院,黄建华,https://www.zssy.com.cn/node/15155,131,导航痕迹 首页 / 专家介绍 / 黄建华 ,21,110,0,21,START,ZSSY_EXPERT,黄建华,NO,NO,NO_ADJACENT_QUOTE,28c54e4fe3778471200c99e5c497f4d4fdf89a16b1b5a89fd02b30f058a0a6d4,3155cc5db2957452f4c920aa26aeeed4bf82971352e5e6e218547989c43e1e8b
1931,1930,中山大学附属第三医院,龚娇,https://www.zssy.com.cn/node/15163,139,导航痕迹 首页 / 专家介绍 / 龚娇 ,20,119,0,20,START,ZSSY_EXPERT,龚娇,NO,NO,NO_ADJACENT_QUOTE,a25b4cfac88d9d5fc0fff16208e124e2c0e7f27214a0c609cd157b2c8ee0b493,80538f8e94ea738c9012bc09666689cd8d5a93c2103638c9e1e22e2572ae336b
1936,1935,中山大学附属第三医院,李海凤,https://www.zssy.com.cn/node/20652,162,导航痕迹 首页 / 专家介绍 / 李海凤 ,21,141,0,21,START,ZSSY_EXPERT,李海凤,NO,NO,NO_ADJACENT_QUOTE,ac4ef72c58a4db9ebe5bd8a1ce299df484653b8556139b59919894c57bf5d06b,b06c1a882302c417471b7482e5bc0cd7f8fcd40ebb53b56c239ff7983b536686
1941,1940,中山大学附属第三医院,夏小平,https://www.zssy.com.cn/node/11059,277,导航痕迹 首页 / 专家介绍 / 夏小平 ,21,256,0,21,START,ZSSY_EXPERT,夏小平,NO,NO,NO_ADJACENT_QUOTE,d24f9db344a71492d1e5f04d0431bf28d9cc2d5c8b9331e9f2613a77fb52bef0,6bf0727e51bd73f745e935f794be85a55681e93a3a2d208fb20549864bdf92a2
1964,1963,中山大学附属第三医院,罗进梅,https://www.zssy.com.cn/node/30266,133,导航痕迹 首页 / 专家介绍 / 罗进梅 ,21,112,0,21,START,ZSSY_EXPERT,罗进梅,NO,NO,NO_ADJACENT_QUOTE,84120b27eb5100aa19f6234653ecdcf1222fb1ac4e85018ba82c33da571dbb7d,e4a8c81f98416faee98efe3ab274340d5ff805517c5de1819638ec7167e81ce4
1965,1964,中山大学附属第三医院,况琪斐,https://www.zssy.com.cn/node/30268,124,导航痕迹 首页 / 专家介绍 / 况琪斐 ,21,103,0,21,START,ZSSY_EXPERT,况琪斐,NO,NO,NO_ADJACENT_QUOTE,b74e9f603785b3bafd79bd5d27d63557d3ee28f33f9f24cb5087c78c470a00da,7cecdd28f8a5476b7053c2d639ad390a4b635eb33b5d602c6b6187b497b08ca3
1966,1965,中山大学附属第三医院,曹学帅,https://www.zssy.com.cn/node/30269,124,导航痕迹 首页 / 专家介绍 / 曹学帅 ,21,103,0,21,START,ZSSY_EXPERT,曹学帅,NO,NO,NO_ADJACENT_QUOTE,12622265e2fc12e4d0b7b007018e6b29f97167e6bc0dea62f02be63922619a28,1eb628bdec3e844b8a20ea1930c7c26cf23c636cccf7a843fd0dde94833f701c
1967,1966,中山大学附属第三医院,陈映娜,https://www.zssy.com.cn/node/30271,124,导航痕迹 首页 / 专家介绍 / 陈映娜 ,21,103,0,21,START,ZSSY_EXPERT,陈映娜,NO,NO,NO_ADJACENT_QUOTE,845d807312047edf228b5d69b9319a9fc3b084e7877da6f7715270a15641906c,770dc471f10f79e74647934b98db6bfd833063bd526a1ac3c34eb254a470a2cd
1968,1967,中山大学附属第三医院,黄雨茜,https://www.zssy.com.cn/node/30270,124,导航痕迹 首页 / 专家介绍 / 黄雨茜 ,21,103,0,21,START,ZSSY_EXPERT,黄雨茜,NO,NO,NO_ADJACENT_QUOTE,cb7f642f162ccef2cabfbe2c04425bc85ddf4e43ca36d24dfa7484bf4ea34ad4,d9e84f35be57837cb126e65e1af64759fdeaa8c272e21d7aef40b4161032579b
1970,1969,中山大学附属第三医院,常利红,https://www.zssy.com.cn/node/15198,51,导航痕迹 首页 / 专家介绍 / 常利红 ,21,30,0,21,START,ZSSY_EXPERT,常利红,NO,NO,NO_ADJACENT_QUOTE,31d1fb1904e7d71dce5db735243048a8dc4dbffd6ea3a3d436f991020c7bd75d,060cc353a3c505c69719cde1747ce6692ce049441a6e49de3b28f63cf1f1a811
1971,1970,中山大学附属第三医院,徐惠清,https://www.zssy.com.cn/node/24055,42,导航痕迹 首页 / 专家介绍 / 徐惠清 ,21,21,0,21,START,ZSSY_EXPERT,徐惠清,NO,NO,NO_ADJACENT_QUOTE,ee398f7515595eed07c192b37e6a1fc9e320d60df52b961ec95fae5ffdabf73b,ffcfe59122a99054004e010d881ccc0fc651e6fbe1dbb16edc80d4c2d4eeaab1
1973,1972,中山大学附属第三医院,林爱桃,https://www.zssy.com.cn/node/15201,42,导航痕迹 首页 / 专家介绍 / 林爱桃 ,21,21,0,21,START,ZSSY_EXPERT,林爱桃,NO,NO,NO_ADJACENT_QUOTE,6fd2f0f54f0660eabc13f78f40aafb92a1ca284b9189f8870cbdb5b15ef93f22,f05016d6513dd0053b8ca2b0ae77dd2a08f797524afd9bc5c00b9730014c298c
1989,1988,中山大学附属第三医院,杨丽新,https://www.zssy.com.cn/node/20260,72,导航痕迹 首页 / 专家介绍 / 杨丽新 ,21,51,0,21,START,ZSSY_EXPERT,杨丽新,NO,NO,NO_ADJACENT_QUOTE,dd4198f5a7c38ad0ee1e094f9eca17f0a4a7a53c53cf4bc46118dbc27154221f,de5d5cbc2a4492b31c74f5f2bc0d4516ee87e1627cadddb730606db91c2f2aa9
