row_number,sequence,hospital,name,source_link,column,removed_length,original_sha256,remaining_sha256,profile_path,profile_replacements,profile_before_sha256,profile_after_sha256
673,672,中山大学肿瘤防治中心,丘惠娟,https://www.sysucc.org.cn/node/3768,详情正文摘录,43,0bc0391d1bd8d8140a6a434c583ebaf7ce1e1d2a7801b011dd3697122179621e,21358a158178d7dce2eee62d61a65a74b31ec3a149257c42992b1787834e46a9,,0,,
674,673,中山大学肿瘤防治中心,张蓓,https://www.sysucc.org.cn/node/3773,详情正文摘录,42,b38eae077e082e14f93d03c72397db6f14c381204711c6f0f0ccfa30cd725314,f5d3e7ea854b39be599cf3ca6df4ddb64e62d485eae2c27079f0065aac2cfe0d,医生画像仓库/01_试点医院/中山大学肿瘤防治中心/张蓓.md,1,ff9d2c22b0578e3e7be743b02188b4cef91acd702ce646e9c3be2c39d7b21cb0,3ed95461775cadc3eb3a75f53ca265e890a6d2d9f26c010d65aa7f002db9093d
677,676,中山大学肿瘤防治中心,欧阳华强,https://www.sysucc.org.cn/node/6681,详情正文摘录,44,4237ce8e146cfa8f166693cc15500cfe399e7e14896830044b38b2a0f12a6595,c50f091f137d2e45c7cb50c6e04de8f787b0e9d03ca35649244156003adf62e1,,0,,
678,677,中山大学肿瘤防治中心,范腾,https://www.sysucc.org.cn/node/8022,详情正文摘录,42,d0b99f23bf2639d5518264baaf89211f4e0ca7f234111d55f5ebd4c4bf259d00,6b0f116345ad0c07c5162707a2e98827bb9af5389cbe3fe0e6bb324471ef7503,医生画像仓库/01_试点医院/中山大学肿瘤防治中心/范腾.md,1,23a20c4077f1d2606b335bfd0d4ec358366cc91d6bb72039e9ae3dec13e5a869,6eef124032c1626b47936fdcf0cb9565f1d4e1a0dbe6250dedd7c7934fbfbc97
679,678,中山大学肿瘤防治中心,阚钧,https://www.sysucc.org.cn/node/6488,详情正文摘录,42,e49e17e34f3964cb32a9918523dfdc2107955988b3adbe5683104e1834772bf2,7a1488007a984c9a87b612e4630c36b179e9a58c97e3389a0e16019195956588,医生画像仓库/01_试点医院/中山大学肿瘤防治中心/阚钧.md,1,b2b35d0258873e9c4d6b3c6b86c54f5da3e20551d5a871de69cc8ab8f120ec91,53e9465833c28d5216499f737f3a45220d2d1c188969c60e1260b72dea5d4a9a
680,679,中山大学肿瘤防治中心,陈平,https://www.sysucc.org.cn/node/3778,详情正文摘录,42,c38508da9c1e8819cec707377319a7cff270dc5501148038e1d958cc0a5d98dc,5b08840a325bd13d4b07fe54d516484ad33c156ed1f678096c12b1e14dfa05a8,,0,,
681,680,中山大学肿瘤防治中心,陈徐贤,https://www.sysucc.org.cn/node/3774,详情正文摘录,43,88170f05f8e6993d3575286fe3fee7be3510023925d68eac1fd0afaa814e05f4,60bc2e29bc07281f4b0cc59005050438fd664b38e08b1530104f05ec4f74817e,医生画像仓库/01_试点医院/中山大学肿瘤防治中心/陈徐贤.md,1,2707cdbc5c3a3c152ad788d9213e9a00c79960fd97acf539dd39d1f3c7bb9cbd,d507d3c86a622fe5cb8a1e4dd28f5d3bc2d00db65e207addbb4e159743fe13c3
682,681,中山大学肿瘤防治中心,黄国贤,https://www.sysucc.org.cn/node/3775,详情正文摘录,43,583c3e2391e12c4a8d9a8de8157cab6c1b84bec91d733f8d3ea1b49786ed763a,e560ad686ed9fad14c05be26d2e741eade4c5af19d32eef062a691f79b5c2647,,0,,
683,682,中山大学肿瘤防治中心,黄圆圆,https://www.sysucc.org.cn/node/3769,详情正文摘录,43,b05ff60636fce40bce2134794e2f064db348cd82393f7b6685e017cf9bb56e0c,848a5cff8691ebb4a3661228846b272653212ae45198ff8f3de7eea38a2add01,,0,,
684,683,中山大学肿瘤防治中心,黄金圣,https://www.sysucc.org.cn/node/3779,详情正文摘录,43,e01110b46f62ddef0a9224749a69d3533ddd932b2b79071d475a34946da5ff58,a9ab378d6eac451a35b3fa7cd91da5454f876b609356c2cc74ad7ca7bd8279ca,,0,,
685,684,中山大学肿瘤防治中心,医学教育,https://www.sysucc.org.cn/taxonomy/term/267,详情正文摘录,36,6b696eb44624f55118c2f338ea9e825b21d4fac36872b5005ff32b220a66dfca,913dd3d77a34ac095a9e2da23eea50dcecc03b164e04d0be21ee21cd73e346ca,医生画像仓库/01_试点医院/中山大学肿瘤防治中心/医学教育.md,2,b1d01d0316f8d77bcd735167cc476e557683d8f2a0f32b5d9072cfd033081da3,f424eb3094cf72459865d7bb25e4f50d88e4a1b9255807da4340c85f8e069663
686,685,中山大学肿瘤防治中心,叶文锋,https://www.sysucc.org.cn/node/3927,详情正文摘录,45,aa3f1cf59d59f045f17383bb1101e11be9d793dfdc4cc0d85c81790ca3910ffa,9f5fdc6d3eb4c584315fe7af5c7850616ed45d43e515c4d18c62fa9d9dbf71c9,医生画像仓库/01_试点医院/中山大学肿瘤防治中心/叶文锋.md,1,bf890547811f761080232eef5951b8c4e349580903c7a71d55e1660b08d49d3d,2bceea9bfeef9257a8ceff4206f286ae950aeb5c4513f96fe493fa3a5ebeecb1
687,686,中山大学肿瘤防治中心,吴锡文,https://www.sysucc.org.cn/node/12740,详情正文摘录,45,24f61fb2ed07f33e873796b232aca6e4c7e9550f28d270ca5d9faf1ad8a7cbf4,e2cae088787d833a8c1e794b1452ac80adf46e2828c8b3d5de75aaa8b87ab187,,0,,
689,688,中山大学肿瘤防治中心,"《PLoS ONE》2011 IF4.8） 2.High Expression of p300 in Human Breast Cancer Correlates with Tumor Recurrence and Predicts Patients Adverse Prognosis （杂志名称：Chinese Journal of Cancer Research 2011 IF0.59） 3.Targeted Expression of BikDD Eliminates Breast Cancer with Virtually No Toxicity in Noninvasive Imaging Models. （杂志名称：Mol Cancer Ther 2012 IF 5.22） 4.Simultaneous modulation of COX-2, p300, Akt, and Apaf-1signaling by melatonin to inhibit proliferation and induceapoptosis in breast cancer cells （杂志名称：Journal of Pineal Research 2012 IF 5.79） 5.Melatoninsuppressesproinflammatory mediators in lipopolysaccharide-stimulated CRL1999 cells via targeting MAPK, NF-jB, c/EBPb, and p300 signaling （杂志名称：Journal of Pineal Research 2012 IF 5.79） 6.青年乳腺癌209例生存分析 (杂志名称：中国医师进修杂志2010) 7.超声刀在乳腺癌改良根治术中的应用 (杂志名称：实用医学杂志2010) 更新时间：2014.5.13",https://www.sysucc.org.cn/node/3741,详情正文摘录,43,3e5dc68532cb9850c3b42f327006f411bc5bc2f3875c579db56adf65e31861dc,4a7fb7c0dd0236afd31cd3375193f5e92c4a3c23841aa958f456be7f6d466bd6,,0,,
690,689,中山大学肿瘤防治中心,刘鹏,https://www.sysucc.org.cn/node/3742,详情正文摘录,42,cd989987f3ff89a047da3c42b8d7815b3d0996cad8a1fe90f796fb069de59ca7,b650c373103bcf181276882b7288e441b1bf5e8ef793515d9477e4a64b025e60,,0,,
691,690,中山大学肿瘤防治中心,双泽宇,https://www.sysucc.org.cn/node/3746,详情正文摘录,43,6f229eaabcef7a64791490faf01b8ae1bba48f00b58613c59bbf9f1009216410,33e1f4fda568ed135368c6c915f87c78f08b7e206d29b327505c4de7ad8f8dcb,,0,,
692,691,中山大学肿瘤防治中心,叶锋,https://www.sysucc.org.cn/node/6565,详情正文摘录,42,6ca388bf0a8c764086d51c41589073386f75daab01f14754a5d46e83d9ae3c78,ea0a996c35f8cbfdf91c14aa6a51cccf423a6aa16d55b617d7ff28923cf0465b,医生画像仓库/01_试点医院/中山大学肿瘤防治中心/叶锋.md,1,564de9fc4c397c8a2ca03d91dea67a716a9ce124068ddef56b2dc48d92cd1a64,85c2143bcb56a5397d3d01925c21b3bb525e98171eedf7f2e356cd1a602064d5
693,692,中山大学肿瘤防治中心,吴浩,https://www.sysucc.org.cn/node/8129,详情正文摘录,42,22be8b80faa0b3ca7fa7f6a0c46c2ad48d4c3ec80569f41aac6282e1ec34e833,85ca8389cd2b700e8d4b50da62b04e63deaf97245b3265126943fb485f114bf7,,0,,
694,693,中山大学肿瘤防治中心,唐军,https://www.sysucc.org.cn/node/3738,详情正文摘录,42,33782466121210ca8a0dd8449b000e12baa98c01313c7fe1fed3cefc4a6d4e43,eebe11d2946b427430b4bdc3eac15f525ace01f652c59261bd9509e20ca670bd,,0,,
695,694,中山大学肿瘤防治中心,孔亚楠,https://www.sysucc.org.cn/node/3745,详情正文摘录,43,88d495e5742d872ae11e9aad12c3f75be11d9801dd6792ba42e501d37ddf2920,aa4afc3c8f22d36a6d994ecc0ea8b553b18e7c41f2342909c9b2c18e0e7b5a4e,医生画像仓库/01_试点医院/中山大学肿瘤防治中心/孔亚楠.md,1,918eccc0ce46015f56f9e82c8f32b64e73e60c12cf43375437082b4cac5d2774,80d6ceae3c207b34deb6cd840122f46cc454851ae6e8c9e57acd1fb3fd58a67b
696,695,中山大学肿瘤防治中心,李宁,https://www.sysucc.org.cn/node/3748,详情正文摘录,42,d9f93bc8643c3ce94751f83d0e65dd74ae19450ba370355dd125e2358b7e94eb,298ec117eeca7c219a056c98f216784704bbb24ac2cb532ef0e0764f73316097,,0,,
697,696,中山大学肿瘤防治中心,李星,https://www.sysucc.org.cn/node/3749,详情正文摘录,42,86811e4f3230873bb02216c64951497356e699181d7cd10b09efde18e633f162,7c5ffced86222b107002c88e8bb799eccca00ce1d0203d863c5e0bee317b9005,,0,,
698,697,中山大学肿瘤防治中心,杨安力,https://www.sysucc.org.cn/node/3747,详情正文摘录,43,ac1adc8a5f2da50fd8f871eafaff7c75a96fc2d795375b916ae4da4687abfac1,0676f89a7cd4631a774b5608da09a3e6fbcf244682921d95d71fdcb2b9bd190c,,0,,
699,698,中山大学肿瘤防治中心,梁格豪,https://www.sysucc.org.cn/node/9759,详情正文摘录,43,12fccafbc3081480f1f46d1db8d874f285e5db193214ba1e5469d0ac6c98e710,6a98376ed0e7fb5857f70ae0edfdd2e4af1f1533688c2df0bf0be11ff8bdafcb,,0,,
700,699,中山大学肿瘤防治中心,熊震充,https://www.sysucc.org.cn/node/8487,详情正文摘录,43,8686e2c6938ef4fe6ac846e9b53a67eeb63f5e3271142e354fb5d7c9c6e941cb,cdf65730df5a5d61d1f705ad236637f6409a7ecd82151894d71562a57bc09fa6,医生画像仓库/01_试点医院/中山大学肿瘤防治中心/熊震充.md,1,776092409f5c8019909b24b441ad963b672c9df6529b504369640a47c89fda0c,f42d67f4bc82eed93e7e8ac0e1c4c3533d9affc67e5f857e3ac95068ef0f5be9
701,700,中山大学肿瘤防治中心,王曦,https://www.sysucc.org.cn/node/3737,详情正文摘录,42,0b7458b23ba9fc99be9c799e0bb55df2a09c4f1bed258be2b34a190f0cb3ec67,842791c0fdeaed06f09982847b64ea4ee7d19ba599ac25461a418ab360cac713,,0,,
702,701,中山大学肿瘤防治中心,王瑾,https://www.sysucc.org.cn/node/3743,详情正文摘录,42,fb3772e92f3fd6aeba8b5824cbd4e5a50edc67e7813e40cc6d32353fa2eb767a,348f154b0dbecadea88bd92c186fb0dae8c146558e5d7f594d84bf1dbaef93bf,医生画像仓库/01_试点医院/中山大学肿瘤防治中心/王瑾.md,1,1894195847aa4ce955949c64b605c3c1a6a6f783080132648dfbbb20764de20a,323c15ca70036d846b9632102054c78ed199bccd84fec5a09fe27368f29c8b13
704,703,中山大学肿瘤防治中心,谢新华,https://www.sysucc.org.cn/node/3744,详情正文摘录,43,7d06a709b7a69063520304724bab7385ec97cbe7c3e6d1251336bef5a352b484,3830246d817d454e0fe64b8106191c65cb938772a720995c3ed8e77a93cc2967,医生画像仓库/01_试点医院/中山大学肿瘤防治中心/谢新华.md,1,0c1f09450a6b2720af01c5c26b549d42b20642a3b5043c738daffa9c3160d96c,4ea77c5e431f9f9937e8083e410a01d40a676baf757c05aaba55a292077a9aa0
705,704,中山大学肿瘤防治中心,韦尉东,https://www.sysucc.org.cn/node/3740,详情正文摘录,43,0bff1ab0b00d79660de97332c6a087f2ff0775e3bde7aaf7ffff48f316e565b7,6917b6e4f868ce72c49aab4f322568747b9b71145c2eb624358a19d8f361b506,医生画像仓库/01_试点医院/中山大学肿瘤防治中心/韦尉东.md,1,5feff1e0313ec29747fd1a1f0587b60f03b910629a81c20d8798c463d80eff82,89bb618119a038beb77cae78f9993a5cb5c0cd4f7d7fc78c796b28fc9e48f467
706,705,中山大学肿瘤防治中心,孙斐斐,https://www.sysucc.org.cn/node/3805,详情正文摘录,45,e147f22adf3503ac02c20b52c53e2f3c23fedf12db6f3e14718fc36baede5322,8fb2f49f61b91eebdcfc55c946fbf69a36e01e4fcb79635bf2a8511e5904d184,,0,,
707,706,中山大学肿瘤防治中心,张翼鷟,https://www.sysucc.org.cn/node/3800,详情正文摘录,45,08d6d1d9dc530bc27845b3bc9f83bcae31065f85aeb69a47fe6c8eebbbba5bfb,e2701aacf2ed087c0da8bdc5be627d194f8b16c79a8a5e7fb2a8e4cf2c9a8ebd,,0,,
708,707,中山大学肿瘤防治中心,朱佳,https://www.sysucc.org.cn/node/3802,详情正文摘录,44,967822c5b64a7ce6d7b7f319219e36eb06b54f5a4ac4550df1de22bea30bec81,632bb429fc40d14b8844b071972e11327e292264529f09e56ebd6fd757dfae64,医生画像仓库/01_试点医院/中山大学肿瘤防治中心/朱佳.md,1,b7a00af4e2976a84f7a9247b184ecba8d9e71d17a9924c39510ea46d451d1b2c,943f0f397f604491d7e97c82928e907322a58c9f0d10281d728a03de2ed8cdb2
709,708,中山大学肿瘤防治中心,王娟,https://www.sysucc.org.cn/node/3806,详情正文摘录,44,8a687d44b69ea5d87e8e295c80bf82fdd771820afe41f16810ae316bcfc2386e,ca9a94ce2be8962c093b07d68bc9fe053a983b41c8ce8799910a850d59f88d55,,0,,
710,709,中山大学肿瘤防治中心,甄子俊,https://www.sysucc.org.cn/node/3801,详情正文摘录,45,741259d804ac07f77416070daff3552bbcc1b2bb0dbdcbc0e82ab2962f3c0752,aad9cba1d67e0a5a783b26b12585e52017fa9efe82cffcebdea5e4ace1e918ca,,0,,
712,711,中山大学肿瘤防治中心,阙旖,https://www.sysucc.org.cn/node/3804,详情正文摘录,44,709d1dcaa323e4198ec3319654d76e21dbdb00d538bab5ef62e55161c4075e5a,22e0d0017757812532900056563b125ff4d89aaaa49adbc26e067d735f883efc,,0,,
713,712,中山大学肿瘤防治中心,任超,https://www.sysucc.org.cn/node/1515,详情正文摘录,41,e9d102c50828088c3291fa02f4b5dcaf2aaa3dc5857337d37bc2cca648034f54,ab60563be72e994c48df18e93485194a52af104e07c4c5e7a7f24073130b84eb,医生画像仓库/01_试点医院/中山大学肿瘤防治中心/任超.md,1,77ef1114d106fd79d6ca86cc06e7ad3893327b9148a3f77672aca37671f6c61b,38a0244f44d26f141edb211bd8b1dc490f01023782433ba13f9e957d96722ebd
714,713,中山大学肿瘤防治中心,何明明,https://www.sysucc.org.cn/node/1519,详情正文摘录,42,d01c30aea42d6b1b0f71f09224e9c8f6e9bc5240b4ec317b06fedc1651299c72,ab291b5f959c1b5871715d2239b4696ab224fdce359a6ae19586b5bf154d597c,,0,,
715,714,中山大学肿瘤防治中心,侯雪,https://www.sysucc.org.cn/node/1501,详情正文摘录,41,d882e3c5d7b7092530273dd887b00b4bda618f7c961aa89acd90e2c87341e3aa,50861cea18232986b13a24edada292fac5fca01b4acf8e5b92ab66b7b18c2a81,,0,,
717,716,中山大学肿瘤防治中心,刘俊玲,https://www.sysucc.org.cn/node/1495,详情正文摘录,42,8aa42519a7d148bd527983edc53d4196280dc45ff79123d9c30e8e0bd3ed19a2,b1c9aa83cae6a112469f693a074c903a6d40a4ce0bc61ebd69638657545b5a94,,0,,
718,717,中山大学肿瘤防治中心,刘盼盼,https://www.sysucc.org.cn/node/1504,详情正文摘录,42,45904b80b3245fca6b3f695191a40f7d2e5c293bc9f328cba899126bed1a98aa,33990996f86246e34cf3342c08c7c2e10ea1ba32c118d2b4919db17f6b5eeb38,,0,,
719,718,中山大学肿瘤防治中心,史艳侠,https://www.sysucc.org.cn/node/1477,详情正文摘录,42,e1125b30f788b612357567caa882982d1ef9bd2f83cc9d6c63620ee804e0f174,5b78cad6e9224455a4b937a66f4a97527fa3f408be62c707262aa2f512f6cbe3,医生画像仓库/01_试点医院/中山大学肿瘤防治中心/史艳侠.md,1,3a452a7dac76b476ad9aea460140bbacbc37e6bbac40da94118e5f1b9abc42f1,59396dedefbcbe5550e73e0650a65674bd5435c80125bf9405d24e0b0d88b4c4
720,719,中山大学肿瘤防治中心,周华强,https://www.sysucc.org.cn/node/8018,详情正文摘录,42,60ab3afbec948b63d208044b46d20af1fa0ed0cc6b2d9e1b450f8d48d7895889,a68e659d0bf0a107979216a7a7902d2e5dfce115c932cda9554a0cb8dab12d17,,0,,
721,720,中山大学肿瘤防治中心,周婷,https://www.sysucc.org.cn/node/1520,详情正文摘录,41,036e1a28c353da7ec4db78172db64a90a4a9ab67119cc1a8633a0b6a86f0e21c,32dff4f00588a43934ba34c5938f20a10248dd0a6d4d0c56af8c9bfaa0ec70c9,,0,,
724,723,中山大学肿瘤防治中心,夏雯,https://www.sysucc.org.cn/node/1506,详情正文摘录,41,c3de7979c252b7ae1e47632c3f08b948a33267118766cf9e0c8e5dbba037fe89,5ae243526b253071f6980713109f3e45eade868b5a965467c31c754ed9895227,医生画像仓库/01_试点医院/中山大学肿瘤防治中心/夏雯.md,1,f1aa30bf3ecbf4e8a7fdd4e50692394e2a0644c6cce050e40032308bb5909c87,32846df74dade5645ce3bce33b8d24417f8ad18e5c3f3742fe99888865a27566
725,724,中山大学肿瘤防治中心,孙鹏,https://www.sysucc.org.cn/node/1513,详情正文摘录,41,0cfc0b9d7d204bb80d64b98826aa031e54cc9ddfc2d30cfd8d00f593e095c219,aaeabad9f5c112718b91152618b8b35ccd4afb230d8650eb71214fe8e93f8460,医生画像仓库/01_试点医院/中山大学肿瘤防治中心/孙鹏.md,1,0ccff457a3b21322b61a4e870496cf149802a3e380d1e7989405f804c39c825e,658f8df33c79b2ed61728515aa00830ca3b84c9c0a4330c95c3462b67fd1dd89
726,725,中山大学肿瘤防治中心,安欣,https://www.sysucc.org.cn/node/1503,详情正文摘录,41,2776e1f3a5f3aa86172049615cbf4039ab4c03925093d4914a0eeff2fced4aa7,c07767cec021fd6ae65446237ebafc3491c83ed6e738ef42243a41caf5893472,医生画像仓库/01_试点医院/中山大学肿瘤防治中心/安欣.md,1,e28007e81c692d6cca536e22774cec5d48043398d092f9e4a3b8105758171fa3,640a30fe0abecd5ea782ee3e99b315b686399172b08baf5088335da18911f757
728,727,中山大学肿瘤防治中心,张亚雄,https://www.sysucc.org.cn/node/1639,详情正文摘录,42,e08341833f4b3c50d79c59e0ed246686279992155d80bec01f5df4f53546a5fe,a1fe92442b6164c620fc4e18c35da287c15d75a244859da2c2123bfede58ce64,,0,,
732,731,中山大学肿瘤防治中心,徐瑞华,https://www.sysucc.org.cn/node/1473,详情正文摘录,42,69c5a8bc1039861e3f62e0e829fad34841e8f2313a113b1185918da335be8fd9,5f2422fdc66a86e8218aa5f7d4eee1da390b2b679cdecfd19fb33eced6fda5a1,医生画像仓库/01_试点医院/中山大学肿瘤防治中心/徐瑞华.md,1,321324e0a7dbee585d2d2815182c2df95f776a43733fd031c802b173b7b8d815,a1803ccceeafdde6f39d958c13ebc9e999d7f757bc11445d9fc7773e64a9368b
733,732,中山大学肿瘤防治中心,徐菲,https://www.sysucc.org.cn/node/1496,详情正文摘录,41,d69aecafad8e38bd6dbc1c59b81988454edcbc687dcc263da8f7fe3aabd870ed,02870c2dc4690ff2c76016eaa4f869c420b657c20110845fb6afa88b9f71eb44,,0,,
734,733,中山大学肿瘤防治中心,方文峰,https://www.sysucc.org.cn/node/1489,详情正文摘录,42,cc24de3caf84317970d7392b6cc61d4a8a9d18237e38906d66d44c42668df86c,7be5ee59fb262e58ede5b0c57b1be4b74c19dd42839327287a19b0b7a303501a,,0,,
736,735,中山大学肿瘤防治中心,李志铭,https://www.sysucc.org.cn/node/1483,详情正文摘录,42,355cc4b8d68c22ae4f8494acd314388034227c976f900dc38ef1d60efd0e508f,cd82c4f441842d65c50708900abd9e21ebdedc01b63069e89c836d815fa7313c,,0,,
738,737,中山大学肿瘤防治中心,林桐榆,https://www.sysucc.org.cn/node/1487,详情正文摘录,42,ff071db2a8d8d64e839a43ed0a36b4330482e30fd1c5c530b0442cef27258779,858843d992fd9ef1219c5ef4fdf2e8ed6c65655684302634210c899b80a93721,医生画像仓库/01_试点医院/中山大学肿瘤防治中心/林桐榆.md,1,89b48641382230f27c9033bbd392f6cb7735466094edf8b72fa73fecaf267efa,7201034798ff9f564eb45dfe8535a670c3c579c9947297ab38180ed83e738254
739,738,中山大学肿瘤防治中心,梁颖,https://www.sysucc.org.cn/node/1494,详情正文摘录,41,0570196289db0575ad5aba6acf0ca053d0cf630aa7f57e8abc3f945e3ad7ac8d,55e0d260fcf8b8a4f688f7a88c0d459a7932c51709819be1acbce9af3c831f21,,0,,
742,741,中山大学肿瘤防治中心,洪若熙,https://www.sysucc.org.cn/node/1508,详情正文摘录,42,8033fcc07e2530d12b78ca4183041c20138dcec9ba7fdf3e746e1eb77255b104,cccf9fcc3d178969a65199503bd15c62625b3f61f0bf2c681bbd6fbaec356ae8,医生画像仓库/01_试点医院/中山大学肿瘤防治中心/洪若熙.md,1,e16c5d9f96716386155f3071ee08f4756063907ad70dce92dd680fa22e6f10c1,1b43efa397b9bc57fbaa0ab469233d987b1fc7f97c5d08dea36a214afb555b9a
743,742,中山大学肿瘤防治中心,王宇,https://www.sysucc.org.cn/node/1516,详情正文摘录,41,89f974b76a21a438a4263d1df7d15f8ad30b27b70775c66f9245475e36a18e54,5eaaebc27be6cc41bd73ca43a54f2e1a9ab2c2233291785d8088dfba87ad1f2e,,0,,
744,743,中山大学肿瘤防治中心,王峰,https://www.sysucc.org.cn/node/1476,详情正文摘录,41,0ca163249e14cde599cf0894b9a99ed13e57d28a0824c741b8b7a5104abd568b,f5b574e0ffc067bb6c315a6d038e07fa756310f4fc0b542af671a476a136b8d5,,0,,
745,744,中山大学肿瘤防治中心,王德深 学历：中山大学临床医学博士,https://www.sysucc.org.cn/node/1505,详情正文摘录,42,6848f8389b218a8576d865db654459c16a6049538b1f2c2dae7f062301ecbdac,b16c55dc7c22668559054ee0eeefaee20755552031b670b1f8143e2115517305,,0,,
746,745,中山大学肿瘤防治中心,王志强,https://www.sysucc.org.cn/node/1498,详情正文摘录,42,9d8337a63aec83a690ac8b6dfa0003c586ba07ab095fe00654d281af03a214bb,ecc3a47585d2400984fad9a265b2ca1999f5d5684d5a87f243be30f505001c74,医生画像仓库/01_试点医院/中山大学肿瘤防治中心/王志强.md,1,6ac7bac436ceafdeda5739d13ee63834492ecc4ded7738f435a47f848c0116fa,cbdb2aac664cfc8df27b7b1ba49697311b4233c9d518d0da73fe56a78aa57985
749,748,中山大学肿瘤防治中心,王潇潇,https://www.sysucc.org.cn/node/1510,详情正文摘录,42,bf3640fa0e39d2912f11b9eb76a2c26e9d8c0f93d46855de549cfbc8e0be53d7,e537cee581afb0b20e72414960f6c6cb5e1f7f9e6ca09009926a19ad3fd8f1ae,,0,,
750,749,中山大学肿瘤防治中心,王英男,https://www.sysucc.org.cn/node/10437,详情正文摘录,42,3353ea8788f301f358e5c5d77d158f40b6ed3a780a58364d78f91761b14b7ad4,bba6a9dea259c8964f926e15d9f2b4f99215ff2a2587736bf4a9570aa9808f7a,,0,,
751,750,中山大学肿瘤防治中心,王钊,https://www.sysucc.org.cn/node/8017,详情正文摘录,41,c4a917ac74ceda620ecf75e99c65a6c4917c94aa1d88f20ea7be060cab858641,1bdfe546e2044066a9ea50eb7a2852b1701785bf5202967d74c2c6faffce474a,,0,,
753,752,中山大学肿瘤防治中心,田小朋,https://www.sysucc.org.cn/node/1521,详情正文摘录,42,05e306aa1d2baa3ae51aaccdb77eef725889e6d0b3d404654dd4da069f900cda,1266e31931c25f2f0c88d5c46581274c7ba85b9205d56e17307258b6965aac88,,0,,
754,753,中山大学肿瘤防治中心,白冰,https://www.sysucc.org.cn/node/1518,详情正文摘录,41,359e2a8a04c7669fc67190fd75a244d4df9816af42864ccdedf4893df15883ba,f8459993abbe0d3ab86f1fb640a5588e1300811b7ac72e44cb193c18a06f4f9f,,0,,
755,754,中山大学肿瘤防治中心,聂蔓,https://www.sysucc.org.cn/node/1638,详情正文摘录,41,95ab2159ed22b5a758cc2acdfa28faab689c807d28f76908ad9b7a33e2bec555,8fd074a19faa765a554097be9fa86e9b36a030a87ec31bcb8111dd1e28dc49b4,,0,,
757,756,中山大学肿瘤防治中心,薛聪,https://www.sysucc.org.cn/node/1507,详情正文摘录,41,6d7d535e4a645b627923e515f39ca761e9387b654383fb82080c15951ba31c72,1cc54218b22b652670e1594f4ca6f34bdafb3ff434e576e3e804c188dd4f5e43,医生画像仓库/01_试点医院/中山大学肿瘤防治中心/薛聪.md,1,8a237559abfeac898efe42e5928eabf1948540e0e5511d0cc54b2756c02b068c,55d6f6e2fb2d9b91971e6871014b90fd2e4ecf1baa32eec5a5aaa782dc47145a
759,758,中山大学肿瘤防治中心,赵媛媛,https://www.sysucc.org.cn/node/1499,详情正文摘录,42,aff6765ccee970e5a2ac68f3929f95cc648dcfda8462ba561fc39e3494f2f3a8,1ca640f75e55a8bedfee44163ed066f18fcd0683035acc606977cb12224e8929,,0,,
760,759,中山大学肿瘤防治中心,赵珅,https://www.sysucc.org.cn/node/1522,详情正文摘录,41,4b5551c4e594ff41492b8c26a4b026dbc9449ee44d0b9baa0a933a102acadb34,9e1bf564f9e3d7b1ea0b5b4799a10b22da5bc9326ee34bd2ecaa963bbe7b577c,医生画像仓库/01_试点医院/中山大学肿瘤防治中心/赵珅.md,1,ebce048521ebbd78f3a7097e8306c9188b62529720a26646e3f16964dde85eea,95f6688981561a3b7064fe9ea01352538f2bfd2588622a68ffe23fa94fa57536
761,760,中山大学肿瘤防治中心,邱妙珍,https://www.sysucc.org.cn/node/1502,详情正文摘录,42,dac2a3b833abb4b232ca6ac079e9526101b7c8774cf4b6da9f6834832d1f90be,7ed05b0cb586976e5fe13ec27b5ce9db765afcdde3037736413784872a4285eb,,0,,
763,762,中山大学肿瘤防治中心,金颖,https://www.sysucc.org.cn/node/1514,详情正文摘录,41,412efd626954c8199edc259662f34324bcf9fcc9c6bcef5ed958c3ab22a21259,96cde52a9e70ff33f4ab6058702a44d35184ed1cb70218f202d2e95edce0b911,,0,,
764,763,中山大学肿瘤防治中心,陈丽昆,https://www.sysucc.org.cn/node/1480,详情正文摘录,42,e4ee1cb46a4030a4e6eb0dd9703f17b2319eea34c0752b4786ebe7e06d65b6cf,be4d3550bc6ec14593c0f6c69e8b2dddc9bdd4b7fdf460fb82a5327fe8bfaffe,,0,,
765,764,中山大学肿瘤防治中心,陈港,https://www.sysucc.org.cn/node/1633,详情正文摘录,41,40287ad9862ba39119c94c2cbb90be1b4999efe6a0bee8e83904da4672075197,43c6d00ef9d664259da0435a15a1e20a9c434196f4452ad5ff0557a3d4493241,,0,,
768,767,中山大学肿瘤防治中心,高岩,https://www.sysucc.org.cn/node/6442,详情正文摘录,41,02cb463dc86fa62e12c508858fa80a04f245ddb4153521fe789d96b6fa8d2fe1,38d7c67fd123e3e7721506eac2e20b351590d6d51bcdc44e36c89805d70abf4a,,0,,
769,768,中山大学肿瘤防治中心,魏小丽,https://www.sysucc.org.cn/node/1512,详情正文摘录,42,40ca8bc5d7ac3fcb71bde08a9cbf504655831507c3f0b3cfb3a19b7f609d063d,6b0c47e587246234365aadafe539e4884fa5648f2682a53f368fe8cfd128eda1,,0,,
770,769,中山大学肿瘤防治中心,黄嘉佳,https://www.sysucc.org.cn/node/1497,详情正文摘录,42,20acc3030e8fdfc067d703de0428ea7128fac55e8cdb1f9edcddcf8beb44cab9,3d05f19d7d38067df293b9eead250cb657620201b073c9350989a7f59e09d568,,0,,
771,770,中山大学肿瘤防治中心,黄岩,https://www.sysucc.org.cn/node/1486,详情正文摘录,41,e6f5e4978b316f8ca2832c65db87acaf7b17492e715ac4bc6ea5ade6c4cf8527,265cb446ed14d96144b086c5a9470fae6c136da9e82cfef7e4234dccfed87e18,,0,,
773,772,中山大学肿瘤防治中心,黄河,https://www.sysucc.org.cn/node/1493,详情正文摘录,41,53ba69eafdafc3c6ec997e8cb7febd5069746d5295d270f29cd67c863acb7433,434431e13f3a06e01a28120cacf550fcdecc0517efc320d8d0da56035ec7e025,医生画像仓库/01_试点医院/中山大学肿瘤防治中心/黄河.md,1,80c527ec8769adf527304a2c5865426301f0f1182e7b64803c58ea4497b8d644,8a636838b1e5769eb68f1cd8007585a12c39cd709542badb0c94c8b565447d5c
774,773,中山大学肿瘤防治中心,单宏波,https://www.sysucc.org.cn/node/3908,详情正文摘录,43,4beca3ee41412c50d3f6abec6850e01d4b56b31326fbb68fd302f9ccbe577ce0,6b797fc6cf4d6a4ba9b117f52881eddb1e553c0fb8b862fca13002ba3fe0a744,,0,,
775,774,中山大学肿瘤防治中心,张蓉,https://www.sysucc.org.cn/node/3907,详情正文摘录,42,d7b3a0cc4ff205f5ffdada9a9cd04953621ab0544e0d148f35257f507e8f99fd,89b568850026191d66752a02a52f3c968d970105d8496359acb193a08d4d350b,,0,,
776,775,中山大学肿瘤防治中心,徐国良,https://www.sysucc.org.cn/node/3905,详情正文摘录,43,5021d4ed88ac057d4d380a52f775c1a9d1119443cf6c86d5a9c45c6fa3103f20,14906fc4d31e7824e1605485ebdb0110d5d62d832fbeae192fe9f2777256dc6e,,0,,
777,776,中山大学肿瘤防治中心,李茵,https://www.sysucc.org.cn/node/3911,详情正文摘录,42,4dbe7aa5af596fce3c9225fbd8383d9a73ea221fa0642f3cc46007a34dfdfb1f,1e3010aae2444cb830229158087562743c85edad1755ebfa3ba65957da8a83a0,,0,,
778,777,中山大学肿瘤防治中心,林世永,https://www.sysucc.org.cn/node/3915,详情正文摘录,43,b2f393f85aad38598e35286b199de63b39c9ead2cdb14a060faeebafc9597564,920d595b541c552cff17a66dc5f43606b4199970ae81ca0c3d3ab8ab84087c65,,0,,
779,778,中山大学肿瘤防治中心,王国宝,https://www.sysucc.org.cn/node/3912,详情正文摘录,43,9acf88d953a55b71f58deeb2484953b0df1f08ebece15ba8c6afe4a12f41f241,df07282b83c7be7ecfe0f0cb07ce988cd0e6b4a4ad42f9cc785b33f89dd8f2b0,,0,,
780,779,中山大学肿瘤防治中心,白坤昊,https://www.sysucc.org.cn/node/3921,详情正文摘录,43,c6d6240eadd86a43b023bdc3ee5380245c6a731acdadd831d3b1cff8054cd4c6,50bd81db7e454a2fb8c11b72648b81f3755825c9d4eb02894e52410bdcf609bb,,0,,
781,780,中山大学肿瘤防治中心,罗广裕,https://www.sysucc.org.cn/node/3909,详情正文摘录,43,cc7bd80ff649d0c8bd25ba9e5d89dfb7c4612e62b57fb0f53cef639cd5f0c440,746cd13433b3b7f975da8e9b3f11e688e2288af27f53a1af211e629f77418caa,,0,,
782,781,中山大学肿瘤防治中心,贺龙君,https://www.sysucc.org.cn/node/3914,详情正文摘录,43,21108b97c45a2c4f19c6b41de1d618e40374f674883faf63c6b8f7658870d8df,88833d646ee30154fbaf0a101b06a5fa5a1cffb931ad7efc5ced2308261d6950,医生画像仓库/01_试点医院/中山大学肿瘤防治中心/贺龙君.md,1,4f6e034bb1a3b0626cab022d5125750a17172f8674a9ca1bc7e1e6ea63912a07,ca9d8238725f0e0c9d12cc42f0171872b6d1ec5810743fbbc5e7db00bff253f5
783,782,中山大学肿瘤防治中心,高晓燕,https://www.sysucc.org.cn/node/3910,详情正文摘录,43,4144200536fef12ecf21f92110ffec30d9d08fae13b5ddaff88af13a3659d504,3f81879c14076796f13cb003b8886ebcd22e677a71cd06e44037cf70a9b8c425,,0,,
784,783,中山大学肿瘤防治中心,黄春雨,https://www.sysucc.org.cn/node/3913,详情正文摘录,43,7cdcd9a534cdf8f67ab0417a209e4042de30f9677f77c8af2116dfd05612af0e,978ad0857c5a8e0cc77edf641f79d50587a8b878cd1c21acae7ba3efb5779fe0,医生画像仓库/01_试点医院/中山大学肿瘤防治中心/黄春雨.md,1,513c055f031883ea4e587fb7ecadd5bd089fc346a79dbb868600ae9ac7d15f06,3c3a0aa00c764790f55b169f22124912fd3bcdb11a99d8f380ad79a997be9abe
785,784,中山大学肿瘤防治中心,黎建军,https://www.sysucc.org.cn/node/3906,详情正文摘录,43,bcb955a04d56403a3d714aa0ef427486e987308ea9df620348bc278e99334bca,1c2835e55c65bb3f53822313261e0505bb793f210f6eb93436c33e9f565ef787,医生画像仓库/01_试点医院/中山大学肿瘤防治中心/黎建军.md,1,fb0da5806f6156898154fdd5c753c0fc80de28d319a39eb691ac5277755b536a,0de8ba257b9168e00d727cef95125cfd4a1da3d2ac5746443c5ad6f330ebcce8
786,785,中山大学肿瘤防治中心,刘学奎,https://www.sysucc.org.cn/node/3598,详情正文摘录,43,8811abeb846cd74c1f24a5fff5607e6f852ca0f90cbe7df81d32474e00319b03,ec4db80e85e4041d2e6d5a93379a13fec3fdc21714eec2ba5a28b0aa60604250,,0,,
787,786,中山大学肿瘤防治中心,刘巍巍,https://www.sysucc.org.cn/node/3601,详情正文摘录,43,f3e325ca0d1cd345418007a5a626400eef63678f04d9b8764235cf5f1107299f,ea420d27a67c903be2b999ae6296a0f3a3447505996eaef5b28cd2b20b45cde8,,0,,
788,787,中山大学肿瘤防治中心,吴桐,https://www.sysucc.org.cn/node/10098,详情正文摘录,42,8dc1a1f6af3740a60b8f931105fcd6a3aeaf1e74fe5b232908b68d0444619c17,cb84ef2afea0e3a21ccdab34f8cb4554410b13884076520425588610cfcdb6b6,,0,,
789,788,中山大学肿瘤防治中心,吴迪,https://www.sysucc.org.cn/node/8172,详情正文摘录,42,dd1367c8ee1237c6f1b061346c35cb693c175d11699c03039fa6c07a209406ea,70e1493bfc7fd96b1b860658959536596482545999e672ed29aeef4f46277963,,0,,
790,789,中山大学肿瘤防治中心,宋明,https://www.sysucc.org.cn/node/3596,详情正文摘录,42,53a1fc9af41e2a1b07b1ddd2c34a29423df752da1481c3b74c28dc2740e732a7,a2ec67b8768495446b8721cc84e1ef143e30e325e4c2ca71a1a168e742df1851,医生画像仓库/01_试点医院/中山大学肿瘤防治中心/宋明.md,1,b43bf5dd7fb9d25117b0c7dcfe6222b4d13bb116d0ef3f2957e4458b953e04c9,5df1f49ae91e5ce9fc26fb85f66c3ffbf38ff66b99717853d4dfce630d9d913e
791,790,中山大学肿瘤防治中心,张诠,https://www.sysucc.org.cn/node/3595,详情正文摘录,42,c9fa4a025c2cb5db09716bbbf5c1d1af874acdd2508475d6219e6e88fb2c62c6,41b94ef04acaf535a08ad60b7ccb9b92503f156506ea8d5776a6d083b4f807e6,,0,,
792,791,中山大学肿瘤防治中心,李秋梨,https://www.sysucc.org.cn/node/3604,详情正文摘录,43,05eb141bd176ecb79b540b5bcae3745982e5df7cbf8a0985c56181510b645f34,0f202e0b383a09ff0a6b29a954b6584eaa30e344f6eb8ca8dfdd09aebcaab207,医生画像仓库/01_试点医院/中山大学肿瘤防治中心/李秋梨.md,1,6206d3e1aa33e6011a2471b59ee35b14c5a676639f6e5db04dc100b95971a156,58e46e34da0ad134e169f9afbecd0067a9a597118e1f0f23e6e5939b07e728f1
793,792,中山大学肿瘤防治中心,欧阳电,https://www.sysucc.org.cn/node/3603,详情正文摘录,43,42c8fad98806f01685a5b9acf2da273a106bd3f2092d24e5edacd89b6778bd6e,5f2fd93bd37097cdec4cb6b2f7381ac152dfb26eec751c2459f855a03e826f60,,0,,
794,793,中山大学肿瘤防治中心,苏旋,https://www.sysucc.org.cn/node/3606,详情正文摘录,42,7a27b401a67706e15a90da9ee6437b7399ca8b463eea4d5613e256092b83b372,bb0ad485882f2c99d34d00348200ac13340ec111a73dfbb9cf2237b7863d7e7c,,0,,
795,794,中山大学肿瘤防治中心,陈伟超,https://www.sysucc.org.cn/node/6447,详情正文摘录,43,0053b1e894220895bc8bbf2bf2d1f545d72326cd0b9c9ee43fe7d22f239aedb0,6e7b8aa2b7158e2736f4b1459bfbd6e46946ae6f5eeed08995ae010c4ee9cd94,,0,,
796,795,中山大学肿瘤防治中心,陈文宽,https://www.sysucc.org.cn/node/3600,详情正文摘录,43,4c9e438395d167e90b210d330ed03be9dbe615ec326c3613e040bf6335c584ed,7542e7a8fbf715f953fc7ed9ff85ec1cccd70e15a3a004f3014f0bfb9f775f63,,0,,
797,796,中山大学肿瘤防治中心,陈树伟,https://www.sysucc.org.cn/node/3605,详情正文摘录,43,e9e449ab3f940d691238ff7464e8eb8f571e21fe81a9af38b43eb07b27ea4ed4,cdb594e1d030671ebf427882c76fc5bfc6321c95c3017c367b8dbd0e40aaa0da,,0,,
798,797,中山大学肿瘤防治中心,陈艳峰,https://www.sysucc.org.cn/node/3602,详情正文摘录,43,6282e59359770b0d4ec8f95110b00475a410fe6f027b39a9675bbd19ee6118c0,491e856d901f1aae5d67d15e16950455c42cd324d94d3a3630324832256434f9,医生画像仓库/01_试点医院/中山大学肿瘤防治中心/陈艳峰.md,1,d5793ea0f8863f18e02c251ef2cadd01779a0bdd749d7c6f5de89aa7acf94ce4,3cb73c1c0e5aa53aea77bf8038fc507530663d5dd0e85728877640d5d1c6e6b8
799,798,中山大学肿瘤防治中心,杨安奎,https://www.sysucc.org.cn/node/3594,详情正文摘录,43,d8aa74ee0833902f3a6b5f284450311256419c8401047d6b6e6c66d4e9e03019,464089e5ca2b3be0748993ff431aa6cbe1a36d78d20ddbd5664cb412cb5b73b1,,0,,
800,799,中山大学肿瘤防治中心,郭朱明,https://www.sysucc.org.cn/node/3597,详情正文摘录,43,25cf3a76f211dbc62973aefe8ebc5a9cc3f9ab1d2570200a11e7199c8cbed47f,5afa1e35832abe7c956820ba702175f0efc0332b0099f0861ad60fde0bf2da28,,0,,
802,801,中山大学肿瘤防治中心,冯艳玲,https://www.sysucc.org.cn/node/3702,详情正文摘录,42,62d0920a5784312e95b863499c84e88e958ee50b37c62c7722065afcb1d0336b,7d07ee260970bcd739fa4a33193cfc1db386ea4ad5be619ad6698d046f5bb945,医生画像仓库/01_试点医院/中山大学肿瘤防治中心/冯艳玲.md,1,a8034e886fcaec4ecab15f67b745b1707bd1f90447f4eeea9a651baacf9c509f,aad7a5bea2c02cb5d6685a0c5800ef539a49f94d2f9e06ead0af7a6c7289612b
803,802,中山大学肿瘤防治中心,刘国臣,https://www.sysucc.org.cn/node/6445,详情正文摘录,42,0fd0b66e97a33655f4e8bcfd62829c0161d84b75abc6a0f715609048f475b7bf,f38d372620d9598680f431c5c06cb41d0b41aabe85993db1a697d0b74f45d724,,0,,
804,803,中山大学肿瘤防治中心,刘继红,https://www.sysucc.org.cn/node/3691,详情正文摘录,42,e5cdea8351bb555e13fa20d85d596f57738173850d4d8fdbc1448bcc9328e56c,f46812e7d7c23eca83a704a9737d70f894bf44a44c8cef0401298a469e66ecf4,,0,,
805,804,中山大学肿瘤防治中心,周云,https://www.sysucc.org.cn/node/7358,详情正文摘录,41,11bd4de83023f7ef5ff6ec21771853dce42b0cb328761e5b01c5fcfc98cef348,98d3291f30f04386b5b749d8262f99370d2b92cfc6427f41e10be10c3000ba15,,0,,
806,805,中山大学肿瘤防治中心,夏小燕,https://www.sysucc.org.cn/node/3701,详情正文摘录,42,ee3db4c16e4afe06cb37efef1879d20e3194b8e03ceeded906a4412f600aa514,3f81879c14076796f13cb003b8886ebcd22e677a71cd06e44037cf70a9b8c425,,0,,
807,806,中山大学肿瘤防治中心,孟一帆,https://www.sysucc.org.cn/node/10125,详情正文摘录,42,97bb368c92dd0251f0662f1a8200e369041938fdafbc9c8f20b331ddc78024e6,542aac07b7f94351225bd50a2207f3f2054c3eee97d9551ba12fcf09f299db86,,0,,
808,807,中山大学肿瘤防治中心,张彦娜,https://www.sysucc.org.cn/node/3695,详情正文摘录,42,9e81705a6c30c9e996216eb5a05807b92f610bfd155ca74b53cf4fed33f58d7b,b84121b2522c2ce6b99e0397829194ae4977c13695253ca847f441f55432acf5,,0,,
810,809,中山大学肿瘤防治中心,李艳芳,https://www.sysucc.org.cn/node/3693,详情正文摘录,42,d230f97ef465f78f520438b4d48a38debb9ab51c1fe2a50a2acd0b08b91edb30,da3e9541b64d68675058f77332cc1b51a2da4f743b03c169152785f98ce64121,医生画像仓库/01_试点医院/中山大学肿瘤防治中心/李艳芳.md,1,0770a384c22fcfbbcc8c830e70462fcb02f40aee61e169c343ff26455db820fc,96d679b0c7976e70550ca2bbaeac085ccab459ce232253ae9a65873acad2e027
811,810,中山大学肿瘤防治中心,杨帆,https://www.sysucc.org.cn/node/6901,详情正文摘录,41,3c696840711f5352a0abab40d0df457fccda12f980c9ceb5ad0847020416af38,95ead5fb44efce38278a19ef0b98835980c7acf9620784876d8443e823a6da2c,,0,,
812,811,中山大学肿瘤防治中心,涂画,https://www.sysucc.org.cn/node/3703,详情正文摘录,41,1687ccab8ee32d2eda6f377fa2daf68c607a7185e1ef730604dd682a9d59b361,e11dbb4a41a7b86fa5517c55953e58f16288d654f68bf5ad85b13812f219da3c,,0,,
813,812,中山大学肿瘤防治中心,熊樱,https://www.sysucc.org.cn/node/3696,详情正文摘录,41,4d398c660b456e317c50f62f19a7784b5310559021b2811fc283f9e3b524b7be,a5942963c9e54b8e9032df46e54b8f6d8ab935a0c19463a8526362d2c162ac80,,0,,
814,813,中山大学肿瘤防治中心,王寅,https://www.sysucc.org.cn/node/6900,详情正文摘录,41,4b967e4c0bf9f0f7380c1c5211596b179460214018dadcca5247aa47a3712025,862fd9e6f3a5346ed5b6291e4aea351b16c3857053e02151ebb860e4a6f9ecd6,,0,,
815,814,中山大学肿瘤防治中心,蓝春燕,https://www.sysucc.org.cn/node/3698,详情正文摘录,42,d86e099eb26e3d2a9dd08fe92ac448fbd6d169a3711711946edb4309be234907,6827950893f293803a79051f0e9ab5cc7e543ae54881c96cd47438d730763b8e,医生画像仓库/01_试点医院/中山大学肿瘤防治中心/蓝春燕.md,1,a4d657a98f2f8ef18d560b99c59ea8d78259fd0c374034fa2426589282fa4a46,6ba7d9604bc9b1e900191bbdb32e153e8a57743ba4a7fdb69b0142377041f776
816,815,中山大学肿瘤防治中心,蔡光瑶,https://www.sysucc.org.cn/node/11090,详情正文摘录,42,758caae95da6e1419e0272ec1997b5a553b1c65937060d3913f6528ed9e144fe,a90c3088564c9c0223d821e2e6e7d66016ea717fcc3f489a2c906c738dd44550,,0,,
817,816,中山大学肿瘤防治中心,郑敏,https://www.sysucc.org.cn/node/3694,详情正文摘录,41,7a00a0ac9cfd0e6e0c4e1b53c51b82ccbb24c707cb757ad194c9105798a8c68c,c4813678958e9cadb6c14ca632b75df4ff7df324dfadaa545733b3f775464aa0,医生画像仓库/01_试点医院/中山大学肿瘤防治中心/郑敏.md,1,47ca58daa00325ea8fd957910a88c39a02ffa581cf611888d4fb344833efa33b,0972dc27a763e3e876d2f369a19aa4e70478eeb32e50bc06b3e37331a76ba73f
818,817,中山大学肿瘤防治中心,顾海风,https://www.sysucc.org.cn/node/3705,详情正文摘录,42,8087a1b17ff4a35ef807f9e736199a02182ee1cfc4408356456108fead146686,14539cfeb08793af68d08fbb07bb80c4f3393bd258116d4191aa1fcbc5100cd3,医生画像仓库/01_试点医院/中山大学肿瘤防治中心/顾海风.md,1,86c37f4e6133143a49a0eb86fd06d4503ab5d464197aecc09bb01782dfcdde0a,0075aa914c3bffc105b2726339f175a9d640f1b03263eb4a65938a6ce69ea3f5
819,818,中山大学肿瘤防治中心,魏薇,https://www.sysucc.org.cn/node/8001,详情正文摘录,41,dc42da466ff544623390dafec879e4b76823b3d337b8d6f4a58ec03f1672ba0c,2fa6cbd98fbbb77795e5fd8aaffe6a150553ee0672aa7291fc30866241f25318,,0,,
820,819,中山大学肿瘤防治中心,黄欣,https://www.sysucc.org.cn/node/3697,详情正文摘录,41,91d65ef94a62b4043b010af96fe967c6591f4e2060c043fa2fe7a9225b701c35,18b8ad2da7694d190a1650ae4db9bdcd2db3964184ba1e61d8948027ff6b4c8c,,0,,
821,820,中山大学肿瘤防治中心,黄永文,https://www.sysucc.org.cn/node/3700,详情正文摘录,42,f8034e9e1f944cbd85a7f01114212606f36128702fc4c00601d12ae9c8812f87,2d68c44bcb9f39e163ee6fb5e002c994bff31e6575c066a5523291bf20c17614,,0,,
822,821,中山大学肿瘤防治中心,黄鹤,https://www.sysucc.org.cn/node/3699,详情正文摘录,41,fdd7326f14f2525b8ea2434927dee1a54278b174fc23f80f04c4f216ff5dc735,26edc24b0e1924a77a7419b984297f63bd2052ec29fdd3db3a50515bc74271f9,,0,,
823,822,中山大学肿瘤防治中心,廖振尔,https://www.sysucc.org.cn/node/3941,详情正文摘录,50,9e210cfea00edb46c574c5174a225b736bbe3b10fd20dab7b0c897bb5adcd578,cc1cfafc0eb9b7b3424717658773f89a500f64327a72a49915fd89b332a7a747,医生画像仓库/01_试点医院/中山大学肿瘤防治中心/廖振尔.md,1,db929210641699b6a311007fb6a3f0c76da5c1acca10f2a4766307f1c9ec41e4,1fb717613e6844bace238ff03d1460284bfa5a2451e8adea138a8a242aae7e6f
824,823,中山大学肿瘤防治中心,伍尧泮,https://www.sysucc.org.cn/node/3838,详情正文摘录,43,08b037831255521299868d580cbd14bbfbb3ebece2fb3ce9e865bf1a6437fa62,d6fb882ce1a3b1b3b211fe4737f304dce81bfbcb35b6fc531bba95095069e4c3,,0,,
825,824,中山大学肿瘤防治中心,何妮,https://www.sysucc.org.cn/node/3853,详情正文摘录,42,23dd71aa96e5e751888b175def0371966abfabd770bcf46a427183940459b262,d99ff5eeb7c8c9b1d98d78f53ae6c095ee0b2e4c2fc4a528a46e896048210a37,,0,,
826,825,中山大学肿瘤防治中心,刘立志,https://www.sysucc.org.cn/node/3841,详情正文摘录,43,6faafa527f51c2f89abd62023ca5531fe081a00c14e490120dc48d58aa1970fe,458c06f2d6220e3be7f2cc1137e1ea69bdc77528cb134920b7990fdef7886fe9,医生画像仓库/01_试点医院/中山大学肿瘤防治中心/刘立志.md,1,4bdcf53561688466f2dfb2b726c16e1d9adc73e506de01655c9e5a8ca3336323,4bbf21f938849e4bfa6acad8b581b4ab67bafd267e054e481280bee785aa46d6
827,826,中山大学肿瘤防治中心,卓水清,https://www.sysucc.org.cn/node/3852,详情正文摘录,43,59d4da316561d87c16e5be0fdd63dbe6a49287b806b869be461c376aa1f78a43,9d1b4afa726d9db7375151f41957b43c02a0234303b796dd1d5ece4e9d52bb76,医生画像仓库/01_试点医院/中山大学肿瘤防治中心/卓水清.md,1,77f5e914f46441ea239eb3897f2d7fda441c7a0906ea0c172c6e6680b1896699,7fa155c8eb58c19ed02d5533019160fa5e95c576e65dd46a04a6b8b6b1f1c41f
828,827,中山大学肿瘤防治中心,吕晓飞,https://www.sysucc.org.cn/node/3848,详情正文摘录,43,b506994f3dc6f2ba155231632e9e957eb57a5d0ed545e0f3473dc2a71c9c9948,8352ff3ff372e9592df46e88a2b08fb474e77a50f006f2d3b22ecacc64d16313,,0,,
829,828,中山大学肿瘤防治中心,张卫东,https://www.sysucc.org.cn/node/3842,详情正文摘录,43,1bb8be6d76df7e462edd5295a00d908d4b2d00cda3fa0409ed341778941c9336,660d44752e8d7f1fbff623448216e34127ba9b1cfb6bf776e4cecab6297fa887,医生画像仓库/01_试点医院/中山大学肿瘤防治中心/张卫东.md,1,d455b6fb2409e69bf3730f03536838dff017868507f580f9206e156798211a2d,83781b890fa98fc39a407e2bf5ca3ae26e6edd33abf0607ce752a35810ee4415
830,829,中山大学肿瘤防治中心,张嵘,https://www.sysucc.org.cn/node/3837,详情正文摘录,42,0bb1e1954c17f54c4230fa6068991cceb07440c6662f2f99f7c19d4791f569ee,d943f051a52436a96c52bbca8a87e59346a4e34a2a951fbd7fd7407de3b39c96,医生画像仓库/01_试点医院/中山大学肿瘤防治中心/张嵘.md,1,e29484734f23cf39f98b3a9faa7c835b28b93dc434b36a3ca5234652e0b7341d,7430e3c20706a4e84156e10a76ea7b988a93bd4934a1c5480930bb4d0d44e904
831,830,中山大学肿瘤防治中心,李琼,https://www.sysucc.org.cn/node/3854,详情正文摘录,42,c732fb75e75a808bb9cd2abefaee94024b1663ca367785016bada26c2e2ed775,d99ff5eeb7c8c9b1d98d78f53ae6c095ee0b2e4c2fc4a528a46e896048210a37,,0,,
832,831,中山大学肿瘤防治中心,李立,https://www.sysucc.org.cn/node/3840,详情正文摘录,42,57cfec1a3c806548bc33983ae6f4fe7ff94e97d022f9dfea201feed722762fb2,f1a1470a8b43203cc8003dea1c4af35d8656f6a7ffb0ec7b8c92ff669859abee,医生画像仓库/01_试点医院/中山大学肿瘤防治中心/李立.md,1,02c4ccd82e6b990318e002d5e0c895e27bc1d2772a265a9b1e5a59dfcae53cb9,c71a35a1db4ccc0dad460e2a8eeb05856688b2d7232e3a185cdee4e0b13fb128
833,832,中山大学肿瘤防治中心,李贻卓,https://www.sysucc.org.cn/node/3846,详情正文摘录,43,932d26c71676398959c95d6cc85b6b46a469bd549e4aeab6674f4db9911c309b,2effa1b522498dcf6a94836e0ba80920f52bc0e74ec6d7e56c7f3176ecdd92fc,,0,,
834,833,中山大学肿瘤防治中心,沈静娴,https://www.sysucc.org.cn/node/3843,详情正文摘录,43,048bbe85d6b47f17a5e4fe09d62a52fbf4b07f0263176a23d5698c7f47a548a8,8bbfdbfb38dc5e85005b6c84267961fd4cceb87b1a4e62f97b34719e61c41c75,医生画像仓库/01_试点医院/中山大学肿瘤防治中心/沈静娴.md,1,efe8afc785907c48713d65b8f17cd5befa8235545302bf26049318c297ef62c1,2c1f206ad8e19d43e8e3c7ed511f370d62e8b9acf32953e49d0a9a0e2dbefc5d
835,834,中山大学肿瘤防治中心,田丽,https://www.sysucc.org.cn/node/3851,详情正文摘录,42,0d585fa6cca655f46a8a0a6d982ee5e14c40de906d6fdcf6522ca107aa0ff8fb,6700e864539e94e98e53e6a8bf44e50c743bf746d84300a0811c72808fc36058,医生画像仓库/01_试点医院/中山大学肿瘤防治中心/田丽.md,1,5ac2221a5f934235d35af52de1f9a317a52c174d886dc3b1c11ba79f8713e058,8ddca4095a6af3892ce676ed292d709416fa40dcf38240a6ab74cfd6d2c02b7d
836,835,中山大学肿瘤防治中心,莫运仙,https://www.sysucc.org.cn/node/3849,详情正文摘录,43,86cb9fa4eb75f3aa372e118a8ccd5b6e04365bdc582c1ae03a17435612459555,d99ff5eeb7c8c9b1d98d78f53ae6c095ee0b2e4c2fc4a528a46e896048210a37,,0,,
838,837,中山大学肿瘤防治中心,蔡培强,https://www.sysucc.org.cn/node/3847,详情正文摘录,43,5b634021920ad54d30afe9e518daa91935fafc0932ea5c70ee52af7521709856,bebe0e258d0c1d93aa8361d36a49243f7d0143e3c05e4a50295726e1b1ef4699,医生画像仓库/01_试点医院/中山大学肿瘤防治中心/蔡培强.md,1,7a443e4287831f6cbb0b41bc34714d6290363a089777961b102c1b8860b9458a,94405986e5626e1e2d877f7a8ff953681ad7f449dd48db67d6a8be90ac96f0f8
839,838,中山大学肿瘤防治中心,谢传淼,https://www.sysucc.org.cn/node/3836,详情正文摘录,43,32c53fbb5a7e4112ad80072700971b6cbac89a5b8f1288e68898f309e2c744d2,fc4d5d434a6319edfb09a211618537a0d67115d3527bad0fd78c0090bf3459ab,,0,,
840,839,中山大学肿瘤防治中心,郑列,https://www.sysucc.org.cn/node/3844,详情正文摘录,42,224c21a251066e85c20a49ac5dc87589a6a2b8da1cdc44e59b604c659019d858,08cd9c70c048c7ce1c9066e749471428703b0809f47b9c10951831074f756780,,0,,
841,840,中山大学肿瘤防治中心,阮超美,https://www.sysucc.org.cn/node/3845,详情正文摘录,43,418caa66a108ba05f1a0ff5f9467fec10eb7f30bfc3ce67902ce1b495efc9f32,efd0f893d504cb6793f8b6a4036cd02bf86cc8fba39fc738ede136afd9775afe,,0,,
842,841,中山大学肿瘤防治中心,吕衍春,https://www.sysucc.org.cn/node/3839,详情正文摘录,43,327aac206461cb408ebd31ac7fb89218bd0de88a096723d2efd3582389903608,21c66bcc8ece32a008f9c71312a4f32fa92fa987fcd66ca8dbc6ef653ea5f042,医生画像仓库/01_试点医院/中山大学肿瘤防治中心/吕衍春.md,1,ed084a10a044fe2b606e03f7f5f60eb0d2a3945e378526252cc635af6d3626ad,6bd3cf0e1fb180af3d261f811182b1b4be357c16062e73f8eb6ada1df3d932da
843,842,中山大学肿瘤防治中心,吕宁,https://www.sysucc.org.cn/node/3759,详情正文摘录,46,32438a2315b7c62a91038311337ff2a3041e506b11121d3142f0dd513fe1554e,cead6d008799acc3eb6b656cbf72f38291cc3c2a7f069af84c2e9142a3041d7a,,0,,
844,843,中山大学肿瘤防治中心,吴沛宏,https://www.sysucc.org.cn/node/3750,详情正文摘录,47,ac7840f20f06346155b652bb8d2b4cb1aa8838921c8b89cdb26ce118395fa0b2,2578489d2601192ff267a9e92702c649bea4c818e22d78b71bb7c893875b1766,医生画像仓库/01_试点医院/中山大学肿瘤防治中心/吴沛宏.md,1,726de49c40e5abd7ad8c5f9728fa516f0c60491560da560c8387ea38b746a8ae,be5bc3f148b85d07106718c5af19cd4e6117821a55f5eaf51da161555e9a298b
845,844,中山大学肿瘤防治中心,左孟轩,https://www.sysucc.org.cn/node/5084,详情正文摘录,47,7f9415f99e76188955199e6ac1e2d4129a1807453de48683e89b87a93c21cda7,46f557317dab33f984ff3f4424bc51e8996493d5a16aaf95acff21ca41627d92,,0,,
846,845,中山大学肿瘤防治中心,张天奇,https://www.sysucc.org.cn/node/6471,详情正文摘录,47,9616b902928c52b8368ebec00fe6c85328d475ddd14b292a8e3bc1f994832c00,4063fc3545728b7260e2570066742fbe51fabefb4cb3850b6a7054e3a063aebc,,0,,
847,846,中山大学肿瘤防治中心,张福君,https://www.sysucc.org.cn/node/3752,详情正文摘录,47,52ddab703c379bd1154e4018dc5bcf0d5ebbe461d3a40c11d1174a2756954d3b,59bf7d0dfcedc17fee590fdb009eb1c066f2acd2f7d747f68c7c42c11203614b,医生画像仓库/01_试点医院/中山大学肿瘤防治中心/张福君.md,1,75ee799fa6219d9a5c9415f0b0e7636359f1ebd59b4f1061e86686ebe630d1ad,42c0baed5a7d9b785fbdbb207b57c1856a01c9eca34eb7959073f4f2e0e2b908
848,847,中山大学肿瘤防治中心,曹飞,https://www.sysucc.org.cn/node/8057,详情正文摘录,46,6b32a7184b83c080f8bc243c5d96153dba7b544654afa40f7f23e374cee219d9,4ed8c7143b2dec2024d80a880758519e4b765843428288abc921c96831457615,,0,,
849,848,中山大学肿瘤防治中心,李旺,https://www.sysucc.org.cn/node/3758,详情正文摘录,46,d37e1ae70bd0df9453e935756320a00389116d2b252a20058076aa8c6cd6d5d6,04863b8f7fd1dc9c238aa23f0b866fb249f3dde451e1b236d917a447bf0d6a61,,0,,
850,849,中山大学肿瘤防治中心,林乐涛,https://www.sysucc.org.cn/node/9135,详情正文摘录,47,5003601ad94e4ef4e668c150d6e8292297b1b1f56c7210dc3c119646d59bf2be,14bcbb038a9699495fade8fb11d060342f4c410f25ec0626f696ea566f677d04,,0,,
851,850,中山大学肿瘤防治中心,江艺泉,https://www.sysucc.org.cn/node/9772,详情正文摘录,47,5bf658e2a57138d612c385060e9756bc6fed609d963a99f970d48482082132eb,c85791594bee65348aa8378320a99a92975e63c1011d24329af42662b44f886c,,0,,
852,851,中山大学肿瘤防治中心,沈露俊,https://www.sysucc.org.cn/node/3760,详情正文摘录,47,cb8e60a93803872310e76ee08565050db191544cea49ef85f97b89cbba3fb099,9e9644c05b0ba8f9fd51b88e917584a3622aad7f4af821925db23554ec941969,医生画像仓库/01_试点医院/中山大学肿瘤防治中心/沈露俊.md,1,106291ba5260fb97a0266dcf163156a8d8246c3cb35542a48d12093c1b46f48a,820a504208036cc877e9f681c699803b5b8f31c349b6499358a3f7cbe3e6b312
853,852,中山大学肿瘤防治中心,范卫君,https://www.sysucc.org.cn/node/3753,详情正文摘录,47,6bd6a41fe1fce9f362dcbefcbfe46a54549fc379107451a283224f4f1c42424a,8f7b249c1e37abbec4ff133c23ddbd8aa92aee425b46820727afe0d016dcb6d4,医生画像仓库/01_试点医院/中山大学肿瘤防治中心/范卫君.md,1,c896e063f8b3ea4c3e5474f634c87f98be96c4c1ae5e2063d45dd3a47ab64285,19f2701a94e3d18d8ce790f975bac33776d99f7189dae916689b8c1990dcfd38
854,853,中山大学肿瘤防治中心,赵明,https://www.sysucc.org.cn/node/3754,详情正文摘录,46,abdb97844e75f685d663870e6b9edbe7a25e3527aeae9e3dd8177f7e09ab59d4,8f8a416b1154b99a1e39764f2165822363a254c2b29575391597c42df97f9616,,0,,
855,854,中山大学肿瘤防治中心,陈奇峰,https://www.sysucc.org.cn/node/10435,详情正文摘录,47,9b3cc0a4d9055f437bd973f9b0824cb78eeda181b37082bd1089b22a6355e4b1,8cd76a43fe64a0e2ff07ed4a85e45bcafc3720deacde665faf4b5f438e1cb007,,0,,
856,855,中山大学肿瘤防治中心,韩雪,https://www.sysucc.org.cn/node/12338,详情正文摘录,46,90c40b05afdb321fd138bb0dc0d4c026097a590ceb9d7cf325f3bbe3f8d692c4,fc66d3e952a7a65f4b745144ca369682b88dff69166da1421e1bb8c832d692ec,,0,,
857,856,中山大学肿瘤防治中心,高飞,https://www.sysucc.org.cn/node/3756,详情正文摘录,46,7b8159e705cb9a722cafd43fdb5052583fee666a431d53e71219ab35a861fda1,dee51fe0232fe03bdab2aae3287e7efdfb494e4055d2b1809762a38b7930f6a9,医生画像仓库/01_试点医院/中山大学肿瘤防治中心/高飞.md,1,93c0c1170ccfbcdb31052f15af91c3e3af6b02440bca25c89bff3dc93c589139,90dac9af461f90f832b5bd364d82ec1a92f317fa87a6d77423020a05a5e71681
858,857,中山大学肿瘤防治中心,黄子林,https://www.sysucc.org.cn/node/3755,详情正文摘录,47,12bbed539bc550f5baa0785c53e655921938c13a96ed5c4b71e5255b3c199a54,5f5c03b641150fd60e06b559e86b7e57508f65a58e09365d65fc3d9dd348f1ab,,0,,
859,858,中山大学肿瘤防治中心,黄职妹,https://www.sysucc.org.cn/node/3762,详情正文摘录,47,557e02a2fecaaca74cc92f1642e1a086bb9e91f0c0662f594ad930e4e842ed44,0134f7f9f5814d0c1efbdd8886e164b9ccc81298b873048b6a33344059c55d65,医生画像仓库/01_试点医院/中山大学肿瘤防治中心/黄职妹.md,1,81351eb3cc3456fc15f3ba45a7a77a07ffc344b40f0f9d28d076d1f8712a2236,b81bd3b1765b8c8cf6bdb808b566fce6fe45f022e4b03a5c0b80e430e93cadf9
860,859,中山大学肿瘤防治中心,黄金华,https://www.sysucc.org.cn/node/3751,详情正文摘录,47,dc3157f478b78e3c1c5c9784546403732138ccf3d70af002e5f236ad24cb0dc6,922554463bea5dbefd29d0241d20899f0424d51a85dcc6e27b24a12e01d5abbc,,0,,
861,860,中山大学肿瘤防治中心,何伟雄,https://www.sysucc.org.cn/node/3827,详情正文摘录,45,3fb2ee7c069ba57e806211139d19ca2a427fc5e7ac95bce0a0922624e47a4245,b3280def06a0bb8f304ae29f1f29fd27ec2d51c3b971469519e4042439ec7502,医生画像仓库/01_试点医院/中山大学肿瘤防治中心/何伟雄.md,1,ac3e1a4de6d49362ceee001843e8e493638b5624a56750ea8d1360e568731f7c,366757faf8d0fb4d76d109cefdedb028bd6a471e82a34ecfae6b9f4cf110ad19
862,861,中山大学肿瘤防治中心,卢雅立,https://www.sysucc.org.cn/node/3829,详情正文摘录,45,6a5a58f6d05af65601651315c5704e8ac69fb67f1669a35d86cd6c8572e55048,c035ba8f11c2ecf75a0848ab4bbcb3b63f226deb3997954c48f28633b23f1fd0,医生画像仓库/01_试点医院/中山大学肿瘤防治中心/卢雅立.md,2,6dc96c329943a19e6091acb9354bedd0377a2fcc016ef512796584350210b455,a149921f8af578c1e2f35d9e3be4bd9bd771be13f53fa5a93dcd2c0f3c3d2f41
863,862,中山大学肿瘤防治中心,操隆辉,https://www.sysucc.org.cn/node/3831,详情正文摘录,45,2ae226634618d00c13ad6cfd83a6948d7b05711613eaf637ab3b99e61e52a620,d762cc41175915bec87f65280d3caf261b37b7853031b730b3b5da07d709a57a,,0,,
864,863,中山大学肿瘤防治中心,曾维安,https://www.sysucc.org.cn/node/3817,详情正文摘录,45,0e0a785749fc82251389cfed2844d4a6a16564dde2f282e30c1355b909143f16,f524ea5738064734c5fbfb871d63430352764b16224f9b2061e3b61bdfb70523,,0,,
865,864,中山大学肿瘤防治中心,李伟,https://www.sysucc.org.cn/node/3818,详情正文摘录,44,3cfb59601d36e7358a3f0b6a42b5baeffcdf32afd32f2b73f51b168d2035e302,52a50a16f671ee65ce7a0d517f863039dd2521bcf36790c9b296a43b9e462869,医生画像仓库/01_试点医院/中山大学肿瘤防治中心/李伟.md,1,ccc13440b8e24a7ed663d2989a39b96f0901e2223fdbdacdb1cfcb66f9d44437,54074c83e2bf29bd757474f80740a5b1e4feb9c07538b1ec524030747ae1c63a
866,865,中山大学肿瘤防治中心,李强,https://www.sysucc.org.cn/node/3820,详情正文摘录,44,fad2711c8346794e567bbbca47c36e9328fbd4b97379065d38ccd959d25ab6cb,8b36aa706c60763b3443387760ebd715eb51e5e9304ec9da2fa40e74fc48d883,,0,,
867,866,中山大学肿瘤防治中心,李永春,https://www.sysucc.org.cn/node/12635,详情正文摘录,45,b25d7d84bb0cea9c2812df6ccb775389d63debf4d0fe38b29a7d864ef8cd0258,e830263af9d41f994bfaa2b8eb72143167ad9825d41463e0fcccb7e8afe3db18,,0,,
868,867,中山大学肿瘤防治中心,林文前,https://www.sysucc.org.cn/node/3819,详情正文摘录,45,602a647d55d85b2b05d4d61eb73dbc924af102e5fd297e3a5d09378301e00d81,9ca0d8dcacb054f7f3ca2e905a3b065faf381081c14d0b44621f6059f2f52b58,医生画像仓库/01_试点医院/中山大学肿瘤防治中心/林文前.md,1,9914b2421bf7bfa2a280226e685782a2f89c706c347ed4a0fe3a9fb29dd6b5f0,01f2b4055167fd6bce3d5b31d63e961237d861501dced9a85ef4654ef25529cc
870,869,中山大学肿瘤防治中心,温丽丽,https://www.sysucc.org.cn/node/3832,详情正文摘录,45,a2f549f4fe55251a493789e5da667fb8fb4dc5a47fe969a6aca9db5365e53f34,c31df6d7e867b87ca856d8f29276eef9b4b0522ef83014fd218cebd008a3eda6,医生画像仓库/01_试点医院/中山大学肿瘤防治中心/温丽丽.md,2,ded7de9b5ef0afc6a46030b799213c6fdfa205b78ade199c2520583d045a8531,4ae245f9bfec8f923e03e4eed9cd326d1423a172f6cacbd50ce6e84390f98ad3
871,870,中山大学肿瘤防治中心,王剑,https://www.sysucc.org.cn/node/3830,详情正文摘录,44,2cedb9cf6c6a875f6c6215bf6a0d173395d86ad4e651cce79885e20308a77a4a,564e4c0406c797f5d7aac4f33a7d81fa4d00dc5a48352cee5beb9f02e25ac88a,,0,,
872,871,中山大学肿瘤防治中心,王培宗,https://www.sysucc.org.cn/node/10591,详情正文摘录,45,6c1db12f49107946b4822e244e11efd2d4fa502913a07d3fb6937e798a3abbbe,01a02577117f01382dd82a15c83b9ddfa4f486bbd48351223bbad0d2056ee6da,,0,,
873,872,中山大学肿瘤防治中心,王旭东,https://www.sysucc.org.cn/node/3826,详情正文摘录,45,690051fce30a6bc7c534ab6d25762ea7d0cffe6813207f9d94f4ddf69d360542,38135b67b4f4c61eaff83451d0430e226fcdcb166f0f13c69f6e67707640df5b,医生画像仓库/01_试点医院/中山大学肿瘤防治中心/王旭东.md,1,ea0c95d14dd909d76dc30c7926d5b1c59ba9c7ed1a12f9ac7e88011eda4cc4f4,3ca3c17814ecddbd73cbf70a251d18de4c096351658200f8ceb5df06fbc20423
874,873,中山大学肿瘤防治中心,谢敬敦,https://www.sysucc.org.cn/node/3823,详情正文摘录,45,cad96a4e6c3fb7f0056f54092d321fd6225eee87814a81e8fdf4c7a097c7aa4d,feb693e2553be42e6e78bf7146e9cd3448ab8375cbf4e17a186f032f7b6979cf,,0,,
875,874,中山大学肿瘤防治中心,谢曼修,https://www.sysucc.org.cn/node/6861,详情正文摘录,45,9360a75d5070e310558dbdb3374c8efe3720c05bb42c0cd98381f285024a8888,4851b2bf6089e96cc3dab59b151a3f4e3291567c130856b7ccff01c91d1f4230,医生画像仓库/01_试点医院/中山大学肿瘤防治中心/谢曼修.md,1,844c6ad4d3acfc7f1240326cf4e8c4f768fe296ec431c829f119438af36b380a,96590721298c111ddd1d94144b68f2f122eed9a5bc0e674161856e4f6c6f34f3
876,875,中山大学肿瘤防治中心,谭红鹰,https://www.sysucc.org.cn/node/3828,详情正文摘录,45,3bdf6a4bdd4cc59c4940f973b764a653494445ee2eda6702a3d11f0d1a01075c,45742e0077a22e2f592234d23af58acb43a68aa889d65a31599a6e6cedc9827e,医生画像仓库/01_试点医院/中山大学肿瘤防治中心/谭红鹰.md,1,1dd1b3694c2605f05a05b14698b4a5a9e2d8f42fccf0d9369c65ac97fa9fa6e5,f315c97457f42e0289bd91b227ed5d183649cd4cc6c09840e304e821cc04c443
877,876,中山大学肿瘤防治中心,赖仁纯,https://www.sysucc.org.cn/node/3821,详情正文摘录,45,605f6b691847b90c9cf2660d0af63c133ee06a4e38bb24488a3a6b3c810483ed,5125f2893d54f33ebfb28a39f7baa02825c834df8b76ad11ff548d24c6086f08,,0,,
878,877,中山大学肿瘤防治中心,赖洁兰,https://www.sysucc.org.cn/node/3835,详情正文摘录,45,2529c1692cfb0e897c8a2e682cfd384a0709212a87929bff634975b21ab82294,db2ef3e7db52ad15787214fc89bccbad0fa28b55792b9574ab8fea92f3b6824b,医生画像仓库/01_试点医院/中山大学肿瘤防治中心/赖洁兰.md,1,98ad8182ce66c396e8607417950e5c672f8b4fd6d427a06a04081430b3054f6e,6e7445af0ee60113d578c6d70cc38113e8d7c029a625c7fec62185e8b7bf1dc8
879,878,中山大学肿瘤防治中心,邢蔚,https://www.sysucc.org.cn/node/3825,详情正文摘录,44,daf997195fcc1f31e97d959e7489fc094a4a2c17310d8dcb3780056e351b4e1b,9ca4e6a3090d7261a0ac7e97d0a0a5b1d84d762f8f84f5f1710af4aa1e00f3ab,医生画像仓库/01_试点医院/中山大学肿瘤防治中心/邢蔚.md,1,a0b69a92272e8a54468196a6b2537ccb42e86fb59b3d2d5a66ab1aabc0736bdd,cb1f036306f5cea1505927c7e6fc20b3103aa893d65c6e90b57448bc2b5e4287
880,879,中山大学肿瘤防治中心,郭娜,https://www.sysucc.org.cn/node/8377,详情正文摘录,44,5e7507dc299350c69c85ac1892f91b0d5d214a9984aab6c1d18b7c0794253327,7e84ead25b553254cc059ae5dd70d012fc3e5647bb67d1f1cdbc6e9cec6920f6,,0,,
881,880,中山大学肿瘤防治中心,钟伟强,https://www.sysucc.org.cn/node/6444,详情正文摘录,45,1856211063093354dca57ca1bf750b76b9536fc0d5469250b425c7659b190a82,a0e43fb52d3a627a518e2dd7e6ba88996e4efc5127336576962381c8dbd55d56,,0,,
882,881,中山大学肿瘤防治中心,陈东泰,https://www.sysucc.org.cn/node/3834,详情正文摘录,45,847c371b6ea7e4afff332643f501f0ec8b1fb79a33882daf114eda18205d0e88,43bc9e5fe6ab61a5c31ceb9fe53191048ed7b2ee6bec90df3e67c188e5d55e80,医生画像仓库/01_试点医院/中山大学肿瘤防治中心/陈东泰.md,1,0dda563299edd554562bfb1e7893bc8ebb2cffa87927e9af27373d5cc394a6da,e0e07b57ff29367f9a10973ac75b1e0b64108faa570e8899eaf45cc357b8fea4
883,882,中山大学肿瘤防治中心,黄婉,https://www.sysucc.org.cn/node/3824,详情正文摘录,44,3b3aeccb1ee7bb46d52f3e862efdc894afec564191532c55b1bb8b228165fa18,04bcf23dca02b31f8dd0e4a2b707c41a67f8fe4de05b931d44097871713527ce,,0,,
884,883,中山大学肿瘤防治中心,miRNA-...,https://www.sysucc.org.cn/node/1683,详情正文摘录,43,36510ddd9979a5cbfc43b2f2a42bccbe588b70bc62c2124eabcf58325238658b,1e7116855523cc7c76c39d31394a00a985e2235df51ed76803b69e9df003db95,医生画像仓库/01_试点医院/中山大学肿瘤防治中心/miRNA-.md,1,1102e85d0b09c8c844c81ebf9166cb2cba17da002ff847b222413e2e28e7114b,263100f4ae4ae2e40f5cc23889f727728dae5d5f706becf747920cb16e6d1800
885,884,中山大学肿瘤防治中心,习勉,https://www.sysucc.org.cn/node/1681,详情正文摘录,42,c62108ce2228ce33f2c8d967065530936b26c3bf9912f422b5a7ef162379f84c,efabbe2e6670fb8a8a20f24456ec69fadad564d12d9a4fe9e135276cf12624c9,,0,,
886,885,中山大学肿瘤防治中心,何振宇,https://www.sysucc.org.cn/node/1665,详情正文摘录,43,950a93b34650ae7cc3d82dc7c9ece7a5b32031adafa47d922c11868ff181661b,e45bb9371af5011fb92fe9b4131c25e6509de5939fb8f4e8c4ffb8dc3effdd20,,0,,
887,886,中山大学肿瘤防治中心,何立儒,https://www.sysucc.org.cn/node/1678,详情正文摘录,43,a3863db15c67ca87f7492df5a34b80e220970564ff8c9b90830a6346e7da73b9,96418eddafb6b7857f8d0fe6ae30230b8d130453fa6bab28f480df26987fdb2d,,0,,
888,887,中山大学肿瘤防治中心,刘孟忠,https://www.sysucc.org.cn/node/1662,详情正文摘录,43,ef103e73cc7f268c648c104b472df1a989fe1ec4681b29579b5de1c9cb93531c,e21d8403a7f19b164b2b3a14111e20737ddee2539d4ce2ca5ff9ff1c3d4edb5a,医生画像仓库/01_试点医院/中山大学肿瘤防治中心/刘孟忠.md,1,6de9d94f6388ff116eec6fac0cb11d69a19a06507ccf9cc4ae79b38800b07bd5,e69c522e8dfefbf641569afe931ce36734778834e55ae32a4baccaff22861689
889,888,中山大学肿瘤防治中心,刘慧,https://www.sysucc.org.cn/node/1658,详情正文摘录,45,74741f8331c8d664b33d43d0fc45f9868f94ff45472a008883a756bd1ed25f3b,6832f42d0f1a69d5981443ccfbd3cce07781edc77f1754bf92dbd6c68a6aab93,,0,,
890,889,中山大学肿瘤防治中心,刘方杰,https://www.sysucc.org.cn/node/8257,详情正文摘录,43,fc1f3a7a7555900279af4162ef15a73a91709ccd2d16666a80377b14a041e243,78c3bdfb9a228554714230892173855c8ce61e7ba7e82b452db6fb456320a18a,,0,,
891,890,中山大学肿瘤防治中心,刘施亮,https://www.sysucc.org.cn/node/1713,详情正文摘录,43,e3db3d2d5ec66e1445c32427563bab6e3c2ea8dc5e87fb7fe87e16bc724e3bb2,e46283dd7bbe4baaec3d032ec78f2fbcecd9b81c1479bf96829a558c58d16823,,0,,
892,891,中山大学肿瘤防治中心,刘洋,https://www.sysucc.org.cn/node/1723,详情正文摘录,42,7a3536b04a0c2e9c6e6e01df7ac754df7f9d03e3b2312d343cf3dcf8a0682cae,561e510ffa6c7bcb52fac89b418fad45fce88597bb2fd73f86aa4a5754ce3838,医生画像仓库/01_试点医院/中山大学肿瘤防治中心/刘洋.md,1,c94692c522f03972fe721cd19aec23f74da8ab2ea53268b7974e16a8cf742416,11c9ea9e88073c9e128c09e01be82eb82d6a089553e25932aba9c3060786eb20
893,892,中山大学肿瘤防治中心,刘睿奇,https://www.sysucc.org.cn/node/6216,详情正文摘录,43,4d6843ad58f7a30b59260f44a376e376f7ed7ec56e47434a85f60df0937a62c7,1b61bfa238a1bcb862c583abe26310cdc35e2fc384a0aaac5675135e0c200bef,医生画像仓库/01_试点医院/中山大学肿瘤防治中心/刘睿奇.md,1,5c5ee78e877d6f356bacd24853c5956467b52e8d1dc4719e1cfa1c762edf6e4e,c133ba38bc4a884272c226299b51b715b591ef47d2fe6e2522350fe156b8d7bf
894,893,中山大学肿瘤防治中心,刘红英,https://www.sysucc.org.cn/node/1691,详情正文摘录,43,ce2053083cd2c0cde1886bde8e5020a6473f44177f9cedd6663bf61760213237,e28ee94f39a88a3471c4e2d2c8290abf4d58f93fb6779edfefa9fde41eb44be9,,0,,
895,894,中山大学肿瘤防治中心,刘需,https://www.sysucc.org.cn/node/1722,详情正文摘录,42,9b074406ab4654787aa62cc1c9ce156ce9b0404921334792cf1b9f9c06967ee0,79a99f91c264c4e3e201d609370defca4eb093659c7bb31687e730ad905e45a0,,0,,
896,895,中山大学肿瘤防治中心,卢丽霞,https://www.sysucc.org.cn/node/1673,详情正文摘录,43,ac8e4be00d66a296d16c1c7879c513bf5acb4a02a89f5f07bd4a715c8cc839d3,f520811dbd3e59fc5cc19f44d1af7843401fd8e969a1ab3cf68cbbfa7d1a94b3,,0,,
897,896,中山大学肿瘤防治中心,叶伟军,https://www.sysucc.org.cn/node/1689,详情正文摘录,43,71220a39c0acd106c2ed8e442d4e5f6f58eea21bb0db0a96e4cfda88493375a9,de89720fa7742e0cec0189ae311aaba565380015fcd104b552428eececfbf461,医生画像仓库/01_试点医院/中山大学肿瘤防治中心/叶伟军.md,1,45318c3524d87023f07e042caf7a1882e019fef2dad14342924c20ad4ffeb594,d2a466e92e35e09b6d81ee4b2c26021f035096c7299f67c00cd574de9656eee9
898,897,中山大学肿瘤防治中心,吕佳蔚,https://www.sysucc.org.cn/node/9637,详情正文摘录,43,2d1405afbf7bac8b0658fcbdf24cc28dfb25e25e538ca12473ed89ef4b50ba85,2810e2a7fc9c85e8da67c686ddba7ce22afd0ff7586bcc5a5e872733e22de4e0,,0,,
899,898,中山大学肿瘤防治中心,吴少雄,https://www.sysucc.org.cn/node/1666,详情正文摘录,43,b92f8e2bd7e2c067ad3393655141529d54490a352bf58c6e40839aa53d688e0b,cec98766b8ee8bf143213358b7558831a1a0a5a7a1c69d86570f71b4d8eb140b,,0,,
900,899,中山大学肿瘤防治中心,周冠群,https://www.sysucc.org.cn/node/1718,详情正文摘录,43,f85b05fa04dc53a03532bca7229d2456fec99db6bdc0b5212b800a2a315aa852,7b2cc31afc6922d60b08b231280aa7920e4992f29ed54f35917d9c3c60968b64,医生画像仓库/01_试点医院/中山大学肿瘤防治中心/周冠群.md,2,77bfe2c143071aa5c2a31b62f9086611d747741caa3212255a71b68563377d48,f25ad5c4c9700598c74a47e9ddc812ae309acb9a909d96be4b16a4ab546628a8
901,900,中山大学肿瘤防治中心,唐玲珑,https://www.sysucc.org.cn/node/1677,详情正文摘录,43,a400794e8e2535fa29c2bfd1995ee68983b3dca226758b0b08f5a9c94bcb4d58,26e4c8097495c71591d1e344eb96f4116c87478e0601d963f99c2848a76054fa,医生画像仓库/01_试点医院/中山大学肿瘤防治中心/唐玲珑.md,1,80d1e8e245e527af78dc944f800be02ea40a1eb3c10bb26899f24d449ee274ea,b3157e2b8e8fc10848227f48ecb9e5aa7ebb5e255d175123c529ffc895be33c9
902,901,中山大学肿瘤防治中心,夏云飞,https://www.sysucc.org.cn/node/1656,详情正文摘录,43,c057b4aedb9e45f24319428d62a1356678edf39fd1e5d6923593c6c5618934c9,19055350126251cd0fbb976c2c5118255960bf8bc21c6a3c64c3331b7c22201d,,0,,
903,902,中山大学肿瘤防治中心,孙家媛,https://www.sysucc.org.cn/node/1701,详情正文摘录,43,3286f631c3290aa77aa50f1ee6f3e63a5eed2206779c58509f378613358a3c2f,d7809cc179561498c0312fd0ee92cbee96924e9e6c6642632cbd271f888bfc41,,0,,
904,903,中山大学肿瘤防治中心,孙颖,https://www.sysucc.org.cn/node/1654,详情正文摘录,42,a753333d95b2640cb5d7c06ed9934c10127a76a8706896eb45f9eda962ed615c,66c64221b4b6020104da2fb8e2335c6e731b1cc56d34b3907cb152ff865b1630,,0,,
905,904,中山大学肿瘤防治中心,常晖,https://www.sysucc.org.cn/node/1705,详情正文摘录,42,160a7828f983ccaff18448c2af2881195ad6289dad8eab9cdf6490a30bad7236,ba38db8b323adc7562626c501d2eb1d1733d176fcc48fd9540b34dd6297b7fa7,,0,,
906,905,中山大学肿瘤防治中心,张媛,https://www.sysucc.org.cn/node/6443,详情正文摘录,42,6863d26c68c7df74f3c69515307a4723de95532848ad6d80f8c49fcda142fb87,6a6d5cc7fdd4e4d41b900623733de912f814cd0edd8f684e3e452a418e809cbe,,0,,
907,906,中山大学肿瘤防治中心,徐骋,https://www.sysucc.org.cn/node/1716,详情正文摘录,42,f7a35a753f32f3fcf3fd69189fd230cf365657aedcf232094df1ded5db76e01c,3d6288d164a99b673f65839c4a63d4b59f9da5410a55c1970b99eeca2db6b23e,医生画像仓库/01_试点医院/中山大学肿瘤防治中心/徐骋.md,1,9fa256c5d65523598728a3792bc597b9c541eaafef7974a7e565d0168a962908,6a74e38eb310441510c477f9e7e2feaafcdb91cf7e81e2648434617b147c4ab9
908,907,中山大学肿瘤防治中心,曾智帆,https://www.sysucc.org.cn/node/1688,详情正文摘录,43,17600b2fb73a970e7b0699bbcc14609736699b5c535bad7de495b9df8dd4f057,3f81879c14076796f13cb003b8886ebcd22e677a71cd06e44037cf70a9b8c425,,0,,
909,908,中山大学肿瘤防治中心,李凤岩,https://www.sysucc.org.cn/node/1690,详情正文摘录,43,e1bb42161cc7e7dba37a008dcd8eceb702ea62892c284f803535258a71ef4797,5fe2bd64ee2de2979eb0117574125ce42a06c9458b1ca743aeeabb65805e68be,,0,,
910,909,中山大学肿瘤防治中心,李巧巧,https://www.sysucc.org.cn/node/1693,详情正文摘录,43,325f3d06a629353a796e89b6284b4ee74274b899ce736939a4576b4828b17578,426fdeae7b630e7452e09ff967029d8f6e6245b54bcdd78d13801212a5bd243a,,0,,
912,911,中山大学肿瘤防治中心,李绮雯,https://www.sysucc.org.cn/node/1702,详情正文摘录,43,4f39bdf95bda63cb805b151e7311f643d1eb21699715acfac7baab6739bc8917,3a02cc2765df9856ddef52dfc360b834d631e513f17b09a6f97f0f5647fd6a8d,,0,,
913,912,中山大学肿瘤防治中心,杜晓京,https://www.sysucc.org.cn/node/6349,详情正文摘录,43,52e12aebadc671406fc90fad506a7f76ae7772bc6714c2cd5e7d22819f447413,6f27da2d97af2561d21c2f8890c3cf0038cb913e173b0b50a209b77dda5cf3a1,,0,,
914,913,中山大学肿瘤防治中心,林丽,https://www.sysucc.org.cn/node/1712,详情正文摘录,42,8ebc835ff9bc3206d1a17e429235be2109f3e09ef01182638bb0a6a775c044d7,52d7c3dd7a07d1fd757a582992f2bc8f15ca65663c154bfa8eead3fb6c61ae71,,0,,
915,914,中山大学肿瘤防治中心,林焕新,https://www.sysucc.org.cn/node/1657,详情正文摘录,43,4cbe638674f1bd062492045ebd1e6ddf0522699552e14db7e36ae98414d42976,40c3888fd439ff0b3b223f1784b820c5c1524231ce09e1d78d69fa2c09aae2da,,0,,
916,915,中山大学肿瘤防治中心,欧阳普云,https://www.sysucc.org.cn/node/1724,详情正文摘录,44,b9206b61fa8d536bc35ef20904c73b94f268cb3fba07039c4ad693e329797e80,2cfd5575b3bcac2eb651f3cd8da066ec0550f6e3529b922626cd5e9a427af1c0,,0,,
917,916,中山大学肿瘤防治中心,欧阳翼,https://www.sysucc.org.cn/node/1714,详情正文摘录,43,9a128c1c9e55a8b403413a2620e45f4b17447d833f938061034cb586ad58b693,83f6f74b40bbf8f984c728d879bb9b029e558b0e9c709f3dc4caebe022175bbd,,0,,
918,917,中山大学肿瘤防治中心,毛燕萍,https://www.sysucc.org.cn/node/1679,详情正文摘录,43,76e1dbf1e882da811370e5765c8d355a729ab4c5e90e9e86608e381d2c7ed558,388425dc1aa45ad660407df1effb91a4c314b253f53536cd9a9a8d797458fda1,,0,,
919,918,中山大学肿瘤防治中心,王俏镟,https://www.sysucc.org.cn/node/6461,详情正文摘录,43,0b0e43d7540283af3360757f5425050899adbcb1ce8257d449f12435c2eab5dc,bded4513d9286ca40f3bc2803b043b71a93033f6e96e4f4b260feb55026ef64c,医生画像仓库/01_试点医院/中山大学肿瘤防治中心/王俏镟.md,1,4d1624c174b70bb989b3e643a386bb5f5598cf09d93f093c9cf69c0bea134986,d74137591446a28d4a1f19df506fa797a7652c32543f59f8d8aa4f14bc46d630
920,919,中山大学肿瘤防治中心,王大权,https://www.sysucc.org.cn/node/7470,详情正文摘录,43,a0913e99e0b48701b339149e73f73d842e1db11fe21d05576c6c3e28d3eb0f49,bc54b79a1435167b57cf578b09cc0dda30eab649cad76029114a5cf405243745,,0,,
921,920,中山大学肿瘤防治中心,祝喻甲,https://www.sysucc.org.cn/node/1700,详情正文摘录,43,9d9c07652c66a752c89d0066c3a8b9c0ac0a576e5a6af6c040e08e8016623ae6,66b1d21324f114f6d35cab3bbcb39bb546d1abf5252c90aa9e1085ba13f085d8,医生画像仓库/01_试点医院/中山大学肿瘤防治中心/祝喻甲.md,1,21580d407426a6e45c0f060fffd5c387afe386b16499669177b6247e34c0f27a,d5ada0729eddb62edeacadd1c6df1423c91fec090104d01fca15bab40125fa10
922,921,中山大学肿瘤防治中心,罗伟,https://www.sysucc.org.cn/node/1667,详情正文摘录,42,6f3a0e02d71003dbfa22b72a426b9055e87298b021fcb7719dd07f27a6e9128f,44eb71f4b206d40cf41c0585dd01a3dcdc95033bb9b19e8463d82bf2e61ba82d,,0,,
923,922,中山大学肿瘤防治中心,肖巍魏,https://www.sysucc.org.cn/node/1682,详情正文摘录,43,1fb12f401dbbb47a7e2fc62babbc9a41dc1694404be3e891ef673a2637e0336b,9ef2cc6ab2a5e64e5c97445d220f4c3f098d13743c7e3ed778c6d15a0b3949b6,,0,,
924,923,中山大学肿瘤防治中心,胡伟汉,https://www.sysucc.org.cn/node/1668,详情正文摘录,43,04ac3bbfb96ca56ec93600bb21d2dbdd5e50553621be418dbefa328d9fe9c8e9,d307294a929436d4a24903a25c6c73b40ea5c9bce0a6f090491f68037ddf4116,,0,,
925,924,中山大学肿瘤防治中心,胡永红,https://www.sysucc.org.cn/node/1671,详情正文摘录,43,0109dc7b6c79a78ce886bde0f77bf791edd0b6c3186c45c9b3ffe55147be1648,152c731ee69738aff7b69c3bd8fb85704750a5b4cc88e78c45363c4bebe1bb8a,医生画像仓库/01_试点医院/中山大学肿瘤防治中心/胡永红.md,1,2bc74db53e654fcf4aa3161f663838c671082ce61d36fa2c31c350c13122532b,6c3158c3d341c28a27e0e5271e0d27f9b36ea786160d07c00380318c225ba7e0
927,926,中山大学肿瘤防治中心,董百强,https://www.sysucc.org.cn/node/8486,详情正文摘录,43,3e5a172863a7ff2b29be4f79fe8fbc9329890277d645e454d4329a70a0c22833,2345bc04fb1cc3ddba4f89425ca0a4bd9734f8a2a13bb21b5a2e0c297f77c3ad,,0,,
928,927,中山大学肿瘤防治中心,蔡玲,https://www.sysucc.org.cn/node/1674,详情正文摘录,42,21d6896286cb9d613973ef7b43d47ba1a461f8a09b9e94430383bb6b8507313d,bb5ffba3a93da1f1752f62121d565c3ecb9e047da4fe3934625f953691a787c7,,0,,
929,928,中山大学肿瘤防治中心,谢方云,https://www.sysucc.org.cn/node/1663,详情正文摘录,43,35bb2b5197cd06fe630ef09ece8784894011192afbd3f643586308996a4d5ecb,de1c7d1e02d0eee9bd34e709bb547b3b5b12345561114f70b81c701994513c83,,0,,
930,929,中山大学肿瘤防治中心,赵磊,https://www.sysucc.org.cn/node/1717,详情正文摘录,42,2a8a6eeb50c996c331ba7845da4788d07717f0358408930109cfc4c9c5c9d026,8eb8ad2d6387f92ad7d53302f360466d367e5b845fa71db7c141e08bca7fe5b7,,0,,
931,930,中山大学肿瘤防治中心,邓美玲,https://www.sysucc.org.cn/node/1709,详情正文摘录,43,2685db4ca97c47e84ec5859a2f97e5a3a02b4b0c31d4a416a9ce11f75fa27bad,60a170ae1317fab6ec38b90daa0b717b2f5b880652748b2e23b03582066aaa55,,0,,
932,931,中山大学肿瘤防治中心,邱波,https://www.sysucc.org.cn/node/1715,详情正文摘录,42,77c03d5f627d0884b5d34541a3289a785e04bc1149eb6db21f3409f40394be6b,561a75a785c8cc4c75d1d31ec602ba934ad9fd98fed7a5eee6dc38c5f9d98cf1,,0,,
933,932,中山大学肿瘤防治中心,郭蕊,https://www.sysucc.org.cn/node/1710,详情正文摘录,42,973716dc0ec52da3c17d2fc812f44fdcce731439edbbee7ae113701c6e4d4598,fcf17ce154824bbcfd206cd255e59f5974dcd4ad552dd7612fec012403d1c6fb,医生画像仓库/01_试点医院/中山大学肿瘤防治中心/郭蕊.md,1,d00a45a46bd21074e89049fef97e46c19e6bf63842790940f6d5d49699d09058,6632860902aad6c9eb7308972bd43092ed33b96987cb9410e379a22c21c4609d
934,933,中山大学肿瘤防治中心,陈佛平,https://www.sysucc.org.cn/node/6455,详情正文摘录,43,e24c5e55bd5b56a3704cd2fb9e9da5b8b29831b4c33163d02cc2b902ab52b2f1,65735cf4bf7437bc726033f3297b3a2c89e4258da0c95bf0f4b6bbc7a76e9ef3,,0,,
935,934,中山大学肿瘤防治中心,陈凯,https://www.sysucc.org.cn/node/5764,详情正文摘录,42,bf7d927cbeb1961bfee8e874965502900a4ca3c5f028e6bc83ac3eca71601425,77fa7d3e428ab6c5c506b89d6367aa49d2f26fe05322e9ea2339c4edcd24ed25,,0,,
936,935,中山大学肿瘤防治中心,陈媛媛,https://www.sysucc.org.cn/node/1687,详情正文摘录,43,819b0f943e9b380aadf6df9450c7b265f0f8efaba78ff95b8aff74e6cb140d68,84afb152db4daab632c09eb3139ca67ddd728721bd72dea3d759663b3f2dd972,,0,,
937,936,中山大学肿瘤防治中心,陈宝清,https://www.sysucc.org.cn/node/1706,详情正文摘录,43,7902297000289e6aedfdf78624284c3928ac25b18c7921c6796483a78c32de09,9f80e7f61326421b6772067c18862f88ea6b8be2fdf6cea01f01ac4d5bc27b62,,0,,
938,937,中山大学肿瘤防治中心,陈明,https://www.sysucc.org.cn/node/1655,详情正文摘录,42,e1c7bc47b72c553504cd5e376846dd4ee51f7de49e77887c66bb82883ab68faa,af223130eaada1c192ecccd1d7a348e20341fb66bdb67589a7c688c71c75afa7,,0,,
939,938,中山大学肿瘤防治中心,陈春燕,https://www.sysucc.org.cn/node/1699,详情正文摘录,43,ed5767fea6a65065abf91c38b2dc746c448bc4313992e70836f318242bcdd5e5,729fa54bef4da73a1a387c8beb59dc18c4563239dd3b6194aa10de23a50e0a32,,0,,
940,939,中山大学肿瘤防治中心,陈晨,https://www.sysucc.org.cn/node/1720,详情正文摘录,42,aa889addc8fced9f4aad528dbafbc38b1c66682d73fbf34055dfad031aca5602,d87f6eadb727db70e00ea365c1e64f95e8559f91c1b76c230392b03f594c7de7,,0,,
941,940,中山大学肿瘤防治中心,陈磊,https://www.sysucc.org.cn/node/1707,详情正文摘录,42,8c128767e46f6f46094aa07c5b8f49c5f2d69cda8345a86b480104b62b9fd63e,4c4259cfd3593a0f9ba7a6ea61c3299c04e7a8d869628c494a9645d73c744f48,,0,,
942,941,中山大学肿瘤防治中心,陈雨沛,https://www.sysucc.org.cn/node/1708,详情正文摘录,43,0e1e926ddc5db98e421ea1071c5ad0cd91c011c2ba977e535bb0a39df7ba9519,7e7d35dad70347ffb552e40456049493dd7c796961d35b198abeaa18fc5d5270,医生画像仓库/01_试点医院/中山大学肿瘤防治中心/陈雨沛.md,1,716c4298e5c0092b57817889135db51a4996bc8f0cf4818995c34e3c0efce786,142829f6ca3fe2b29f92a1521d22b1f0facd7b0e04b826381be6323f2c3e7060
943,942,中山大学肿瘤防治中心,陶亚岚,https://www.sysucc.org.cn/node/1725,详情正文摘录,43,16897248a36c366197915158cf3f615e8078f0c5216404d24ff0942b1f71052c,2b61a1bc408f4daee0653328ebf986f1572aef3105fc7be74e7f7c9f42fd875d,,0,,
944,943,中山大学肿瘤防治中心,霍蓝青,https://www.sysucc.org.cn/node/8578,详情正文摘录,43,3e3062c0cb17a38e64610d72a4b88f543b686829067db4886dd6db298a052a39,a57ebef13e7826210502c675c8d2e49ccf9aae588c0d780a2764c4bec49ab989,,0,,
945,944,中山大学肿瘤防治中心,韩非,https://www.sysucc.org.cn/node/1670,详情正文摘录,42,d5670ce2ff1283ae8d16328e1e6e87aa31b601f140e1ecb570103fc4221cc465,cddbdc69c84d79f4d191d08bc1d37534aa4a8015c44d76aa10e9a6c568071517,,0,,
946,945,中山大学肿瘤防治中心,马骏,https://www.sysucc.org.cn/node/1653,详情正文摘录,42,777a34e64c7cd7b666da613e04487b328e1172fbdf431f35cd3c43d209e4fa9e,bc9edeb28f7c772c3f4703cdf43744f97481a516aeacc35e43b9ca088ec2556d,医生画像仓库/01_试点医院/中山大学肿瘤防治中心/马骏.md,1,05820463b246ea253f10533ee5ba915fdf38801b50b668c9be078fb0997bce83,b98117548c130603bca6aa78e940b953cb356d58add4ef86687b89a94e3982fd
947,946,中山大学肿瘤防治中心,高剑铭,https://www.sysucc.org.cn/node/1692,详情正文摘录,43,24ddbcf7d3df8c14ba76592f9831b4cf0a7574567591a0380b0eef4de5f1cd49,e2e9129871a173507ad189dfd21dc521b9989ab3f84771adcd18f43a927f35c5,,0,,
948,947,中山大学肿瘤防治中心,高远红,https://www.sysucc.org.cn/node/1659,详情正文摘录,43,3e1d9d3ab3699157c0c6ab2d80a29e9292b4d3d2490a48418758716d018ca884,2a63129f63d527705633812ebe059091c828fe42c17b6f60eb659b71516e97c1,医生画像仓库/01_试点医院/中山大学肿瘤防治中心/高远红.md,1,ee7b7a70278e5d97afc991eacbbd018637be0c65d9849199b8852a7b60bc1fe5,b032594cd299ff162e323639f6c1093fb2da93c6fd3e0cfacd87c903c0e94a36
949,948,中山大学肿瘤防治中心,黄晓丹,https://www.sysucc.org.cn/node/6666,详情正文摘录,43,ef522547a3e44db6a81a4e2c91247ecb88205cff2893e88bd28ea9daeae6552c,38138d52651a3965f94a6445007969e765289b7425246b28359cb2fcb3e718b5,,0,,
950,949,中山大学肿瘤防治中心,黄莹,https://www.sysucc.org.cn/node/1680,详情正文摘录,42,2e1b37dce6424df1e7342a357113ffa8235784612813bc68452768ca5e8b6259,0c90bd28d7022f5521b3dace5e04cf5de0f05b78df436fd1924600ee392c56c5,,0,,
951,950,中山大学肿瘤防治中心,邓婷,https://www.sysucc.org.cn/node/3706,详情正文摘录,41,e35e9d9b82f26851226633c2d6f1d0255f66134d28e8264c4f3add4072d7dfdc,03e1660764de60261efc1f8b675cd4965ba3c3f78208bb9c5b644a08ed61e512,,0,,
952,951,中山大学肿瘤防治中心,张伟光,https://www.sysucc.org.cn/node/3892,详情正文摘录,44,a3788422a2add8a56b9424e9cace988f3375233fd0fabe5dd69d1e9802259b70,b6402d2811834745d1ce4a8343fd547a2f30a2edf0344d81051a22fc7f0b48a6,医生画像仓库/01_试点医院/中山大学肿瘤防治中心/张伟光.md,1,577829b7f452befcfa721d89bd31e9b213cca971836b40d579646264b67994e8,dd61e6293e7a06a1977dc568fcf4446fe2cd6f3458de11ef9dad3d042a8b0108
953,952,中山大学肿瘤防治中心,林晓平,https://www.sysucc.org.cn/node/7556,详情正文摘录,44,17d049ff61da3e2f3900efa76fe424d0d72657ba43719fa9243cdcd39315c8c3,e1e2720dfa6e15e664b2fae295cc186f71dfa110d120112728518178978035c6,,0,,
954,953,中山大学肿瘤防治中心,樊卫,https://www.sysucc.org.cn/node/3890,详情正文摘录,43,42b444f9c4ea4aee4e203a450e0b34ded98c6219694af1932ef25af902f7014d,190caefbda54fb5862a3d8ce876713684f21556ec55af390d563e205f2e5c848,医生画像仓库/01_试点医院/中山大学肿瘤防治中心/樊卫.md,1,f526f77e8b9a8abe5a25ad79b2a04dc86c75d514a981a6919e6d48269c97a306,f84e221e9e364f46d8dc7ba047b0ae79765b8fbe4555f0ffa301f1fc6061cf7a
955,954,中山大学肿瘤防治中心,胡莹莹,https://www.sysucc.org.cn/node/8175,详情正文摘录,44,039595f4419dae80fb1b3925505cb651103146560dcd7df7e7977d8f77bdaf35,84e554d06d9a38c83acc4b93c4e59dd3bcc2ba7cc0fdd35d747a28ee22429115,,0,,
956,955,中山大学肿瘤防治中心,何霞,https://www.sysucc.org.cn/node/13431,详情正文摘录,42,186d4e2f21bf20f3076c3f01e87892fc87499935debc3bbedd402eed892fdc50,32a751e032aa95f7bbf8e3e8de20c82877942f75a546bdaf53564f31e8465abf,医生画像仓库/01_试点医院/中山大学肿瘤防治中心/何霞.md,1,d10de278431076d966c9a3b37bd3dacccac987d61576b2185fe67962c2a6024d,8747b4441f9c413dca1c0cb8b03811cc51188eb86e65ec8b20d9d04f8ade25c3
957,956,中山大学肿瘤防治中心,刘万里,https://www.sysucc.org.cn/node/3874,详情正文摘录,43,2b03380d4cfff1038163bfd2bdadd5c49e812744aa6c1c034f5cbd3d4838af48,95e5a03ef09f63bc8506c1254c9393531fcc8f666656ce755cf4bab95eddd77a,医生画像仓库/01_试点医院/中山大学肿瘤防治中心/刘万里.md,1,175e76305e1af740a6ea3fb9de7901406df4c64462b66e7913682645c6cd3719,7eaa26d18cb0d8cd13d105b69b779a9cdcd9ba2d34e22d8cd387650038e1fd96
958,957,中山大学肿瘤防治中心,刘晓华,https://www.sysucc.org.cn/node/3888,详情正文摘录,43,b58d4e45f6d1bca2265e342fb29f9efacc30f2c2c719c063626f0102ba84b69e,bf24087afa415ff0376431d6f7434835ce2322607fa2d97509c2ae60cd39caae,医生画像仓库/01_试点医院/中山大学肿瘤防治中心/刘晓华.md,1,a722e5bc3935f3d355fd589cdea9b24a4efb5742d43657adb5a45f4b1ba4deb1,a795f92a87a862920584a7484bc2135374955176cc60df1cb984a5b4ee7bd780
959,958,中山大学肿瘤防治中心,刘纹,https://www.sysucc.org.cn/node/3887,详情正文摘录,42,9da2d7d8d6188eed8df3d07ccabdb5c5755fa4d229d5456b05bc2d192db0e5de,10807c821b79bb7626caf0ea5dfc70bfd33d30748ea60642a5712a7a824007f0,医生画像仓库/01_试点医院/中山大学肿瘤防治中心/刘纹.md,1,0c500176acaa3debbba1a63c39629dc48966c8cc6b108d5ef7744fb8f304d806,058d3b298497820c780de5ae895192a292e95ade30483f30f95d86da61466f3d
960,959,中山大学肿瘤防治中心,吴兴平,https://www.sysucc.org.cn/node/3878,详情正文摘录,43,a41379a09fccd9a9c63f9b672f0c9966c492c3c74cf25b2faf6a767919c95c02,27b8205901a07cff076454b97c7349e4c8be24fb30a907dc0bde6609097072f5,医生画像仓库/01_试点医院/中山大学肿瘤防治中心/吴兴平.md,1,efef6cc605089320eb146064f708caef4ba3dd4c183a2f04d5a3335b5611d58a,9ad0d41c26c1e1b6900f9a87fc41137dcae191dd78c726910f5c5695bc20a843
961,960,中山大学肿瘤防治中心,张琳 学历 /学位： 博士（肿瘤学） Department （,https://www.sysucc.org.cn/node/3883,详情正文摘录,42,98277f5e18b965822f5217c1429f07a2ee95e2de289cea2bc8ddec7785198098,8c21941052006de3434cca954a7adf7b68b63b540772e9e6a8858cb1d8ec4812,医生画像仓库/01_试点医院/中山大学肿瘤防治中心/张琳.md,1,8a6d06688374d8bde9ae04810a8abaa21d452b3a70710631af80aed280dd5956,0a0b95c778350b301801c4e617380f9c3c05291d18e14938b51830b6f8d890ea
962,961,中山大学肿瘤防治中心,戴淑琴,https://www.sysucc.org.cn/node/3875,详情正文摘录,43,344ee148ec153f4f745133b0dc512c070b2631039434d14d691c4fa5882afd25,ad3319996909c76b6b6db45ee0a3151ee6ac634f1222ae8a0cf351f618f28483,,0,,
963,962,中山大学肿瘤防治中心,李健沛,https://www.sysucc.org.cn/node/3885,详情正文摘录,43,f1edd9149ccf63a0cd38506486f77eb77ee331f08962c28e2da5e7d48f542378,3aa373b4d02cc27aaf38f47a96a76673390f2d0a4eea4516ce6f4b01fa4389d3,医生画像仓库/01_试点医院/中山大学肿瘤防治中心/李健沛.md,1,bfdcabfc59b17c0280e12328e7c121cdaf8618df5cd202ebc3d09a2de8f2269c,8f5de0ea7880ce61e144fea2b3fef1e2f0db417b08968713aba08d8495f73581
964,963,中山大学肿瘤防治中心,林月好,https://www.sysucc.org.cn/node/3876,详情正文摘录,43,fce162fdc643ebdef307a26856fb82d52615ed43dad5a5b3427d94e599f6a497,b6402d2811834745d1ce4a8343fd547a2f30a2edf0344d81051a22fc7f0b48a6,医生画像仓库/01_试点医院/中山大学肿瘤防治中心/林月好.md,1,273c8c5ff3354cf952ebe3f355746f16c2d7a7c0eb3d0a0439f9a0844a5b7930,e02d63adc03ed9d35f356b7b64b1bd2550209045fd0c70036618968e4a36e2ad
965,964,中山大学肿瘤防治中心,池沛冬,https://www.sysucc.org.cn/node/3882,详情正文摘录,43,86f0b23e312578a1e8c40e009bf791d301dd7ba3fe8c2e9b69fa766971c58dc0,9cb61a2e4d3cca1974ea2c969137f0e8ad31f49ac20760b32da31660f467ca9e,医生画像仓库/01_试点医院/中山大学肿瘤防治中心/池沛冬.md,1,fd388aefd1ceab98454fb212de181678de7efff3abd00b617cc5cc7a81686861,acd7b99cf191e6d3d63a97933803ef902f0106048700be67842766634ad6d1e3
966,965,中山大学肿瘤防治中心,王雪萍,https://www.sysucc.org.cn/node/13430,详情正文摘录,43,da36946f9d69924bbd1a151db8d5ccb5b5df0e2c241cc540dc43043d8c380411,e428ecb918eb4cddf2d350338d4edf8bc11a359daa3c7f1ad90f03ae1462ce8b,医生画像仓库/01_试点医院/中山大学肿瘤防治中心/王雪萍.md,1,bd9770d9fa17b48195461703efd376c86b1b7d7fca3df25fdf3939a16783dfd4,e34a2cbe4710eb642d35aed6c09992935310deb9a7671c0a46a2102ea4439e6e
967,966,中山大学肿瘤防治中心,罗敏,https://www.sysucc.org.cn/node/12181,详情正文摘录,42,17dbaae51df5db3c1d3ed538f8d07aa4678e23e8c7ae6b5fac1f38787481eb5c,9e61fbeff0748b63fa242d134aace50adedb09e45b37edc86d95132e2d8bd1a3,医生画像仓库/01_试点医院/中山大学肿瘤防治中心/罗敏.md,2,bc0b18e7fef7ecd0b4edb75006bc915fdcb44faece2364fef01516d1cac78828,35ebb1bb8f0c3e97b9c9051fe3e325496178531a96b36e111967f6479b463d69
968,967,中山大学肿瘤防治中心,罗耀凌,https://www.sysucc.org.cn/node/3881,详情正文摘录,43,cf9964aa2a25d2f286d18a8f60a94ba299110ebfc714f2898ae4d6fc994b6e9f,b6402d2811834745d1ce4a8343fd547a2f30a2edf0344d81051a22fc7f0b48a6,医生画像仓库/01_试点医院/中山大学肿瘤防治中心/罗耀凌.md,1,92de1eb2fc686c817f2d902c7920dbb65541b08b0986e069af0477cca8c4611f,c76d25f6c2afdaad10d80f638e34b14a58a445e1d324966082ce23ac7292f013
969,968,中山大学肿瘤防治中心,邝妙欢,https://www.sysucc.org.cn/node/3879,详情正文摘录,43,3eb10006f70f5f9b6720d74d9f1a0c3c1a038a71aeb7afae05388d3e93bdd5be,b6402d2811834745d1ce4a8343fd547a2f30a2edf0344d81051a22fc7f0b48a6,医生画像仓库/01_试点医院/中山大学肿瘤防治中心/邝妙欢.md,1,8049174d1c291ddc4ea62dc146237d8b2c95491a0ee13f9f676bc1b7cfcbef7d,4aabf5c0fab438c71fdd5fb556513a709795b1dcb270a36dc5248c88dbe2d5be
970,969,中山大学肿瘤防治中心,邢珊,https://www.sysucc.org.cn/node/13429,详情正文摘录,42,e19d5cf323bd207dafe34597f6fb0721e3cfebf3ce246edd465e208d05b6f7b6,5c7fef562554d71c8e3eed765b88eccb5d89ab10ed36a626d029c6648c26ad00,医生画像仓库/01_试点医院/中山大学肿瘤防治中心/邢珊.md,1,8e551666791e8160faa8f15fcba183a3d2867bae7789de9e4d92b0143d0594a8,d4af4a428983178deb8ad99237ce8e1ec7b0c91c3e9e6af7cf2b7cf212349274
971,970,中山大学肿瘤防治中心,郑炘,https://www.sysucc.org.cn/node/3889,详情正文摘录,42,6cc3ae687fbe0201240a9d8b517052b08198ee74ed69c9ef36b8b8bd703fd395,4d8b4bac92468484e0c823f019925698a1c8746192959778a615b7a9c40e93e1,医生画像仓库/01_试点医院/中山大学肿瘤防治中心/郑炘.md,1,7f6272fbdbb1df116ab7a438854fd3a644a01ec51e5a66da940e48b68cd5efcf,faeaa9837363dd17d02a46d989d9ad77a4c00f5db5972674be6d7d74d7f9d4c1
972,971,中山大学肿瘤防治中心,钟茜,https://www.sysucc.org.cn/node/12088,详情正文摘录,42,c254f8c060855b221a47d2714c42def11c91770667f405923f16e2d7a3530b11,5cd6581154a00f2decd155112bc196f57c6f82a000764267e5d9a1ad85cd5219,医生画像仓库/01_试点医院/中山大学肿瘤防治中心/钟茜.md,1,040c85ecbf16d3e863c5824c93de6ea2fe1b711388e8cfc0a84195667acf2668,ea4fbfe8c06566c0e7f6f3d95a03efb704044cc69767abdcfc9d695e3a5806fd
973,972,中山大学肿瘤防治中心,陈树林,https://www.sysucc.org.cn/node/3886,详情正文摘录,43,06527b13e9b3125ce56aec16edf6c97cb8ef784745bc475e287da56b68d6cf6b,10807c821b79bb7626caf0ea5dfc70bfd33d30748ea60642a5712a7a824007f0,医生画像仓库/01_试点医院/中山大学肿瘤防治中心/陈树林.md,1,cb05bbd9edf33c27fda7f6470a46ab0fdf17f7d6e555f7fc5ee7ac8f323cf4a9,418473ca0241b0cad0aa0db352b0c2f65f5f773d6114149fcb985ceb1926941e
974,973,中山大学肿瘤防治中心,陈浩,https://www.sysucc.org.cn/node/3884,详情正文摘录,42,a76f3cf1f5e45b12f32118ff5ee6cb6a0e1c4e1d0aa2836e7f58040b54ab7545,b6402d2811834745d1ce4a8343fd547a2f30a2edf0344d81051a22fc7f0b48a6,医生画像仓库/01_试点医院/中山大学肿瘤防治中心/陈浩.md,1,ca725fb3d702f88112a2aa0dca05b7768ee118b96e619cbdc0d50759db2dfe70,9d9664cfab0b7ecfae85144f8342d68aa1374dca5c028f4f25bda48c2b8c4f7e
975,974,中山大学肿瘤防治中心,"BMI-1通过抑制PTEN表达，诱导膀胱癌细胞上皮间质化促进膀胱癌浸润转移的相关机制研究）（编号：81072101） （2011-2013年），为课题负责人 主编或编写专著： 1．《膀胱癌》广东科技出版社，2008年第1版，主要编写 2．《泌尿生殖系肿瘤外科手术图谱》人民卫生出版社，2013年第1版，参加编写， 发表论文: 第一作者或通讯作者： 1. 脐尿管癌14例临床分析. 癌症, 2008, (09),966-969. 2. 婴幼儿I期睾丸卵黄囊瘤的临床分析(附10例报告) 癌症, 2008,(11), 1226-1228. 3. 术中诊断无症状嗜铬细胞瘤的应急处理—附11例报告 癌症, 2008,(05),531-534. 4. 局限性肾癌保留肾单位手术治疗分析(附63例报告) 中国癌症杂志, 2008,(03),209-211. 5.存活素和血管内皮生长因子蛋白在肾上腺肿瘤中的表达及其临床意义.中华泌尿外科杂志, 2007， 28(Suppl),14-17. 6.膀胱癌组织中Bmi-1蛋白表达及其临床意义. 癌症， 2008，27（12）：1327-1330, . 7. 睾丸弥漫性大B细胞淋巴瘤临床及病理特点分析(附21例报告). 中国癌症杂志, 2009, (08),619-624. 8. Intra-arterial Chemotherapy Is Reliable in Preventing High-risk Superficial Bladder Cancer from Recurrence and Progression. Journal of Chemotherapy. 2009，21(6): 681-686 . 9. Expression of Bmi-1 is a Prognostic Marker in Bladder Cancer. BMC Cancer,2009， 9: 61-68 . 10．调强适形放疗治疗前列腺癌的临床疗效分析(附13例报告).现代泌尿外科杂志, 2011, (02), 108-111. 11. Clipping the extremity of ureter prior to nephroureterectomy is effective for preventing subsequent bladder recurrence after upper urinary tract urothelial carcinoma. Chin Med J (Engl).125(21):3821-6,2012. 12. Clinical Analysis of Management of Pediatric Testicular Germ Cell Tumors Urology.2012， 79(4): 892-7 . 13. The risk factors for the presence of pelvic lymph node metastasis in penile squamous cell carcinoma patients with inguinal lymph node dissection. World J Urol. 2013，(6):1519-24. 14 Intra-arterial chemotherapy with gemcitabine and cisplatin in locally advanced or recurrent squamous cell carcinoma of penis. Chinese Journal of Cancer. 2013，(11):619-23. 15. 手术治疗孤立性肾上腺转移瘤的疗效分析——附22例报告.新医学, 2013,(05),332-335. 第二、三作者及其他： 1.输尿管移行细胞癌术后膀胱复发的危险因素分析。南方医科大学学报，2012（04）:557-9. 更新时间：2014.3.17",https://www.sysucc.org.cn/node/3723,详情正文摘录,44,a08025e299d547edfed3442981ef7d8c7ceb6e249ded3fdd4b6d0bfbc9944973,b67490aa904fad96629aea67d4b1eaf122c5516627a5dac241fe60a2f7c423aa,,0,,
976,975,中山大学肿瘤防治中心,刘卓炜,https://www.sysucc.org.cn/node/3720,详情正文摘录,44,6810a2e383c7eabe0d058a9b531940c6eb2ae88dadb8d9dcd14aab0adc75b9cf,a0f492c44f9216ec4b9d098d87cab06a508b6f314042a2bfb61856bccd4ee391,,0,,
977,976,中山大学肿瘤防治中心,刘振华,https://www.sysucc.org.cn/node/9133,详情正文摘录,44,d8b71c0e826836382ff49447a854e43a2c025fef87ff0eb3996e123ba6bf04b4,284dd4bee317a681e203e1286d1252bbdd328bc1ae4475c8c4671f6847c321f9,,0,,
978,977,中山大学肿瘤防治中心,危文素,https://www.sysucc.org.cn/node/8772,详情正文摘录,44,1ec107a9a596a80e27987ba7b03d5d7a9f0de459c0deaa77d4b1e05e1e74c6d6,bf3aa086ba76406cf77687f923fa0a3f6a3388e80c8e4212399237a5d8bcbe3b,医生画像仓库/01_试点医院/中山大学肿瘤防治中心/危文素.md,1,63b825d0f9623917ba5e9e3ba30f6bfc9b8a2a62d37f7bdca9feb170c5704ad8,54c5ab7f7d73c7abea69ab10173e61b9a5be08a9c8a7817bc9bef6a0a3a7fa05
979,978,中山大学肿瘤防治中心,叶云林,https://www.sysucc.org.cn/node/3731,详情正文摘录,44,99b5df730e26bc03fae43e52ec4fc3788d99a2b700539c03b74aa4b866a833ca,b571c93e77ccd23fc4ee7afb2c20621b325b6a025794225dfaf3a252377383ac,,0,,
980,979,中山大学肿瘤防治中心,吴志明,https://www.sysucc.org.cn/node/3730,详情正文摘录,44,13358c9f4c7a589fdaa24784bb41323d7b299fff68f187fcc7b9401d2411bf99,7f1f1eff9b6d72295deaf5b981d10c6ffecc482a1946207c2d3d4b9da3923b7b,医生画像仓库/01_试点医院/中山大学肿瘤防治中心/吴志明.md,1,1af0312073eee373cd8a66507719f78370701f9b0af6a8abf19e1f6bc90536da,5b06b135c488a37f430813bd6c3cb83cf3dc4f4106fafab95c316257b3afe466
981,980,中山大学肿瘤防治中心,周芳坚,https://www.sysucc.org.cn/node/3721,详情正文摘录,44,6e74e8f05620fb0d2b3dc6bf125f66563837146b2d5c0525b25c8d5848cdae02,8ab5bf1cd65ec83c8df44a7f81f965b53504f834268b48e6b7d573c6bd95461d,,0,,
982,981,中山大学肿瘤防治中心,尧凯,https://www.sysucc.org.cn/node/3724,详情正文摘录,43,a5b1fc520d7fc294226a706946f13678ba4e928e8d85e75775e981595477bb85,1792d7f73db59f96b6e3536728767cb96e14dc54eab9f7cd5982cdff61d12831,医生画像仓库/01_试点医院/中山大学肿瘤防治中心/尧凯.md,1,78ed462df3b883e302844371ab143f006a2050f97495294c34c2986a522ceee7,d0d5a731a82c64b068c3adc74c43ae10fca446de5cf4521202df7c9109637502
983,982,中山大学肿瘤防治中心,张志凌,https://www.sysucc.org.cn/node/3726,详情正文摘录,44,3a3e388f449662ac7fa08bf71b3e3c4877bb396858986d48e35e3d036c527c24,c0b3e1b06aaa0daf1fac7a70a78367abd96c9ed87fd6c03d98f3aafc00ef9614,医生画像仓库/01_试点医院/中山大学肿瘤防治中心/张志凌.md,1,1431219aa06013f734a4435ecf8980d1d881ffa427b223547b7f1186dc572c01,5323cdccfceddb71c54951c5730ab002e3fe930097e0716b27f70bc419472520
984,983,中山大学肿瘤防治中心,李向东,https://www.sysucc.org.cn/node/3732,详情正文摘录,44,cf80ea3ef56160bf5b0d9c60c2bd09de7809395640f0c7264ea959bb2f99a6cb,c46ec8ef150ecb900dd9faaed1f8c1c6b66fa44ad682d3e885973b25400b783e,,0,,
985,984,中山大学肿瘤防治中心,李志勇,https://www.sysucc.org.cn/node/6437,详情正文摘录,44,39c72479b28c271147334d2fe2d832313b193f4b12acb6b0426c9d1c52d870f9,151ac56466598e0da71de7a51702e877a4cdc801ff0854494c6ca7c10f94a0f5,,0,,
986,985,中山大学肿瘤防治中心,李永红,https://www.sysucc.org.cn/node/3725,详情正文摘录,44,efcb35aa81010825c8b34b4bb0625f3d3ed2559ce36d95dafad7e19092f07967,4a7b8341fdb5053e0f85f3394bb4fa76fa537a7d7d31d61081ac312db549a6d0,,0,,
987,986,中山大学肿瘤防治中心,王骏,https://www.sysucc.org.cn/node/10096,详情正文摘录,43,cbac229bf0a77ad14ddde26d19f6940e18d59be2f233325ecf459d501e4caf70,5d144dccf82e4f450309f048f333c674fc59375cc147e24eb47aea1695aedd84,,0,,
988,987,中山大学肿瘤防治中心,董培,https://www.sysucc.org.cn/node/3728,详情正文摘录,43,0ba1f1c92b404e6209f2b05f335d4ae64cb7832304692fde6b6c0714e0cc8165,7746de3dbadbb1e38699210a394654109c3013ffd54585e81c8322c0c69100b5,医生画像仓库/01_试点医院/中山大学肿瘤防治中心/董培.md,1,37ffa3b91f7475767c35d6729aae04a1e3e08f2cb207f31a6688ba58f2f3158f,7a4afb40dd690417f3050cf5c1685fe4acedb79b16c7a15b099a096b68cf7239
989,988,中山大学肿瘤防治中心,蒋丽娟,https://www.sysucc.org.cn/node/3735,详情正文摘录,44,6cc051ce1794495bd6ab425d0a1ff4c11bcd3ca8f9fc82d79d2e0e7bb0236d3f,e361aa96268decbf3fb3cd933b7ab7880e4fc89085c0fe41dc40882c86c69b00,医生画像仓库/01_试点医院/中山大学肿瘤防治中心/蒋丽娟.md,1,6ebf00b8471dfc775a92d1472ea3b5a623389297f6f7c030b4ad1585954f80c5,b96d3aff1c28f2cffac7e29fc9a3a9a229f0e2c795ba87f9a6c70083eb86b0d1
990,989,中山大学肿瘤防治中心,郭胜杰,https://www.sysucc.org.cn/node/3729,详情正文摘录,44,e1dd27647b90faf7d14e206fbec5a9caa76f76fd25f3d45076aa5003725677b3,c9443881cb69f7127966bed6ebaadc94b000a65ae0d7812e4aad9fd20a21b071,医生画像仓库/01_试点医院/中山大学肿瘤防治中心/郭胜杰.md,1,b8a1208553bcd698a91a7ea918d299d6fd3bd365e01ab0095f131a56fab2a7cf,deab8491eab3ac25c12b22b9bc4273bacc4913632351078c1e1afe069dcc2330
991,990,中山大学肿瘤防治中心,陈东,https://www.sysucc.org.cn/node/3727,详情正文摘录,43,60a70caaf48f7a594437c796050fa5d1eb2179758448f55bbfac00baaf3d9088,c2a9f1ae0447e3bc8adfe6730a74222da463598337c5866feeb8e85a0cbd03d1,,0,,
992,991,中山大学肿瘤防治中心,韩辉,https://www.sysucc.org.cn/node/3722,详情正文摘录,43,292a5cb1e73993bbdd7c93aa86dc90e627bece5436790179564aa278ef160029,102475498186fc8dd8d592d6380a38f265eb7cdf029eaee91985a5641071aefd,医生画像仓库/01_试点医院/中山大学肿瘤防治中心/韩辉.md,1,d340ff54bad1c3dba364dacf1ca5293cd93596cd3b343ed862fc97a2d75819c0,c491ccf2755a82abd40855786ab2a3481d2ad874248d174f9ed17f4a55e1ceca
993,992,中山大学肿瘤防治中心,张湘衡,https://www.sysucc.org.cn/node/3711,详情正文摘录,44,a83c9f36043bc14aacd644fed3a010e3b7df12cc718118be25752f077d161ef6,11d67ca1db95d7b4165a781682b61555092d965c2b2e83d5594f2b2e60fbe858,,0,,
994,993,中山大学肿瘤防治中心,丁娅,https://www.sysucc.org.cn/node/3787,详情正文摘录,45,38d853bd9bf41e5b28e61b1cda1b4222f23bdb44d5550f1a950403f6abeb9711,13c7a4be4f0655b7a428b02ba0f077e3ba909cd831df64cb5ab13e5f8d6d6f47,医生画像仓库/01_试点医院/中山大学肿瘤防治中心/丁娅.md,1,364a5e6530e755a8378b2be9d0b6f46141bd77fd012a8ac5d94550df5d65d837,a76c15a5424c6701f9fc8e19ba7ffb127924f06701ab56323fa36407131c4011
995,994,中山大学肿瘤防治中心,夏建川,https://www.sysucc.org.cn/node/3781,详情正文摘录,46,82de64ab1db1c841815ce5c6f0a0c576e05e5a6412a398171ab01a933fb87c7f,48313175ed617cd1c2eef637590b73d6702a48c6b6ad0d628cd94d082ab7a280,医生画像仓库/01_试点医院/中山大学肿瘤防治中心/夏建川.md,1,dd6b76d36456c5edcdb426b04d585ad70b03543632692a82417b402f6f4a9b4d,06aa76ff9ac658afe1a35296460ae2a3bd9a43add71fe669d08c2dcba61ad18b
996,995,中山大学肿瘤防治中心,张星,https://www.sysucc.org.cn/node/3783,详情正文摘录,45,a419e441e6fed16afb2a3267351382553f539d4679bd7342e5aab54866402cc2,3bd430b77d3689d5058e82ffc3cbf6683106db44d6d3c3e5792bfec2d4b08002,医生画像仓库/01_试点医院/中山大学肿瘤防治中心/张星.md,1,d24fc5b6003655c5faf8685d6e607719cafac1186233cce931f50b4c20d9bc97,6bca904042760bd2351132bc52daa5616a46f70229d9180ac5b9bb111d6dd424
997,996,中山大学肿瘤防治中心,张晓实,https://www.sysucc.org.cn/node/3782,详情正文摘录,46,937e2ed325a16136f2e29f1d89415f76a37ae252bd43874a084481b358c1c634,99e66b45ae0c09e7b6d0b9af0dae554ae4b2bffd4d7096e717001912190829e4,,0,,
998,997,中山大学肿瘤防治中心,彭瑞清,https://www.sysucc.org.cn/node/3786,详情正文摘录,46,4b8874d6c8e8df7ad5eaeab7c16301ef5618dd173bda647db1551b8198a4d0e1,8da102a37f2f5f18980b28241ed35d5b46a5e5b9b4a765c67e9fc763b1955999,医生画像仓库/01_试点医院/中山大学肿瘤防治中心/彭瑞清.md,1,c9b73c0f5bfa3720f6bb8e9db0b7db06ff9c900c89b61abcb20ff97f9f7f0d5d,b7905ab4bc178f19df701f04f45fc6afc5f0af9f1e7de0703640fd4b4b25a5e2
999,998,中山大学肿瘤防治中心,文习之,https://www.sysucc.org.cn/node/3791,详情正文摘录,46,73f6a6e15d9057e18a8dc9651e5ee7e7bf2fead5ec3553c34e212c54fc34261f,bff7b27559f4e4168816b4b789c02c3fffbaecccf497bb53230fc69a7558bd98,医生画像仓库/01_试点医院/中山大学肿瘤防治中心/文习之.md,1,e5593157ef6adf01d2ad2e8c0d9d898c981730b785a96900b1de1cfa7e688e52,ae47369b5f32f5ee836121b70176dda36a27d89c21002eaa920a42ecd3ad3a1a
1000,999,中山大学肿瘤防治中心,李丹丹,https://www.sysucc.org.cn/node/3788,详情正文摘录,46,81032789a2feb44666f34b6333738c55ac584262970f31eab118445dc82bebe8,42020deef215a3bf5e90b0b04e3a1172c1f509dd4643dacabc2f2a44f8691f84,医生画像仓库/01_试点医院/中山大学肿瘤防治中心/李丹丹.md,1,f9f647856921abbcea58c8da209f626d6992bdc383fe0a20b9edcf2895fae1b0,3ecc7657b7bbb650f9125c5cf2757dea489c8df7f3261f9c2e5609fe19e81b70
1001,1000,中山大学肿瘤防治中心,李婧婧,https://www.sysucc.org.cn/node/5060,详情正文摘录,46,18ddb16ca215e4a7af950dd97730aa6421aba94618b39d468033569f90cad0f6,3c0e1ed4959777dea4dd61a5f0a094871c5b7fe4f146404b7991639c216a7953,医生画像仓库/01_试点医院/中山大学肿瘤防治中心/李婧婧.md,1,ad23e367a1c638e13529e6db12c7684e5d7a818d1d8fbca91500f422075631a6,ab9bb9516066eb650262029519cfaf4c339ffce021f359e24c75ac7c05b23b22
1002,1001,中山大学肿瘤防治中心,李疆,https://www.sysucc.org.cn/node/3784,详情正文摘录,45,2e1707d628dc9324561f0b051ba4ec089dd93ed4f897341e88dc0dad2c376820,bbf85003d6d07ad02cc5f4f19e123e777a1b91d645a85e3c09d91ad139225c52,医生画像仓库/01_试点医院/中山大学肿瘤防治中心/李疆.md,1,83795bc3ffcd2199ee7010e4a73b0f7b6567072423775321abd722aa6dc93f0b,6056a0b3722d914b701eb2b4f96e5d05f9f091723732ab4abd06ab104d2a1025
1003,1002,中山大学肿瘤防治中心,杨静,https://www.sysucc.org.cn/node/11362,详情正文摘录,45,8f25d96503998455570b9837b751f00e91447f571b4c19d12374378fadbdfbb0,2b08fc54454a26df13bd37b1c3c76a7f41e605a3709644da0958085320ebf280,,0,,
1004,1003,中山大学肿瘤防治中心,潘求忠,https://www.sysucc.org.cn/node/3790,详情正文摘录,46,c06556429ab7e697a2eb64c9202b2ed9ab25e3f48ecc29608e3ac30208ce2103,f439b60a71890f8e3f3f27dfb12506a08d655a0d76a41e8df63e948250d992e4,医生画像仓库/01_试点医院/中山大学肿瘤防治中心/潘求忠.md,1,2ff551233760d4960e48310ba2ee648d6cc96a9b9594c9ec477099ffba1865d5,a49db4e9d21b2c28853e0ce4d91075559bd8975f20e56a51b0ceb586a0e6fd55
1005,1004,中山大学肿瘤防治中心,翁德胜,https://www.sysucc.org.cn/node/3785,详情正文摘录,46,5f1b6aee77eefac84acc6438c94c07d5b7ec883641a2cadbf4fad1c4bd048411,0a819e81354b3a7d18737fb13bbd7a70a65749e40c4576766aa71cf779493c72,医生画像仓库/01_试点医院/中山大学肿瘤防治中心/翁德胜.md,1,038f6d46090cabd762ab8cbe5df040ef733244cd6d16912526f8b912e63b2a4c,9fe015531875eb18a35b0af2127b57a9fd3ee265d5f8444c9d73967a86f5fcdb
1006,1005,中山大学肿瘤防治中心,赵靖靖,https://www.sysucc.org.cn/node/3789,详情正文摘录,46,78ff1452da4e8bab5bd646987bf9c9e2bd8c25e540876f549e99cfa1331b14a3,3e8b8fec2f63a3c5e044f9559e85ba4075197b9d7d5ea3972918de0cca731faa,,0,,
1007,1006,中山大学肿瘤防治中心,郑利民,https://www.sysucc.org.cn/node/1542,详情正文摘录,53,cb83b30e5f0c2223da5c4b1fba46cbec350ff39babad44fcf8f3aa973c6d5119,9a90f9a2aa4a5b52e5c546b8cb65c6225b14cd6a972fa736aee0587380fdacf4,医生画像仓库/01_试点医院/中山大学肿瘤防治中心/郑利民.md,1,d4f2f6b9115855bfd443553da0cfc2d082618445cffe094a493940708f05bd5e,7ce7ae81267af4429331211fa41afbda0acd0aa2f5b97b2a6a6e5736a96741e3
1008,1007,中山大学肿瘤防治中心,云径平,https://www.sysucc.org.cn/node/3855,详情正文摘录,43,6c534e6e31920c4b5631d51c999de970d03844ec3c8bafb71af0d482a59e4f22,5191201690d2f7d0e30f99e771058638b3b66289cf8710d1de84f0afa9b3eab7,医生画像仓库/01_试点医院/中山大学肿瘤防治中心/云径平.md,1,8f8bd4a4143020548a9484a41a13fbbce97ebb94c6e12c62c0fe387d7cca7b04,75a29ba291a679df8beabc1f7d9fd8b8a7e961095fee41fe45e959f5e770f876
1009,1008,中山大学肿瘤防治中心,何洁华,https://www.sysucc.org.cn/node/3858,详情正文摘录,43,9a89a6985b84b43af8e2761e9d8b960eb0e361dcb71713e35cc26933fe558431,306b5fd8b79506db94f39290dbd7bb54dfc066603ffb59f5b9fdbdcb489dd3a3,医生画像仓库/01_试点医院/中山大学肿瘤防治中心/何洁华.md,1,d7f8326572d0d2b14c24923dc197d537bb9a0ed0d9204c4f911150e4a689a895,3f551f693babbb87ec40cedc16df2e884c34da7884abae8e84b6cfb649596513
1011,1010,中山大学肿瘤防治中心,刘莉莉,https://www.sysucc.org.cn/node/3869,详情正文摘录,43,72a4fd895a38f1a40220947693d0740d61e28748d05e8ae6ecb2ea19f14cccb1,d99ff5eeb7c8c9b1d98d78f53ae6c095ee0b2e4c2fc4a528a46e896048210a37,,0,,
1012,1011,中山大学肿瘤防治中心,向锦,https://www.sysucc.org.cn/node/3864,详情正文摘录,42,e54cde8ba0e236c323887645364472e2a027acd62d04dcae5609d7a2c92a668d,3f81879c14076796f13cb003b8886ebcd22e677a71cd06e44037cf70a9b8c425,,0,,
1013,1012,中山大学肿瘤防治中心,吴秋良,https://www.sysucc.org.cn/node/3859,详情正文摘录,43,78b3714760db088c32f78e5793264fa01717a731f04453b630c0d7ee7fbf92e1,fe03b99f865c9421fd4b4e9280716d10b922921316d3e56873d5233dd27d93eb,医生画像仓库/01_试点医院/中山大学肿瘤防治中心/吴秋良.md,1,ea2fd95427426098759f270b6155af4c81ccc7d44f6389dfa9f7d118b9d275ab,89351f7869c6ebeea72144c19f566315435ab260e616ca1abc99aeb5e7ec1aa7
1014,1013,中山大学肿瘤防治中心,奚少彦,https://www.sysucc.org.cn/node/3872,详情正文摘录,43,bae6c7becd35d815cbdeff5bca78069edcdf581b4d3403c0f9a8ce0d8e914569,d99ff5eeb7c8c9b1d98d78f53ae6c095ee0b2e4c2fc4a528a46e896048210a37,,0,,
1015,1014,中山大学肿瘤防治中心,孙鹏,https://www.sysucc.org.cn/node/3871,详情正文摘录,42,c920aa7e0d61b7a37118f2613481b483f4f09d58af56a0b7d3693e03ffb8f248,706a6ba981691a59a4ef219a39701edaf7cd84e8c5a4411b54727f3312da1fd3,,0,,
1016,1015,中山大学肿瘤防治中心,张惠忠,https://www.sysucc.org.cn/node/3857,详情正文摘录,43,ecfd42b24232a96739b7af1e2e1035bb27b654b934a0b0459b3ab211e67a3f72,4bc0922bca7aa8443c58a0610df70b220c883bb34af1b41b050a5ec117d4c604,医生画像仓库/01_试点医院/中山大学肿瘤防治中心/张惠忠.md,1,5449dad3bb5417aa7618739a7181e2c589141faade8e69de40f2e9a99acc5716,84223f868d9c98e525ee61c4d3b59f1789eadeedcfb76c96e27540b43ab6eaf5
1017,1016,中山大学肿瘤防治中心,张迎春,https://www.sysucc.org.cn/node/3866,详情正文摘录,43,d18ebe6b0a084ec8f44b21d1deb2dcf5e5f29abd3559f4f7044923de9546f6dd,29ecea764196f6810ca58ebd4c6115ab24d89ae295b446a897906506e20903f1,医生画像仓库/01_试点医院/中山大学肿瘤防治中心/张迎春.md,1,87f2c62fef03d1816d79d573c6decdcef6f7535c07125a75fc1c6e2125da6af6,4474dabba6af4b98f76c95badca0ec633a2b55a8ca1c4882c3476716b8c2e202
1018,1017,中山大学肿瘤防治中心,张静,https://www.sysucc.org.cn/node/3860,详情正文摘录,42,3d8a32393e28ac5da5a71945490c366a6af889e84821947eb915e10529c86c64,f2ae789227d6bc48a13b1b06947703ce9116e202db53d3f0131096c77950bf34,,0,,
1019,1018,中山大学肿瘤防治中心,曹云,https://www.sysucc.org.cn/node/3861,详情正文摘录,42,b82a4a1ca8fd6a9c1d83b7d7639f7ec9fae80a0d52c0ab2dd556e840eaf8e475,9f3f76c89516f7fa80cd10271085d39d663e4c59eb83d4f69fd76275e655197d,,0,,
1020,1019,中山大学肿瘤防治中心,曾敬,https://www.sysucc.org.cn/node/3865,详情正文摘录,42,afaa982386fd7be8b7046debd3668195e13a21064380dd26c4c8433ba9918ec0,ec5ebec7fe8bc90c8bb893ba0041135b42a8f740159ae1015e2cec92ce11570a,,0,,
1021,1020,中山大学肿瘤防治中心,林素暇,https://www.sysucc.org.cn/node/3863,详情正文摘录,43,a89f8eb8c542b5a04b0c5261a85376db401412d27708ddeab31074725cf01f2a,f2d5e631c078fc6533bec2591ca33750177881886ea44c05e46fe8f8ec546dbf,,0,,
1022,1021,中山大学肿瘤防治中心,梁建中,https://www.sysucc.org.cn/node/3868,详情正文摘录,43,eff447be717acb9ae9a44cd25d6b32616c49237ff5c244113ce4b28d38d9d1ff,bf24087afa415ff0376431d6f7434835ce2322607fa2d97509c2ae60cd39caae,医生画像仓库/01_试点医院/中山大学肿瘤防治中心/梁建中.md,1,0471d485bb2485441ee5ae8b141202ae3eaca8e3cbf19bf2162910c2b122e473,744478915c0826e7730440b663ca86c9efbd7a70305399821ef9e5a06ea63b61
1023,1022,中山大学肿瘤防治中心,罗容珍,https://www.sysucc.org.cn/node/3862,详情正文摘录,43,51a80024eb5eda1e8024259a0ec83d50147bf31f39046a9387f33b8601a53ff2,b7e8d4d6d1fe4b4374d970b217d5e4ad8c994fb8ac32f4a5e519a08690a2d68b,,0,,
1024,1023,中山大学肿瘤防治中心,肖永波,https://www.sysucc.org.cn/node/3873,详情正文摘录,43,cbc8193d4693194cf06eb97b05a4a40a09cd31c9a082b3b52a8348efb22f23aa,bf24087afa415ff0376431d6f7434835ce2322607fa2d97509c2ae60cd39caae,医生画像仓库/01_试点医院/中山大学肿瘤防治中心/肖永波.md,1,b374bc1a51292e05ffc5e8ef45b4492ee59d99f576febca9b5c6e8cbc342c3aa,661bcdf2209e6d15953a4d3fc0a22d9f9e80a3a2356237d8d4ce145d811b3fbb
1025,1024,中山大学肿瘤防治中心,蔡木炎,https://www.sysucc.org.cn/node/3867,详情正文摘录,43,97d85728437cdf81ca5049265233b47dd9aea450abd12525ee44a5a59558caa0,336fcefd2cf413b0bb159651eb310a515669159adbf5b3b00e4210088266560c,医生画像仓库/01_试点医院/中山大学肿瘤防治中心/蔡木炎.md,1,35633b60d3053f37b701cb790ec30d7e9ed59f7cbaa6e8fcb7f2964a91ff07a0,9eee0c767f944ffd13aa512644d6b8ff11b479af80293606ee3b812c5bac8b2c
1026,1025,中山大学肿瘤防治中心,谢丹,https://www.sysucc.org.cn/node/1541,详情正文摘录,49,283aba3ad316170850207868a2de6a420ed3cd21c3ae8c9db6092284159ef0e2,d05ec3d9d3184820c8e15e3e05eb34e4389466dea063cfbc16bfddbad4861489,医生画像仓库/01_试点医院/中山大学肿瘤防治中心/谢丹.md,1,9c2da169168db24e700f7c42e3bc8eaa4e1126e8863afc2f9e1af5daa6c04aa3,f1f605f4703fd0d73b6d2ba213a26392c1fc5cb1d9e5379ecf0b38eef9cf602b
1027,1026,中山大学肿瘤防治中心,饶慧兰,https://www.sysucc.org.cn/node/3856,详情正文摘录,43,ae8b1837efb2adb7d11e1a38b800fd4272ae9776fbd188ce591f56b5b5ade2c5,73ba567b0149cc8c32fe85773760b3013b5345ef51649072035bc2c53b14d15c,医生画像仓库/01_试点医院/中山大学肿瘤防治中心/饶慧兰.md,1,5d414f3482fae7d8c5b3d213d382668b209f729c0a3babe74ba56daf218b5652,fd1914cbffe5dbc13816518fd103c02f03d1fdeec058279bb632acf9d34b3569
1028,1027,中山大学肿瘤防治中心,黄雨华,https://www.sysucc.org.cn/node/3870,详情正文摘录,43,f981b56a4247995161fa05abc6a24a624842287876673c3b6e0a01a56366f72b,706a6ba981691a59a4ef219a39701edaf7cd84e8c5a4411b54727f3312da1fd3,,0,,
1029,1028,中山大学肿瘤防治中心,何振强,https://www.sysucc.org.cn/node/3718,详情正文摘录,44,13dd170f045e4dbcfded2e9658452a7e3d9a215b6caa0d0a055008ce8a29313f,33caf64e9ecc70e45040a2122cce1b0e49e3e0b77121ca9c322591f708aa9f82,,0,,
1030,1029,中山大学肿瘤防治中心,张继,https://www.sysucc.org.cn/node/3717,详情正文摘录,43,c1986a2dfdc3719f8b3d81a4de5f4d836bddda5abc6e3bed69168d34302e966b,7fe1a6ebdc4da5c4da2ccffaac9b455abbf6ec814bea7352ab87f0a933dc0d46,,0,,
1031,1030,中山大学肿瘤防治中心,杨群英,https://www.sysucc.org.cn/node/3712,详情正文摘录,44,58cb4b1621b30614c569361c71222e174e4a47556d149e466c90410c31c0684c,3eb3439b1f91ceb0c19ac79f65c148201edad4bb52e0335ed5d8b2c2e48e2e83,,0,,
1032,1031,中山大学肿瘤防治中心,林富华,https://www.sysucc.org.cn/node/6479,详情正文摘录,44,305809a3af7248b58c8c71c991d5aa9cc9714e68868539ac088747f05e033859,96460a3f591ade13886d653fd7029a67bde8557f29caa51f8cb6851c8b9bbbfb,,0,,
1034,1033,中山大学肿瘤防治中心,段昊,https://www.sysucc.org.cn/node/6435,详情正文摘录,43,157e7212a44d0528583d80a0a560faf5dc3adb4524c7ed3025a2d87216776c8f,f9045542355f9058c195a88033a09b22318b6f913c3b88e5a9a65add09dabb02,,0,,
1035,1034,中山大学肿瘤防治中心,牟永告,https://www.sysucc.org.cn/node/3708,详情正文摘录,44,d0fba6c2f1ef82757e69dc7f1632742f870bfc0cb3bd6b1ae5250e0d4b3808a4,4c84f004e8b7a774b8bc2c6b73490fe9bb896442c32a96a22461e000e95f8e49,,0,,
1036,1035,中山大学肿瘤防治中心,王翦,https://www.sysucc.org.cn/node/3709,详情正文摘录,43,1c76a09a0bced69de22be826226d19d92117893a6866325d4cd3da3d1e8b9966,ed9ecdefbfe660c21959c755b7b951fd4d65d150a7c42e317495bde29ef781d5,医生画像仓库/01_试点医院/中山大学肿瘤防治中心/王翦.md,1,a23d3e1dd24b05afaa5d075ad91ccdab1a0141a7a091293db8acf3cbadffcec5,4c4e5c30a59acae9bd133297c4fdce9119eca272f9b2e9ed7f5c9dbb09bc7d77
1037,1036,中山大学肿瘤防治中心,蒋小兵,https://www.sysucc.org.cn/node/3716,详情正文摘录,44,c7939fee6498a55957f3c799fdbb03801a30a6e54a68537a15d898ca208cabe0,76fd0e15030a89c4a45ecdc473bab012f021fce7f1abceedc6d102a970196075,医生画像仓库/01_试点医院/中山大学肿瘤防治中心/蒋小兵.md,1,f9c937aae2bba6ebcfbc916320f55148d9aa93d6a4046e164d75bd3dc98fc988,b566d770a699f364fdaa07c76cbf4a1266a3ddc1150ae3ba453e76afb8d58871
1038,1037,中山大学肿瘤防治中心,赛克,https://www.sysucc.org.cn/node/3710,详情正文摘录,43,8b8e446a0dd61adb9386e59deb7c46afa7cb7b53d8e399b78f0784cef2ae127a,8011dd1ebf0478e8dc367fa921cf9b0ac92fcdc32e5ad86696d5b21daa123758,,0,,
1039,1038,中山大学肿瘤防治中心,郭琤琤,https://www.sysucc.org.cn/node/3714,详情正文摘录,44,2019eb7f2dd0e6504d8c9b916e615859f29d14bee81ad43e6d8929f7e40b9964,ace674d276437f30a005b6972a0da5ee49b2cf0c6411a403cedb7c9e00b47d94,,0,,
1040,1039,中山大学肿瘤防治中心,钟升,https://www.sysucc.org.cn/node/10052,详情正文摘录,43,32f4761e2de12c65322c5374a7542bded15b3af078188acc70f5f0d693025b12,49a86facd8a7f2d4cbfba4a283b4f0e86b7852d3c9b43428232521420f971622,,0,,
1041,1040,中山大学肿瘤防治中心,陈忠平,https://www.sysucc.org.cn/node/3707,详情正文摘录,44,8311f30d092e86526c71a6315b1e56ff68567aef9bcbe063707c1ae2649f4a29,11bc4d78fa24f2078941cdfe807572c016ee16a4af545500b62f5b400e680336,,0,,
1042,1041,中山大学肿瘤防治中心,陈银生,https://www.sysucc.org.cn/node/3715,详情正文摘录,44,7c0b8069e6770596c69a3b0f2c3f7ef7dbe648bae7a324976ec0040422f0ace7,f0e3e77e1f7b0bbf54be54da559f847ab92ff0f8c2d17a76f813b4d1416d8e00,,0,,
1043,1042,中山大学肿瘤防治中心,丁培荣,https://www.sysucc.org.cn/node/3680,详情正文摘录,44,0dbe8283740e12fa1eba45b7125b402997bc1b5f078fb3886c3354c5d855cb17,06898de7bdcb3a1c5e20d3f4bdbcbfed76e7fdedfb25a8535df529a435472c3d,,0,,
1044,1043,中山大学肿瘤防治中心,万德森,https://www.sysucc.org.cn/node/3679,详情正文摘录,44,f160d0b16f3ddf8f92c56c4f6f051947f19cf63ff65a51d2392996db77b5211e,09b4de9d67a8b20ce42f9a2fcbf0ef317be2fbb1d6c3491b0480c0bb562d899a,,0,,
1045,1044,中山大学肿瘤防治中心,伍小军,https://www.sysucc.org.cn/node/3682,详情正文摘录,44,eb655d71bbfb89a331e114339ae60614f88b65f0b62db7e64b4bc8fb933292fd,088ff15e37eb4116daa8f4fada1182b0a2781fb97b713ba7b36025d74e646831,,0,,
1046,1045,中山大学肿瘤防治中心,侯振林,https://www.sysucc.org.cn/node/10583,详情正文摘录,44,bb0819fa384650de67b3a6dcb4bde067947e3d6fa06a3a1afb8ddc45e1248180,d9934c886933f7c8dfe3d4505db63cba326d45ba3cf185596bc623a81d4f1bd4,,0,,
1047,1046,中山大学肿瘤防治中心,卢震海,https://www.sysucc.org.cn/node/3681,详情正文摘录,44,767e9f0c241623331166642fe1e8872651ed380a823934b8584bd5eb6e010e01,63d978e4d9def12a95048326e2162298df25e1181de37ccb9c71421468975d91,,0,,
1048,1047,中山大学肿瘤防治中心,周驰,https://www.sysucc.org.cn/node/10215,详情正文摘录,43,69a15e40e4647cd85ee1bc5f366e76eee6ce9fd382ef316aa7aa89c2d84ff7eb,b001b6e8dc07fa8625e849b9d876748009780f04d033ec65863b719f3c228388,,0,,
1049,1048,中山大学肿瘤防治中心,唐京华,https://www.sysucc.org.cn/node/3689,详情正文摘录,44,d3e5db2db9817f09b09bc6a3dc1a40fb8e9a3ebdfaa6ba380b0c573d757c6001,86dc2c195527cf7c70bc9abddae7c06b2164e0c1742d800a0f443044cc0fadb0,医生画像仓库/01_试点医院/中山大学肿瘤防治中心/唐京华.md,1,b64affac029713e6ca970536fe362c2e0ad15be431e4ea62d7fef45ae031bf55,3c0ef66941ba98fee75532aa017d6203ef940c4af6d5fb8c36145e9c669907bb
1050,1049,中山大学肿瘤防治中心,姜武,https://www.sysucc.org.cn/node/3688,详情正文摘录,43,264afbb91890d89a15eda7145e6afe239a561327331400bf86f1be0381b770d3,9d7fb9d3b10e5bfceaf4715238053953b950ca5082556df019afd5ca04d55a67,医生画像仓库/01_试点医院/中山大学肿瘤防治中心/姜武.md,1,0f66b67c82007c86198aa52da11896a489383ba072bc9e0c665877b14ba04506,82ed7b710d0120f59dbd751ed46359e9deac8f62deea201025bbe7ecb0eb1373
1051,1050,中山大学肿瘤防治中心,孔令亨,https://www.sysucc.org.cn/node/3686,详情正文摘录,44,809cb5b3eff06ebdb1d6b21b14a27b770ff835d4085da18c8271a9abcdc42594,c27bf804e22b0610cab0a4e503a0c8cfc2fefb537e5eae778012abe2cd6d5797,,0,,
1052,1051,中山大学肿瘤防治中心,张荣欣,https://www.sysucc.org.cn/node/3684,详情正文摘录,44,59d4db7e73c0fa654fe2fae16c210053517b17c610240cb4fd194bc2624e9526,2733a4e711a247cca6177b878c257a7b797b0fe40cd652ba1e737a7ed052b5b9,医生画像仓库/01_试点医院/中山大学肿瘤防治中心/张荣欣.md,1,73489e904a2154c93c7713314edb2674f64d4055f436b162c8fe238e37aef3d6,bc0da86d9aa872488576d14e63761f129a42c3cb168a2a2e8bd33be347ee8075
1053,1052,中山大学肿瘤防治中心,彭健宏,https://www.sysucc.org.cn/node/6531,详情正文摘录,44,5a09a03509275f6284699cef661c98ffcd8ac4bf483bbdeba35b26885c96f35e,e93725f153b522db54d077bb0d648d775c9f615ee5f81abe7d3525cd9badeeaa,,0,,
1054,1053,中山大学肿瘤防治中心,李力人,https://www.sysucc.org.cn/node/3678,详情正文摘录,44,92661db20df200c401b32633383d03a48bd42f3441e44c0e4c12cd9fea8a7afa,1a30efe6b70ca9d56069ffaab3ac36c6bf4cd5f19d7192599ba7f0bf85252391,医生画像仓库/01_试点医院/中山大学肿瘤防治中心/李力人.md,1,fbc99987bdb5c1111fbf995cbc11f2455843471a075bf62253aa11041a0165f8,1d9e1ebfdbe17b610a118c91659d315455f99d13cf8bc9ce8c064d7832b6c862
1055,1054,中山大学肿瘤防治中心,李原,https://www.sysucc.org.cn/node/5967,详情正文摘录,43,a1a42d1a76b404a62621f9cfa9689f83d153a19dde1d19e3a7824ceba194ff2a,b7f0f0905f7326035a7eda1dfdf1f09f484b1b517bb8dea623c015e1e2edaebf,医生画像仓库/01_试点医院/中山大学肿瘤防治中心/李原.md,1,ed2bfbad03b277a019e3521975b6d70d3e9bf3d21aa75cac9ebee9dd89642cf3,362fbb04d3f552c64c1f756e73b840afddd473e0f11b3bc721402447b1439f4c
1056,1055,中山大学肿瘤防治中心,李聪,https://www.sysucc.org.cn/node/3685,详情正文摘录,43,34f7bb248d56b36456b873491f017b689dd306271d7e80415d1c23a5cd9001c0,bb7cbd97dc60de0e38b1292a1ece386aba94d4d7b3c2458530e07df01ea65467,,0,,
1057,1056,中山大学肿瘤防治中心,林俊忠,https://www.sysucc.org.cn/node/3683,详情正文摘录,44,d79327862eb8bec91636c15095bfc7912b662704e81cbda94a46a5b8abd9428c,d687d884cc4c2b05519265a5ba50999ab7540802a66a52b3f8ccbd0a149a9c63,医生画像仓库/01_试点医院/中山大学肿瘤防治中心/林俊忠.md,1,636b50376069b4d5d6c1575d46ff423e73f9c91910c6686cd8f88de9c3d76bd5,d8402e56995218411d119b19ba86a3f74f20d4bfeb4f34d2d80554487f7ec957
1058,1057,中山大学肿瘤防治中心,潘志忠,https://www.sysucc.org.cn/node/3676,详情正文摘录,44,03a5270282f97a824ab608f3871a6be7b05807e8e003f7c42773225c7e3d463a,9895925fe21c86d96b70777f6602b19e034db95ff8cb65ab091639d8713445a1,医生画像仓库/01_试点医院/中山大学肿瘤防治中心/潘志忠.md,1,49ecf271283c4a140b5bea3148f0608de0b85b2ca2912e891c1dfc1a07e7d164,2a3548f5fba5e2b46e58be332719e2c25f674d9cbf3d90ed26bcf513d97976a2
1059,1058,中山大学肿瘤防治中心,王福龙,https://www.sysucc.org.cn/node/9739,详情正文摘录,44,a242401ddde0111b51f4d9671c3b9785c5e6eb0671461cb18f5e790ac6c52f32,bb2a1a4f680bb35b995789af39b5d407ba819f26c27c21ca582db25b9e43fc02,,0,,
1060,1059,中山大学肿瘤防治中心,肖斌毅,https://www.sysucc.org.cn/node/8256,详情正文摘录,44,fb6db1666084433c3c8464a3aba01804e5885091d16b0ab7782359c83c96db5b,df752348d030a5051d8d268f30a1e65674edc088c1dc2f82539f2422cca337f2,,0,,
1061,1060,中山大学肿瘤防治中心,范文华,https://www.sysucc.org.cn/node/3687,详情正文摘录,44,e41f2f4a8539540dab2c56c1efa63a34efd11b93a6323ffd2745cc17ff95e912,c6661f5e81d5c2fe111fe5b8aaf4d8bec4299ad77bb3ac360e95b7fbc8a47895,,0,,
1062,1061,中山大学肿瘤防治中心,陈功,https://www.sysucc.org.cn/node/3677,详情正文摘录,43,82b1e7a08a9e2f1263bd2eac9011fdec553b238be1739959264f0beea5c84245,8f063971c962aa5546df8bd78c17247622f5a8744972cd64224c8ad77c1cce44,医生画像仓库/01_试点医院/中山大学肿瘤防治中心/陈功.md,1,dc3166918a54e39afc3d5ccbf1193f54da61064e0dd03d9d0fd2b4df20619ab7,c491cb062047fbfc3933e1cd264cbc6a348f87c9e219b05310f687f11a7623bd
1063,1062,中山大学肿瘤防治中心,韩凯,https://www.sysucc.org.cn/node/3690,详情正文摘录,43,5e8365eb33f1c4924b4c40036582b6d258d1d9c9261f83ea16254f41de8d8e77,814d78ad5833e73e3685ec7c8d45bf7948796f5c57fc0582b55e1b8f04be0d56,医生画像仓库/01_试点医院/中山大学肿瘤防治中心/韩凯.md,1,1de28644251c7d48ee0cefd8ae09d821f8a1fa7ae19648abe17868df5e37be93,40500cba3d530d4042da7d68e5ee3839eb2301716130a083fb98eabfe9c3f2a6
1064,1063,中山大学肿瘤防治中心,何文卓,https://www.sysucc.org.cn/node/3772,详情正文摘录,43,8fab1579f05fa61192588a865b9abab1f2622119dc1b0935bedbb84437d2b94d,ef18d3b9ca545a51e32d6cd433dd6b04318e0851f29ad925b13718162356e560,,0,,
1065,1064,中山大学肿瘤防治中心,刘寿生,https://www.sysucc.org.cn/node/3771,详情正文摘录,43,e56a1e611b1fb0d791cba0162377ffa668e5cd7838b5d05d22df2357a773108a,62d835d0ff9465db6f1ff3fc9a6e360f9d38c2b073dbe01a8efc094b91bee253,医生画像仓库/01_试点医院/中山大学肿瘤防治中心/刘寿生.md,1,750fe2eda45a771926f81b0d8a13f5c41b027f323b3a1ffba45212a9c546bdf4,7a9eef8c6ca375534405e88524bc112523a9392ac07fdc0d100ce3044e468c47
1066,1065,中山大学肿瘤防治中心,周溢鑫,https://www.sysucc.org.cn/node/6446,详情正文摘录,43,cd54c06c5cbe149ef7c86cb5a7c98ae4454b9ebbf16baa0a66998356f467e8ac,795ae9b65d16122af20da35abd4220461f440d0c66abfdb5e5f113a03d195710,,0,,
1067,1066,中山大学肿瘤防治中心,夏良平,https://www.sysucc.org.cn/node/3763,详情正文摘录,43,b3fc2cfc6da9eb5c31d5e59c6da60e1c3e0f4557ead8ab4169b6161f4180615a,ffe8c280c08171b05cf6ab78d8b10bab7356e74d5209c356bf180430efafafc1,医生画像仓库/01_试点医院/中山大学肿瘤防治中心/夏良平.md,1,bd42d0e4b6a79d912b2c75341f5cb75559b3e5f49037aeab2f245c525f951cf7,2dc9b2ce94ef0c411812a0f904c9faa6dfd02fc439538a0157f76b4cb5b8099a
1068,1067,中山大学肿瘤防治中心,彭柔君,https://www.sysucc.org.cn/node/3765,详情正文摘录,43,a0b12d440a0be9ead73c30b31d0687e6c526eac9a18bc6b0a0a3ed42bd8eb687,0b61f428bf74ebe1d8d090b232d28851f8635145653c213b841a84e2e80db8ef,,0,,
1069,1068,中山大学肿瘤防治中心,权琦,https://www.sysucc.org.cn/node/6733,详情正文摘录,42,e1994020584f12607ca097ebdb004169d646c9b5d6b6fbd705c679c7d81f3175,6180613e58dd4bccb8f83b2824de49a37c26082b18aed412b03f8acf9ef5dc5a,,0,,
1070,1069,中山大学肿瘤防治中心,白龙,https://www.sysucc.org.cn/node/3770,详情正文摘录,42,6d2d255574bf3d9fd906935531afa4c83dc475bb747543c79634ae2d72700aa2,32bb04392e2ba0896e8152770f2c9c5c81aa45433fcc766c5a3e200f99e8011e,,0,,
1071,1070,中山大学肿瘤防治中心,董军,https://www.sysucc.org.cn/node/6448,详情正文摘录,42,f7942d78a13907cb41d1346491e0af2063dcf6e6f7ea4fca70ca255ef28c1f85,0dd3343959110485c5572c12bb135b37d0cf1bed5c8fd07475a2b339bba56591,医生画像仓库/01_试点医院/中山大学肿瘤防治中心/董军.md,1,31a78536db4b58af551ab23d8041e53d45f1d995d209219ea71cb62c4958429f,054bb69d482c37b5ac53a163fd5d1b612942b5142a9ad927f5ece0004bb1f796
1072,1071,中山大学肿瘤防治中心,蔡修宇,https://www.sysucc.org.cn/node/3766,详情正文摘录,43,f1903fab983e024b9a9833ca5cd973b8cf7f46368e89c5ee19c14e07b5ce57e8,1572493108d271397a36675f31c0406385fe1ba95a0ad676c26522c2a08e053f,医生画像仓库/01_试点医院/中山大学肿瘤防治中心/蔡修宇.md,1,6d93a10e877b3a536247bc7f7e63083bf27487c4b34a031a55d044d31b1fdf79,3b56e5ad0a8921d88b5b9965b3aff5cf33ec2bc9c1e8f74552c0e78c3271f1ae
1073,1072,中山大学肿瘤防治中心,郭桂芳,https://www.sysucc.org.cn/node/3764,详情正文摘录,43,4458e39df5154fb08bdc5112cf1dca7297e87cbf2e247f6064274d553955eceb,9d43df477323dfa4730babac221970d52b33fc33c01496fbb6db7a555a24ddb9,医生画像仓库/01_试点医院/中山大学肿瘤防治中心/郭桂芳.md,1,80ee943a1571ffe280c9ae0a2ee67e7962e3278871f351ed149d2ed126b6214f,ee38fbf01a486265ff209867b721fbd7c1f51f76c1df882fa8826495dfffa1ab
1074,1073,中山大学肿瘤防治中心,"ZBED9在肝癌侵袭转移中的作用及机制研究， 批准号:81802421，经费22万元，2019.01～2021.12， 主持 (2) 广东省肝病研究重点实验室开放课题：初步探讨Rfx6调控肝癌干细胞的机制研究，项目编号：GS2017101001，经费：2万人民币，2018.01～2019.12，主持 (3) 中山大学青年教师培养项目：ZBED9在肝癌侵袭转移中的作用及机制研究，经费15万元，2019.01～2020.12， 主持 (4) 国家自然科学基金面上项目：NCOA3上调端粒酶逆转录酶促进肝癌生长的分子机制及其临床意义， 批准号:81872267，经费55万元，2019.01～2022.12， 参与 (5) 国家自然科学基金面上项目：S100A9通过EMT调控肝细胞癌侵袭转移的机制研究，项目编号：81972301，经费：55.00万元，2020.01～2023.12， 参与 (6) 国家自然科学基金面上项目：Rfx6在肝癌干细胞干性特征维持中的作用及机制研究，项目编号：81372571，经费：90万人民币，2014.01～2017.12，参与 代表性研究成果： (1) Jiliang Qiu#, Baogang Peng#, Yunqiang Tang#, Yeben Qian#, Pi Guo#, Mengfeng Li, Junhang Luo, Bin Chen, Hui Tang, Canliang Lu, Muyan Cai, Zunfu Ke, Wei He, Yun Zheng, Dan Xie, Binkui Li*, Yunfei Yuan*. A CpG Methylation Signature Predicts Recurrence in Early-Stage Hepatocellular Carcinoma: Results From a Multicenter Study. J Clin Oncol 2017, 35(7):734-742 (2017 IF=26.303) (2) Pinghua Yang#, Jiliang Qiu#, Jun Li#, Dong Wu, Xuying Wan, Wan Yee Lau, Yunfei Yuan*, Feng Shen*. Nomograms for Pre- and Postoperative Prediction of Long-term Survival for Patients Who Underwent Hepatectomy for Multiple Hepatocellular Carcinomas. Ann Surg. 2016, 263(4):778-86. (2016 IF=8.98) (3) Yongxin Zhang #, Xiaofei Lv #, Jiliang Qiu #, Bin Zhang#, Lu Zhang, Jin Fang, Minmin Li, Luyan Chen, Fei Wang, Shuyi Liu, Shuixing Zhang*. Deep Learning With 3D Convolutional Neural Network for Noninvasive Prediction of Microvascular Invasion in Hepatocellular Carcinoma. J Magn Reson Imaging. 2021 Epub. (2020 IF= 3.732) (4) Chenwei Wang#, Yadi Liao#, Jiliang Qiu#, Yichuan Yuan, Yangping Zhang, Kai Li, Ruhai Zou, Yongjing Wang, Dinglan Zuo, Wei He, Yun Zheng, Binkui Li*, Yunfei Yuan*. Transcatheter arterial chemoembolization alone or combined with ablation for recurrent intermediate-stage hepatocellular carcinoma: a propensity score matching study. J Cancer Res Clin Oncol. 2020 146(10):2669-2680 (2020 IF= 3.332) (5) Yi Li, Qingan Zeng, Jiliang Qiu, Ting Pang, Jianzhong Xian, Xuexia Zhang*. Long non-coding RNA UCA1 promotes breast cancer by upregulating PTP1B expression via inhibiting miR-206. Cancer Cell Int. 2019 1;19:275. (2019 IF= 4.175) (6) Yi Li#, Jiliang Qiu#, Ting Pang, Zhixing Guo, Yonghui Su, Qingan Zeng, Xuexia Zhang*. Restoration of Arpin suppresses aggressive phenotype of breast cancer cells. Biomed Pharmacother. 2017 92:116-121 (2017 IF=3.457) (7) Jiliang Qiu#, Yun Zheng#, Jingxian Shen, Zeng QingAn, Ruhai Zou, Yadi Liao, Wei He, Qijiong Li, Guihua Chen, Binkui Li, Yunfei Yuan*. Resection versus ablation in hepatitis B virus-related hepatocellular carcinoma patients with portal hypertension: A propensity score matching study. Surgery. 2015, 158(5):1235-1243.（2015 IF=3.309） (8) Jiliang Qiu#, Mogeng Deng#, Wei Li, Ruhai Zou, Binkui Li, Yun Zheng, Xiangming Lao, Kai Zhou, Yunfei Yuan*. Hepatic Resection for Synchronous Hepatic Metastasis from Gastric Cancer. Eur J Surg Oncol 2013, 39:694-700 (2013 IF=2.892) (9) Yan Li, Leilei Chen, Tim Hon Man Chan, Ming Liu, Kar–Lok Kong, Jiliang Qiu, Yan Li, Yunfei Yuan*, Xinyuan Guan*. SPOCK1 Is Regulated by CHD1L and Blocks Apoptosis and Promotes HCC Cell Invasiveness and Metastasis in Mice. Gastroenterology 2013, 144:179-191 （2013 IF=13.926） (10) Qing-an Zeng#, Jiliang Qiu#, Jian Hong, Yi Li, Shengping Li, Ruhai Zou, Pinzhu Huang, Binkui Li, Yun Zheng, Xiangming Lao, Yunfei Yuan*. Hepatectomy for hepatocellular carcinoma patients with macronodular cirrhosis. Eur J Gastroenterol Hepatol 2012, 24(5):575-82. (2012 IF=1.915) (11) Jiliang Qiu#, Pinzhu Huang#, Jing-Hong You, Ru-Hai Zou, Li Wang, Jian Hong, Binkui Li, Kai Zhou, Yunfei Yuan*. LIN28 expression and prognostic value in hepatocellular carcinoma patients who meet the Milan criteria and undergo hepatectomy. Chin J Cancer 2012, 31(5):223-232. (2014, IF=2.155) (12) Pinzhu Huang#, Jiliang Qiu#, Jinghong You, Jian Hong, Binkui Li, Kai Zhou, Guihua Chen, Yunfei Yuan, Ruhai Zou*. Expression and prognostic significance of CIP2A mRNA in hepatocellular carcinoma and nontumoral liver tissues. Biomarkers. 2012, 17(5):422-9. (2012, IF=2.215) (13) Qing-An Zeng#, Jiliang Qiu#, Ruhai Zou, Yijie Li, Shengping Li, Binkui Li, Pinzhu Huang, Jian Hong, Yun Zheng, Xiangming Lao, Yunfei Yuan*. Clinical features and outcome of multiple primary malignancies involving hepatocellular carcinoma: A long-term follow-up study. BMC Cancer 2012, 12(1):148. (2012 IF=3.333) (14) Jiliang Qiu#, Pinzhu Huang#, Qian Liu#, Jian Hong, Binkui Li, Canliang Lu, Li Wang, Jianping Wang, Yunfei Yuan*. Identification of MACC1 as a novel prognostic marker in hepatocellular carcinoma. J Transl Med 2011, 9:166. (2011 IF=3.474) (15) Pinzhu Huang#, Jiliang Qiu#, Binkui Li, Jian Hong, Canliang Lu, Li Wang, Jianping Wang, Yezhu Hu, Weihua Jia, Yunfei Yuan*. Role of Sox2 and Oct4 in predicting survival of hepatocellular carcinoma patients after hepatectomy. Clin Biochem 2011, 44:582-589. (2011 IF=2.076) (16) Canliang Lu#, Jiliang Qiu#, Pinzhu Huang, Ruhai Zou, Jian Hong, Binkui Li, Guihua Chen, Yunfei Yuan*. NADPH Oxidase DUOX1 and DUOX2 but not NOX4 are independent predictors in hepatocellular carcinoma after hepatectomy. Tumor Biolog...",https://www.sysucc.org.cn/node/3645,详情正文摘录,44,b8266164af08cdefcb339b8ee978b7d3903d11ba90efd7fb1b15259b83038a4d,b27c366b9469bea44e22ed03a2cc49a43a064e5b1c7560527f96af9d9a949fc2,,0,,
1075,1074,中山大学肿瘤防治中心,何伟,https://www.sysucc.org.cn/node/3647,详情正文摘录,43,77afdeef3e40efe79f985a7d9470581f66c45fadda75dcc0a42ccc0bafb88f38,bc8b6a2335cdef465105e96d9b08e6be792f170069bf33364dcd567412f67925,医生画像仓库/01_试点医院/中山大学肿瘤防治中心/何伟.md,1,225f9f69465ba7d9fabbd5f57219686d0eaa121c324dfd5f0370acfea6ed6985,0624017e2a70768e2aa059052d9c718f18d4b1b71a013a0c5f16f91907609e43
1076,1075,中山大学肿瘤防治中心,元云飞,https://www.sysucc.org.cn/node/3633,详情正文摘录,44,7e70e09479d0edea64382984d4e2daab68bc72f57cc322dfddb75c434f13489d,584e097b255e03cf9491d344a6068b468cc11af4c2b5df3b64e8049256b78a35,,0,,
1077,1076,中山大学肿瘤防治中心,周仲国,https://www.sysucc.org.cn/node/3641,详情正文摘录,44,fcb33aa58e49b86dd6bbd4e94ee002a97168d50f1709082bea4de06d94e1d79f,35e4e5d0236143607f9ff10e8efb87ccfcb981dece38bf9b7d9f0bfeec4ea581,,0,,
1078,1077,中山大学肿瘤防治中心,张耀军,https://www.sysucc.org.cn/node/3640,详情正文摘录,44,3af5e4c188a4197dca5e92aa0db093aa77a417c8edc42ceebdbb4d7d965ca777,c5ed309077dea9723958f1c577f92fc8a6cb05f58abf0bea850235aa457c41b3,医生画像仓库/01_试点医院/中山大学肿瘤防治中心/张耀军.md,1,9e441d96c7b7215c3bd017289104230dfd619511043b350ab3f1cd5b559bab56,933fdf8bc2502721c35ce49ba1024d09497be0a68f28e32e644dc13fa59461ff
1079,1078,中山大学肿瘤防治中心,徐立,https://www.sysucc.org.cn/node/3636,详情正文摘录,43,f462b90ac5a560a260973c1751107665fe2ad2305f73ce5aebf0ebbcdec0fd01,b89903564777d62574fe78b4151071ea398a2a4f3bdb5337c4120493f5cdb687,,0,,
1080,1079,中山大学肿瘤防治中心,李启炯,https://www.sysucc.org.cn/node/3644,详情正文摘录,44,4df5cb9ad7bbb203dad1ec3a95f0ce38e4347cc1a06bf883b88099aeba62ebb2,b141d3d28b4b913085945f56418b42b2ee6c9d87d89b86163a0450f889e40c83,,0,,
1081,1080,中山大学肿瘤防治中心,李少华,https://www.sysucc.org.cn/node/3643,详情正文摘录,44,043748169266efe5327d704cda993a0c4aa5f54d8352370fb310337773c51c2a,d055897bb720b5424e7f368bd667adff2c242dfc4fc03835ee183a85f0d70aca,,0,,
1082,1081,中山大学肿瘤防治中心,李斌奎,https://www.sysucc.org.cn/node/3638,详情正文摘录,44,9ab213060e03f0c4c57d4a8cfd406e8e215e2619fea4713b8fb043e2cdf0edaf,de1230dbfb8a81dc7d0b0ebb3ba8629f2edaed367c8dd5926549e9184c056a35,,0,,
1083,1082,中山大学肿瘤防治中心,王骏成,https://www.sysucc.org.cn/node/8255,详情正文摘录,44,a4ba79de9b16d54013d48ecfd766bda8e59a7e029d3bf95b60c5007ca6f00e22,0582968f740bf8be7dadb542a1edf2c206d337ffe3d9762182850737d5dce922,,0,,
1084,1083,中山大学肿瘤防治中心,石明,https://www.sysucc.org.cn/node/3635,详情正文摘录,43,cb4dda56f09680e645f7bbe5ead4370a5a3b368f07852a6d9c83425208e8e1af,9fd6411626c9a8a465efff470c872e62996ddc8fa718dcb73b8bfa0632bdaec1,医生画像仓库/01_试点医院/中山大学肿瘤防治中心/石明.md,1,c90a621b9036c4255fdc3b3dd385b30f69884d9ebc38c5170413a1ef63092cba,a067e87a09e25d9487f1cd23477bc60d1546d9ff50be95d2caf7205680708b56
1085,1084,中山大学肿瘤防治中心,胡丹旦,https://www.sysucc.org.cn/node/3646,详情正文摘录,44,828069df869f88824a6900b896f5eaf8be6681c0b72edcb5bacfa7ed990c1f3c,4b4691005cb5125da0342e74444f853bb92521b6ea8b2e836c5c545b88e587ac,医生画像仓库/01_试点医院/中山大学肿瘤防治中心/胡丹旦.md,1,d5874c44f8297ddb892d9f912019eb649f6fcd18fc1d1f55919f402bb3e84103,ddd6684317800feb3089a0a1806fb600a9a54bb58a4f44cbb7b88684964c1ce4
1086,1085,中山大学肿瘤防治中心,赵荣策,https://www.sysucc.org.cn/node/9078,详情正文摘录,44,711beac36f37df77ecfe9466c1f6306d219018d6949415a1a534c154088103d7,2233dbae415ddadd3ad49fa0e5097efaae90223d61308061f3843dc4b166f430,,0,,
1087,1086,中山大学肿瘤防治中心,郑云,https://www.sysucc.org.cn/node/3637,详情正文摘录,43,d34e0a8b324696814d4ad08511f197a4b7159dab5ca849685d1e76222d1c1e33,c3d43f73ed769e222dacb911405a9c8010f08575f0ce62b45819638aad075309,,0,,
1088,1087,中山大学肿瘤防治中心,郭荣平,https://www.sysucc.org.cn/node/3634,详情正文摘录,44,e8b68370471a233ac7ed285f00a55e045fff9d3aea7b224d1d0d8dc8a9bdf6eb,3cded940732f5f548fe8311bab487f16411af1f35596ff8ed9a1a2acd2157c9b,医生画像仓库/01_试点医院/中山大学肿瘤防治中心/郭荣平.md,1,d5710f3b3cdc542484a5754b9e0b3fd9c3a416d90b6e0b59f4dab2aed1e1d09b,10802dbb2e9ec88b96063671543454d9828fb14f82c6f8feee975ecd6eabbced
1089,1088,中山大学肿瘤防治中心,陈敏山,https://www.sysucc.org.cn/node/3632,详情正文摘录,44,f25605df1da6d82504150fc52f8b5764d98333eb15ec23ad61b67eff487e7f1d,f8fda5f903f7f46f074be1df6564ed52db055caf30e85fa6aea3f5463b508875,,0,,
1090,1089,中山大学肿瘤防治中心,韦玮,https://www.sysucc.org.cn/node/3639,详情正文摘录,43,be2b38b7244b794415149c33a099df316c8de5f2705f8ab7f46ca6d265d5c02f,f0ed9881502fa193043bee9deb01459862af57fb45cae429a35ab48adb8f5c0d,医生画像仓库/01_试点医院/中山大学肿瘤防治中心/韦玮.md,1,1e4b3cfb18e013972cec7d9323010f13a78a97fc1ae9968b1fb5a68baed94f64,66552b88dde5f66618268777b29a9f382b26c39e6799eb541f8a200d3e27ab10
1091,1090,中山大学肿瘤防治中心,丁超,https://www.sysucc.org.cn/node/7369,详情正文摘录,42,d8f18a5f3447d815eb2f73a85ee85b99220abe18e3d118ba90ba5075f9dee79a,f27b347392ef8f8498b35f490e29ce49d9f4b2b5f394d6c4ba7048cacc647577,,0,,
1092,1091,中山大学肿瘤防治中心,关远祥,https://www.sysucc.org.cn/node/3664,详情正文摘录,43,439d1abad656641747bed6ce9de725a6cc404c15905598e32598c7e4c61bddc0,3948f9580ef37ca4f77263834870cee420f47fb52078b003fc9209ec825f1131,,0,,
1093,1092,中山大学肿瘤防治中心,刘文武,https://www.sysucc.org.cn/node/8009,详情正文摘录,43,3cfe9a3454a8c50c3ad91f16b518366e41c4daa601f25acdadbd2f7052c281e6,0c43173cdc7d9bbab5b91e88a2c444d5f21abd25f0b4dd9df594cb8f09d317ba,,0,,
1094,1093,中山大学肿瘤防治中心,周志伟,https://www.sysucc.org.cn/node/3654,详情正文摘录,43,445179be706669810b1c3d645c6b35d2bf89da92db50c49ab929b497c4ac1aa9,acb7a9b77ded0a7e67547cb81760aa830a1c7dcc78b84b115c537bd6a1af52e8,医生画像仓库/01_试点医院/中山大学肿瘤防治中心/周志伟.md,1,8fb805a72039ad9b5150f98456f824b866412c760c79376708c159b029e0f9f0,69fa0cf05b2bf7f0f32117fc5da95f249a73c46490d164b99b6f3c2d22217425
1095,1094,中山大学肿瘤防治中心,孙晓卫,https://www.sysucc.org.cn/node/3657,详情正文摘录,43,0848a2194ec84c88a3f1be87dcdc43a8b53d0d17f9a97714d3454e80ba37447c,8fbe79ccf746e479911639738029aaa3c7dc3e528a885640aacf6557606eaeb7,,0,,
1096,1095,中山大学肿瘤防治中心,李元方,https://www.sysucc.org.cn/node/3659,详情正文摘录,43,7e4f672254832114ef22fe77b77b91690845a01f0c48149c07ff9b7441788fff,32cf3d157449f125cf0a2308be8cf832fba9000c8c87557ab6d939f22a194cf0,,0,,
1097,1096,中山大学肿瘤防治中心,梁垚,https://www.sysucc.org.cn/node/3663,详情正文摘录,42,a0cb646d0050e909511480b179f9baf3c6ff4d7c5c596819bf7edccac10bc993,007e284c12784eefeed9a53a371b03543632a6f567f588803d1a087e605331ba,,0,,
1098,1097,中山大学肿瘤防治中心,王玮,https://www.sysucc.org.cn/node/3662,详情正文摘录,42,4cd39c5efffb2224692a91fdff5767cce881458be4fc01f374882879814061ea,4f773890d47bac5fad1640a937509eb68fe54a13e9665a7913148cab2b2f8c6f,,0,,
1099,1098,中山大学肿瘤防治中心,聂润聪,https://www.sysucc.org.cn/node/6430,详情正文摘录,43,29c3171f9a6b0c2550b15917459c47a4d1e20126307839f4ec24e1540a3d99e5,5e212f12ef01a82042f377d14328aecb675f19a967b9a1edccbef6c4079dd3da,,0,,
1100,1099,中山大学肿瘤防治中心,袁庶强,https://www.sysucc.org.cn/node/3660,详情正文摘录,43,67fdb636542b537226267e2525cdd9058eefa38da269f51b9dc0456d46c6fbe6,d87a505e74d6b0d169fa36e204f6c394c6fc00daa413cc165d8bf55c0856b652,,0,,
1101,1100,中山大学肿瘤防治中心,邱海波,https://www.sysucc.org.cn/node/3661,详情正文摘录,43,7a431a16e14923de90a473e3f8d8a26e27368d0ffdee285d8dd14d9c89933ead,7fe3d1c02436c9f5ba9f92904437d088beca73e632f67cf17a124b29c9392885,医生画像仓库/01_试点医院/中山大学肿瘤防治中心/邱海波.md,1,f1cdc4b44420c7fa2d827e6fee214ec2407490e7e0a6c81a74b2c7ce1d6dd529,27deb5fc50a9dc6dd79e9ca58ded2d029abf28001a0abdae3744b5a22f5808be
1102,1101,中山大学肿瘤防治中心,陈映波,https://www.sysucc.org.cn/node/3655,详情正文摘录,43,813a53346d0129e53aa5db802e2763c7ae937ce66ca7c860c3467f83ee8c7121,fcfd962335760de3bacf9f8fbd5c8506d4adc3a5ab6d8cbe92488eec9dce7cea,医生画像仓库/01_试点医院/中山大学肿瘤防治中心/陈映波.md,1,0be58d34570970ab2c254ee47847a5a6b61a765ac604eea13cd5b131124aa493,f29f0b94fea39b75ec04a2eb3832b962b6a3b7359214d050515c76128acd5a1b
1103,1102,中山大学肿瘤防治中心,陈永明,https://www.sysucc.org.cn/node/3665,详情正文摘录,43,9743fd6d0f0899c07286cc9d7d71f1a58674f4925246f6be32895d279dee0739,37b899b8acde4a59d3cf592748836a4cb40b6a7a31a45444b897581a3a00ad76,医生画像仓库/01_试点医院/中山大学肿瘤防治中心/陈永明.md,1,86fc3363b1e2efd95551f37fe314eadc71583cca65c7ef368ba86cf9b6d58509,873ffdb0c24476fb01842369bed8c48e10fe67cf39b239c0bead571a47def0b2
1104,1103,中山大学肿瘤防治中心,何朝滨,https://www.sysucc.org.cn/node/9648,详情正文摘录,44,3ce234962c11ba38bc09ca2fae07df5a829f087c27f2b8f05988818ac6e724ea,261c2087c9276939ec52170e566bf20972b21241239c29ef4156fe8012f6fc22,,0,,
1105,1104,中山大学肿瘤防治中心,劳向明,https://www.sysucc.org.cn/node/3651,详情正文摘录,44,6f472c075488dfe9e5f23d1f2a0eb521f34fa0318546541c3690e399a6e5bab5,4513bb66c7e7569ea6445c95f8dc30e5703319341474ff0f741898a91b6cb768,,0,,
1106,1105,中山大学肿瘤防治中心,崔伯康,https://www.sysucc.org.cn/node/3652,详情正文摘录,44,3408cc19ae88e66d05a9743f705431ef174b0d1bf7b2ca5eb63f015a187f7ecc,3040972a973370c45caabb7e01df73d2c6ef4cd089f7bb6b7c9c20dbe5ced36c,,0,,
1107,1106,中山大学肿瘤防治中心,李升平,https://www.sysucc.org.cn/node/3649,详情正文摘录,44,7f79c6ab8dd272372987e12c8fbe0afc86d2230a360abceb51e64cf3683b857c,99a896d00dbde44c4484dbdf22810a89adabfeb8082874184014ebfaae824f3e,,0,,
1108,1107,中山大学肿瘤防治中心,林小军,https://www.sysucc.org.cn/node/3650,详情正文摘录,44,d7a8e26b8c3a7927d969d087953c8ee99a9d03373b340d0f0293399891ec59f1,f68b885e57f36d1dffea6c2568b3f5ccafb921c55a4b99b7c8e0bdb25218349f,,0,,
1109,1108,中山大学肿瘤防治中心,王俊,https://www.sysucc.org.cn/node/3653,详情正文摘录,43,995c6396bd8afda070e1ae98447cb9573afac6e2011d76916869ebc0db328931,18ee8070ac6bae662024ce4dfd4d8e3eaeecf0dffd582573173c512c69542591,医生画像仓库/01_试点医院/中山大学肿瘤防治中心/王俊.md,1,f86c01152452c22048c3affc5f24eec66f02f48b9584e694f789b33ced05a512,cdf7873637964f5898700ea14d3bcb85946bfcec7655b1c8c233271ca8807cb9
1110,1109,中山大学肿瘤防治中心,魏然,https://www.sysucc.org.cn/node/8083,详情正文摘录,43,d646d7228821106908be30ea75167cdb895df9d19402134d928e716acaca5145,45946a0e619ba6b3211ea086a804fb659b15ba22446ec805cff54da865f5ea36,,0,,
1111,1110,中山大学肿瘤防治中心,傅剑华,https://www.sysucc.org.cn/node/3611,详情正文摘录,42,15473f8105143975640e9b36d4e76ab46b121c139a58890343641c52ff70b10e,50dbce322737be7074217296200689cc5ba3fb15a63b18f82b36ebcac7382a4a,,0,,
1112,1111,中山大学肿瘤防治中心,傅夏宇,https://www.sysucc.org.cn/node/8450,详情正文摘录,42,1031c5a7349a84c8c06e8a2ab4159a4cba08ba9a943debeb62a209b8015a7509,7bb9fef53ab22e2a5c0d6b925011b2737f1369151ad83e267cb1d0bd189d2b30,,0,,
1113,1112,中山大学肿瘤防治中心,冷长森,https://www.sysucc.org.cn/node/6477,详情正文摘录,42,b62a03f07b458c7dd2f1e6eddc0a16f878ae9d9250917f7596930d25d1ffeb0d,c6b26882a7a9b4aeaa8d2f9f4ad8e9081db5da0568a6965e8e231f279e212ddc,,0,,
1114,1113,中山大学肿瘤防治中心,刘乾文,https://www.sysucc.org.cn/node/3626,详情正文摘录,42,9f8bab17f0dfb83dfab3a0c966b7f248e91b160c6cf1242a1766a1866cca2130,2fd61a470d4dc59f89c20aee68979a0ad3df402985f93bdf02f192eab233648a,医生画像仓库/01_试点医院/中山大学肿瘤防治中心/刘乾文.md,1,f971b908bafc5443ad0c92a18c906d52cc7605e1d142ab8200b33b22f7a38d42,169875fe2a485b902f0dd2794f5c57f36b5d21f9605284b159b2cbfef257e479
1115,1114,中山大学肿瘤防治中心,区伟,https://www.sysucc.org.cn/node/3623,详情正文摘录,41,6a910f5255ff77c905c683c16e017a4fbabef0918d5de89f0609fcff6b77eea5,eb9a4dffea53de607557b88ce84781e13f701d7a3ac42088c128690bdd9cd89b,,0,,
1116,1115,中山大学肿瘤防治中心,张兰军,https://www.sysucc.org.cn/node/7371,详情正文摘录,42,b9b07cdb1579c90146d4b195e96d030fbd9c886a27edb32ad1032dbe05f61cd5,46e22c904f5a4eea9bd493e13a2f3778bb5b022b34af55e63977abe66d8710a8,医生画像仓库/01_试点医院/中山大学肿瘤防治中心/张兰军.md,1,442b0fbb910181bc127d9938b0ecada0c42c3db0d1a92c4b9c2ae625ad827548,ef01ca152d1d36ac89f865f370303027e6057c45cb6a6a8f44526376feeae241
1117,1116,中山大学肿瘤防治中心,张旭,https://www.sysucc.org.cn/node/3618,详情正文摘录,41,b38c5418458d33d02eca1b966d3daa922deb85a7bb5b3225a4d622c97f035eb7,892a72e3f41924db26457867a2d9b66f2ae3a5f0d30888f8526bca498ec14f04,,0,,
1118,1117,中山大学肿瘤防治中心,戎铁华,https://www.sysucc.org.cn/node/4663,详情正文摘录,42,822363526d3169526a35f68d48abcb0509f8b267fed2fc461c6e5e8cf8d4d2cb,9d4ac22cdf016fbc246cc075804f241cbf2f7bea34fd2aacc0c4367bc1156390,医生画像仓库/01_试点医院/中山大学肿瘤防治中心/戎铁华.md,1,2a003fdbd7f1bc8427f3614954ff865d29a410da8dceb2fe8094fa43f56c0dc2,58e4dc20c992dfc0038f2df213943bab5fd5a1e25dd62ca29e6956debe606a50
1120,1119,中山大学肿瘤防治中心,李小东,https://www.sysucc.org.cn/node/3622,详情正文摘录,42,cca2308a453e85be1caad11ea12471e7b23241f9c6d9d61f0c6e60b61d41a176,2f2d1f0adf32ff022ec0a16316b5b4eedfa6ae6ea329966109b9e27e83a5ea45,医生画像仓库/01_试点医院/中山大学肿瘤防治中心/李小东.md,1,569bf95d79a01637596153e2b5fcf220725121c9a92e26299162af141676d00b,9308efd829dfd5b7abb6a09302df869de1aede6f11b41c761df54840e11b3300
1121,1120,中山大学肿瘤防治中心,杨寒,https://www.sysucc.org.cn/node/6898,详情正文摘录,41,92a2cc3dbec22ddb608de75dea10d346da63edda74f4b20c391241e1e2cb09e4,d39e0390ea15af6474772bd2e685688e4d73c8b43bad34a908164856edd9ae94,,0,,
1122,1121,中山大学肿瘤防治中心,杨弘,https://www.sysucc.org.cn/node/3620,详情正文摘录,41,61725c3ba044d18ccb02faf72f0615c1741a6fccf359fdf73313df2455ec6b51,088dce2dc155f508a0d621cff77b7f3f6e02db47a1f9585bb230c01b0aca43c6,,0,,
1123,1122,中山大学肿瘤防治中心,杨浩贤 学位： 肿瘤学博士 行政职务： 胸科 主任,https://www.sysucc.org.cn/node/3612,详情正文摘录,42,7b43fa077a423d285b6cdc3e9b2bcecca255cccff1d41c51dead8651619803a6,8fe97cf75be0f9fd13fa2fa38798871702844f1a5b086a3b0d0d676afb11fe29,医生画像仓库/01_试点医院/中山大学肿瘤防治中心/杨浩贤 学位： 肿瘤学博士 行政职务： 胸科 主任.md,1,89943cf5d7b29b5ae94af9509b95f38ab66255b4b4bca8172906a1dbe2a097e8,7cddc9476c865fa975e560f31fcd86400c3f76248845c9633e25bb364692863b
1124,1123,中山大学肿瘤防治中心,林勇斌,https://www.sysucc.org.cn/node/3625,详情正文摘录,42,9501cb155546dfcbf15495c8bab0b66c7ceedb400cea3ecd802874ccf4ad346b,d776c468fec0389c5ec46975d9050f3be9236114c1f7c37bf16078aa9e514f6f,,0,,
1125,1124,中山大学肿瘤防治中心,林鹏,https://www.sysucc.org.cn/node/3610,详情正文摘录,41,e7467c82feb96a7a59fe6423c419245f07a038dcb2399e3f664b80fa3f512d96,d6b4092c21268fb84684726b65dfe9e4242f36f38d0a93cb8a1e590ca0fe5eb2,医生画像仓库/01_试点医院/中山大学肿瘤防治中心/林鹏.md,1,7f5fd53d65027b9fdceade105757ff047b01774038ee2e952c67e1ea89a5393c,aa6667778608d8c60bf49d241bd27fad034ff396e8fa6e71d0870f417e343e7d
1127,1126,中山大学肿瘤防治中心,王军业,https://www.sysucc.org.cn/node/3616,详情正文摘录,42,a381f85435d32067b653e71e1a7fb0ef16d15c69c0014c5c48876fca0a02861e,3dd89f3a8d8c2d8f71f2cc7d3fbebab37c8cc278b1a45c6a749c263a7bb69557,,0,,
1128,1127,中山大学肿瘤防治中心,王思愚,https://www.sysucc.org.cn/node/3613,详情正文摘录,42,912088220cbbe090a2d6c8c40343840a09d16161176a93f99192c2045fa40c67,29cbe7a7c09cdfd65f274a359ce22fbb67138db1e54b353d26427462f0b17060,医生画像仓库/01_试点医院/中山大学肿瘤防治中心/王思愚.md,1,452520e140c54907a0fa2d282543191f5875a73543de9e82566937e7a4977350,a9d7452307a84a7baea3505c7f64896686de627b8e4981c42033220b1e5e962e
1129,1128,中山大学肿瘤防治中心,王欣,https://www.sysucc.org.cn/node/3614,详情正文摘录,41,dff53a8cf351bda0b23b54accc492cbb4d9f9ccc4541599896c4235b1c6a8260,a59aa75cadd3ef854b5dbed078ea02dac529a9de7f2d3c0903385fbb0df4a2f6,医生画像仓库/01_试点医院/中山大学肿瘤防治中心/王欣.md,1,c2321829e7e0a9057c03fc178ac9c4b7d8e79309e40c8f5cb96590a4d9407235,5ec89c3fe870b3380a3388bc00dd9c95e5059f04914998b3e37676b2a9a58ec4
1130,1129,中山大学肿瘤防治中心,罗孔嘉,https://www.sysucc.org.cn/node/3627,详情正文摘录,42,75c43fd1e51a2462cfaabb5b3989341acdbaad2edeac76b071b4dda5a940c4b8,5ce2375a740529af2a6398c5236e1e882fa79faceb28bfca6f30de865488fbc5,医生画像仓库/01_试点医院/中山大学肿瘤防治中心/罗孔嘉.md,1,33477a85a6e08506cdb54ae409e3931af255dcfd736375dfd240e9c31ae0c291,ce1873dd0635cfb8186cf60683aeaf073f744d9b582bdb8960a568f6217ca67b
1131,1130,中山大学肿瘤防治中心,胡祎,https://www.sysucc.org.cn/node/3621,详情正文摘录,41,63f82db16b2f20dc83403793eecdbdd22f05cf52b1e95064dd07126ef547a2fc,eb002bdf1a21cd9fbaf99a06488ee27f8d5a656e1b103a27543a82fda071bf54,医生画像仓库/01_试点医院/中山大学肿瘤防治中心/胡祎.md,1,ffdb5a51376c9bf6a7d81288319c8232da2d6b17d87ddef57e0c939950d58092,e572a5916658b1f6e2df1400104bf7f8501618adfd0f1d57e6aa2d324d22d419
1132,1131,中山大学肿瘤防治中心,苏晓东,https://www.sysucc.org.cn/node/3619,详情正文摘录,42,7362bf2738bcae7d94791c4b3ac2edea97b2edabfc1f493c762fa3a2ec8ded2d,220408ab89b0941ef0ca51274dd1644cbd56145af92186ee075f8bd836871d78,医生画像仓库/01_试点医院/中山大学肿瘤防治中心/苏晓东.md,1,41422b0ca4d6c0f57f8badb2c01e0e274a72a563d054f38bcd5e34d58c42e5b3,796c86d4b62191622fbaa0fb83211e19243947c68c75bca7a263d21648f147ab
1133,1132,中山大学肿瘤防治中心,赵泽锐,https://www.sysucc.org.cn/node/3628,详情正文摘录,42,e49fbc918f04c0ce963941600a610062e7be5ea8cebfed3bdbb3d85998e6ad80,0410bbe4d914767db9479ec7c5c74bfce6f2fe44f08b8f8878c9706babe600ab,,0,,
1134,1133,中山大学肿瘤防治中心,陈友芳,https://www.sysucc.org.cn/node/3631,详情正文摘录,42,6d78ab7491678e72c5e8fd6854e8b4a26aaf5448686f79a665bf3d754da11315,e4f52515028b441237328c9ade81fb5e5da3a2f0c32900060a30bba2c517d19a,,0,,
1135,1134,中山大学肿瘤防治中心,陈骏英,https://www.sysucc.org.cn/node/3630,详情正文摘录,42,e4d1cc4ff3ff23cacceb8a16474ef566e2e032075a414c42295b9abc3772c120,283cd1958b9d5e9d82d9c05a0ed8fd1dbab35ae6d6ceb1e30c8b7998de0f1941,,0,,
1136,1135,中山大学肿瘤防治中心,马国伟,https://www.sysucc.org.cn/node/3617,详情正文摘录,42,c6f28abc2fd957a0628b5497d66dc328abee428f7ef22e6f6c925df782848486,e278fac0cda6b7d60217ef68a28e73c6ab46d11323341719cb876df3164fe0f1,医生画像仓库/01_试点医院/中山大学肿瘤防治中心/马国伟.md,1,ef4d20f3125066bdd9b78787fbe1d4ff7ae0111df7afa0d8cd201b2c485daf75,c6f3db52850550f6b603f57a459e573b47585ce787385e694d2a59e1949dd85a
1137,1136,中山大学肿瘤防治中心,龙浩,https://www.sysucc.org.cn/node/3609,详情正文摘录,41,ebca6e682c2ba164160263915597361ba13fc7a378a81b3f145b7173cfd808ba,87477a56f17a02dd43b5c81ba59abc2ded48827cc9e140a9b560e1d00f4d3172,医生画像仓库/01_试点医院/中山大学肿瘤防治中心/龙浩.md,1,b98e81fefcba8cfae1d2e6e700be440f10ebc19f634f955e41512be4b5ea6047,50735783bddf9e4b39a45b902da790dd4c831af203a7f3a2b22e823bf21ddd73
1138,1137,中山大学肿瘤防治中心,刘澍,https://www.sysucc.org.cn/node/6423,详情正文摘录,42,dc5531c4acde00e09c5bc4bfb7c4156bce53641070292bb4e2e0e3fcd5908540,55db04adec0efc6e7d4c3f1e2ee3eaf7529426a41eb8df6d82c40e821210d8e8,医生画像仓库/01_试点医院/中山大学肿瘤防治中心/刘澍.md,1,5597dee3fc19a53ea71d95016c1fd45f57e7f4ab0b693a3bfbe774f2b821b6de,f71320930f3fd42643f3441f7f325b201d366214e8ac5373f6d6875ec5a00f18
1139,1138,中山大学肿瘤防治中心,刘韬,https://www.sysucc.org.cn/node/3923,详情正文摘录,42,596d387529254a125475c79c3a3139868f3d9b687e98f9be065a507a3a5ef829,966d3ebeddee5bb5f5a214d0d886fdf9e6b00b9ccbbda6ca59d9bac49a7f96e0,,0,,
1140,1139,中山大学肿瘤防治中心,房财富,https://www.sysucc.org.cn/node/6552,详情正文摘录,43,11ff85dab40348ba500bf00c0efafcbe6034064e2876b053b469bd8728863df8,e25acbbe0e0b784ff85c0cdd27c410286def533acfe6dbc45a29fa7d5adbc5c8,医生画像仓库/01_试点医院/中山大学肿瘤防治中心/房财富.md,1,572b444928c466162ddd2f87f4af30df185a87a90b424d42c9815ba39ac5def1,10357607b8e7535b0ae4da0cbfd6d2bf4e042aaa6f28d8ebf3a57380c01b1bc7
1141,1140,中山大学肿瘤防治中心,梁蔚婷,https://www.sysucc.org.cn/node/3926,详情正文摘录,43,c80406cd25413305474672d8d59775f938d9c6811072c311dbe22001f130c5df,545c194b523848d74916f271bf54465eed1b37d635c300adba1938381e15712b,医生画像仓库/01_试点医院/中山大学肿瘤防治中心/梁蔚婷.md,1,1e7d24b8bde59e5bcd98f9f4018122c64cfda5ea73552e401e2c24e83b866d01,463f619040b9f5b98fa92c083858e7f65da6a80fb8568eae74c77de1d438b81a
1142,1141,中山大学肿瘤防治中心,陈倩超,https://www.sysucc.org.cn/node/3925,详情正文摘录,43,63ad100bec46f9e5c9029ead3d2f5e2006ed79b1f75f9d4db989942d9581263c,8042d00e084f2a427198a252ce478783c3d0c3cb756c9f248d8b4e8e368d719f,医生画像仓库/01_试点医院/中山大学肿瘤防治中心/陈倩超.md,1,b284133a7c6e3886d4e46a1079e5788b1235c9b24c7983d110dd75f60839c843,9bd3d4b876b29c2c256bfc9d3b40babb956040e60a67172a237697c0b7309746
1143,1142,中山大学肿瘤防治中心,陈卓佳,https://www.sysucc.org.cn/node/3924,详情正文摘录,43,59d04fdafb44267164316fa0444d866193603557e0fedc44fcdd7e5e1472fcf3,89cf271c69a6a9634b66d7c236617299c311d0b30bfcf174b1d420f968b06a4a,,0,,
1144,1143,中山大学肿瘤防治中心,黄红兵,https://www.sysucc.org.cn/node/3922,详情正文摘录,43,4c311c1a0766999811da279b8a6f0cf0d0f413334fb00e265d306d835c24db78,0cec5bf29117a94df95da4261f0af3c75608f794e157a591e07574d2a9eacf6c,医生画像仓库/01_试点医院/中山大学肿瘤防治中心/黄红兵.md,1,dab2b4513122272aeb585e4f4db1bdc5b64c01913cdadcf550e53073380d458f,cf07434d5eae1ef679552ca8c2ec708e0d7417658165aa330f2c8a1ed9d4604b
1145,1144,中山大学肿瘤防治中心,吴秉毅,https://www.sysucc.org.cn/node/3793,详情正文摘录,45,df7a83d214e75102e9713389ef3a6c1ef5afe8ee5acc7cffc1e189c34d9986f2,4e625782cd6e96121d17308acdc07f18f2cec77e9b612edc8cf926084f660a7f,医生画像仓库/01_试点医院/中山大学肿瘤防治中心/吴秉毅.md,1,3c640d0e0f85590ac3938fee775b0993cca3b833404d6b8a35e758f40f7aec56,01224139857b7503d927ca2e932df062626eb6ee2894c5e53d774a2b98c7db85
1146,1145,中山大学肿瘤防治中心,夏忠军,https://www.sysucc.org.cn/node/3795,详情正文摘录,45,749228968a3fca742ca882801e5a1d279632c2691acd9170fdca3417aa439689,dbfada8d353d637d2fd4700cabcb26ba5b9c06fa89afa5f8112e6967e2893956,,0,,
1147,1146,中山大学肿瘤防治中心,宋远斌,https://www.sysucc.org.cn/node/6470,详情正文摘录,45,f34514a8677944a4f962f5bcaa60e167156a6e82fd13d2d18bd79783d2423438,dbc42cc1de9736b7ebbe513288d760a35539190ca1d356890652991504f07d5d,医生画像仓库/01_试点医院/中山大学肿瘤防治中心/宋远斌.md,2,5f92396d3ed6cb8e4f0e9cb54e47e017e5579e29987372d3ea96c8d20580f6d2,e04167105fb3062c8a9d5514dd95dfa6a59a3472bc15efb859edb171d3130735
1148,1147,中山大学肿瘤防治中心,崔莹莹,https://www.sysucc.org.cn/node/6489,详情正文摘录,45,603d5a05c69b6e9970975856a1ce4b510b760f97b66ece2bb4822949f6b38e2f,54fa56dae8ee2680b844f376293b06293be4776af61e6c2602f259785b180290,,0,,
1149,1148,中山大学肿瘤防治中心,戴钰俊,https://www.sysucc.org.cn/node/6441,详情正文摘录,45,449c67b5238ec4d115a847afc7bbcd807c0187c914b48a981a24a809caa926ca,b38880e7493de77ce8543fce6c8c349f0107b8814e72fb57b8e94f8a7fd12138,,0,,
1150,1149,中山大学肿瘤防治中心,李雪萍,https://www.sysucc.org.cn/node/9742,详情正文摘录,45,269196f610a9e8355102a6b2a75745af081a3939c7d021cf1207d2e36fcf1c53,c01153168bd8de79b1e26cc1ed8c08df6cbe93871774373bfdfccacd2dcf1351,,0,,
1151,1150,中山大学肿瘤防治中心,束玲玲,https://www.sysucc.org.cn/node/6481,详情正文摘录,45,56fe83d83c6a6d2304ec99992dc17b359f6209b8a370b46d7570b675046c16fa,5dc179ebb94a318449ebc3adf7682bd99309e86031e5e1779652925ed37064bc,,0,,
1152,1151,中山大学肿瘤防治中心,梁洋,https://www.sysucc.org.cn/node/3792,详情正文摘录,44,905eb070d808cb908fb524f70051adaadeecca669d0d6e4c2b2f116cb155b2b0,ab0daa34b2c084be531818b23f6d2a957ab289f2ee117b9a7d19d3e6a7d20693,医生画像仓库/01_试点医院/中山大学肿瘤防治中心/梁洋.md,1,e771c63a0b4fcab3c56bb1fe4ee507c315b8448fb7781afd18d1b3d74ab12023,f4b6a824951ab15271cce8a4c0dc7b069258fbc54232e2a064eabf96495ac59d
1153,1152,中山大学肿瘤防治中心,王华,https://www.sysucc.org.cn/node/3796,详情正文摘录,44,39bea2b1740b39aed44d9846ad5edc9ddfc9beab46be9cb71a4f5b4c59ab82a3,13f0f369613dbedba6fbd7a945f7b1c8f06f4dbf4f05f2996c7e7ac76df50699,医生画像仓库/01_试点医院/中山大学肿瘤防治中心/王华.md,1,8b00f4a5b50930c48a76d12827e56eaac6c200a4346d4b680bc469e30d20ceef,c400ace35bc0aa9af16a02683230d48d1845e96922d2d721fe66396443cef75b
1154,1153,中山大学肿瘤防治中心,王维达,https://www.sysucc.org.cn/node/6480,详情正文摘录,45,953d941af7e0428f3e84dea20f1d39485af46310538bdddabd677a6942784fe0,a65276364ee6605dbe9d555836cbc87574d96b413a368d4e2da2cb18d96edec8,,0,,
1155,1154,中山大学肿瘤防治中心,王韵,https://www.sysucc.org.cn/node/3797,详情正文摘录,44,ea85cf41b36ed119e59f735d85b63119931f20ad4f9fc8fdad90aa3dfbcab124,cba4c665adba00bc2adc1c4c96a59bc5e40df92a92be7241d9204949c08e5e36,医生画像仓库/01_试点医院/中山大学肿瘤防治中心/王韵.md,1,6363d0445d0aad0eeb9fd9b387cf27951dcbae4f466d5ff297811304ddbb48ce,6defdd71f3405fc79ea299733851b176b83e6d49204b386a614d9984755f02d4
1156,1155,中山大学肿瘤防治中心,刘丽珍,https://www.sysucc.org.cn/node/3901,详情正文摘录,43,92203a032a4ab929e56bae3a4cdc092779c4435379148b69bb0669d7d67e14af,3f81879c14076796f13cb003b8886ebcd22e677a71cd06e44037cf70a9b8c425,,0,,
1157,1156,中山大学肿瘤防治中心,刘敏 中山大学肿瘤防治中心 副主任医师 医学博士 硕士生导师,https://www.sysucc.org.cn/node/6668,详情正文摘录,42,959beda78016b038de270f623509749bdc2b7385b6b74aca058252575ddf0187,eb726791e01c99a6088906d560b4011b7d10936a08e3a50d49f9cf96d6fa98c4,医生画像仓库/01_试点医院/中山大学肿瘤防治中心/刘敏 中山大学肿瘤防治中心 副主任医师 医学博士 硕士生导师.md,1,2babeca516c751f0f4e03c60fcaa44873f3524c1824dcc37cd76e7238870a268,c8545dbffdb49649b72f50b0dff99cc885d6ec56af0794918ca6b79f0efbf64f
1158,1157,中山大学肿瘤防治中心,刘玉博,https://www.sysucc.org.cn/node/8251,详情正文摘录,43,a8514d61ecac09391eb6489426de6ddcf3313d46ea8f365f8c279cad9518b0b5,534b046a98bd498fb0b9b26890d3889506f56a006ec0669c7872a220080428eb,,0,,
1159,1158,中山大学肿瘤防治中心,刘隆忠,https://www.sysucc.org.cn/node/3898,详情正文摘录,43,9e9c861463c29b66dee341849e5bd603d78f2ce8ac38fa00290929f8a19cd7eb,020275b03d5b0c55e16b09847e7b1de229a7b7ea5ccdb5ffbb71a89cdd550d9b,,0,,
1160,1159,中山大学肿瘤防治中心,周建华,https://www.sysucc.org.cn/node/3894,详情正文摘录,43,c44572a938f4dd846cafc4cc521d9857a8415c07d7ea90a5d0dbdf0dccef7b78,613bca08f8a19f76ea8bcada86251a4de8517ce5ab11db6369abb7c006195e4b,医生画像仓库/01_试点医院/中山大学肿瘤防治中心/周建华.md,1,70f3ae97c3cc5ccb6f8683a9f70cc2e3fd91ab1be51b6f923d6eb1f6db822fb2,195d82e0405adc3b76135081f0187538b83722876c06276aaac25f1583c61bef
1161,1160,中山大学肿瘤防治中心,张丽媛,https://www.sysucc.org.cn/node/3902,详情正文摘录,43,f8747ff70ddd00352c981b3b33ed99f05d1b6d7ac9c4045c6a2d9d79b071b18e,cc448a31a3a0ade1ad1edbccdf0fb32c4e24e5ebe2f3a6f946ad86e8e787c50a,医生画像仓库/01_试点医院/中山大学肿瘤防治中心/张丽媛.md,1,adeeeb0a7e4b5f5b91a0f4ae6dbb7a15f5dd34c3b025d27c66b430d6d8d04a79,26069d939a858c8f53d15a7037d4f1ebbb6321b6ab709a7643d5697ea411ea56
1162,1161,中山大学肿瘤防治中心,彭盛,https://www.sysucc.org.cn/node/10353,详情正文摘录,42,6965de83429bd37180d2ce0eea057fd19cbedb43b7ec920163d1d4b065f67686,ad4c9e5fe1814b8dfbd1ec2b04b054707a114626a1c1af7afad07430b46660fb,,0,,
1163,1162,中山大学肿瘤防治中心,李安华,https://www.sysucc.org.cn/node/3893,详情正文摘录,43,893ec1cb71c641d189cb0d0b14659e82b7def32bbc414f9542370190fac4122b,6ec7b9bf8365785f4cfd8c8844584f28417ed8d2d651a61b6ea25c736b4c107e,,0,,
1164,1163,中山大学肿瘤防治中心,林僖,https://www.sysucc.org.cn/node/3895,详情正文摘录,42,1f0fefa16eec77ca8234003d33ea861678356e210ac12e6ef5b3ba67be1d18c8,9ebd2fd40d1f43434f326a99618b8b6dc47781eb6f0b6e50531fd01d5a3e31ba,医生画像仓库/01_试点医院/中山大学肿瘤防治中心/林僖.md,1,8f86ab87dd6af87d044326ea6669115733ac8ada940e3d4db04396aa783779a7,58f5d51ce52377a4c68e03e8d7d60cf538ad3c79c6c72c49dedb9010d18c6a89
1165,1164,中山大学肿瘤防治中心,王建伟,https://www.sysucc.org.cn/node/3903,详情正文摘录,43,17d7ca7d64cb1d436876cb899f80a9aa53ca833084917fae75d393c3ca08fe4d,63a42d5df3006e416f983f5f693d9136461869ab21be703084f517f85fac4313,医生画像仓库/01_试点医院/中山大学肿瘤防治中心/王建伟.md,1,22984f8e9d8e74606ce18bf84e2791a644e15e65f7436a5ce9a6946b5d59c7a9,e9e668d02c382f9d4938ba2ae56626ed0870370f1ac02e67f9054f91936fd521
1166,1165,中山大学肿瘤防治中心,裴小青,https://www.sysucc.org.cn/node/3896,详情正文摘录,43,66144004e32fe1cef2671c85b4a7fa2bf8d5cbd4d793bd95dc7aca0dd580b6a7,6ecd4ec20ff07488a1dfa88679098cf2b68c8b2b95b46c36ad376dd136b1169e,,0,,
1167,1166,中山大学肿瘤防治中心,邹如海,https://www.sysucc.org.cn/node/3897,详情正文摘录,43,490b8d4f449a1036cfe049671ffcf168dfe7cd9c5b6c44962f972d1480b90c59,9d191ba2ab02e61e061544807fa9b5fa51ecc9091bf8a51db80f0eff902fc885,医生画像仓库/01_试点医院/中山大学肿瘤防治中心/邹如海.md,1,0f6df1d6c23c4193c1c015d9ec1e6171f878d1c6800a33b8dbc90b332e823aa6,5d0ab6e1daee6d9bd7b2fe46963230d03a26ee9b4416752acd9273fc6b8a4560
1168,1167,中山大学肿瘤防治中心,郑玮,https://www.sysucc.org.cn/node/3904,详情正文摘录,42,9cea9d4575016cb34a373554acee479e7ba4712842dd55198f8c82f45bad6b5f,aa964ba856c9d7604bcb024ee4dcc45cd94550142255c2309b335c97f7c752bb,医生画像仓库/01_试点医院/中山大学肿瘤防治中心/郑玮.md,1,e67406524942b59f19f81a3133d3c2c9222c5f020a85a410fd7228a9fc16491a,4bdffc86be93bf9bebf2340708ee93830f207ca189f6aa872e3e3314a5393abf
1169,1168,中山大学肿瘤防治中心,郭智兴,https://www.sysucc.org.cn/node/6525,详情正文摘录,43,3384fef25ca4d58bdc741df15c08438e34a04957b76fb0c68e3c27a137aa3b2c,e8390356cf8f06fd242ed1d773fc7659e0954ff2c16a22a7ead3b9af24322ef9,,0,,
1170,1169,中山大学肿瘤防治中心,韩峰,https://www.sysucc.org.cn/node/3899,详情正文摘录,42,328fc7c45089778ea243baf3bc741e0b94bb288c72c895fc4a29f54ac2ed3c36,824b48cb5703a55ae6e90fbe05fc95a0fcee4f273582901ea32a67d294a65d64,医生画像仓库/01_试点医院/中山大学肿瘤防治中心/韩峰.md,1,e366448880ef8fae307b3b47f8a8060c58d64acce561762d09778bef17db3119,296bc897058b2878a48b71722294bdaaae5f8ee9c01c87c8be357bb4be9c4c51
1171,1170,中山大学肿瘤防治中心,黎剑,https://www.sysucc.org.cn/node/3900,详情正文摘录,42,6cb58bfee3c4a2a517472d8c38808d43be9de35cc9eebd0fa596625349cf6e80,1aaafeb6b8858804da702c63e61fbb1391d67fcb02ea81ec069932ec97122ca2,医生画像仓库/01_试点医院/中山大学肿瘤防治中心/黎剑.md,1,089bda71067240781174911d4124bd6ea164de5c318b8011a1b3b4ae7f1e6176,2c89b3b028d5278b786a122dd93678d7832c7da295345a705bd92b4fdce8b230
1173,1172,中山大学肿瘤防治中心,娄宁,https://www.sysucc.org.cn/node/3809,详情正文摘录,44,cfe619d7719f125d1376b34e5fd348152d98a6fec424c199b4b9d0c47e1878d6,787d00ec4413a1927a44383f4e2a15cfa25a7ad6192755dfbabeb773a687e68b,医生画像仓库/01_试点医院/中山大学肿瘤防治中心/娄宁.md,1,e75c86f2fcd54d7f570007f215fb90ee7dde87c449ad25f166db7f0b3b873a7f,505c47c102826ec864b18b1f39de0291450c8b2f3aee0fada265d7c20d1cb8ed
1174,1173,中山大学肿瘤防治中心,廖伟,https://www.sysucc.org.cn/node/3814,详情正文摘录,44,4aed542ae568d4b6d6ccd2cf6090ad3e0d9085925a813ccfa2570df11f09dd7f,d99ff5eeb7c8c9b1d98d78f53ae6c095ee0b2e4c2fc4a528a46e896048210a37,,0,,
1175,1174,中山大学肿瘤防治中心,方翼,https://www.sysucc.org.cn/node/3811,详情正文摘录,44,7fbd79799a591eb004e9de20be18c8d6636b3657690948843dc82199c40b31fd,3f81879c14076796f13cb003b8886ebcd22e677a71cd06e44037cf70a9b8c425,,0,,
1176,1175,中山大学肿瘤防治中心,曹训,https://www.sysucc.org.cn/node/3815,详情正文摘录,44,fc60b300efcf58982a1a3e632baf37b761477d6b2e403b4e10270916c7ec7c5b,d99ff5eeb7c8c9b1d98d78f53ae6c095ee0b2e4c2fc4a528a46e896048210a37,,0,,
1177,1176,中山大学肿瘤防治中心,李欢,https://www.sysucc.org.cn/node/12823,详情正文摘录,44,41ef6aa9359f38276f14f4c7c395ffa989fdbab209695cddf90aac92fa462ff2,9319f31828e0e36dc1410103b4110696b882c0d2c688464d04f43e958e59d45a,医生画像仓库/01_试点医院/中山大学肿瘤防治中心/李欢.md,1,24c548e42f955a2dd14d1b53c375a1b458484e8055ed9fba754f8da6d96ada00,14c75d6450cbfd6a1915f291c2a6419c321e2c27e2390e9adbae2ca8cfee6ce2
1178,1177,中山大学肿瘤防治中心,汪道峰,https://www.sysucc.org.cn/node/3810,详情正文摘录,45,3025c1fc11242ac69129be69ad19c0024fe0f2db0d127425face43159b0999c8,26931f5b56acb72aa9953232a85276225a16076d40cc252f1e9a5754038386c9,,0,,
1179,1178,中山大学肿瘤防治中心,赵擎宇,https://www.sysucc.org.cn/node/3808,详情正文摘录,45,51f2887d6f62a0085cc485691d5ca1586cb5efd0b27c60363c02c4ea09347bde,86d4965847caa3802040c6349288456e1cb5b692789604bb65f0961644a7e691,医生画像仓库/01_试点医院/中山大学肿瘤防治中心/赵擎宇.md,1,c34bb91a82417d384be0b4266b69042152b4e270151f3d3bbf29ef837e608246,59561bffef597636222df848211b94ae018ad7d9015e558156c945295f21c01c
1180,1179,中山大学肿瘤防治中心,顾葆春,https://www.sysucc.org.cn/node/3812,详情正文摘录,45,beea78f98b2e356abeffdfc30bdbe632ed0d464f398a960d483dea3e01b10cc5,41a6827d43e0dbc702797042cf6399dedcd37e894915d0b16c87cd1fb8158d03,医生画像仓库/01_试点医院/中山大学肿瘤防治中心/顾葆春.md,1,dc811341cd22e85661d0e0cf7b00739465e5749770802cb5877cfe9b7a45637f,59e80b7900db1dd3c62a8a70f79a298d552df45d1dc1aa48f97b619610c158e8
1181,1180,中山大学肿瘤防治中心,马刚,https://www.sysucc.org.cn/node/3807,详情正文摘录,44,105253507d70449287a5152b79aedcca46c51b0b6066997d74a53e7122e3d480,5ce9c4d6a7105fb207a25946535222e44efe3e0cc7a9056cae447e0f1902043a,,0,,
1182,1181,中山大学肿瘤防治中心,严岳,https://www.sysucc.org.cn/node/3944,详情正文摘录,49,cacad71322654d1dde14ebaef40a0bce8e43f016b37b5ac958d4e16c0112f9d9,52ac427e85c85b99a87676b1ad5de0fa00ffa65bd4949c5571bcb52cc321a9de,医生画像仓库/01_试点医院/中山大学肿瘤防治中心/严岳.md,1,fb11cd7c5c9e940690fcc6c17a66fba44a189102b9b0bcbe5d5c0ecc2927d8f8,6d532ab900a89754f3325dffe962798ca0939c3c40cdd44cfc1e680c630530a3
1183,1182,中山大学肿瘤防治中心,刘宇英,https://www.sysucc.org.cn/node/3942,详情正文摘录,50,84dad96db8bdfce28396efe3b036d8d287dd448099f276950608c46f8706fb5b,355bebd4ee66aff62481a55cfd1e87b107c746fa1b707face9d9a04c6263f6e7,医生画像仓库/01_试点医院/中山大学肿瘤防治中心/刘宇英.md,1,1cfec70294275cceefe0d42c42387284ddbfd021b608c35749484cfa001d1bf8,f6e60f3d9fd4d416c9ea4c5e44be89a4ef21dedbd6805ade9bb9542e56da725c
1184,1183,中山大学肿瘤防治中心,李艳红,https://www.sysucc.org.cn/node/3943,详情正文摘录,50,ee83ca5616d40fc68e9015ac8fb23c8860e1c05067372bc17a4d080b4c8f38ba,f9fb9e36d0d36e2b4778eb19477ce966e3ecca876dbeeb3a36486cd9be71b85b,医生画像仓库/01_试点医院/中山大学肿瘤防治中心/李艳红.md,1,88ffda135b1f2c69927092da3aa06e51bf074e3fc5e64c218ea5bd9fe9000e7b,ca6beaca95ffc1a7c77f50a08cf9a42ab1c8b08855966593bb2b3abc52dbee4b
1185,1184,中山大学肿瘤防治中心,谢传波,https://www.sysucc.org.cn/node/3945,详情正文摘录,50,4bbc91b5e1ea48ac6535a8d1f6b943dd103c26279cfb4cdaf99b171ffaa0dc16,3e318a24ef4299fb4bdce4a0799a70d11e169eeae65c7be403a7160d60995403,医生画像仓库/01_试点医院/中山大学肿瘤防治中心/谢传波.md,1,b6cf458425a457e80135383d347399cc8c01cf7d10508f420e15828efe4d9619,3b733152565afd0cd42b4535292e264110e9e7195aac02676af7ed969ed3e396
1186,1185,中山大学肿瘤防治中心,卢金昌,https://www.sysucc.org.cn/node/3671,详情正文摘录,46,0d142f13e672eb6a1fce7ddd46b7cab6080f170d9a4c7f6198c40afa99133b06,04bb7c57db50569b61a4581955670f7fa0c1342b5989d69a737a11467cb49e05,,0,,
1187,1186,中山大学肿瘤防治中心,唐清连,https://www.sysucc.org.cn/node/3670,详情正文摘录,46,13257005ae7962061f7e44eec694e37e8d5de300f452280b584acf83f10689f9,3f31d35bb66d371b7033bd4cc842cb174c3a3049302b962a711587901322d0c6,,0,,
1188,1187,中山大学肿瘤防治中心,朱小军,https://www.sysucc.org.cn/node/3672,详情正文摘录,46,eaf4928d962761381dac8d549005403b1c23d511d9ece21fc8e03f5209e75648,4f481491fcc19213cbe92396e52fa29a91041de531bf6467a2c5714f7024c62b,,0,,
1189,1188,中山大学肿瘤防治中心,王晋,https://www.sysucc.org.cn/node/3669,详情正文摘录,45,d2443c5527f74f1fb1fb593081cd29fb8c5c42c97c3bf22ac545c09a93eed142,d7bd4d05c458f84cdbd57ae2e56800d743e46634031fb4244f86163623c0e0c4,,0,,
1190,1189,中山大学肿瘤防治中心,TBLR1诱导鼻咽癌转移的分子机制 2. 广州市科技计划，第一负责人 课题编号：2014J4100181；执行年限：2014.04.01--2016.4.1 课题名称：锌指蛋白488（ZNF488）作为鼻咽癌转移候选分子标志和和潜在靶标的研究 3. 广东省科技计划 第一负责人 5万元 课题编号：2012B031800255 ； 执行年限：2013.01.01--2015.12.31 课题名称：AEG-1诱导鼻咽癌早期转移的分子机制 4．国家自然科学基金重点项目 第二负责人 280万元 课题编号：81230045 ； 执行年限：2013-01-01~2017-12-31 课题名称：融合基因AARS-MADx诱导基因组不稳定性及参与鼻咽癌发生的机制 5. 国家自然科学基金项目（青年科学基金项目） 第二负责人 23万元 课题编号：81201629 ；批准年月：2012-8， 执行年限：2012- 课题名称：IGFBP-6调控鼻咽癌转移的分子机制 6．广东省科技计划 第二负责人 4万元 课题编号：2012B0318000353 ； 执行年限：2013.01.01--2015.12.31 课题名称：鼻咽癌放射治疗后放射性视神经损伤的系列研究 7．2007年国家高技术研究发展计划（863计划），第四负责人。 课题编号：2007AA02Z477； 执行年限：2007.06.01--2010.11.30 课题名称：鼻咽癌早期诊断新方法研究 8. 2006年国家自然科学基金面上项目，第三负责人。 项目批准号：30672297； 执行年限：2007.01--2009.12 项目名称：载顺铂磁性纳米药物制备及其联合放疗靶向治疗鼻咽癌的实验研究。 9. 2003年中山大学肿瘤中心留学人员基金； 第一负责人。 课题编号：本院自编号； 执行年限：2003.10—2005.10 课题名称：晚期鼻咽癌DPD和GSH分泌规律的检测和时间化疗 10...,https://www.sysucc.org.cn/node/1528,详情正文摘录,42,122d3d7bf9cb504a6d46ccbf7fccb8745c46d05a2c4360f09aab0d694a558135,6d51c0556d8cd0e7cb9a3daf82fb2c7fb33b26ae28a3ff9052a8de52efe731fd,,0,,
1191,1190,中山大学肿瘤防治中心,刘丽婷,https://www.sysucc.org.cn/node/1646,详情正文摘录,43,b4c14d5a416c2cba0585c07eaa3df49c05ff5b796a93d92b42bc2f87377a9d43,f969333ab539c99a14cba64a94a1725fe2d07d99d1ff5dc6b898e6a284572c85,医生画像仓库/01_试点医院/中山大学肿瘤防治中心/刘丽婷.md,1,3a5e15207a199a9aec730b310ad77313b1766844007df698bfde4c865fa5c989,afc65c462360c772561d6d38c61c492a3bf8bb30d5acc5b6fdeb6daf35913398
1192,1191,中山大学肿瘤防治中心,刘赛兰,https://www.sysucc.org.cn/node/6500,详情正文摘录,43,feb2388ccc9132753ee390d2dc5d9975ac738c9e7f65411132f173c8c39b94a5,51955014e2e8c477d5c503b6f41a1c1a2c72ce97e47269246d45475415dff9f8,,0,,
1193,1192,中山大学肿瘤防治中心,华贻军,https://www.sysucc.org.cn/node/1644,详情正文摘录,43,9764f7f4088158251457aba23de3b5cfc61e8615d51044a2a846895dfda8542f,2bb65abc8dd24a021c18443d64d65be3751d8b01e83457884b554b124c468543,,0,,
1194,1193,中山大学肿瘤防治中心,向燕群,https://www.sysucc.org.cn/node/1530,详情正文摘录,43,68d5d0b70a833be06889f098d0e9f6927badb5579b07dbf8b65e129d73083f88,bc5dab39aada2a4d37945cd9a66fcd5e4b68511abb3f13b6a66e29a71d859aef,医生画像仓库/01_试点医院/中山大学肿瘤防治中心/向燕群.md,1,4deee75e23edb7d5fa495b375c7b3ed6c3015b57e2bd224af8af15cbe5093db0,566bb175a489f3476043a2eb49773348b310bc59e7b9025afe78efd3087add27
1195,1194,中山大学肿瘤防治中心,吕星,https://www.sysucc.org.cn/node/1642,详情正文摘录,42,c65f79c6e08b1faa54859f4afaf1fcda99a0076a59965991d73c2db6e2ea6e9e,f5c362d6b3dc1a0438f3d6e168880af82d8eaf7a84df5f56dcea57e50c5295bf,医生画像仓库/01_试点医院/中山大学肿瘤防治中心/吕星.md,1,bdf1ba0fea193760c135ea84fdd90c05e921b7c23ea7abe5ddcc2b0dbaf33304,b0cdd23ca6d8bb724d35ebcf404dce38691b1f2fda831a56c6d1a8278ee00f99
1196,1195,中山大学肿瘤防治中心,唐林泉,https://www.sysucc.org.cn/node/1650,详情正文摘录,43,dea30f0ccf84e4ef04b07d6ba680829abdaf4651789f4b58e63fd3357bc75e0d,566c5152934cfc874dc77ab9eb489435962f4bc2b02a1f2afb9b359c645f1efd,医生画像仓库/01_试点医院/中山大学肿瘤防治中心/唐林泉.md,1,da88df841fc3d1e0f121a6d01e975c0429d72c3fd55118aff5127eed923ece9f,3b3ae3a2a0cb3d97595c1848c8c21e7a2286a6ef6b7708323d4456a112575805
1197,1196,中山大学肿瘤防治中心,夏伟雄,https://www.sysucc.org.cn/node/1643,详情正文摘录,43,0faa8c7048d66a59fc1d6d2cda3f02dfe97b8baf122523aff22ddc5caca745c0,22c796b1f489c8ed2b554689433730181923ae62530e70fc4b955fbd82b35d73,,0,,
1198,1197,中山大学肿瘤防治中心,孙蕊,https://www.sysucc.org.cn/node/1533,详情正文摘录,42,187e0c96a1cec19df1895ce1750a9c47a93ce3c454b4265067f7839630b4b728,bc3948c29d585fd23c6e93ba0ce3ecbd92ebe3088ef5338047beb3ef098c3acf,,0,,
1199,1198,中山大学肿瘤防治中心,曹卡加,https://www.sysucc.org.cn/node/1527,详情正文摘录,43,eaabca9adbb97c4af2e5a4b1777c006b121fa1497655dcc5f6d6475734da5069,d6f556187a4f182c48ae0a23720a496f23952ed9c4a58c33545c5d91449b72c3,,0,,
1200,1199,中山大学肿瘤防治中心,杨琦,https://www.sysucc.org.cn/node/6351,详情正文摘录,42,c195542f69ffd1d4d0b0c553b2dbc09d7d721b762d8e37aa52f7d0f7dea0d3fe,8edba554d474c1c60b870c6ecbf4813714e11defde0c3acd6d338e6a317943cc,医生画像仓库/01_试点医院/中山大学肿瘤防治中心/杨琦.md,1,418eeb986d7bf309eb0c2e710c0f29eac7cb1697e2f7732637b5d0b53416a5db,323f140bb6f557c2c2581a1adff654dc5745c8339f1b2fd9c07451c2499227f7
1201,1200,中山大学肿瘤防治中心,梁虎,https://www.sysucc.org.cn/node/1649,详情正文摘录,42,98387c4b5a304946a7abf78e3bf0f1a3b3774e63829055e3e10cba1053ac1f92,02a2506ad803e322aeffec446bf881b573a96af126d077c9d11f474aa8cd547e,医生画像仓库/01_试点医院/中山大学肿瘤防治中心/梁虎.md,1,c1c3bd070597fe4988412380889315b335a677aa6903cd36896bf76780128cb2,b6ce88b947b0debbb5b0c27f78271fabde7b3f692773b372118bf77f3cbee5fd
1202,1201,中山大学肿瘤防治中心,王琳,https://www.sysucc.org.cn/node/1645,详情正文摘录,42,69b643a83a1a23f01baa9d34ad1c748e5de648681e5674ad92dab5fc9bbfb43a,b26d123af3d251b245e6e88165de2de7bab755027713cdce3bb59f87cbb1e9b1,,0,,
1203,1202,中山大学肿瘤防治中心,罗东华,https://www.sysucc.org.cn/node/1641,详情正文摘录,43,c4c7db83323250952fa66cfb130dd70c8bf246f204b1a4483ef709c1570a166c,830ee96bb5973fdcc0264051f5fb867996bbfa62939855362154aacb8a6bd742,,0,,
1204,1203,中山大学肿瘤防治中心,苗菁菁,https://www.sysucc.org.cn/node/9722,详情正文摘录,43,e2eac3ba4caad5880f2b8ad33284240111c81ef2ae0590762afd96d9979bc1b9,5d95c7e9304a1327618639c8c0a2a874f8db5815baa03d70ad67ce97bd4bc066,,0,,
1205,1204,中山大学肿瘤防治中心,莫浩元,https://www.sysucc.org.cn/node/1529,详情正文摘录,43,9b432b687e22a3ef26d95a1c5207941777183c47c44426089716a9c640e07a86,6c1803d12deb22b3a71b1d00d793d076ed443b0d2557cc9ab8b4146e2b6b9ccb,,0,,
1206,1205,中山大学肿瘤防治中心,赵充,https://www.sysucc.org.cn/node/1526,详情正文摘录,42,5c26a765cdb414e854dced3995a9d424d9ea7738b0efe2a1621d105c95ac3a09,55621691a58ed7ebb0be063c883242dc58ea6d87b1251348e6f4a95bde63cbfb,,0,,
1207,1206,中山大学肿瘤防治中心,邱枋,https://www.sysucc.org.cn/node/1640,详情正文摘录,42,586abf19f7b62e1c35511f31bd4186e17ed9746f859246dc65dfcd78b3d0e674,4d92130a83fae89ea52a6eac640b89c506c240ccf096ea174add2fb4513754be,,0,,
1208,1207,中山大学肿瘤防治中心,邹雄,https://www.sysucc.org.cn/node/7691,详情正文摘录,42,1b29761ea06c8f47bf3aa71b143e50b4bf73e27ab9f7fa88a5f87fe72525f932,d50ec410ce60a92657fc467c87a7bbe6c3edcc801e715d362c2cedd3ac66f9af,,0,,
1209,1208,中山大学肿瘤防治中心,郭姗姗,https://www.sysucc.org.cn/node/1647,详情正文摘录,43,c010a94bb1d89a7bd23ff9a8e320a534e4346bd5f0e54af62a241b6bb71fa411,63f9bbfd9db128a6c4b1f1bfdbae7ad1afe6a5febbcea0fbb2cd782ada0fb0d9,医生画像仓库/01_试点医院/中山大学肿瘤防治中心/郭姗姗.md,1,7c7bb26478284e3acfd1d4b490c7fe6254797865c781a463536e003a0611585d,c7c33a45810f03161cae5c7c2ad97f5c5335b821af5abd3481551167f6304d0f
1210,1209,中山大学肿瘤防治中心,郭翔,https://www.sysucc.org.cn/node/1523,详情正文摘录,42,f1b005adac133750b0f1fdc3e5884adc689642a40c253d06fb02f24ac1836969,2555bc7f391457b40b5cad1e3cf9ed9fbb17958fe1f5aacd23cdd158301b03f7,医生画像仓库/01_试点医院/中山大学肿瘤防治中心/郭翔.md,1,255c87eb202440056a725830d2139560afc7f763086c07905c958b982e6627e7,fb9bc626662738b104857f287a421656a97420c266f5fe29fcabf79060ff26d4
1211,1210,中山大学肿瘤防治中心,陈明远,https://www.sysucc.org.cn/node/1525,详情正文摘录,43,a14683ae8d2354063057652f3623db59f1ae7364dee1f8b43e844ab892a9a95b,83501a4d87e14167305f1db7145b62cfafb5b9d6c38b72bc960dcf0f2fb69d1a,,0,,
1212,1211,中山大学肿瘤防治中心,陈秋燕,https://www.sysucc.org.cn/node/1531,详情正文摘录,43,4237174631b01a9fe82f951b1c63ac3ec14fb125a492995fc7e1c14dea7f9258,96cf07be226ec7ab10d49e00d01959201962a1674e2bbf94550fdab966dc323f,,0,,
1213,1212,中山大学肿瘤防治中心,麦海强,https://www.sysucc.org.cn/node/1524,详情正文摘录,43,be20a112b19df5eeab18fb247bb7ed0f1f55bdc7f854819b5f055058c16c190d,4eb5c4cbf922b67e58b0350624c8c94509a3807236418b6743cf7c2a787d87fa,医生画像仓库/01_试点医院/中山大学肿瘤防治中心/麦海强.md,1,efc22b92dd4eb8d1eb1173f5478bd3ceb03ec1fcee4a68ef698c9fce4f45f80b,493a8c0906e12f5e2775ec949680ddd6c01d4db3b9c9dfcbc0b6862c7820de2d
1214,1213,中山大学肿瘤防治中心,黄培钰,https://www.sysucc.org.cn/node/1532,详情正文摘录,43,b42dd24e774577781fea070e0600c530f836d5033031ff493d4c75f311a0d9b9,42db91fc50d41fc55772dbdcfdac2a606b8f18541eba6188d1e8aa0e3b62b93c,医生画像仓库/01_试点医院/中山大学肿瘤防治中心/黄培钰.md,1,38402bf8b61246e48d2e8b4afa974da120d732086e228e1a834760396f060a68,43f1f46f9425ad584bf9a36940a8df81157da5a39a31bba4437c32312210b00f
1215,1214,中山大学附属第三医院,内科,https://www.zssy.com.cn/node/6008,详情正文摘录,16,1d44370c8c6d1ba9de59f12b2888a7adcb0f045bd2289b67a6867501bafd1020,94d15af4c89307ae96839e19061b64ca08364c2d81536c16fd1f885d885c1cd1,,0,,
1216,1215,中山大学附属第三医院,外科,https://www.zssy.com.cn/node/14062,详情正文摘录,16,7a0a855ed7cb50626d4b0bd96a3c418378bc5234ccc6b1c4397b978ddfe55e94,493d809bd8840c62c25ccb4513b412cfa1e7a94d96394e9248b80a8cde3a7e13,,0,,
1221,1220,中山大学附属第三医院,精神,https://www.zssy.com.cn/node/14071,详情正文摘录,18,c677c1b5a08b56ead88597295bce1949cb8d9398e30adf14a0d9c582431e8fca,3f93ab4dbe27b4c83d87dfd7157cb1ce10178f434abb84813e86b2406a05aba3,,0,,
1222,1221,中山大学附属第三医院,中医科,https://www.zssy.com.cn/node/14072,详情正文摘录,14,0fc007effd31039fd74e8b5c33aaf4acc5aa29e5770d2b6539bf8674263ef1d4,59bf28b73a38ac9687b273c9c46c14725ce9ad6bbc232543f4049dbb8fe8fb25,,0,,
1251,1250,中山大学附属第三医院,介入科,https://www.zssy.com.cn/node/14059,详情正文摘录,14,afe0c1616bf1b1e5d730388a9e685e838643618e4a43a27fa87e0a6f934db1ee,20a8e9501d4745e6a9f367a486aa9c785876c55b2b2bcfb81187529340a7539e,,0,,
1257,1256,中山大学附属第三医院,儿科,https://www.zssy.com.cn/node/14065,详情正文摘录,13,2762891906b1afcbd47dd81878b9409f109624f247c748c6da87017b3be645dc,1fb845b6bda821e57e28248d30cd9e0e1760123f44fa273255d89453e763781f,,0,,
1293,1292,中山大学附属第三医院,杨旭斌,https://www.zssy.com.cn/node/14124,详情正文摘录,21,db59c8cfdc599b2a31984643e75a73e422f99960e1347b69a891413ea382e475,d8aed3b42ab2b9047b063c92844f75ef1d92ef81e76da0116baf8466567dbb03,医生画像仓库/01_试点医院/中山大学附属第三医院/杨旭斌.md,2,26b539f1dbb67f6c8090a9607865bb8a3057a0c4febe1d63fd65260f8ee2e4f6,3fc3dc488dcec128a7f066553aa690d8368f61d7c5daacb60e7914dfe260acb8
1296,1295,中山大学附属第三医院,王曼曼,https://www.zssy.com.cn/node/14127,详情正文摘录,21,ebaaa96007849c428463969a148b358ab183a9314dd32501fd6feab13da2f3a0,2fca608540a438b9e2d5e9fd06f4041ad465d104ebb85ebc48198cff2ec86aa7,医生画像仓库/01_试点医院/中山大学附属第三医院/王曼曼.md,2,c005b00dcd7bcd9a8e391cd664e78e5ae4d539875a8ea280686efdfac9d55952,b3ec2197ce64648f4aa65a545be180988630e7fe2a359bdb402d757e1922bb58
1327,1326,中山大学附属第三医院,口腔科,https://www.zssy.com.cn/node/14068,详情正文摘录,17,7602c8ab5865ae218d7e1659a96e5b4db496fe557cd5ad56175b67adc3cac60d,cae7da620bb667c5ab55cdd5e4a5db13349563d91f313ac33430a6357c25b49f,,0,,
1340,1339,中山大学附属第三医院,刘慧,https://www.zssy.com.cn/node/11033,详情正文摘录,20,60c237286ab9971bd5bfd9e4eec0e937388c4e25960288f60b1109811c83dfd1,91792b755857cc880b90c56c39391f3b888eb850ee5d76e09f5624c621470114,医生画像仓库/01_试点医院/中山大学附属第三医院/刘慧.md,2,4490d82f4956416b280f406dc7efd5a7630ea1b3bd61ce44b1efe697b8825667,8b61d61299af57f1b5ccc67d6e1e38a68e39a8002da4fe182f7b1082e8373db6
1341,1340,中山大学附属第三医院,周宇麒,https://www.zssy.com.cn/node/11037,详情正文摘录,21,f2cb147d0fff21016fd06262e7cdf214d405b36e19fb1c23266867766435f84a,8e0bf95fc5d64dc0d147b2c597dc931473973de3dad4706364c752f7e1ee9c7c,医生画像仓库/01_试点医院/中山大学附属第三医院/周宇麒_呼吸与危重症医学科.md,2,05f0ea138bba57b4fe71904c62979544a0e613328f74573bd53a8667a078fc42,fef9823390a98380bb9e862217e58e99ed07490fcff0d0a97448f5214547f135
1342,1341,中山大学附属第三医院,张天托,https://www.zssy.com.cn/node/11045,详情正文摘录,21,5680cff6cb935b7263c98ab44ae3fd2d679aae1fb2c5a592570b2de2f3951f3c,c2163220837cac3b6b62cfb2885a7023d36f6cc2d7df15e17369386d74809847,医生画像仓库/01_试点医院/中山大学附属第三医院/张天托.md,2,91f026fed621423a4030b5cedbbb8e07136233f0098d58df57d59b25e4df67c6,09169986e760649326b8c0d18532383036a45dd8a99a6e8b42b9ff111903d75f
1345,1344,中山大学附属第三医院,黄静,https://www.zssy.com.cn/node/11048,详情正文摘录,20,4c06f0ff736201940646b4ea125b3fb0e534004e38321c3f73fdbd96486aacf3,ca6213188b1ad130828386873da84772252833e647a4d80f4b498782d6eaeafe,医生画像仓库/01_试点医院/中山大学附属第三医院/黄静.md,2,4cac08fde584713cb46af13a69a15a41ce6e38d11c2316f555706b5bafe12b5f,4778dd41630282cbb09e737bcb9c4bfd8d3f070b5080157588a1ee71e4923d24
1354,1353,中山大学附属第三医院,刘穗玲,https://www.zssy.com.cn/node/15106,详情正文摘录,21,7ac525c9c945d469be0cd5960db52204878208392194d83d7396fe12c34001ec,669f5d425a0e43b42949350b0163654bec15271cc054faa94ccaf6d6519ce874,医生画像仓库/01_试点医院/中山大学附属第三医院/刘穗玲.md,2,339de09f023fe712b174525965d90ff76593e34423e866bcf77c9762e248a218,0af2f8200eeefe6fe6d74027d4a65a887cfc939ab0d9fbe495e329927b86f3d2
1359,1358,中山大学附属第三医院,妇科,https://www.zssy.com.cn/node/15114,详情正文摘录,13,35e4f3ae0fdad4b45d92125407bf2a2225debfc7dfb752c73e7bab9558e48eaf,cc8fd9b4f2bb9d8a0864668d41d78fd17a909fec10c85070b1b27f9cdeebf75f,,0,,
1361,1360,中山大学附属第三医院,成娟,https://www.zssy.com.cn/node/20117,详情正文摘录,20,06b120492be627e60831fcd3843457956b76559b5aac9e20b3f1d3130d2bb1a2,0cc47b78ac34e84a0abe75e3d91f2b5b720afdc2b0698eb331bd80f6f42658d0,医生画像仓库/01_试点医院/中山大学附属第三医院/成娟.md,2,613a3ac76d5d88e5d6a65fc347c2e9ffcbbd5c734f53c243646bdc0c424449b3,8c8a93fcb03cca01ac85f79ebffad7f2c4a49ad51ebc7a0b8bac1fded3c53527
1367,1366,中山大学附属第三医院,梁常艳,https://www.zssy.com.cn/node/20118,详情正文摘录,21,d6dc50d11a3883a594a9221e05b493a338cab067edf3c3d199b344888a7d1baa,eb1640553004a35b7472be481e7eb141d215c13ab3d5c65fcbb570609f5b440e,医生画像仓库/01_试点医院/中山大学附属第三医院/梁常艳.md,2,eb0fe83dcce21fcfc49b8fefafac9b9b22118c92ba6575c8ab240386ee4faac7,e25febc50d44c594ca6776868c5697cc09341a9ebdea2f36999cad28f837c13b
1373,1372,中山大学附属第三医院,变态反应,https://www.zssy.com.cn/node/14098,详情正文摘录,21,c4e83dc14d94b43e6a3bd0fadf99f090def2718002cb9fa9f80946561f694eb9,0038b033acc65698d8daed1dbf8a06bfa31231b4ef0444b927a35b400b72f562,医生画像仓库/01_试点医院/中山大学附属第三医院/变态反应.md,4,fe3e2026e889f6a4e8bbac34e6b87c0c2910de0b343e9558c1dc9e4701a472ce,0a7d83d6588afd417de9c9bed6d83c2958648569907ff5845b5632d8e2e25904
1400,1399,中山大学附属第三医院,产科,https://www.zssy.com.cn/node/14064,详情正文摘录,13,d79cccc94767c436930f5bab760da1e355a3a997a7712f4d5f9de2ec66a11edf,3c85ace4e5030b1dd8e5aaa9574b30b38b61b8d657cfa6b3110f8cf8a6fcfe7d,,0,,
1403,1402,中山大学附属第三医院,心胸外科,https://www.zssy.com.cn/node/14054,详情正文摘录,15,b3bce4120bf1aaeaf6215ed0fe65798c6e926be1812475011a3e60e7264e8173,55e1f99cd0a728388569e8c73a3743009a9e3f010117e48a3aaba774429b59aa,,0,,
1522,1521,中山大学附属第三医院,放射科,https://www.zssy.com.cn/node/14085,详情正文摘录,14,0447a774525a2716c3ad9756672a309adcbbf75cfceef546fbfd0f286652fe17,c8cb3cc2a947cfc753548f1a446b8d63fbf3d9804dff5ddcd46244a65cb4f06c,,0,,
1538,1537,中山大学附属第三医院,检验科,https://www.zssy.com.cn/node/14086,详情正文摘录,14,4718fb321addca70a5389277c9f92d44366ba13f478a38805b99fee4528a4ddd,910c50a56332fe04a28652b042f5fabe65403cd49a45fe481f21c1e5b15c5a2d,,0,,
1550,1549,中山大学附属第三医院,泌尿外科,https://www.zssy.com.cn/node/14055,详情正文摘录,15,93dda97de64b30207b3e8a71011d149614208c2aa1f20aa4a6e4434c72546097,f19daf880cba4ec2098980ee84f694af972dc603e055adeab47bb8f7e5cb8b61,,0,,
1569,1568,中山大学附属第三医院,消化内科,https://www.zssy.com.cn/node/14299,详情正文摘录,15,f514454e9448c6aef717b48bb5404a37495196cc03c5b9c2b055d0c709bde3c7,7af406582cd8c2f08c06c62db014fa7014aec005eacc5da0f8830ecb7a8f3857,,0,,
1578,1577,中山大学附属第三医院,张二红,https://www.zssy.com.cn/node/15250,详情正文摘录,21,b2dcbd5527272dc357a78ad39422f6c055dc8101ffdb551b23b1b8bb0fc5dcf2,4a518358714322bca8c87589db48ee13e0716bd25a3701eaaeb02da0e9c8e4cb,医生画像仓库/01_试点医院/中山大学附属第三医院/张二红.md,2,0badeb284d88cf6abd48092d0aa73c17b1b49a3a79c0ebaa38683e2d5d264854,472dd816e3afb9830f9aac988601431060a425def203f74345c9d05d32e2c478
1602,1601,中山大学附属第三医院,甲状腺,https://www.zssy.com.cn/node/11316,详情正文摘录,19,b0c72a41e4f7317c8b320b052b343bd154b3afbf7299ce0c7daa6760fb7dab1b,d56eddcb56acc619af150ec2c0fcc3fd9bf494b8ed41315b4c54670a6674c2a6,医生画像仓库/01_试点医院/中山大学附属第三医院/甲状腺.md,2,3b06796886d71ce2f9d48539605997a1ce987dbf406c39b317f910fd14d4014e,019bbf6f9a5ed4a07eafdd10a56ee6ce1a2ee08cb00923f17fa222372500387b
1622,1621,中山大学附属第三医院,病理科,https://www.zssy.com.cn/node/20628,详情正文摘录,14,6d1862f7378ab41f062d23ca18671ea9af18397023983711628d47fc39e98c62,625bbd2a1ce2a9c29d06411f9d96053bda7d81c407bb00339d089df62fba977f,,0,,
1642,1641,中山大学附属第三医院,眼科,https://www.zssy.com.cn/node/14069,详情正文摘录,13,891400331e08805d5a441cb47ff09816bd86964c0723da1927c986f28c40b6ee,6df334f4fedfaba12f3d18ef3ace4306d75ffe66619c5473006376638718ba5a,,0,,
1663,1662,中山大学附属第三医院,神经内科,https://www.zssy.com.cn/node/14077,详情正文摘录,15,55d624f91ee378ae2c0289d34e2132a6be7e1f1a4d767f7119e07baa36d71cb8,e6a9cc4de2f524962e9479e748cc6a674a0a9d7da8ab4b2be9b336dccca712a2,,0,,
1684,1683,中山大学附属第三医院,神经外科,https://www.zssy.com.cn/node/14052,详情正文摘录,15,cb09501a7357195ba33ca7d455d7048050876ec3fe3be287041242b0ca85b1ff,3c2e4f23155bde7f8c4c2ac48239e6ca00bd9fbe32a59d7d4429e0f439988d01,,0,,
1702,1701,中山大学附属第三医院,刘贤,https://www.zssy.com.cn/node/14206,详情正文摘录,20,48c17b6972eb67513b13a67f2b89cb1987338e9a28ec3ec73f5e90ebe50aec32,6689eef6222d9f3a9f6428dce4e7da8629ad67967e08673d518b34342f02819c,医生画像仓库/01_试点医院/中山大学附属第三医院/刘贤.md,2,be9c29de3081f264b4c1d96c52b5412a21bc458d313ba05616d195fb934484bc,0a1a7b23e7ff0ae10c172dca6fdd5fe12e1f36fc4799fda27338e131b7412c8b
1704,1703,中山大学附属第三医院,吴喜福,https://www.zssy.com.cn/node/24053,详情正文摘录,21,7f17da88e1613d0f0a23f7d8c5b7dbe85f3cce229601cc983074b088b5a489e5,760fc69427a0ea067d29f55d90b0e014d65e4bc5df0161b8460082a2cbb027bd,医生画像仓库/01_试点医院/中山大学附属第三医院/吴喜福.md,2,55d6eece38adcbc5d3057534ae7fe545a839e39f6e97b97930f814b2b5fbc484,9e6eac0d33bcba5818dab2fc6488d9fa7364665c14d89d2ee63927986a21b033
1705,1704,中山大学附属第三医院,吴硕,https://www.zssy.com.cn/node/15213,详情正文摘录,20,a9b152335289533a4b7854e8aec889c604d1ea1b5f070a50782e98940dcd2a34,715fa2fc68a41e0f83989441b35813fc84e773cab10486b07bef104e421ae5ad,医生画像仓库/01_试点医院/中山大学附属第三医院/吴硕.md,2,a6bdde5b7c8eeb329bffe63337a0d98bca155f4418d72cab1ef72916bc0ece8d,0ded389d4fdd482df62d1f2b6329aa4b7f03706be015e5deb868392c0201fd3c
1709,1708,中山大学附属第三医院,李永奇,https://www.zssy.com.cn/node/14203,详情正文摘录,21,1ae4ebb9fc6fe308ee4e1ba8bd248c95ec23ebeca1bbcb8864ca6a77e523740a,e2259fd9138199c9c4a57404a2c4488b51f5c2c79a9ca12c84fb9c9aac80a190,医生画像仓库/01_试点医院/中山大学附属第三医院/李永奇.md,2,4889a32f5bd9c71d82a46d7149553a42dd2771e2a4a74900bc49fb4e66eb327c,4293730fec052e2bf45ff3f18939bfc8c54eb62e6745e0d00ccae210f070ed82
1712,1711,中山大学附属第三医院,王志远,https://www.zssy.com.cn/node/24052,详情正文摘录,21,72754e5c60b9f0bdbec56c6e3798753e0ef63dfdc338b4970d3e1ab0b4d8a3e0,43dd988dc830501623225b0f0ff70461f32493133eb6c1c518e96ef57f716bad,医生画像仓库/01_试点医院/中山大学附属第三医院/王志远.md,2,bd9b2cddab0e385c802522c2617d648db273aa1c546ed63c03f3f4dafea364d1,04ba9d99f4e8d4237009fb440d2209db1826d547bc7f9353176eeac25ccf2211
1713,1712,中山大学附属第三医院,王涛,https://www.zssy.com.cn/node/11057,详情正文摘录,20,6696a2e6132713e306f21de8e5832f9ad6be57bb1bd6eb457999c2956c38b5c9,b476cdd416e4871770c1ec871c87fc9e3237f9281f42669c7b965eed165ec044,医生画像仓库/01_试点医院/中山大学附属第三医院/王涛.md,2,74ee9858b36fc13c692bd73431284500b5c9549fcd9cc60be5315e93d8805544,26cbea5374e9954cedc5fb8381c160ea13c0d8093f2017400e3229f0f0038456
1715,1714,中山大学附属第三医院,陈愈彬,https://www.zssy.com.cn/node/24054,详情正文摘录,21,ea655dd62844597c3982e41c2c795018733ee02cb506e3ffa2234b93d5ff4918,8bde456d7682cd1b8107487cdcc7bb620ad98a56a2d1f2b8788d8faad766d8da,医生画像仓库/01_试点医院/中山大学附属第三医院/陈愈彬.md,2,31768ea1f66a13f21cfdbe25eb132fb1b3d37074310ef461a78d521b6d58498a,cd85d9e10e68da703f3c63d72603862fba10e1483914a816922ca7c4814e8600
1716,1715,中山大学附属第三医院,黄健聪,https://www.zssy.com.cn/node/15212,详情正文摘录,21,df86d3a203fed688b4fccb82ba5cd57435dac35368800d2528e38211a107eede,04e2baf99c53eb2483ec6f4314d262ca81ee99b70b4f6d84d7dc69c5f442b7b8,医生画像仓库/01_试点医院/中山大学附属第三医院/黄健聪.md,2,203f691fa20c7ac76e5b83786912101271c461debb81fc8170d7ed72ccdb7270,54868f35c582074d30f107fd8c8c136e915aca0edc66b235df0fb25e2b9057c4
1717,1716,中山大学附属第三医院,黄子真,https://www.zssy.com.cn/node/15394,详情正文摘录,21,fdd26d8c74de83ea8e781ca1bbe47290fa92c70d4643c52f7a1d4428e407d5e5,62c6aa7c3483e0225cd379e7c38a0c551fdb6ba0cf4791b75a85a17fa0c191d9,医生画像仓库/01_试点医院/中山大学附属第三医院/黄子真.md,2,35b80fee7be6c5f0be8c4c699f4bfc019dff81149b1a2f2d5fced831fe48a24c,47f5e4f16f4222ae17f8654b1d7ab7111f7e06365ab750894ce3283b9bd30648
1718,1717,中山大学附属第三医院,黄雪琨,https://www.zssy.com.cn/node/14202,详情正文摘录,21,7d46d2062559e6cb39cb4ac063e8f89a7202edf6e7cbd1da942fd6d500385807,919dcca8b731dff275cd61e09ba9e61db50e4d936568df7aea7d12737f36f0f9,医生画像仓库/01_试点医院/中山大学附属第三医院/黄雪琨.md,2,66ae92723a6d3b67d1c4b05261b5880706b1180d9da7070c61bffa24f03e0a81,2d6b5908ee2dc19cc8272f6b6b90d792f4f6f68de00ed4a84753202e4266b513
1725,1724,中山大学附属第三医院,肝胆外科,https://www.zssy.com.cn/node/6648,详情正文摘录,15,c7a55b9b5c5f5eb8da9a48a371faa4d405ea85c6dc5561bbae9c4738745fa501,5eb1c9f80166fe2dd38aad6d91e8e71f04c3435658cd110631b7d7838312f7fb,,0,,
1756,1755,中山大学附属第三医院,肾脏内科,https://www.zssy.com.cn/node/6007,详情正文摘录,15,2de6ab861c89fe884c8b310e3cfbc1a4f1b3c850f72d52d7613577988d42ab92,5f85d59cb6e139ff213d960aa151d2c3b25cdd5ae1501d5bd85cb65e464d493f,,0,,
1765,1764,中山大学附属第三医院,肿瘤内科,https://www.zssy.com.cn/node/29880,详情正文摘录,15,f62e2e65aad28b262e523a66684241cc94029c653aecc015e6561ec23bac2008,61df36afa2133b8a8aae0e14c4e7fb480d59d8a7ac33e4b2b56c52b7eabca48f,,0,,
1777,1776,中山大学附属第三医院,胃肠外科,https://www.zssy.com.cn/node/6643,详情正文摘录,15,0fb28b9a7225eafc49b54590251dcbd5dd871d6c2d8d533167f5de7d8aa4c6e9,734c8c46e3267e8e6d018e85d5d25ef268686757186cbbea5cda1ce712a53a7b,,0,,
1779,1778,中山大学附属第三医院,郑峰,https://www.zssy.com.cn/node/14158,详情正文摘录,20,b8084edfd68f34e64120639eb8ac0f74ae0178f69107c4315aef3d9304332693,62d74928fd325f9b7e820eafb56af6199d9d92c773240d290786d035350f1206,医生画像仓库/01_试点医院/中山大学附属第三医院/郑峰.md,2,76a978783a3dfaa45ecd01006e714ab2240e56e4bb93357e13061fbe14b59613,7c9086ef3fbb96e4011b0312e355cd2f66de363bd2479892d61d69c150fdc5a6
1805,1804,中山大学附属第三医院,药剂科,https://www.zssy.com.cn/node/14088,详情正文摘录,14,a04a439ede6f65ad0d86fae8600b8c1c3c6bb1e4e2a80cc2fccc3d72184b45f0,948471dc24527d2d7399341286df03cb47828199b6ec45330335e4ba33a8295a,,0,,
1817,1816,中山大学附属第三医院,血液内科,https://www.zssy.com.cn/node/6010,详情正文摘录,15,524247efc7d11938f4d8f464f4e5541cea026bc76b12b89b82149a179f103d67,1b97aa9ca7427e319b92c38170c6b21be617487c51b3b3b8f609277cd107a366,,0,,
1822,1821,中山大学附属第三医院,血管外科,https://www.zssy.com.cn/node/15417,详情正文摘录,15,ce6672037e1c6abfb120d89c19ea4a9bee2e2252814f57baf2f8f070425a5839,f14bbb89f545334f147d905f47e8a7f8feea108e713535737ed83f7da72bca85,,0,,
1837,1836,中山大学附属第三医院,超声科,https://www.zssy.com.cn/node/15178,详情正文摘录,14,9c1f1f785ee5463c3ff672cbf8ba8de144c1e99d37a57700010d0017cbf74562,642ebc5f796958359fd392c0f2f3be86d5846e8263381302ac8e8b07debc0c04,,0,,
1843,1842,中山大学附属第三医院,输血科,https://www.zssy.com.cn/node/14092,详情正文摘录,14,8b0dc60e8e61654da236124ada4f6d9af8d747abad5bdb39faab9b9a25fdda2c,b07e14ddf50fe0d91fff578a3fd503569401ee545bc3ca85ec69c7d4148f3bf8,,0,,
1855,1854,中山大学附属第三医院,余步云,https://www.zssy.com.cn/node/14193,详情正文摘录,21,28e869589536fc282a57531b098486a3b14f940a683410fd6194df3add0dec56,a421b828a4dca3e60537d6e3d09ccbfd959aef3b3205061520f492bb4e81199c,医生画像仓库/01_试点医院/中山大学附属第三医院/余步云.md,2,a788ee8fc406c6e2d469fc3a3349e7d31c2638eb7f38461fc82bee09bedb1449,1d24f3c83992b9766f9e93123e46cfcfe7f8f5fca42711e7390648c0d520e669
1858,1857,中山大学附属第三医院,吴玉琼,https://www.zssy.com.cn/node/14196,详情正文摘录,21,cddebed416e06abd4370c6ac4512e0d6f28666f1b526487cb07acb8f5c33f927,2c1ccb6c9954ed2bd9e76780796124815b97d72844f57ab9c96808ea16c93242,医生画像仓库/01_试点医院/中山大学附属第三医院/吴玉琼.md,2,8dbe38ac3170eb2d86d0f7cab94500f605cb5848b68488dd10c61f9c6793927f,3afbd0cd46f542e788b45dc74160aa2ea17741040a007cd797b495a551ca0aae
1861,1860,中山大学附属第三医院,汤美安,https://www.zssy.com.cn/node/14191,详情正文摘录,21,84cd129ede3cc82b1d5a71d3acb6ec7ccff66d099eabd93234f6a24bc9d9598c,363789ee7f2229e3bfbccdd9f41d147fee393855857a9958bb31d95e715c3b1e,医生画像仓库/01_试点医院/中山大学附属第三医院/汤美安.md,2,e86beae4185f116d24bb1db6be6a3ebb67919ffd7aae6c78001a2ec1e70274eb,40e9d67a867885355add5e05824309e2562baaca5f12743e8677e84bccac826c
1870,1869,中山大学附属第三医院,骨科,https://www.zssy.com.cn/node/14051,详情正文摘录,13,1e5bf5e2e2e32bc6cf82253bfeed6acd2fac0050b9e3e562ef9e9b2b12857665,c15b64e0790258f8a50dc5012060bfc6d29470ed6b400c10d0d68c9f96084a6d,,0,,
1872,1871,中山大学附属第三医院,臧志军,https://www.zssy.com.cn/node/11263,详情正文摘录,21,413e0a6299225441ed32901372bfc0649d48debcf77ce3a705b6753c20c5618b,c08339a5a19177a08c959629ee356d81a89c0e3ead26bd059323fee6356182a8,医生画像仓库/01_试点医院/中山大学附属第三医院/臧志军.md,2,6efe883675297a8f162c127d5247270d0a79bf50643535a6525b0581143138f9,3875a6ba45d4a163a5ede996f539c05a2d108df61d236e365d789100563cb72f
1873,1872,中山大学附属第三医院,陈俊,https://www.zssy.com.cn/node/11270,详情正文摘录,20,fc298ebf9063832e05eaca03133926fcdda303be185729fc8e273229ed9beb23,883066403ec115978390bea4054e0c8d83124138fe558113b9a3ad1ca2ee9f3d,医生画像仓库/01_试点医院/中山大学附属第三医院/陈俊.md,2,7162a8bfdba849b845a33fdc96cc784cd1fc6f665c521723ea8a7e4e98138d1f,070e3f5371e560dc250ee4a34fae6f7ac634bca65db3a45a60aa466dbf682f3c
1890,1889,中山大学附属第三医院,揭育胜,https://www.zssy.com.cn/node/30076,详情正文摘录,21,65fcc948b3e7edb3f2065092acc60ef2d91f251eeb6f7e36e738413b0ea870fc,7ccf792fb7f058a63df6a895522e6e980bf4ef2b0e6257700a87c82b4a8f8c8b,医生画像仓库/01_试点医院/中山大学附属第三医院/揭育胜_卒中中心.md,2,92b94b466953a73115fcda8d9a1359bb38c0609764a2139e3c4ba6d1ec4d61f1,34c4ac63676bdde32e3bf3a04fce3925ef0509ff79431b7086c06f19f2178186
1891,1890,中山大学附属第三医院,覃杰,https://www.zssy.com.cn/node/30078,详情正文摘录,20,a113b780952feca337564c0c91a76d64a9f367473eeb541070902356bdaf8046,4abcd0a2421dbeee4c0bc969b8b62706b1f63b8b2b14474ed5623a81e88db8d3,,0,,
1892,1891,中山大学附属第三医院,黑子清,https://www.zssy.com.cn/node/30077,详情正文摘录,21,6fe5bef08864e2e86638b0ba2b85fd95ab9a32f86b1bfd4bd169b151d9471ca0,51d23ae7872a172ba76c8d1c765c9ae39ac4f35cf4cb8f98978c0d6834bd9112,,0,,
1912,1911,中山大学附属第三医院,吴宗华,https://www.zssy.com.cn/node/15161,详情正文摘录,21,f1c951035876fc978206ad311de665be35dc1503131c63935a1674db4a48aefc,ab1bf97753e6b2c3ed018343a7d2ea18adf1bfec46e92bd93cdbd9612de21cbd,,0,,
1913,1912,中山大学附属第三医院,周文营,https://www.zssy.com.cn/node/15166,详情正文摘录,21,5a94ce9b6b5d7e44b7d40f8768d1d3d9f5252a7a2c7d9571903d6afe9b547056,d6f7a21a6abd0af2dd24d6ec0bd9904b5a89f7a588eee56dd2e338ba0e3b7199,,0,,
1914,1913,中山大学附属第三医院,孙恒昌,https://www.zssy.com.cn/node/26156,详情正文摘录,21,c36aeb0542c0a9aee2f311eec78cfdf8c2c79189f11135b9d753dfe3cdc65c66,5d8e1120ba9484a99891d4446789d127e760cc4c0acf06190961b834e1785fe3,医生画像仓库/01_试点医院/中山大学附属第三医院/孙恒昌.md,2,cae4d0a7576e80f5c02079aeb673ffad1ea8e078d69a03b0bddd4bd975a48f36,ded28d82ab5235989350110b63a838a16144f66786d2ec162a97e216b48efcd8
1915,1914,中山大学附属第三医院,尚梅,https://www.zssy.com.cn/node/27634,详情正文摘录,20,2d2975567ecb5c072d819a24c87bb5a7f8b917d402894a4c0f9820fd5993ab27,d6009af515ff3c0a37c7ff395c6a9af47c49783df287fdee9bbc0b038f8b5921,医生画像仓库/01_试点医院/中山大学附属第三医院/尚梅.md,2,3495a2f62a0f500a80d47f6b0f3c32b121142be4198cc19debfced1ac4c1fca6,2b6c30b9b45d891c3b318d7e971d6ecc40de319976c5632aaf4996440ff1d95f
1916,1915,中山大学附属第三医院,席云,https://www.zssy.com.cn/node/15151,详情正文摘录,20,b638ac9e26463829d765f5d48bfdef349d4268838ca9f368194ae967e4be3524,e429aa8115af2d1c755b1ba08f9731502708fb96e721a61ff8ae5ee811786b99,,0,,
1917,1916,中山大学附属第三医院,廖媛,https://www.zssy.com.cn/node/15165,详情正文摘录,20,2518cabadb330c1adac0852661f25ce61809691bebf3789471b593bfd153465c,12708bff988a4fa4900d30a4b6ea8451c1142eac5e55dfbbdbb7a4c13363fd20,医生画像仓库/01_试点医院/中山大学附属第三医院/廖媛.md,2,a4574693576644de018081f9b843907254017019a73ce3fa444f70c7c5cf98cd,876fcde7c57cf4dbb8bcc011cfd1e32ce020d3045ccd2aa38746aea93200f45a
1918,1917,中山大学附属第三医院,曹宝华,https://www.zssy.com.cn/node/26155,详情正文摘录,21,03ce9c5cb57eb4e8aaa395a125f30a502e5a71f4d03967ab619a7f1206ceeb95,7900e4e78de65be87b12c8148529d037d80ab2e4ff85367bc2294cec65cf8345,,0,,
1919,1918,中山大学附属第三医院,李晓杰,https://www.zssy.com.cn/node/23473,详情正文摘录,21,0e56af4718ea4b28b1f6dd88cd8c26b78833dd951215a949c120f3da45423cdc,0ee1584327575a6ef00d4cb66aa2029ced414c75842f3080ed5d134443bb6a1d,,0,,
1920,1919,中山大学附属第三医院,李朝霞,https://www.zssy.com.cn/node/15150,详情正文摘录,21,7345a6ce77c5a9efdfd89153647fd8826452696bf38cd9996f8431c8f029bc04,98820fd65952d73650f89e2bf9bf72f83710eafd35bdde1554b55097a4b0d878,,0,,
1921,1920,中山大学附属第三医院,梁家隐,https://www.zssy.com.cn/node/15156,详情正文摘录,21,8fe8ddb712e1001c88af82c8bad512063edc0a919e95b2ae984e1c9379605c9c,ec1be1a5b912a143fc50278f1c45366e02d1d043428e01f9b29f7277f1eb0f96,,0,,
1922,1921,中山大学附属第三医院,王扬,https://www.zssy.com.cn/node/23472,详情正文摘录,20,8356c8d7bb18755bd9294812c1201d6273f80f4cecffa97b51696f082bda7654,ea84b78d3cc1e1290835ca25d369d78540731aa7d01a9313e131568c0729b785,,0,,
1923,1922,中山大学附属第三医院,章钧,https://www.zssy.com.cn/node/27635,详情正文摘录,20,8dc99cc3f0d6e2abf85d21f775f11f1d1b1a08b9b22295ef83dc2219d6c05067,04ece4089da15169690ac5df5d1dcab7d7022e4456798454f26d2f5bd1b1e93c,,0,,
1924,1923,中山大学附属第三医院,罗敏琪,https://www.zssy.com.cn/node/15147,详情正文摘录,21,9298ca9d5a18feb1287ae7a337eb55619b9baffb976d29d4b398f1a46443a61d,e7f41fff1e9d7707ece008bfd3a8da0d385710bf1c2fc8b3ae0dadbf2d85b444,,0,,
1925,1924,中山大学附属第三医院,胡波,https://www.zssy.com.cn/node/15146,详情正文摘录,20,1aeb1461135eb8980aae26cc102ee7c8e28c9cbe0e35443de24f6f10a58ae917,96811b5878861fa9295e069f1dcc1280ce65b8086e1994fb1b00751deca5f39f,医生画像仓库/01_试点医院/中山大学附属第三医院/胡波.md,2,4f65ce96455a08e55897731cb2ad2db09b90a25ca3917a5610dec7e9b5535268,ad647733e8fb2fbcef2b5bf922bdb24e0da0e7255e073fcac50dbcc9e511484f
1926,1925,中山大学附属第三医院,董慧敏,https://www.zssy.com.cn/node/15164,详情正文摘录,21,489011b50272fb79d0beed1f71545d21b13e8f71497b5862d13cecf42033aecf,14c7c79c132c9bd11b15fd20dbd928d060482a890ec940f1f49d0105a14a6111,医生画像仓库/01_试点医院/中山大学附属第三医院/董慧敏.md,2,d2f32116a42d0f1f097689ac80032a0dd923b4f319adc6b858fe60449dac5076,87f143e468a5bb53784e23838ecb1aabd67a6aa91e804b0063938a92114034cd
1927,1926,中山大学附属第三医院,陈亚琼,https://www.zssy.com.cn/node/23471,详情正文摘录,21,c4b1ea10781618399089d02ddfbe00957037b6e48973479051c57e13b012fcb4,4bb52b5a499b11a36df47a1982975b3819b61ba66807c3a62c6a994ce57be9f1,,0,,
1928,1927,中山大学附属第三医院,陈忠城,https://www.zssy.com.cn/node/15153,详情正文摘录,21,cb4340a4f53e1bb2932704f1b3bd3a0f69c90b551d2e766d67462b2752b83da8,cebc040f1d3eed938935163349e38b1ba00a0950766f8234676a35ed1da6174b,,0,,
1929,1928,中山大学附属第三医院,陈文思,https://www.zssy.com.cn/node/15157,详情正文摘录,21,5cabc09ce09da770a88bb01e44baed7d6c3e9f28b457849d0b7c0067a2a16527,a4e98c2ba0392dd488de399906efd2e4653c155629528687a08886e782a5c663,,0,,
1930,1929,中山大学附属第三医院,黄建华,https://www.zssy.com.cn/node/15155,详情正文摘录,21,28c54e4fe3778471200c99e5c497f4d4fdf89a16b1b5a89fd02b30f058a0a6d4,3155cc5db2957452f4c920aa26aeeed4bf82971352e5e6e218547989c43e1e8b,,0,,
1931,1930,中山大学附属第三医院,龚娇,https://www.zssy.com.cn/node/15163,详情正文摘录,20,a25b4cfac88d9d5fc0fff16208e124e2c0e7f27214a0c609cd157b2c8ee0b493,80538f8e94ea738c9012bc09666689cd8d5a93c2103638c9e1e22e2572ae336b,医生画像仓库/01_试点医院/中山大学附属第三医院/龚娇.md,2,e26c269f728ef6080f4190d82fe2f99effcb330850f42e682044db2c22cafd52,f78636f01f1ce0acecd965c2a749cd2c2e64d59a39e0cb7f039afb50eef949a7
1936,1935,中山大学附属第三医院,李海凤,https://www.zssy.com.cn/node/20652,详情正文摘录,21,ac4ef72c58a4db9ebe5bd8a1ce299df484653b8556139b59919894c57bf5d06b,b06c1a882302c417471b7482e5bc0cd7f8fcd40ebb53b56c239ff7983b536686,,0,,
1941,1940,中山大学附属第三医院,夏小平,https://www.zssy.com.cn/node/11059,详情正文摘录,21,d24f9db344a71492d1e5f04d0431bf28d9cc2d5c8b9331e9f2613a77fb52bef0,6bf0727e51bd73f745e935f794be85a55681e93a3a2d208fb20549864bdf92a2,医生画像仓库/01_试点医院/中山大学附属第三医院/夏小平.md,2,b6a1f8c74e2403246442868b51c5fa5415e5f11178ec60329c04244cf8d92c39,bca195804ed54c908991a4d72cad16c6d33b10508aa15733870b9716600befea
1964,1963,中山大学附属第三医院,罗进梅,https://www.zssy.com.cn/node/30266,详情正文摘录,21,84120b27eb5100aa19f6234653ecdcf1222fb1ac4e85018ba82c33da571dbb7d,e4a8c81f98416faee98efe3ab274340d5ff805517c5de1819638ec7167e81ce4,医生画像仓库/01_试点医院/中山大学附属第三医院/罗进梅_老年医学科.md,2,968c32c63282ba2f39e55935ed391a73f8ff374bb409aebe994285b7db9e6154,d9ede1c3b976968b950c5c4f031d5b179ed001fdeecb16b9e1d66d7e97b622ab
1965,1964,中山大学附属第三医院,况琪斐,https://www.zssy.com.cn/node/30268,详情正文摘录,21,b74e9f603785b3bafd79bd5d27d63557d3ee28f33f9f24cb5087c78c470a00da,7cecdd28f8a5476b7053c2d639ad390a4b635eb33b5d602c6b6187b497b08ca3,,0,,
1966,1965,中山大学附属第三医院,曹学帅,https://www.zssy.com.cn/node/30269,详情正文摘录,21,12622265e2fc12e4d0b7b007018e6b29f97167e6bc0dea62f02be63922619a28,1eb628bdec3e844b8a20ea1930c7c26cf23c636cccf7a843fd0dde94833f701c,,0,,
1967,1966,中山大学附属第三医院,陈映娜,https://www.zssy.com.cn/node/30271,详情正文摘录,21,845d807312047edf228b5d69b9319a9fc3b084e7877da6f7715270a15641906c,770dc471f10f79e74647934b98db6bfd833063bd526a1ac3c34eb254a470a2cd,,0,,
1968,1967,中山大学附属第三医院,黄雨茜,https://www.zssy.com.cn/node/30270,详情正文摘录,21,cb7f642f162ccef2cabfbe2c04425bc85ddf4e43ca36d24dfa7484bf4ea34ad4,d9e84f35be57837cb126e65e1af64759fdeaa8c272e21d7aef40b4161032579b,,0,,
1970,1969,中山大学附属第三医院,常利红,https://www.zssy.com.cn/node/15198,详情正文摘录,21,31d1fb1904e7d71dce5db735243048a8dc4dbffd6ea3a3d436f991020c7bd75d,060cc353a3c505c69719cde1747ce6692ce049441a6e49de3b28f63cf1f1a811,医生画像仓库/01_试点医院/中山大学附属第三医院/常利红.md,2,f46af7ed14e2b13c126b47930343b329c78055e3c78824daccc427b928a672cd,e361448c9009eb000c1d7deb1a8b0aa1d32aaf43e1e1988266035834a6444b23
1971,1970,中山大学附属第三医院,徐惠清,https://www.zssy.com.cn/node/24055,详情正文摘录,21,ee398f7515595eed07c192b37e6a1fc9e320d60df52b961ec95fae5ffdabf73b,ffcfe59122a99054004e010d881ccc0fc651e6fbe1dbb16edc80d4c2d4eeaab1,,0,,
1973,1972,中山大学附属第三医院,林爱桃,https://www.zssy.com.cn/node/15201,详情正文摘录,21,6fd2f0f54f0660eabc13f78f40aafb92a1ca284b9189f8870cbdb5b15ef93f22,f05016d6513dd0053b8ca2b0ae77dd2a08f797524afd9bc5c00b9730014c298c,,0,,
1989,1988,中山大学附属第三医院,杨丽新,https://www.zssy.com.cn/node/20260,详情正文摘录,21,dd4198f5a7c38ad0ee1e094f9eca17f0a4a7a53c53cf4bc46118dbc27154221f,de5d5cbc2a4492b31c74f5f2bc0d4516ee87e1627cadddb730606db91c2f2aa9,,0,,
