姓名,来源链接,状态,失败三态,照片链接,照片文件,字节数,SHA-256,宽,高,错误证据
内科,https://www.zssy.com.cn/node/6008,失败,无照片容器,,,,,,,无照片容器
外科,https://www.zssy.com.cn/node/14062,失败,无照片容器,,,,,,,无照片容器
李名安,https://www.zssy.com.cn/node/15372,实采,,https://www.zssy.com.cn/sites/zssy.prod.sysucloud1.sysu.edu.cn/files/%E6%9D%8E%E5%90%8D%E5%AE%89.jpg,01_试点医院/中山大学附属第三医院/照片/李名安-介入科-副主任医师-中山大学附属第三医院.jpg,762255,60b88cda2d1276f0aae049ca5d9ee144bb782c63abfb77b50ec7d842e4352339,2022,2172,
吴春,https://www.zssy.com.cn/node/14218,实采,,https://www.zssy.com.cn/sites/zssy.prod.sysucloud1.sysu.edu.cn/files/2017092716543556019517.png,01_试点医院/中山大学附属第三医院/照片/吴春-介入科-副主任医师-中山大学附属第三医院.jpg,99023,4cc044985ca700e3b4417561082bdfae59e354d613c4ce569ad098224543d037,364,450,
张炎,https://www.zssy.com.cn/node/11266,实采,,https://www.zssy.com.cn/sites/zssy.prod.sysucloud1.sysu.edu.cn/files/2014031122491698609594.jpg,01_试点医院/中山大学附属第三医院/照片/张炎-不育与性医学科-主任医师-中山大学附属第三医院.jpg,129963,7141704879cda58dbac5bd2df50ef6e8d344fcde557ad354751b08b395304fa5,521,694,
齐涛,https://www.zssy.com.cn/node/28381,实采,,https://www.zssy.com.cn/sites/zssy.prod.sysucloud1.sysu.edu.cn/files/%E9%BD%90%E6%B6%9B.png,01_试点医院/中山大学附属第三医院/照片/齐涛-不育与性医学科-副主任医师-中山大学附属第三医院.png,408710,7858d3f366ff645eeb1f979a74eb3f2e6191eb607213b98ef7b595caa538eeb2,650,948,
精神,https://www.zssy.com.cn/node/14071,失败,无照片容器,,,,,,,无照片容器
中医科,https://www.zssy.com.cn/node/14072,失败,无照片容器,,,,,,,无照片容器
张昆,https://www.zssy.com.cn/node/20373,实采,,https://www.zssy.com.cn/sites/zssy.prod.sysucloud1.sysu.edu.cn/files/11_3.jpg,01_试点医院/中山大学附属第三医院/照片/张昆-中医科-副主任医师-中山大学附属第三医院.jpg,179247,323508cc721d20a6fa91db7cccadd00c3f190746325864f75ad26a9364b2d420,390,567,
张炯善,https://www.zssy.com.cn/node/23368,实采,,https://www.zssy.com.cn/sites/zssy.prod.sysucloud1.sysu.edu.cn/files/24.jpg,01_试点医院/中山大学附属第三医院/照片/张炯善-中医科-副主任医师-中山大学附属第三医院.jpg,172896,d8013c54d28882b3558ccf2e8acc824e270832747eb361afac4a13f21d4ef5f8,390,567,
戴敏,https://www.zssy.com.cn/node/11292,实采,,https://www.zssy.com.cn/sites/zssy.prod.sysucloud1.sysu.edu.cn/files/29.jpg,01_试点医院/中山大学附属第三医院/照片/戴敏-中医科-主任医师-中山大学附属第三医院.jpg,174915,2f890180d8a776b8746f9064c3972d9144d68a06b36fbce87167a1110954214b,390,567,
招柏明,https://www.zssy.com.cn/node/28422,实采,,https://www.zssy.com.cn/sites/zssy.prod.sysucloud1.sysu.edu.cn/files/30%20%E6%8B%9B%E6%9F%8F%E6%98%8E.jpg,01_试点医院/中山大学附属第三医院/照片/招柏明-中医科-副主任医师-中山大学附属第三医院.jpg,174058,c0cb48952e5a1c92ee4d2d9989077fe5cb459f0bbf7958812c2ffed7fec8fd04,390,567,
李永伟,https://www.zssy.com.cn/node/11289,实采,,https://www.zssy.com.cn/sites/zssy.prod.sysucloud1.sysu.edu.cn/files/32.jpg,01_试点医院/中山大学附属第三医院/照片/李永伟-中医科-副主任医师-中山大学附属第三医院.jpg,182250,fe8dfef2f09881b7c23c9ab13f8844377a57ba8c4fab71ed07bee90c90e34487,390,567,
李跃,https://www.zssy.com.cn/node/28419,实采,,https://www.zssy.com.cn/sites/zssy.prod.sysucloud1.sysu.edu.cn/files/36%E6%9D%8E%E8%B7%83.jpg,01_试点医院/中山大学附属第三医院/照片/李跃-中医科-副主任医师-中山大学附属第三医院.jpg,191452,8446a34b0c6fad072a22e2f5e9f8e8fba5862cacec5bf52881806d4785a0a125,390,567,
杨宏志,https://www.zssy.com.cn/node/11072,实采,,https://www.zssy.com.cn/sites/zssy.prod.sysucloud1.sysu.edu.cn/files/6_0.jpg,01_试点医院/中山大学附属第三医院/照片/杨宏志-中医科-主任医师-中山大学附属第三医院.jpg,176186,dfc1801f7a9c6c6ef38509a380f595ebb738bfb1689f2e4f9a108ee4911fd3db,390,567,
杨跃武,https://www.zssy.com.cn/node/11291,实采,,https://www.zssy.com.cn/sites/zssy.prod.sysucloud1.sysu.edu.cn/files/5_1.jpg,01_试点医院/中山大学附属第三医院/照片/杨跃武-中医科-副主任医师-中山大学附属第三医院.jpg,176015,51c517599a1a9c6c03ba1f8e113349d5df735b65936a61b89b74121721dd5cfa,390,567,
王凤林,https://www.zssy.com.cn/node/20369,实采,,https://www.zssy.com.cn/sites/zssy.prod.sysucloud1.sysu.edu.cn/files/21.jpg,01_试点医院/中山大学附属第三医院/照片/王凤林-中医科-副主任医师-中山大学附属第三医院.jpg,175801,c425a8d65d16ffd2c4c52944cb9de9db82a0f5a8415cdd9d52ce7735287d8d31,390,567,
王拥泽,https://www.zssy.com.cn/node/11312,实采,,https://www.zssy.com.cn/sites/zssy.prod.sysucloud1.sysu.edu.cn/files/25.jpg,01_试点医院/中山大学附属第三医院/照片/王拥泽-中医科-副主任医师-中山大学附属第三医院.jpg,183189,aa8ef504f2e5e4593b3bdd13d231ff04611c3a6cb6c92e843b29f27d18fe0a51,390,567,
谢和平,https://www.zssy.com.cn/node/11297,实采,,https://www.zssy.com.cn/sites/zssy.prod.sysucloud1.sysu.edu.cn/files/3.jpg,01_试点医院/中山大学附属第三医院/照片/谢和平-中医科-副主任医师-中山大学附属第三医院.jpg,179765,2aaf5147a17f8dbba29772a1e0db822e3a819331eeb51066572363e618935b80,390,567,
邹增城,https://www.zssy.com.cn/node/28420,实采,,https://www.zssy.com.cn/sites/zssy.prod.sysucloud1.sysu.edu.cn/files/34%20%E9%82%B9%E5%A2%9E%E5%9F%8E.jpg,01_试点医院/中山大学附属第三医院/照片/邹增城-中医科-副主任医师-中山大学附属第三医院.jpg,175708,5141b222c9d2ef88e9a69ba383ab9fdb8a8ecaa313abe8d722318ade5819a212,390,567,
陈燕,https://www.zssy.com.cn/node/20372,实采,,https://www.zssy.com.cn/sites/zssy.prod.sysucloud1.sysu.edu.cn/files/27.jpg,01_试点医院/中山大学附属第三医院/照片/陈燕-中医科-副主任医师-中山大学附属第三医院.jpg,172865,a24552fc128dd0fab069a17766cd9c4be46da8ce84358d10f15c9b7bb1d3efd2,390,567,
陈鸿杰,https://www.zssy.com.cn/node/28421,实采,,https://www.zssy.com.cn/sites/zssy.prod.sysucloud1.sysu.edu.cn/files/15%20%E9%99%88%E9%B8%BF%E6%9D%B0.jpg,01_试点医院/中山大学附属第三医院/照片/陈鸿杰-中医科-副主任医师-中山大学附属第三医院.jpg,170225,4426347c51bc6c8f16e766b7a78016e673b2efde9b8da45ebbb4cc20ddfb158d,390,567,
卞华伟,https://www.zssy.com.cn/node/15400,实采,,https://www.zssy.com.cn/sites/zssy.prod.sysucloud1.sysu.edu.cn/files/%E6%97%A0%E6%A0%87%E9%A2%98.png,01_试点医院/中山大学附属第三医院/照片/卞华伟-临床营养科-副主任医师-中山大学附属第三医院.png,347003,378a07eaf660d00633698e1d4772c8cae81a0110bf81cff293868351a9fb94bf,325,466,
吴玲玲,https://www.zssy.com.cn/node/14151,实采,,https://www.zssy.com.cn/sites/zssy.prod.sysucloud1.sysu.edu.cn/files/f428bd0cdf91c5f705f7880f664a018.png,01_试点医院/中山大学附属第三医院/照片/吴玲玲-产科-主任医师-中山大学附属第三医院.png,1792350,63480558e9a2e05e5925a53370a72a90abfcc6965daa4b68cbeb92ed684d8244,2480,1949,
周水生,https://www.zssy.com.cn/node/14148,实采,,https://www.zssy.com.cn/sites/zssy.prod.sysucloud1.sysu.edu.cn/files/6f53dfb34f950b13c7004f7902ba51e.png,01_试点医院/中山大学附属第三医院/照片/周水生-产科-副主任医师-中山大学附属第三医院.png,964465,b91f1f0aeb6b6a6a5259e81a7c6fce77cb62449571029b1b6ec2b0c2296d7ad3,1558,1238,
周瑾,https://www.zssy.com.cn/node/28849,实采,,https://www.zssy.com.cn/sites/zssy.prod.sysucloud1.sysu.edu.cn/files/%E5%91%A8%E7%91%BE.png,01_试点医院/中山大学附属第三医院/照片/周瑾-产科-副主任医师-中山大学附属第三医院.png,588042,e50e8aa53a408cd9a025a65fa75ed6f66da8a4e5b52078fabe2fb7b827016bad,874,695,
尹玉竹,https://www.zssy.com.cn/node/14152,实采,,https://www.zssy.com.cn/sites/zssy.prod.sysucloud1.sysu.edu.cn/files/bde76cb28236abacd0cc9c1b56492f1.png,01_试点医院/中山大学附属第三医院/照片/尹玉竹-产科-主任医师-中山大学附属第三医院.png,531820,18b43059d248da669ee07c47570775dd857b2c17bc540bc8e9428209ea37e48e,796,654,
崔金晖,https://www.zssy.com.cn/node/28848,实采,,https://www.zssy.com.cn/sites/zssy.prod.sysucloud1.sysu.edu.cn/files/%E5%B4%94%E9%87%91%E6%99%96.jpg,01_试点医院/中山大学附属第三医院/照片/崔金晖-产科-副主任医师-中山大学附属第三医院.jpg,156269,5f3beb79df2d58ea24a05a4daa1310beb31c583be8d5292757598ff1ad08455b,1280,1792,
张媛,https://www.zssy.com.cn/node/28844,实采,,https://www.zssy.com.cn/sites/zssy.prod.sysucloud1.sysu.edu.cn/files/%E5%BC%A0%E5%AA%9B.png,01_试点医院/中山大学附属第三医院/照片/张媛-产科-副主任医师-中山大学附属第三医院.png,398258,063773f9e6147c4a217c2ea42893ea7acd96930aa458b02ce1b9c1293aeccb6e,875,690,
李萍,https://www.zssy.com.cn/node/28845,实采,,https://www.zssy.com.cn/sites/zssy.prod.sysucloud1.sysu.edu.cn/files/%E5%BE%AE%E4%BF%A1%E5%9B%BE%E7%89%87_20250811114525.png,01_试点医院/中山大学附属第三医院/照片/李萍-产科-副主任医师-中山大学附属第三医院.png,903197,fb6a3e94e62f878b5b0621eb46ab48c4c9392fb418a10a01a4f762675df3989e,811,819,
梅志雄,https://www.zssy.com.cn/node/14150,实采,,https://www.zssy.com.cn/sites/zssy.prod.sysucloud1.sysu.edu.cn/files/10.png,01_试点医院/中山大学附属第三医院/照片/梅志雄-产科-主任医师-中山大学附属第三医院.png,1429276,a828fb3a9111ed16383027840c69cc9de664785b7edd9dd4545e7315e9f90964,2480,1949,
滕奔琦,https://www.zssy.com.cn/node/14146,实采,,https://www.zssy.com.cn/sites/zssy.prod.sysucloud1.sysu.edu.cn/files/%E6%BB%95%E5%8C%BB%E7%94%9F.png,01_试点医院/中山大学附属第三医院/照片/滕奔琦-产科-副主任医师-中山大学附属第三医院.png,464148,7cde649366659ba2ee3b8a43285c6259f943cd485cada2c0d9bfe2b260e43591,797,568,
范建辉,https://www.zssy.com.cn/node/11053,实采,,https://www.zssy.com.cn/sites/zssy.prod.sysucloud1.sysu.edu.cn/files/%E8%8C%83%E8%80%81%E5%B8%88.png,01_试点医院/中山大学附属第三医院/照片/范建辉-产科-主任医师-中山大学附属第三医院.png,580578,ababa7ec5c416fb1797b4a6256cfdb3060c4f8b2af4a604dad446888ce215388,874,686,
许成芳,https://www.zssy.com.cn/node/14153,实采,,https://www.zssy.com.cn/sites/zssy.prod.sysucloud1.sysu.edu.cn/files/6.png,01_试点医院/中山大学附属第三医院/照片/许成芳-产科-主任医师-中山大学附属第三医院.png,1740025,f83c25b0086cf4ced5b4ee606ca8898600af229094b1f5e7dba3f2c5fa1a99e9,2480,1949,
邓妮,https://www.zssy.com.cn/node/14107,实采,,https://www.zssy.com.cn/sites/zssy.prod.sysucloud1.sysu.edu.cn/files/%E9%82%93%E8%80%81%E5%B8%88.png,01_试点医院/中山大学附属第三医院/照片/邓妮-产科-副主任医师-中山大学附属第三医院.png,419037,61db8233ea06cb2b81bb13feb7d9d152d9278d8999d69bf5a115768857999726,789,651,
韩振艳,https://www.zssy.com.cn/node/28843,实采,,https://www.zssy.com.cn/sites/zssy.prod.sysucloud1.sysu.edu.cn/files/%E9%9F%A9%E6%8C%AF%E8%89%B3.png,01_试点医院/中山大学附属第三医院/照片/韩振艳-产科-副主任医师-中山大学附属第三医院.png,511831,a2fb997a9c429220ed720e47127c45d2d9052e02d3991c860cedaeb471d85ee3,874,667,
介入科,https://www.zssy.com.cn/node/14059,失败,无照片容器,,,,,,,无照片容器
向展望,https://www.zssy.com.cn/node/28432,实采,,https://www.zssy.com.cn/sites/zssy.prod.sysucloud1.sysu.edu.cn/files/%E5%90%91%E5%B1%95%E6%9C%9B_1.jpg,01_试点医院/中山大学附属第三医院/照片/向展望-介入科-副主任医师-中山大学附属第三医院.jpg,486228,284ba3540f9b5dade20228bee76624e7b8664fda622edee787236bf0c116f761,879,1280,
姜在波,https://www.zssy.com.cn/node/14263,实采,,https://www.zssy.com.cn/sites/zssy.prod.sysucloud1.sysu.edu.cn/files/2016022600134360441251.jpg,01_试点医院/中山大学附属第三医院/照片/姜在波-介入科-主任医师-中山大学附属第三医院.jpg,147228,face023e89841abbb543a4225386362cde85d380bdf231bef29d400d94f24725,476,662,
李征然,https://www.zssy.com.cn/node/14261,实采,,https://www.zssy.com.cn/sites/zssy.prod.sysucloud1.sysu.edu.cn/files/2013100816454630001758.jpg,01_试点医院/中山大学附属第三医院/照片/李征然-介入科-副主任医师-中山大学附属第三医院.jpg,12158,f0c73e87acbc7ad7fca4edd54e35ac0a83595d99c0710ffb4d90a31f480d87ac,106,150,
陈俊伟,https://www.zssy.com.cn/node/15228,实采,,https://www.zssy.com.cn/sites/zssy.prod.sysucloud1.sysu.edu.cn/files/%E9%99%88%E4%BF%8A%E4%BC%9F.png,01_试点医院/中山大学附属第三医院/照片/陈俊伟-介入科-副主任医师-中山大学附属第三医院.png,251846,5725bb6e8c0819d45b316d5f956c2ea69534239b287092349b9631c49f9a85e3,432,648,
黄明声,https://www.zssy.com.cn/node/14264,实采,,https://www.zssy.com.cn/sites/zssy.prod.sysucloud1.sysu.edu.cn/files/2016022600171209883849.jpg,01_试点医院/中山大学附属第三医院/照片/黄明声-介入科-教授-中山大学附属第三医院.jpg,135973,fe6c5d0d6a9b62567ab7a4ea8baaaa0c5475a9b13d0a41e2b200cb4f948de953,476,662,
儿科,https://www.zssy.com.cn/node/14065,失败,无照片容器,,,,,,,无照片容器
唐新意,https://www.zssy.com.cn/node/11202,实采,,https://www.zssy.com.cn/sites/zssy.prod.sysucloud1.sysu.edu.cn/files/2019031312012796557340.jpg,01_试点医院/中山大学附属第三医院/照片/唐新意-儿科-副主任医师-中山大学附属第三医院.jpg,122750,e60bb5b46393650db6e19fe9a30b176d3ae7f4e462a585814a9a443b3e73c40e,390,567,
张萍萍,https://www.zssy.com.cn/node/11170,实采,,https://www.zssy.com.cn/sites/zssy.prod.sysucloud1.sysu.edu.cn/files/2019031317415409905699.png,01_试点医院/中山大学附属第三医院/照片/张萍萍-儿科-副主任医师-中山大学附属第三医院.jpg,23917,a02a43102997d4ec394746513c3dad1585d70b2458f4473c7fcc3fcfab53de81,145,187,
朱顺叶,https://www.zssy.com.cn/node/11160,实采,,https://www.zssy.com.cn/sites/zssy.prod.sysucloud1.sysu.edu.cn/files/2019031312065472373849.jpg,01_试点医院/中山大学附属第三医院/照片/朱顺叶-儿科-副主任医师-中山大学附属第三医院.jpg,317061,7a659a4cb4f9ebb39758ed252b6852bb51fedd52d4aaeb4b6a5b0107f99132e9,713,929,
李晓峰,https://www.zssy.com.cn/node/11169,实采,,https://www.zssy.com.cn/sites/zssy.prod.sysucloud1.sysu.edu.cn/files/2019031415265056821145.png,01_试点医院/中山大学附属第三医院/照片/李晓峰-儿科-副主任医师-中山大学附属第三医院.jpg,23787,b4c0e615fabc5a70830f03cf20686b6ee33939469ecda1c8d5c24f8498243099,167,233,
梁亚勇,https://www.zssy.com.cn/node/11172,实采,,https://www.zssy.com.cn/sites/zssy.prod.sysucloud1.sysu.edu.cn/files/2019031317200750316250.png,01_试点医院/中山大学附属第三医院/照片/梁亚勇-儿科-副主任医师-中山大学附属第三医院.jpg,47288,1ef3f0338361b32ea68ad2b0e7bd93a48e6cc68555bbf697e67326b8b2ff1fb6,253,318,
潘思年,https://www.zssy.com.cn/node/11171,实采,,https://www.zssy.com.cn/sites/zssy.prod.sysucloud1.sysu.edu.cn/files/2013100817330882204627.jpg,01_试点医院/中山大学附属第三医院/照片/潘思年-儿科-副主任医师-中山大学附属第三医院.jpg,15297,7abcfa7c49958ad4300dcc1571b1d03907bbc6dd3b4c8e4dbe22aec813d77d2c,115,150,
牟一坤,https://www.zssy.com.cn/node/11165,实采,,https://www.zssy.com.cn/sites/zssy.prod.sysucloud1.sysu.edu.cn/files/2014022321441945900937.jpg,01_试点医院/中山大学附属第三医院/照片/牟一坤-儿科-副主任医师-中山大学附属第三医院.jpg,179383,6d2e71ee369b8461d8498101070c0111ab46b186b5d5519afab9f987d6d68f6f,1698,2362,
王清文,https://www.zssy.com.cn/node/11156,实采,,https://www.zssy.com.cn/sites/zssy.prod.sysucloud1.sysu.edu.cn/files/2019031415392197470628%20%281%29_%E5%89%AF%E6%9C%AC.jpg,01_试点医院/中山大学附属第三医院/照片/王清文-儿科-副主任医师-中山大学附属第三医院.jpg,1123132,5356fb26681a391b2510726a093e168ff1dbbbdec36aacd507db40d794d2646d,2258,3264,
纪经智,https://www.zssy.com.cn/node/11167,实采,,https://www.zssy.com.cn/sites/zssy.prod.sysucloud1.sysu.edu.cn/files/2014022321480921009483.jpg,01_试点医院/中山大学附属第三医院/照片/纪经智-儿科-副主任医师-中山大学附属第三医院.jpg,125926,9f493e50249ec6c98e48b917a24cf189a1244c77d8160b62041a453049c0a88d,1772,2280,
肖作源,https://www.zssy.com.cn/node/11168,实采,,https://www.zssy.com.cn/sites/zssy.prod.sysucloud1.sysu.edu.cn/files/2019031215365080112805.jpg,01_试点医院/中山大学附属第三医院/照片/肖作源-儿科-副主任医师-中山大学附属第三医院.jpg,49279,4e2f6d7f446c2a1d4d170a226a5369e997163d84b4605ac267f270a095b6136a,260,378,
蔡耘,https://www.zssy.com.cn/node/11163,实采,,https://www.zssy.com.cn/sites/zssy.prod.sysucloud1.sysu.edu.cn/files/2013100816263804202185.jpg,01_试点医院/中山大学附属第三医院/照片/蔡耘-儿科-副主任医师-中山大学附属第三医院.jpg,15003,992abc417f88a8a8a93e1f47a9b3e6562b27692a51f19dd8f03ed18a6d24063f,116,150,
陈壮桂,https://www.zssy.com.cn/node/11175,实采,,https://www.zssy.com.cn/sites/zssy.prod.sysucloud1.sysu.edu.cn/files/2013100817333981702162.jpg,01_试点医院/中山大学附属第三医院/照片/陈壮桂-儿科-主任医师-中山大学附属第三医院.jpg,12177,e4cceb6dc6f7612a702949e8693d8a7e05ab7579b25906e5a3b2484b372b046f,109,150,
陈奋华,https://www.zssy.com.cn/node/11173,实采,,https://www.zssy.com.cn/sites/zssy.prod.sysucloud1.sysu.edu.cn/files/2013100816341379501711.jpg,01_试点医院/中山大学附属第三医院/照片/陈奋华-儿科-副主任医师-中山大学附属第三医院.jpg,14334,3ce3118185fa4341547f5386c625caa75d0ace98f945e2403fe5ac8558f57adc,108,150,
陈惠芹,https://www.zssy.com.cn/node/11193,实采,,https://www.zssy.com.cn/sites/zssy.prod.sysucloud1.sysu.edu.cn/files/%E5%9B%BE%E7%89%871.png,01_试点医院/中山大学附属第三医院/照片/陈惠芹-儿科-副主任医师-中山大学附属第三医院.png,132815,58ee2a2ffd896aa1dacaf8d0d48e86b0087408df07f15353a0123c5c42273690,336,489,
陈虹,https://www.zssy.com.cn/node/11164,实采,,https://www.zssy.com.cn/sites/zssy.prod.sysucloud1.sysu.edu.cn/files/2014022321230378306953.jpg,01_试点医院/中山大学附属第三医院/照片/陈虹-儿科-副主任医师-中山大学附属第三医院.jpg,162294,790d9ba05a20f44ea1559a0a1b8c8cc5e2cc72d00e96e48e10530f6bc6c1f57e,1992,2756,
黎雅婷,https://www.zssy.com.cn/node/11157,实采,,https://www.zssy.com.cn/sites/zssy.prod.sysucloud1.sysu.edu.cn/files/2020102011175341924957.jpg,01_试点医院/中山大学附属第三医院/照片/黎雅婷-儿科-副主任医师-中山大学附属第三医院.jpg,196785,21c0739f0c2d7ffb1e46f72b6704c05a6aecd6f519da888c733676d29081bb21,648,972,
詹国栋,https://www.zssy.com.cn/node/29978,实采,,https://www.zssy.com.cn/sites/zssy.prod.sysucloud1.sysu.edu.cn/files/%E8%A9%B9%E5%9B%BD%E6%A0%8B%E7%94%9F%E6%B4%BB%E7%85%A7.jpeg,01_试点医院/中山大学附属第三医院/照片/詹国栋-儿童行为发育中心-副主任医师-中山大学附属第三医院.jpg,715257,ef59eb42f30bcfa45950c52c3e2438f61e2222e0c5369193f35c74dc18e61054,1908,2465,
邓红珠,https://www.zssy.com.cn/node/11107,实采,,https://www.zssy.com.cn/sites/zssy.prod.sysucloud1.sysu.edu.cn/files/2013100816382893000243.jpg,01_试点医院/中山大学附属第三医院/照片/邓红珠-儿童行为发育中心-主任医师-中山大学附属第三医院.jpg,12078,ada2fdfc8232535397fd63f5a5fcf1bf569172c14350967801f89c28a87634c9,106,150,
邹小兵,https://www.zssy.com.cn/node/15313,实采,,https://www.zssy.com.cn/sites/zssy.prod.sysucloud1.sysu.edu.cn/files/%E9%82%B9%E4%B8%BB%E4%BB%BB.png,01_试点医院/中山大学附属第三医院/照片/邹小兵-儿童行为发育中心-主任医师-中山大学附属第三医院.png,321354,2b19914a5aa3dc9f94756545f174332437bb8b94ee0434d573c16157ad977b68,522,587,
刘小云,https://www.zssy.com.cn/node/15239,实采,,https://www.zssy.com.cn/sites/zssy.prod.sysucloud1.sysu.edu.cn/files/%E5%88%98%E5%B0%8F%E4%BA%91.jpg,01_试点医院/中山大学附属第三医院/照片/刘小云-全科医学科-副主任医师-中山大学附属第三医院.jpg,223259,bfab35d9b852bbc7ef2afcdcf175e7fc218e544fb0974a7cacc888aa01604b0b,853,1280,
周凤丽,https://www.zssy.com.cn/node/11036,实采,,https://www.zssy.com.cn/sites/zssy.prod.sysucloud1.sysu.edu.cn/files/%E5%91%A8%E5%87%A4%E4%B8%BD.jpg,01_试点医院/中山大学附属第三医院/照片/周凤丽-全科医学科-主任医师-中山大学附属第三医院.jpg,313765,66e5e38329e8f48ebfe5c30864e473a881e556902ccd4c78dc9202b44aacf171,1852,2214,
张扣兴,https://www.zssy.com.cn/node/15231,实采,,https://www.zssy.com.cn/sites/zssy.prod.sysucloud1.sysu.edu.cn/files/1.%E5%BC%A0%E6%89%A3%E5%85%B4%EF%BC%88%E5%AD%A6%E7%A7%91%E5%B8%A6%E5%A4%B4%E4%BA%BA%EF%BC%89.jpg,01_试点医院/中山大学附属第三医院/照片/张扣兴-全科医学科-主任医师-中山大学附属第三医院.jpg,1683615,da84a449f74e963104dc44aa84f8432e29500064ec95643e1eec523735b3e127,3466,4852,
张海燕,https://www.zssy.com.cn/node/15237,实采,,https://www.zssy.com.cn/sites/zssy.prod.sysucloud1.sysu.edu.cn/files/%E5%BE%AE%E4%BF%A1%E5%9B%BE%E7%89%87_20210827182042.jpg,01_试点医院/中山大学附属第三医院/照片/张海燕-全科医学科-副主任医师-中山大学附属第三医院.jpg,94189,4199f2ff6cfd3fffa208bf71d016d8bb26533d18add205ff3a5f22b2bf1cb693,1080,1570,
江玮,https://www.zssy.com.cn/node/15235,实采,,https://www.zssy.com.cn/sites/zssy.prod.sysucloud1.sysu.edu.cn/files/6.%E6%B1%9F%E7%8E%AE%EF%BC%88%E4%B8%BB%E6%B2%BB%E5%8C%BB%E5%B8%88%EF%BC%89.jpg,01_试点医院/中山大学附属第三医院/照片/江玮-全科医学科-主治医师-中山大学附属第三医院.jpg,128500,8c8eb24acb447072182f8d4f4987603cdf98b25f111919ee0253b6c493ad3e60,1024,1536,
陈宣蓉,https://www.zssy.com.cn/node/15234,实采,,https://www.zssy.com.cn/sites/zssy.prod.sysucloud1.sysu.edu.cn/files/%E9%99%88%E5%AE%A3%E8%93%891.jpg,01_试点医院/中山大学附属第三医院/照片/陈宣蓉-全科医学科-主治医师-中山大学附属第三医院.jpg,20587,ae34b1043d3389876b221f74dbb56fdfd01f39018a424f1c788c25fc575ca73e,412,568,
严晋华,https://www.zssy.com.cn/node/14128,实采,,https://www.zssy.com.cn/sites/zssy.prod.sysucloud1.sysu.edu.cn/files/2014021722301344845171.jpg,01_试点医院/中山大学附属第三医院/照片/严晋华-内分泌与代谢病学科-主任医师-中山大学附属第三医院.jpg,72355,edd5bf8197aa6729f07d2be392407a995c30afd5536daccf447c52c4b4f6bcaf,300,400,
何学敏,https://www.zssy.com.cn/node/29739,实采,,https://www.zssy.com.cn/sites/zssy.prod.sysucloud1.sysu.edu.cn/files/%E5%9B%BE%E7%89%872_11.png,01_试点医院/中山大学附属第三医院/照片/何学敏-内分泌与代谢病学科-副研究员-中山大学附属第三医院.png,315590,bff65921f4a16d2d2fb4acdd41484640238b656aa3001cc2d1e6fb7dda468584,579,619,
姚斌,https://www.zssy.com.cn/node/14139,实采,,https://www.zssy.com.cn/sites/zssy.prod.sysucloud1.sysu.edu.cn/files/2019030515064577166185.jpg,01_试点医院/中山大学附属第三医院/照片/姚斌-内分泌与代谢病学科-主任医师-中山大学附属第三医院.jpg,97371,8bc880e36686d09ab0762468cfb8e2f2c3e389d4d33423c0d9b92beab8b28c6d,354,472,
张国超,https://www.zssy.com.cn/node/14133,实采,,https://www.zssy.com.cn/sites/zssy.prod.sysucloud1.sysu.edu.cn/files/2014022521435039400516.jpg,01_试点医院/中山大学附属第三医院/照片/张国超-内分泌与代谢病学科-副主任医师-中山大学附属第三医院.jpg,286935,8a17bd5da416e865782e9eae97b79b799c646eb39f77d41fbd7b06a8fdfb669e,1880,2507,
张瑶,https://www.zssy.com.cn/node/29738,实采,,https://www.zssy.com.cn/sites/zssy.prod.sysucloud1.sysu.edu.cn/files/%E5%9B%BE%E7%89%871_18.png,01_试点医院/中山大学附属第三医院/照片/张瑶-内分泌与代谢病学科-副主任医师-中山大学附属第三医院.png,465996,cd5d4beb9d7d3564c6f03cba41daea2e076e512ed6b765a02f5a6c261ffef1d0,321,362,
彭军,https://www.zssy.com.cn/node/25309,实采,,https://www.zssy.com.cn/sites/zssy.prod.sysucloud1.sysu.edu.cn/files/377b2af451e1bdd1d4941be1bf8aeea.jpg,01_试点医院/中山大学附属第三医院/照片/彭军-内分泌与代谢病学科-副研究员-中山大学附属第三医院.jpg,50433,9e10235ec050e23b469f3e28ac57a36ded27fe5f0fdc37c4268015f957e97671,295,413,
徐芬,https://www.zssy.com.cn/node/14126,实采,,https://www.zssy.com.cn/sites/zssy.prod.sysucloud1.sysu.edu.cn/files/2019030915004088963273.jpg,01_试点医院/中山大学附属第三医院/照片/徐芬-内分泌与代谢病学科-研究员-中山大学附属第三医院.jpg,108163,ce284bb98040bd1fe06a4a019f544465bd98ec6adb2abdd8fea2799afb8e1232,354,472,
曾龙驿,https://www.zssy.com.cn/node/14136,实采,,https://www.zssy.com.cn/sites/zssy.prod.sysucloud1.sysu.edu.cn/files/830097.jpg,01_试点医院/中山大学附属第三医院/照片/曾龙驿-内分泌与代谢病学科-教授-中山大学附属第三医院.jpg,11018,43220e2ec3782c4554227d45f93898107c3b1fb26a8c2f3abde7ea74bef0324a,132,176,
朱延华,https://www.zssy.com.cn/node/14130,实采,,https://www.zssy.com.cn/sites/zssy.prod.sysucloud1.sysu.edu.cn/files/2014021716335538142760.jpg,01_试点医院/中山大学附属第三医院/照片/朱延华-内分泌与代谢病学科-主任医师-中山大学附属第三医院.jpg,74115,cd9b174c1c597018848af8afe785e3147bc9e04c571e79eef26942fee1c2fcef,300,410,
李莎莎,https://www.zssy.com.cn/node/22764,实采,,https://www.zssy.com.cn/sites/zssy.prod.sysucloud1.sysu.edu.cn/files/1_11.jpg,01_试点医院/中山大学附属第三医院/照片/李莎莎-内分泌与代谢病学科-副研究员-中山大学附属第三医院.jpg,25632,fcf718b919ec9c3aa5f74e64fd21e736ef142ec7d473f893f885f8ec4e4c4c40,466,466,
杨旭斌,https://www.zssy.com.cn/node/14124,实采,,https://www.zssy.com.cn/sites/zssy.prod.sysucloud1.sysu.edu.cn/files/2019030514564961097080.jpg,01_试点医院/中山大学附属第三医院/照片/杨旭斌-内分泌与代谢病学科-副主任医师-中山大学附属第三医院.jpg,97605,ff2f4456d7a5e08295acdd7d8516be0dc4d1d5e9c769dfdf99127b55a31fb9f4,448,590,
杨黛稚,https://www.zssy.com.cn/node/15389,实采,,https://www.zssy.com.cn/sites/zssy.prod.sysucloud1.sysu.edu.cn/files/%E6%9D%A8%E9%BB%9B%E7%A8%9A.jpg,01_试点医院/中山大学附属第三医院/照片/杨黛稚-内分泌与代谢病学科-主任医师-中山大学附属第三医院.jpg,252288,e41d5353e7600fd04142ffb2f674216c98d3faad3a19ba1792a9325515671614,1080,1080,
林硕,https://www.zssy.com.cn/node/14125,实采,,https://www.zssy.com.cn/sites/zssy.prod.sysucloud1.sysu.edu.cn/files/2019030915115297002739.jpg,01_试点医院/中山大学附属第三医院/照片/林硕-内分泌与代谢病学科-主任医师-中山大学附属第三医院.jpg,107701,05bb883d2923db9cd8a3cf56a35b002d902690d3a79d7f1ad8fa440f20a2cf11,354,472,
王曼曼,https://www.zssy.com.cn/node/14127,实采,,https://www.zssy.com.cn/sites/zssy.prod.sysucloud1.sysu.edu.cn/files/2019030515212244671650.jpg,01_试点医院/中山大学附属第三医院/照片/王曼曼-内分泌与代谢病学科-副主任医师-中山大学附属第三医院.jpg,238321,1b1c279b7a06ee337a74d62fe49545db5e234655d54273ad9a2d21bce9421c02,2424,3251,
王超凡,https://www.zssy.com.cn/node/25311,实采,,https://www.zssy.com.cn/sites/zssy.prod.sysucloud1.sysu.edu.cn/files/d161e8b20b51d3bbd1231c864f49836%281%29.jpg,01_试点医院/中山大学附属第三医院/照片/王超凡-内分泌与代谢病学科-副主任医师-中山大学附属第三医院.jpg,1734823,10eb9702511a500796e5543b6369a4e831796e052d4b370acdbe6dc489efeee8,3648,5472,
石国军,https://www.zssy.com.cn/node/19432,实采,,https://www.zssy.com.cn/sites/zssy.prod.sysucloud1.sysu.edu.cn/files/%E7%9F%B3%E5%9B%BD%E5%86%9B.jpg,01_试点医院/中山大学附属第三医院/照片/石国军-内分泌与代谢病学科-研究员-中山大学附属第三医院.jpg,319663,ea606cc72641f3d78afea9b59e8f0c457ff94efaf0be257c535f32ebc0c7fa88,1250,1750,
穆攀伟,https://www.zssy.com.cn/node/14132,实采,,https://www.zssy.com.cn/sites/zssy.prod.sysucloud1.sysu.edu.cn/files/2013100817324631306249.jpg,01_试点医院/中山大学附属第三医院/照片/穆攀伟-内分泌与代谢病学科-主任医师-中山大学附属第三医院.jpg,15922,516558b20595376353834448a113f81edc811c82821326605b45a707aa5da099,111,150,
舒冏,https://www.zssy.com.cn/node/14129,实采,,https://www.zssy.com.cn/sites/zssy.prod.sysucloud1.sysu.edu.cn/files/2014021716512267049594.jpg,01_试点医院/中山大学附属第三医院/照片/舒冏-内分泌与代谢病学科-副主任医师-中山大学附属第三医院.jpg,245201,948aeddb728e46ba209da1b1bae47e85066b982b9317fbaade6084c5524bf9f7,2238,3094,
蔡梦茵,https://www.zssy.com.cn/node/14134,实采,,https://www.zssy.com.cn/sites/zssy.prod.sysucloud1.sysu.edu.cn/files/2014021717043688747591.jpg,01_试点医院/中山大学附属第三医院/照片/蔡梦茵-内分泌与代谢病学科-主任医师-中山大学附属第三医院.jpg,81201,81650f115f929a9e905b3a17e1ee555de5d530cee0658d1eb6e8e9dfc5b2e87e,300,400,
许雯,https://www.zssy.com.cn/node/14135,实采,,https://www.zssy.com.cn/sites/zssy.prod.sysucloud1.sysu.edu.cn/files/2013100816225417102762.jpg,01_试点医院/中山大学附属第三医院/照片/许雯-内分泌与代谢病学科-主任医师-中山大学附属第三医院.jpg,12856,0428a6b22cf7d83697f640ab5677cbaf6c981106b448ec69281a4bd26ae29c53,116,150,
邓洪容,https://www.zssy.com.cn/node/15388,实采,,https://www.zssy.com.cn/sites/zssy.prod.sysucloud1.sysu.edu.cn/files/1465748711.jpg,01_试点医院/中山大学附属第三医院/照片/邓洪容-内分泌与代谢病学科-副主任医师-中山大学附属第三医院.jpg,26542,e2968784d46134ff654324c3229d4af7fdfd1f6ffe94e35777d39c9cd84182dd,533,800,
陈燕铭,https://www.zssy.com.cn/node/11063,实采,,https://www.zssy.com.cn/sites/zssy.prod.sysucloud1.sysu.edu.cn/files/2014021722414830241391.jpg,01_试点医院/中山大学附属第三医院/照片/陈燕铭-内分泌与代谢病学科-教授-中山大学附属第三医院.jpg,194339,6fdadb5f46585cedc6d6344faec5eac07846f09a2a62610004ed61564471c042,2071,2698,
吴本权,https://www.zssy.com.cn/node/11035,实采,,https://www.zssy.com.cn/sites/zssy.prod.sysucloud1.sysu.edu.cn/files/%E5%90%B4%E6%9C%AC%E6%9D%83_0.jpg,01_试点医院/中山大学附属第三医院/照片/吴本权-内科ICU-主任医师-中山大学附属第三医院.jpg,14414,bf0769e383f9dbe315e5f398c10552bc6946afda0468241dd64b8eafd4e19060,294,360,
巴俊慧,https://www.zssy.com.cn/node/15335,实采,,https://www.zssy.com.cn/sites/zssy.prod.sysucloud1.sysu.edu.cn/files/%E5%B7%B4%E5%B7%B4%E8%AF%81%E4%BB%B6%E7%85%A7.jpg,01_试点医院/中山大学附属第三医院/照片/巴俊慧-内科ICU-主治医师-中山大学附属第三医院.jpg,169165,9a76d854133d1483952b45ac5338b518ee0715c6ebc855981de00064dd4638a9,851,1179,
张敬聪,https://www.zssy.com.cn/node/15334,实采,,https://www.zssy.com.cn/sites/zssy.prod.sysucloud1.sysu.edu.cn/files/%E5%BC%A0%E6%95%AC%E8%81%AA-%E5%8E%8B%E7%BC%A9.jpg,01_试点医院/中山大学附属第三医院/照片/张敬聪-内科ICU-主治医师-中山大学附属第三医院.jpg,131728,7b0f0ca6bc08663261970aa774eef780be2970eab376916afa29ddd8750bb96e,1080,1456,
林煜森,https://www.zssy.com.cn/node/15337,实采,,https://www.zssy.com.cn/sites/zssy.prod.sysucloud1.sysu.edu.cn/files/%E5%BE%AE%E4%BF%A1%E5%9B%BE%E7%89%87_20250413164058_0.jpg,01_试点医院/中山大学附属第三医院/照片/林煜森-内科ICU-主治医师-中山大学附属第三医院.jpg,43018,aa864f047eb8a069eddc4270ef3c795c19cfe263fae00b51f1e03cce4e7e9e4d,295,413,
王艳红,https://www.zssy.com.cn/node/15330,实采,,https://www.zssy.com.cn/sites/zssy.prod.sysucloud1.sysu.edu.cn/files/%E7%8E%8B%E8%89%B3%E7%BA%A2-%E9%BB%91%E5%BA%95.jpg,01_试点医院/中山大学附属第三医院/照片/王艳红-内科ICU-副主任医师-中山大学附属第三医院.jpg,187227,ae915a8afeb54c5f0afc501143ad21f9b9cf3fcc45c53b0079c9aafa027388a4,1852,2176,
石云锋,https://www.zssy.com.cn/node/15331,实采,,https://www.zssy.com.cn/sites/zssy.prod.sysucloud1.sysu.edu.cn/files/%E7%9F%B3%E4%BA%91%E9%94%8B-%E7%A7%91%E5%AE%A4%E4%B8%BB%E9%A1%B5.jpg,01_试点医院/中山大学附属第三医院/照片/石云锋-内科ICU-副主任医师-中山大学附属第三医院.jpg,208478,93f3fd49f2f6e76dfa538aecc42893b2f33ad341521121b12fdd82e9897cfa1e,1280,1710,
罗进梅,https://www.zssy.com.cn/node/15332,实采,,https://www.zssy.com.cn/sites/zssy.prod.sysucloud1.sysu.edu.cn/files/%E7%BD%97%E8%BF%9B%E6%A2%85.jpg,01_试点医院/中山大学附属第三医院/照片/罗进梅-内科ICU-副主任医师-中山大学附属第三医院.jpg,34105,1b81c3657a33b91b0fafe757c949b56aac49f8fe0d39c1abe2780d9fcf7bd646,354,472,
胡佳佳,https://www.zssy.com.cn/node/15333,实采,,https://www.zssy.com.cn/sites/zssy.prod.sysucloud1.sysu.edu.cn/files/%E8%83%A1%E4%BD%B3%E4%BD%B3.jpg,01_试点医院/中山大学附属第三医院/照片/胡佳佳-内科ICU-主治医师-中山大学附属第三医院.jpg,19434,9de767751a37a24cfeadcb77650fb1bdc6c828e881e4b99eba282d77e210b4c0,358,441,
赖维,https://www.zssy.com.cn/node/15314,实采,,https://www.zssy.com.cn/sites/zssy.prod.sysucloud1.sysu.edu.cn/files/%E8%B5%96%E7%BB%B4-%E5%8E%8B%E7%BC%A9%E5%9B%BE%E7%89%87.jpg,01_试点医院/中山大学附属第三医院/照片/赖维-化妆品评价中心-主任医师-中山大学附属第三医院.jpg,1989272,98cedbfda1e4e09d29297c01fed80f370df2aa6dc2579244795e3dccbb15c12f,4768,4728,
张永标,https://www.zssy.com.cn/node/15306,实采,,https://www.zssy.com.cn/sites/zssy.prod.sysucloud1.sysu.edu.cn/files/%E5%BC%A0%E6%B0%B8%E6%A0%87.png,01_试点医院/中山大学附属第三医院/照片/张永标-卒中中心-主任医师-中山大学附属第三医院.png,129301,2ce274a7a5addea642bd6e7cc2da4de0af6653bea6777665c0ca9b17b12ffc0f,231,302,
汪求精,https://www.zssy.com.cn/node/15307,实采,,https://www.zssy.com.cn/sites/zssy.prod.sysucloud1.sysu.edu.cn/files/%E6%B1%AA%E6%B1%82%E7%B2%BE.png,01_试点医院/中山大学附属第三医院/照片/汪求精-卒中中心-主任医师-中山大学附属第三医院.png,117444,de7da7bb00f67356ee913d8f3aad8d47f16374743326e0c6188c3b8d8f1db089,231,300,
窦祖林,https://www.zssy.com.cn/node/15309,实采,,https://www.zssy.com.cn/sites/zssy.prod.sysucloud1.sysu.edu.cn/files/%E7%AA%A6%E7%A5%96%E6%9E%97.png,01_试点医院/中山大学附属第三医院/照片/窦祖林-卒中中心-主任医师-中山大学附属第三医院.png,97387,7fa4bed5bef1fecd904f9b6c2ac7aac874ffe1411f86ebe07f375104f3d33314,230,302,
陆正齐,https://www.zssy.com.cn/node/15302,实采,,https://www.zssy.com.cn/sites/zssy.prod.sysucloud1.sysu.edu.cn/files/%E9%99%86%E6%AD%A3%E9%BD%90.png,01_试点医院/中山大学附属第三医院/照片/陆正齐-卒中中心-主任医师-中山大学附属第三医院.png,112262,18ee3ab40f3349087c6beadfd2b6f6072bdaaef5abcaee4105681cce2ace96a1,234,303,
黄明声,https://www.zssy.com.cn/node/15308,实采,,https://www.zssy.com.cn/sites/zssy.prod.sysucloud1.sysu.edu.cn/files/%E9%BB%84%E6%98%8E%E5%A3%B0.png,01_试点医院/中山大学附属第三医院/照片/黄明声-卒中中心-主任医师-中山大学附属第三医院.png,121307,8819e24a152c90635176509c2497885221271978da6b4d5aa92728621fcc6968,233,303,
冯佩英,https://www.zssy.com.cn/node/15300,实采,,https://www.zssy.com.cn/sites/zssy.prod.sysucloud1.sysu.edu.cn/files/%E5%9B%BE%E7%89%87%209.png,01_试点医院/中山大学附属第三医院/照片/冯佩英-变态反应（过敏）学科-主任医师-中山大学附属第三医院.png,287175,f091b6c19cce0f80b389ed326e64047f567c37d9a1ddb03780e344639c99012d,373,503,
周宇麒,https://www.zssy.com.cn/node/15299,实采,,https://www.zssy.com.cn/sites/zssy.prod.sysucloud1.sysu.edu.cn/files/%E5%9B%BE%E7%89%87%2014.png,01_试点医院/中山大学附属第三医院/照片/周宇麒-变态反应（过敏）学科-主任医师-中山大学附属第三医院.png,292815,3f03af33a4ee827df6562615773a3cb773ac169f60b440adc0aa56c15e97beb9,374,499,
张昆,https://www.zssy.com.cn/node/15291,实采,,https://www.zssy.com.cn/sites/zssy.prod.sysucloud1.sysu.edu.cn/files/%E5%BC%A0%E6%98%86.jpg,01_试点医院/中山大学附属第三医院/照片/张昆-变态反应（过敏）学科-副主任医师-中山大学附属第三医院.jpg,179247,323508cc721d20a6fa91db7cccadd00c3f190746325864f75ad26a9364b2d420,390,567,
张萍萍,https://www.zssy.com.cn/node/15293,实采,,https://www.zssy.com.cn/sites/zssy.prod.sysucloud1.sysu.edu.cn/files/%E5%BC%A0%E8%90%8D%E8%90%8D.jpg,01_试点医院/中山大学附属第三医院/照片/张萍萍-变态反应（过敏）学科-主任医师-中山大学附属第三医院.jpg,190387,a185313dc938a18e7da0668b3273c4558de2618f6bbc447645548ed9432c710f,918,1130,
戴敏,https://www.zssy.com.cn/node/15294,实采,,https://www.zssy.com.cn/sites/zssy.prod.sysucloud1.sysu.edu.cn/files/%E5%9B%BE%E7%89%87%2020.png,01_试点医院/中山大学附属第三医院/照片/戴敏-变态反应（过敏）学科-主任医师-中山大学附属第三医院.png,283899,6ac020b7a930b85e9176a2931d5ea4c719a4027ca7129c9eccc49db8761fa6e6,374,499,
陈壮桂,https://www.zssy.com.cn/node/15323,实采,,https://www.zssy.com.cn/sites/zssy.prod.sysucloud1.sysu.edu.cn/files/%E5%9B%BE%E7%89%87%206.png,01_试点医院/中山大学附属第三医院/照片/陈壮桂-变态反应（过敏）学科-主任医师-中山大学附属第三医院.png,279916,f3cba77ea318749fcd7c5ece85af02c760ff4cd89d91b89df7a3396ff34a97e1,374,499,
陶金,https://www.zssy.com.cn/node/15296,实采,,https://www.zssy.com.cn/sites/zssy.prod.sysucloud1.sysu.edu.cn/files/%E5%9B%BE%E7%89%87%2016.png,01_试点医院/中山大学附属第三医院/照片/陶金-变态反应（过敏）学科-主任医师-中山大学附属第三医院.png,262993,d9e66b2be93a1fa93daa31421ceb0a8750574af5f2ca6c718f5ddefb9f2d4d8d,370,499,
黎雅婷,https://www.zssy.com.cn/node/15292,实采,,https://www.zssy.com.cn/sites/zssy.prod.sysucloud1.sysu.edu.cn/files/%E9%BB%8E%E9%9B%85%E5%A9%B7.jpg,01_试点医院/中山大学附属第三医院/照片/黎雅婷-变态反应（过敏）学科-主任医师-中山大学附属第三医院.jpg,82659,a9a7c826252555311bff75d3a765af57f0c4756f0ae60e7ea4960aa526ca628d,1088,1632,
口腔科,https://www.zssy.com.cn/node/14068,失败,无照片容器,,,,,,,无照片容器
吴坚,https://www.zssy.com.cn/node/11078,实采,,https://www.zssy.com.cn/sites/zssy.prod.sysucloud1.sysu.edu.cn/files/%E5%90%B4%E5%9D%9A_2.jpg,01_试点医院/中山大学附属第三医院/照片/吴坚-口腔科-副主任医师-中山大学附属第三医院.jpg,35821,601b3e7427bb7a616c585a360db5e0674112282f4b100a3d20f7bff3611f8a25,657,800,
吴新中,https://www.zssy.com.cn/node/14214,实采,,https://www.zssy.com.cn/sites/zssy.prod.sysucloud1.sysu.edu.cn/files/2015040116591157201724.jpg,01_试点医院/中山大学附属第三医院/照片/吴新中-口腔科-副主任医师-中山大学附属第三医院.jpg,15836,06a0a4293f2903a557ad415f2af36207da94742d367e93db9bbf6eddc2637a04,120,182,
唐倩,https://www.zssy.com.cn/node/11050,实采,,https://www.zssy.com.cn/sites/zssy.prod.sysucloud1.sysu.edu.cn/files/%E5%94%90%E5%80%A9.jpg,01_试点医院/中山大学附属第三医院/照片/唐倩-口腔科-副主任医师-中山大学附属第三医院.jpg,1320315,900723b3ccb24f3bbcd33d9b67cc8d39d20e04037b305e9155be78d1e6b18760,2403,3101,
徐雄均,https://www.zssy.com.cn/node/15374,实采,,https://www.zssy.com.cn/sites/zssy.prod.sysucloud1.sysu.edu.cn/files/%E5%BE%90%E9%9B%84%E5%9D%87.jpg,01_试点医院/中山大学附属第三医院/照片/徐雄均-口腔科-主任医师-中山大学附属第三医院.jpg,942224,20c293a451632b72ad1f9d8889631c315f0173a21ef470c02ac70450942fab37,1500,1796,
李卫国,https://www.zssy.com.cn/node/14211,实采,,https://www.zssy.com.cn/sites/zssy.prod.sysucloud1.sysu.edu.cn/files/2015071011552913575119.jpg,01_试点医院/中山大学附属第三医院/照片/李卫国-口腔科-副主任医师-中山大学附属第三医院.jpg,184668,b6f5dd37d0770f37736ab718d81ca6a34b159ea2f0b7dbe1671230f87689c0df,600,800,
梁启祥,https://www.zssy.com.cn/node/29961,实采,,https://www.zssy.com.cn/sites/zssy.prod.sysucloud1.sysu.edu.cn/files/%E6%88%AA%E5%B1%8F2026-05-07%2011.12.37.png,01_试点医院/中山大学附属第三医院/照片/梁启祥-口腔科-副主任医师-中山大学附属第三医院.png,1535179,080a9cc9238f3e96787ae4e2cc3e3d9c79bde2101b4329a808f8fcf6b512e4be,914,1134,
肖峰,https://www.zssy.com.cn/node/28437,实采,,https://www.zssy.com.cn/sites/zssy.prod.sysucloud1.sysu.edu.cn/files/%E8%82%96%E5%B3%B0.jpg,01_试点医院/中山大学附属第三医院/照片/肖峰-口腔科-副主任医师-中山大学附属第三医院.jpg,653384,0a56f88064567e80f08c153a658409b44a841d8c03c4c46835d912dae1e15848,1934,2303,
袁佳,https://www.zssy.com.cn/node/28438,实采,,https://www.zssy.com.cn/sites/zssy.prod.sysucloud1.sysu.edu.cn/files/%E8%A2%81%E4%BD%B3.jpg,01_试点医院/中山大学附属第三医院/照片/袁佳-口腔科-副主任医师-中山大学附属第三医院.jpg,1392545,f6247c04f324cde6493b0cb8d286c00fb362efa123cce140a9804fc572d23f50,1500,1500,
陈强,https://www.zssy.com.cn/node/28441,实采,,https://www.zssy.com.cn/sites/zssy.prod.sysucloud1.sysu.edu.cn/files/%E9%99%88%E5%BC%BA.jpg,01_试点医院/中山大学附属第三医院/照片/陈强-口腔科-副主任医师-中山大学附属第三医院.jpg,1637410,a6100400eb3b678f0c8266d31db0e6f12b7398440babfa775e332e113c6738f4,1500,1729,
陈翠婷,https://www.zssy.com.cn/node/29960,实采,,https://www.zssy.com.cn/sites/zssy.prod.sysucloud1.sysu.edu.cn/files/%E9%99%88%E7%BF%A0%E5%A9%B7.jpg,01_试点医院/中山大学附属第三医院/照片/陈翠婷-口腔科-副主任医师-中山大学附属第三医院.jpg,87843,02a1f36188ebebd730cde6d7ea50a2c7c768d90d7ad417e68b2363fd07ab9d56,390,567,
黄南楠,https://www.zssy.com.cn/node/28442,实采,,https://www.zssy.com.cn/sites/zssy.prod.sysucloud1.sysu.edu.cn/files/%E9%BB%84%E5%8D%97%E6%A5%A0.jpg,01_试点医院/中山大学附属第三医院/照片/黄南楠-口腔科-副主任医师-中山大学附属第三医院.jpg,1628475,6e23b01006b26ead25c7362ecc6884b75bdeb3845c8b64b095d4246b289c9b48,1500,1789,
冯定云,https://www.zssy.com.cn/node/15021,实采,,https://www.zssy.com.cn/sites/zssy.prod.sysucloud1.sysu.edu.cn/files/%E4%B8%AD%E5%B1%B1%E5%A4%A7%E5%AD%A6%E9%99%84%E5%B1%9E%E7%AC%AC%E4%B8%89%E5%8C%BB%E9%99%A2%E5%86%AF%E5%AE%9A%E4%BA%912.jpg,01_试点医院/中山大学附属第三医院/照片/冯定云-呼吸与危重症医学科-副主任医师-中山大学附属第三医院.jpg,1842663,6168926db9958e448c20018e205ade6c528766bd0c618587cee53a8d622296c0,1800,2700,
刘慧,https://www.zssy.com.cn/node/11033,实采,,https://www.zssy.com.cn/sites/zssy.prod.sysucloud1.sysu.edu.cn/files/2014011711022734103861.jpg,01_试点医院/中山大学附属第三医院/照片/刘慧-呼吸与危重症医学科-主任医师-中山大学附属第三医院.jpg,61639,99ec8ad4e26823f2a8c67bc53b8a6f3a4508e35103904ddc326381ff56b3abee,300,407,
周宇麒,https://www.zssy.com.cn/node/11037,实采,,https://www.zssy.com.cn/sites/zssy.prod.sysucloud1.sysu.edu.cn/files/2015010313482371427155.png,01_试点医院/中山大学附属第三医院/照片/周宇麒-呼吸与危重症医学科-主任医师-中山大学附属第三医院.jpg,96795,da789f3aa7bdd6243e11999d5745e4ef73a4d2c5a3832570dd602491f0e6d151,300,416,
张天托,https://www.zssy.com.cn/node/11045,实采,,https://www.zssy.com.cn/sites/zssy.prod.sysucloud1.sysu.edu.cn/files/830105.jpg,01_试点医院/中山大学附属第三医院/照片/张天托-呼吸与危重症医学科-教授-中山大学附属第三医院.jpg,11468,d51cfa0f386c70626c3ccb770eeda8a94dfb3304320314379f7d31334a6bbc49,132,176,
李文娟,https://www.zssy.com.cn/node/20172,实采,,https://www.zssy.com.cn/sites/zssy.prod.sysucloud1.sysu.edu.cn/files/%E6%9D%8E%E6%96%87%E5%A8%9F.jpg,01_试点医院/中山大学附属第三医院/照片/李文娟-呼吸与危重症医学科-副主任医师-中山大学附属第三医院.jpg,34837,6c0036cb3734de94e76745f5f18c6f3e4f8d2f1c706745abcb4b1e6dee9db3d5,533,800,
李洪涛,https://www.zssy.com.cn/node/11044,实采,,https://www.zssy.com.cn/sites/zssy.prod.sysucloud1.sysu.edu.cn/files/2019033117305927269714.jpg,01_试点医院/中山大学附属第三医院/照片/李洪涛-呼吸与危重症医学科-主任医师-中山大学附属第三医院.jpg,62669,cca873d4648df632d4f572051c8e684f0fe1282c28576cb33654c891c0ef6e0c,471,633,
黄静,https://www.zssy.com.cn/node/11048,实采,,https://www.zssy.com.cn/sites/zssy.prod.sysucloud1.sysu.edu.cn/files/2019040621172595470173.jpg,01_试点医院/中山大学附属第三医院/照片/黄静-呼吸与危重症医学科-副主任医师-中山大学附属第三医院.jpg,319156,cb27726bb85c61ea0dc54ef74b8eb42988f453cb29df4caa545e07ede8fbe682,1080,1669,
刘剑戎,https://www.zssy.com.cn/node/23428,实采,,https://www.zssy.com.cn/sites/zssy.prod.sysucloud1.sysu.edu.cn/files/%E5%BE%AE%E4%BF%A1%E5%9B%BE%E7%89%87_20230727203557.jpg,01_试点医院/中山大学附属第三医院/照片/刘剑戎-外科ICU-副主任医师-中山大学附属第三医院.jpg,22739,f8a8eddbad417d4b40d6879573e2bede36883f09fe868651964c52d9caf4b29a,800,800,
吕海金,https://www.zssy.com.cn/node/15119,实采,,https://www.zssy.com.cn/sites/zssy.prod.sysucloud1.sysu.edu.cn/files/%E5%BE%AE%E4%BF%A1%E5%9B%BE%E7%89%87_20210822124824.png,01_试点医院/中山大学附属第三医院/照片/吕海金-外科ICU-副主任医师-中山大学附属第三医院.png,119165,153d1e961c1d91f6cdcc69b9f61e3a9d806c395c821ca0885cb08c123f915712,247,353,
安玉玲,https://www.zssy.com.cn/node/15143,实采,,https://www.zssy.com.cn/sites/zssy.prod.sysucloud1.sysu.edu.cn/files/%E5%BE%AE%E4%BF%A1%E5%9B%BE%E7%89%87_20210823114637.png,01_试点医院/中山大学附属第三医院/照片/安玉玲-外科ICU-副主任医师-中山大学附属第三医院.png,38697,f5274e1f5b6d5ba4046be3aa52bc10375604eef65820eccc6f186ad6593ef320,152,159,
易小猛,https://www.zssy.com.cn/node/23427,实采,,https://www.zssy.com.cn/sites/zssy.prod.sysucloud1.sysu.edu.cn/files/%E5%BE%AE%E4%BF%A1%E5%9B%BE%E7%89%87_20230727203536.jpg,01_试点医院/中山大学附属第三医院/照片/易小猛-外科ICU-副主任医师-中山大学附属第三医院.jpg,1241179,1d49fae312bf8af12e512603de2220ae9d5f941adc821e2633900732c5047606,1480,2152,
易慧敏,https://www.zssy.com.cn/node/15219,实采,,https://www.zssy.com.cn/sites/zssy.prod.sysucloud1.sysu.edu.cn/files/%E5%BE%AE%E4%BF%A1%E5%9B%BE%E7%89%87_20210829184603.jpg,01_试点医院/中山大学附属第三医院/照片/易慧敏-外科ICU-主任医师-中山大学附属第三医院.jpg,134797,b9955a85b730e160f12a289e0cfcdad543af2a0a0561371e474f0f3926c014e0,413,531,
魏绪霞,https://www.zssy.com.cn/node/23426,实采,,https://www.zssy.com.cn/sites/zssy.prod.sysucloud1.sysu.edu.cn/files/%E5%BE%AE%E4%BF%A1%E5%9B%BE%E7%89%87_20230727203547.png,01_试点医院/中山大学附属第三医院/照片/魏绪霞-外科ICU-副主任医师-中山大学附属第三医院.png,140594,51333d462aa3901670cac3a3ff0b4500fc03a93695dc80eba0e489fd0bd0a3c8,261,366,
丁杰,https://www.zssy.com.cn/node/15111,实采,,https://www.zssy.com.cn/sites/zssy.prod.sysucloud1.sysu.edu.cn/files/%E4%B8%81%E6%9D%B0.jpg,01_试点医院/中山大学附属第三医院/照片/丁杰-妇科-副主任医师-中山大学附属第三医院.jpg,378107,16d7a9614a13e99b3b1c7ca9a6899087a124cab12e4a50df7592f61f2370bf67,1500,2100,
万璟,https://www.zssy.com.cn/node/15108,实采,,https://www.zssy.com.cn/sites/zssy.prod.sysucloud1.sysu.edu.cn/files/%E4%B8%87%E7%92%9F.jpg,01_试点医院/中山大学附属第三医院/照片/万璟-妇科-副主任医师-中山大学附属第三医院.jpg,96648,616f6696d391c7dcadadd24f4cd7918b0625c9a89d784575b7c1c8ae718146ea,844,1251,
刘穗玲,https://www.zssy.com.cn/node/15106,实采,,https://www.zssy.com.cn/sites/zssy.prod.sysucloud1.sysu.edu.cn/files/%E5%88%98%E7%A9%97%E7%8E%B2.png,01_试点医院/中山大学附属第三医院/照片/刘穗玲-妇科-副主任医师-中山大学附属第三医院.png,26524,17775a64be7bdba10dcccf76ca0a743f0c841e75724c7ffa45753acf153294b9,124,141,
古健,https://www.zssy.com.cn/node/15105,实采,,https://www.zssy.com.cn/sites/zssy.prod.sysucloud1.sysu.edu.cn/files/%E5%BE%AE%E4%BF%A1%E5%9B%BE%E7%89%87_20220509090147_1.jpg,01_试点医院/中山大学附属第三医院/照片/古健-妇科-副主任医师-中山大学附属第三医院.jpg,1399358,8f23a29987490f9f92d305f608ab20ca8ab5cc432b7b2746d8bb1c0f937d0970,1125,1617,
叶敏娟,https://www.zssy.com.cn/node/29962,实采,,https://www.zssy.com.cn/sites/zssy.prod.sysucloud1.sysu.edu.cn/files/16%E5%8F%B6%E6%95%8F%E5%A8%9F.jpg,01_试点医院/中山大学附属第三医院/照片/叶敏娟-妇科-副主任医师-中山大学附属第三医院.jpg,34600,ec8d104d6f559a8402edc99c3a7869be1d5ac4067b24c7d05dbcc782252dd0d9,294,412,
叶辉霞,https://www.zssy.com.cn/node/29963,实采,,https://www.zssy.com.cn/sites/zssy.prod.sysucloud1.sysu.edu.cn/files/%E6%88%AA%E5%B1%8F2026-05-07%2011.35.02.png,01_试点医院/中山大学附属第三医院/照片/叶辉霞-妇科-副主任医师-中山大学附属第三医院.png,1543212,2d7134a2569378e8de9c15a74a11b7fd8c0e55fe72ebe93fd7c3cf3644c33df1,1168,1356,
叶青剑,https://www.zssy.com.cn/node/15112,实采,,https://www.zssy.com.cn/sites/zssy.prod.sysucloud1.sysu.edu.cn/files/%E5%BE%AE%E4%BF%A1%E5%9B%BE%E7%89%87_20220509090331.jpg,01_试点医院/中山大学附属第三医院/照片/叶青剑-妇科-副主任医师-中山大学附属第三医院.jpg,1398751,2a9612aba82b356ddfc327a0b4be93f37ffe5fdc330f12977149b5f64d857de5,1125,1674,
妇科,https://www.zssy.com.cn/node/15114,失败,无照片容器,,,,,,,无照片容器
张宇,https://www.zssy.com.cn/node/15103,实采,,https://www.zssy.com.cn/sites/zssy.prod.sysucloud1.sysu.edu.cn/files/%E5%BE%AE%E4%BF%A1%E5%9B%BE%E7%89%87_20220509085538.jpg,01_试点医院/中山大学附属第三医院/照片/张宇-妇科-主任医师-中山大学附属第三医院.jpg,603467,771e90d368b84573b1c63169a5040a618988f802b5fe4fda4e2e63b0c0c6d7a9,2288,2732,
成娟,https://www.zssy.com.cn/node/20117,实采,,https://www.zssy.com.cn/sites/zssy.prod.sysucloud1.sysu.edu.cn/files/%E5%BE%AE%E4%BF%A1%E5%9B%BE%E7%89%87_20220509090605.jpg,01_试点医院/中山大学附属第三医院/照片/成娟-妇科-副主任医师-中山大学附属第三医院.jpg,1582665,3507cd264679377855e13fae8287fb19076e2139ec82cbdea9184ecb1664956e,1125,1661,
方莉,https://www.zssy.com.cn/node/15107,实采,,https://www.zssy.com.cn/sites/zssy.prod.sysucloud1.sysu.edu.cn/files/%E6%96%B9%E8%8E%89.png,01_试点医院/中山大学附属第三医院/照片/方莉-妇科-副主任医师-中山大学附属第三医院.png,24903,438cce9dfe000da42828ff5dc508de3c69a4851571db50a3ac857991a93f65bb,93,141,
李依芬,https://www.zssy.com.cn/node/29967,实采,,https://www.zssy.com.cn/sites/zssy.prod.sysucloud1.sysu.edu.cn/files/19%E6%9D%8E%E4%BE%9D%E8%8A%AC.jpg,01_试点医院/中山大学附属第三医院/照片/李依芬-妇科-副主任医师-中山大学附属第三医院.jpg,88873,9d5024b52f15e703576e330a0d3542fcc3a6755c7e760d5c019e7c6b597d6e2c,652,751,
李小毛,https://www.zssy.com.cn/node/15101,实采,,https://www.zssy.com.cn/sites/zssy.prod.sysucloud1.sysu.edu.cn/files/%E6%9D%8E%E5%B0%8F%E6%AF%9B.png,01_试点医院/中山大学附属第三医院/照片/李小毛-妇科-主任医师-中山大学附属第三医院.png,52364,49d2fc050142a1e2b5427b112cc3f0dc056199dca47e2c9773183585b247825d,134,178,
杨晓辉,https://www.zssy.com.cn/node/29965,实采,,https://www.zssy.com.cn/sites/zssy.prod.sysucloud1.sysu.edu.cn/files/17%E6%9D%A8%E6%99%93%E8%BE%89.png,01_试点医院/中山大学附属第三医院/照片/杨晓辉-妇科-副主任医师-中山大学附属第三医院.png,980670,ff50f6d4e073f562f1f8d0807592742b77ba281f671cdaa1c4f85f52e81b4ea8,804,1158,
杨越波,https://www.zssy.com.cn/node/15102,实采,,https://www.zssy.com.cn/sites/zssy.prod.sysucloud1.sysu.edu.cn/files/%E6%9D%A8%E8%B6%8A%E6%B3%A2.png,01_试点医院/中山大学附属第三医院/照片/杨越波-妇科-主任医师-中山大学附属第三医院.png,30872,37aaca1d059a0bb3f8c363af6e5cbf1fa996c740183f68da52437595801d317a,135,176,
梁常艳,https://www.zssy.com.cn/node/20118,实采,,https://www.zssy.com.cn/sites/zssy.prod.sysucloud1.sysu.edu.cn/files/%E5%BE%AE%E4%BF%A1%E5%9B%BE%E7%89%87_20220509090720.jpg,01_试点医院/中山大学附属第三医院/照片/梁常艳-妇科-副主任医师-中山大学附属第三医院.jpg,277438,61601dc2b81f16f89e9a97bab1a40b7197e27725cf47ebbd07e8a17c65b3424b,836,1127,
王佳,https://www.zssy.com.cn/node/29966,实采,,https://www.zssy.com.cn/sites/zssy.prod.sysucloud1.sysu.edu.cn/files/%E6%88%AA%E5%B1%8F2026-05-07%2011.41.01.png,01_试点医院/中山大学附属第三医院/照片/王佳-妇科-副主任医师-中山大学附属第三医院.png,1042689,762c5b44f338c718074e4d5eee323d5f6637bda3e157439cc7f77a40b217c1a8,852,1142,
王焕,https://www.zssy.com.cn/node/15109,实采,,https://www.zssy.com.cn/sites/zssy.prod.sysucloud1.sysu.edu.cn/files/%E7%8E%8B%E7%84%95.jpg,01_试点医院/中山大学附属第三医院/照片/王焕-妇科-副主任医师-中山大学附属第三医院.jpg,42629,38e3f4fe51663370952d9903dccdca44f1148894e974cda43c9178995e9fbdfc,800,800,
蒋慧云,https://www.zssy.com.cn/node/29964,实采,,https://www.zssy.com.cn/sites/zssy.prod.sysucloud1.sysu.edu.cn/files/15%E8%92%8B%E6%85%A7%E4%BA%91.jpg,01_试点医院/中山大学附属第三医院/照片/蒋慧云-妇科-副主任医师-中山大学附属第三医院.jpg,325715,b26130e46aaceba8bb6a3238d5009f0be9c07f76bfdf35fa29c408ffdd333cec,929,744,
谌小卫,https://www.zssy.com.cn/node/15113,实采,,https://www.zssy.com.cn/sites/zssy.prod.sysucloud1.sysu.edu.cn/files/%E8%B0%8C%E5%B0%8F%E5%8D%AB.png,01_试点医院/中山大学附属第三医院/照片/谌小卫-妇科-副主任医师-中山大学附属第三医院.png,29157,1f76826e96bbd7cf51812ef5760c36dd75c8dbd2ba6cc700bfb67121931cfcb6,103,141,
邓柳枝,https://www.zssy.com.cn/node/15110,实采,,https://www.zssy.com.cn/sites/zssy.prod.sysucloud1.sysu.edu.cn/files/%E9%82%93%E6%9F%B3%E6%9E%9D.jpg,01_试点医院/中山大学附属第三医院/照片/邓柳枝-妇科-副主任医师-中山大学附属第三医院.jpg,44387,f7cf7139af42b7a8bcf7cc4fd15b90ab6ecf483e5f4befe70b0b79037afb7270,523,652,
变态反应,https://www.zssy.com.cn/node/14098,失败,无照片容器,,,,,,,无照片容器
丘卫红,https://www.zssy.com.cn/node/11038,实采,,https://www.zssy.com.cn/sites/zssy.prod.sysucloud1.sysu.edu.cn/files/%E4%B8%98%E5%8D%AB%E7%BA%A2_0.jpg,01_试点医院/中山大学附属第三医院/照片/丘卫红-康复医学科-主任医师-中山大学附属第三医院.jpg,1544430,6d9e57a00f60bdff40ecb96636739f083c9cf7abc53e44425b6fd597ea69282e,2180,2667,
何小飞,https://www.zssy.com.cn/node/29857,实采,,https://www.zssy.com.cn/sites/zssy.prod.sysucloud1.sysu.edu.cn/files/%E4%BD%95%E5%B0%8F%E9%A3%9E-1_0.jpg,01_试点医院/中山大学附属第三医院/照片/何小飞-康复医学科-副主任医师-中山大学附属第三医院.jpg,570007,abd02fd78eb35811ed81200bd729d2a91d263b6272d400b2a631b25a682742a2,1604,2087,
卫小梅,https://www.zssy.com.cn/node/28160,实采,,https://www.zssy.com.cn/sites/zssy.prod.sysucloud1.sysu.edu.cn/files/%E5%8D%AB.jpg,01_试点医院/中山大学附属第三医院/照片/卫小梅-康复医学科-副主任医师-中山大学附属第三医院.jpg,30545,98d24f8c3c68771f68e543c989c9d00440a483d3de0f0e179015dcb84440db6d,536,571,
喻勇,https://www.zssy.com.cn/node/28157,实采,,https://www.zssy.com.cn/sites/zssy.prod.sysucloud1.sysu.edu.cn/files/%E5%9B%BE%E7%89%875_0.jpg,01_试点医院/中山大学附属第三医院/照片/喻勇-康复医学科-副主任医师-中山大学附属第三医院.jpg,16899,eb213715b3f3cce3afca4fba9caff4db51f0e124a7a443d129ee0637000d54c8,289,365,
安德连,https://www.zssy.com.cn/node/15210,实采,,https://www.zssy.com.cn/sites/zssy.prod.sysucloud1.sysu.edu.cn/files/%E5%AE%89%E5%BE%B7%E8%BF%9E-1.jpg,01_试点医院/中山大学附属第三医院/照片/安德连-康复医学科-未标注-中山大学附属第三医院.jpg,1538710,28eaba533c150224f4b958b20c5d87036fb4fc93942349d8ffc6a6778719d528,3000,4500,
左泽杰,https://www.zssy.com.cn/node/29813,实采,,https://www.zssy.com.cn/sites/zssy.prod.sysucloud1.sysu.edu.cn/files/%E5%B7%A6%E6%B3%BD%E6%9D%B0.jpg,01_试点医院/中山大学附属第三医院/照片/左泽杰-康复医学科-副研究员-中山大学附属第三医院.jpg,6898,8d9d39310639736a32a64556702be1364cf0c592fd4b12239c2fa5eb04613d82,139,182,
张丽颖,https://www.zssy.com.cn/node/28155,实采,,https://www.zssy.com.cn/sites/zssy.prod.sysucloud1.sysu.edu.cn/files/%E5%9B%BE%E7%89%873_1.jpg,01_试点医院/中山大学附属第三医院/照片/张丽颖-康复医学科-副主任医师-中山大学附属第三医院.jpg,28362,51bd397ff33926700d5e4b509760b58de05fd573b9eef531adc7b87acb7e9c82,371,536,
张瑜,https://www.zssy.com.cn/node/29834,实采,,https://www.zssy.com.cn/sites/zssy.prod.sysucloud1.sysu.edu.cn/files/%E5%BC%A0%E7%91%9C.jpg,01_试点医院/中山大学附属第三医院/照片/张瑜-康复医学科-未标注-中山大学附属第三医院.jpg,81894,30958173e8d3c515fbd2c791b9f94159b8236aa5945d41cc39251079fced4638,1279,1280,
戴萌,https://www.zssy.com.cn/node/29809,实采,,https://www.zssy.com.cn/sites/zssy.prod.sysucloud1.sysu.edu.cn/files/%E6%88%B4%E8%90%8C.jpg,01_试点医院/中山大学附属第三医院/照片/戴萌-康复医学科-副主任医师-中山大学附属第三医院.jpg,6317,0596aa009a3253d5c1db576810400dd54bdd938b29739154f442cb98dec79ae5,124,175,
李奎,https://www.zssy.com.cn/node/11039,实采,,https://www.zssy.com.cn/sites/zssy.prod.sysucloud1.sysu.edu.cn/files/2014011915033382206111.jpg,01_试点医院/中山大学附属第三医院/照片/李奎-康复医学科-主任技师-中山大学附属第三医院.jpg,158905,5ad0f9af1aa7740a9693f410be965a63327f0699870d9475449c853a1d17f10b,2124,2950,
李娜,https://www.zssy.com.cn/node/29812,实采,,https://www.zssy.com.cn/sites/zssy.prod.sysucloud1.sysu.edu.cn/files/%E6%9D%8E%E5%A8%9C.jpg,01_试点医院/中山大学附属第三医院/照片/李娜-康复医学科-副主任医师-中山大学附属第三医院.jpg,72961,2f64255465eb3cee7515214339ea37dfca8df73ab5f0ebd458491c92fde93dd9,960,1398,
李超,https://www.zssy.com.cn/node/28158,实采,,https://www.zssy.com.cn/sites/zssy.prod.sysucloud1.sysu.edu.cn/files/%E5%9B%BE%E7%89%876_0.jpg,01_试点医院/中山大学附属第三医院/照片/李超-康复医学科-副主任医师-中山大学附属第三医院.jpg,17181,78b2a862402ea9d4915fd370f9938abb1078202ee759d8cf5010e6bf400aa2dc,384,379,
李鑫,https://www.zssy.com.cn/node/29808,实采,,https://www.zssy.com.cn/sites/zssy.prod.sysucloud1.sysu.edu.cn/files/%E6%9D%8E%E9%91%AB-1.jpg,01_试点医院/中山大学附属第三医院/照片/李鑫-康复医学科-副主任技师-中山大学附属第三医院.jpg,821974,9a77d715cd8cb880ec0bb5f630cb5ed6f4e78b41b6f0acd95169fe52fa6f03ef,2000,2666,
温红梅,https://www.zssy.com.cn/node/11040,实采,,https://www.zssy.com.cn/sites/zssy.prod.sysucloud1.sysu.edu.cn/files/%E6%B8%A9%E7%BA%A2%E6%A2%85.jpg,01_试点医院/中山大学附属第三医院/照片/温红梅-康复医学科-主任医师-中山大学附属第三医院.jpg,1039738,3cd3cd0bb65ee6e3beb98397de2dfac4ecc2f390c7ffeeb458cce4871f2e1a33,2465,2529,
窦祖林,https://www.zssy.com.cn/node/11041,实采,,https://www.zssy.com.cn/sites/zssy.prod.sysucloud1.sysu.edu.cn/files/%E7%AA%A6%E7%A5%96%E6%9E%97.jpg,01_试点医院/中山大学附属第三医院/照片/窦祖林-康复医学科-主任医师-中山大学附属第三医院.jpg,18082,42c845dee81b7ec941bd892891a7a1cb80184d8656e629c71c18ac5e19e12e0a,413,597,
罗婧,https://www.zssy.com.cn/node/28147,实采,,https://www.zssy.com.cn/sites/zssy.prod.sysucloud1.sysu.edu.cn/files/%E7%BD%97%E5%A9%A7-1.jpg,01_试点医院/中山大学附属第三医院/照片/罗婧-康复医学科-副主任医师-中山大学附属第三医院.jpg,1356121,b6b7e795b2b1f9927e4b73818bbd325afde1236a21cb7ab02b3a0a3208ba79a3,3000,3611,
胡昔权,https://www.zssy.com.cn/node/11067,实采,,https://www.zssy.com.cn/sites/zssy.prod.sysucloud1.sysu.edu.cn/files/830510.jpg,01_试点医院/中山大学附属第三医院/照片/胡昔权-康复医学科-主任医师-中山大学附属第三医院.jpg,11567,f80b975835352efe759e5b35439d36ed04be8be4a8b9544d65173d5e1137483a,132,176,
苏敏芝,https://www.zssy.com.cn/node/29832,实采,,https://www.zssy.com.cn/sites/zssy.prod.sysucloud1.sysu.edu.cn/files/%E8%8B%8F%E6%95%8F%E8%8A%9D.jpg,01_试点医院/中山大学附属第三医院/照片/苏敏芝-康复医学科-副主任技师-中山大学附属第三医院.jpg,17811,faa53b68fabf3bf62cab4c0f47b9a169cb9055caa7ce2383ccde34ac26068368,270,372,
解东风,https://www.zssy.com.cn/node/29833,实采,,https://www.zssy.com.cn/sites/zssy.prod.sysucloud1.sysu.edu.cn/files/%E5%BE%AE%E4%BF%A1%E5%9B%BE%E7%89%87_20260407143715.jpg,01_试点医院/中山大学附属第三医院/照片/解东风-康复医学科-副主任技师-中山大学附属第三医院.jpg,110481,9551a623e3f199874bf47f67c7635a8eb5d76bdfb4de7c516faba2e99b43b07a,635,788,
许景慧,https://www.zssy.com.cn/node/29807,实采,,https://www.zssy.com.cn/sites/zssy.prod.sysucloud1.sysu.edu.cn/files/%E8%AE%B8%E6%99%AF%E6%85%A7.jpg,01_试点医院/中山大学附属第三医院/照片/许景慧-康复医学科-副研究员-中山大学附属第三医院.jpg,1104147,2bb99807198da8f1dc9053a45818748b98ae86e1bc38fea55d4368f5cd76111e,2730,4096,
谢纯青,https://www.zssy.com.cn/node/29856,实采,,https://www.zssy.com.cn/sites/zssy.prod.sysucloud1.sysu.edu.cn/files/%E5%BE%AE%E4%BF%A1%E5%9B%BE%E7%89%87_20260407164215.jpg,01_试点医院/中山大学附属第三医院/照片/谢纯青-康复医学科-副主任技师-中山大学附属第三医院.jpg,104320,5e255ff7a5d9a58448e07c94298de3334baa136d2d3dcd0fe68caf45e3710bb6,980,1306,
贺涓涓,https://www.zssy.com.cn/node/28159,实采,,https://www.zssy.com.cn/sites/zssy.prod.sysucloud1.sysu.edu.cn/files/%E6%B6%93.jpg,01_试点医院/中山大学附属第三医院/照片/贺涓涓-康复医学科-副主任医师-中山大学附属第三医院.jpg,27534,f107e0bba3ae57cb3fde500b14bf5f48b77c933eeef7c4b2e27679082939f232,414,591,
郑海清,https://www.zssy.com.cn/node/28151,实采,,https://www.zssy.com.cn/sites/zssy.prod.sysucloud1.sysu.edu.cn/files/%E5%9B%BE%E7%89%871_8.jpg,01_试点医院/中山大学附属第三医院/照片/郑海清-康复医学科-主任医师-中山大学附属第三医院.jpg,52805,665ffc9c4fa3af595103d63ca335ce8bc29cc35381df979d37e512253df34ce8,671,863,
陈兆聪,https://www.zssy.com.cn/node/29859,实采,,https://www.zssy.com.cn/sites/zssy.prod.sysucloud1.sysu.edu.cn/files/%E9%99%88%E5%85%86%E8%81%AA-1.jpg,01_试点医院/中山大学附属第三医院/照片/陈兆聪-康复医学科-副主任医师-中山大学附属第三医院.jpg,935145,7913bf70221157e40527d282580e229461e914d3e71275fe5746000c1a7c3d80,2000,2666,
陈曦,https://www.zssy.com.cn/node/28156,实采,,https://www.zssy.com.cn/sites/zssy.prod.sysucloud1.sysu.edu.cn/files/%E5%9B%BE%E7%89%874_0.jpg,01_试点医院/中山大学附属第三医院/照片/陈曦-康复医学科-副主任医师-中山大学附属第三医院.jpg,16848,4707e68b167b607d8c166b6cee8b96df38623e42e2280edd03534261d9324f32,297,366,
霍建珊,https://www.zssy.com.cn/node/15209,实采,,https://www.zssy.com.cn/sites/zssy.prod.sysucloud1.sysu.edu.cn/files/%E9%9C%8D%E5%BB%BA%E7%8F%8A.jpg,01_试点医院/中山大学附属第三医院/照片/霍建珊-康复医学科-未标注-中山大学附属第三医院.jpg,1499802,8bd3a4eeaf57030ccb1291c969b258b8c0d2ad99c2b82d9a168ccef18df56cca,2500,3749,
产科,https://www.zssy.com.cn/node/14064,失败,无照片容器,,,,,,,无照片容器
刘立宝,https://www.zssy.com.cn/node/15259,实采,,https://www.zssy.com.cn/sites/zssy.prod.sysucloud1.sysu.edu.cn/files/%E5%88%98_0.jpg,01_试点医院/中山大学附属第三医院/照片/刘立宝-心胸外科-副主任医师-中山大学附属第三医院.jpg,396593,bec2d057e09f6189f0ac7e9203d72e68fa07becabf0dca87db7ab0f5631ab884,1279,1706,
安军,https://www.zssy.com.cn/node/14219,实采,,https://www.zssy.com.cn/sites/zssy.prod.sysucloud1.sysu.edu.cn/files/%E5%AE%89%E5%86%9B%E4%BF%AE%E6%94%B9_0.png,01_试点医院/中山大学附属第三医院/照片/安军-心胸外科-副主任医师-中山大学附属第三医院.png,103987,3063327b158f452a63045880ed0abb79e1b89f6135aabb0761f43dc5399ba1c6,300,400,
心胸外科,https://www.zssy.com.cn/node/14054,失败,无照片容器,,,,,,,无照片容器
翁毅敏,https://www.zssy.com.cn/node/14257,实采,,https://www.zssy.com.cn/sites/zssy.prod.sysucloud1.sysu.edu.cn/files/%E7%BF%81%E6%AF%85%E6%95%8F%E4%BF%AE%E6%94%B9.png,01_试点医院/中山大学附属第三医院/照片/翁毅敏-心胸外科-副主任医师-中山大学附属第三医院.png,582298,f28124d2eea8c22adeda694d25dc9278c2fe9820660548f475a946e02325a3f1,300,484,
马少鸿,https://www.zssy.com.cn/node/14258,实采,,https://www.zssy.com.cn/sites/zssy.prod.sysucloud1.sysu.edu.cn/files/%E9%A9%AC%E5%B0%91%E9%B8%BF%E4%BF%AE%E6%94%B9.png,01_试点医院/中山大学附属第三医院/照片/马少鸿-心胸外科-主任医师-中山大学附属第三医院.png,169794,4e2f341713bca88ce4bdaa8e55a831227c2882eb67b6ee2ed86249affc416d04,300,467,
黄帅,https://www.zssy.com.cn/node/15262,实采,,https://www.zssy.com.cn/sites/zssy.prod.sysucloud1.sysu.edu.cn/files/mmexport1775181116701_0.jpg,01_试点医院/中山大学附属第三医院/照片/黄帅-心胸外科-副主任医师-中山大学附属第三医院.jpg,361159,74784bcba0ed22bee9c75d939b74270e2ba190e344ae912b5c272bf80e8d93e9,976,1191,
黄邵洪,https://www.zssy.com.cn/node/14224,实采,,https://www.zssy.com.cn/sites/zssy.prod.sysucloud1.sysu.edu.cn/files/%E9%BB%84%E9%82%B5%E6%B4%AA%E4%BF%AE%E6%94%B9.png,01_试点医院/中山大学附属第三医院/照片/黄邵洪-心胸外科-副主任医师-中山大学附属第三医院.png,212159,3ae2ba18fff74bb5d12070775f14f4023c05600ede2e45d92cbb7bdd4b7aeca6,300,421,
刘金来,https://www.zssy.com.cn/node/15537,实采,,https://www.zssy.com.cn/sites/zssy.prod.sysucloud1.sysu.edu.cn/files/1%E5%88%98%E9%87%91%E6%9D%A5.jpg,01_试点医院/中山大学附属第三医院/照片/刘金来-心脏康复中心-主任医师-中山大学附属第三医院.jpg,314638,4afce4999210aa5d47c25b2e375f10879d8ad0d333c0c1580facabef3dcca71e,1077,1620,
吴震,https://www.zssy.com.cn/node/15538,实采,,https://www.zssy.com.cn/sites/zssy.prod.sysucloud1.sysu.edu.cn/files/%E5%90%B4%E9%9C%87_0.jpg,01_试点医院/中山大学附属第三医院/照片/吴震-心脏康复中心-主任医师-中山大学附属第三医院.jpg,560676,d2b6b2f6158e551096a8468a7237eb9a0a481afe7ba9c25dc5cc35438967edbf,1080,1620,
周汉建,https://www.zssy.com.cn/node/15535,实采,,https://www.zssy.com.cn/sites/zssy.prod.sysucloud1.sysu.edu.cn/files/1%E5%91%A8%E6%B1%89%E5%BB%BA.jpg,01_试点医院/中山大学附属第三医院/照片/周汉建-心脏康复中心-主任医师-中山大学附属第三医院.jpg,443344,cb8ec8df9a3c49f848ecfa261ee6bc89a18ea33040dd043f2876122718ac8343,1215,1620,
陈璘,https://www.zssy.com.cn/node/15536,实采,,https://www.zssy.com.cn/sites/zssy.prod.sysucloud1.sysu.edu.cn/files/1%E9%99%88%E7%92%98.jpg,01_试点医院/中山大学附属第三医院/照片/陈璘-心脏康复中心-主任医师-中山大学附属第三医院.jpg,316928,071bf4917a28877ccd97df4cb3717466e767953aed1ea3b9f6c7521d87aab6d9,1215,1620,
余舒杰,https://www.zssy.com.cn/node/15128,实采,,https://www.zssy.com.cn/sites/zssy.prod.sysucloud1.sysu.edu.cn/files/%E4%BD%99%E8%88%92%E6%9D%B0-%E5%89%AF%E4%B8%BB%E4%BB%BB%E5%8C%BB%E5%B8%88.jpg,01_试点医院/中山大学附属第三医院/照片/余舒杰-心血管内科-副主任医师-中山大学附属第三医院.jpg,279609,9d8ff53e208b03ee9b7c569491b31e4f195752c2127a73644d5e83d4e7f55744,732,980,
刘勇,https://www.zssy.com.cn/node/15137,实采,,https://www.zssy.com.cn/sites/zssy.prod.sysucloud1.sysu.edu.cn/files/%E5%88%98%E5%8B%87-%E5%89%AF%E4%B8%BB%E4%BB%BB%E5%8C%BB%E5%B8%88.jpg,01_试点医院/中山大学附属第三医院/照片/刘勇-心血管内科-主任医师-中山大学附属第三医院.jpg,315838,86d46105f0b00920868d12084c3c1abd4cd3ed8ee7f32cd9df9e9a8871b38b53,732,980,
刘定辉,https://www.zssy.com.cn/node/29753,实采,,https://www.zssy.com.cn/sites/zssy.prod.sysucloud1.sysu.edu.cn/files/%E5%88%98%E5%AE%9A%E8%BE%89-%E5%89%AF%E4%B8%BB%E4%BB%BB%E5%8C%BB%E5%B8%88%281%29.jpg,01_试点医院/中山大学附属第三医院/照片/刘定辉-心血管内科-副主任医师-中山大学附属第三医院.jpg,1842070,7a7a831ca21132f5b48e7c6e0928430a32a68f995679a2c604c16b2d773c4b86,2823,4235,
刘星,https://www.zssy.com.cn/node/29754,实采,,https://www.zssy.com.cn/sites/zssy.prod.sysucloud1.sysu.edu.cn/files/%E5%88%98%E6%98%9F-%E5%89%AF%E4%B8%BB%E4%BB%BB%E5%8C%BB%E5%B8%88.png,01_试点医院/中山大学附属第三医院/照片/刘星-心血管内科-副主任医师-中山大学附属第三医院.png,258253,31995a501f6b766927982617339834d2e275133dca59de45f8800e08d63d77c1,448,652,
刘金来,https://www.zssy.com.cn/node/14174,实采,,https://www.zssy.com.cn/sites/zssy.prod.sysucloud1.sysu.edu.cn/files/%E5%88%98%E9%87%91%E6%9D%A5-%E4%B8%BB%E4%BB%BB%E5%8C%BB%E5%B8%88.jpg,01_试点医院/中山大学附属第三医院/照片/刘金来-心血管内科-主任医师-中山大学附属第三医院.jpg,301639,13dd2c1e9dc965ea8175aed430c347b487f21c5c883f2699bfb164c2e8f92412,732,980,
吴冰原,https://www.zssy.com.cn/node/29759,实采,,https://www.zssy.com.cn/sites/zssy.prod.sysucloud1.sysu.edu.cn/files/%E5%90%B4%E5%86%B0%E5%8E%9F-%E5%89%AF%E4%B8%BB%E4%BB%BB%E5%8C%BB%E5%B8%88.jpg,01_试点医院/中山大学附属第三医院/照片/吴冰原-心血管内科-副主任医师-中山大学附属第三医院.jpg,297202,628c800a9a054b904baf2469f5c7b723fdd852ef994352be759efdba8b36d227,732,980,
吴琳,https://www.zssy.com.cn/node/29755,实采,,https://www.zssy.com.cn/sites/zssy.prod.sysucloud1.sysu.edu.cn/files/%E5%90%B4%E7%90%B3-%E5%89%AF%E4%B8%BB%E4%BB%BB%E5%8C%BB%E5%B8%88.jpg,01_试点医院/中山大学附属第三医院/照片/吴琳-心血管内科-副主任医师-中山大学附属第三医院.jpg,253646,9c6130b460a791860eafcd6868a3948261693180884efebf02a273b34da20d61,732,980,
吴震,https://www.zssy.com.cn/node/14161,实采,,https://www.zssy.com.cn/sites/zssy.prod.sysucloud1.sysu.edu.cn/files/%E5%90%B4%E9%9C%87-%E4%B8%BB%E4%BB%BB%E5%8C%BB%E5%B8%88.jpg,01_试点医院/中山大学附属第三医院/照片/吴震-心血管内科-主任医师-中山大学附属第三医院.jpg,69849,c11a3842913aabe6ff7951db6c373f6a53d5080dacd2ec2b480edfcab6775681,1280,1282,
周彬,https://www.zssy.com.cn/node/15173,实采,,https://www.zssy.com.cn/sites/zssy.prod.sysucloud1.sysu.edu.cn/files/%E5%91%A8%E5%BD%AC-%E4%B8%BB%E4%BB%BB%E5%8C%BB%E5%B8%88.jpg,01_试点医院/中山大学附属第三医院/照片/周彬-心血管内科-主任医师-中山大学附属第三医院.jpg,346649,db204e2341beae71c032b9b08a8711a1948832799a4ba0d12874d7b4bdb6f98d,960,1280,
周汉建,https://www.zssy.com.cn/node/14168,实采,,https://www.zssy.com.cn/sites/zssy.prod.sysucloud1.sysu.edu.cn/files/%E5%91%A8%E6%B1%89%E5%BB%BA-%E4%B8%BB%E4%BB%BB%E5%8C%BB%E5%B8%88.jpg,01_试点医院/中山大学附属第三医院/照片/周汉建-心血管内科-主任医师-中山大学附属第三医院.jpg,43794,ce0e829dfa3374046a21b8c0ee5932fe7469d1ab71f238968e52e4ad66177e65,621,839,
张成喜,https://www.zssy.com.cn/node/14167,实采,,https://www.zssy.com.cn/sites/zssy.prod.sysucloud1.sysu.edu.cn/files/%E5%BC%A0%E6%88%90%E5%96%9C-%E4%B8%BB%E4%BB%BB%E5%8C%BB%E5%B8%88.jpg,01_试点医院/中山大学附属第三医院/照片/张成喜-心血管内科-主任医师-中山大学附属第三医院.jpg,306764,d504d0bf2d134d4cbda424927abd41101d450dc26391c3aabb1d936b4dee389f,732,980,
彭朝权,https://www.zssy.com.cn/node/14169,实采,,https://www.zssy.com.cn/sites/zssy.prod.sysucloud1.sysu.edu.cn/files/%E5%BD%AD%E6%9C%9D%E6%9D%83-%E4%B8%BB%E4%BB%BB%E5%8C%BB%E5%B8%88.jpg,01_试点医院/中山大学附属第三医院/照片/彭朝权-心血管内科-主任医师-中山大学附属第三医院.jpg,314631,ae0e80cf8ab69e83d0549475158ee38ee951af1b0d239b6063fa463bf2864417,732,980,
彭隆,https://www.zssy.com.cn/node/29757,实采,,https://www.zssy.com.cn/sites/zssy.prod.sysucloud1.sysu.edu.cn/files/%E5%BD%AD%E9%9A%86-%E5%89%AF%E4%B8%BB%E4%BB%BB%E5%8C%BB%E5%B8%88.jpg,01_试点医院/中山大学附属第三医院/照片/彭隆-心血管内科-副主任医师-中山大学附属第三医院.jpg,268448,14d76f73ed6db0c4c94b6ce75c2a351489a20c16392f9be25a4714012fec706a,732,980,
朱洁明,https://www.zssy.com.cn/node/14164,实采,,https://www.zssy.com.cn/sites/zssy.prod.sysucloud1.sysu.edu.cn/files/_cgi-bin_mmwebwx-bin_webwxgetmsgimg__%26MsgID%3D7070256832512705916%26skey%3D%40crypt_35fe65b8_855def8f1f8252003e0ff99f88279d69%26mmweb_appid%3Dwx_webfilehelper.jpg,01_试点医院/中山大学附属第三医院/照片/朱洁明-心血管内科-主任医师-中山大学附属第三医院.jpg,281632,60b37a49b6fe2fbe124a046ed6ca5c943c4b5f181bd37d30d86478fe36bb00a3,732,980,
李清,https://www.zssy.com.cn/node/14104,实采,,https://www.zssy.com.cn/sites/zssy.prod.sysucloud1.sysu.edu.cn/files/2014043000011886006111.jpg,01_试点医院/中山大学附属第三医院/照片/李清-心血管内科-未标注-中山大学附属第三医院.jpg,202213,394b37e9d3925c289cfda24eb409f6385537d1d72046bdfaa75a35f2a741b0bb,2317,3090,
李苏华,https://www.zssy.com.cn/node/15170,实采,,https://www.zssy.com.cn/sites/zssy.prod.sysucloud1.sysu.edu.cn/files/%E6%9D%8E%E8%8B%8F%E5%8D%8E%20-%E4%B8%BB%E4%BB%BB%E5%8C%BB%E5%B8%88.jpg,01_试点医院/中山大学附属第三医院/照片/李苏华-心血管内科-主任医师-中山大学附属第三医院.jpg,53347,e0ee99a06f6a05d3c520ce5b79056199aac207906a12382a9edc60634fd2bd5b,622,838,
汤磊乐,https://www.zssy.com.cn/node/29763,实采,,https://www.zssy.com.cn/sites/zssy.prod.sysucloud1.sysu.edu.cn/files/%E6%B1%A4%E7%A3%8A%E4%B9%90-%E4%B8%BB%E6%B2%BB%E5%8C%BB%E5%B8%88.png,01_试点医院/中山大学附属第三医院/照片/汤磊乐-心血管内科-副主任医师-中山大学附属第三医院.png,189328,373dd7afdc6d9358f4e11b68c37a971a8cc17067d1aa1747a69582144c0cf667,390,567,
熊肇军,https://www.zssy.com.cn/node/14160,实采,,https://www.zssy.com.cn/sites/zssy.prod.sysucloud1.sysu.edu.cn/files/%E7%86%8A%E8%82%87%E5%86%9B-%E5%89%AF%E4%B8%BB%E4%BB%BB%E5%8C%BB%E5%B8%88.jpg,01_试点医院/中山大学附属第三医院/照片/熊肇军-心血管内科-副主任医师-中山大学附属第三医院.jpg,251796,c17f631e8ce63074c6c167a707687930ec2a2a96dda2f6837803457ba6a5922d,732,980,
王敏,https://www.zssy.com.cn/node/29761,实采,,https://www.zssy.com.cn/sites/zssy.prod.sysucloud1.sysu.edu.cn/files/%E7%8E%8B%E6%95%8F-%E5%89%AF%E4%B8%BB%E4%BB%BB%E5%8C%BB%E5%B8%88.jpg,01_试点医院/中山大学附属第三医院/照片/王敏-心血管内科-副主任医师-中山大学附属第三医院.jpg,246864,42dd60870176f3ab01fcbcdc109171f0183b920e346c74233fb14a952e200fe3,732,980,
税星,https://www.zssy.com.cn/node/29756,实采,,https://www.zssy.com.cn/sites/zssy.prod.sysucloud1.sysu.edu.cn/files/%E7%A8%8E%E6%98%9F-%E5%89%AF%E4%B8%BB%E4%BB%BB%E5%8C%BB%E5%B8%88.jpg,01_试点医院/中山大学附属第三医院/照片/税星-心血管内科-副主任医师-中山大学附属第三医院.jpg,121233,84a3aa5a337a9d37925c508e43ab1ef087748667a16e1040f56cb0c395b12cb0,800,800,
罗艳婷,https://www.zssy.com.cn/node/29758,实采,,https://www.zssy.com.cn/sites/zssy.prod.sysucloud1.sysu.edu.cn/files/%E7%BD%97%E8%89%B3%E5%A9%B7-%E5%89%AF%E4%B8%BB%E4%BB%BB%E5%8C%BB%E5%B8%88.jpg,01_试点医院/中山大学附属第三医院/照片/罗艳婷-心血管内科-副主任医师-中山大学附属第三医院.jpg,161337,95314b830b3a9493226b75b6afcebd3310970b81f710050f226326fd30f9e115,886,886,
董睿敏,https://www.zssy.com.cn/node/15133,实采,,https://www.zssy.com.cn/sites/zssy.prod.sysucloud1.sysu.edu.cn/files/%E8%91%A3%E7%9D%BF%E6%95%8F-%E5%89%AF%E4%B8%BB%E4%BB%BB%E5%8C%BB%E5%B8%88.jpg,01_试点医院/中山大学附属第三医院/照片/董睿敏-心血管内科-副主任医师-中山大学附属第三医院.jpg,49117,ab4dc6a2d7cc9fc9367d3622af3ce679fb2bcbeb083823ab3527d6937a3775a5,629,835,
谢冬梅,https://www.zssy.com.cn/node/29415,实采,,https://www.zssy.com.cn/sites/zssy.prod.sysucloud1.sysu.edu.cn/files/%E5%BE%AE%E4%BF%A1%E5%9B%BE%E7%89%87_20251219155951.jpg,01_试点医院/中山大学附属第三医院/照片/谢冬梅-心血管内科-副主任医师-中山大学附属第三医院.jpg,127617,be861496ed1975c434cea3fb13ad50c2881c215249055d572aff8bb0b853fd3a,1116,1561,
谢旭晶,https://www.zssy.com.cn/node/14162,实采,,https://www.zssy.com.cn/sites/zssy.prod.sysucloud1.sysu.edu.cn/files/%E8%B0%A2%E6%97%AD%E6%99%B6.jpg,01_试点医院/中山大学附属第三医院/照片/谢旭晶-心血管内科-主任医师-中山大学附属第三医院.jpg,254564,2d0db9c65a56ef4e6470a0acc71770835500cd9da74e696e256dd1ad1a3e1de5,732,980,
赵云跃,https://www.zssy.com.cn/node/29762,实采,,https://www.zssy.com.cn/sites/zssy.prod.sysucloud1.sysu.edu.cn/files/%E8%B5%B5%E4%BA%91%E8%B7%83-%E4%B8%BB%E6%B2%BB%E5%8C%BB%E5%B8%88.jpg,01_试点医院/中山大学附属第三医院/照片/赵云跃-心血管内科-副主任医师-中山大学附属第三医院.jpg,286699,63e677d3abbcf9359c1f624918dd4daa069f6699e1deb88f2893078d8d69aa02,732,980,
赵长林,https://www.zssy.com.cn/node/14166,实采,,https://www.zssy.com.cn/sites/zssy.prod.sysucloud1.sysu.edu.cn/files/%E8%B5%B5%E9%95%BF%E6%9E%97-%E5%89%AF%E4%B8%BB%E4%BB%BB%E5%8C%BB%E5%B8%88.png,01_试点医院/中山大学附属第三医院/照片/赵长林-心血管内科-副主任医师-中山大学附属第三医院.png,272033,a0752ef69912be18841b3935a699df9f14f370716365d972a2e0da5abe29c3ac,488,655,
郑振达,https://www.zssy.com.cn/node/15171,实采,,https://www.zssy.com.cn/sites/zssy.prod.sysucloud1.sysu.edu.cn/files/%E9%83%91%E6%8C%AF%E8%BE%BE-%E4%B8%BB%E4%BB%BB%E5%8C%BB%E5%B8%88.jpg,01_试点医院/中山大学附属第三医院/照片/郑振达-心血管内科-主任医师-中山大学附属第三医院.jpg,291054,f28049fc49f6eaf70a782363632d07d9f8ba618b89c7e917d7e674402f9bf91a,732,980,
郝宝顺,https://www.zssy.com.cn/node/15172,实采,,https://www.zssy.com.cn/sites/zssy.prod.sysucloud1.sysu.edu.cn/files/%E9%83%9D%E5%AE%9D%E9%A1%BA-%E5%89%AF%E4%B8%BB%E4%BB%BB%E5%8C%BB%E5%B8%88.jpg,01_试点医院/中山大学附属第三医院/照片/郝宝顺-心血管内科-副主任医师-中山大学附属第三医院.jpg,325688,027214f3f244b11269d33d006d01522e19e5516cd10e2d1e43cc6c5e8aa836d2,732,980,
钱孝贤,https://www.zssy.com.cn/node/14170,实采,,https://www.zssy.com.cn/sites/zssy.prod.sysucloud1.sysu.edu.cn/files/%E9%92%B1%E5%AD%9D%E8%B4%A4-%E4%B8%BB%E4%BB%BB%E5%8C%BB%E5%B8%88.jpg,01_试点医院/中山大学附属第三医院/照片/钱孝贤-心血管内科-教授-中山大学附属第三医院.jpg,288495,dcec9e737edf5a5f2a3bbcf549d8823028382f43437634641fe63e8f3e194e9e,732,980,
陈璘,https://www.zssy.com.cn/node/14171,实采,,https://www.zssy.com.cn/sites/zssy.prod.sysucloud1.sysu.edu.cn/files/%E9%99%88%E7%92%98-%E4%B8%BB%E4%BB%BB%E5%8C%BB%E5%B8%88.jpg,01_试点医院/中山大学附属第三医院/照片/陈璘-心血管内科-主任医师-中山大学附属第三医院.jpg,289651,5ccd2930f3b74f7d6d270510c6290b3b49809902d5cc3d44bcd485f72960a7a8,732,980,
黄卓山,https://www.zssy.com.cn/node/29760,实采,,https://www.zssy.com.cn/sites/zssy.prod.sysucloud1.sysu.edu.cn/files/%E9%BB%84%E5%8D%93%E5%B1%B1-%E5%89%AF%E4%B8%BB%E4%BB%BB%E5%8C%BB%E5%B8%88.jpg,01_试点医院/中山大学附属第三医院/照片/黄卓山-心血管内科-副主任医师-中山大学附属第三医院.jpg,654628,d6531b0bcb115416e6b7570ef6f904f705d4f2dae00269299050d63bf2c558e8,2032,2954,
刘春新,https://www.zssy.com.cn/node/21127,实采,,https://www.zssy.com.cn/sites/zssy.prod.sysucloud1.sysu.edu.cn/files/2a03fb2c0db5bf58dae2a2b1e727ab0.jpg,01_试点医院/中山大学附属第三医院/照片/刘春新-急诊医学科-副主任医师-中山大学附属第三医院.jpg,41967,c1e8af1057a15fb9efacb7512d81c83564c8eb55a20fdd79a50f880aa459b410,450,660,
叶志强,https://www.zssy.com.cn/node/11268,实采,,https://www.zssy.com.cn/sites/zssy.prod.sysucloud1.sysu.edu.cn/files/2019030816085835979838.jpg,01_试点医院/中山大学附属第三医院/照片/叶志强-急诊医学科-副主任医师-中山大学附属第三医院.jpg,61642,e71411c9bab73db748b1eb1f4db37f78d0655c31f42ba8570e976748a5eba99d,638,638,
孔庆磊,https://www.zssy.com.cn/node/15205,实采,,https://www.zssy.com.cn/sites/zssy.prod.sysucloud1.sysu.edu.cn/files/1c1c2b18df2bd800fd3ac7cd484600a.jpg,01_试点医院/中山大学附属第三医院/照片/孔庆磊-急诊医学科-副主任医师-中山大学附属第三医院.jpg,92667,7b3d69c2b009e1c996430e717af110a1c26d29b5867af1d696a3ff8cd64b6e37,413,579,
张永标,https://www.zssy.com.cn/node/11277,实采,,https://www.zssy.com.cn/sites/zssy.prod.sysucloud1.sysu.edu.cn/files/%E5%BC%A0%E6%B0%B8%E6%A0%87%E4%B8%AA%E4%BA%BA%E7%AE%80%E4%BB%8B336.png,01_试点医院/中山大学附属第三医院/照片/张永标-急诊医学科-主任医师-中山大学附属第三医院.png,206089,35f5d13340bd049a88a6ce924a7cde9e7dcb05bf90e6dd99f7395d6d20a27cb6,196,262,
杨晓燕,https://www.zssy.com.cn/node/11299,实采,,https://www.zssy.com.cn/sites/zssy.prod.sysucloud1.sysu.edu.cn/files/2019030717183851049562.jpg,01_试点医院/中山大学附属第三医院/照片/杨晓燕-急诊医学科-副主任医师-中山大学附属第三医院.jpg,77199,272e29b722218691544fcb84aea42b1d6fbbf4c02ffc4188ca327eab6e8b96e1,390,567,
邢帮荣,https://www.zssy.com.cn/node/11271,实采,,https://www.zssy.com.cn/sites/zssy.prod.sysucloud1.sysu.edu.cn/files/2019030717181863838277.jpg,01_试点医院/中山大学附属第三医院/照片/邢帮荣-急诊医学科-副主任医师-中山大学附属第三医院.jpg,152343,a3e3a1f72aa13fff902b30e1056630d9fb2c24f87ac6149928954b92dc55a0de,550,800,
郑常龙,https://www.zssy.com.cn/node/15203,实采,,https://www.zssy.com.cn/sites/zssy.prod.sysucloud1.sysu.edu.cn/files/%E9%83%91%E5%B8%B8%E9%BE%99.jpg,01_试点医院/中山大学附属第三医院/照片/郑常龙-急诊医学科-副主任医师-中山大学附属第三医院.jpg,23370,b7dddb1f91c36975210f33b6b78d36ead48b547ee41a3dd06e0660d4c0c82f79,246,324,
严颖,https://www.zssy.com.cn/node/11091,实采,,https://www.zssy.com.cn/sites/zssy.prod.sysucloud1.sysu.edu.cn/files/2013100816442807906176.jpg,01_试点医院/中山大学附属第三医院/照片/严颖-感染性疾病科-副主任医师-中山大学附属第三医院.jpg,13920,5142493875a94f9c1fb761473da2eeb54eb21d934b2645ce117b99b4db14a13f,111,150,
刘莹,https://www.zssy.com.cn/node/15051,实采,,https://www.zssy.com.cn/sites/zssy.prod.sysucloud1.sysu.edu.cn/files/%E5%88%98%E8%8E%B9.jpg,01_试点医院/中山大学附属第三医院/照片/刘莹-感染性疾病科-主任医师-中山大学附属第三医院.jpg,110483,80c5c93bc5f62dd1a8907c63c87e3cd9056afb9ad2b015cc5b4d595c1d5849ac,777,865,
刘静,https://www.zssy.com.cn/node/11076,实采,,https://www.zssy.com.cn/sites/zssy.prod.sysucloud1.sysu.edu.cn/files/2017031508070558806723.jpg,01_试点医院/中山大学附属第三医院/照片/刘静-感染性疾病科-主任医师-中山大学附属第三医院.jpg,135834,c5f4b9ea3cde2f5cac30d359b63adfbba61e296f428a78ed3b3a49d35621093a,1598,2183,
吴元凯,https://www.zssy.com.cn/node/15042,实采,,https://www.zssy.com.cn/sites/zssy.prod.sysucloud1.sysu.edu.cn/files/%E5%90%B4%E5%85%83%E5%87%AF.jpg,01_试点医院/中山大学附属第三医院/照片/吴元凯-感染性疾病科-主任医师-中山大学附属第三医院.jpg,244979,5ef27ee50341a571d228a6b1a831a4dc9fe5c1afa9f51d21f3e283c6286889c3,500,667,
崇雨田,https://www.zssy.com.cn/node/15024,实采,,https://www.zssy.com.cn/sites/zssy.prod.sysucloud1.sysu.edu.cn/files/53%E5%B4%87%E9%9B%A8%E7%94%B0.jpg,01_试点医院/中山大学附属第三医院/照片/崇雨田-感染性疾病科-主任医师-中山大学附属第三医院.jpg,222714,2ec212924c54fa76e921cc8ed558c4cb7198641d556738a42a233113f5968d17,500,667,
庞秀青,https://www.zssy.com.cn/node/29889,实采,,https://www.zssy.com.cn/sites/zssy.prod.sysucloud1.sysu.edu.cn/files/%E5%BA%9E%E7%A7%80%E9%9D%92.jpg,01_试点医院/中山大学附属第三医院/照片/庞秀青-感染性疾病科-副主任医师-中山大学附属第三医院.jpg,290891,6d3acf6fa94c4a3259a395ab5bd6fde557fcf829354d813e8b30958ad1518459,696,894,
张卡,https://www.zssy.com.cn/node/11068,实采,,https://www.zssy.com.cn/sites/zssy.prod.sysucloud1.sysu.edu.cn/files/%E5%BC%A0%E5%8D%A1new.jpg,01_试点医院/中山大学附属第三医院/照片/张卡-感染性疾病科-主任医师-中山大学附属第三医院.jpg,323557,75cdbbc16a14344734708f7f24bd11154a12ab1bc6daead54eae52b6d67927ce,853,1280,
张宇锋,https://www.zssy.com.cn/node/11097,实采,,https://www.zssy.com.cn/sites/zssy.prod.sysucloud1.sysu.edu.cn/files/2014021909361876801127.jpg,01_试点医院/中山大学附属第三医院/照片/张宇锋-感染性疾病科-副主任医师-中山大学附属第三医院.jpg,168279,7fa1fbf6c4ce2ff2b9c0b9abe116b82b3f54af27240ff6ae79cf921c6949c433,500,667,
张晓红,https://www.zssy.com.cn/node/11100,实采,,https://www.zssy.com.cn/sites/zssy.prod.sysucloud1.sysu.edu.cn/files/2014021909275728200283.jpg,01_试点医院/中山大学附属第三医院/照片/张晓红-感染性疾病科-主任医师-中山大学附属第三医院.jpg,189270,35249fdb9c9a2ee3d48fa4e899837607d36b44822175b3253461413c828c7fbd,500,702,
张绍全,https://www.zssy.com.cn/node/15040,实采,,https://www.zssy.com.cn/sites/zssy.prod.sysucloud1.sysu.edu.cn/files/%E5%BE%AE%E4%BF%A1%E5%9B%BE%E7%89%87_20220208094516.jpg,01_试点医院/中山大学附属第三医院/照片/张绍全-感染性疾病科-副主任医师-中山大学附属第三医院.jpg,25881,3c19e6165f6192e353182ddb92834fc712dedf02c7e4aa4cd03decf3c17b73e5,327,439,
张耿林,https://www.zssy.com.cn/node/15048,实采,,https://www.zssy.com.cn/sites/zssy.prod.sysucloud1.sysu.edu.cn/files/%E5%BC%A0%E8%80%BF%E6%9E%97.jpg,01_试点医院/中山大学附属第三医院/照片/张耿林-感染性疾病科-副主任医师-中山大学附属第三医院.jpg,296763,8538b910cf7f793b4b8b05ab5183a293bf2fab9d40cbbab48c4ea5b4b4d678c2,1129,1305,
张英,https://www.zssy.com.cn/node/15043,实采,,https://www.zssy.com.cn/sites/zssy.prod.sysucloud1.sysu.edu.cn/files/%E5%BC%A0%E8%8B%B1.jpg,01_试点医院/中山大学附属第三医院/照片/张英-感染性疾病科-副主任医师-中山大学附属第三医院.jpg,166258,b6a66e1c020155987efc132ff1d12658ccc79205e2820d2b770e6d29aa4587df,500,667,
彭亮,https://www.zssy.com.cn/node/11095,实采,,https://www.zssy.com.cn/sites/zssy.prod.sysucloud1.sysu.edu.cn/files/2014021909390192001128.jpg,01_试点医院/中山大学附属第三医院/照片/彭亮-感染性疾病科-主任医师-中山大学附属第三医院.jpg,150737,d10660fb3dad0fd4fa17a8414fc9f40f583310d6372f1cf896519992e13c7a73,500,667,
揭育胜,https://www.zssy.com.cn/node/15044,实采,,https://www.zssy.com.cn/sites/zssy.prod.sysucloud1.sysu.edu.cn/files/%E6%8F%AD%E8%82%B2%E8%83%9C.jpg,01_试点医院/中山大学附属第三医院/照片/揭育胜-感染性疾病科-副主任医师-中山大学附属第三医院.jpg,201056,0996df4a4f844d9d393e4facfe0bd941e1dc8049b218b592eb115780ee80e456,500,667,
曹红,https://www.zssy.com.cn/node/11118,实采,,https://www.zssy.com.cn/sites/zssy.prod.sysucloud1.sysu.edu.cn/files/2014021909371383702317.jpg,01_试点医院/中山大学附属第三医院/照片/曹红-感染性疾病科-主任医师-中山大学附属第三医院.jpg,186709,6637368c37982749d8e1abb38bb042318e031c7e768412b7aa9ebc45038f9fba,500,667,
朱建芸,https://www.zssy.com.cn/node/11083,实采,,https://www.zssy.com.cn/sites/zssy.prod.sysucloud1.sysu.edu.cn/files/2017031515481677474862.jpg,01_试点医院/中山大学附属第三医院/照片/朱建芸-感染性疾病科-主任医师-中山大学附属第三医院.jpg,211874,2ddd9f92dfb4dcdc95ccccd7fda1ae87f023fffe3cd4150eef0993b6f1aa6d0c,500,667,
朱翔,https://www.zssy.com.cn/node/15041,实采,,https://www.zssy.com.cn/sites/zssy.prod.sysucloud1.sysu.edu.cn/files/%E6%9C%B1%E7%BF%94.jpg,01_试点医院/中山大学附属第三医院/照片/朱翔-感染性疾病科-副主任医师-中山大学附属第三医院.jpg,190023,13b3cd14c06caf1a6ed0d871b50cfe88260670f017df1051eab169647b975a1c,500,667,
李向永,https://www.zssy.com.cn/node/15045,实采,,https://www.zssy.com.cn/sites/zssy.prod.sysucloud1.sysu.edu.cn/files/%E6%9D%8E%E5%90%91%E6%B0%B8.jpg,01_试点医院/中山大学附属第三医院/照片/李向永-感染性疾病科-副主任医师-中山大学附属第三医院.jpg,254855,b41d537ca5a713e018b972fb47c58f13eeb6606e972a2341d487607c5ac6c18b,500,667,
李学俊,https://www.zssy.com.cn/node/11087,实采,,https://www.zssy.com.cn/sites/zssy.prod.sysucloud1.sysu.edu.cn/files/2014021909383581003711.jpg,01_试点医院/中山大学附属第三医院/照片/李学俊-感染性疾病科-副主任医师-中山大学附属第三医院.jpg,176594,1208a23a1fbcd39b9233adc48abae1416143e6ff2c01c29e9957f0b48c5b9086,500,667,
李小燕,https://www.zssy.com.cn/node/29890,实采,,https://www.zssy.com.cn/sites/zssy.prod.sysucloud1.sysu.edu.cn/files/%E6%9D%8E%E5%B0%8F%E7%87%952.jpg,01_试点医院/中山大学附属第三医院/照片/李小燕-感染性疾病科-副主任医师-中山大学附属第三医院.jpg,268804,487bd0ebfae49adb5dce70dc6ae1ce046bb66c2b012c8d4bdeea8465ff260792,614,779,
李展翼,https://www.zssy.com.cn/node/15047,实采,,https://www.zssy.com.cn/sites/zssy.prod.sysucloud1.sysu.edu.cn/files/%E6%9D%8E%E5%B1%95%E7%BF%BC.png,01_试点医院/中山大学附属第三医院/照片/李展翼-感染性疾病科-副主任医师-中山大学附属第三医院.png,245551,57055c4c57a23a82d93957b632116cc5c6a39715e9d6816b8a4e82e5013a8146,372,551,
李建国,https://www.zssy.com.cn/node/11102,实采,,https://www.zssy.com.cn/sites/zssy.prod.sysucloud1.sysu.edu.cn/files/2014021909283397204825.jpg,01_试点医院/中山大学附属第三医院/照片/李建国-感染性疾病科-主任医师-中山大学附属第三医院.jpg,229899,bcb5ca9581918db13c2207ef13444c46c82d2d28d289b8461379775ddffb431b,500,667,
李新华,https://www.zssy.com.cn/node/11071,实采,,https://www.zssy.com.cn/sites/zssy.prod.sysucloud1.sysu.edu.cn/files/2017031515583091980448.jpg,01_试点医院/中山大学附属第三医院/照片/李新华-感染性疾病科-主任医师-中山大学附属第三医院.jpg,214985,73484a26b24007b2ac4e94c9cc940ba0586323ba92b95da16971684f8b750d28,500,667,
杨林,https://www.zssy.com.cn/node/11094,实采,,https://www.zssy.com.cn/sites/zssy.prod.sysucloud1.sysu.edu.cn/files/2014021908582042905402.jpg,01_试点医院/中山大学附属第三医院/照片/杨林-感染性疾病科-副研究员-中山大学附属第三医院.jpg,169155,ceea7c2908fb5fe7253aa67427b8bcef32eba405a3bc9a451e317fb5f7dd2cc5,500,667,
林国莉,https://www.zssy.com.cn/node/11069,实采,,https://www.zssy.com.cn/sites/zssy.prod.sysucloud1.sysu.edu.cn/files/2017031516110438291161.jpg,01_试点医院/中山大学附属第三医院/照片/林国莉-感染性疾病科-副主任医师-中山大学附属第三医院.jpg,218993,6f42b0ae5be8a6ddb7ca72325a48f7e3ca5103bed41639337ed7b49f823268fb,500,667,
林潮双,https://www.zssy.com.cn/node/11106,实采,,https://www.zssy.com.cn/sites/zssy.prod.sysucloud1.sysu.edu.cn/files/2014021908580135709037.jpg,01_试点医院/中山大学附属第三医院/照片/林潮双-感染性疾病科-主任医师-中山大学附属第三医院.jpg,162076,ca17180c329bc439b65788bc58b61d58cbd6044e70ee374c4fc8bf5e08138ddd,500,667,
林炳亮,https://www.zssy.com.cn/node/11105,实采,,https://www.zssy.com.cn/sites/zssy.prod.sysucloud1.sysu.edu.cn/files/2013100816434717402771.jpg,01_试点医院/中山大学附属第三医院/照片/林炳亮-感染性疾病科-主任医师-中山大学附属第三医院.jpg,13447,bc1487b5acf02417b1155405a9eadb5fbc4db561fbdb578552689e4363c37c53,114,150,
柯伟民,https://www.zssy.com.cn/node/11120,实采,,https://www.zssy.com.cn/sites/zssy.prod.sysucloud1.sysu.edu.cn/files/830413.jpg,01_试点医院/中山大学附属第三医院/照片/柯伟民-感染性疾病科-主任医师-中山大学附属第三医院.jpg,11049,0d4bd469aca154a65e50a1999d648a87c562ee53c515315cfabd4e6d9b8fb37a,132,176,
梅咏予,https://www.zssy.com.cn/node/11090,实采,,https://www.zssy.com.cn/sites/zssy.prod.sysucloud1.sysu.edu.cn/files/2014021909291447401271.jpg,01_试点医院/中山大学附属第三医院/照片/梅咏予-感染性疾病科-主任医师-中山大学附属第三医院.jpg,197166,9f8dc2ede82c669ad9f959d49843a40795c52074962462ddc6849aceb74b79f8,500,667,
王科,https://www.zssy.com.cn/node/15046,实采,,https://www.zssy.com.cn/sites/zssy.prod.sysucloud1.sysu.edu.cn/files/%E7%8E%8B%E7%A7%91.jpg,01_试点医院/中山大学附属第三医院/照片/王科-感染性疾病科-副主任医师-中山大学附属第三医院.jpg,183563,60b805ddd78026a57032ee9cf694dba3cf39cdb15d48f0b2593c7418335a0113,500,667,
舒欣,https://www.zssy.com.cn/node/11089,实采,,https://www.zssy.com.cn/sites/zssy.prod.sysucloud1.sysu.edu.cn/files/2017031508443346858495.jpg,01_试点医院/中山大学附属第三医院/照片/舒欣-感染性疾病科-主任医师-中山大学附属第三医院.jpg,250799,8614314f860812cec604f8a456a000356e5f3c61ac520a003eeaabeabb794c63,500,667,
莫志硕,https://www.zssy.com.cn/node/15050,实采,,https://www.zssy.com.cn/sites/zssy.prod.sysucloud1.sysu.edu.cn/files/%E8%8E%AB%E5%BF%97%E7%A1%95.jpg,01_试点医院/中山大学附属第三医院/照片/莫志硕-感染性疾病科-副主任医师-中山大学附属第三医院.jpg,898995,b6e0c9733a8108e08004ea79fd8afaed97f95ad5feb5e8ae6217b5c1e8f2f003,1855,2273,
谢仕斌,https://www.zssy.com.cn/node/11098,实采,,https://www.zssy.com.cn/sites/zssy.prod.sysucloud1.sysu.edu.cn/files/2014021908565070504047.jpg,01_试点医院/中山大学附属第三医院/照片/谢仕斌-感染性疾病科-主任医师-中山大学附属第三医院.jpg,223017,636ad42ae7a7b76990efc17b9dfb4c7cda44b3c10d9662ba1ce161b65f673e6f,500,667,
谢俊强,https://www.zssy.com.cn/node/11080,实采,,https://www.zssy.com.cn/sites/zssy.prod.sysucloud1.sysu.edu.cn/files/2014021315283098448113.jpg,01_试点医院/中山大学附属第三医院/照片/谢俊强-感染性疾病科-副主任医师-中山大学附属第三医院.jpg,301265,9bf185cefbddf275dcbb8f8ffd510de4af2804b59a2b2c305ec8488b6bd33aaa,2504,3339,
谢冬英,https://www.zssy.com.cn/node/11111,实采,,https://www.zssy.com.cn/sites/zssy.prod.sysucloud1.sysu.edu.cn/files/830450.jpg,01_试点医院/中山大学附属第三医院/照片/谢冬英-感染性疾病科-主任医师-中山大学附属第三医院.jpg,12298,693462c2ffca99dcca9d86e452b4a68e8e5be8f57594bdb75fd01ad3311a3503,132,178,
谢奇峰,https://www.zssy.com.cn/node/11109,实采,,https://www.zssy.com.cn/sites/zssy.prod.sysucloud1.sysu.edu.cn/files/830452.jpg,01_试点医院/中山大学附属第三医院/照片/谢奇峰-感染性疾病科-教授-中山大学附属第三医院.jpg,11531,1b492af372494466dccaeaecdc5350d994f8e4d9906f020e40a9651596afc96d,132,176,
谢婵,https://www.zssy.com.cn/node/11081,实采,,https://www.zssy.com.cn/sites/zssy.prod.sysucloud1.sysu.edu.cn/files/2017030916435709193059.jpg,01_试点医院/中山大学附属第三医院/照片/谢婵-感染性疾病科-主任医师-中山大学附属第三医院.jpg,221607,0776c627e86a8fd4acf02c62e88aee6f326e13bceea7074fac84ac902c1dcadd,500,667,
赖菁,https://www.zssy.com.cn/node/11093,实采,,https://www.zssy.com.cn/sites/zssy.prod.sysucloud1.sysu.edu.cn/files/2014021315294300641427.jpg,01_试点医院/中山大学附属第三医院/照片/赖菁-感染性疾病科-副主任医师-中山大学附属第三医院.jpg,272402,b40b3090d21ec6baa9f8549c5f244dfcdf1309ce3d670f1909a30e701bb50a82,2480,3307,
赵志新,https://www.zssy.com.cn/node/11116,实采,,https://www.zssy.com.cn/sites/zssy.prod.sysucloud1.sysu.edu.cn/files/830468.jpg,01_试点医院/中山大学附属第三医院/照片/赵志新-感染性疾病科-主任医师-中山大学附属第三医院.jpg,14923,3b8c537583ebac0cb683df57241f8cb6f176e32bb7696bc8b20dc1712d1bfd10,132,176,
邓子德,https://www.zssy.com.cn/node/15025,实采,,https://www.zssy.com.cn/sites/zssy.prod.sysucloud1.sysu.edu.cn/files/%E9%82%93%E5%AD%90%E5%BE%B7.jpg,01_试点医院/中山大学附属第三医院/照片/邓子德-感染性疾病科-主任医师-中山大学附属第三医院.jpg,216481,ee02d1a2494b046dabcd4be371b8ead65ec77d7fc540cfadb52f1bf40afc2ef9,500,667,
邓洪,https://www.zssy.com.cn/node/11101,实采,,https://www.zssy.com.cn/sites/zssy.prod.sysucloud1.sysu.edu.cn/files/2013100816422856106265.jpg,01_试点医院/中山大学附属第三医院/照片/邓洪-感染性疾病科-主任医师-中山大学附属第三医院.jpg,13452,6d326184376e8d967296416a461063d52f5125469d7b6fda219e272b76bce727,105,150,
郑玉宝,https://www.zssy.com.cn/node/11084,实采,,https://www.zssy.com.cn/sites/zssy.prod.sysucloud1.sysu.edu.cn/files/2017031511502953064971.jpg,01_试点医院/中山大学附属第三医院/照片/郑玉宝-感染性疾病科-主任医师-中山大学附属第三医院.jpg,283712,706a5e1fc9f81f1c2678882e11091211516d4015b7595b4555d2ce55b975a88c,500,667,
陈俊峰,https://www.zssy.com.cn/node/15049,实采,,https://www.zssy.com.cn/sites/zssy.prod.sysucloud1.sysu.edu.cn/files/%E9%99%88%E4%BF%8A%E5%B3%B0.jpg,01_试点医院/中山大学附属第三医院/照片/陈俊峰-感染性疾病科-副主任医师-中山大学附属第三医院.jpg,256277,61ab3dad6ed485ec409b21c0db897f501805a9590096d4e3ab2d23e8fbd09b27,500,667,
陈幼明,https://www.zssy.com.cn/node/11092,实采,,https://www.zssy.com.cn/sites/zssy.prod.sysucloud1.sysu.edu.cn/files/%E9%99%88%E5%B9%BC%E6%98%8E%20%282%29.jpg,01_试点医院/中山大学附属第三医院/照片/陈幼明-感染性疾病科-主任医师-中山大学附属第三医院.jpg,180857,adcfd82bc8d2daa420280aa8343ce089228ac982ea56f24f06b7a31cfe735562,500,667,
陈禄彪,https://www.zssy.com.cn/node/11096,实采,,https://www.zssy.com.cn/sites/zssy.prod.sysucloud1.sysu.edu.cn/files/2014021909365198707304.jpg,01_试点医院/中山大学附属第三医院/照片/陈禄彪-感染性疾病科-主任医师-中山大学附属第三医院.jpg,192395,7a4bb858422a3fbeb51171d586649c76e6f05b0bb61cb94889b45b83ecadceae,500,667,
雷瑞祥,https://www.zssy.com.cn/node/11088,实采,,https://www.zssy.com.cn/sites/zssy.prod.sysucloud1.sysu.edu.cn/files/2014021909355298105737.jpg,01_试点医院/中山大学附属第三医院/照片/雷瑞祥-感染性疾病科-副主任医师-中山大学附属第三医院.jpg,164008,e5b7ffffb09b221e2544b737a5e60d0e539e99497efc86a757abf93d6161dbda,500,667,
高志良,https://www.zssy.com.cn/node/11112,实采,,https://www.zssy.com.cn/sites/zssy.prod.sysucloud1.sysu.edu.cn/files/830397.jpg,01_试点医院/中山大学附属第三医院/照片/高志良-感染性疾病科-主任医师-中山大学附属第三医院.jpg,11912,33a9e93fa9bb03774aae40a571fd1d7f4469fb2dfc67c4b7cb9d7b80f3f487ee,132,176,
麦丽,https://www.zssy.com.cn/node/11082,实采,,https://www.zssy.com.cn/sites/zssy.prod.sysucloud1.sysu.edu.cn/files/2017031511203605607275.jpg,01_试点医院/中山大学附属第三医院/照片/麦丽-感染性疾病科-副主任医师-中山大学附属第三医院.jpg,353921,a5a85bbd76a2229034d369775a77e9cf4e0158ead048f37151967073e0880c6b,2832,4256,
黄湛镰,https://www.zssy.com.cn/node/15039,实采,,https://www.zssy.com.cn/sites/zssy.prod.sysucloud1.sysu.edu.cn/files/%E9%BB%84%E6%B9%9B%E9%95%B0.jpg,01_试点医院/中山大学附属第三医院/照片/黄湛镰-感染性疾病科-副主任医师-中山大学附属第三医院.jpg,185737,1b9ab886c0961db3524d592dfd14f82dec20389601da244db890e66dd1e52b65,500,667,
关健强,https://www.zssy.com.cn/node/11311,实采,,https://www.zssy.com.cn/sites/zssy.prod.sysucloud1.sysu.edu.cn/files/2015032510393971771595.jpg,01_试点医院/中山大学附属第三医院/照片/关健强-手术麻醉中心-副主任医师-中山大学附属第三医院.jpg,9161,1655984182c83dcb4f1e2719a60445c5e34068476f6970cb3625274829065716,106,150,
周少丽,https://www.zssy.com.cn/node/11283,实采,,https://www.zssy.com.cn/sites/zssy.prod.sysucloud1.sysu.edu.cn/files/WechatIMG154.jpeg,01_试点医院/中山大学附属第三医院/照片/周少丽-手术麻醉中心-主任医师-中山大学附属第三医院.jpg,195658,da4bdf140ad74da02c4b92f2f84dfb69e62f59cf5f18f2ab2da444f1b9c0f069,608,812,
姚伟锋,https://www.zssy.com.cn/node/15462,实采,,https://www.zssy.com.cn/sites/zssy.prod.sysucloud1.sysu.edu.cn/files/WechatIMG158.jpeg,01_试点医院/中山大学附属第三医院/照片/姚伟锋-手术麻醉中心-副主任医师-中山大学附属第三医院.jpg,323283,18c00873742ce9ed97ae3f8763fb635526b49a287272d943685e3e89ea9741c9,1000,1334,
孙国亮,https://www.zssy.com.cn/node/28733,实采,,https://www.zssy.com.cn/sites/zssy.prod.sysucloud1.sysu.edu.cn/files/%E5%AD%99%E5%9B%BD%E4%BA%AE.jpg,01_试点医院/中山大学附属第三医院/照片/孙国亮-手术麻醉中心-副主任医师-中山大学附属第三医院.jpg,185024,895b6279a8bdebde31d39e0ced1f44322ed6aae290eccd7b03459d921bae9491,524,655,
张政,https://www.zssy.com.cn/node/26515,实采,,https://www.zssy.com.cn/sites/zssy.prod.sysucloud1.sysu.edu.cn/files/%E5%BC%A0%E6%94%BF%20%E5%8D%8A%E8%BA%AB.png,01_试点医院/中山大学附属第三医院/照片/张政-手术麻醉中心-副主任医师-中山大学附属第三医院.png,2017284,49baee051773a58aff8a46545f6097f8b043fcb71b4579bb96aeaeb22e9a3bc4,976,1280,
李响,https://www.zssy.com.cn/node/16213,实采,,https://www.zssy.com.cn/sites/zssy.prod.sysucloud1.sysu.edu.cn/files/%E6%9D%8E%E5%93%8D.png,01_试点医院/中山大学附属第三医院/照片/李响-手术麻醉中心-未标注-中山大学附属第三医院.png,75594,cc8c29ce4612924c6555d3c470c20129ab8c4b739933fe9e25cdf77995f3ead1,217,302,
李晓芸,https://www.zssy.com.cn/node/11253,实采,,https://www.zssy.com.cn/sites/zssy.prod.sysucloud1.sysu.edu.cn/files/%E6%9D%8E%E6%99%93%E8%8A%B8-%E6%96%B0.pic__1.jpg,01_试点医院/中山大学附属第三医院/照片/李晓芸-手术麻醉中心-主任医师-中山大学附属第三医院.jpg,179652,1d99b11ab483ffa11b9e7c1764ff34cbfe996cf529d5a777ae2d4eb7342f3bf0,1502,2000,
王艳玲,https://www.zssy.com.cn/node/15459,实采,,https://www.zssy.com.cn/sites/zssy.prod.sysucloud1.sysu.edu.cn/files/WechatIMG151.jpeg,01_试点医院/中山大学附属第三医院/照片/王艳玲-手术麻醉中心-主任医师-中山大学附属第三医院.jpg,1910695,ad657ea9f11097d9cbc090237b24ba87e0a7f9e24c22e2898c361d223e9fde6e,1732,2312,
程楠,https://www.zssy.com.cn/node/26516,实采,,https://www.zssy.com.cn/sites/zssy.prod.sysucloud1.sysu.edu.cn/files/%E7%A8%8B%E6%A5%A0.pic_.jpg,01_试点医院/中山大学附属第三医院/照片/程楠-手术麻醉中心-副主任医师-中山大学附属第三医院.jpg,556162,02ba9884b8e747fb6fd04d1db43389cd98a6625350c4c5bab8bfa5591aa6f49a,1352,1802,
罗刚健,https://www.zssy.com.cn/node/11296,实采,,https://www.zssy.com.cn/sites/zssy.prod.sysucloud1.sysu.edu.cn/files/WechatIMG156.jpeg,01_试点医院/中山大学附属第三医院/照片/罗刚健-手术麻醉中心-主任医师-中山大学附属第三医院.jpg,464867,be668bd4c9e5891b99cc9532297be754b7cb7b318c891d06758d72181e83e94b,984,1312,
罗晨芳,https://www.zssy.com.cn/node/11254,实采,,https://www.zssy.com.cn/sites/zssy.prod.sysucloud1.sysu.edu.cn/files/WechatIMG137.jpeg,01_试点医院/中山大学附属第三医院/照片/罗晨芳-手术麻醉中心-主任医师-中山大学附属第三医院.jpg,198543,bc93b8518c3e728982ec3bed57fd738ccdea64f42c13637ebaf461333c3f21ac,728,972,
葛缅,https://www.zssy.com.cn/node/11250,实采,,https://www.zssy.com.cn/sites/zssy.prod.sysucloud1.sysu.edu.cn/files/WechatIMG10.jpeg,01_试点医院/中山大学附属第三医院/照片/葛缅-手术麻醉中心-主任医师-中山大学附属第三医院.jpg,110223,2ce147d8725d02d5d6d64586c4083066a624c08f29539b00bbdd788122a96e85,587,821,
蔡珺,https://www.zssy.com.cn/node/11285,实采,,https://www.zssy.com.cn/sites/zssy.prod.sysucloud1.sysu.edu.cn/files/4421658390012_.pic_.jpg,01_试点医院/中山大学附属第三医院/照片/蔡珺-手术麻醉中心-主任医师-中山大学附属第三医院.jpg,679480,e6bcbf49b908ddf5b3619f616205c6a0d07d82a6674f13ecf895a659b28f6995,1351,1706,
邢纪斌,https://www.zssy.com.cn/node/28734,实采,,https://www.zssy.com.cn/sites/zssy.prod.sysucloud1.sysu.edu.cn/files/%E9%82%A2%E7%BA%AA%E6%96%8C.jpg,01_试点医院/中山大学附属第三医院/照片/邢纪斌-手术麻醉中心-未标注-中山大学附属第三医院.jpg,57817,40850e0eab37169b3f2c0fe55ddbe54a66b0c80bb4523cee3e69ed1f3d05c68d,447,536,
郭娜,https://www.zssy.com.cn/node/28737,实采,,https://www.zssy.com.cn/sites/zssy.prod.sysucloud1.sysu.edu.cn/files/%E9%83%AD%E5%A8%9C%281%29.jpg,01_试点医院/中山大学附属第三医院/照片/郭娜-手术麻醉中心-副主任医师-中山大学附属第三医院.jpg,14621,4f31e026554acb3248d1bf2281606a351cd3ac26fefb93c2d723a3603dafbe93,416,432,
陈潮金,https://www.zssy.com.cn/node/28736,实采,,https://www.zssy.com.cn/sites/zssy.prod.sysucloud1.sysu.edu.cn/files/%E9%99%88%E6%BD%AE%E9%87%91%281%29.jpg,01_试点医院/中山大学附属第三医院/照片/陈潮金-手术麻醉中心-副主任医师-中山大学附属第三医院.jpg,192167,ddca0dd5828b78eedc82a06870c46b912e8bc20bd01eecd5f5cb88b43d499594,1500,2000,
高婉菱,https://www.zssy.com.cn/node/11256,实采,,https://www.zssy.com.cn/sites/zssy.prod.sysucloud1.sysu.edu.cn/files/WechatIMG134.jpeg,01_试点医院/中山大学附属第三医院/照片/高婉菱-手术麻醉中心-副主任医师-中山大学附属第三医院.jpg,1188809,ed78d4d657ae65869c1e808470efd85767dcc9fd2b1dc956ce499062f6b98c38,1512,2016,
黄品婕,https://www.zssy.com.cn/node/11251,实采,,https://www.zssy.com.cn/sites/zssy.prod.sysucloud1.sysu.edu.cn/files/WechatIMG138.jpeg,01_试点医院/中山大学附属第三医院/照片/黄品婕-手术麻醉中心-副主任医师-中山大学附属第三医院.jpg,42827,89616100685d80ffd38880d322b797c03218ddba512e8a9432ff67138113c0ef,252,340,
黄菲,https://www.zssy.com.cn/node/15464,实采,,https://www.zssy.com.cn/sites/zssy.prod.sysucloud1.sysu.edu.cn/files/WechatIMG159.jpeg,01_试点医院/中山大学附属第三医院/照片/黄菲-手术麻醉中心-副主任医师-中山大学附属第三医院.jpg,1541150,be1eb8b2bb6a7eb81fbb04d66d09078c07bbb9dbd7c7f59c97a5cfe7b4f898a2,1592,2124,
黎尚荣,https://www.zssy.com.cn/node/11287,实采,,https://www.zssy.com.cn/sites/zssy.prod.sysucloud1.sysu.edu.cn/files/2015010314215705221627.png,01_试点医院/中山大学附属第三医院/照片/黎尚荣-手术麻醉中心-主任医师-中山大学附属第三医院.jpg,170430,6ace4f9e2daf939215dda434a14a14dfd92075e7b0c3f4a7c942256d14aedf9e,389,518,
刘卫敏,https://www.zssy.com.cn/node/28418,实采,,https://www.zssy.com.cn/sites/zssy.prod.sysucloud1.sysu.edu.cn/files/%E5%88%98%E5%8D%AB%E6%95%8F.jpg,01_试点医院/中山大学附属第三医院/照片/刘卫敏-放射科-副主任医师-中山大学附属第三医院.jpg,348180,347c07309b263b42ab582ecc202f147c746d3d3a8ddcbfcb021a12ed9e749b3e,720,959,
刘珍珍,https://www.zssy.com.cn/node/29868,实采,,https://www.zssy.com.cn/sites/zssy.prod.sysucloud1.sysu.edu.cn/files/%E5%88%98%E7%8F%8D%E7%8F%8D.jpg,01_试点医院/中山大学附属第三医院/照片/刘珍珍-放射科-副主任医师-中山大学附属第三医院.jpg,510993,81240dc0c53f9d4652c0480cb08aeaad05148ca2f89bf37bd5ee6cee432cb2b7,3733,3638,
孔庆聪,https://www.zssy.com.cn/node/11181,实采,,https://www.zssy.com.cn/sites/zssy.prod.sysucloud1.sysu.edu.cn/files/2018072222411272684054.jpg,01_试点医院/中山大学附属第三医院/照片/孔庆聪-放射科-主任医师-中山大学附属第三医院.jpg,990600,d51e02f788a73e4234b0c780386d3af9f90e470db65707e6058f5509e61b1fc3,1348,1754,
放射科,https://www.zssy.com.cn/node/14085,失败,无照片容器,,,,,,,无照片容器
王劲,https://www.zssy.com.cn/node/11226,实采,,https://www.zssy.com.cn/sites/zssy.prod.sysucloud1.sysu.edu.cn/files/%E5%BE%AE%E4%BF%A1%E5%9B%BE%E7%89%87_20220119214145_1.jpg,01_试点医院/中山大学附属第三医院/照片/王劲-放射科-主任医师-中山大学附属第三医院.jpg,1155167,b8ee00c7e15b9406c31644feb27bc5c1585c5e648ea9435acd78d8450ae4b4f5,1506,1733,
王晓红,https://www.zssy.com.cn/node/11262,实采,,https://www.zssy.com.cn/sites/zssy.prod.sysucloud1.sysu.edu.cn/files/2013122411441470909124.jpg,01_试点医院/中山大学附属第三医院/照片/王晓红-放射科-主任医师-中山大学附属第三医院.jpg,204008,cf3a1761b0b76c95d559062f4fdfdf2a218f5334a818b3c4b6e55b78631e3859,2286,3130,
覃杰,https://www.zssy.com.cn/node/11210,实采,,https://www.zssy.com.cn/sites/zssy.prod.sysucloud1.sysu.edu.cn/files/2017092214495464825105.png,01_试点医院/中山大学附属第三医院/照片/覃杰-放射科-主任医师-中山大学附属第三医院.jpg,110151,48b1872c9678c37254876a27ddf3d52b8f0c7e3aa3b75ee4717c529e00aab5e0,454,648,
谢斯栋,https://www.zssy.com.cn/node/28416,实采,,https://www.zssy.com.cn/sites/zssy.prod.sysucloud1.sysu.edu.cn/files/%E8%B0%A2%E6%80%9D%E6%A0%8B.jpg,01_试点医院/中山大学附属第三医院/照片/谢斯栋-放射科-副主任医师-中山大学附属第三医院.jpg,255102,3f6dba9f7e1ee49ddfbc56b255cb6813a30f8febaadcc7aa3ff95bd6ac1b4e1e,800,1200,
邝思驰,https://www.zssy.com.cn/node/28423,实采,,https://www.zssy.com.cn/sites/zssy.prod.sysucloud1.sysu.edu.cn/files/%E9%82%9D%E6%80%9D%E9%A9%B0.jpg,01_试点医院/中山大学附属第三医院/照片/邝思驰-放射科-副主任医师-中山大学附属第三医院.jpg,49029,e96cae901e7940e8f765344f1cbe276e895f723e11917024bb91c7a4d3f6b1a2,735,971,
郭若汨,https://www.zssy.com.cn/node/15557,实采,,https://www.zssy.com.cn/sites/zssy.prod.sysucloud1.sysu.edu.cn/files/%E9%83%AD_%E5%89%AF%E6%9C%AC.jpg,01_试点医院/中山大学附属第三医院/照片/郭若汨-放射科-主任医师-中山大学附属第三医院.jpg,1372226,b660699c541a7952b32ee16f0525bd3b573dfd851fd029d4ec98e957156406ca,1000,1500,
陈秀珍,https://www.zssy.com.cn/node/29867,实采,,https://www.zssy.com.cn/sites/zssy.prod.sysucloud1.sysu.edu.cn/files/%E9%99%88%E7%A7%80%E7%8F%8D%281%29.jpg,01_试点医院/中山大学附属第三医院/照片/陈秀珍-放射科-副主任医师-中山大学附属第三医院.jpg,846575,c0dc298aa23d5da09a5f01133caa4cfb09b4ddff1b9d9e195fdfbf46f424efa5,3589,3589,
张勇,https://www.zssy.com.cn/node/11213,实采,,https://www.zssy.com.cn/sites/zssy.prod.sysucloud1.sysu.edu.cn/files/830629.jpg,01_试点医院/中山大学附属第三医院/照片/张勇-核医学科-主任医师-中山大学附属第三医院.jpg,11993,5b917c9d383001f3850311a87532f7eaeebc70b367ed074b56c664c4cc8a29e9,132,176,
李建芳,https://www.zssy.com.cn/node/15348,实采,,https://www.zssy.com.cn/sites/zssy.prod.sysucloud1.sysu.edu.cn/files/%E6%9D%8E%E5%BB%BA%E8%8A%B3.jpg,01_试点医院/中山大学附属第三医院/照片/李建芳-核医学科-副主任医师-中山大学附属第三医院.jpg,21107,ba967ddc8529aa35db9c30d2c7e4578841b86285288bc148ed7f418cbd2a0608,413,465,
杨婷,https://www.zssy.com.cn/node/29795,实采,,https://www.zssy.com.cn/sites/zssy.prod.sysucloud1.sysu.edu.cn/files/%E6%9D%A8%E5%A9%B71.png,01_试点医院/中山大学附属第三医院/照片/杨婷-核医学科-主治医师-中山大学附属第三医院.png,1256240,eb2b3a074a9da970f205e6a9c750e789a6e857c454879a30fdf118ab75bd6c87,1280,1642,
焦举,https://www.zssy.com.cn/node/11204,实采,,https://www.zssy.com.cn/sites/zssy.prod.sysucloud1.sysu.edu.cn/files/%E7%84%A6%E4%B8%BE.jpg,01_试点医院/中山大学附属第三医院/照片/焦举-核医学科-主任医师-中山大学附属第三医院.jpg,1743880,5f8a13658ebc90db5f9b31f98d3ec8851f8ca48552df11204095cef52ac85524,3945,3933,
秦露平,https://www.zssy.com.cn/node/29794,实采,,https://www.zssy.com.cn/sites/zssy.prod.sysucloud1.sysu.edu.cn/files/%E7%A7%A6%E9%9C%B2%E5%B9%B3_WPS%E8%AF%81%E4%BB%B6%E7%85%A7_26979%281%29.png,01_试点医院/中山大学附属第三医院/照片/秦露平-核医学科-主治医师-中山大学附属第三医院.png,539551,920aaef19dad7e535377dca796653146ad1c2389710ac12004a4633c156c59e9,928,1089,
程木华,https://www.zssy.com.cn/node/11261,实采,,https://www.zssy.com.cn/sites/zssy.prod.sysucloud1.sysu.edu.cn/files/830626.jpg,01_试点医院/中山大学附属第三医院/照片/程木华-核医学科-主任医师-中山大学附属第三医院.jpg,11488,3bcf88c1b0aa84dfc43231eadae0f015887e088a80261262bf9bd9d773ffe768,132,176,
谢良骏,https://www.zssy.com.cn/node/29793,实采,,https://www.zssy.com.cn/sites/zssy.prod.sysucloud1.sysu.edu.cn/files/%E8%B0%A2%E8%89%AF%E9%AA%8F.jpg,01_试点医院/中山大学附属第三医院/照片/谢良骏-核医学科-主治医师-中山大学附属第三医院.jpg,90622,1393e2d63b5e24faf96477a123b25db185c87b12d273a8aa6f809a10eb948194,1280,1707,
邹琼,https://www.zssy.com.cn/node/15349,实采,,https://www.zssy.com.cn/sites/zssy.prod.sysucloud1.sysu.edu.cn/files/%E9%82%B9%E7%90%BC.jpg,01_试点医院/中山大学附属第三医院/照片/邹琼-核医学科-副主任医师-中山大学附属第三医院.jpg,839130,e32112974d24cdadee771f74207424fe20e48622879ad6e72a8adf6e088b71c9,1039,1512,
检验科,https://www.zssy.com.cn/node/14086,失败,无照片容器,,,,,,,无照片容器
刘小彭,https://www.zssy.com.cn/node/14244,实采,,https://www.zssy.com.cn/sites/zssy.prod.sysucloud1.sysu.edu.cn/files/%E5%88%98%E5%B0%8F%E5%BD%AD.png,01_试点医院/中山大学附属第三医院/照片/刘小彭-泌尿外科-主任医师-中山大学附属第三医院.png,106091,fb695dd931a1ef5195316de14516f1396b72f5f7d8afd8312ee8de4080e23c76,192,291,
刘柏隆,https://www.zssy.com.cn/node/23429,实采,,https://www.zssy.com.cn/sites/zssy.prod.sysucloud1.sysu.edu.cn/files/%E5%88%98.jpg,01_试点医院/中山大学附属第三医院/照片/刘柏隆-泌尿外科-副主任医师-中山大学附属第三医院.jpg,14592,6684fa637c1441b7bde74e8d78104c551927e54b915f3ebc7ae626fbf8852668,286,399,
司徒杰,https://www.zssy.com.cn/node/28969,实采,,https://www.zssy.com.cn/sites/zssy.prod.sysucloud1.sysu.edu.cn/files/%E5%8F%B8%E5%BE%92%E6%9D%B0.jpg,01_试点医院/中山大学附属第三医院/照片/司徒杰-泌尿外科-副主任医师-中山大学附属第三医院.jpg,275590,c9c42713a4b9239fb9efbe7c17957c4a6461d13150365e18c155b5d8fa8c095c,762,1146,
吴杰英,https://www.zssy.com.cn/node/14240,实采,,https://www.zssy.com.cn/sites/zssy.prod.sysucloud1.sysu.edu.cn/files/2019062015525708897340.jpg,01_试点医院/中山大学附属第三医院/照片/吴杰英-泌尿外科-副主任医师-中山大学附属第三医院.jpg,374724,7828e13b6b2f6f5601297321b7dcffc64798a7d1848285097c99497b1bc4bbd5,1080,1557,
周祥福,https://www.zssy.com.cn/node/14250,实采,,https://www.zssy.com.cn/sites/zssy.prod.sysucloud1.sysu.edu.cn/files/830195.jpg,01_试点医院/中山大学附属第三医院/照片/周祥福-泌尿外科-主任医师-中山大学附属第三医院.jpg,11587,dcf795cac9f850758c6e4cea315e4709b02b7069d1b82191b8da6edc18d72def,132,176,
张弛,https://www.zssy.com.cn/node/28971,实采,,https://www.zssy.com.cn/sites/zssy.prod.sysucloud1.sysu.edu.cn/files/%E5%BC%A0%E5%BC%9B.jpg,01_试点医院/中山大学附属第三医院/照片/张弛-泌尿外科-副主任医师-中山大学附属第三医院.jpg,1065180,6f9de860359939ac8b112819f868f8a6ec0793c53554b080489135939bf76a58,3712,3712,
张浩,https://www.zssy.com.cn/node/14239,实采,,https://www.zssy.com.cn/sites/zssy.prod.sysucloud1.sysu.edu.cn/files/2020062808533695226591.jpg,01_试点医院/中山大学附属第三医院/照片/张浩-泌尿外科-未标注-中山大学附属第三医院.jpg,494309,9383c97ac6a1ddf846f68d1c75fc7351ccbe97959a94cb3992680a2cfddf7713,1080,1570,
方友强,https://www.zssy.com.cn/node/14243,实采,,https://www.zssy.com.cn/sites/zssy.prod.sysucloud1.sysu.edu.cn/files/2019072611531875130051.jpg,01_试点医院/中山大学附属第三医院/照片/方友强-泌尿外科-教授-中山大学附属第三医院.jpg,413577,531317062ef0408a0ee4c5c64569714223fb4629e778da6c69201763f165578b,1080,1570,
李科,https://www.zssy.com.cn/node/15452,实采,,https://www.zssy.com.cn/sites/zssy.prod.sysucloud1.sysu.edu.cn/files/%E6%9D%8E%E7%A7%91.jpg,01_试点医院/中山大学附属第三医院/照片/李科-泌尿外科-主任医师-中山大学附属第三医院.jpg,27392,4c337ea7a43ac3be7e82d548509c62b7ff6ba4619b72f8a398f63d2e0202fc63,438,657,
李腾成,https://www.zssy.com.cn/node/20068,实采,,https://www.zssy.com.cn/sites/zssy.prod.sysucloud1.sysu.edu.cn/files/9e1e0673e6a4ecda18569db1d52e5a4.jpg,01_试点医院/中山大学附属第三医院/照片/李腾成-泌尿外科-副主任医师-中山大学附属第三医院.jpg,1843482,77fa679ff2a90b29a63d78c973be1f73b80878d221062b101bec216f1de1550f,2743,3444,
杨飞,https://www.zssy.com.cn/node/23441,实采,,https://www.zssy.com.cn/sites/zssy.prod.sysucloud1.sysu.edu.cn/files/%E6%9D%A8%E9%A3%9E.jpg,01_试点医院/中山大学附属第三医院/照片/杨飞-泌尿外科-副主任医师-中山大学附属第三医院.jpg,250267,2032f54580b7143cd4f193eb78539305c57aed10976d4c7ac904d4045f935be1,1280,1761,
泌尿外科,https://www.zssy.com.cn/node/14055,失败,无照片容器,,,,,,,无照片容器
湛海伦,https://www.zssy.com.cn/node/23420,实采,,https://www.zssy.com.cn/sites/zssy.prod.sysucloud1.sysu.edu.cn/files/%E6%B9%9B%E6%B5%B7%E4%BC%A6.jpg,01_试点医院/中山大学附属第三医院/照片/湛海伦-泌尿外科-主任医师-中山大学附属第三医院.jpg,44766,f3538ca14eedbfbcebcf40d20d969e9462e0eff48bcd7100e87d021db75dad85,659,899,
狄金明,https://www.zssy.com.cn/node/14249,实采,,https://www.zssy.com.cn/sites/zssy.prod.sysucloud1.sysu.edu.cn/files/2014021710351134549282.jpg,01_试点医院/中山大学附属第三医院/照片/狄金明-泌尿外科-主任医师-中山大学附属第三医院.jpg,208766,32fb56799868faa25f26b2c448b1383f8a1009956c2926fdf4585b4e89fabdb2,500,695,
王喻,https://www.zssy.com.cn/node/28970,实采,,https://www.zssy.com.cn/sites/zssy.prod.sysucloud1.sysu.edu.cn/files/%E7%8E%8B%E5%96%BB.jpg,01_试点医院/中山大学附属第三医院/照片/王喻-泌尿外科-副主任医师-中山大学附属第三医院.jpg,963553,cbe1ef35a5b7c856ea58e7817eef11245407a056bf61ae172d1dd6cd4eaacb9d,3072,4608,
罗云,https://www.zssy.com.cn/node/20065,实采,,https://www.zssy.com.cn/sites/zssy.prod.sysucloud1.sysu.edu.cn/files/%E7%BD%97.jpg,01_试点医院/中山大学附属第三医院/照片/罗云-泌尿外科-主任医师-中山大学附属第三医院.jpg,44625,dede2d6418ba8bd97dcac914ee5714361648533f0f78a7bdf28135ceaba872db,457,612,
肖恒军,https://www.zssy.com.cn/node/14248,实采,,https://www.zssy.com.cn/sites/zssy.prod.sysucloud1.sysu.edu.cn/files/2019051109400628938493.jpg,01_试点医院/中山大学附属第三医院/照片/肖恒军-泌尿外科-主任医师-中山大学附属第三医院.jpg,63877,78ed59f94c7fcf2b3dc750a79431b0778550cae921ab9d7a343d54e7687a816b,430,580,
胡成,https://www.zssy.com.cn/node/15451,实采,,https://www.zssy.com.cn/sites/zssy.prod.sysucloud1.sysu.edu.cn/files/%E5%BE%AE%E4%BF%A1%E5%9B%BE%E7%89%87_20210909134538.jpg,01_试点医院/中山大学附属第三医院/照片/胡成-泌尿外科-主任医师-中山大学附属第三医院.jpg,33064,0b9e7899732a8857809a2795e6fee8be6c3201054b7e7bc9231143a0cb61f932,403,603,
蔡佳荣,https://www.zssy.com.cn/node/14229,实采,,https://www.zssy.com.cn/sites/zssy.prod.sysucloud1.sysu.edu.cn/files/2020071011300126297516.jpg,01_试点医院/中山大学附属第三医院/照片/蔡佳荣-泌尿外科-副主任医师-中山大学附属第三医院.jpg,204116,3585a4d9550adb657e25fc79fece0e36ad73f49b548d705bfdc0d85e542988db,2220,3330,
蔡有弟,https://www.zssy.com.cn/node/28972,实采,,https://www.zssy.com.cn/sites/zssy.prod.sysucloud1.sysu.edu.cn/files/%E8%94%A1%E6%9C%89%E5%BC%9F.png,01_试点医院/中山大学附属第三医院/照片/蔡有弟-泌尿外科-未标注-中山大学附属第三医院.png,289274,8fed0d6a3195df46dd16d1265a8aab035a515cbdb0d4ea069477da9285d773fc,567,574,
陈桂丽,https://www.zssy.com.cn/node/15546,实采,,https://www.zssy.com.cn/sites/zssy.prod.sysucloud1.sysu.edu.cn/files/%E7%BA%A2%E5%BA%95.jpg,01_试点医院/中山大学附属第三医院/照片/陈桂丽-泌尿外科-未标注-中山大学附属第三医院.jpg,110300,9348d9d96d2aebaedd544047a8556f640ee54759857ac11e6411e3c80b683cc8,1080,1570,
高新,https://www.zssy.com.cn/node/14890,实采,,https://www.zssy.com.cn/sites/zssy.prod.sysucloud1.sysu.edu.cn/files/1486692439552.png,01_试点医院/中山大学附属第三医院/照片/高新-泌尿外科-主任医师-中山大学附属第三医院.png,29079,b53427360bf19632cc07295ca652f78a6d345aa474d54b3da756532120c77767,132,176,
吴小琴,https://www.zssy.com.cn/node/14117,实采,,https://www.zssy.com.cn/sites/zssy.prod.sysucloud1.sysu.edu.cn/files/2018110510131052904684.jpg,01_试点医院/中山大学附属第三医院/照片/吴小琴-消化内科-副主任医师-中山大学附属第三医院.jpg,1298052,fb7fc23f1e70540a370cec2cc13ec2e808a89bac17af49a91abcf598b847dca5,1749,2293,
吴斌,https://www.zssy.com.cn/node/11055,实采,,https://www.zssy.com.cn/sites/zssy.prod.sysucloud1.sysu.edu.cn/files/1_2.jpg,01_试点医院/中山大学附属第三医院/照片/吴斌-消化内科-主任医师-中山大学附属第三医院.jpg,27340,4cf2862dbd4be11f221095a060d411f4f661685f284199d80bdbbc404b761ecf,478,599,
尉秀清,https://www.zssy.com.cn/node/14143,实采,,https://www.zssy.com.cn/sites/zssy.prod.sysucloud1.sysu.edu.cn/files/%E5%B0%89%E7%A7%80%E6%B8%85.jpg,01_试点医院/中山大学附属第三医院/照片/尉秀清-消化内科-主任医师-中山大学附属第三医院.jpg,88632,5f1ad3dae5f0cb3bfe276698c64ff743dafea1359f1d329593c5a5ec0e29cdad,650,829,
李建忠,https://www.zssy.com.cn/node/14138,实采,,https://www.zssy.com.cn/sites/zssy.prod.sysucloud1.sysu.edu.cn/files/%E6%9D%8E%E5%BB%BA%E5%BF%A0.jpg,01_试点医院/中山大学附属第三医院/照片/李建忠-消化内科-副主任医师-中山大学附属第三医院.jpg,47157,b2af459cff93b1d6b187e9e3ca043d464cef76d91f1581a3ff0efe54f9e2eca1,671,846,
李雷佳,https://www.zssy.com.cn/node/15226,实采,,https://www.zssy.com.cn/sites/zssy.prod.sysucloud1.sysu.edu.cn/files/%E5%BE%AE%E4%BF%A1%E6%88%AA%E5%9B%BE_20210830111440.png,01_试点医院/中山大学附属第三医院/照片/李雷佳-消化内科-副主任医师-中山大学附属第三医院.png,1320620,f4b9cbf3d38daf650a356fc340fe57e94b17fcaa24b1f242d6af029976b8d971,786,895,
杨逸冬,https://www.zssy.com.cn/node/15225,实采,,https://www.zssy.com.cn/sites/zssy.prod.sysucloud1.sysu.edu.cn/files/%E6%9D%A8%E9%80%B8%E5%86%AC%EF%BC%882025%EF%BC%89.jpg,01_试点医院/中山大学附属第三医院/照片/杨逸冬-消化内科-主任医师-中山大学附属第三医院.jpg,163769,9e24fa42be789bd930dbec1d97930c05291baeaaf27c84072533b4bc96a175c8,1025,1409,
林显艺,https://www.zssy.com.cn/node/15224,实采,,https://www.zssy.com.cn/sites/zssy.prod.sysucloud1.sysu.edu.cn/files/%E6%9E%97.jpg,01_试点医院/中山大学附属第三医院/照片/林显艺-消化内科-副主任医师-中山大学附属第三医院.jpg,60459,e39745895550a058bd6ceabf3d8214648fab5bd442213318fb7716fa06e7d88b,671,899,
林颖,https://www.zssy.com.cn/node/20082,实采,,https://www.zssy.com.cn/sites/zssy.prod.sysucloud1.sysu.edu.cn/files/%E6%9E%97%E9%A2%962020.jpg,01_试点医院/中山大学附属第三医院/照片/林颖-消化内科-副主任医师-中山大学附属第三医院.jpg,1930270,19e45910cef782b8c86599ec8a6c6a5ded9e0083c251b6d16c8cdb306b06f711,1620,2160,
消化内科,https://www.zssy.com.cn/node/14299,失败,无照片容器,,,,,,,无照片容器
王省,https://www.zssy.com.cn/node/15227,实采,,https://www.zssy.com.cn/sites/zssy.prod.sysucloud1.sysu.edu.cn/files/%E7%8E%8B%E7%9C%81.jpg,01_试点医院/中山大学附属第三医院/照片/王省-消化内科-副主任医师-中山大学附属第三医院.jpg,70691,1fe9bdb95357596997e3064227ec10806cda503b4e9607cfd4154180b341dc0a,669,899,
田虹,https://www.zssy.com.cn/node/14141,实采,,https://www.zssy.com.cn/sites/zssy.prod.sysucloud1.sysu.edu.cn/files/%E7%94%B0%E8%99%B9.jpg,01_试点医院/中山大学附属第三医院/照片/田虹-消化内科-副主任医师-中山大学附属第三医院.jpg,66801,4d365d5e22176e019fecfe474b3082a57b1d6b678a4a6aaf45abd660d2340eb5,672,897,
谭嗣伟,https://www.zssy.com.cn/node/23363,实采,,https://www.zssy.com.cn/sites/zssy.prod.sysucloud1.sysu.edu.cn/files/%E8%B0%AD%E5%97%A3%E4%BC%9F2020.jpg,01_试点医院/中山大学附属第三医院/照片/谭嗣伟-消化内科-副主任医师-中山大学附属第三医院.jpg,2005413,355afbf08cb0e5f896cb191c7334f8d36cb07c2abab955df2d40227d933f9e06,1620,2160,
郑丰平,https://www.zssy.com.cn/node/14142,实采,,https://www.zssy.com.cn/sites/zssy.prod.sysucloud1.sysu.edu.cn/files/%E9%83%91%E4%B8%B0%E5%B9%B3.jpg,01_试点医院/中山大学附属第三医院/照片/郑丰平-消化内科-主任医师-中山大学附属第三医院.jpg,98171,abd9d7db361f15fce397ec5ae4b848a5647f68972ed8a7541e1f90c74fd4b173,671,896,
郭云蔚,https://www.zssy.com.cn/node/14140,实采,,https://www.zssy.com.cn/sites/zssy.prod.sysucloud1.sysu.edu.cn/files/2020030915401782576094.jpg,01_试点医院/中山大学附属第三医院/照片/郭云蔚-消化内科-主任医师-中山大学附属第三医院.jpg,692395,efc250246278529656eaad75d78edbe1fab85be067a33428ec0e8aa885c4fd53,1253,1600,
陶力,https://www.zssy.com.cn/node/14108,实采,,https://www.zssy.com.cn/sites/zssy.prod.sysucloud1.sysu.edu.cn/files/2020030915405596785495.jpg,01_试点医院/中山大学附属第三医院/照片/陶力-消化内科-副主任医师-中山大学附属第三医院.jpg,1136899,3f9f8a72d2d1a34677b4876da83fa0faffa954d29e7ebd6613266354ae2a0b2e,1392,1920,
陶金,https://www.zssy.com.cn/node/14137,实采,,https://www.zssy.com.cn/sites/zssy.prod.sysucloud1.sysu.edu.cn/files/%E9%99%B6%E9%87%91-%EF%BC%88%E5%8F%AF%E7%94%A8%EF%BC%892019.jpg,01_试点医院/中山大学附属第三医院/照片/陶金-消化内科-主任医师-中山大学附属第三医院.jpg,357795,7407ea7edc7b7680c87aab75c599d06cb0dd98ffde78d6e081f20fc92935c88d,1112,1440,
夏婷婷,https://www.zssy.com.cn/node/28405,实采,,https://www.zssy.com.cn/sites/zssy.prod.sysucloud1.sysu.edu.cn/files/1.1.jpg,01_试点医院/中山大学附属第三医院/照片/夏婷婷-生殖医学中心-未标注-中山大学附属第三医院.jpg,60793,df413f7a304353ccae420a4e2c7eecc6229fb53c165e74d95a8d8b2a44959157,674,740,
张二红,https://www.zssy.com.cn/node/15250,实采,,https://www.zssy.com.cn/sites/zssy.prod.sysucloud1.sysu.edu.cn/files/%E5%BE%AE%E4%BF%A1%E5%9B%BE%E7%89%87_20250620174121_0.jpg,01_试点医院/中山大学附属第三医院/照片/张二红-生殖医学中心-副主任医师-中山大学附属第三医院.jpg,1091731,724144295554dff14e34661267fb9581467ada074fe5461aca7a81eeb1dedb74,2604,2603,
李涛,https://www.zssy.com.cn/node/11189,实采,,https://www.zssy.com.cn/sites/zssy.prod.sysucloud1.sysu.edu.cn/files/2017081117042245969943.jpg,01_试点医院/中山大学附属第三医院/照片/李涛-生殖医学中心-副研究员-中山大学附属第三医院.jpg,438712,03b1cd3e46a20980ba0f7d80e483e85e081e8b284f81aacbbfbb56f916e1b870,3648,5472,
林慧,https://www.zssy.com.cn/node/15251,实采,,https://www.zssy.com.cn/sites/zssy.prod.sysucloud1.sysu.edu.cn/files/%E5%BE%AE%E4%BF%A1%E5%9B%BE%E7%89%87_20210830151835.jpg,01_试点医院/中山大学附属第三医院/照片/林慧-生殖医学中心-未标注-中山大学附属第三医院.jpg,278153,076f3e5ad21961865ab04fb10e6706ac4b488e0196df89354172f6bc48331d4f,1423,1898,
欧建平,https://www.zssy.com.cn/node/11246,实采,,https://www.zssy.com.cn/sites/zssy.prod.sysucloud1.sysu.edu.cn/files/%E5%BE%AE%E4%BF%A1%E5%9B%BE%E7%89%87_20250620174146.jpg,01_试点医院/中山大学附属第三医院/照片/欧建平-生殖医学中心-主任医师-中山大学附属第三医院.jpg,1254606,da07eee09759c961a4f33e7c9f6385400c2d6d66849d06293b0ed9f01f422278,2769,2769,
葛明晓,https://www.zssy.com.cn/node/11255,实采,,https://www.zssy.com.cn/sites/zssy.prod.sysucloud1.sysu.edu.cn/files/%E5%BE%AE%E4%BF%A1%E5%9B%BE%E7%89%87_20250620174138.jpg,01_试点医院/中山大学附属第三医院/照片/葛明晓-生殖医学中心-副主任医师-中山大学附属第三医院.jpg,1359359,95b5b4f201074ebac204498a51e99294c93cab89f047dad7be3da67e24b5f753,3463,3596,
蔡柳洪,https://www.zssy.com.cn/node/11260,实采,,https://www.zssy.com.cn/sites/zssy.prod.sysucloud1.sysu.edu.cn/files/%E5%BE%AE%E4%BF%A1%E5%9B%BE%E7%89%87_20250620174155.jpg,01_试点医院/中山大学附属第三医院/照片/蔡柳洪-生殖医学中心-主任医师-中山大学附属第三医院.jpg,72806,196ee35daff095ac5f79637cfecbaa64be5fc8202022e4bff0beb23795749564,640,960,
邢卫杰,https://www.zssy.com.cn/node/11183,实采,,https://www.zssy.com.cn/sites/zssy.prod.sysucloud1.sysu.edu.cn/files/%E5%BE%AE%E4%BF%A1%E5%9B%BE%E7%89%87_20250620180245.jpg,01_试点医院/中山大学附属第三医院/照片/邢卫杰-生殖医学中心-副主任医师-中山大学附属第三医院.jpg,287032,f1f9b5f8b2eceaa674bb59652ff3d4c67718b4ac9ac598d9f72a356055f8641c,1650,1527,
刁丽婷,https://www.zssy.com.cn/node/23319,实采,,https://www.zssy.com.cn/sites/zssy.prod.sysucloud1.sysu.edu.cn/files/%E5%BE%AE%E4%BF%A1%E5%9B%BE%E7%89%87_20230714160013.jpg,01_试点医院/中山大学附属第三医院/照片/刁丽婷-生物治疗中心-副研究员-中山大学附属第三医院.jpg,24239,3e0e2c566b04c16b6b8957ee6ec4f7910ef05f03c77f2b68f12391692eaa25a3,358,441,
刘秋莉,https://www.zssy.com.cn/node/16211,实采,,https://www.zssy.com.cn/sites/zssy.prod.sysucloud1.sysu.edu.cn/files/%E5%88%98%E7%A7%8B%E8%8E%89.jpg,01_试点医院/中山大学附属第三医院/照片/刘秋莉-生物治疗中心-研究员-中山大学附属第三医院.jpg,459714,3941d2bfd38b374bcafe3fc1ce928244f268f622e085e6dfec918a0a38d58c07,1785,2677,
卢建溪,https://www.zssy.com.cn/node/16206,实采,,https://www.zssy.com.cn/sites/zssy.prod.sysucloud1.sysu.edu.cn/files/%E5%8D%A2%E5%BB%BA%E6%BA%AA.jpg,01_试点医院/中山大学附属第三医院/照片/卢建溪-生物治疗中心-主任技师-中山大学附属第三医院.jpg,74035,6ed76c52d347696ae01847aa2e19cc923bfc3a30bf75513eadf28dfbb2f462f1,600,800,
张琪,https://www.zssy.com.cn/node/11201,实采,,https://www.zssy.com.cn/sites/zssy.prod.sysucloud1.sysu.edu.cn/files/2015010314030985229156.png,01_试点医院/中山大学附属第三医院/照片/张琪-生物治疗中心-主任医师-中山大学附属第三医院.jpg,144178,809b7a103ddafe7d5e9fdccbbbd94c34766a72c4a0d396e4919978a781e6e969,348,481,
彭延文,https://www.zssy.com.cn/node/16207,实采,,https://www.zssy.com.cn/sites/zssy.prod.sysucloud1.sysu.edu.cn/files/%E5%BD%AD%E5%BB%B6%E6%96%87.png,01_试点医院/中山大学附属第三医院/照片/彭延文-生物治疗中心-研究员-中山大学附属第三医院.png,138610,99eee4939613fd5d52c7909bdf63155722e652a322427c869a791409e343aaa1,221,316,
杨帆,https://www.zssy.com.cn/node/23258,实采,,https://www.zssy.com.cn/sites/zssy.prod.sysucloud1.sysu.edu.cn/files/%E6%9D%A8%E5%B8%86%E4%B8%93%E5%AE%B6%E7%85%A7%E7%89%87%E6%88%AA%E5%9B%BE%E7%89%88_0.png,01_试点医院/中山大学附属第三医院/照片/杨帆-生物治疗中心-副主任医师-中山大学附属第三医院.png,411020,11cefe4e0d7bb7302e545bf887c0306fce0b21b18cd7a6d6d583d32b00b12c5a,408,623,
秦云飞,https://www.zssy.com.cn/node/16210,实采,,https://www.zssy.com.cn/sites/zssy.prod.sysucloud1.sysu.edu.cn/files/%E7%A7%A6%E4%BA%91%E9%A3%9E.jpg,01_试点医院/中山大学附属第三医院/照片/秦云飞-生物治疗中心-研究员-中山大学附属第三医院.jpg,31326,8f7e73444ca14a3d1e2bc18ced44e3e56ee46b8215baedf2979e26c5eb59a374,520,756,
贾昌昌,https://www.zssy.com.cn/node/16212,实采,,https://www.zssy.com.cn/sites/zssy.prod.sysucloud1.sysu.edu.cn/files/%E8%B4%BE%E6%98%8C%E6%98%8C.jpg,01_试点医院/中山大学附属第三医院/照片/贾昌昌-生物治疗中心-副研究员-中山大学附属第三医院.jpg,169332,6a52ab3805a6dfa0e73b8ad9e9c80f24fa30b0cf7d199902f56964710cf712a5,1080,1570,
阳莉,https://www.zssy.com.cn/node/23309,实采,,https://www.zssy.com.cn/sites/zssy.prod.sysucloud1.sysu.edu.cn/files/269e367179686eada5d26749ec53167_%E5%89%AF%E6%9C%AC.png,01_试点医院/中山大学附属第三医院/照片/阳莉-生物治疗中心-副主任技师-中山大学附属第三医院.png,128642,33acbdc5a42afa45a5cb40da3f98e0327f618e968f1368001e94dcc13420eff2,339,432,
陈文捷,https://www.zssy.com.cn/node/11196,实采,,https://www.zssy.com.cn/sites/zssy.prod.sysucloud1.sysu.edu.cn/files/%E9%99%88%E6%96%87%E6%8D%B7_0.jpg,01_试点医院/中山大学附属第三医院/照片/陈文捷-生物治疗中心-研究员-中山大学附属第三医院.jpg,80691,0a33963c2dbc75068ef5ad110e793b48faf5afd8fc4bda955c2cdaca11082748,600,800,
刘仁斌,https://www.zssy.com.cn/node/14184,实采,,https://www.zssy.com.cn/sites/zssy.prod.sysucloud1.sysu.edu.cn/files/2016030912372776635953.jpg,01_试点医院/中山大学附属第三医院/照片/刘仁斌-乳腺外科-主任医师-中山大学附属第三医院.jpg,20203,003a05526521cd20bb90fb0e9ef6c15bfa2f861f14633d52a841c947c81140f2,132,176,
刘宇,https://www.zssy.com.cn/node/29980,实采,,https://www.zssy.com.cn/sites/zssy.prod.sysucloud1.sysu.edu.cn/files/_cgi-bin_mmwebwx-bin_webwxgetmsgimg__%26MsgID%3D463655752838921042%26skey%3D%40crypt_25d74ae8_fe4c641b9d2d47ec6740026a775db34d%26mmweb_appid%3Dwx_webfilehelper.jpg,01_试点医院/中山大学附属第三医院/照片/刘宇-乳腺外科-副主任医师-中山大学附属第三医院.jpg,51944,1cdebebb85c3005d9ce98388c64cbc2ad1785b14fbce9952957ac10a43194e62,811,1080,
吴珏堃,https://www.zssy.com.cn/node/14175,实采,,https://www.zssy.com.cn/sites/zssy.prod.sysucloud1.sysu.edu.cn/files/2019092822504862142395.jpg,01_试点医院/中山大学附属第三医院/照片/吴珏堃-乳腺外科-主任医师-中山大学附属第三医院.jpg,83535,e04d0325dc71055d478bbdb4fd72633a4b82ff92817ad6dffe6b1ef773ebdb3d,400,533,
姜华,https://www.zssy.com.cn/node/15196,实采,,https://www.zssy.com.cn/sites/zssy.prod.sysucloud1.sysu.edu.cn/files/%E5%BE%AE%E4%BF%A1%E5%9B%BE%E7%89%87_20210827122419.jpg,01_试点医院/中山大学附属第三医院/照片/姜华-乳腺外科-副主任医师-中山大学附属第三医院.jpg,1464032,643c246efabc746a90a40a9333d855989e6b02473f5c57a7e2259732b0be27b4,3840,5760,
李欢,https://www.zssy.com.cn/node/15217,实采,,https://www.zssy.com.cn/sites/zssy.prod.sysucloud1.sysu.edu.cn/files/%E6%9D%8E%E6%AC%A2.jpg,01_试点医院/中山大学附属第三医院/照片/李欢-乳腺外科-未标注-中山大学附属第三医院.jpg,25013,108fb70187cc825ee81b8fb9170fcc506afd4995508eaaa117b977662360c396,234,291,
林嘉旋,https://www.zssy.com.cn/node/14109,实采,,https://www.zssy.com.cn/sites/zssy.prod.sysucloud1.sysu.edu.cn/files/2016030912302130846165.jpg,01_试点医院/中山大学附属第三医院/照片/林嘉旋-乳腺外科-未标注-中山大学附属第三医院.jpg,84679,81c1d6f048f275fc2ab75fa92dd6c454a4e85f262625e1b900714836afd69253,400,533,
王佳妮,https://www.zssy.com.cn/node/14178,实采,,https://www.zssy.com.cn/sites/zssy.prod.sysucloud1.sysu.edu.cn/files/2020031116545721628216.jpg,01_试点医院/中山大学附属第三医院/照片/王佳妮-乳腺外科-副主任医师-中山大学附属第三医院.jpg,427835,6d09fc7aca0db18ff85e263ab4d51841f152abf37622b2ca61eeda2ef56bcf75,4000,4234,
甲状腺,https://www.zssy.com.cn/node/11316,失败,无照片容器,,,,,,,无照片容器
胡昆鹏,https://www.zssy.com.cn/node/29942,实采,,https://www.zssy.com.cn/sites/zssy.prod.sysucloud1.sysu.edu.cn/files/%E5%9B%BE%E7%89%871_20.png,01_试点医院/中山大学附属第三医院/照片/胡昆鹏-乳腺外科-主任医师-中山大学附属第三医院.png,78901,391e6990745f4848bf08e44895e7e98a36f8bb6a6e175c5290064d963af4f4a6,372,431,
邱万寿,https://www.zssy.com.cn/node/14182,实采,,https://www.zssy.com.cn/sites/zssy.prod.sysucloud1.sysu.edu.cn/files/2018062822465092448593.png,01_试点医院/中山大学附属第三医院/照片/邱万寿-乳腺外科-主任医师-中山大学附属第三医院.jpg,105786,2764056d3fd58190d25ee5325788ee92e2c151133a69f0a76e3ff1572caf3445,413,540,
阮莹,https://www.zssy.com.cn/node/29944,实采,,https://www.zssy.com.cn/sites/zssy.prod.sysucloud1.sysu.edu.cn/files/_cgi-bin_mmwebwx-bin_webwxgetmsgimg__%26MsgID%3D3282471279708923224%26skey%3D%40crypt_25d74ae8_fe4c641b9d2d47ec6740026a775db34d%26mmweb_appid%3Dwx_webfilehelper.jpg,01_试点医院/中山大学附属第三医院/照片/阮莹-乳腺外科-副主任医师-中山大学附属第三医院.jpg,54238,37737c049029bda0bed2a46000b3fd650c73eb3ab85826e91015df76e4d17a6b,811,1080,
黄勇,https://www.zssy.com.cn/node/14180,实采,,https://www.zssy.com.cn/sites/zssy.prod.sysucloud1.sysu.edu.cn/files/2020031117462663000934.jpg,01_试点医院/中山大学附属第三医院/照片/黄勇-乳腺外科-主任医师-中山大学附属第三医院.jpg,71376,f0dcb7d9386a247f081c43c92887678a64ebd727290211fcf6ae649c3493fd55,554,669,
黄泽楠,https://www.zssy.com.cn/node/29981,实采,,https://www.zssy.com.cn/sites/zssy.prod.sysucloud1.sysu.edu.cn/files/_cgi-bin_mmwebwx-bin_webwxgetmsgimg__%26MsgID%3D4867482661277117890%26skey%3D%40crypt_25d74ae8_fe4c641b9d2d47ec6740026a775db34d%26mmweb_appid%3Dwx_webfilehelper.jpg,01_试点医院/中山大学附属第三医院/照片/黄泽楠-乳腺外科-副主任医师-中山大学附属第三医院.jpg,84922,6bd566d9fe2ab4b64692e3872a4652ce161c566c24d09f73920073b7e83790de,972,1294,
龙梅珺,https://www.zssy.com.cn/node/29943,实采,,https://www.zssy.com.cn/sites/zssy.prod.sysucloud1.sysu.edu.cn/files/_cgi-bin_mmwebwx-bin_webwxgetmsgimg__%26MsgID%3D8842070061288288722%26skey%3D%40crypt_25d74ae8_fe4c641b9d2d47ec6740026a775db34d%26mmweb_appid%3Dwx_webfilehelper.jpg,01_试点医院/中山大学附属第三医院/照片/龙梅珺-乳腺外科-主任医师-中山大学附属第三医院.jpg,54490,87193efa1bda293080c91afbb5ff92879275a7344f92699c0c11688889b177d3,811,1080,
何丹,https://www.zssy.com.cn/node/11198,实采,,https://www.zssy.com.cn/sites/zssy.prod.sysucloud1.sysu.edu.cn/files/2019122021424935842660.jpg,01_试点医院/中山大学附属第三医院/照片/何丹-病理科-副主任技师-中山大学附属第三医院.jpg,493854,bf24735d366d69a538571e242691fe67302f7855234424a7166f59f0a22168d3,883,1077,
关结霞,https://www.zssy.com.cn/node/28412,实采,,https://www.zssy.com.cn/sites/zssy.prod.sysucloud1.sysu.edu.cn/files/%E5%85%B3%E7%BB%93%E9%9C%9E_1.png,01_试点医院/中山大学附属第三医院/照片/关结霞-病理科-主治医师-中山大学附属第三医院.png,138441,2f4f1fce4d96c8f10aadddaeff6c25fc368b0fd2faef8047225ab868946cf1b0,327,425,
刘勇,https://www.zssy.com.cn/node/20637,实采,,https://www.zssy.com.cn/sites/zssy.prod.sysucloud1.sysu.edu.cn/files/4444_1.jpg,01_试点医院/中山大学附属第三医院/照片/刘勇-病理科-主治医师-中山大学附属第三医院.jpg,1579429,e10e7c1a902d37319f65d3edcc34cd32cf2dc30614cf903f4d0b5293535399c9,1821,2381,
周静,https://www.zssy.com.cn/node/20636,实采,,https://www.zssy.com.cn/sites/zssy.prod.sysucloud1.sysu.edu.cn/files/11112_0.jpg,01_试点医院/中山大学附属第三医院/照片/周静-病理科-副主任医师-中山大学附属第三医院.jpg,1028786,a0a9b00f597a40b206c353976aa486670f8812f5342850e8f1d5f984a6f23ed7,1337,1468,
唐录英,https://www.zssy.com.cn/node/11212,实采,,https://www.zssy.com.cn/sites/zssy.prod.sysucloud1.sysu.edu.cn/files/8989_0.jpg,01_试点医院/中山大学附属第三医院/照片/唐录英-病理科-主任医师-中山大学附属第三医院.jpg,133601,72e35a3b5a4c4ed788362fff1f93a0f303a6e79c3c977473b79c07a272acecab,521,649,
张一望,https://www.zssy.com.cn/node/28411,实采,,https://www.zssy.com.cn/sites/zssy.prod.sysucloud1.sysu.edu.cn/files/%E5%BC%A0%E4%B8%80%E6%9C%9B3.jpg,01_试点医院/中山大学附属第三医院/照片/张一望-病理科-副主任医师-中山大学附属第三医院.jpg,352575,0cd410c54d10e88e44e08b0cf4511040cbdc23d6cd186cc93025e1ad9a9985ef,1650,2312,
张小芳,https://www.zssy.com.cn/node/28445,实采,,https://www.zssy.com.cn/sites/zssy.prod.sysucloud1.sysu.edu.cn/files/%E5%BC%A0%E5%B0%8F%E8%8A%B32.jpg,01_试点医院/中山大学附属第三医院/照片/张小芳-病理科-主治医师-中山大学附属第三医院.jpg,847698,c9dd912c575c70bd200d29f552e0f307984eafcf7c5f40a0eb3f16e5051f95e8,3221,3662,
张志刚,https://www.zssy.com.cn/node/11197,实采,,https://www.zssy.com.cn/sites/zssy.prod.sysucloud1.sysu.edu.cn/files/6666_0.jpg,01_试点医院/中山大学附属第三医院/照片/张志刚-病理科-副主任技师-中山大学附属第三医院.jpg,136487,73621c1cdee072d7a3f09740a388f045ac684d118cf8e84c81593956f83ada34,519,727,
惠大阳,https://www.zssy.com.cn/node/28410,实采,,https://www.zssy.com.cn/sites/zssy.prod.sysucloud1.sysu.edu.cn/files/%E5%9B%BE%E7%89%871_14.png,01_试点医院/中山大学附属第三医院/照片/惠大阳-病理科-副主任医师-中山大学附属第三医院.png,1757654,4d9117f60f6c818c7dc0acc2b849539a4e5d73b448f0984039db3709ff9e8928,604,726,
成娜,https://www.zssy.com.cn/node/20642,实采,,https://www.zssy.com.cn/sites/zssy.prod.sysucloud1.sysu.edu.cn/files/22222.jpg,01_试点医院/中山大学附属第三医院/照片/成娜-病理科-副主任医师-中山大学附属第三医院.jpg,260608,5dea8d48d052fa0d291b4a754e14bc46da3a19bc91d44eeda3625a68c0544edd,755,925,
梁琼,https://www.zssy.com.cn/node/20683,实采,,https://www.zssy.com.cn/sites/zssy.prod.sysucloud1.sysu.edu.cn/files/11_4.jpg,01_试点医院/中山大学附属第三医院/照片/梁琼-病理科-副主任医师-中山大学附属第三医院.jpg,348164,279fca8804d2fb03a35deb7075270af8041b651c1d981ed19332568165257231,672,884,
梁静,https://www.zssy.com.cn/node/20638,实采,,https://www.zssy.com.cn/sites/zssy.prod.sysucloud1.sysu.edu.cn/files/WechatIMG134.png,01_试点医院/中山大学附属第三医院/照片/梁静-病理科-副主任技师-中山大学附属第三医院.png,59334,053f93288b15a6fdd9335aae8a78b968d58b414ce99ab360622bbe0f00f9167e,188,230,
潘宇航,https://www.zssy.com.cn/node/20639,实采,,https://www.zssy.com.cn/sites/zssy.prod.sysucloud1.sysu.edu.cn/files/11111_0.jpg,01_试点医院/中山大学附属第三医院/照片/潘宇航-病理科-未标注-中山大学附属第三医院.jpg,331279,82804b5ad082f63e1cf8170736aa42586e90b91ddeb068d5f2e4281d80f11bcb,726,964,
病理科,https://www.zssy.com.cn/node/20628,失败,无照片容器,,,,,,,无照片容器
翁子晋,https://www.zssy.com.cn/node/20640,实采,,https://www.zssy.com.cn/sites/zssy.prod.sysucloud1.sysu.edu.cn/files/11111_1.jpg,01_试点医院/中山大学附属第三医院/照片/翁子晋-病理科-主治医师-中山大学附属第三医院.jpg,237436,5a4ac870c97dbe9824c5a2d3d507ab1922acb34f9778e8b917fbfec002bc40fd,765,827,
蒋叶,https://www.zssy.com.cn/node/20693,实采,,https://www.zssy.com.cn/sites/zssy.prod.sysucloud1.sysu.edu.cn/files/122.jpg,01_试点医院/中山大学附属第三医院/照片/蒋叶-病理科-主治医师-中山大学附属第三医院.jpg,355627,e0a55e76aa9b5bc842479e3a5941cce0d3ef89a40d3aeeede625678f90e39575,741,929,
赵畅,https://www.zssy.com.cn/node/20685,实采,,https://www.zssy.com.cn/sites/zssy.prod.sysucloud1.sysu.edu.cn/files/222_1.jpg,01_试点医院/中山大学附属第三医院/照片/赵畅-病理科-副主任医师-中山大学附属第三医院.jpg,279777,01834e685e793eab36a37e1ae626943be829dff83dc1e8a25763cbf39844e917,601,725,
邵春奎,https://www.zssy.com.cn/node/11208,实采,,https://www.zssy.com.cn/sites/zssy.prod.sysucloud1.sysu.edu.cn/files/830570.jpg,01_试点医院/中山大学附属第三医院/照片/邵春奎-病理科-主任医师-中山大学附属第三医院.jpg,10878,78687008d6818dc3d6e29f2f191c9e57d2ddd6c822d7b0ce7c0477ce242df1ce,132,176,
陈健宁,https://www.zssy.com.cn/node/11209,实采,,https://www.zssy.com.cn/sites/zssy.prod.sysucloud1.sysu.edu.cn/files/999.jpg,01_试点医院/中山大学附属第三医院/照片/陈健宁-病理科-副主任医师-中山大学附属第三医院.jpg,915939,647e7400f256bccc2b0720c1585671b97ceb1d0980c9c0ff711e39c5648456f9,1128,1211,
黄祥奇,https://www.zssy.com.cn/node/20651,实采,,https://www.zssy.com.cn/sites/zssy.prod.sysucloud1.sysu.edu.cn/files/777_0.jpg,01_试点医院/中山大学附属第三医院/照片/黄祥奇-病理科-未标注-中山大学附属第三医院.jpg,167719,379cc1e3b49821f73ceae46877f45d51e0181d88f057dfcf23e14ee624c72463,505,753,
万苗坚,https://www.zssy.com.cn/node/11309,实采,,https://www.zssy.com.cn/sites/zssy.prod.sysucloud1.sysu.edu.cn/files/%E4%B8%87%E8%8B%97%E5%9D%9A.jpg,01_试点医院/中山大学附属第三医院/照片/万苗坚-皮肤性病科-主任医师-中山大学附属第三医院.jpg,255674,db8068a6d57d2f038866914be929778c80af16b58d409e3edea8bb811404dcaa,958,1024,
冯佩英,https://www.zssy.com.cn/node/11298,实采,,https://www.zssy.com.cn/sites/zssy.prod.sysucloud1.sysu.edu.cn/files/%E5%BE%AE%E4%BF%A1%E5%9B%BE%E7%89%87_20240508145754.jpg,01_试点医院/中山大学附属第三医院/照片/冯佩英-皮肤性病科-主任医师-中山大学附属第三医院.jpg,225433,245b029fb1759b851970198bb7a84ce27de2245d7f87ea06e3e98c324c6322ca,676,900,
卢荣标,https://www.zssy.com.cn/node/15328,实采,,https://www.zssy.com.cn/sites/zssy.prod.sysucloud1.sysu.edu.cn/files/%E5%BE%AE%E4%BF%A1%E5%9B%BE%E7%89%87_20210901163036.jpg,01_试点医院/中山大学附属第三医院/照片/卢荣标-皮肤性病科-副主任医师-中山大学附属第三医院.jpg,210295,304982803af554bf977ea6546367f468836d4f44468568334729df6c90866b7e,709,992,
朱国兴,https://www.zssy.com.cn/node/11305,实采,,https://www.zssy.com.cn/sites/zssy.prod.sysucloud1.sysu.edu.cn/files/%E6%9C%B1%E5%9B%BD%E5%85%B4.jpg,01_试点医院/中山大学附属第三医院/照片/朱国兴-皮肤性病科-主任医师-中山大学附属第三医院.jpg,396523,6da614fdec0808012c6eb0dbfe8a98d07d5128fbdc56b2ed188d473153deda1d,1280,1810,
苏向阳,https://www.zssy.com.cn/node/11304,实采,,https://www.zssy.com.cn/sites/zssy.prod.sysucloud1.sysu.edu.cn/files/%E8%8B%8F%E5%90%91%E9%98%B3.JPG,01_试点医院/中山大学附属第三医院/照片/苏向阳-皮肤性病科-主任医师-中山大学附属第三医院.jpg,121017,8b6ce5ab35a2e018d2a4f8be4df3352fc1020b6d459b5abf20d5003a2499462b,1080,1081,
许庆芳,https://www.zssy.com.cn/node/11313,实采,,https://www.zssy.com.cn/sites/zssy.prod.sysucloud1.sysu.edu.cn/files/2019032211512368980512.jpg,01_试点医院/中山大学附属第三医院/照片/许庆芳-皮肤性病科-主任医师-中山大学附属第三医院.jpg,718832,a0226bf3153d43b9f62e2ef326845de82e11882adeb4c89e3764fe69cc2ecd02,1182,1583,
谢小元,https://www.zssy.com.cn/node/15329,实采,,https://www.zssy.com.cn/sites/zssy.prod.sysucloud1.sysu.edu.cn/files/%E5%BE%AE%E4%BF%A1%E5%9B%BE%E7%89%87_20210901114819.jpg,01_试点医院/中山大学附属第三医院/照片/谢小元-皮肤性病科-副主任医师-中山大学附属第三医院.jpg,27382,d8d64553c8db9fcd4d1c5128d5754d52d43dce6f08f976ca5351ee7f67bd0798,600,800,
谢淑霞,https://www.zssy.com.cn/node/11310,实采,,https://www.zssy.com.cn/sites/zssy.prod.sysucloud1.sysu.edu.cn/files/%E8%B0%A2%E6%B7%91%E9%9C%9E.jpg,01_试点医院/中山大学附属第三医院/照片/谢淑霞-皮肤性病科-副主任医师-中山大学附属第三医院.jpg,1533718,1f43d32f1effee113e1fa854cb07708e52efbd03b09ce6f3777bfa9d1c296d09,2000,3000,
赖维,https://www.zssy.com.cn/node/11307,实采,,https://www.zssy.com.cn/sites/zssy.prod.sysucloud1.sysu.edu.cn/files/%E8%B5%96%E7%BB%B4-%E5%8E%8B%E7%BC%A9%E5%9B%BE%E7%89%871.jpg,01_试点医院/中山大学附属第三医院/照片/赖维-皮肤性病科-主任医师-中山大学附属第三医院.jpg,1989272,98cedbfda1e4e09d29297c01fed80f370df2aa6dc2579244795e3dccbb15c12f,4768,4728,
陆春,https://www.zssy.com.cn/node/11308,实采,,https://www.zssy.com.cn/sites/zssy.prod.sysucloud1.sysu.edu.cn/files/830351.jpg,01_试点医院/中山大学附属第三医院/照片/陆春-皮肤性病科-主任医师-中山大学附属第三医院.jpg,12008,4b4c14d3c6cb3ad32e3b2aae809195b72936582c40197742feefba5fdf68c036,132,176,
陈剑,https://www.zssy.com.cn/node/11314,实采,,https://www.zssy.com.cn/sites/zssy.prod.sysucloud1.sysu.edu.cn/files/2014021109560972301627.jpg,01_试点医院/中山大学附属第三医院/照片/陈剑-皮肤性病科-主任医师-中山大学附属第三医院.jpg,195347,4363a65c8205588e742828fb6f0a0b43e95c8952bd734ae88ecb4f1bc7c14234,2071,2761,
黄怀球,https://www.zssy.com.cn/node/11302,实采,,https://www.zssy.com.cn/sites/zssy.prod.sysucloud1.sysu.edu.cn/files/2014021109551461205594.jpg,01_试点医院/中山大学附属第三医院/照片/黄怀球-皮肤性病科-主任医师-中山大学附属第三医院.jpg,259784,f171d530e81ba0a179fc449ba05ef8df909fc04c882f86142809a8eef5595fc8,2507,3343,
龚子鉴,https://www.zssy.com.cn/node/11301,实采,,https://www.zssy.com.cn/sites/zssy.prod.sysucloud1.sysu.edu.cn/files/2018082422461292889502.jpg,01_试点医院/中山大学附属第三医院/照片/龚子鉴-皮肤性病科-副主任医师-中山大学附属第三医院.jpg,559864,915ef8f70c0adc979580f2b316034bb6affab08c82f51e769cc4be1d6c26c94f,767,1024,
眼科,https://www.zssy.com.cn/node/14069,失败,无照片容器,,,,,,,无照片容器
邓娟,https://www.zssy.com.cn/node/11052,实采,,https://www.zssy.com.cn/sites/zssy.prod.sysucloud1.sysu.edu.cn/files/2015010314292061326906.jpg,01_试点医院/中山大学附属第三医院/照片/邓娟-眼科-副主任医师-中山大学附属第三医院.jpg,82797,6b4641340816a9c6a56ee16d36e4c28ad51a83a41c6aade91b1d55db5cec03c3,296,394,
赵倩,https://www.zssy.com.cn/node/30207,实采,,https://www.zssy.com.cn/sites/zssy.prod.sysucloud1.sysu.edu.cn/files/%E8%B5%B5%E5%80%A9.jpg,01_试点医院/中山大学附属第三医院/照片/赵倩-神经免疫与健康长寿研究中心-副研究员-中山大学附属第三医院.jpg,220116,27fe6a5fd00b76957bfd06e94bc063620922fa894931f8f86a1279305d4e68e7,803,803,
靳津,https://www.zssy.com.cn/node/30206,实采,,https://www.zssy.com.cn/sites/zssy.prod.sysucloud1.sysu.edu.cn/files/1_21.jpg,01_试点医院/中山大学附属第三医院/照片/靳津-神经免疫与健康长寿研究中心-教授-中山大学附属第三医院.jpg,311363,b05357259b233ec56cc192d833fab2cdf8560359f1980538549eef2664a8a230,853,1280,
伍爱民,https://www.zssy.com.cn/node/11150,实采,,https://www.zssy.com.cn/sites/zssy.prod.sysucloud1.sysu.edu.cn/files/2015111309193413233729.jpg,01_试点医院/中山大学附属第三医院/照片/伍爱民-神经内科-副主任医师-中山大学附属第三医院.jpg,109251,2a99597f5c2a20319b7808d6a50a6ac49130c6812feb8f74857e06ff6acc261e,1475,2153,
刘佳,https://www.zssy.com.cn/node/28403,实采,,https://www.zssy.com.cn/sites/zssy.prod.sysucloud1.sysu.edu.cn/files/%E5%88%98%E4%BD%B3.jpg,01_试点医院/中山大学附属第三医院/照片/刘佳-神经内科-副主任医师-中山大学附属第三医院.jpg,30827,79ff85a6fb5c0d7165a8b185a8d33e0ec4e066311daa03311c3f3ba59f7d2a49,354,509,
刘莹莹,https://www.zssy.com.cn/node/28404,实采,,https://www.zssy.com.cn/sites/zssy.prod.sysucloud1.sysu.edu.cn/files/%E5%88%98%E8%8E%B9%E8%8E%B9.jpg,01_试点医院/中山大学附属第三医院/照片/刘莹莹-神经内科-副主任医师-中山大学附属第三医院.jpg,20723,3eaeab766799842556423a3a5768a713adbf25395cea2c8feee13d205c7d0bf3,331,423,
卢婷婷,https://www.zssy.com.cn/node/11136,实采,,https://www.zssy.com.cn/sites/zssy.prod.sysucloud1.sysu.edu.cn/files/%E5%8D%A2%E5%A9%B7%E5%A9%B7.jpg,01_试点医院/中山大学附属第三医院/照片/卢婷婷-神经内科-副主任医师-中山大学附属第三医院.jpg,21704,1a286c3b8c96e2bf07fbd601a5473c5cebac65584aacc940c2252ec150e9bf51,353,502,
吴昊天,https://www.zssy.com.cn/node/29804,实采,,https://www.zssy.com.cn/sites/zssy.prod.sysucloud1.sysu.edu.cn/files/%E5%90%B4%E6%98%8A%E5%A4%A9.jpg,01_试点医院/中山大学附属第三医院/照片/吴昊天-神经内科-副主任医师-中山大学附属第三医院.jpg,48363,961d5fc88a94be6e7a1f4cb85d0eb86a35893f26262c971821e4e38abcfa0851,692,692,
常艳宇,https://www.zssy.com.cn/node/22122,实采,,https://www.zssy.com.cn/sites/zssy.prod.sysucloud1.sysu.edu.cn/files/%E5%9B%BE%E7%89%872_0.jpg,01_试点医院/中山大学附属第三医院/照片/常艳宇-神经内科-副主任医师-中山大学附属第三医院.jpg,22656,9a968bec827ae32971682d519d8c2a903e74693afc360b57dae2209c92e652d9,352,454,
廖金池,https://www.zssy.com.cn/node/29803,实采,,https://www.zssy.com.cn/sites/zssy.prod.sysucloud1.sysu.edu.cn/files/%E5%BB%96%E9%87%91%E6%B1%A0.png,01_试点医院/中山大学附属第三医院/照片/廖金池-神经内科-副主任医师-中山大学附属第三医院.png,819037,19979d4999082d7001200209e4668a77490cbd3386629762270c8cc8692e2b83,614,711,
张炳俊,https://www.zssy.com.cn/node/15099,实采,,https://www.zssy.com.cn/sites/zssy.prod.sysucloud1.sysu.edu.cn/files/%E5%BC%A0%E7%82%B3%E4%BF%8A.jpg,01_试点医院/中山大学附属第三医院/照片/张炳俊-神经内科-主任医师-中山大学附属第三医院.jpg,46654,08b9ee81767ed70bc4d4f681bd75be2482f21ba42f3850c4a8112bf9de9bb11a,415,603,
彭福华,https://www.zssy.com.cn/node/11147,实采,,https://www.zssy.com.cn/sites/zssy.prod.sysucloud1.sysu.edu.cn/files/2014122615583042900689.jpg,01_试点医院/中山大学附属第三医院/照片/彭福华-神经内科-主任医师-中山大学附属第三医院.jpg,132158,015903f86e0f1cfdd1fd393f5bfb339fc27b4e2a1fefc01cef6af8c02909e13a,425,591,
徐晓峰,https://www.zssy.com.cn/node/29802,实采,,https://www.zssy.com.cn/sites/zssy.prod.sysucloud1.sysu.edu.cn/files/%E5%BE%90%E6%99%93%E5%B3%B0.png,01_试点医院/中山大学附属第三医院/照片/徐晓峰-神经内科-副主任医师-中山大学附属第三医院.png,148473,763f87253f3f8653a7f1e215b6ff4472d6f9e7826648b94bc5c111f10114e22e,260,324,
戴永强,https://www.zssy.com.cn/node/11134,实采,,https://www.zssy.com.cn/sites/zssy.prod.sysucloud1.sysu.edu.cn/files/2016021717082692805593.jpg,01_试点医院/中山大学附属第三医院/照片/戴永强-神经内科-副主任医师-中山大学附属第三医院.jpg,315183,0a105d99c8e3d3bef256e7680b45713f66e7cd7c46381cc5320e81a6cad001bf,2753,3896,
李海燕,https://www.zssy.com.cn/node/15097,实采,,https://www.zssy.com.cn/sites/zssy.prod.sysucloud1.sysu.edu.cn/files/%E6%9D%8E%E6%B5%B7%E7%87%95_3.png,01_试点医院/中山大学附属第三医院/照片/李海燕-神经内科-副主任医师-中山大学附属第三医院.png,619425,f09d1a88ed677818f58741fa8fc2ff000989ccc820646f4cc3eb5e61aaedc0f3,602,746,
李蕊,https://www.zssy.com.cn/node/22121,实采,,https://www.zssy.com.cn/sites/zssy.prod.sysucloud1.sysu.edu.cn/files/%E5%9B%BE%E7%89%871_5.jpg,01_试点医院/中山大学附属第三医院/照片/李蕊-神经内科-副主任医师-中山大学附属第三医院.jpg,25608,a975e4c4e8c38b4498fb4ead9706f80d87a26cb24b8592568b257dd4faed6149,335,475,
林银瑶,https://www.zssy.com.cn/node/28408,实采,,https://www.zssy.com.cn/sites/zssy.prod.sysucloud1.sysu.edu.cn/files/%E6%9E%97%E9%93%B6%E7%91%B6.jpg,01_试点医院/中山大学附属第三医院/照片/林银瑶-神经内科-副主任医师-中山大学附属第三医院.jpg,20210,33e1cafb0830422ae8d90eee80d5ab6df2455e6362b52b050769b04e096587c9,338,508,
江滢,https://www.zssy.com.cn/node/11144,实采,,https://www.zssy.com.cn/sites/zssy.prod.sysucloud1.sysu.edu.cn/files/2015111309534181634957.jpg,01_试点医院/中山大学附属第三医院/照片/江滢-神经内科-主任医师-中山大学附属第三医院.jpg,266142,e19ebe60632b2079158054529f17d3feb5d5d38e58047dd93862cd34820b2a6b,2563,3092,
沈施施,https://www.zssy.com.cn/node/29883,实采,,https://www.zssy.com.cn/sites/zssy.prod.sysucloud1.sysu.edu.cn/files/e409dd9785d58316728286417323ce63.jpg,01_试点医院/中山大学附属第三医院/照片/沈施施-神经内科-副研究员-中山大学附属第三医院.jpg,88468,336ae74f844cb5d5c37071edee0a66bdccb349a1c3c5e7649a3434fbf7f2bc92,1280,1698,
王玉鸽,https://www.zssy.com.cn/node/11142,实采,,https://www.zssy.com.cn/sites/zssy.prod.sysucloud1.sysu.edu.cn/files/2019030110003228004112.jpg,01_试点医院/中山大学附属第三医院/照片/王玉鸽-神经内科-主任医师-中山大学附属第三医院.jpg,342353,9e9892245be2bf8b75d123b177607ab18a5a0ed0a889eaa5398c9827d6d2d970,3080,4356,
神经内科,https://www.zssy.com.cn/node/14077,失败,无照片容器,,,,,,,无照片容器
秦冰,https://www.zssy.com.cn/node/11127,实采,,https://www.zssy.com.cn/sites/zssy.prod.sysucloud1.sysu.edu.cn/files/2018072414522723529339.jpg,01_试点医院/中山大学附属第三医院/照片/秦冰-神经内科-副主任医师-中山大学附属第三医院.jpg,137652,ced1e424fc0edf11d3749a47d3cdbfd97ef674956da8317f60ebbaa7da61bf07,466,681,
肖丽,https://www.zssy.com.cn/node/28406,实采,,https://www.zssy.com.cn/sites/zssy.prod.sysucloud1.sysu.edu.cn/files/%E8%82%96%E4%B8%BD.jpg,01_试点医院/中山大学附属第三医院/照片/肖丽-神经内科-副主任医师-中山大学附属第三医院.jpg,18681,9e0d97347b70b765eb58b62e32e3c80f89840ea3eff6f08b8142d9981c694556,340,508,
胡学强,https://www.zssy.com.cn/node/11158,实采,,https://www.zssy.com.cn/sites/zssy.prod.sysucloud1.sysu.edu.cn/files/830618.jpg,01_试点医院/中山大学附属第三医院/照片/胡学强-神经内科-主任医师-中山大学附属第三医院.jpg,11020,f65be7d115049671c3f1087a853166f4fe38c8cae3a614e46e48a70aab303a2f,132,176,
舒崖清,https://www.zssy.com.cn/node/15098,实采,,https://www.zssy.com.cn/sites/zssy.prod.sysucloud1.sysu.edu.cn/files/%E8%88%92%E5%B4%96%E6%B8%85_0.jpg,01_试点医院/中山大学附属第三医院/照片/舒崖清-神经内科-主任医师-中山大学附属第三医院.jpg,33867,5249f7fb895b005a85fff019b03f33ceaa70ae95a53352608f38ae86d60b3d07,162,219,
董青,https://www.zssy.com.cn/node/28407,实采,,https://www.zssy.com.cn/sites/zssy.prod.sysucloud1.sysu.edu.cn/files/%E8%91%A3%E9%9D%92.jpg,01_试点医院/中山大学附属第三医院/照片/董青-神经内科-副主任医师-中山大学附属第三医院.jpg,26028,fca4630e426944a670fc34da1ecad91d6dfbdb3f2e8ca003c4273ab294e87205,382,508,
蔡蔚,https://www.zssy.com.cn/node/28409,实采,,https://www.zssy.com.cn/sites/zssy.prod.sysucloud1.sysu.edu.cn/files/%E8%94%A1%E8%94%9A_0.jpg,01_试点医院/中山大学附属第三医院/照片/蔡蔚-神经内科-副研究员-中山大学附属第三医院.jpg,27519,5df65d36782ac50a950f0777222b01f6da6405db2449f07528c136e3f45689a5,355,503,
谭莎,https://www.zssy.com.cn/node/29805,实采,,https://www.zssy.com.cn/sites/zssy.prod.sysucloud1.sysu.edu.cn/files/%E8%B0%AD%E8%8E%8E.jpg,01_试点医院/中山大学附属第三医院/照片/谭莎-神经内科-副主任医师-中山大学附属第三医院.jpg,20292,793fc9e09b3f5d53b029b08beb7d5916b0cd8f84e5ff51ab072e0ec41e10e9df,321,449,
邱伟,https://www.zssy.com.cn/node/11148,实采,,https://www.zssy.com.cn/sites/zssy.prod.sysucloud1.sysu.edu.cn/files/2014021917025341606821.jpg,01_试点医院/中山大学附属第三医院/照片/邱伟-神经内科-主任医师-中山大学附属第三医院.jpg,98343,00b0e2d58ca4d82dd26e4ec31b28821bf3a9ad909abb9781c881820356597cb8,354,472,
郑璐,https://www.zssy.com.cn/node/29806,实采,,https://www.zssy.com.cn/sites/zssy.prod.sysucloud1.sysu.edu.cn/files/%E9%83%91%E7%92%90.jpg,01_试点医院/中山大学附属第三医院/照片/郑璐-神经内科-副主任医师-中山大学附属第三医院.jpg,1458083,aa29e622a6a95f2b3c72ca7c6215c875a14a1d28b229804abdf9c2309d9fd856,4603,4603,
门雪娇,https://www.zssy.com.cn/node/28402,实采,,https://www.zssy.com.cn/sites/zssy.prod.sysucloud1.sysu.edu.cn/files/%E9%97%A8%E9%9B%AA%E5%A8%87.jpg,01_试点医院/中山大学附属第三医院/照片/门雪娇-神经内科-副主任医师-中山大学附属第三医院.jpg,32055,fdf9c36659b7b2d7064eee169d096a5b19e9858aeac2ca0b697a7a5a556f0152,380,529,
陆正齐,https://www.zssy.com.cn/node/11143,实采,,https://www.zssy.com.cn/sites/zssy.prod.sysucloud1.sysu.edu.cn/files/831218.jpg,01_试点医院/中山大学附属第三医院/照片/陆正齐-神经内科-主任医师-中山大学附属第三医院.jpg,11387,8d9e5f93006417cb1d42901a0c4b80955bf95aca5a647ed67cf414b3c4ef992b,132,176,
陈晓红,https://www.zssy.com.cn/node/11139,实采,,https://www.zssy.com.cn/sites/zssy.prod.sysucloud1.sysu.edu.cn/files/830617.jpg,01_试点医院/中山大学附属第三医院/照片/陈晓红-神经内科-主任医师-中山大学附属第三医院.jpg,12549,82fc8351a4825e435d5d93c28d7c0c56689b877f7e10a268a2a805796316554a,132,176,
鲍健,https://www.zssy.com.cn/node/11141,实采,,https://www.zssy.com.cn/sites/zssy.prod.sysucloud1.sysu.edu.cn/files/2014022008493856002260.jpg,01_试点医院/中山大学附属第三医院/照片/鲍健-神经内科-副主任医师-中山大学附属第三医院.jpg,113168,d7bc1b9352917159fe468f3c97d74f68eea25eece0bfcd08a340ce911744ca6b,354,472,
何海勇,https://www.zssy.com.cn/node/14223,实采,,https://www.zssy.com.cn/sites/zssy.prod.sysucloud1.sysu.edu.cn/files/2020063009465162447240.jpg,01_试点医院/中山大学附属第三医院/照片/何海勇-神经外科-主任医师-中山大学附属第三医院.jpg,166041,a573459dc88fed18b7cdc3088377845e2b4334ded28e116e76f0fb0cb109be8f,1570,2199,
凌聪,https://www.zssy.com.cn/node/25329,实采,,https://www.zssy.com.cn/sites/zssy.prod.sysucloud1.sysu.edu.cn/files/%E5%87%8C%E8%81%AA_20240429114617.jpg,01_试点医院/中山大学附属第三医院/照片/凌聪-神经外科-副主任医师-中山大学附属第三医院.jpg,82324,321a1614cf6d58ac3922c7836a5cd56f4ef5c0bfe61096bc2b9e8ecb3cc7e954,600,873,
叶卓鹏,https://www.zssy.com.cn/node/25328,实采,,https://www.zssy.com.cn/sites/zssy.prod.sysucloud1.sysu.edu.cn/files/%E5%8F%B6%E5%8D%93%E9%B9%8F20240429113749.jpg,01_试点医院/中山大学附属第三医院/照片/叶卓鹏-神经外科-副主任医师-中山大学附属第三医院.jpg,131921,bef532fcf80f817dde6d14d468ed9f1b8b88115a5481280a4b6f1bc0bc02c7a0,600,870,
张保豫,https://www.zssy.com.cn/node/28042,实采,,https://www.zssy.com.cn/sites/zssy.prod.sysucloud1.sysu.edu.cn/files/%E5%BE%AE%E4%BF%A1%E5%9B%BE%E7%89%87_20250513175418_0.jpg,01_试点医院/中山大学附属第三医院/照片/张保豫-神经外科-副主任医师-中山大学附属第三医院.jpg,117217,bcd86dd5c655a4a61c085c44ef026033148ebcbf7510225a0009a33c7e9c83b3,600,908,
李文胜,https://www.zssy.com.cn/node/14253,实采,,https://www.zssy.com.cn/sites/zssy.prod.sysucloud1.sysu.edu.cn/files/2020070116494291913704.jpg,01_试点医院/中山大学附属第三医院/照片/李文胜-神经外科-副主任医师-中山大学附属第三医院.jpg,250766,27598b3d1b593d4ac35f75b36e723a1d16e0a2f4fafc3f8002abb6bae3a781f1,600,870,
梁朝峰,https://www.zssy.com.cn/node/14247,实采,,https://www.zssy.com.cn/sites/zssy.prod.sysucloud1.sysu.edu.cn/files/2020070116504519447281.jpg,01_试点医院/中山大学附属第三医院/照片/梁朝峰-神经外科-副主任医师-中山大学附属第三医院.jpg,173130,0850d71eb3053132ef668aa9689e20375a009ea4acd89b1c28225e1f63fe9761,600,873,
王辉,https://www.zssy.com.cn/node/14256,实采,,https://www.zssy.com.cn/sites/zssy.prod.sysucloud1.sysu.edu.cn/files/2020070116465174009517.jpg,01_试点医院/中山大学附属第三医院/照片/王辉-神经外科-主任医师-中山大学附属第三医院.jpg,249883,61941c0ce0a8afc2d0b9c2a9d458f8bb2f24e012dad81f545ae3e6594f2745c5,1967,2754,
神经外科,https://www.zssy.com.cn/node/14052,失败,无照片容器,,,,,,,无照片容器
罗伦,https://www.zssy.com.cn/node/20742,实采,,https://www.zssy.com.cn/sites/zssy.prod.sysucloud1.sysu.edu.cn/files/27d83415349ced2dc0616bd9dd4c75b.png,01_试点医院/中山大学附属第三医院/照片/罗伦-神经外科-副主任医师-中山大学附属第三医院.png,123650,9415e7d6c26069300d486fdb003643db9f7cdcd355f36bf77320fd091601e493,230,322,
蔡梅钦,https://www.zssy.com.cn/node/14252,实采,,https://www.zssy.com.cn/sites/zssy.prod.sysucloud1.sysu.edu.cn/files/2020070116482707185159.jpg,01_试点医院/中山大学附属第三医院/照片/蔡梅钦-神经外科-主任医师-中山大学附属第三医院.jpg,235704,b991d0a820da0ff792fec0edd89f38f52bbd91cd323b5c6fb2e798f2105f96fb,600,870,
郭英,https://www.zssy.com.cn/node/14254,实采,,https://www.zssy.com.cn/sites/zssy.prod.sysucloud1.sysu.edu.cn/files/2020070116431224764262.jpg,01_试点医院/中山大学附属第三医院/照片/郭英-神经外科-主任医师-中山大学附属第三医院.jpg,220654,197ab4a352b5dfe15e37a52787861718ff04b2160ecd9abbf63d32054dd9c6ac,600,840,
龚瑾,https://www.zssy.com.cn/node/25330,实采,,https://www.zssy.com.cn/sites/zssy.prod.sysucloud1.sysu.edu.cn/files/%E9%BE%9A%E7%89%87_20240429123949.png,01_试点医院/中山大学附属第三医院/照片/龚瑾-神经外科-副主任医师-中山大学附属第三医院.png,316823,9a850a933ffb58e93bcef13eb9458794d3ff0d1956a750b197b918fb9f205c93,392,536,
吴小立,https://www.zssy.com.cn/node/15506,实采,,https://www.zssy.com.cn/sites/zssy.prod.sysucloud1.sysu.edu.cn/files/%E5%90%B4%E5%B0%8F%E7%AB%8B.png,01_试点医院/中山大学附属第三医院/照片/吴小立-精神（心理）科-主任医师-中山大学附属第三医院.png,94353,80cd1da373173ea3ecb907840ec32cdafd7f145989dd64718ff2256c66c4c301,352,498,
张明,https://www.zssy.com.cn/node/28378,实采,,https://www.zssy.com.cn/sites/zssy.prod.sysucloud1.sysu.edu.cn/files/%E5%BC%A0%E6%98%8E.png,01_试点医院/中山大学附属第三医院/照片/张明-精神（心理）科-副主任医师-中山大学附属第三医院.png,1325543,2c1385327c68656b4812f9e3e362a7b6f8979ab88525fa24c4148252e429b7f1,1280,1740,
王继辉,https://www.zssy.com.cn/node/28380,实采,,https://www.zssy.com.cn/sites/zssy.prod.sysucloud1.sysu.edu.cn/files/%E7%8E%8B%E7%BB%A7%E8%BE%89.png,01_试点医院/中山大学附属第三医院/照片/王继辉-精神（心理）科-主任医师-中山大学附属第三医院.png,168205,1e9438a80f236e2fbadedd590b10e1236d97857700c87558673e068b44672837,350,498,
钟智勇,https://www.zssy.com.cn/node/15504,实采,,https://www.zssy.com.cn/sites/zssy.prod.sysucloud1.sysu.edu.cn/files/%E9%92%9F.jpg,01_试点医院/中山大学附属第三医院/照片/钟智勇-精神（心理）科-副主任医师-中山大学附属第三医院.jpg,54771,5debb751e1db7ab68ab8538a6408e038334454f70595bc4b449fcb6c3f8f0755,1079,1620,
韩洪瀛,https://www.zssy.com.cn/node/15503,实采,,https://www.zssy.com.cn/sites/zssy.prod.sysucloud1.sysu.edu.cn/files/%E9%9F%A9%E6%B4%AA%E7%80%9B.jpg,01_试点医院/中山大学附属第三医院/照片/韩洪瀛-精神（心理）科-副主任医师-中山大学附属第三医院.jpg,58297,ac7e1ab9f96924b2be368cd826aee87447f4140a10787b27e53f319c07a71f40,968,1465,
韩自力,https://www.zssy.com.cn/node/15508,实采,,https://www.zssy.com.cn/sites/zssy.prod.sysucloud1.sysu.edu.cn/files/8fcfbcd67b03353f406910b84a809149.jpg,01_试点医院/中山大学附属第三医院/照片/韩自力-精神（心理）科-主任医师-中山大学附属第三医院.jpg,111510,d6d630e13238b7cf93ceaa1602670a12fd8c6c4968aaaba11b22dedc7ed48590,1279,1516,
魏钦令,https://www.zssy.com.cn/node/16667,实采,,https://www.zssy.com.cn/sites/zssy.prod.sysucloud1.sysu.edu.cn/files/%E9%AD%8F%E9%92%A6%E4%BB%A4.jpg,01_试点医院/中山大学附属第三医院/照片/魏钦令-精神（心理）科-主任医师-中山大学附属第三医院.jpg,1023146,bce3e84bcca7415452467d6682c9b341df2319a52941867a0a52ddba6edfad98,1080,1416,
刘璐,https://www.zssy.com.cn/node/27366,实采,,https://www.zssy.com.cn/sites/zssy.prod.sysucloud1.sysu.edu.cn/files/%E5%88%98%E7%92%90.jpg,01_试点医院/中山大学附属第三医院/照片/刘璐-纳米医学中心-副研究员-中山大学附属第三医院.jpg,84514,b5378df19deddf7402568021a9aefc4d30840b62d47de81250520815d404af51,413,579,
帅心涛,https://www.zssy.com.cn/node/20635,实采,,https://www.zssy.com.cn/sites/zssy.prod.sysucloud1.sysu.edu.cn/files/%E5%B8%85%E6%95%99%E6%8E%88.jpg,01_试点医院/中山大学附属第三医院/照片/帅心涛-纳米医学中心-教授-中山大学附属第三医院.jpg,17888,45fc6b844016bc700cff38510b5f4856ac41914a4c60875ad429dbd31746ae05,225,290,
肖泽聪,https://www.zssy.com.cn/node/22409,实采,,https://www.zssy.com.cn/sites/zssy.prod.sysucloud1.sysu.edu.cn/files/%E8%82%96%E6%B3%BD%E8%81%AA1.jpg,01_试点医院/中山大学附属第三医院/照片/肖泽聪-纳米医学中心-副研究员-中山大学附属第三医院.jpg,131709,263095181fb6d97cad6653c7b6c9036cfb2ad8776aa5d56ff28781d260a90b83,1282,1794,
陶玉,https://www.zssy.com.cn/node/20661,实采,,https://www.zssy.com.cn/sites/zssy.prod.sysucloud1.sysu.edu.cn/files/6af6a92ce7aa48fbc275804ae72cb7b5.png,01_试点医院/中山大学附属第三医院/照片/陶玉-纳米医学中心-研究员-中山大学附属第三医院.png,174090,2d673f29415576b3fb756798439cd7e3c3f22869020352aba3055a2bfdafcf48,309,310,
雎恩国,https://www.zssy.com.cn/node/20664,实采,,https://www.zssy.com.cn/sites/zssy.prod.sysucloud1.sysu.edu.cn/files/4_1.png,01_试点医院/中山大学附属第三医院/照片/雎恩国-纳米医学中心-副研究员-中山大学附属第三医院.png,101797,c34937f09cd6039b4a61beea17c429f0e1c274272c6f7ad60493a5cf9a93aa4b,306,306,
龙玲,https://www.zssy.com.cn/node/28417,实采,,https://www.zssy.com.cn/sites/zssy.prod.sysucloud1.sysu.edu.cn/files/%E9%BE%99%E7%8E%B2%E4%B8%BB%E4%BB%BB%E7%85%A7%E7%89%87.jpg,01_试点医院/中山大学附属第三医院/照片/龙玲-老年医学科-主任医师-中山大学附属第三医院.jpg,886543,485b8690b4ca67caeba91cda19357eb4f71b37475958a699c744549f3407fd11,1585,2186,
刘贤,https://www.zssy.com.cn/node/14206,实采,,https://www.zssy.com.cn/sites/zssy.prod.sysucloud1.sysu.edu.cn/files/4%E3%80%81%E5%88%98%E8%B4%A4.jpg,01_试点医院/中山大学附属第三医院/照片/刘贤-耳鼻咽喉科-副主任医师-中山大学附属第三医院.jpg,115685,de70d4123c91b39fe161f7fca2d6c1c9efd75d2c3ca7bc93b20ff4cd1f94b1cb,608,812,
叶进,https://www.zssy.com.cn/node/11064,实采,,https://www.zssy.com.cn/sites/zssy.prod.sysucloud1.sysu.edu.cn/files/1%E3%80%81%E5%8F%B6%E8%BF%9B%EF%BC%88%E4%B8%BB%E4%BB%BB%EF%BC%89.jpg,01_试点医院/中山大学附属第三医院/照片/叶进-耳鼻咽喉科-主任医师-中山大学附属第三医院.jpg,1429050,804a5572dd3cf3c148551b8c5ece3e9e16419731de234d6d35438ba6ddae889e,1935,2580,
吴喜福,https://www.zssy.com.cn/node/24053,实采,,https://www.zssy.com.cn/sites/zssy.prod.sysucloud1.sysu.edu.cn/files/9%E3%80%81%E5%90%B4%E5%96%9C%E7%A6%8F.jpg,01_试点医院/中山大学附属第三医院/照片/吴喜福-耳鼻咽喉科-副主任医师-中山大学附属第三医院.jpg,79039,0154a4ed22e5b83fb75043764caf34261ccb3d13b62cdfdb185ff9b0c94977aa,450,627,
吴硕,https://www.zssy.com.cn/node/15213,实采,,https://www.zssy.com.cn/sites/zssy.prod.sysucloud1.sysu.edu.cn/files/7%E3%80%81%E5%90%B4%E7%A1%95.jpg,01_试点医院/中山大学附属第三医院/照片/吴硕-耳鼻咽喉科-主任医师-中山大学附属第三医院.jpg,146715,d214400faf35812bf3ef654029f2aed15922292a08834a670bbba532edb10061,354,472,
张雅娜,https://www.zssy.com.cn/node/15200,实采,,https://www.zssy.com.cn/sites/zssy.prod.sysucloud1.sysu.edu.cn/files/%E5%BE%AE%E4%BF%A1%E5%9B%BE%E7%89%87_20260805152631_10_150.jpg,01_试点医院/中山大学附属第三医院/照片/张雅娜-耳鼻咽喉科-研究员-中山大学附属第三医院.jpg,1976846,65da0179136ef7ee9ffb9c79e64da40b4a37057e2b33e99d93ce23e930eb6e77,3801,4020,
张革化,https://www.zssy.com.cn/node/11042,实采,,https://www.zssy.com.cn/sites/zssy.prod.sysucloud1.sysu.edu.cn/files/2%E3%80%81%E5%BC%A0%E9%9D%A9%E5%8C%96.jpg,01_试点医院/中山大学附属第三医院/照片/张革化-耳鼻咽喉科-主任医师-中山大学附属第三医院.jpg,1530881,e3a0bef001b69f34f60b562c1379a08fb4157d117f54306f4d4fe4fa265c3e21,1465,2220,
曾祥丽,https://www.zssy.com.cn/node/14205,实采,,https://www.zssy.com.cn/sites/zssy.prod.sysucloud1.sysu.edu.cn/files/%E6%9B%BE%E7%A5%A5%E4%B8%BD.jpg,01_试点医院/中山大学附属第三医院/照片/曾祥丽-耳鼻咽喉科-主任医师-中山大学附属第三医院.jpg,143731,a8e523e52803a4da3f01b8ee45759be62b440ea5797876b42a448235f0d7d7d9,1777,1941,
李永奇,https://www.zssy.com.cn/node/14203,实采,,https://www.zssy.com.cn/sites/zssy.prod.sysucloud1.sysu.edu.cn/files/2%E3%80%81%E6%9D%8E%E6%B0%B8%E5%A5%87.jpg,01_试点医院/中山大学附属第三医院/照片/李永奇-耳鼻咽喉科-主任医师-中山大学附属第三医院.jpg,122097,edaac27ea347429c6112fc69114240c2baf6a8f30f0671123d5e38685b17e13d,506,675,
李源,https://www.zssy.com.cn/node/14208,实采,,https://www.zssy.com.cn/sites/zssy.prod.sysucloud1.sysu.edu.cn/files/1%E3%80%81%E6%9D%8E%E6%BA%90_5.jpg,01_试点医院/中山大学附属第三医院/照片/李源-耳鼻咽喉科-主任医师-中山大学附属第三医院.jpg,86306,7798e47b0d40863d9e1c2204e157910e0251918b2f192e319071d329f4b6bce3,431,639,
李鹏,https://www.zssy.com.cn/node/14204,实采,,https://www.zssy.com.cn/sites/zssy.prod.sysucloud1.sysu.edu.cn/files/1%E3%80%81%E6%9D%8E%E9%B9%8F.jpg,01_试点医院/中山大学附属第三医院/照片/李鹏-耳鼻咽喉科-主任医师-中山大学附属第三医院.jpg,986755,e45d654dafeea9164cebfc69db8792c6e7a29df273bf9bae90fba5c7ffd12824,1080,1436,
王志远,https://www.zssy.com.cn/node/24052,实采,,https://www.zssy.com.cn/sites/zssy.prod.sysucloud1.sysu.edu.cn/files/2%E3%80%81%E7%8E%8B%E5%BF%97%E8%BF%9C.png,01_试点医院/中山大学附属第三医院/照片/王志远-耳鼻咽喉科-副主任医师-中山大学附属第三医院.png,496858,f69fbf5163da2bac1356e15232d75b9451d320d16b24806e7a1226d13f78997c,488,658,
王涛,https://www.zssy.com.cn/node/11057,实采,,https://www.zssy.com.cn/sites/zssy.prod.sysucloud1.sysu.edu.cn/files/1%E3%80%81%E7%8E%8B%E6%B6%9B%EF%BC%88%E5%89%AF%E4%B8%BB%E4%BB%BB%EF%BC%89.jpg,01_试点医院/中山大学附属第三医院/照片/王涛-耳鼻咽喉科-副主任医师-中山大学附属第三医院.jpg,89766,3aacd50f51e84dd631c0b19dd614ead5bec89202472044c6b43bf0c0c09f4456,504,672,
郑瑞,https://www.zssy.com.cn/node/29731,实采,,https://www.zssy.com.cn/sites/zssy.prod.sysucloud1.sysu.edu.cn/files/1%E5%BE%AE%E4%BF%A1%E5%9B%BE%E7%89%87_20260323164601_12_121.jpg,01_试点医院/中山大学附属第三医院/照片/郑瑞-耳鼻咽喉科-副主任医师-中山大学附属第三医院.jpg,130622,c4c6fc97700e5867e0695acebfd039ac88a261af1406166c120d3cae9364fd0c,1875,2628,
陈愈彬,https://www.zssy.com.cn/node/24054,实采,,https://www.zssy.com.cn/sites/zssy.prod.sysucloud1.sysu.edu.cn/files/1%E9%99%88%E6%84%88%E5%BD%AC%EF%BC%88%E4%B8%BB%E6%B2%BB%EF%BC%89.jpg,01_试点医院/中山大学附属第三医院/照片/陈愈彬-耳鼻咽喉科-副主任医师-中山大学附属第三医院.jpg,88918,20c37177b23a81d53b06215f2fc72673af97717771b057dcaeb9aa71b3ca0480,480,640,
黄健聪,https://www.zssy.com.cn/node/15212,实采,,https://www.zssy.com.cn/sites/zssy.prod.sysucloud1.sysu.edu.cn/files/6%E3%80%81%E9%BB%84%E5%81%A5%E8%81%AA.jpg,01_试点医院/中山大学附属第三医院/照片/黄健聪-耳鼻咽喉科-副主任医师-中山大学附属第三医院.jpg,116876,4224b609fa5f66c14db34fec43a002a427b83446dbf538bf450bfcfa200347d0,513,748,
黄子真,https://www.zssy.com.cn/node/15394,实采,,https://www.zssy.com.cn/sites/zssy.prod.sysucloud1.sysu.edu.cn/files/8%E3%80%81%E9%BB%84%E5%AD%90%E7%9C%9F.jpg,01_试点医院/中山大学附属第三医院/照片/黄子真-耳鼻咽喉科-副主任医师-中山大学附属第三医院.jpg,76542,0d76971912398720f64ba0bcd78f402befc459f436414930242abc2cec4007ae,463,617,
黄雪琨,https://www.zssy.com.cn/node/14202,实采,,https://www.zssy.com.cn/sites/zssy.prod.sysucloud1.sysu.edu.cn/files/5%E3%80%81%E9%BB%84%E9%9B%AA%E7%90%A8.jpg,01_试点医院/中山大学附属第三医院/照片/黄雪琨-耳鼻咽喉科-主任医师-中山大学附属第三医院.jpg,79297,aee1acae2fcb5481b5a9ceaa7263ad6d934093975820756f158a0bc7ce853176,506,760,
凌云彪,https://www.zssy.com.cn/node/14119,实采,,https://www.zssy.com.cn/sites/zssy.prod.sysucloud1.sysu.edu.cn/files/2019110500254351587040.jpg,01_试点医院/中山大学附属第三医院/照片/凌云彪-肝胆外科-主任医师-中山大学附属第三医院.jpg,415476,17db3feaba745ace28c461b7d96204a3f36205e58444dc5f5783d5087767ee62,1283,1621,
卢逸,https://www.zssy.com.cn/node/30110,实采,,https://www.zssy.com.cn/sites/zssy.prod.sysucloud1.sysu.edu.cn/files/ff42e938f0dd20dff2fade6f52652cd9.jpg,01_试点医院/中山大学附属第三医院/照片/卢逸-肝胆外科-未标注-中山大学附属第三医院.jpg,105245,03ed4ba80240e3c43554052ddad570846aafe56a0a74c1bac10c63d21a3dc73e,1280,1792,
徐见亮,https://www.zssy.com.cn/node/30108,实采,,https://www.zssy.com.cn/sites/zssy.prod.sysucloud1.sysu.edu.cn/files/3468ccd0b86bfa20996e60ebef623333.jpg,01_试点医院/中山大学附属第三医院/照片/徐见亮-肝胆外科-副主任医师-中山大学附属第三医院.jpg,68836,f3195ee8d61b2044eeb3d63bf2b9120fca8e4f54efbfd09c82729d18171e093d,1280,1280,
李彦杰,https://www.zssy.com.cn/node/30109,实采,,https://www.zssy.com.cn/sites/zssy.prod.sysucloud1.sysu.edu.cn/files/dd1da5fba6ab187f76b7e18d22d45ef0.jpg,01_试点医院/中山大学附属第三医院/照片/李彦杰-肝胆外科-副主任医师-中山大学附属第三医院.jpg,191505,1063dd94c13421918b4c1486c38dc4e4d245084615cdb49a8677df6ef1aa4f93,1280,1920,
林楠,https://www.zssy.com.cn/node/14121,实采,,https://www.zssy.com.cn/sites/zssy.prod.sysucloud1.sysu.edu.cn/files/2019110500241256768781.jpg,01_试点医院/中山大学附属第三医院/照片/林楠-肝胆外科-主任医师-中山大学附属第三医院.jpg,127236,2f9663feb864317969f48559c236cffe16ce53a29ba753eaa082533fd1edff35,522,586,
汤照峰,https://www.zssy.com.cn/node/14120,实采,,https://www.zssy.com.cn/sites/zssy.prod.sysucloud1.sysu.edu.cn/files/2019110500245061617805.jpg,01_试点医院/中山大学附属第三医院/照片/汤照峰-肝胆外科-副主任医师-中山大学附属第三医院.jpg,474486,b6817f44b4496c246a4013907cf95192b52b36513343343cc51128dfd1064808,1283,1658,
肝胆外科,https://www.zssy.com.cn/node/6648,失败,无照片容器,,,,,,,无照片容器
许瑞云,https://www.zssy.com.cn/node/14123,实采,,https://www.zssy.com.cn/sites/zssy.prod.sysucloud1.sysu.edu.cn/files/2019110500264746031721.jpg,01_试点医院/中山大学附属第三医院/照片/许瑞云-肝胆外科-教授-中山大学附属第三医院.jpg,107335,8b31f2839587201bbdf70f1f8ece98a31fa9b12c2a208a19726cc49b44d0263c,549,693,
邓美海,https://www.zssy.com.cn/node/14122,实采,,https://www.zssy.com.cn/sites/zssy.prod.sysucloud1.sysu.edu.cn/files/830131.jpg,01_试点医院/中山大学附属第三医院/照片/邓美海-肝胆外科-主任医师-中山大学附属第三医院.jpg,11849,8f4bc29936aba406320d7fe106681c5489bb4bb7c6a648ffe52d66110262904b,132,176,
钟跃思,https://www.zssy.com.cn/node/14116,实采,,https://www.zssy.com.cn/sites/zssy.prod.sysucloud1.sysu.edu.cn/files/2018071709244970251600.jpg,01_试点医院/中山大学附属第三医院/照片/钟跃思-肝胆外科-主任医师-中山大学附属第三医院.jpg,86374,bc1cd3037bf3b012f36291c33f91391ccd6dea6cc1787c7374b21d8438aec544,800,708,
陈署贤,https://www.zssy.com.cn/node/14114,实采,,https://www.zssy.com.cn/sites/zssy.prod.sysucloud1.sysu.edu.cn/files/2018071709465646049051.jpg,01_试点医院/中山大学附属第三医院/照片/陈署贤-肝胆外科-副主任医师-中山大学附属第三医院.jpg,762619,7ad6fe5dccccb8330a81b987388be584246ab890a07a77a0aac1a153f4c55aa8,1383,1665,
傅斌生,https://www.zssy.com.cn/node/11132,实采,,https://www.zssy.com.cn/sites/zssy.prod.sysucloud1.sysu.edu.cn/files/%E5%82%85%E6%96%8C%E7%94%9F1.jpg,01_试点医院/中山大学附属第三医院/照片/傅斌生-肝脏外科暨肝移植中心-主任医师-中山大学附属第三医院.jpg,1222179,d5af3f8975b9a348c2e54aef8ef899e10a8f940e7057d7df038025b5e50d275c,2319,3092,
叶林森,https://www.zssy.com.cn/node/29796,实采,,https://www.zssy.com.cn/sites/zssy.prod.sysucloud1.sysu.edu.cn/files/%E5%8F%B6%E6%9E%97%E6%A3%AE.jpg,01_试点医院/中山大学附属第三医院/照片/叶林森-肝脏外科暨肝移植中心-副主任医师-中山大学附属第三医院.jpg,69345,c28a43163cf0bf038f307bdbecd3fc3c05592b4a1173bcd9469675b26ed354fb,475,488,
姚嘉,https://www.zssy.com.cn/node/15149,实采,,https://www.zssy.com.cn/sites/zssy.prod.sysucloud1.sysu.edu.cn/files/%E5%BE%AE%E4%BF%A1%E5%9B%BE%E7%89%87_20210824144719.jpg,01_试点医院/中山大学附属第三医院/照片/姚嘉-肝脏外科暨肝移植中心-主任医师-中山大学附属第三医院.jpg,186407,1945be360aaddb9058ad3fa940e22719f66b3ade82c0c8c87fb3c7ea0df6e01f,2040,2844,
张剑,https://www.zssy.com.cn/node/11124,实采,,https://www.zssy.com.cn/sites/zssy.prod.sysucloud1.sysu.edu.cn/files/2014041515404290304928.jpg,01_试点医院/中山大学附属第三医院/照片/张剑-肝脏外科暨肝移植中心-主任医师-中山大学附属第三医院.jpg,347369,3480b7629e490aa492985dc45775cd5f43c803418b5059d62c31cda969c4fd5d,2376,3082,
张杰滨,https://www.zssy.com.cn/node/29830,实采,,https://www.zssy.com.cn/sites/zssy.prod.sysucloud1.sysu.edu.cn/files/%E5%BC%A0%E6%9D%B0%E6%BB%A8.jpg,01_试点医院/中山大学附属第三医院/照片/张杰滨-肝脏外科暨肝移植中心-副主任医师-中山大学附属第三医院.jpg,108270,bd5dc7c5e0ce1dd2a9035034f4dc0d85860c78f4563af1b926e5a2c864a54fa9,1242,1656,
张英才,https://www.zssy.com.cn/node/11115,实采,,https://www.zssy.com.cn/sites/zssy.prod.sysucloud1.sysu.edu.cn/files/%E5%BC%A0%E8%8B%B1%E6%89%8D.jpg,01_试点医院/中山大学附属第三医院/照片/张英才-肝脏外科暨肝移植中心-主任医师-中山大学附属第三医院.jpg,954175,e83fac6d74edf459955257e0a3c270bb752e462b924497966de61fd8cc3ae722,2909,3765,
易述红,https://www.zssy.com.cn/node/11130,实采,,https://www.zssy.com.cn/sites/zssy.prod.sysucloud1.sysu.edu.cn/files/2014052217242838504957.jpg,01_试点医院/中山大学附属第三医院/照片/易述红-肝脏外科暨肝移植中心-主任医师-中山大学附属第三医院.jpg,94243,7d47e6f9b7e0aa69d4beb2728b89538faaaefd55ad41636c189d5cca1cb41b1a,474,640,
朱曙光,https://www.zssy.com.cn/node/29797,实采,,https://www.zssy.com.cn/sites/zssy.prod.sysucloud1.sysu.edu.cn/files/%E6%9C%B1%E6%9B%99%E5%85%89.jpg,01_试点医院/中山大学附属第三医院/照片/朱曙光-肝脏外科暨肝移植中心-副主任医师-中山大学附属第三医院.jpg,564848,675a23a32fa04bca8f4fe02e8321cd4cb90441ea086c5df6f399d1b8978261c3,3840,5760,
李华,https://www.zssy.com.cn/node/11126,实采,,https://www.zssy.com.cn/sites/zssy.prod.sysucloud1.sysu.edu.cn/files/831252.jpg,01_试点医院/中山大学附属第三医院/照片/李华-肝脏外科暨肝移植中心-教授-中山大学附属第三医院.jpg,11914,325eacff7db3316ac404503dd2dd63f6ff4aca6565a909ebd87ebe59eeb0dafe,132,172,
李洋,https://www.zssy.com.cn/node/11110,实采,,https://www.zssy.com.cn/sites/zssy.prod.sysucloud1.sysu.edu.cn/files/2019030709350864966516.jpg,01_试点医院/中山大学附属第三医院/照片/李洋-肝脏外科暨肝移植中心-副主任医师-中山大学附属第三医院.jpg,339233,b57085b9a2d5748c7e70c2f6218c61591a92f770466e0e8d18f04dd4b25094af,2225,3237,
杨卿,https://www.zssy.com.cn/node/15177,实采,,https://www.zssy.com.cn/sites/zssy.prod.sysucloud1.sysu.edu.cn/files/7b8096be8b61ad62516a6cd245b90a4.jpg,01_试点医院/中山大学附属第三医院/照片/杨卿-肝脏外科暨肝移植中心-副主任医师-中山大学附属第三医院.jpg,821748,8021a9ec0321f5c594d20e29ded8ab09adc30815a2bdeeebe5e04194237a6628,3478,5217,
杨扬,https://www.zssy.com.cn/node/11131,实采,,https://www.zssy.com.cn/sites/zssy.prod.sysucloud1.sysu.edu.cn/files/831247.jpg,01_试点医院/中山大学附属第三医院/照片/杨扬-肝脏外科暨肝移植中心-教授-中山大学附属第三医院.jpg,12254,e0626b5a53471a1327e7b196a89ef701016662e3c4f694ea0e7d3a6df702d3be,132,176,
许赤,https://www.zssy.com.cn/node/15183,实采,,https://www.zssy.com.cn/sites/zssy.prod.sysucloud1.sysu.edu.cn/files/4%E8%AE%B8%E8%B5%A4-1_%E7%88%B1%E5%A5%87%E8%89%BA.jpg,01_试点医院/中山大学附属第三医院/照片/许赤-肝脏外科暨肝移植中心-副主任医师-中山大学附属第三医院.jpg,36076,d4126a8dd05e4fa5c78eecffe2bbe108339ee50535faf830f22480725921c766,465,576,
赵辉,https://www.zssy.com.cn/node/11113,实采,,https://www.zssy.com.cn/sites/zssy.prod.sysucloud1.sysu.edu.cn/files/2019030709562821076249.jpg,01_试点医院/中山大学附属第三医院/照片/赵辉-肝脏外科暨肝移植中心-副主任医师-中山大学附属第三医院.jpg,622070,231fdbdd4a5158c956d95a89b2f44251b45f4cf118553563b8bae7f3ad1c50e4,3257,4393,
邓宜南,https://www.zssy.com.cn/node/15144,实采,,https://www.zssy.com.cn/sites/zssy.prod.sysucloud1.sysu.edu.cn/files/%E9%82%93%E5%AE%9C%E5%8D%97.jpg,01_试点医院/中山大学附属第三医院/照片/邓宜南-肝脏外科暨肝移植中心-副主任医师-中山大学附属第三医院.jpg,985107,bb6e267dc408b70f12a48ebb76d95008910f95f266f031d9bb792316153589a7,3317,4975,
郑俊,https://www.zssy.com.cn/node/29815,实采,,https://www.zssy.com.cn/sites/zssy.prod.sysucloud1.sysu.edu.cn/files/%E9%83%91%E4%BF%8A.jpg,01_试点医院/中山大学附属第三医院/照片/郑俊-肝脏外科暨肝移植中心-副主任医师-中山大学附属第三医院.jpg,24196,24a4ba7c5d28dedee884195b6250461ccd7094ab8475fbb5dcb505460ad51049,413,531,
陈良,https://www.zssy.com.cn/node/29787,实采,,https://www.zssy.com.cn/sites/zssy.prod.sysucloud1.sysu.edu.cn/files/%E9%99%88%E8%89%AF.jpg,01_试点医院/中山大学附属第三医院/照片/陈良-肝脏外科暨肝移植中心-副主任医师-中山大学附属第三医院.jpg,88573,a58e0cf47f735c32b3429dd90a6f2cba181a105511a2074145c8343e4ed96bee,478,716,
陈规划,https://www.zssy.com.cn/node/11122,实采,,https://www.zssy.com.cn/sites/zssy.prod.sysucloud1.sysu.edu.cn/files/831248.jpg,01_试点医院/中山大学附属第三医院/照片/陈规划-肝脏外科暨肝移植中心-教授-中山大学附属第三医院.jpg,12061,bc29867cb5cd3c9ea0532c54471706c48025aff9fb7070d7ee9792022788f43c,132,176,
刘迅,https://www.zssy.com.cn/node/14186,实采,,https://www.zssy.com.cn/sites/zssy.prod.sysucloud1.sysu.edu.cn/files/%E5%9B%BE%E7%89%879.jpg,01_试点医院/中山大学附属第三医院/照片/刘迅-肾脏内科-主任医师-中山大学附属第三医院.jpg,28813,5c9ddffaf9ce02def3b684edee5fb27ee3495a61e7856c001a12fa2e6ee4291c,393,590,
叶增纯,https://www.zssy.com.cn/node/14106,实采,,https://www.zssy.com.cn/sites/zssy.prod.sysucloud1.sysu.edu.cn/files/%E5%9B%BE%E7%89%875.jpg,01_试点医院/中山大学附属第三医院/照片/叶增纯-肾脏内科-副主任医师-中山大学附属第三医院.jpg,23071,72443545d631cea1e100cbb93737e93c66bdd5c5723d3b7d1df60674bfe87cf2,393,591,
唐骅,https://www.zssy.com.cn/node/14181,实采,,https://www.zssy.com.cn/sites/zssy.prod.sysucloud1.sysu.edu.cn/files/%E5%9B%BE%E7%89%872_1.jpg,01_试点医院/中山大学附属第三医院/照片/唐骅-肾脏内科-副主任医师-中山大学附属第三医院.jpg,41687,818c3f91b4b67da61850ccaa80f85dfa466914fa8e7102e87dac178280cd4978,553,685,
张俊,https://www.zssy.com.cn/node/14183,实采,,https://www.zssy.com.cn/sites/zssy.prod.sysucloud1.sysu.edu.cn/files/%E5%9B%BE%E7%89%874.jpg,01_试点医院/中山大学附属第三医院/照片/张俊-肾脏内科-主任医师-中山大学附属第三医院.jpg,26436,7a9d5b0b25846f9fb9422b041941b52d181c8945d1a4f2d5407e2eadc52e09a3,393,590,
彭晖,https://www.zssy.com.cn/node/14189,实采,,https://www.zssy.com.cn/sites/zssy.prod.sysucloud1.sysu.edu.cn/files/%E5%BD%AD%E6%99%96.jpg,01_试点医院/中山大学附属第三医院/照片/彭晖-肾脏内科-主任医师-中山大学附属第三医院.jpg,363478,a322eac64f49e81ff410cec022790870668bf4627ec31b4a4f6999cc95f350ea,2394,2568,
成彩联,https://www.zssy.com.cn/node/14185,实采,,https://www.zssy.com.cn/sites/zssy.prod.sysucloud1.sysu.edu.cn/files/%E5%9B%BE%E7%89%871_12.png,01_试点医院/中山大学附属第三医院/照片/成彩联-肾脏内科-副主任医师-中山大学附属第三医院.png,285632,3f30d10c99742d7b4423042d346c56d59dbb83242fe33f317afe3cb402a36b3e,437,529,
李明,https://www.zssy.com.cn/node/26477,实采,,https://www.zssy.com.cn/sites/zssy.prod.sysucloud1.sysu.edu.cn/files/%E5%9B%BE%E7%89%871_6.jpg,01_试点医院/中山大学附属第三医院/照片/李明-肾脏内科-副主任医师-中山大学附属第三医院.jpg,10574,cac0b4c21b9165e8f5f7c21bcc0a4fc54a43d0dbf6b73e67ee7d4354e2311c55,245,244,
李灿明,https://www.zssy.com.cn/node/15088,实采,,https://www.zssy.com.cn/sites/zssy.prod.sysucloud1.sysu.edu.cn/files/%E5%9B%BE%E7%89%8710.jpg,01_试点医院/中山大学附属第三医院/照片/李灿明-肾脏内科-副主任医师-中山大学附属第三医院.jpg,28517,2c8fe5ed9deee895f1923fa6319c56924ea6f928ac40ad956491e65266bd1ed7,393,590,
肾脏内科,https://www.zssy.com.cn/node/6007,失败,无照片容器,,,,,,,无照片容器
赖渭妍,https://www.zssy.com.cn/node/27425,实采,,https://www.zssy.com.cn/sites/zssy.prod.sysucloud1.sysu.edu.cn/files/%E5%9B%BE%E7%89%873_0.jpg,01_试点医院/中山大学附属第三医院/照片/赖渭妍-肾脏内科-副主任医师-中山大学附属第三医院.jpg,22403,d08616a882ba9e29ac633061bbf891189a1de6ddf3e36d6aab63f1538aa7726c,393,590,
赵文波,https://www.zssy.com.cn/node/15087,实采,,https://www.zssy.com.cn/sites/zssy.prod.sysucloud1.sysu.edu.cn/files/%E5%9B%BE%E7%89%878.jpg,01_试点医院/中山大学附属第三医院/照片/赵文波-肾脏内科-副主任医师-中山大学附属第三医院.jpg,23161,a6c2a1180809b6e84b05e073305203e02710a59e9ed045e2b02c822396801222,394,590,
吴祥元,https://www.zssy.com.cn/node/11049,实采,,https://www.zssy.com.cn/sites/zssy.prod.sysucloud1.sysu.edu.cn/files/830087.jpg,01_试点医院/中山大学附属第三医院/照片/吴祥元-肿瘤内科-主任医师-中山大学附属第三医院.jpg,11537,d43170de10e11ea4e8ec4380f60b254171c722c6e8f9a51e66aac8b9f844f963,132,176,
李星,https://www.zssy.com.cn/node/15448,实采,,https://www.zssy.com.cn/sites/zssy.prod.sysucloud1.sysu.edu.cn/files/%E6%9D%8E%E6%98%9F.jpg,01_试点医院/中山大学附属第三医院/照片/李星-肿瘤内科-主任医师-中山大学附属第三医院.jpg,12932,3ed9bb4b6b64c33b71f2f667205c2c92a9c3d4562d7565d156dd7009ad150de7,211,313,
林曲,https://www.zssy.com.cn/node/14176,实采,,https://www.zssy.com.cn/sites/zssy.prod.sysucloud1.sysu.edu.cn/files/2019021822024826664172.jpg,01_试点医院/中山大学附属第三医院/照片/林曲-肿瘤内科-主任医师-中山大学附属第三医院.jpg,102035,ffa64b45b2df64f3b8dd78f76115c1a6267992feb191dbfac80e97899f06dce0,457,609,
林泽晓,https://www.zssy.com.cn/node/29892,实采,,https://www.zssy.com.cn/sites/zssy.prod.sysucloud1.sysu.edu.cn/files/%E5%9B%BE%E7%89%871_10.jpg,01_试点医院/中山大学附属第三医院/照片/林泽晓-肿瘤内科-副主任医师-中山大学附属第三医院.jpg,29482,8b6982702c55351364e1bf69d519ee1a98b6661f8a81c85410af35a36bc1cd44,487,731,
汪田甜,https://www.zssy.com.cn/node/20337,实采,,https://www.zssy.com.cn/sites/zssy.prod.sysucloud1.sysu.edu.cn/files/%E6%B1%AA%E7%94%B0%E7%94%9C-%E5%9B%BE%E7%89%87.jpg,01_试点医院/中山大学附属第三医院/照片/汪田甜-肿瘤内科-副主任医师-中山大学附属第三医院.jpg,130992,b3a84638e1618b9961da536c56b1f42c7c5f26b3347a9c751e121efc15805251,938,1361,
温景芸,https://www.zssy.com.cn/node/14173,实采,,https://www.zssy.com.cn/sites/zssy.prod.sysucloud1.sysu.edu.cn/files/%E6%B8%A9%E6%99%AF%E8%8A%B8_20210904165633.png,01_试点医院/中山大学附属第三医院/照片/温景芸-肿瘤内科-副主任医师-中山大学附属第三医院.png,113084,d3bb90c7e6230ed4fb3c79082abb574e2c6c1ed70d704725187444ae68c97eea,253,277,
肿瘤内科,https://www.zssy.com.cn/node/29880,失败,无照片容器,,,,,,,无照片容器
董敏,https://www.zssy.com.cn/node/14177,实采,,https://www.zssy.com.cn/sites/zssy.prod.sysucloud1.sysu.edu.cn/files/%E8%91%A3%E6%95%8F.png,01_试点医院/中山大学附属第三医院/照片/董敏-肿瘤内科-主任医师-中山大学附属第三医院.png,167923,56ea273d57b6a64e611ca29cc4b5ea12dec9937445fa1b8c1715e818d16f0918,223,323,
陈展洪,https://www.zssy.com.cn/node/14105,实采,,https://www.zssy.com.cn/sites/zssy.prod.sysucloud1.sysu.edu.cn/files/2019021821432756225062.jpg,01_试点医院/中山大学附属第三医院/照片/陈展洪-肿瘤内科-主任医师-中山大学附属第三医院.jpg,354528,9a821b38352eeddd347a228f9d678acd0d997aa5c7b0e266d6b3eb8f099279d3,2832,3682,
陈洁,https://www.zssy.com.cn/node/20336,实采,,https://www.zssy.com.cn/sites/zssy.prod.sysucloud1.sysu.edu.cn/files/%E9%99%88%E6%B4%81-%E5%9B%BE%E7%89%87_1.jpg,01_试点医院/中山大学附属第三医院/照片/陈洁-肿瘤内科-副主任医师-中山大学附属第三医院.jpg,78784,410ff280a8b1ae29a71092b0d7d36e785990e8ffa4ea0ed8123929d00726afca,795,1192,
魏丽,https://www.zssy.com.cn/node/29893,实采,,https://www.zssy.com.cn/sites/zssy.prod.sysucloud1.sysu.edu.cn/files/%E5%BE%AE%E4%BF%A1%E5%9B%BE%E7%89%87_20260417101311_4_35.jpg,01_试点医院/中山大学附属第三医院/照片/魏丽-肿瘤内科-副主任医师-中山大学附属第三医院.jpg,18107,ac0bd9f318c0db837580e1c1ffc90b7e8cc43ac874ce793da7e024f08c88221b,540,640,
严华梅,https://www.zssy.com.cn/node/15456,实采,,https://www.zssy.com.cn/sites/zssy.prod.sysucloud1.sysu.edu.cn/files/11_6.jpg,01_试点医院/中山大学附属第三医院/照片/严华梅-肿瘤放射治疗科-副主任医师-中山大学附属第三医院.jpg,47940,ed9b209d59608c416ff1a61f5949e52c7b1878c1929c3e7e8a86a223386d9210,693,693,
徐向英,https://www.zssy.com.cn/node/11046,实采,,https://www.zssy.com.cn/sites/zssy.prod.sysucloud1.sysu.edu.cn/files/%E5%BE%AE%E4%BF%A1%E5%9B%BE%E7%89%87_20221017113041%20-%20%E5%89%AF%E6%9C%AC.jpg,01_试点医院/中山大学附属第三医院/照片/徐向英-肿瘤放射治疗科-主任医师-中山大学附属第三医院.jpg,208541,138566b9d7c20761ce91a925d50389ffbdd2854e718166c5a5cceeb8ce45e07f,1295,1295,
梁少波,https://www.zssy.com.cn/node/15454,实采,,https://www.zssy.com.cn/sites/zssy.prod.sysucloud1.sysu.edu.cn/files/%E6%A2%81%E5%B0%91%E6%B3%A2.jpg,01_试点医院/中山大学附属第三医院/照片/梁少波-肿瘤放射治疗科-副主任医师-中山大学附属第三医院.jpg,1915839,252fdd51f027648dbdd989f65200aee23d4cd92f0107e5a77f62c8b1a39587ae,1488,2076,
沈关驻,https://www.zssy.com.cn/node/15455,实采,,https://www.zssy.com.cn/sites/zssy.prod.sysucloud1.sysu.edu.cn/files/%E6%B2%88%E5%85%B3%E9%A9%BB.jpg,01_试点医院/中山大学附属第三医院/照片/沈关驻-肿瘤放射治疗科-副主任医师-中山大学附属第三医院.jpg,626559,f4ff6cc407874bbb204e230e99e435c26385b5fcbb08b3c3f5b1fb85409e609f,1882,2637,
刘健培,https://www.zssy.com.cn/node/14165,实采,,https://www.zssy.com.cn/sites/zssy.prod.sysucloud1.sysu.edu.cn/files/2017010911274645251241.jpg,01_试点医院/中山大学附属第三医院/照片/刘健培-胃肠外科-副主任医师-中山大学附属第三医院.jpg,199035,b265ade9a4df73d062ecfed7e9f95cd184f472d6aaf49d52d7d1a46c4ce68636,600,900,
卫洪波,https://www.zssy.com.cn/node/11060,实采,,https://www.zssy.com.cn/sites/zssy.prod.sysucloud1.sysu.edu.cn/files/%E5%8D%AB%E6%B4%AA%E6%B3%A2.jpg,01_试点医院/中山大学附属第三医院/照片/卫洪波-胃肠外科-主任医师-中山大学附属第三医院.jpg,1487703,64eb4c93d465c152cdddc3f5429b6c1cfc3566b5add3086ad2103606b462ea88,2336,3115,
方佳峰,https://www.zssy.com.cn/node/14118,实采,,https://www.zssy.com.cn/sites/zssy.prod.sysucloud1.sysu.edu.cn/files/%E6%96%B9%E4%BD%B3%E5%B3%B0.jpg,01_试点医院/中山大学附属第三医院/照片/方佳峰-胃肠外科-副主任医师-中山大学附属第三医院.jpg,868506,ecec931900b96ea549afd843a03ea2a6953fc256fa8b1fb435a9f5ff8ce03130,2108,2834,
胃肠外科,https://www.zssy.com.cn/node/6643,失败,无照片容器,,,,,,,无照片容器
郑宗珩,https://www.zssy.com.cn/node/14163,实采,,https://www.zssy.com.cn/sites/zssy.prod.sysucloud1.sysu.edu.cn/files/2014031916403843608417.jpg,01_试点医院/中山大学附属第三医院/照片/郑宗珩-胃肠外科-主任医师-中山大学附属第三医院.jpg,357929,a0e6aa44fd7fde5a7a1369388c3826f9cf22b66dc92d733561f55da908e96379,2583,3444,
郑峰,https://www.zssy.com.cn/node/14158,实采,,https://www.zssy.com.cn/sites/zssy.prod.sysucloud1.sysu.edu.cn/files/2013070211570582824712.jpg,01_试点医院/中山大学附属第三医院/照片/郑峰-胃肠外科-副主任医师-中山大学附属第三医院.jpg,9453,bd02878575aed5132fa1e00f3a6c28ad9ebef044523f9a5658b5b94c544461ec,115,150,
郭卫平,https://www.zssy.com.cn/node/14157,实采,,https://www.zssy.com.cn/sites/zssy.prod.sysucloud1.sysu.edu.cn/files/%E9%83%AD%E5%8D%AB%E5%B9%B3.jpg,01_试点医院/中山大学附属第三医院/照片/郭卫平-胃肠外科-副主任医师-中山大学附属第三医院.jpg,225562,36164456708186615e34d29731cd7b702d7efe713428797a3493fa72f3a84661,1000,1400,
陈图锋,https://www.zssy.com.cn/node/14155,实采,,https://www.zssy.com.cn/sites/zssy.prod.sysucloud1.sysu.edu.cn/files/2014031916412610200912.jpg,01_试点医院/中山大学附属第三医院/照片/陈图锋-胃肠外科-主任医师-中山大学附属第三医院.jpg,208895,1f000ca9adc028fc15bfb670132e0e787ddb0f825c64b6f1c4ab60b9dae074c1,2256,3008,
魏波,https://www.zssy.com.cn/node/14159,实采,,https://www.zssy.com.cn/sites/zssy.prod.sysucloud1.sysu.edu.cn/files/2013100816164414208327.jpg,01_试点医院/中山大学附属第三医院/照片/魏波-胃肠外科-主任医师-中山大学附属第三医院.jpg,8587,75626beebc1e628c8a82f42e7b61ab71ed8785f25702f6e952e822002821c80e,100,130,
黄勇,https://www.zssy.com.cn/node/14154,实采,,https://www.zssy.com.cn/sites/zssy.prod.sysucloud1.sysu.edu.cn/files/%E9%BB%84%E5%8B%87_0.jpg,01_试点医院/中山大学附属第三医院/照片/黄勇-胃肠外科-副主任医师-中山大学附属第三医院.jpg,427850,e3c1d8a4232425f9fe808f6e0846d1b270a7841d2925fc45812a303f224a81dc,1960,2888,
黄江龙,https://www.zssy.com.cn/node/15310,实采,,https://www.zssy.com.cn/sites/zssy.prod.sysucloud1.sysu.edu.cn/files/%E9%BB%84%E6%B1%9F%E9%BE%99.jpg,01_试点医院/中山大学附属第三医院/照片/黄江龙-胃肠外科-副主任医师-中山大学附属第三医院.jpg,92805,674570ee92b0f90d618bbb614380db4c2aefd284de638e818597f4d63382aac4,1080,1620,
吴本权,https://www.zssy.com.cn/node/15560,实采,,https://www.zssy.com.cn/sites/zssy.prod.sysucloud1.sysu.edu.cn/files/%E5%BE%AE%E4%BF%A1%E5%9B%BE%E7%89%87_20210916160152.png,01_试点医院/中山大学附属第三医院/照片/吴本权-胸痛中心-主任医师-中山大学附属第三医院.png,98046,67d540745ad8800c9d23b149793f9563accef98b6d3b175b8a21fbc729ccad1d,227,293,
吴震,https://www.zssy.com.cn/node/15563,实采,,https://www.zssy.com.cn/sites/zssy.prod.sysucloud1.sysu.edu.cn/files/%E5%BE%AE%E4%BF%A1%E5%9B%BE%E7%89%87_20210916153708.jpg,01_试点医院/中山大学附属第三医院/照片/吴震-胸痛中心-副主任医师-中山大学附属第三医院.jpg,560676,d2b6b2f6158e551096a8468a7237eb9a0a481afe7ba9c25dc5cc35438967edbf,1080,1620,
张永标,https://www.zssy.com.cn/node/15562,实采,,https://www.zssy.com.cn/sites/zssy.prod.sysucloud1.sysu.edu.cn/files/%E5%BE%AE%E4%BF%A1%E5%9B%BE%E7%89%87_20210916153757.png,01_试点医院/中山大学附属第三医院/照片/张永标-胸痛中心-主任医师-中山大学附属第三医院.png,100700,96cd596ddbb7c783e370df91a99d5469fcb7deae8835748586797bf0b0d4d09c,194,263,
钱孝贤,https://www.zssy.com.cn/node/15561,实采,,https://www.zssy.com.cn/sites/zssy.prod.sysucloud1.sysu.edu.cn/files/_DSC8340.jpg,01_试点医院/中山大学附属第三医院/照片/钱孝贤-胸痛中心-主任医师-中山大学附属第三医院.jpg,1008957,021d1d2d42e7fe0c954882cf149b1b134b59a788e56ea71f3a7e46ed534f9141,1784,2681,
何磊,https://www.zssy.com.cn/node/15479,实采,,https://www.zssy.com.cn/sites/zssy.prod.sysucloud1.sysu.edu.cn/files/c5810a6b193a9618bbdb518da74fec6.png,01_试点医院/中山大学附属第三医院/照片/何磊-脊柱侧弯中心-副主任医师-中山大学附属第三医院.png,133871,76a3fe5050bf43eacaf22d249eb017368625caded6ad16a60b712047a68594bc,244,325,
周攀,https://www.zssy.com.cn/node/29985,实采,,https://www.zssy.com.cn/sites/zssy.prod.sysucloud1.sysu.edu.cn/files/1_18.jpg,01_试点医院/中山大学附属第三医院/照片/周攀-脊柱侧弯中心-医师-中山大学附属第三医院.jpg,362675,b576d1ce4a9fd253e69de069986b433158aa572797b89778906d5cf50024a17b,1879,2334,
戎利民,https://www.zssy.com.cn/node/15256,实采,,https://www.zssy.com.cn/sites/zssy.prod.sysucloud1.sysu.edu.cn/files/507c7cb82fc795935a631b06665c656.png,01_试点医院/中山大学附属第三医院/照片/戎利民-脊柱侧弯中心-主任医师-中山大学附属第三医院.png,149196,09e4c97597cadc585d3b6032aef5bfdfc4e216e72fec5831480194b033db7ecd,270,282,
杨军林,https://www.zssy.com.cn/node/15275,实采,,https://www.zssy.com.cn/sites/zssy.prod.sysucloud1.sysu.edu.cn/files/d1dbe0586b4b2cc861a3f7fb00d69fc.jpg,01_试点医院/中山大学附属第三医院/照片/杨军林-脊柱侧弯中心-主任医师-中山大学附属第三医院.jpg,9207,3b2fc14520d76590eb1211363e36365a3959fd4f7f2e80931113e4f85ba72c54,183,244,
黄紫房,https://www.zssy.com.cn/node/20687,实采,,https://www.zssy.com.cn/sites/zssy.prod.sysucloud1.sysu.edu.cn/files/%E9%BB%84%E7%B4%AB%E6%88%BF2.png,01_试点医院/中山大学附属第三医院/照片/黄紫房-脊柱侧弯中心-副主任医师-中山大学附属第三医院.png,133945,4391f8611ce4ae80653da92c2fcc753d25be96a6b157b03cb3dde9bef427fafa,213,304,
张冠华,https://www.zssy.com.cn/node/16233,实采,,https://www.zssy.com.cn/sites/zssy.prod.sysucloud1.sysu.edu.cn/files/%E5%9B%BE%E7%89%873_0.png,01_试点医院/中山大学附属第三医院/照片/张冠华-脑血管外科-主治医师-中山大学附属第三医院.png,69670,605fd886f39d8ce8d14d03d71b8b33339d4fb9bbd3c11f85e436756d86fd9416,281,374,
李铁林,https://www.zssy.com.cn/node/16231,实采,,https://www.zssy.com.cn/sites/zssy.prod.sysucloud1.sysu.edu.cn/files/%E6%9D%8E%E9%93%81%E6%9E%97.png,01_试点医院/中山大学附属第三医院/照片/李铁林-脑血管外科-主任医师-中山大学附属第三医院.png,329599,4755ba0ec980eee19c9da7d509fa001901b351bc2a68b6f3002ac110abbeea33,523,730,
柳亚启,https://www.zssy.com.cn/node/16232,实采,,https://www.zssy.com.cn/sites/zssy.prod.sysucloud1.sysu.edu.cn/files/%E7%85%A7%E7%89%87%20%E6%9F%B3%E4%BA%9A%E5%90%AF.jpg,01_试点医院/中山大学附属第三医院/照片/柳亚启-脑血管外科-主治医师-中山大学附属第三医院.jpg,72280,5cd53d9a7125c1b40ab9f738e102f0281d1f44db5c110f7dc8afba7357ebd2e5,492,716,
汪求精,https://www.zssy.com.cn/node/14226,实采,,https://www.zssy.com.cn/sites/zssy.prod.sysucloud1.sysu.edu.cn/files/2019102618483182132841.jpg,01_试点医院/中山大学附属第三医院/照片/汪求精-脑血管外科-主任医师-中山大学附属第三医院.jpg,1531911,9d41fdb44d1ba92be90321b1db6b2059e3c094777eb7b1ef34ac8947146e148f,2071,2448,
黄晓飞,https://www.zssy.com.cn/node/23590,实采,,https://www.zssy.com.cn/sites/zssy.prod.sysucloud1.sysu.edu.cn/files/%E5%9B%BE%E7%89%872_4.png,01_试点医院/中山大学附属第三医院/照片/黄晓飞-脑血管外科-医师-中山大学附属第三医院.png,88362,ee91b257b0f14039d4e6fbbb313416465a944cc83f95c4ace37ef4309a87898c,295,441,
刘星菱,https://www.zssy.com.cn/node/15424,实采,,https://www.zssy.com.cn/sites/zssy.prod.sysucloud1.sysu.edu.cn/files/%E5%9B%BE%E7%89%871111.png,01_试点医院/中山大学附属第三医院/照片/刘星菱-药剂科-副主任药师-中山大学附属第三医院.png,575755,ed3c3b2790a2f60522bb899315ef241f8fbdb94ee55a1ae58e35915dc790f15d,800,800,
刘珠英,https://www.zssy.com.cn/node/29788,实采,,https://www.zssy.com.cn/sites/zssy.prod.sysucloud1.sysu.edu.cn/files/%E5%9B%BE%E7%89%872_9.png,01_试点医院/中山大学附属第三医院/照片/刘珠英-药剂科-副主任药师-中山大学附属第三医院.png,1437844,4ccb2d303c643485db74bfbe4e9cf8cd40e8f77b301ab896c866c77abed65cd7,1280,1280,
徐乐加,https://www.zssy.com.cn/node/29791,实采,,https://www.zssy.com.cn/sites/zssy.prod.sysucloud1.sysu.edu.cn/files/%E5%9B%BE%E7%89%87111.png,01_试点医院/中山大学附属第三医院/照片/徐乐加-药剂科-副主任药师-中山大学附属第三医院.png,964767,6d846826ef10f9600077fe24a710fb12df0b51b834ee489decbaefaf07c71349,1019,1173,
李烨,https://www.zssy.com.cn/node/29790,实采,,https://www.zssy.com.cn/sites/zssy.prod.sysucloud1.sysu.edu.cn/files/%E5%9B%BE%E7%89%87122.png,01_试点医院/中山大学附属第三医院/照片/李烨-药剂科-副主任药师-中山大学附属第三医院.png,233021,eb58eabc54ec59678ab89ac1b66c0a5044f40cb9d39d8180475d236f9b6985a2,429,623,
李艳芳,https://www.zssy.com.cn/node/15428,实采,,https://www.zssy.com.cn/sites/zssy.prod.sysucloud1.sysu.edu.cn/files/%E5%9B%BE%E7%89%871_4.png,01_试点医院/中山大学附属第三医院/照片/李艳芳-药剂科-副主任药师-中山大学附属第三医院.png,170387,52eb4cc8aa3f52367d0752c3dffbfaec08829d869706d5faeb1ab4e7e19f8eca,402,504,
罗宇燕,https://www.zssy.com.cn/node/28226,实采,,https://www.zssy.com.cn/sites/zssy.prod.sysucloud1.sysu.edu.cn/files/%E7%BD%97%E5%AE%87%E7%87%95.png,01_试点医院/中山大学附属第三医院/照片/罗宇燕-药剂科-副主任药师-中山大学附属第三医院.png,292417,df734f18abd7bb56f4dde9f30cffe127fffdf8a26a91bee9a34e4bfcbe55222f,596,746,
药剂科,https://www.zssy.com.cn/node/14088,失败,无照片容器,,,,,,,无照片容器
何易,https://www.zssy.com.cn/node/16728,实采,,https://www.zssy.com.cn/sites/zssy.prod.sysucloud1.sysu.edu.cn/files/213.jpg,01_试点医院/中山大学附属第三医院/照片/何易-血液内科-副主任医师-中山大学附属第三医院.jpg,42828,dc9e9a19a92d1f004596f5680fb4562d225998569d948f49936684a42d0f1800,426,599,
刘加军,https://www.zssy.com.cn/node/14198,实采,,https://www.zssy.com.cn/sites/zssy.prod.sysucloud1.sysu.edu.cn/files/%E5%88%98%E5%8A%A0%E5%86%9B_0.png,01_试点医院/中山大学附属第三医院/照片/刘加军-血液内科-主任医师-中山大学附属第三医院.png,205416,96f600a7f86ce6378998adbe37a799099ddac460aa7457e95060ef9454116d7e,339,407,
刘成成,https://www.zssy.com.cn/node/29151,实采,,https://www.zssy.com.cn/sites/zssy.prod.sysucloud1.sysu.edu.cn/files/09%E5%89%AF%E4%B8%BB%E4%BB%BB%E5%8C%BB%E5%B8%88%EF%BC%9A%E5%88%98%E6%88%90%E6%88%90%281%29.jpg,01_试点医院/中山大学附属第三医院/照片/刘成成-血液内科-副主任医师-中山大学附属第三医院.jpg,1683052,43490115627eea62c5b6903d6e7d663a42e262ddacef69614074a0ab4425a917,3426,4488,
刘玲玲,https://www.zssy.com.cn/node/16730,实采,,https://www.zssy.com.cn/sites/zssy.prod.sysucloud1.sysu.edu.cn/files/123123.jpg,01_试点医院/中山大学附属第三医院/照片/刘玲玲-血液内科-副主任医师-中山大学附属第三医院.jpg,109303,a999636317c33c3ba719c999064fec53ce2e674e03ee9890f6589ab7e3aa02b4,1080,1620,
孙燕玲,https://www.zssy.com.cn/node/29150,实采,,https://www.zssy.com.cn/sites/zssy.prod.sysucloud1.sysu.edu.cn/files/08%E5%89%AF%E4%B8%BB%E4%BB%BB%E5%8C%BB%E5%B8%88%EF%BC%9A%E5%AD%99%E7%87%95%E7%8E%B2.jpg,01_试点医院/中山大学附属第三医院/照片/孙燕玲-血液内科-副主任医师-中山大学附属第三医院.jpg,1822709,8050a11fcbd76af7149c9893e0ff1528d87ef9d9e8a85b48c1aa5f0c5d02af93,2102,3000,
张玲,https://www.zssy.com.cn/node/29149,实采,,https://www.zssy.com.cn/sites/zssy.prod.sysucloud1.sysu.edu.cn/files/07%E5%89%AF%E4%B8%BB%E4%BB%BB%E5%8C%BB%E5%B8%88%E5%BC%A0%E7%8E%B2_2.jpg,01_试点医院/中山大学附属第三医院/照片/张玲-血液内科-副主任医师-中山大学附属第三医院.jpg,68974,950758781dc400b72edf7c3178dc87b01ad23355e09dc57feb491f96c8c73a82,975,1199,
张祥忠,https://www.zssy.com.cn/node/14200,实采,,https://www.zssy.com.cn/sites/zssy.prod.sysucloud1.sysu.edu.cn/files/1_8.jpg,01_试点医院/中山大学附属第三医院/照片/张祥忠-血液内科-主任医师-中山大学附属第三医院.jpg,23723,35e3e5f4d18e9217f00d9514a3f87e3d5423b813d056333f2d7fd0ae26cd4680,296,395,
张競文,https://www.zssy.com.cn/node/29152,实采,,https://www.zssy.com.cn/sites/zssy.prod.sysucloud1.sysu.edu.cn/files/01%E7%A7%91%E5%89%AF%E4%B8%BB%E4%BB%BB%20%E5%89%AF%E4%B8%BB%E4%BB%BB%E5%8C%BB%E5%B8%88%EF%BC%9A%E5%BC%A0%E7%AB%B6%E6%96%87%281%29.jpg,01_试点医院/中山大学附属第三医院/照片/张競文-血液内科-副主任医师-中山大学附属第三医院.jpg,1662869,b8741837688767c3fc42684afd381ec1276d813a13fe8c21664d8ba98b6a97cd,3426,4488,
方志刚,https://www.zssy.com.cn/node/16727,实采,,https://www.zssy.com.cn/sites/zssy.prod.sysucloud1.sysu.edu.cn/files/321.jpg,01_试点医院/中山大学附属第三医院/照片/方志刚-血液内科-副主任医师-中山大学附属第三医院.jpg,17335,2af0cb49e9cf4bc46a5596ecd28a34d5a607b80e3d291a92ba2bd601e7d423ff,286,416,
李旭东,https://www.zssy.com.cn/node/16726,实采,,https://www.zssy.com.cn/sites/zssy.prod.sysucloud1.sysu.edu.cn/files/%E6%9D%8E%E6%97%AD%E4%B8%9C.jpg,01_试点医院/中山大学附属第三医院/照片/李旭东-血液内科-副主任医师-中山大学附属第三医院.jpg,155539,e359dba85b280a07e2cad4d15e392052408c0f66328f0e88bb8e3523e1ab177e,1080,1512,
肖若芝,https://www.zssy.com.cn/node/14199,实采,,https://www.zssy.com.cn/sites/zssy.prod.sysucloud1.sysu.edu.cn/files/%E8%82%96%E8%8B%A5%E8%8A%9D_%E5%89%AF%E6%9C%AC.jpg,01_试点医院/中山大学附属第三医院/照片/肖若芝-血液内科-主任医师-中山大学附属第三医院.jpg,458669,0778b7edcd03e802ae74454569612f8116ef09a29a422e1e0bb02c237b8425a8,1298,1923,
血液内科,https://www.zssy.com.cn/node/6010,失败,无照片容器,,,,,,,无照片容器
郑永江,https://www.zssy.com.cn/node/16725,实采,,https://www.zssy.com.cn/sites/zssy.prod.sysucloud1.sysu.edu.cn/files/22_0.jpg,01_试点医院/中山大学附属第三医院/照片/郑永江-血液内科-主任医师-中山大学附属第三医院.jpg,357495,4279a908c3943aadc3c5126a5467d875216b37d32b4cbe14e2677cec1fa208e3,727,1091,
龙冰,https://www.zssy.com.cn/node/16729,实采,,https://www.zssy.com.cn/sites/zssy.prod.sysucloud1.sysu.edu.cn/files/%E9%BE%99%E5%86%B0_%E5%89%AF%E6%9C%AC.jpg,01_试点医院/中山大学附属第三医院/照片/龙冰-血液内科-副主任医师-中山大学附属第三医院.jpg,413421,1984fb1e59d39eca1771350e7f4cc7604d21783360683812dc463aec8dabe1b0,1313,1961,
龙梓洁,https://www.zssy.com.cn/node/14113,实采,,https://www.zssy.com.cn/sites/zssy.prod.sysucloud1.sysu.edu.cn/files/22.jpg,01_试点医院/中山大学附属第三医院/照片/龙梓洁-血液内科-研究员-中山大学附属第三医院.jpg,1083813,83798a58cec2021771c3c1f92ee7d3c445a9bbe21163cabe2eec86e2250784a2,2688,4032,
殷恒讳,https://www.zssy.com.cn/node/15415,实采,,https://www.zssy.com.cn/sites/zssy.prod.sysucloud1.sysu.edu.cn/files/%E5%BE%AE%E4%BF%A1%E5%9B%BE%E7%89%87_20210903173815.jpg,01_试点医院/中山大学附属第三医院/照片/殷恒讳-血管外科-主任医师-中山大学附属第三医院.jpg,42797,f35da2caccfddc54b7961cee239c026e35b75df3b18f0792643225996116a3aa,414,602,
血管外科,https://www.zssy.com.cn/node/15417,失败,无照片容器,,,,,,,无照片容器
钱结胜,https://www.zssy.com.cn/node/15416,实采,,https://www.zssy.com.cn/sites/zssy.prod.sysucloud1.sysu.edu.cn/files/%E5%BE%AE%E4%BF%A1%E5%9B%BE%E7%89%87_20210903175725.jpg,01_试点医院/中山大学附属第三医院/照片/钱结胜-血管外科-副主任医师-中山大学附属第三医院.jpg,94111,a53b6195b6bffcf0f8cf771f1b6e60b57487412bb3888c235c076c6c2073c72f,1080,1571,
刘佳,https://www.zssy.com.cn/node/29852,实采,,https://www.zssy.com.cn/sites/zssy.prod.sysucloud1.sysu.edu.cn/files/%E5%BE%AE%E4%BF%A1%E5%9B%BE%E7%89%87_20260410144554_134_5.jpg,01_试点医院/中山大学附属第三医院/照片/刘佳-超声科-副主任医师-中山大学附属第三医院.jpg,591507,5b68374f1e20d02d39e43b820e4375b303e3ac57a5b90be073d44cbf604aa1a5,2418,2425,
吴曼丽,https://www.zssy.com.cn/node/29846,实采,,https://www.zssy.com.cn/sites/zssy.prod.sysucloud1.sysu.edu.cn/files/%E5%90%B4%E6%9B%BC.jpg,01_试点医院/中山大学附属第三医院/照片/吴曼丽-超声科-副主任医师-中山大学附属第三医院.jpg,958173,7c62c5cc0de6f1951cca19964b40f455894e9a3bf7413f7dcc4dc347082f208e,2648,3972,
吴莉莉,https://www.zssy.com.cn/node/20261,实采,,https://www.zssy.com.cn/sites/zssy.prod.sysucloud1.sysu.edu.cn/files/%E5%90%B4%E8%8E%89%E8%8E%89.jpg,01_试点医院/中山大学附属第三医院/照片/吴莉莉-超声科-副主任医师-中山大学附属第三医院.jpg,1932473,a9b4ad81431addf710b9f9e6203c9ce53384d6afc8f62e435cd0ce2b6e4064f6,2840,4260,
张婷,https://www.zssy.com.cn/node/20262,实采,,https://www.zssy.com.cn/sites/zssy.prod.sysucloud1.sysu.edu.cn/files/%E5%BC%A0%E5%A9%B7.jpg,01_试点医院/中山大学附属第三医院/照片/张婷-超声科-副主任医师-中山大学附属第三医院.jpg,1519052,840a7c89a3fb41bdbe15f1cf7e294a35acf7be59ea5def995f2256de7670c4b1,2488,3732,
张曼,https://www.zssy.com.cn/node/29853,实采,,https://www.zssy.com.cn/sites/zssy.prod.sysucloud1.sysu.edu.cn/files/%E5%BE%AE%E4%BF%A1%E5%9B%BE%E7%89%87_20260407142449_130_5_0.jpg,01_试点医院/中山大学附属第三医院/照片/张曼-超声科-副主任医师-中山大学附属第三医院.jpg,572349,69ac14d07d1a0af2337ba85c37725f0481c7d87c7e07183e4f327c145363ff5d,3760,2506,
张红君,https://www.zssy.com.cn/node/29847,实采,,https://www.zssy.com.cn/sites/zssy.prod.sysucloud1.sysu.edu.cn/files/%E5%BC%A0%E7%BA%A2.jpg,01_试点医院/中山大学附属第三医院/照片/张红君-超声科-副主任医师-中山大学附属第三医院.jpg,1723404,c877785f0d97cef5634fc1b5c7aaad79b7a6bc3a20892421278838f182cbb843,2840,4260,
张辉,https://www.zssy.com.cn/node/11188,实采,,https://www.zssy.com.cn/sites/zssy.prod.sysucloud1.sysu.edu.cn/files/%E5%BC%A0%E8%BE%89.jpg,01_试点医院/中山大学附属第三医院/照片/张辉-超声科-副主任医师-中山大学附属第三医院.jpg,73967,52abc2b630e79a328e842782c709db62469c813de2f9a0394d5dc072774293f4,1080,1620,
曲恩泽,https://www.zssy.com.cn/node/29840,实采,,https://www.zssy.com.cn/sites/zssy.prod.sysucloud1.sysu.edu.cn/files/%E6%9B%B2.jpg,01_试点医院/中山大学附属第三医院/照片/曲恩泽-超声科-副主任医师-中山大学附属第三医院.jpg,749740,e0ed236a48334e566bf681770d28e858f47eddd8755b0318f16eebf59c2d58db,1787,2680,
曹君妍,https://www.zssy.com.cn/node/29848,实采,,https://www.zssy.com.cn/sites/zssy.prod.sysucloud1.sysu.edu.cn/files/%E6%9B%B9.jpg,01_试点医院/中山大学附属第三医院/照片/曹君妍-超声科-副主任医师-中山大学附属第三医院.jpg,683556,2d8d0831077c02396f71e3cb697b5d1835f20bc81b9a8fc586481e2afe6a2caa,2000,2748,
曾庆劲,https://www.zssy.com.cn/node/29849,实采,,https://www.zssy.com.cn/sites/zssy.prod.sysucloud1.sysu.edu.cn/files/%E6%9B%BE%E5%BA%86.jpg,01_试点医院/中山大学附属第三医院/照片/曾庆劲-超声科-副主任医师-中山大学附属第三医院.jpg,1446279,506110297ce3e1a11a85b0cbafbb38bd0c363a252644572fa64254f6dce7371e,2840,4260,
李凯,https://www.zssy.com.cn/node/11221,实采,,https://www.zssy.com.cn/sites/zssy.prod.sysucloud1.sysu.edu.cn/files/%E6%9D%8E%E5%87%AF.jpg,01_试点医院/中山大学附属第三医院/照片/李凯-超声科-主任医师-中山大学附属第三医院.jpg,1681735,c80408b6dff9501d36efcedae295a74caea85bc3a99efacd7a3f5bcd24c8f39a,2840,4260,
毛永江,https://www.zssy.com.cn/node/11187,实采,,https://www.zssy.com.cn/sites/zssy.prod.sysucloud1.sysu.edu.cn/files/%E6%AF%9B%E6%B0%B8%E6%B1%9F.jpg,01_试点医院/中山大学附属第三医院/照片/毛永江-超声科-副主任医师-中山大学附属第三医院.jpg,968357,e9dfb0ae31e8f9cf28c28a09ae2ed5e2fb5a093453ac7e6aceb922c7ff4faf83,2077,3115,
谭雷,https://www.zssy.com.cn/node/29845,实采,,https://www.zssy.com.cn/sites/zssy.prod.sysucloud1.sysu.edu.cn/files/%E8%B0%AD_0.jpg,01_试点医院/中山大学附属第三医院/照片/谭雷-超声科-副主任医师-中山大学附属第三医院.jpg,901647,707cd59a540fc6fd6df944f10503b8b5e2107db735b097bee4a81e2a3580a4eb,2123,3184,
超声科,https://www.zssy.com.cn/node/15178,失败,无照片容器,,,,,,,无照片容器
邹旻红,https://www.zssy.com.cn/node/29839,实采,,https://www.zssy.com.cn/sites/zssy.prod.sysucloud1.sysu.edu.cn/files/%E9%82%B9.jpg,01_试点医院/中山大学附属第三医院/照片/邹旻红-超声科-副主任医师-中山大学附属第三医院.jpg,250285,15d228c5355088ee91d9e2f124b0b9107edd156ef2c2a74fe869727967556e1a,1280,1280,
郭欢仪,https://www.zssy.com.cn/node/29844,实采,,https://www.zssy.com.cn/sites/zssy.prod.sysucloud1.sysu.edu.cn/files/%E9%83%AD_0.jpg,01_试点医院/中山大学附属第三医院/照片/郭欢仪-超声科-副主任医师-中山大学附属第三医院.jpg,753530,3debf8af373e117b52f74b54ec77c048da90b73afcb4053a856c9bec6d252c96,3720,2480,
钟钧琳,https://www.zssy.com.cn/node/29843,实采,,https://www.zssy.com.cn/sites/zssy.prod.sysucloud1.sysu.edu.cn/files/%E9%92%9F_0.jpg,01_试点医院/中山大学附属第三医院/照片/钟钧琳-超声科-副主任医师-中山大学附属第三医院.jpg,79791,9b0f50c483b8762406ce9dad0e332f3b85125dbbe1dc79aae22c0af287ca4db4,845,1267,
龙颖琳,https://www.zssy.com.cn/node/29851,实采,,https://www.zssy.com.cn/sites/zssy.prod.sysucloud1.sysu.edu.cn/files/%E5%BE%AE%E4%BF%A1%E5%9B%BE%E7%89%87_20260602114621_15_93.jpg,01_试点医院/中山大学附属第三医院/照片/龙颖琳-超声科-副主任医师-中山大学附属第三医院.jpg,69357,8fc3a241444ac6f3943f818dae2bce4fe4cc97769c10253e3ee0175e086b5a18,1280,1920,
袁青,https://www.zssy.com.cn/node/28394,实采,,https://www.zssy.com.cn/sites/zssy.prod.sysucloud1.sysu.edu.cn/files/%E5%BE%AE%E4%BF%A1%E5%9B%BE%E7%89%87_20250620151023.jpg,01_试点医院/中山大学附属第三医院/照片/袁青-输血科-副主任技师-中山大学附属第三医院.jpg,78678,37eaa2ef861620201e6187acac531ad71dd8697493e73977871dd9538438f0ee,850,1252,
输血科,https://www.zssy.com.cn/node/14092,失败,无照片容器,,,,,,,无照片容器
邹勇,https://www.zssy.com.cn/node/11229,实采,,https://www.zssy.com.cn/sites/zssy.prod.sysucloud1.sysu.edu.cn/files/%E5%BE%AE%E4%BF%A1%E5%9B%BE%E7%89%87_20210908154357_1.jpg,01_试点医院/中山大学附属第三医院/照片/邹勇-输血科-主任技师-中山大学附属第三医院.jpg,98832,ac742584b9374fea01f3cf08daf88b83a4f137e9d1ac11003692a3b15e6bd92e,1280,1706,
陆英,https://www.zssy.com.cn/node/11180,实采,,https://www.zssy.com.cn/sites/zssy.prod.sysucloud1.sysu.edu.cn/files/%E9%99%86%E8%8B%B1.jpg,01_试点医院/中山大学附属第三医院/照片/陆英-输血科-副主任医师-中山大学附属第三医院.jpg,1191988,f67e3ce093206d9c520adcbb231c871d618a3ed69a6face4b6806f0293515439,2687,2702,
吴小琴,https://www.zssy.com.cn/node/28779,实采,,https://www.zssy.com.cn/sites/zssy.prod.sysucloud1.sysu.edu.cn/files/1754377402767.jpg,01_试点医院/中山大学附属第三医院/照片/吴小琴-酒精性肝病中心-副主任医师-中山大学附属第三医院.png,938573,0b9a228c1e48cf7d3dfc74e48b70f64e25230749350638ccbf83714bb84fef0a,624,836,
吴斌,https://www.zssy.com.cn/node/15404,实采,,https://www.zssy.com.cn/sites/zssy.prod.sysucloud1.sysu.edu.cn/files/%E5%90%B4.jpg,01_试点医院/中山大学附属第三医院/照片/吴斌-酒精性肝病中心-主任医师-中山大学附属第三医院.jpg,46930,c093fd945de2cbd5ca07ac1d03b8b1057c04aa7e79f89b279c9faea5280bfa3e,647,843,
李建忠,https://www.zssy.com.cn/node/22687,实采,,https://www.zssy.com.cn/sites/zssy.prod.sysucloud1.sysu.edu.cn/files/%E6%9D%8E_1.jpg,01_试点医院/中山大学附属第三医院/照片/李建忠-酒精性肝病中心-副主任医师-中山大学附属第三医院.jpg,77444,1af645bbacf070fa0d51cac57bcf85d241dbac14d43de2ddf55f55f7646a3788,563,747,
李雷佳,https://www.zssy.com.cn/node/22690,实采,,https://www.zssy.com.cn/sites/zssy.prod.sysucloud1.sysu.edu.cn/files/%E9%9B%B7%E4%BD%B3.jpg,01_试点医院/中山大学附属第三医院/照片/李雷佳-酒精性肝病中心-副主任医师-中山大学附属第三医院.jpg,26715,ff64557c51b38f1928b6b6d12952ecbe7b59631ae44a3bf0dcdf0dabf27ba120,587,756,
杨逸冬,https://www.zssy.com.cn/node/15418,实采,,https://www.zssy.com.cn/sites/zssy.prod.sysucloud1.sysu.edu.cn/files/%E6%9D%A8%E9%80%B8%E5%86%AC1.jpg,01_试点医院/中山大学附属第三医院/照片/杨逸冬-酒精性肝病中心-主任医师-中山大学附属第三医院.jpg,82303,2f9f2879304c7bc5b98a8d46047bab2d2a2fa27f3f08f9e89ad22fc07aa05d3f,673,897,
柯比伦,https://www.zssy.com.cn/node/28784,实采,,https://www.zssy.com.cn/sites/zssy.prod.sysucloud1.sysu.edu.cn/files/%E6%9F%AF%E6%AF%94%E4%BC%A62019%281%29.jpg,01_试点医院/中山大学附属第三医院/照片/柯比伦-酒精性肝病中心-主治医师-中山大学附属第三医院.jpg,489965,3eb54d12e450541b71fad038af13a583370ef2eab26a0b34f12a002ef2a03140,1350,1800,
王省,https://www.zssy.com.cn/node/22689,实采,,https://www.zssy.com.cn/sites/zssy.prod.sysucloud1.sysu.edu.cn/files/%E7%9C%81_0.jpg,01_试点医院/中山大学附属第三医院/照片/王省-酒精性肝病中心-副主任医师-中山大学附属第三医院.jpg,100854,4d189af45323f612aae29caca72feefb398040b2c051c9d12491b8a47e885331,561,754,
郭云蔚,https://www.zssy.com.cn/node/15405,实采,,https://www.zssy.com.cn/sites/zssy.prod.sysucloud1.sysu.edu.cn/files/%E9%83%AD.jpg,01_试点医院/中山大学附属第三医院/照片/郭云蔚-酒精性肝病中心-主任医师-中山大学附属第三医院.jpg,51122,849232fa7542f0f9aa9474cba6149f6fd39bb89dbedaadf44972414b429fb272,703,879,
黄晓丽,https://www.zssy.com.cn/node/28782,实采,,https://www.zssy.com.cn/sites/zssy.prod.sysucloud1.sysu.edu.cn/files/1754381626715.jpg,01_试点医院/中山大学附属第三医院/照片/黄晓丽-酒精性肝病中心-主治医师-中山大学附属第三医院.png,1110525,ea4db7d77154f316876187440cb1963589370baa513f9cce1630f5cd6d152428,624,835,
余步云,https://www.zssy.com.cn/node/14193,实采,,https://www.zssy.com.cn/sites/zssy.prod.sysucloud1.sysu.edu.cn/files/2014122408544752303391.jpg,01_试点医院/中山大学附属第三医院/照片/余步云-风湿免疫科-主任医师-中山大学附属第三医院.jpg,284279,8261789a8e2c07e27050c01f666d09a8fbf2fc0676f8dd5ede797848337c87db,584,768,
刘岩,https://www.zssy.com.cn/node/28815,实采,,https://www.zssy.com.cn/sites/zssy.prod.sysucloud1.sysu.edu.cn/files/%E5%88%98%E5%B2%A9.png,01_试点医院/中山大学附属第三医院/照片/刘岩-风湿免疫科-副主任医师-中山大学附属第三医院.png,297280,0137764e2aeebeef47eecb6f02dd033e5ce269054135352bb856ccafad9d38f2,357,477,
古洁若,https://www.zssy.com.cn/node/11077,实采,,https://www.zssy.com.cn/sites/zssy.prod.sysucloud1.sysu.edu.cn/files/2014122211495099408517.jpg,01_试点医院/中山大学附属第三医院/照片/古洁若-风湿免疫科-教授-中山大学附属第三医院.jpg,336900,37c610ffc87ab79a54571e08706986213a77b91055f1b82691ffd586e0acc2a1,2832,4256,
吴玉琼,https://www.zssy.com.cn/node/14196,实采,,https://www.zssy.com.cn/sites/zssy.prod.sysucloud1.sysu.edu.cn/files/2014121216324938102825.jpg,01_试点医院/中山大学附属第三医院/照片/吴玉琼-风湿免疫科-副主任医师-中山大学附属第三医院.jpg,75702,d192cea522ebc2f96a5dd5f2c01670683f37237de8c5d4c5af8411a4661bd55b,319,449,
廖泽涛,https://www.zssy.com.cn/node/14187,实采,,https://www.zssy.com.cn/sites/zssy.prod.sysucloud1.sysu.edu.cn/files/2014122211542362904368.jpg,01_试点医院/中山大学附属第三医院/照片/廖泽涛-风湿免疫科-副主任医师-中山大学附属第三医院.jpg,171599,5de250a9cde374f7f4e72f99f7d8de793996496fa7b71b9fb984ba228d243229,1920,2560,
林智明,https://www.zssy.com.cn/node/14111,实采,,https://www.zssy.com.cn/sites/zssy.prod.sysucloud1.sysu.edu.cn/files/2019030416161507763807.jpg,01_试点医院/中山大学附属第三医院/照片/林智明-风湿免疫科-主任医师-中山大学附属第三医院.jpg,288058,bd8f0ba8dde5598eb20b2afc219de519edcc157bbd7d6305320fc72d8244a3d5,2286,3025,
汤美安,https://www.zssy.com.cn/node/14191,实采,,https://www.zssy.com.cn/sites/zssy.prod.sysucloud1.sysu.edu.cn/files/2014122310070689301161.jpg,01_试点医院/中山大学附属第三医院/照片/汤美安-风湿免疫科-主任医师-中山大学附属第三医院.jpg,173707,1482b75065df2386346bc24c95059be7fc7ba94196d35c4821962e9a8488ac59,633,800,
涂柳丹,https://www.zssy.com.cn/node/28813,实采,,https://www.zssy.com.cn/sites/zssy.prod.sysucloud1.sysu.edu.cn/files/9%E6%B6%82%E6%9F%B3%E4%B8%B9.png,01_试点医院/中山大学附属第三医院/照片/涂柳丹-风湿免疫科-副主任医师-中山大学附属第三医院.png,1542510,c599daca6fb02d35be06937c65f080e0faaabd9f8c3d7fc60bbf1415a3c0c395,1505,1795,
潘云峰,https://www.zssy.com.cn/node/14194,实采,,https://www.zssy.com.cn/sites/zssy.prod.sysucloud1.sysu.edu.cn/files/2014122211523052903726.jpg,01_试点医院/中山大学附属第三医院/照片/潘云峰-风湿免疫科-教授-中山大学附属第三医院.jpg,249221,719c4bd3cb134216a0f94d107906fd2e8a3ba40e005d703815f81aedc2c414bc,2365,3153,
祁军,https://www.zssy.com.cn/node/29824,实采,,https://www.zssy.com.cn/sites/zssy.prod.sysucloud1.sysu.edu.cn/files/%E7%A5%81%E5%86%9B.jpg,01_试点医院/中山大学附属第三医院/照片/祁军-风湿免疫科-副主任医师-中山大学附属第三医院.jpg,497162,66bbab7943eee8e0f1dd38e6f91edd53cabe298c72a8e77c3a7d35082b81e0f2,1280,1792,
蒋雨彤,https://www.zssy.com.cn/node/28807,实采,,https://www.zssy.com.cn/sites/zssy.prod.sysucloud1.sysu.edu.cn/files/%E8%92%8B%E9%9B%A8%E5%BD%A4.png,01_试点医院/中山大学附属第三医院/照片/蒋雨彤-风湿免疫科-副主任医师-中山大学附属第三医院.jpg,180501,108123d5c3bcced7381de4bff0af0abd2f8d2bb1386f6c377855a798a1f9ed72,630,623,
邱敏丽,https://www.zssy.com.cn/node/28814,实采,,https://www.zssy.com.cn/sites/zssy.prod.sysucloud1.sysu.edu.cn/files/10%E9%82%B1%E6%95%8F%E4%B8%BD.jpg,01_试点医院/中山大学附属第三医院/照片/邱敏丽-风湿免疫科-副主任医师-中山大学附属第三医院.jpg,143962,411a3e05c1ec76c78804d1ed61397e12397cf1a338323ed008a5fd910aeeb608,1150,1396,
郭兴华,https://www.zssy.com.cn/node/29826,实采,,https://www.zssy.com.cn/sites/zssy.prod.sysucloud1.sysu.edu.cn/files/%E9%83%AD%E5%85%B4%E5%8D%8E.jpg,01_试点医院/中山大学附属第三医院/照片/郭兴华-风湿免疫科-副主任医师-中山大学附属第三医院.jpg,185865,52c0f9e623413dbb7d724d46254cd4e4a8bbba615d95f8d3d2d4fb10855694d4,775,1067,
金欧,https://www.zssy.com.cn/node/14192,实采,,https://www.zssy.com.cn/sites/zssy.prod.sysucloud1.sysu.edu.cn/files/2014122408595488604478.jpg,01_试点医院/中山大学附属第三医院/照片/金欧-风湿免疫科-主任医师-中山大学附属第三医院.jpg,238048,60a62100f64635e36054e8f48954eb7b6aadf0c948c4eb9fb3da91ccaef536c8,589,768,
鲁晨阳,https://www.zssy.com.cn/node/29825,实采,,https://www.zssy.com.cn/sites/zssy.prod.sysucloud1.sysu.edu.cn/files/%E5%9B%BE%E7%89%871_19.png,01_试点医院/中山大学附属第三医院/照片/鲁晨阳-风湿免疫科-副研究员-中山大学附属第三医院.png,247093,b6103314033541a24074c6167e978feae2a1f61c23ca164f64e36b547e34ff0b,491,688,
骨科,https://www.zssy.com.cn/node/14051,失败,无照片容器,,,,,,,无照片容器
陈正,https://www.zssy.com.cn/node/15376,实采,,https://www.zssy.com.cn/sites/zssy.prod.sysucloud1.sysu.edu.cn/files/3ok111.jpg,01_试点医院/中山大学附属第三医院/照片/陈正-口腔科-主任医师-中山大学附属第三医院.jpg,885925,a5fc5b41f4c414ceccc225550ad5f19581d0b95ced64764f07d0e70708e5caac,3840,5176,
臧志军,https://www.zssy.com.cn/node/11263,实采,,https://www.zssy.com.cn/sites/zssy.prod.sysucloud1.sysu.edu.cn/files/2019031308273174154848.jpg,01_试点医院/中山大学附属第三医院/照片/臧志军-不育与性医学科-主任医师-中山大学附属第三医院.jpg,484927,98de845fdf5412365231d8d6df990ce321e9fe4f5d916cf9a545a6a839222167,3840,5760,
陈俊,https://www.zssy.com.cn/node/11270,实采,,https://www.zssy.com.cn/sites/zssy.prod.sysucloud1.sysu.edu.cn/files/2014012109422869500427.jpg,01_试点医院/中山大学附属第三医院/照片/陈俊-不育与性医学科-主任医师-中山大学附属第三医院.jpg,16406,969c1da28426bd05bb498d1023cb6b6390edcd941666aa6c5ee62d33c8a90f19,132,176,
张雪华,https://www.zssy.com.cn/node/11022,实采,,https://www.zssy.com.cn/sites/zssy.prod.sysucloud1.sysu.edu.cn/files/2020101916092098467912.jpg,01_试点医院/中山大学附属第三医院/照片/张雪华-儿科-副主任医师-中山大学附属第三医院.jpg,110226,1a9f53e00870eff5b0e38fae3ec0810a1b9f9f30ee833039b9e230485dab9407,319,449,
唐春,https://www.zssy.com.cn/node/11103,实采,,https://www.zssy.com.cn/sites/zssy.prod.sysucloud1.sysu.edu.cn/files/2019031911122561592592.jpg,01_试点医院/中山大学附属第三医院/照片/唐春-儿童行为发育中心-副主任医师-中山大学附属第三医院.jpg,121668,51c9ff2eb88ff9bf8a46bab73afed332a597626708f1d5291be5d5d86fcb0310,456,680,
岑超群,https://www.zssy.com.cn/node/11023,实采,,https://www.zssy.com.cn/sites/zssy.prod.sysucloud1.sysu.edu.cn/files/2019031911183639741559.jpg,01_试点医院/中山大学附属第三医院/照片/岑超群-儿童行为发育中心-副主任医师-中山大学附属第三医院.jpg,98884,d997cec015366c10768157f6eafbb84ff4ca0b6587a64003e116e5a9afcc1d4c,498,685,
李咏梅,https://www.zssy.com.cn/node/11104,实采,,https://www.zssy.com.cn/sites/zssy.prod.sysucloud1.sysu.edu.cn/files/2019031911161432794482.jpg,01_试点医院/中山大学附属第三医院/照片/李咏梅-儿童行为发育中心-副主任医师-中山大学附属第三医院.jpg,123687,86571a3ebb972ebf51ed2e08eeacaebaa2d98b5b82e4386153bd51a5d12fb5a1,433,593,
李建英,https://www.zssy.com.cn/node/11117,实采,,https://www.zssy.com.cn/sites/zssy.prod.sysucloud1.sysu.edu.cn/files/2019031910435839578113.jpg,01_试点医院/中山大学附属第三医院/照片/李建英-儿童行为发育中心-副主任医师-中山大学附属第三医院.jpg,245835,94edcff35bba89bf44f9e319481af78052ecf7e05dcd962e37a35d896e400602,2430,3184,
陈凯云,https://www.zssy.com.cn/node/29976,实采,,https://www.zssy.com.cn/sites/zssy.prod.sysucloud1.sysu.edu.cn/files/%E9%99%88%E5%87%AF%E4%BA%91%202025_1.jpeg,01_试点医院/中山大学附属第三医院/照片/陈凯云-儿童行为发育中心-副主任医师-中山大学附属第三医院.jpg,1224600,6b3cf956ae279add1dc5d90a87472930e4e0efe87268190f94cf25e0b0f7c01e,3172,4198,
陈碧媛,https://www.zssy.com.cn/node/29977,实采,,https://www.zssy.com.cn/sites/zssy.prod.sysucloud1.sysu.edu.cn/files/%E9%99%88%E7%A2%A7%E5%AA%9B%E5%B7%A5%E4%BD%9C%E7%85%A7.jpg,01_试点医院/中山大学附属第三医院/照片/陈碧媛-儿童行为发育中心-副主任医师-中山大学附属第三医院.jpg,1667895,3e3b2b7d6f588ab61701dd16d079063221f2e575b9037dd4fadae6cccb5ed619,2687,4032,
刘玲玲,https://www.zssy.com.cn/node/15241,实采,,https://www.zssy.com.cn/sites/zssy.prod.sysucloud1.sysu.edu.cn/files/%E5%BE%AE%E4%BF%A1%E5%9B%BE%E7%89%87_20210827182036.jpg,01_试点医院/中山大学附属第三医院/照片/刘玲玲-全科医学科-主治医师-中山大学附属第三医院.jpg,85964,212a5257e0ad45fc852ffd8602a6a08e3c212fb9c786041d85b1214cc7d2e057,1080,1620,
李舣婷,https://www.zssy.com.cn/node/15243,实采,,https://www.zssy.com.cn/sites/zssy.prod.sysucloud1.sysu.edu.cn/files/%E5%BE%AE%E4%BF%A1%E5%9B%BE%E7%89%87_20210827182004.jpg,01_试点医院/中山大学附属第三医院/照片/李舣婷-全科医学科-住院医师-中山大学附属第三医院.jpg,80574,2167fb32b99ecfc1f292b9c1240952ca706f6377a934c3c24d48b52047d014d7,1080,1571,
黄嘉宝,https://www.zssy.com.cn/node/15246,实采,,https://www.zssy.com.cn/sites/zssy.prod.sysucloud1.sysu.edu.cn/files/%E5%BE%AE%E4%BF%A1%E5%9B%BE%E7%89%87_20210827182012.jpg,01_试点医院/中山大学附属第三医院/照片/黄嘉宝-全科医学科-住院医师-中山大学附属第三医院.jpg,82718,bd31751dae103c6b2e952b2e0d199571f3ae5f3ee89d14a48e870785d79bcb24,1080,1570,
黄斌,https://www.zssy.com.cn/node/15248,实采,,https://www.zssy.com.cn/sites/zssy.prod.sysucloud1.sysu.edu.cn/files/%E5%BE%AE%E4%BF%A1%E5%9B%BE%E7%89%87_20210827181957.jpg,01_试点医院/中山大学附属第三医院/照片/黄斌-全科医学科-住院医师-中山大学附属第三医院.jpg,71735,6858f268cbd63047fc88255dd48d3df3447c262046e5a02322c4735c5c1e8355,1080,1571,
万苗坚,https://www.zssy.com.cn/node/15315,实采,,https://www.zssy.com.cn/sites/zssy.prod.sysucloud1.sysu.edu.cn/files/%E4%B8%87%E8%8B%97%E5%9D%9A_0.jpg,01_试点医院/中山大学附属第三医院/照片/万苗坚-化妆品评价中心-主任医师-中山大学附属第三医院.jpg,255674,db8068a6d57d2f038866914be929778c80af16b58d409e3edea8bb811404dcaa,958,1024,
苏向阳,https://www.zssy.com.cn/node/15318,实采,,https://www.zssy.com.cn/sites/zssy.prod.sysucloud1.sysu.edu.cn/files/%E8%8B%8F%E5%90%91%E9%98%B3_0.JPG,01_试点医院/中山大学附属第三医院/照片/苏向阳-化妆品评价中心-主任医师-中山大学附属第三医院.jpg,121017,8b6ce5ab35a2e018d2a4f8be4df3352fc1020b6d459b5abf20d5003a2499462b,1080,1081,
谢小元,https://www.zssy.com.cn/node/15322,实采,,https://www.zssy.com.cn/sites/zssy.prod.sysucloud1.sysu.edu.cn/files/%E8%B0%A2%E5%B0%8F%E5%85%83.jpg,01_试点医院/中山大学附属第三医院/照片/谢小元-化妆品评价中心-未标注-中山大学附属第三医院.jpg,101015,dff67f826dc0ee386a83d902dc6ae0cc523413164ab4265d432786d21af62c63,852,1098,
谢淑霞,https://www.zssy.com.cn/node/15317,实采,,https://www.zssy.com.cn/sites/zssy.prod.sysucloud1.sysu.edu.cn/files/%E8%B0%A2%E6%B7%91%E9%9C%9E_0.jpg,01_试点医院/中山大学附属第三医院/照片/谢淑霞-化妆品评价中心-未标注-中山大学附属第三医院.jpg,1533718,1f43d32f1effee113e1fa854cb07708e52efbd03b09ce6f3777bfa9d1c296d09,2000,3000,
龚子鉴,https://www.zssy.com.cn/node/15319,实采,,https://www.zssy.com.cn/sites/zssy.prod.sysucloud1.sysu.edu.cn/files/%E7%9A%AE%E8%82%A4%E7%A7%91%20%E9%BE%9A%E5%AD%90%E9%89%B4%20%E5%8E%8B%E7%BC%A9.jpg,01_试点医院/中山大学附属第三医院/照片/龚子鉴-化妆品评价中心-副主任医师-中山大学附属第三医院.jpg,1975483,78368e4b3c7f94d33a6878dd969b4b1201577790bc1828a44ada04d60eec903c,2433,2918,
揭育胜,https://www.zssy.com.cn/node/30076,失败,无照片容器,,,,,,,无照片容器
覃杰,https://www.zssy.com.cn/node/30078,失败,无照片容器,,,,,,,无照片容器
黑子清,https://www.zssy.com.cn/node/30077,失败,无照片容器,,,,,,,无照片容器
杨钦泰,https://www.zssy.com.cn/node/15324,实采,,https://www.zssy.com.cn/sites/zssy.prod.sysucloud1.sysu.edu.cn/files/%E5%9B%BE%E7%89%87%204.png,01_试点医院/中山大学附属第三医院/照片/杨钦泰-变态反应（过敏）学科-主任医师-中山大学附属第三医院.png,283785,dee9af26755fd7c56220e3a7a480c86cfdae213da9033c751fe4f6a723b3d032,374,499,
黄雪琨,https://www.zssy.com.cn/node/15298,实采,,https://www.zssy.com.cn/sites/zssy.prod.sysucloud1.sysu.edu.cn/files/%E5%9B%BE%E7%89%87%2018.png,01_试点医院/中山大学附属第三医院/照片/黄雪琨-变态反应（过敏）学科-主任医师-中山大学附属第三医院.png,266724,00af7439b8c7fb82999acaa29cfe3ede6069e0f11c0098539fb91429e51a80c5,374,499,
刁惠波,https://www.zssy.com.cn/node/14217,实采,,https://www.zssy.com.cn/sites/zssy.prod.sysucloud1.sysu.edu.cn/files/%E5%BE%AE%E4%BF%A1%E5%9B%BE%E7%89%87_20210902081954.jpg,01_试点医院/中山大学附属第三医院/照片/刁惠波-口腔科-副主任医师-中山大学附属第三医院.jpg,530303,7da022ad4e8a4f4ea951661425a8090dec457decf819f1b9b66e738c6672fd0d,2123,2180,
卢红飞,https://www.zssy.com.cn/node/28443,实采,,https://www.zssy.com.cn/sites/zssy.prod.sysucloud1.sysu.edu.cn/files/%E5%8D%A2%E7%BA%A2%E9%A3%9E.jpg,01_试点医院/中山大学附属第三医院/照片/卢红飞-口腔科-副主任医师-中山大学附属第三医院.jpg,1153880,fc5a5a86c821ea5a5e3502912cc20e6a4b91fd855ec31085e97dfb767be5becd,2000,2591,
彭助力,https://www.zssy.com.cn/node/28440,实采,,https://www.zssy.com.cn/sites/zssy.prod.sysucloud1.sysu.edu.cn/files/%E5%BD%AD%E5%8A%A9%E5%8A%9B.jpg,01_试点医院/中山大学附属第三医院/照片/彭助力-口腔科-副主任医师-中山大学附属第三医院.jpg,10203,f624673256a485d8a01650c498225dadf950dde40c8a7b7e161a90f6e02436d1,281,320,
李婵秀,https://www.zssy.com.cn/node/28436,实采,,https://www.zssy.com.cn/sites/zssy.prod.sysucloud1.sysu.edu.cn/files/%E6%9D%8E%E5%A9%B5%E7%A7%80.jpg,01_试点医院/中山大学附属第三医院/照片/李婵秀-口腔科-副主任医师-中山大学附属第三医院.jpg,1449673,b29d7c495929a80168d00ed137a28eeea7c83ba3887a797db1cf977b4808e167,1500,1900,
李若兰,https://www.zssy.com.cn/node/11054,实采,,https://www.zssy.com.cn/sites/zssy.prod.sysucloud1.sysu.edu.cn/files/%E6%9D%8E%E8%8B%A5%E5%85%B0_0.jpg,01_试点医院/中山大学附属第三医院/照片/李若兰-口腔科-副主任医师-中山大学附属第三医院.jpg,1422167,df13569dbe4808c885166ba13191139561daf680ab3b9b08c3942563d213960a,2309,2809,
王萍,https://www.zssy.com.cn/node/11043,实采,,https://www.zssy.com.cn/sites/zssy.prod.sysucloud1.sysu.edu.cn/files/%E7%8E%8B%E8%90%8D_0.jpg,01_试点医院/中山大学附属第三医院/照片/王萍-口腔科-副主任医师-中山大学附属第三医院.jpg,196497,8fc634eeb708f430f232e771e2a99af96c413c24778dc5c9cf1a615c9e36b82f,1280,1280,
艾虹,https://www.zssy.com.cn/node/14212,实采,,https://www.zssy.com.cn/sites/zssy.prod.sysucloud1.sysu.edu.cn/files/WechatIMG426%E7%9A%84%E5%89%AF%E6%9C%AC.jpeg,01_试点医院/中山大学附属第三医院/照片/艾虹-口腔科-教授-中山大学附属第三医院.jpg,762238,74f81bb343076bf1672e54272e12cf52c3dc5ee2b577c857b9880afd43d3b5e4,1878,1697,
陈霞云,https://www.zssy.com.cn/node/14209,实采,,https://www.zssy.com.cn/sites/zssy.prod.sysucloud1.sysu.edu.cn/files/%E5%BE%AE%E4%BF%A1%E5%9B%BE%E7%89%87_20210909093929.jpg,01_试点医院/中山大学附属第三医院/照片/陈霞云-口腔科-副主任医师-中山大学附属第三医院.jpg,702310,45bc16b8dafe87c46c1dde88861b8701ea77d8d5fe512f00acfa29cb77f9d066,2163,2682,
麦志辉,https://www.zssy.com.cn/node/15378,实采,,https://www.zssy.com.cn/sites/zssy.prod.sysucloud1.sysu.edu.cn/files/2021062410111588934801.jpg,01_试点医院/中山大学附属第三医院/照片/麦志辉-口腔科-主任医师-中山大学附属第三医院.jpg,258806,98cc511a92dcc6b6e90393c040c89d2ccb1e65dca995b5a3502a02a40a374043,2766,3622,
黑子清,https://www.zssy.com.cn/node/11288,实采,,https://www.zssy.com.cn/sites/zssy.prod.sysucloud1.sysu.edu.cn/files/WechatIMG157.jpeg,01_试点医院/中山大学附属第三医院/照片/黑子清-手术麻醉中心-主任医师-中山大学附属第三医院.jpg,1714351,67921b8ffaf2704fd659da8bdeeabb490e62b9f43b40bf27a4705ba14ddab167,1500,2001,
康庄,https://www.zssy.com.cn/node/11211,实采,,https://www.zssy.com.cn/sites/zssy.prod.sysucloud1.sysu.edu.cn/files/2020011311360387763811.png,01_试点医院/中山大学附属第三医院/照片/康庄-放射科-主任技师-中山大学附属第三医院.jpg,37218,beedda8def7b1d16888c8a11258799144ac281c891da7d8736983fac394525e5,321,401,
张丽娜,https://www.zssy.com.cn/node/29869,实采,,https://www.zssy.com.cn/sites/zssy.prod.sysucloud1.sysu.edu.cn/files/%E5%BC%A0%E4%B8%BD%E5%A8%9C.png,01_试点医院/中山大学附属第三医院/照片/张丽娜-放射科-副主任医师-中山大学附属第三医院.png,894260,277776564f10b176f718191bf667551d09a484330e3e6b46d721960eb52f2fcf,1310,1645,
江婷,https://www.zssy.com.cn/node/15558,实采,,https://www.zssy.com.cn/sites/zssy.prod.sysucloud1.sysu.edu.cn/files/%E6%B1%9F.jpg,01_试点医院/中山大学附属第三医院/照片/江婷-放射科-副主任医师-中山大学附属第三医院.jpg,147367,bc426a0eb5d18f711d7f62b3b17a55f46bfaf891ec37d202dc0dbcf37f8af30f,413,591,
胡冰,https://www.zssy.com.cn/node/11216,实采,,https://www.zssy.com.cn/sites/zssy.prod.sysucloud1.sysu.edu.cn/files/2017092214483964993827.png,01_试点医院/中山大学附属第三医院/照片/胡冰-放射科-副主任医师-中山大学附属第三医院.jpg,37292,27d9b1fee2ad62bc677e77fdb5c5eeb2399a166f6adf47dacf4bc4c391f0acf6,200,255,
邹艳,https://www.zssy.com.cn/node/11218,实采,,https://www.zssy.com.cn/sites/zssy.prod.sysucloud1.sysu.edu.cn/files/2017092214472178355937.png,01_试点医院/中山大学附属第三医院/照片/邹艳-放射科-副主任医师-中山大学附属第三医院.jpg,95398,a9449e806d4dea7f5f4158220b292879cf568ef7e8113b25836fb61a7abeb6a9,385,525,
张峰,https://www.zssy.com.cn/node/11184,实采,,https://www.zssy.com.cn/sites/zssy.prod.sysucloud1.sysu.edu.cn/files/%E5%BC%A0%E5%B3%B0_23871%281%29.png,01_试点医院/中山大学附属第三医院/照片/张峰-核医学科-副主任技师-中山大学附属第三医院.png,1394032,10e3ddfc123671e83c65be0d8e3d8a1e03a82599e283edd519e5f30f9105f627,1279,1844,
邹睿,https://www.zssy.com.cn/node/22256,实采,,https://www.zssy.com.cn/sites/zssy.prod.sysucloud1.sysu.edu.cn/files/%E5%BE%AE%E4%BF%A1%E5%9B%BE%E7%89%87_20260403154353.png,01_试点医院/中山大学附属第三医院/照片/邹睿-核医学科-副研究员-中山大学附属第三医院.png,120111,7a094c99fb96e621b2f2b188e09370b1161cabedc35b76c8f4692e9855368dbc,346,461,
吴宗华,https://www.zssy.com.cn/node/15161,实采,,https://www.zssy.com.cn/sites/zssy.prod.sysucloud1.sysu.edu.cn/files/%E5%90%B4%E5%AE%97%E5%8D%8E.jpg,01_试点医院/中山大学附属第三医院/照片/吴宗华-检验科-副主任技师-中山大学附属第三医院.jpg,31069,0c86e7b1d1e5e96399ffb4b92c9ecc1a5e58ff4ba977af8774a131ee2243cebd,230,334,
周文营,https://www.zssy.com.cn/node/15166,实采,,https://www.zssy.com.cn/sites/zssy.prod.sysucloud1.sysu.edu.cn/files/%E5%BE%AE%E4%BF%A1%E5%9B%BE%E7%89%87_20210824160945.jpg,01_试点医院/中山大学附属第三医院/照片/周文营-检验科-副主任技师-中山大学附属第三医院.jpg,116675,a8a337a072fc954cb4cf891824773f9925462a4786a2ec340ab3f2fd983d534f,390,567,
孙恒昌,https://www.zssy.com.cn/node/26156,实采,,https://www.zssy.com.cn/sites/zssy.prod.sysucloud1.sysu.edu.cn/files/%E5%AD%99%E6%81%92%E6%98%8C.jpg,01_试点医院/中山大学附属第三医院/照片/孙恒昌-检验科-副主任技师-中山大学附属第三医院.jpg,14176,1420c37bf17ff7850e9d9a0f780aa43cde627c6ff8b3e329c8ea9c488136b849,390,567,
尚梅,https://www.zssy.com.cn/node/27634,实采,,https://www.zssy.com.cn/sites/zssy.prod.sysucloud1.sysu.edu.cn/files/%E5%B0%9A%E6%A2%851_0.png,01_试点医院/中山大学附属第三医院/照片/尚梅-检验科-副主任技师-中山大学附属第三医院.png,1327201,7c702708b364617619dacbe251efebf87b3e99b8d66ec1c57cb8df5e5c450188,780,863,
席云,https://www.zssy.com.cn/node/15151,实采,,https://www.zssy.com.cn/sites/zssy.prod.sysucloud1.sysu.edu.cn/files/1629857009%281%29.png,01_试点医院/中山大学附属第三医院/照片/席云-检验科-主任技师-中山大学附属第三医院.png,309130,e764b609cab3de46704af410b70216e568dd78d4c04b1c9e8db7a22e3c488b08,400,558,
廖媛,https://www.zssy.com.cn/node/15165,实采,,https://www.zssy.com.cn/sites/zssy.prod.sysucloud1.sysu.edu.cn/files/%E5%BE%AE%E4%BF%A1%E5%9B%BE%E7%89%87_20210824103621.jpg,01_试点医院/中山大学附属第三医院/照片/廖媛-检验科-副主任技师-中山大学附属第三医院.jpg,49571,39e3b80a8b378dc7a3eded8f2ea52cb9e1dc294033a20b20b69bb0c9561bc401,260,378,
曹宝华,https://www.zssy.com.cn/node/26155,实采,,https://www.zssy.com.cn/sites/zssy.prod.sysucloud1.sysu.edu.cn/files/%E6%9B%B9%E5%AE%9D%E5%8D%8E.jpg,01_试点医院/中山大学附属第三医院/照片/曹宝华-检验科-副主任技师-中山大学附属第三医院.jpg,12121,63d7a8001560595afd667454f22613ef0c44e606a0c36d3c93c8ec1d46e3efcf,295,413,
李晓杰,https://www.zssy.com.cn/node/23473,实采,,https://www.zssy.com.cn/sites/zssy.prod.sysucloud1.sysu.edu.cn/files/%E6%9D%8E%E5%B0%8F%E6%9D%B0.jpg,01_试点医院/中山大学附属第三医院/照片/李晓杰-检验科-副主任技师-中山大学附属第三医院.jpg,551120,6c70bb392629a80efd399d2e74d8d101218eb8348d22e17ebf882200d6e3af79,780,1134,
李朝霞,https://www.zssy.com.cn/node/15150,实采,,https://www.zssy.com.cn/sites/zssy.prod.sysucloud1.sysu.edu.cn/files/%E5%BE%AE%E4%BF%A1%E5%9B%BE%E7%89%87_20210824103928.jpg,01_试点医院/中山大学附属第三医院/照片/李朝霞-检验科-主任技师-中山大学附属第三医院.jpg,13043,2b6690affeab82fa943af0d1c84383321b4eab54c5886f795e7c3dd958632a69,132,176,
梁家隐,https://www.zssy.com.cn/node/15156,实采,,https://www.zssy.com.cn/sites/zssy.prod.sysucloud1.sysu.edu.cn/files/%E6%A2%81%E5%AE%B6%E9%9A%90.jpg,01_试点医院/中山大学附属第三医院/照片/梁家隐-检验科-副主任技师-中山大学附属第三医院.jpg,81244,6f89c940901e8982158f919e38b04ec89623dc6a5eaef122848a34e20675a059,450,660,
王扬,https://www.zssy.com.cn/node/23472,实采,,https://www.zssy.com.cn/sites/zssy.prod.sysucloud1.sysu.edu.cn/files/13dbf338bf16ca12d5f8ba58e77142a.jpg,01_试点医院/中山大学附属第三医院/照片/王扬-检验科-副主任技师-中山大学附属第三医院.jpg,11913,24e9323dc8fa67b9c6cccea947d81e496391b74fab96d41d61e979ca41b569f6,295,413,
章钧,https://www.zssy.com.cn/node/27635,实采,,https://www.zssy.com.cn/sites/zssy.prod.sysucloud1.sysu.edu.cn/files/%E7%AB%A0%E9%92%A7.jpg,01_试点医院/中山大学附属第三医院/照片/章钧-检验科-副主任技师-中山大学附属第三医院.jpg,64373,e0fb1174b45723a849d9ee73930f596a86e09b05abb0f5c2848dbcaafb584341,747,961,
罗敏琪,https://www.zssy.com.cn/node/15147,实采,,https://www.zssy.com.cn/sites/zssy.prod.sysucloud1.sysu.edu.cn/files/%E7%BD%97%E6%95%8F%E7%90%AA.jpg,01_试点医院/中山大学附属第三医院/照片/罗敏琪-检验科-副主任技师-中山大学附属第三医院.jpg,38859,a29781a2177ebe35a7c9eddeb2516f2ecaece45455991b107e3cec25d9d4e0cd,227,277,
胡波,https://www.zssy.com.cn/node/15146,实采,,https://www.zssy.com.cn/sites/zssy.prod.sysucloud1.sysu.edu.cn/files/%E5%BE%AE%E4%BF%A1%E5%9B%BE%E7%89%87_20210824103612.jpg,01_试点医院/中山大学附属第三医院/照片/胡波-检验科-主任技师-中山大学附属第三医院.jpg,210728,d8fa30c7f026b13e684e71c6e257ccc1c7794387d98013fb0603f99d535376c7,709,1026,
董慧敏,https://www.zssy.com.cn/node/15164,实采,,https://www.zssy.com.cn/sites/zssy.prod.sysucloud1.sysu.edu.cn/files/%E8%91%A3%E6%85%A7%E6%95%8F.jpg,01_试点医院/中山大学附属第三医院/照片/董慧敏-检验科-副主任技师-中山大学附属第三医院.jpg,91140,ed07b1b9de3e17df8cfdf377c9413eced661464a9b4501b4e7f0b8670bb4b20e,331,449,
陈亚琼,https://www.zssy.com.cn/node/23471,实采,,https://www.zssy.com.cn/sites/zssy.prod.sysucloud1.sysu.edu.cn/files/11_5.jpg,01_试点医院/中山大学附属第三医院/照片/陈亚琼-检验科-副主任技师-中山大学附属第三医院.jpg,217108,b3e363364ee6be148f382d85d6e2f730486cfff9ddf14b79674d084868317c6a,1265,1580,
陈忠城,https://www.zssy.com.cn/node/15153,实采,,https://www.zssy.com.cn/sites/zssy.prod.sysucloud1.sysu.edu.cn/files/%E9%99%88%E5%BF%A0%E5%9F%8E.jpg,01_试点医院/中山大学附属第三医院/照片/陈忠城-检验科-副主任技师-中山大学附属第三医院.jpg,17453,882c6ff5adef34d42828b8a866c1909e8d19182c89b15c3b89b591c6386d22e4,150,210,
陈文思,https://www.zssy.com.cn/node/15157,实采,,https://www.zssy.com.cn/sites/zssy.prod.sysucloud1.sysu.edu.cn/files/%E5%BE%AE%E4%BF%A1%E5%9B%BE%E7%89%87_20210824104007.jpg,01_试点医院/中山大学附属第三医院/照片/陈文思-检验科-副主任技师-中山大学附属第三医院.jpg,16309,4ae3464c0b51b00a344b2c7c339e63aee6a100a1a2e5180ba319a06fd92df072,115,150,
黄建华,https://www.zssy.com.cn/node/15155,实采,,https://www.zssy.com.cn/sites/zssy.prod.sysucloud1.sysu.edu.cn/files/%E9%BB%84%E5%BB%BA%E5%8D%8E.jpg,01_试点医院/中山大学附属第三医院/照片/黄建华-检验科-副主任技师-中山大学附属第三医院.jpg,88726,800787a15148632b2eabaf61d2b3fa39ff17a8fea392b45b034e2c2f7b8c75c3,319,449,
龚娇,https://www.zssy.com.cn/node/15163,实采,,https://www.zssy.com.cn/sites/zssy.prod.sysucloud1.sysu.edu.cn/files/%E5%BE%AE%E4%BF%A1%E5%9B%BE%E7%89%87_20210824103541.jpg,01_试点医院/中山大学附属第三医院/照片/龚娇-检验科-主任技师-中山大学附属第三医院.jpg,41809,9cb9ec7029c98f1bbb95b616225bb21712272c8ec871c980ca6a24ca1f2a4936,291,412,
黄文涛,https://www.zssy.com.cn/node/15450,实采,,https://www.zssy.com.cn/sites/zssy.prod.sysucloud1.sysu.edu.cn/files/%E5%BE%AE%E4%BF%A1%E5%9B%BE%E7%89%87_20210909144446.jpg,01_试点医院/中山大学附属第三医院/照片/黄文涛-泌尿外科-副主任医师-中山大学附属第三医院.jpg,45347,ebb8f3cdaaf47ec83eaa83a014e0dc2297425ce74a87f52e7a697e2276379777,793,911,
肖振东,https://www.zssy.com.cn/node/16209,实采,,https://www.zssy.com.cn/sites/zssy.prod.sysucloud1.sysu.edu.cn/files/%E8%82%96%E6%8C%AF%E4%B8%9C_0.jpg,01_试点医院/中山大学附属第三医院/照片/肖振东-生物治疗中心-研究员-中山大学附属第三医院.jpg,17292,05787d775dc78650ac84a50277bc69965ccca2e23ef5402faa1c795b072f8a65,390,567,
许燕,https://www.zssy.com.cn/node/16208,实采,,https://www.zssy.com.cn/sites/zssy.prod.sysucloud1.sysu.edu.cn/files/%E8%AE%B8%E7%87%95_0.jpg,01_试点医院/中山大学附属第三医院/照片/许燕-生物治疗中心-研究员-中山大学附属第三医院.jpg,43713,ec93d0c725d6709c549f83df26909dad80faf454424f20b15389e19345ed8ae5,390,567,
张娜娜,https://www.zssy.com.cn/node/20650,实采,,https://www.zssy.com.cn/sites/zssy.prod.sysucloud1.sysu.edu.cn/files/1111.jpg,01_试点医院/中山大学附属第三医院/照片/张娜娜-病理科-副主任医师-中山大学附属第三医院.jpg,201583,1dde695c60ef158d39df80ebef11e5fbf9ea7d7ef3ae57afdde372ba7b2cdad7,720,857,
李海凤,https://www.zssy.com.cn/node/20652,实采,,https://www.zssy.com.cn/sites/zssy.prod.sysucloud1.sysu.edu.cn/files/9999_0.jpg,01_试点医院/中山大学附属第三医院/照片/李海凤-病理科-主治医师-中山大学附属第三医院.jpg,415127,6fe2519d5722592bf23c8f041a0c5d83e5f66a18182178d764735725baf997e2,724,830,
张云青,https://www.zssy.com.cn/node/11303,实采,,https://www.zssy.com.cn/sites/zssy.prod.sysucloud1.sysu.edu.cn/files/%E5%BC%A0%E4%BA%91%E9%9D%92.jpg,01_试点医院/中山大学附属第三医院/照片/张云青-皮肤性病科-副主任医师-中山大学附属第三医院.jpg,173176,a1cf594fd16819f657a80c129cd90ff609f29372a8adb0892929a92f7e9750ed,1080,1620,
朱蕾,https://www.zssy.com.cn/node/28425,实采,,https://www.zssy.com.cn/sites/zssy.prod.sysucloud1.sysu.edu.cn/files/%E6%9C%B1%E8%95%BE.jpg,01_试点医院/中山大学附属第三医院/照片/朱蕾-皮肤性病科-主任医师-中山大学附属第三医院.jpg,31058,5611b7e1b61bb67313f5dd2585d74d79356be84de031c114ea5b90d89ccafaf9,297,366,
黄胜华,https://www.zssy.com.cn/node/28426,实采,,https://www.zssy.com.cn/sites/zssy.prod.sysucloud1.sysu.edu.cn/files/%E9%BB%84%E8%83%9C%E5%8D%8E.jpeg,01_试点医院/中山大学附属第三医院/照片/黄胜华-皮肤性病科-未标注-中山大学附属第三医院.jpg,38238,a9947712bbc882cf963c9745588083492daebd93045f1406140e062d4e179be5,200,260,
凌士奇,https://www.zssy.com.cn/node/11079,实采,,https://www.zssy.com.cn/sites/zssy.prod.sysucloud1.sysu.edu.cn/files/2014011714544026209263.jpg,01_试点医院/中山大学附属第三医院/照片/凌士奇-眼科-主任医师-中山大学附属第三医院.jpg,72008,be3638294fc860044442141e0e53448751a5e33526b02015deb75c252f6c5cdc,300,410,
夏小平,https://www.zssy.com.cn/node/11059,实采,,https://www.zssy.com.cn/sites/zssy.prod.sysucloud1.sysu.edu.cn/files/830305.jpg,01_试点医院/中山大学附属第三医院/照片/夏小平-眼科-教授-中山大学附属第三医院.jpg,11046,0c578736211fbcd33f15336e87eb1646519df54b84e912259afb9a0b57130b88,132,176,
李奇根,https://www.zssy.com.cn/node/11051,实采,,https://www.zssy.com.cn/sites/zssy.prod.sysucloud1.sysu.edu.cn/files/2016060708541079015160.jpg,01_试点医院/中山大学附属第三医院/照片/李奇根-眼科-副主任医师-中山大学附属第三医院.jpg,93179,389576ccc3fd237d634fec9e40e8ff28457e5107521582f5ead5566f6d90edb2,416,583,
余青芬,https://www.zssy.com.cn/node/11152,实采,,https://www.zssy.com.cn/sites/zssy.prod.sysucloud1.sysu.edu.cn/files/2021010715555753844679.jpg,01_试点医院/中山大学附属第三医院/照片/余青芬-神经内科-副研究员-中山大学附属第三医院.jpg,1814473,8b7aca56155942249cfe0c7a160487322d7214176672e9e105710323a98a4884,1701,2211,
汤常永,https://www.zssy.com.cn/node/11128,实采,,https://www.zssy.com.cn/sites/zssy.prod.sysucloud1.sysu.edu.cn/files/%E6%B1%A4%E5%B8%B8%E6%B0%B8_1.jpg,01_试点医院/中山大学附属第三医院/照片/汤常永-神经内科-研究员-中山大学附属第三医院.jpg,103881,315906e52adddfa9b7c0dd980e8b671bf57f92f90ac27c516e95068e327bcfd9,443,612,
汪丽清,https://www.zssy.com.cn/node/11030,实采,,https://www.zssy.com.cn/sites/zssy.prod.sysucloud1.sysu.edu.cn/files/2019030609480864031128.jpg,01_试点医院/中山大学附属第三医院/照片/汪丽清-神经内科-副主任技师-中山大学附属第三医院.jpg,404857,98ea9f90d3d430b01a1a804fb476eeae4d5f318ea38fa90f946a3637e7cf1efa,3318,3996,
赵宜鹏,https://www.zssy.com.cn/node/28466,实采,,https://www.zssy.com.cn/sites/zssy.prod.sysucloud1.sysu.edu.cn/files/%E5%9B%BE%E7%89%871_17.png,01_试点医院/中山大学附属第三医院/照片/赵宜鹏-神经内科-副研究员-中山大学附属第三医院.png,207267,ad72a33c08c818b3fcece021613c30698bf34eb94bc0b12d254ab8b85eb4dbf1,298,416,
边连防,https://www.zssy.com.cn/node/11151,实采,,https://www.zssy.com.cn/sites/zssy.prod.sysucloud1.sysu.edu.cn/files/2021011416505790810683.jpg,01_试点医院/中山大学附属第三医院/照片/边连防-神经内科-主任医师-中山大学附属第三医院.jpg,308142,b21b3a4fe81b1caf9f67b773fe3e435549f8c2d33f18e05def80b5d5bf2b61c6,850,1092,
魏磊,https://www.zssy.com.cn/node/11145,实采,,https://www.zssy.com.cn/sites/zssy.prod.sysucloud1.sysu.edu.cn/files/2020031210023175372504.jpg,01_试点医院/中山大学附属第三医院/照片/魏磊-神经内科-副主任医师-中山大学附属第三医院.jpg,85309,ec6a2a74e035d7ca92184bb989cdc0262c504080082cb4bbdb4d7b609a827143,417,583,
陈川,https://www.zssy.com.cn/node/14222,实采,,https://www.zssy.com.cn/sites/zssy.prod.sysucloud1.sysu.edu.cn/files/2020063015341110825508.jpg,01_试点医院/中山大学附属第三医院/照片/陈川-神经外科-主任医师-中山大学附属第三医院.jpg,472769,8d76d546c1b9571931110cd9d434cba38ae3bb502aff43f3f9643452dd519e77,1034,1444,
神经内科,https://www.zssy.com.cn/node/15390,失败,占位图,,,,,,,占位图
神经外科,https://www.zssy.com.cn/node/15410,失败,占位图,,,,,,,占位图
精神,https://www.zssy.com.cn/node/15466,失败,占位图,,,,,,,占位图
脊柱外科,https://www.zssy.com.cn/node/15407,失败,占位图,,,,,,,占位图
脑病方向,https://www.zssy.com.cn/node/30221,失败,占位图,,,,,,,占位图
关念红,https://www.zssy.com.cn/node/15510,实采,,https://www.zssy.com.cn/sites/zssy.prod.sysucloud1.sysu.edu.cn/files/%E5%85%B3.png,01_试点医院/中山大学附属第三医院/照片/关念红-精神（心理）科-主任医师-中山大学附属第三医院.png,510376,15f2906816eecdae53b8c54358e6f5a097c0a5fcb42f15326344518d8b2d6acb,1080,1080,
张晋碚,https://www.zssy.com.cn/node/11073,实采,,https://www.zssy.com.cn/sites/zssy.prod.sysucloud1.sysu.edu.cn/files/%E5%BC%A0%E6%99%8B%E7%A2%9A1.jpg,01_试点医院/中山大学附属第三医院/照片/张晋碚-精神（心理）科-教授-中山大学附属第三医院.jpg,49736,d0ef439eafa1236c193906bd3e1b99ed40aa6e20e995a41f05ec8e78797ca227,666,917,
李雷俊,https://www.zssy.com.cn/node/28376,实采,,https://www.zssy.com.cn/sites/zssy.prod.sysucloud1.sysu.edu.cn/files/%E6%9D%8E%E9%9B%B7%E4%BF%8A_0.png,01_试点医院/中山大学附属第三医院/照片/李雷俊-精神（心理）科-副主任医师-中山大学附属第三医院.png,532364,8f851f7e84b35db0f4fac3b162602b30652424617bff9f749b1c389a888f51e0,1125,1125,
甘照宇,https://www.zssy.com.cn/node/15507,实采,,https://www.zssy.com.cn/sites/zssy.prod.sysucloud1.sysu.edu.cn/files/%E7%94%98%E7%85%A7%E5%AE%87_0.png,01_试点医院/中山大学附属第三医院/照片/甘照宇-精神（心理）科-主任医师-中山大学附属第三医院.png,156496,bafb7ccabd0d2f5a055f09a1b67e8d2827ffe5c68b636b624a7aea07fb9983c6,354,501,
郑俩荣,https://www.zssy.com.cn/node/28377,实采,,https://www.zssy.com.cn/sites/zssy.prod.sysucloud1.sysu.edu.cn/files/45922dfd-4abc-479f-bd82-c29fb74a8984.png,01_试点医院/中山大学附属第三医院/照片/郑俩荣-精神（心理）科-副主任医师-中山大学附属第三医院.png,214727,5b62246275a5db1bec9b3e7f24ba40c1f6b89c3c5bb693cf4746af593dc7399c,400,458,
陈敏华,https://www.zssy.com.cn/node/28379,实采,,https://www.zssy.com.cn/sites/zssy.prod.sysucloud1.sysu.edu.cn/files/%E9%99%88%E6%95%8F%E5%8D%8E.png,01_试点医院/中山大学附属第三医院/照片/陈敏华-精神（心理）科-未标注-中山大学附属第三医院.png,247633,703e1f78a97f48ac72e4e30f626c5119ef29b71d6f0628b1cc96f6bf949db81d,351,498,
陶炯,https://www.zssy.com.cn/node/15509,实采,,https://www.zssy.com.cn/sites/zssy.prod.sysucloud1.sysu.edu.cn/files/%E9%99%B6%E7%82%AF_0.png,01_试点医院/中山大学附属第三医院/照片/陶炯-精神（心理）科-主任医师-中山大学附属第三医院.png,208551,18c7041e1ba0e534affdd5bf8fdd41fc4725e9b79f832cd839968a5ec7916499,350,498,
李明强,https://www.zssy.com.cn/node/20662,实采,,https://www.zssy.com.cn/sites/zssy.prod.sysucloud1.sysu.edu.cn/files/2_6.png,01_试点医院/中山大学附属第三医院/照片/李明强-纳米医学中心-研究员-中山大学附属第三医院.png,171419,5c34f066bc3d546753df023e1e7ecdc7e1cdde0a9964d2f239db1f0b5991c04a,306,306,
王海霞,https://www.zssy.com.cn/node/20663,实采,,https://www.zssy.com.cn/sites/zssy.prod.sysucloud1.sysu.edu.cn/files/3_2.png,01_试点医院/中山大学附属第三医院/照片/王海霞-纳米医学中心-副研究员-中山大学附属第三医院.png,157310,601ecbbd3fc248e9983da3d1fab754840a25916ee0ee53e465b4c9de3a93fc4b,308,307,
罗进梅,https://www.zssy.com.cn/node/30266,失败,无照片容器,,,,,,,无照片容器
况琪斐,https://www.zssy.com.cn/node/30268,失败,无照片容器,,,,,,,无照片容器
曹学帅,https://www.zssy.com.cn/node/30269,失败,无照片容器,,,,,,,无照片容器
陈映娜,https://www.zssy.com.cn/node/30271,失败,无照片容器,,,,,,,无照片容器
黄雨茜,https://www.zssy.com.cn/node/30270,失败,无照片容器,,,,,,,无照片容器
吴庆武,https://www.zssy.com.cn/node/23872,实采,,https://www.zssy.com.cn/sites/zssy.prod.sysucloud1.sysu.edu.cn/files/%E5%90%B4%E5%BA%86%E6%AD%A6%E5%B7%A5%E4%BD%9C%E7%85%A7.jpg,01_试点医院/中山大学附属第三医院/照片/吴庆武-耳鼻咽喉科-未标注-中山大学附属第三医院.jpg,490052,0141a72dff196c7359decc62880ab62d0debab96cddd7822412996e377fef08f,808,1055,
常利红,https://www.zssy.com.cn/node/15198,实采,,https://www.zssy.com.cn/sites/zssy.prod.sysucloud1.sysu.edu.cn/files/11%E3%80%81%E5%B8%B8%E5%88%A9%E7%BA%A2.jpg,01_试点医院/中山大学附属第三医院/照片/常利红-耳鼻咽喉科-研究员-中山大学附属第三医院.jpg,65860,d0d129db270f9d87c8ff0367e9096ad14283787f9a4cac4be68a9873b548914e,513,684,
徐惠清,https://www.zssy.com.cn/node/24055,实采,,https://www.zssy.com.cn/sites/zssy.prod.sysucloud1.sysu.edu.cn/files/1%E3%80%81%E6%8A%A4%E5%A3%AB%E9%95%BF%EF%BC%8C%E5%BE%90%E6%83%A0%E6%B8%85%20%20%E4%B8%BB%E7%AE%A1%E6%8A%A4%E5%B8%88%20.jpg,01_试点医院/中山大学附属第三医院/照片/徐惠清-耳鼻咽喉科-未标注-中山大学附属第三医院.jpg,80368,69f8bc567d6cf7c5089edbdd692c0473accc8c624ede0e74036b03747c21524d,464,648,
杨钦泰,https://www.zssy.com.cn/node/14207,实采,,https://www.zssy.com.cn/sites/zssy.prod.sysucloud1.sysu.edu.cn/files/3%E3%80%81%E6%9D%A8%E9%92%A6%E6%B3%B0_2.jpg,01_试点医院/中山大学附属第三医院/照片/杨钦泰-耳鼻咽喉科-主任医师-中山大学附属第三医院.jpg,80294,5159bff95ec29586690ca8e9cfee46745e170d50139dbadb50ae8e3f690ff062,467,622,
林爱桃,https://www.zssy.com.cn/node/15201,实采,,https://www.zssy.com.cn/sites/zssy.prod.sysucloud1.sysu.edu.cn/files/2%E3%80%81%E6%9E%97%E7%88%B1%E6%A1%83%20%E5%89%AF%E4%B8%BB%E4%BB%BB%E6%8A%A4%E5%B8%88.jpg,01_试点医院/中山大学附属第三医院/照片/林爱桃-耳鼻咽喉科-未标注-中山大学附属第三医院.jpg,76296,b391796ead69386a6994839df6a651c9bd24064458b6daeaa9ba4ba5e91e4427,494,658,
石照辉,https://www.zssy.com.cn/node/24207,实采,,https://www.zssy.com.cn/sites/zssy.prod.sysucloud1.sysu.edu.cn/files/%E5%9B%BE%E7%89%872_6.png,01_试点医院/中山大学附属第三医院/照片/石照辉-耳鼻咽喉科-主任医师-中山大学附属第三医院.png,198627,af0e94c0a402ad944fa8ec96c751fce760507b7cbf4f5c78da48e7565347339e,300,450,
黑子清,https://www.zssy.com.cn/node/15559,实采,,https://www.zssy.com.cn/sites/zssy.prod.sysucloud1.sysu.edu.cn/files/WPS%E5%9B%BE%E7%89%87-%E4%BF%AE%E6%94%B9%E5%B0%BA%E5%AF%B8.jpg,01_试点医院/中山大学附属第三医院/照片/黑子清-胸痛中心-主任医师-中山大学附属第三医院.jpg,668642,1070187acc1c023215d079b0b51487d61fd6b989a7af52576e53c509d04ca471,1614,2425,
刘杰,https://www.zssy.com.cn/node/11185,实采,,https://www.zssy.com.cn/sites/zssy.prod.sysucloud1.sysu.edu.cn/files/ab0a4a5cc69bf1e5d277339c6db24c8.jpg,01_试点医院/中山大学附属第三医院/照片/刘杰-药剂科-主任药师-中山大学附属第三医院.jpg,284835,69247cb0ce129d0ed2b67ffe909ebca4caa2392065caf70db69ef6343286475f,1280,1618,
吴小林,https://www.zssy.com.cn/node/15425,实采,,https://www.zssy.com.cn/sites/zssy.prod.sysucloud1.sysu.edu.cn/files/%E5%BE%AE%E4%BF%A1%E5%9B%BE%E7%89%87_20210908152939.jpg,01_试点医院/中山大学附属第三医院/照片/吴小林-药剂科-副主任药师-中山大学附属第三医院.jpg,70372,80985bbc353408248068f93b63f9dd8488274852ee6ef0fb334c50b54ff8c45c,450,450,
庄华玲,https://www.zssy.com.cn/node/11220,实采,,https://www.zssy.com.cn/sites/zssy.prod.sysucloud1.sysu.edu.cn/files/%E5%BE%AE%E4%BF%A1%E5%9B%BE%E7%89%87_20210908174933.jpg,01_试点医院/中山大学附属第三医院/照片/庄华玲-药剂科-副主任药师-中山大学附属第三医院.jpg,11047,db0f833b5c197559fda4dac8d6962d116bc250726e35db13bc1d7c167c8437b1,269,393,
曲彩红,https://www.zssy.com.cn/node/15429,实采,,https://www.zssy.com.cn/sites/zssy.prod.sysucloud1.sysu.edu.cn/files/2018081008171251836384_0.png,01_试点医院/中山大学附属第三医院/照片/曲彩红-药剂科-主任药师-中山大学附属第三医院.jpg,16575,3206d5b5fb845f54f214be26e0a32dea2ee26aff46f741032831bf80d6d29b16,129,185,
李瑞珍,https://www.zssy.com.cn/node/15426,实采,,https://www.zssy.com.cn/sites/zssy.prod.sysucloud1.sysu.edu.cn/files/2014022421274028604899_1.jpg,01_试点医院/中山大学附属第三医院/照片/李瑞珍-药剂科-副主任药师-中山大学附属第三医院.jpg,347078,5ddf98d6a69101d07222c774e938a7db51b189517b089694de5f8ebafb46c167,2323,3232,
麦海燕,https://www.zssy.com.cn/node/19839,实采,,https://www.zssy.com.cn/sites/zssy.prod.sysucloud1.sysu.edu.cn/files/%E5%9B%BE%E7%89%871_3.jpg,01_试点医院/中山大学附属第三医院/照片/麦海燕-药剂科-主任药师-中山大学附属第三医院.jpg,15015,f5eedc59e6610d543961b09b44173b50f63a6abfaccdd746c4318e937df86b84,374,454,
黄际薇,https://www.zssy.com.cn/node/15431,实采,,https://www.zssy.com.cn/sites/zssy.prod.sysucloud1.sysu.edu.cn/files/2014022420430614009233_1.jpg,01_试点医院/中山大学附属第三医院/照片/黄际薇-药剂科-主任药师-中山大学附属第三医院.jpg,281000,bc151f5a0ae1d52b2695f80766a65bee4998fd6a5345b93d2e073d42b745d619,2526,3334,
任杰,https://www.zssy.com.cn/node/11217,实采,,https://www.zssy.com.cn/sites/zssy.prod.sysucloud1.sysu.edu.cn/files/%E4%BB%BB%E6%9D%B0.JPG,01_试点医院/中山大学附属第三医院/照片/任杰-超声科-主任医师-中山大学附属第三医院.jpg,1234899,96b2a618dc55763521157ea1cd7b26f2a97c2b74e66550c178d2413901ad70b7,2840,4260,
吴涛,https://www.zssy.com.cn/node/29838,实采,,https://www.zssy.com.cn/sites/zssy.prod.sysucloud1.sysu.edu.cn/files/%E5%90%B4_0.jpg,01_试点医院/中山大学附属第三医院/照片/吴涛-超声科-未标注-中山大学附属第三医院.jpg,263589,664b47156506e6e531bc605bf53989bf3e5e278297bf8f27d9e7bd5069a77459,1041,1563,
尹庭辉,https://www.zssy.com.cn/node/20259,实采,,https://www.zssy.com.cn/sites/zssy.prod.sysucloud1.sysu.edu.cn/files/%E5%B0%B9%E5%BA%AD%E8%BE%89.jpg,01_试点医院/中山大学附属第三医院/照片/尹庭辉-超声科-副主任医师-中山大学附属第三医院.jpg,1155980,b549b9b659aa9b9677a29b854965feff2d892d84be9969749370f4d02e035049,2088,3132,
廖梅,https://www.zssy.com.cn/node/29850,实采,,https://www.zssy.com.cn/sites/zssy.prod.sysucloud1.sysu.edu.cn/files/%E5%BB%96.jpg,01_试点医院/中山大学附属第三医院/照片/廖梅-超声科-副主任医师-中山大学附属第三医院.jpg,725003,e5a8ba6b4ebae7f389a1ca3b4f41afb729bedc193eb9666572b27016a78f17fb,1840,2760,
张新玲,https://www.zssy.com.cn/node/11203,实采,,https://www.zssy.com.cn/sites/zssy.prod.sysucloud1.sysu.edu.cn/files/%E5%BC%A0%E6%96%B0%E7%8E%B2.JPG,01_试点医院/中山大学附属第三医院/照片/张新玲-超声科-教授-中山大学附属第三医院.jpg,1443491,127f2bf49725ac4616d7cbc10d9aab584f0f2377215f2cfb157099bcad1e256e,2582,3873,
曾婕,https://www.zssy.com.cn/node/11182,实采,,https://www.zssy.com.cn/sites/zssy.prod.sysucloud1.sysu.edu.cn/files/%E6%9B%BE%E5%A9%95%20%281%29.jpg,01_试点医院/中山大学附属第三医院/照片/曾婕-超声科-主任医师-中山大学附属第三医院.jpg,184174,f3e3210f5d438438c54e9e44c60673c615131e2ae3e0b64c4873479b8f4a6e2f,2840,4260,
杨丽新,https://www.zssy.com.cn/node/20260,实采,,https://www.zssy.com.cn/sites/zssy.prod.sysucloud1.sysu.edu.cn/files/%E6%9D%A8%E4%B8%BD%E6%96%B0.jpg,01_试点医院/中山大学附属第三医院/照片/杨丽新-超声科-副主任技师-中山大学附属第三医院.jpg,783900,e304e570c863da0f3403ac1368609d5df383953fe22d295bc98b76084503134a,2073,3107,
郑博文,https://www.zssy.com.cn/node/29842,实采,,https://www.zssy.com.cn/sites/zssy.prod.sysucloud1.sysu.edu.cn/files/%E9%83%91.jpg,01_试点医院/中山大学附属第三医院/照片/郑博文-超声科-副主任医师-中山大学附属第三医院.jpg,1295890,6cf9f75d6bfea4ad114a0c84162176ebbc950f6c87a4d523aff0bf0325d858bc,2840,4260,
金洁旸,https://www.zssy.com.cn/node/29841,实采,,https://www.zssy.com.cn/sites/zssy.prod.sysucloud1.sysu.edu.cn/files/%E9%87%91.jpg,01_试点医院/中山大学附属第三医院/照片/金洁旸-超声科-未标注-中山大学附属第三医院.jpg,629513,83b5eff8a79be5dd9a9d1f06467b17fbf7c4b2ba28e5c8a973b4d2ed41e0c5cd,1663,2494,
陈军,https://www.zssy.com.cn/node/11200,实采,,https://www.zssy.com.cn/sites/zssy.prod.sysucloud1.sysu.edu.cn/files/%E9%99%88%E5%86%9B.jpg,01_试点医院/中山大学附属第三医院/照片/陈军-超声科-副主任医师-中山大学附属第三医院.jpg,1605424,876a2e411bfbffa086ab59671476e26b2c9da00af9945ec531a135d08e5898b2,2840,4260,
黄冬梅,https://www.zssy.com.cn/node/11205,实采,,https://www.zssy.com.cn/sites/zssy.prod.sysucloud1.sysu.edu.cn/files/%E9%BB%84%E5%86%AC%E6%A2%85.jpg,01_试点医院/中山大学附属第三医院/照片/黄冬梅-超声科-主任医师-中山大学附属第三医院.jpg,2063418,4a42d46e149e4f21e309087b225bd5bcb93651e31cda3e00b3a24505270f282a,2540,3810,
黄泽萍,https://www.zssy.com.cn/node/11192,实采,,https://www.zssy.com.cn/sites/zssy.prod.sysucloud1.sysu.edu.cn/files/%E9%BB%84%E6%B3%BD%E8%90%8D.jpg,01_试点医院/中山大学附属第三医院/照片/黄泽萍-超声科-主任医师-中山大学附属第三医院.jpg,26699,1b5047edad70c46cc8188081374e1b83b93fde39320c64d8ce6a351cdb3378fb,533,800,
