姓名,来源链接,状态,失败三态,照片链接,照片文件,字节数,SHA-256,宽,高,来源批次,错误证据
宋尔卫,https://www.gzsys.org.cn/node/14894,实采,,https://www.gzsys.org.cn/sites/syshospital.prod.sysucloud1.sysu.edu.cn/files/doctor/10155.jpg,01_试点医院/中山大学孙逸仙纪念医院/照片/宋尔卫-乳腺外科-主任医师-中山大学孙逸仙纪念医院.jpg,23352,5ae0e992c91073ca0882ac0a1208a9634cff5c8104f6a56f151603398f7d9c8c,247,338,TRIAL_REUSE,
陈样新,https://www.gzsys.org.cn/node/14820,实采,,https://www.gzsys.org.cn/sites/syshospital.prod.sysucloud1.sysu.edu.cn/files/12822.jpg,01_试点医院/中山大学孙逸仙纪念医院/照片/陈样新-心血管内科-主任医师-中山大学孙逸仙纪念医院.jpg,1731623,08338ee737613de07f475332030be71b55e3762f6c1d831f0aabd334c093dbd8,2450,3589,TRIAL_REUSE,
姚和瑞,https://www.gzsys.org.cn/node/14897,实采,,https://www.gzsys.org.cn/sites/syshospital.prod.sysucloud1.sysu.edu.cn/files/10463.jpg,01_试点医院/中山大学孙逸仙纪念医院/照片/姚和瑞-乳腺内科-主任医师-中山大学孙逸仙纪念医院.jpg,1972803,6cda6137b9f4b001913371ab4ac3edd04092601a7703650d89dec299f0e2bb57,2400,3600,FULL_FETCH,
唐亚梅,https://www.gzsys.org.cn/node/14700,实采,,https://www.gzsys.org.cn/sites/syshospital.prod.sysucloud1.sysu.edu.cn/files/12428_0.jpg,01_试点医院/中山大学孙逸仙纪念医院/照片/唐亚梅-神经科-主任医师-中山大学孙逸仙纪念医院.jpg,77518,b61f0dc31d6fa9d531f4664bc7353e9cbf5379e605137323a9d9c4dd5329f687,413,626,FULL_FETCH,
陈穗俊,https://www.gzsys.org.cn/node/15288,实采,,https://www.gzsys.org.cn/sites/syshospital.prod.sysucloud1.sysu.edu.cn/files/doctor/9269.png,01_试点医院/中山大学孙逸仙纪念医院/照片/陈穗俊-耳鼻喉科-主任医师-中山大学孙逸仙纪念医院.png,509285,7fa51d83cb256ec1bf0608b4dd4fb1bc0ec5ba8f28d8c667e61f079e2bb48726,722,1000,FULL_FETCH,
黄海,https://www.gzsys.org.cn/node/15263,实采,,https://www.gzsys.org.cn/sites/syshospital.prod.sysucloud1.sysu.edu.cn/files/12145.jpg,01_试点医院/中山大学孙逸仙纪念医院/照片/黄海-泌尿外科-主任医师-中山大学孙逸仙纪念医院.jpg,100257,ee4ef0d65108b417282b6b9a518ec1b8441e74bbc87a7f7dd28cc7522d49eac3,413,626,FULL_FETCH,
黄健,https://www.gzsys.org.cn/node/15255,实采,,https://www.gzsys.org.cn/sites/syshospital.prod.sysucloud1.sysu.edu.cn/files/9521.jpg,01_试点医院/中山大学孙逸仙纪念医院/照片/黄健-泌尿外科-主任医师-中山大学孙逸仙纪念医院.jpg,1976463,94bacfc54c621886fcedf3237749a7be90cb51ae4f3e65f759ce7cf6c6b87420,3520,4824,FULL_FETCH,
王景峰,https://www.gzsys.org.cn/node/14816,实采,,https://www.gzsys.org.cn/sites/syshospital.prod.sysucloud1.sysu.edu.cn/files/4444_0.JPG,01_试点医院/中山大学孙逸仙纪念医院/照片/王景峰-心血管内科-主任医师-中山大学孙逸仙纪念医院.jpg,264366,08d979a5edfef2b126cde64e3eac24ad2f2a1423f9348ab7e73c8b1d1bc9c239,1182,1416,FULL_FETCH,
严励,https://www.gzsys.org.cn/node/15315,实采,,https://www.gzsys.org.cn/sites/syshospital.prod.sysucloud1.sysu.edu.cn/files/10427.jpg,01_试点医院/中山大学孙逸仙纪念医院/照片/严励-内分泌内科-主任医师-中山大学孙逸仙纪念医院.jpg,2074648,9cc9f80f6a0fae4281c09f3bdccfa5820501f4d28ead73cffafe0492a47ad1c8,2400,3600,FULL_FETCH,
沈君,https://www.gzsys.org.cn/node/14697,实采,,https://www.gzsys.org.cn/sites/syshospital.prod.sysucloud1.sysu.edu.cn/files/doctor/10141.jpg,01_试点医院/中山大学孙逸仙纪念医院/照片/沈君-放射科影像专科-主任医师-中山大学孙逸仙纪念医院.jpg,159918,a2de7f0504a11513f1bd8ba1bce7691fdc9d51ea55ee846f8783bd46240ee77b,429,616,FULL_FETCH,
詹俊,https://www.gzsys.org.cn/doctor/14811,实采,,https://www.gzsys.org.cn/sites/syshospital.prod.sysucloud1.sysu.edu.cn/files/doctor/10547.jpg,01_试点医院/中山大学孙逸仙纪念医院/照片/詹俊-消化内科-主任医师-中山大学孙逸仙纪念医院.jpg,10354,e2296a8e111de8f690f827c58ca9bf33767353d6f59de7a7df30fdc1888844e5,168,240,TRIAL_REUSE,
刘强,https://www.gzsys.org.cn/node/14896,实采,,https://www.gzsys.org.cn/sites/syshospital.prod.sysucloud1.sysu.edu.cn/files/doctor/13717.jpg,01_试点医院/中山大学孙逸仙纪念医院/照片/刘强-乳腺外科-主任医师-中山大学孙逸仙纪念医院.jpg,4124633,0d0ceada64c32e06e698999ed7b99e5472309762f1ee8be7d562eb02e95f60fe,3993,4096,FULL_FETCH,
刘宜敏,https://www.gzsys.org.cn/node/14861,实采,,https://www.gzsys.org.cn/sites/syshospital.prod.sysucloud1.sysu.edu.cn/files/01178.jpg,01_试点医院/中山大学孙逸仙纪念医院/照片/刘宜敏-肿瘤科放疗专科-主任医师-中山大学孙逸仙纪念医院.jpg,13871,be9fe1b97a3e3e395ecc63849b3c0ad4092c7dc5b3e5974d840566ca8bf24371,168,240,FULL_FETCH,
谢双伦,https://www.gzsys.org.cn/node/14825,实采,,https://www.gzsys.org.cn/sites/syshospital.prod.sysucloud1.sysu.edu.cn/files/doctor/12658.jpg,01_试点医院/中山大学孙逸仙纪念医院/照片/谢双伦-心血管内科-主任医师-中山大学孙逸仙纪念医院.jpg,691342,3de3e4379b1b5b2edb51fa2e7bfddd7989e80080ff1030c1a0ae454b98daf9a4,390,567,FULL_FETCH,
林㼆,https://www.gzsys.org.cn/node/14805,实采,,https://www.gzsys.org.cn/sites/syshospital.prod.sysucloud1.sysu.edu.cn/files/doctor/9864.jpg,01_试点医院/中山大学孙逸仙纪念医院/照片/林㼆-消化内科-主任医师-中山大学孙逸仙纪念医院.jpg,83562,d790a9cb7083821478a87f88dd9f7f7600d0fbd33c084f149479497b30b5fe18,1072,1500,FULL_FETCH,
黎阳,https://www.gzsys.org.cn/node/14630,实采,,https://www.gzsys.org.cn/sites/syshospital.prod.sysucloud1.sysu.edu.cn/files/doctor/9647.jpg,01_试点医院/中山大学孙逸仙纪念医院/照片/黎阳-儿科肿瘤专科-主任医师-中山大学孙逸仙纪念医院.jpg,84166,f470c8326aa1ee9581ad664fae9849ac0297c36da0c95ed3697210bd75618fd1,295,413,FULL_FETCH,
曹林,https://www.gzsys.org.cn/node/14611,实采,,https://www.gzsys.org.cn/sites/syshospital.prod.sysucloud1.sysu.edu.cn/files/doctor/9165.jpg,01_试点医院/中山大学孙逸仙纪念医院/照片/曹林-麻醉科-主任医师-中山大学孙逸仙纪念医院.jpg,43304,dbc2577539b596ab28cdbcfdb92dc74509b170154314f74d56b7eebbe8f51596,390,567,FULL_FETCH,
曹铭辉,https://www.gzsys.org.cn/node/14637,实采,,https://www.gzsys.org.cn/sites/syshospital.prod.sysucloud1.sysu.edu.cn/files/9166.jpg,01_试点医院/中山大学孙逸仙纪念医院/照片/曹铭辉-麻醉科-主任医师-中山大学孙逸仙纪念医院.jpg,103410,72dd8e205f20b1480e2ba4f0a2e2ea7049b7ff67ca27ee91cbfef1c936ea34c6,676,894,FULL_FETCH,
周敦华,https://www.gzsys.org.cn/node/14646,实采,,https://www.gzsys.org.cn/sites/syshospital.prod.sysucloud1.sysu.edu.cn/files/doctor/10691.png,01_试点医院/中山大学孙逸仙纪念医院/照片/周敦华-儿科血液专科-主任医师-中山大学孙逸仙纪念医院.png,121021,09dfdfe0a6568fab204491277f47ee24209c237a6368a9320556e44f90b91701,334,472,FULL_FETCH,
陈勍,https://www.gzsys.org.cn/node/14536,实采,,https://www.gzsys.org.cn/sites/syshospital.prod.sysucloud1.sysu.edu.cn/files/doctor/9219.jpg,01_试点医院/中山大学孙逸仙纪念医院/照片/陈勍-妇科肿瘤专科-主任医师-中山大学孙逸仙纪念医院.jpg,40893,9b8d6f54cbdffde3faf326e2c6bd18aa339d7098a9999a3ad0039826d5d48d1b,744,800,FULL_FETCH,
罗葆明,https://www.gzsys.org.cn/node/14614,实采,,https://www.gzsys.org.cn/sites/syshospital.prod.sysucloud1.sysu.edu.cn/files/doctor/9975.jpg,01_试点医院/中山大学孙逸仙纪念医院/照片/罗葆明-超声科-主任医师-中山大学孙逸仙纪念医院.jpg,22972,3a4c10f794d23e2ff3c61d017408b32ea51c2517e9011052bec954ee64d692df,559,800,FULL_FETCH,
郭正辉,https://www.gzsys.org.cn/node/15260,实采,,https://www.gzsys.org.cn/sites/syshospital.prod.sysucloud1.sysu.edu.cn/files/9441_%E5%89%AF%E6%9C%AC.jpg,01_试点医院/中山大学孙逸仙纪念医院/照片/郭正辉-泌尿外科-主任医师-中山大学孙逸仙纪念医院.jpg,96350,c0ec477903bfe08e2d579a33df7f8569187d6d066fc9ea79f96a1aa75e74c969,413,626,FULL_FETCH,
杨琼琼,https://www.gzsys.org.cn/node/14773,实采,,https://www.gzsys.org.cn/sites/syshospital.prod.sysucloud1.sysu.edu.cn/files/doctor/17279.jpg,01_试点医院/中山大学孙逸仙纪念医院/照片/杨琼琼-肾内科-主任医师-中山大学孙逸仙纪念医院.jpg,12309,daf14a15658da9c10431128c00e9e6fae34d56ad92a1556f8d2b75bf751f20ab,262,371,FULL_FETCH,
王铭辉,https://www.gzsys.org.cn/node/14845,实采,,https://www.gzsys.org.cn/sites/syshospital.prod.sysucloud1.sysu.edu.cn/files/doctor/10239.jpg,01_试点医院/中山大学孙逸仙纪念医院/照片/王铭辉-胸外科-主任医师-中山大学孙逸仙纪念医院.jpg,16021,b8dde4c202eaab040e97b17d7ed96557badfebe1be80471278d67043063dd4cf,353,501,FULL_FETCH,
马超,https://www.gzsys.org.cn/node/15269,实采,,https://www.gzsys.org.cn/sites/syshospital.prod.sysucloud1.sysu.edu.cn/files/doctor/10007.jpg,01_试点医院/中山大学孙逸仙纪念医院/照片/马超-康复医学科-主任医师-中山大学孙逸仙纪念医院.jpg,12115,58db2142772f82c864523ccc2229cefdeea0085d6c10a61982d4f60c53e91c43,168,240,FULL_FETCH,
许林锋,https://www.gzsys.org.cn/node/14671,实采,,https://www.gzsys.org.cn/sites/syshospital.prod.sysucloud1.sysu.edu.cn/files/doctor/10414.JPG,01_试点医院/中山大学孙逸仙纪念医院/照片/许林锋-放射科介入专科-主任医师-中山大学孙逸仙纪念医院.jpg,2029747,c969a12785a0064bb616ad908a767cff551e035a79365def85cfcf4deb9129fe,2233,3147,FULL_FETCH,
苏士成,https://www.gzsys.org.cn/node/14903,实采,,https://www.gzsys.org.cn/sites/syshospital.prod.sysucloud1.sysu.edu.cn/files/doctor/13146.jpg,01_试点医院/中山大学孙逸仙纪念医院/照片/苏士成-树华乳腺癌研究中心-主任医师-中山大学孙逸仙纪念医院.jpg,114954,3ae6519abe56ae0711c3670832920fe38b4ea3a15364c770656b010af3fba3aa,413,579,FULL_FETCH,
李春海,https://www.gzsys.org.cn/node/14561,实采,,https://www.gzsys.org.cn/sites/syshospital.prod.sysucloud1.sysu.edu.cn/files/doctor/9654.jpg,01_试点医院/中山大学孙逸仙纪念医院/照片/李春海-骨外科-主任医师-中山大学孙逸仙纪念医院.jpg,1114788,7bde2fde027069975a77b77b0403b492eda07aeda99103550d459f0e3d423fb2,3600,5142,FULL_FETCH,
张立伐,https://www.gzsys.org.cn/doctor/14725,实采,,https://www.gzsys.org.cn/sites/syshospital.prod.sysucloud1.sysu.edu.cn/files/doctor/12288.jpg,01_试点医院/中山大学孙逸仙纪念医院/照片/张立伐-急诊科-主任医师-中山大学孙逸仙纪念医院.jpg,103617,353d574e2db682685e98224fdc22033be4705697a4229a078e6d24e2edfa2d38,413,579,FULL_FETCH,
蒋龙元,https://www.gzsys.org.cn/node/14587,实采,,https://www.gzsys.org.cn/sites/syshospital.prod.sysucloud1.sysu.edu.cn/files/doctor/9603.jpg,01_试点医院/中山大学孙逸仙纪念医院/照片/蒋龙元-急诊科-主任医师-中山大学孙逸仙纪念医院.jpg,1960433,06c9cdb4cb6aaca53758315d68c611f4ac4b8d07e46d08d547beb6ac07c8b530,1493,2128,FULL_FETCH,
邓小耿,https://www.gzsys.org.cn/node/15215,实采,,https://www.gzsys.org.cn/sites/syshospital.prod.sysucloud1.sysu.edu.cn/files/01456.jpg,01_试点医院/中山大学孙逸仙纪念医院/照片/邓小耿-小儿外科-主任医师-中山大学孙逸仙纪念医院.jpg,10782,9bc3a038b6ca639a08b99ed6c00055820c30e36b3b9a96e45f4a56a67862c9c3,168,240,FULL_FETCH,
吴卓,https://www.gzsys.org.cn/node/14721,实采,,https://www.gzsys.org.cn/sites/syshospital.prod.sysucloud1.sysu.edu.cn/files/doctor/12148.jpg,01_试点医院/中山大学孙逸仙纪念医院/照片/吴卓-放射科影像专科-主任医师-中山大学孙逸仙纪念医院.png,90793,08e80d45f2df0444449143818aac05695a4b20cb7440078e0c36dce6b0a2a6d5,202,283,FULL_FETCH,
李勇,https://www.gzsys.org.cn/node/14617,实采,,https://www.gzsys.org.cn/sites/syshospital.prod.sysucloud1.sysu.edu.cn/files/9732.jpg,01_试点医院/中山大学孙逸仙纪念医院/照片/李勇-放射科影像专科-主任医师-中山大学孙逸仙纪念医院.jpg,1974598,715405526146d7d49107229fca56dbb51abb79a1fcd32452c74c057d2e964d98,3960,5758,FULL_FETCH,
张红卫,https://www.gzsys.org.cn/node/15242,实采,,https://www.gzsys.org.cn/sites/syshospital.prod.sysucloud1.sysu.edu.cn/files/10565.jpg,01_试点医院/中山大学孙逸仙纪念医院/照片/张红卫-肝胆外科-主任医师-中山大学孙逸仙纪念医院.jpg,32558,85cd61df2a0b3e77c8f3a46200062900df1a1edbc2fdfb238618cde9070d8117,413,626,FULL_FETCH,
贾卫娟,https://www.gzsys.org.cn/node/14902,实采,,https://www.gzsys.org.cn/sites/syshospital.prod.sysucloud1.sysu.edu.cn/files/9591.jpg,01_试点医院/中山大学孙逸仙纪念医院/照片/贾卫娟-乳腺外科-主任医师-中山大学孙逸仙纪念医院.jpg,91432,eaaae5e673ad1e85aaf83488cb84c3c7d071df75e77f2bf9e1bdfd982ba0c2fb,413,579,FULL_FETCH,
梁立阳,https://www.gzsys.org.cn/node/14629,实采,,https://www.gzsys.org.cn/sites/syshospital.prod.sysucloud1.sysu.edu.cn/files/doctor/9775.jpg,01_试点医院/中山大学孙逸仙纪念医院/照片/梁立阳-儿科神经内分泌专科-主任医师-中山大学孙逸仙纪念医院.jpg,242301,98ac3f891f8d4444b11ac07a22f262e28fe9657ba910a67f75c2ddeafe1acd0a,583,848,FULL_FETCH,
黄霖,https://www.gzsys.org.cn/node/14680,实采,,https://www.gzsys.org.cn/sites/syshospital.prod.sysucloud1.sysu.edu.cn/files/9537_1.jpg,01_试点医院/中山大学孙逸仙纪念医院/照片/黄霖-骨外科-主任医师-中山大学孙逸仙纪念医院.jpg,161415,4ec6812b229bded87d356bed9100674cdd7fc515448b3cbbab16dbbd51ad4115,405,516,FULL_FETCH,
林道炜,https://www.gzsys.org.cn/node/14668,实采,,https://www.gzsys.org.cn/sites/syshospital.prod.sysucloud1.sysu.edu.cn/files/doctor/9831.jpg,01_试点医院/中山大学孙逸仙纪念医院/照片/林道炜-麻醉科-主任医师-中山大学孙逸仙纪念医院.jpg,97158,00cd5e9dc75df7010607ad61983a0f1899057b52989552d1546df0ef7d48a884,319,449,FULL_FETCH,
李鹤平,https://www.gzsys.org.cn/doctor/29131,实采,,https://www.gzsys.org.cn/sites/syshospital.prod.sysucloud1.sysu.edu.cn/files/%E6%9D%8E%E9%B9%A4%E5%B9%B3.jpg,01_试点医院/中山大学孙逸仙纪念医院/照片/李鹤平-肿瘤内科-主任医师-中山大学孙逸仙纪念医院.png,709378,39c5653577fe9dd29ebbb8fb499cac234eb34e50c27d8a2fa84535f9c4db58a9,1279,1463,FULL_FETCH,
江山平,https://www.gzsys.org.cn/node/15230,实采,,https://www.gzsys.org.cn/sites/syshospital.prod.sysucloud1.sysu.edu.cn/files/doctor/9596.jpg,01_试点医院/中山大学孙逸仙纪念医院/照片/江山平-呼吸与危重症医学科-主任医师-中山大学孙逸仙纪念医院.jpg,1913009,58700526abcc99e9d49610d8c855b51d68cdcd1e39acceeda2cefc38f6c58679,1492,2128,FULL_FETCH,
陈亚进,https://www.gzsys.org.cn/node/15238,实采,,https://www.gzsys.org.cn/sites/syshospital.prod.sysucloud1.sysu.edu.cn/files/9304.jpg,01_试点医院/中山大学孙逸仙纪念医院/照片/陈亚进-普通外科-主任医师-中山大学孙逸仙纪念医院.jpg,35033,f3d0fbacd01ed6dfd65eab999a1f10d4f83eb7b594f4d2e41d9b216550e8fa76,413,626,FULL_FETCH,
商昌珍,https://www.gzsys.org.cn/node/15244,实采,,https://www.gzsys.org.cn/sites/syshospital.prod.sysucloud1.sysu.edu.cn/files/12471.jpg,01_试点医院/中山大学孙逸仙纪念医院/照片/商昌珍-肝胆外科-主任医师-中山大学孙逸仙纪念医院.jpg,30782,ace8c4634485fb4fe1622905bf8eb660251a21e025bc1b17560c3b3e454225d6,413,626,FULL_FETCH,
龚畅,https://www.gzsys.org.cn/node/14898,实采,,https://www.gzsys.org.cn/sites/syshospital.prod.sysucloud1.sysu.edu.cn/files/doctor/12144.jpg,01_试点医院/中山大学孙逸仙纪念医院/照片/龚畅-乳腺外科-主任医师-中山大学孙逸仙纪念医院.jpg,173329,c8b9b5f51cb26673dceb9d5f13d8c6db037f0f90199daa0d2837216d8906ed07,413,626,FULL_FETCH,
陈慧,https://www.gzsys.org.cn/node/14732,实采,,https://www.gzsys.org.cn/sites/syshospital.prod.sysucloud1.sysu.edu.cn/files/doctor/12467.jpg,01_试点医院/中山大学孙逸仙纪念医院/照片/陈慧-妇科生殖内分泌专科-主任医师-中山大学孙逸仙纪念医院.jpg,322028,5d79adfa030e9bc8e0317e246b273c863c7bb8cf4d7be0e2393a83f7e4c4ca1c,1051,1500,FULL_FETCH,
刘天润,https://www.gzsys.org.cn/doctor/29537,实采,,https://www.gzsys.org.cn/sites/syshospital.prod.sysucloud1.sysu.edu.cn/files/%E5%88%98%E5%A4%A9%E6%B6%A6.jpg,01_试点医院/中山大学孙逸仙纪念医院/照片/刘天润-甲状腺外科-主任医师-中山大学孙逸仙纪念医院.jpg,112490,2fd1e681e4836aa14f7aa5568604b2da4473540dbb1eadccbfad6fea53e86958,704,975,FULL_FETCH,
郑俊猛,https://www.gzsys.org.cn/node/15201,实采,,https://www.gzsys.org.cn/sites/syshospital.prod.sysucloud1.sysu.edu.cn/files/doctor/16782.jpg,01_试点医院/中山大学孙逸仙纪念医院/照片/郑俊猛-心血管外科-主任医师-中山大学孙逸仙纪念医院.jpg,1260169,61fef4cccda3ca8a0c617054597a712edec12d6a8582c689d84cb87988844d47,1716,2346,FULL_FETCH,
戴冽,https://www.gzsys.org.cn/node/14675,实采,,https://www.gzsys.org.cn/sites/syshospital.prod.sysucloud1.sysu.edu.cn/files/%E6%88%B4%E5%86%BD.jpg,01_试点医院/中山大学孙逸仙纪念医院/照片/戴冽-风湿免疫科-主任医师-中山大学孙逸仙纪念医院.jpg,564631,0b58f84dce5a0226e6c0e360bf194ebb945176108f7ee0566532a4d535dd34ee,2106,3017,FULL_FETCH,
蓝育青,https://www.gzsys.org.cn/node/14592,实采,,https://www.gzsys.org.cn/sites/syshospital.prod.sysucloud1.sysu.edu.cn/files/doctor/9622.jpeg,01_试点医院/中山大学孙逸仙纪念医院/照片/蓝育青-眼科-主任医师-中山大学孙逸仙纪念医院.jpg,32530,287c8f1427f0edd86ac86fe93d050597b0aac131e20d5f0ef433991512bc9e10,391,520,FULL_FETCH,
高梁斌,https://www.gzsys.org.cn/node/14743,实采,,https://www.gzsys.org.cn/sites/syshospital.prod.sysucloud1.sysu.edu.cn/files/doctor/13099.jpg,01_试点医院/中山大学孙逸仙纪念医院/照片/高梁斌-骨外科-主任医师-中山大学孙逸仙纪念医院.jpg,85244,13bb4d6450ace8ce0a1deb6100d4328b125497fb24e040b9193932e97cbadb52,1024,1593,FULL_FETCH,
丁悦,https://www.gzsys.org.cn/node/14651,实采,,https://www.gzsys.org.cn/sites/syshospital.prod.sysucloud1.sysu.edu.cn/files/doctor/9362.jpg,01_试点医院/中山大学孙逸仙纪念医院/照片/丁悦-骨外科-主任医师-中山大学孙逸仙纪念医院.jpg,9956,36f7d08b17f059c241d7309d2dd56c25a329519500d363c4a780f6c0faa50a31,168,240,FULL_FETCH,
刘安民,https://www.gzsys.org.cn/node/14658,实采,,https://www.gzsys.org.cn/sites/syshospital.prod.sysucloud1.sysu.edu.cn/files/doctor/9873.jpg,01_试点医院/中山大学孙逸仙纪念医院/照片/刘安民-神经外科-主任医师-中山大学孙逸仙纪念医院.jpg,10354,3c446145d627498e71553c10dffd3fe1fe591fdf14b57fb9ca140c18c03c0c71,168,240,FULL_FETCH,
张金明,https://www.gzsys.org.cn/node/15203,实采,,https://www.gzsys.org.cn/sites/syshospital.prod.sysucloud1.sysu.edu.cn/files/01455.jpg,01_试点医院/中山大学孙逸仙纪念医院/照片/张金明-整形外科-主任医师-中山大学孙逸仙纪念医院.jpg,38584,29611fb4b392975037254992224973a608419587021ffab6bab2cdadd209a15d,168,240,FULL_FETCH,
李劲松,https://www.gzsys.org.cn/node/14590,实采,,https://www.gzsys.org.cn/sites/syshospital.prod.sysucloud1.sysu.edu.cn/files/%E6%9D%8E%E5%8A%B2%E6%9D%BE.jpg,01_试点医院/中山大学孙逸仙纪念医院/照片/李劲松-口腔科-主任医师-中山大学孙逸仙纪念医院.png,35202,8bbb59b85e57351e28d355946129721b61fab8e86fdb712bfbe3a6dd210e7c06,152,215,FULL_FETCH,
王亮春,https://www.gzsys.org.cn/node/14735,实采,,https://www.gzsys.org.cn/sites/syshospital.prod.sysucloud1.sysu.edu.cn/files/doctor/12755.jpg,01_试点医院/中山大学孙逸仙纪念医院/照片/王亮春-皮肤科-主任医师-中山大学孙逸仙纪念医院.jpg,1688426,8bd229bbd17f0765eed8776f6aad3cdccd263e53bfb29195545fe65285a63373,2242,3260,FULL_FETCH,
黄晓明,https://www.gzsys.org.cn/node/15284,实采,,https://www.gzsys.org.cn/sites/syshospital.prod.sysucloud1.sysu.edu.cn/files/doctor/9566.png,01_试点医院/中山大学孙逸仙纪念医院/照片/黄晓明-耳鼻喉科-主任医师-中山大学孙逸仙纪念医院.png,595558,62bdfc7878df3717ca71c6493e97f2d94d24968ee187743ab05805e4ec7f60ce,933,1000,FULL_FETCH,
张丙忠,https://www.gzsys.org.cn/node/14681,实采,,https://www.gzsys.org.cn/sites/syshospital.prod.sysucloud1.sysu.edu.cn/files/doctor/10551.jpg,01_试点医院/中山大学孙逸仙纪念医院/照片/张丙忠-妇科肿瘤专科-主任医师-中山大学孙逸仙纪念医院.jpg,87862,2c8ea82186c52f428d7766ac47ff2958305f9d0bbd47ea508bc6c546c22212c6,559,773,FULL_FETCH,
谭剑平,https://www.gzsys.org.cn/node/14573,实采,,https://www.gzsys.org.cn/sites/syshospital.prod.sysucloud1.sysu.edu.cn/files/doctor/10173.jpg,01_试点医院/中山大学孙逸仙纪念医院/照片/谭剑平-围产专科-主任医师-中山大学孙逸仙纪念医院.jpg,3422,554358b75153747df332bcddd4c5a17b4defd387717205b984b9c1778c859886,168,240,FULL_FETCH,
陈庆瑜,https://www.gzsys.org.cn/node/14539,实采,,https://www.gzsys.org.cn/sites/syshospital.prod.sysucloud1.sysu.edu.cn/files/9252.jpg,01_试点医院/中山大学孙逸仙纪念医院/照片/陈庆瑜-健康管理中心-主任医师-中山大学孙逸仙纪念医院.jpg,1759384,566f7f8631c732aefa8252696a6cdb470e945d76ffe1551e5bf13e048eee4524,1955,2741,FULL_FETCH,
王凌云,https://www.gzsys.org.cn/node/14807,实采,,https://www.gzsys.org.cn/sites/syshospital.prod.sysucloud1.sysu.edu.cn/files/doctor/10232.jpg,01_试点医院/中山大学孙逸仙纪念医院/照片/王凌云-消化内科-主任医师-中山大学孙逸仙纪念医院.jpg,32907,fc0c7f93bdb855a15625962f7da30bcd01266cd26caf84137388b1b01e094767,171,253,FULL_FETCH,
聂大年,https://www.gzsys.org.cn/node/14848,实采,,https://www.gzsys.org.cn/sites/syshospital.prod.sysucloud1.sysu.edu.cn/files/doctor/10057.jpg,01_试点医院/中山大学孙逸仙纪念医院/照片/聂大年-血液内科-主任医师-中山大学孙逸仙纪念医院.jpg,21626,c708721bf76ccb6ec82f45b406d83d3c597bfee55fefc39e98929792a6a6c6f2,390,567,FULL_FETCH,
陈超刚,https://www.gzsys.org.cn/node/14691,实采,,https://www.gzsys.org.cn/sites/syshospital.prod.sysucloud1.sysu.edu.cn/files/doctor/10804.jpg,01_试点医院/中山大学孙逸仙纪念医院/照片/陈超刚-临床营养科-主任医师-中山大学孙逸仙纪念医院.jpg,1514231,9bd94ab2d7fdc400a3a96143a714df3b3e0fb7d305e3e58837de79d6b449fc01,2181,3172,FULL_FETCH,
王艺东,https://www.gzsys.org.cn/node/14599,实采,,https://www.gzsys.org.cn/sites/syshospital.prod.sysucloud1.sysu.edu.cn/files/doctor/10253.jpg,01_试点医院/中山大学孙逸仙纪念医院/照片/王艺东-神经科-主任医师-中山大学孙逸仙纪念医院.jpg,1241477,0ec9f4ebad9d740ac44928cc7f27e66496a39130fc207d611001d4419513e10d,2475,3301,FULL_FETCH,
张萌,https://www.gzsys.org.cn/node/14687,实采,,https://www.gzsys.org.cn/sites/syshospital.prod.sysucloud1.sysu.edu.cn/files/doctor/10589.jpg,01_试点医院/中山大学孙逸仙纪念医院/照片/张萌-全科医学科二科-主任医师-中山大学孙逸仙纪念医院.jpg,53739,a39c8ebe1881a3348d1d6913a604e1252ecef9f0749ab66d1d24f56edaf03b2b,1080,1473,FULL_FETCH,
伍俊妍,https://www.gzsys.org.cn/node/14640,实采,,https://www.gzsys.org.cn/sites/syshospital.prod.sysucloud1.sysu.edu.cn/files/doctor/10341.jpg,01_试点医院/中山大学孙逸仙纪念医院/照片/伍俊妍-药学部-主任药师-中山大学孙逸仙纪念医院.jpg,1182380,b7691ca64ab6592edfab05bc49ec9eacc80a88708bacc452424923e9b366fa69,2460,3570,FULL_FETCH,
段朝晖,https://www.gzsys.org.cn/node/14619,实采,,https://www.gzsys.org.cn/sites/syshospital.prod.sysucloud1.sysu.edu.cn/files/doctor/9366.jpg,01_试点医院/中山大学孙逸仙纪念医院/照片/段朝晖-检验科-主任技师-中山大学孙逸仙纪念医院.jpg,12174,0e072bad243d169b31616f6949e40edc83d1a3357cc1648a7a09b459cf8485cd,295,425,FULL_FETCH,
金小岩,https://www.gzsys.org.cn/node/14588,实采,,https://www.gzsys.org.cn/sites/syshospital.prod.sysucloud1.sysu.edu.cn/files/doctor/9608.jpg,01_试点医院/中山大学孙逸仙纪念医院/照片/金小岩-全科医学科一科-副主任医师-中山大学孙逸仙纪念医院.jpg,44525,7481c9e86772b50c8a7b58f55366d523b36b24f2a26f5bbe5f7f154181378e61,622,800,FULL_FETCH,
张世能,https://www.gzsys.org.cn/node/14812,实采,,https://www.gzsys.org.cn/sites/syshospital.prod.sysucloud1.sysu.edu.cn/files/doctor/10599.jpg,01_试点医院/中山大学孙逸仙纪念医院/照片/张世能-消化内科-主任医师-中山大学孙逸仙纪念医院.jpg,40116,0ef0ac59cc2c682f316132aae0d382f21d5086bcc5a647004d6e3dea6e3df9c3,168,224,FULL_FETCH,
张惠忠,https://www.gzsys.org.cn/node/14841,实采,,https://www.gzsys.org.cn/sites/syshospital.prod.sysucloud1.sysu.edu.cn/files/doctor/10569.jpg,01_试点医院/中山大学孙逸仙纪念医院/照片/张惠忠-胸外科-主任医师-中山大学孙逸仙纪念医院.jpg,16788,20ab6ba33d94b21b5f03d55da356284e6d61a760484f051fca02cf1fad6c5ace,355,507,FULL_FETCH,
石忠松,https://www.gzsys.org.cn/node/14771,实采,,https://www.gzsys.org.cn/sites/syshospital.prod.sysucloud1.sysu.edu.cn/files/doctor/16838.jpg,01_试点医院/中山大学孙逸仙纪念医院/照片/石忠松-神经外科-主任医师-中山大学孙逸仙纪念医院.jpg,28655,4fbc404c088005f5813d1b1548a075bd2c62a067c176be8e22b3227b3260ea9f,524,800,FULL_FETCH,
李焱,https://www.gzsys.org.cn/node/15320,实采,,https://www.gzsys.org.cn/sites/syshospital.prod.sysucloud1.sysu.edu.cn/files/doctor/9723.jpg,01_试点医院/中山大学孙逸仙纪念医院/照片/李焱-内分泌内科-主任医师-中山大学孙逸仙纪念医院.jpg,11179,f4b406560500e72fbe6e72cab1ce68887400285414d5f91df8a933978efee73b,168,240,FULL_FETCH,
徐明彤,https://www.gzsys.org.cn/node/15318,实采,,https://www.gzsys.org.cn/sites/syshospital.prod.sysucloud1.sysu.edu.cn/files/doctor/10403.jpg,01_试点医院/中山大学孙逸仙纪念医院/照片/徐明彤-内分泌内科-主任医师-中山大学孙逸仙纪念医院.jpg,189480,f9005f7a45d4e83f72ce37044f5eb6e3cb51e049634f092b93ab05254b81382e,413,626,FULL_FETCH,
李海刚,https://www.gzsys.org.cn/node/15222,实采,,https://www.gzsys.org.cn/sites/syshospital.prod.sysucloud1.sysu.edu.cn/files/doctor/9663.jpg,01_试点医院/中山大学孙逸仙纪念医院/照片/李海刚-病理科-主任医师-中山大学孙逸仙纪念医院.jpg,10330,4407513de5c2644f8be038ec6c8311d45e2df31e43b891830be7c6dcda22d2b2,166,240,FULL_FETCH,
褚忠华,https://www.gzsys.org.cn/node/14788,实采,,https://www.gzsys.org.cn/sites/syshospital.prod.sysucloud1.sysu.edu.cn/files/doctor/10807.jpg,01_试点医院/中山大学孙逸仙纪念医院/照片/褚忠华-胃肠外科-主任医师-中山大学孙逸仙纪念医院.jpg,17012,9dced9374df91b416d2910662a0cd665d1778fcc4120afa97f21b5927126e4e0,355,507,FULL_FETCH,
陈茵婷,https://www.gzsys.org.cn/node/14801,实采,,https://www.gzsys.org.cn/sites/syshospital.prod.sysucloud1.sysu.edu.cn/files/doctor/13488.jpg,01_试点医院/中山大学孙逸仙纪念医院/照片/陈茵婷-消化内科-主任医师-中山大学孙逸仙纪念医院.jpg,1277970,2aa222d49a4f0cfa38f02d6bd7935a85a357290f1dbf8ae7e84e333b74028096,1696,2552,FULL_FETCH,
檀卫平,https://www.gzsys.org.cn/node/14583,实采,,https://www.gzsys.org.cn/sites/syshospital.prod.sysucloud1.sysu.edu.cn/files/doctor/10199.jpg,01_试点医院/中山大学孙逸仙纪念医院/照片/檀卫平-儿科风湿免疫专科-主任医师-中山大学孙逸仙纪念医院.jpg,1930695,404db6f44623562c98d630da00db78ac738d4e9e9cb48cf8a931d259e365e28a,1962,2748,FULL_FETCH,
华平,https://www.gzsys.org.cn/node/15199,实采,,https://www.gzsys.org.cn/sites/syshospital.prod.sysucloud1.sysu.edu.cn/files/doctor/9494.jpg,01_试点医院/中山大学孙逸仙纪念医院/照片/华平-心血管外科-主任医师-中山大学孙逸仙纪念医院.jpg,18643,2e7f0132573b5f9f07ecf2dff141d379e1fd42fc64e6b4b8d3c1fafe32d9f88f,353,502,FULL_FETCH,
徐安平,https://www.gzsys.org.cn/node/14673,实采,,https://www.gzsys.org.cn/sites/syshospital.prod.sysucloud1.sysu.edu.cn/files/10396.jpg,01_试点医院/中山大学孙逸仙纪念医院/照片/徐安平-肾内科-主任医师-中山大学孙逸仙纪念医院.jpg,90920,506b269c66060185580cf6834722a0256576321681d7e93e96fa351a9d0ea8a5,413,579,FULL_FETCH,
王志,https://www.gzsys.org.cn/node/14636,实采,,https://www.gzsys.org.cn/sites/syshospital.prod.sysucloud1.sysu.edu.cn/files/doctor/10259.jpg,01_试点医院/中山大学孙逸仙纪念医院/照片/王志-麻醉科-主任医师-中山大学孙逸仙纪念医院.jpg,883962,1521490622b40613ed801cc805bcad89fa22da8db15d28482cc32f3368806ae1,1857,2721,FULL_FETCH,
李建军,https://www.gzsys.org.cn/node/14855,实采,,https://www.gzsys.org.cn/sites/syshospital.prod.sysucloud1.sysu.edu.cn/files/doctor/9669.jpg,01_试点医院/中山大学孙逸仙纪念医院/照片/李建军-中医科-主任医师-中山大学孙逸仙纪念医院.jpg,1982534,537f9add25be5e215da3e033ec757a3ffc7b247137cca965b54955cb0d49cb54,2329,3277,FULL_FETCH,
罗向阳,https://www.gzsys.org.cn/node/14580,实采,,https://www.gzsys.org.cn/sites/syshospital.prod.sysucloud1.sysu.edu.cn/files/doctor/9990.jpg,01_试点医院/中山大学孙逸仙纪念医院/照片/罗向阳-儿科神经内分泌专科-主任医师-中山大学孙逸仙纪念医院.jpg,10101,e32343f97c66749a50d7036709a93b27d7c614b2855fcf445bf867e4327d0148,168,240,FULL_FETCH,
汪颖,https://www.gzsys.org.cn/node/14905,实采,,https://www.gzsys.org.cn/sites/syshospital.prod.sysucloud1.sysu.edu.cn/files/doctor/13147.jpg,01_试点医院/中山大学孙逸仙纪念医院/照片/汪颖-乳腺内科-主任医师-中山大学孙逸仙纪念医院.jpg,151567,7a4cd63d87a093674bd5cd6d3c142f24abcdcb1ed7b77868f78ce6927ac969c2,413,579,FULL_FETCH,
罗年桑,https://www.gzsys.org.cn/node/14827,实采,,https://www.gzsys.org.cn/sites/syshospital.prod.sysucloud1.sysu.edu.cn/files/doctor/9986.jpg,01_试点医院/中山大学孙逸仙纪念医院/照片/罗年桑-心血管内科-主任医师-中山大学孙逸仙纪念医院.jpg,163274,e2b1fd0752035069051c9517294018afc9f815b309915e2d0617532eee80bb54,1488,2240,FULL_FETCH,
杨斌,https://www.gzsys.org.cn/node/14791,实采,,https://www.gzsys.org.cn/sites/syshospital.prod.sysucloud1.sysu.edu.cn/files/doctor/12605.jpeg,01_试点医院/中山大学孙逸仙纪念医院/照片/杨斌-胃肠外科-主任医师-中山大学孙逸仙纪念医院.jpg,32129,620100b409177ccc7299eeba50ad2740319593fa1e5b11db846497bedcb12a5e,800,947,FULL_FETCH,
宋凤卿,https://www.gzsys.org.cn/node/14766,实采,,https://www.gzsys.org.cn/sites/syshospital.prod.sysucloud1.sysu.edu.cn/files/doctor/15469.jpg,01_试点医院/中山大学孙逸仙纪念医院/照片/宋凤卿-急诊科-主任医师-中山大学孙逸仙纪念医院.jpg,13458,88a5cfb21c5bbbc085efe044c9f4786ae326045f431b9734e0ba5cc7e3613056,168,240,FULL_FETCH,
余涛,https://www.gzsys.org.cn/node/14720,实采,,https://www.gzsys.org.cn/sites/syshospital.prod.sysucloud1.sysu.edu.cn/files/doctor/12005.jpg,01_试点医院/中山大学孙逸仙纪念医院/照片/余涛-急诊科-主任医师-中山大学孙逸仙纪念医院.jpg,164647,311250925fdd8dfca13642a3ae6124b913f8c2833930afa0f66d95bf00662195,482,689,FULL_FETCH,
伍少玲,https://www.gzsys.org.cn/node/15270,实采,,https://www.gzsys.org.cn/sites/syshospital.prod.sysucloud1.sysu.edu.cn/files/10344.jpg,01_试点医院/中山大学孙逸仙纪念医院/照片/伍少玲-康复医学科-主任医师-中山大学孙逸仙纪念医院.jpg,143212,ceffdd68c5b23322076130175c47e197281d28b92039ac3974274facf2c72152,738,945,FULL_FETCH,
潘爱珍,https://www.gzsys.org.cn/doctor/14857,实采,,https://www.gzsys.org.cn/sites/syshospital.prod.sysucloud1.sysu.edu.cn/files/doctor/12370.jpg,01_试点医院/中山大学孙逸仙纪念医院/照片/潘爱珍-中医科-主任医师-中山大学孙逸仙纪念医院.jpg,145029,6f08850344783f7ffe1b9ed5bcf249ae191dd69aa233866389885b0824f7db9a,1078,1384,FULL_FETCH,
李玉娟,https://www.gzsys.org.cn/node/14648,实采,,https://www.gzsys.org.cn/sites/syshospital.prod.sysucloud1.sysu.edu.cn/files/doctor/9734.jpg,01_试点医院/中山大学孙逸仙纪念医院/照片/李玉娟-麻醉科-主任医师-中山大学孙逸仙纪念医院.jpg,97452,e39d060dba6213ccce3549cb654437a42c29a3fa64063dc33e90ba28b89d353a,319,449,FULL_FETCH,
郑东辉,https://www.gzsys.org.cn/node/14554,实采,,https://www.gzsys.org.cn/sites/syshospital.prod.sysucloud1.sysu.edu.cn/files/doctor/10644.png,01_试点医院/中山大学孙逸仙纪念医院/照片/郑东辉-风湿免疫科-副主任医师-中山大学孙逸仙纪念医院.png,71884,d495aab6a522a0d2c35282ef78c7a52cb75dce3c13d88ac5016436b62551dc9e,206,295,FULL_FETCH,
杨海云,https://www.gzsys.org.cn/node/14718,实采,,https://www.gzsys.org.cn/sites/syshospital.prod.sysucloud1.sysu.edu.cn/files/doctor/12000.jpg,01_试点医院/中山大学孙逸仙纪念医院/照片/杨海云-超声科-副主任医师-中山大学孙逸仙纪念医院.jpg,30737,31ba8d6d48cd7ff653e9c488dbbcfc0436a46d90203f045a31c92e462b2869c6,160,226,FULL_FETCH,
吴文睿,https://www.gzsys.org.cn/node/17019,实采,,https://www.gzsys.org.cn/sites/syshospital.prod.sysucloud1.sysu.edu.cn/files/doctor/16326.jpg,01_试点医院/中山大学孙逸仙纪念医院/照片/吴文睿-胆胰外科-副主任医师-中山大学孙逸仙纪念医院.jpg,6721,76a3346eccb383e869b1d2e79d280bc37b8a34dc92ff0adc7217f14c8110bbd6,206,296,FULL_FETCH,
谢双锋,https://www.gzsys.org.cn/node/14852,实采,,https://www.gzsys.org.cn/sites/syshospital.prod.sysucloud1.sysu.edu.cn/files/doctor/10379.jpg,01_试点医院/中山大学孙逸仙纪念医院/照片/谢双锋-血液内科-副主任医师-中山大学孙逸仙纪念医院.jpg,292626,d955ffacd71bcee4976eeea61bfa1cf874a208c7195cefa5038126db1ef3c74c,1351,1795,FULL_FETCH,
马剑达,https://www.gzsys.org.cn/doctor/31850,实采,,https://www.gzsys.org.cn/sites/syshospital.prod.sysucloud1.sysu.edu.cn/files/%E9%A9%AC%E5%89%91%E8%BE%BE.jpg,01_试点医院/中山大学孙逸仙纪念医院/照片/马剑达-风湿免疫科-副主任医师-中山大学孙逸仙纪念医院.jpg,1953463,7cd5dc63d4f60b2bca3543cbc9844ab64b01b1c19641811971d6ef84c66b5d0e,2731,3740,TRIAL_REUSE,
张静,https://www.gzsys.org.cn/node/15391,实采,,https://www.gzsys.org.cn/sites/syshospital.prod.sysucloud1.sysu.edu.cn/files/13140.jpg,01_试点医院/中山大学孙逸仙纪念医院/照片/张静-皮肤科-副主任医师-中山大学孙逸仙纪念医院.jpg,79376,0f658119383c431c9a3cd7ecb4c7dfed21de06dd97f742b8dcc5a493bb4b212c,1080,1512,FULL_FETCH,
苏逢锡,https://www.gzsys.org.cn/node/14895,实采,,https://www.gzsys.org.cn/sites/syshospital.prod.sysucloud1.sysu.edu.cn/files/doctor/10159.jpg,01_试点医院/中山大学孙逸仙纪念医院/照片/苏逢锡-乳腺外科-主任医师-中山大学孙逸仙纪念医院.jpg,149585,148d4f9d02d41ac226305c955efe7b58e1a2e57f0d4c5900e4b313eec4db49d4,413,579,FULL_FETCH,
方建培,https://www.gzsys.org.cn/node/14579,实采,,https://www.gzsys.org.cn/sites/syshospital.prod.sysucloud1.sysu.edu.cn/files/doctor/9375.jpg,01_试点医院/中山大学孙逸仙纪念医院/照片/方建培-儿科血液专科-主任医师-中山大学孙逸仙纪念医院.jpg,1714154,1e26344450b3c2fcdef86299539e51f92f07cbeb792fa89b3eab84e789b81b46,2027,2949,FULL_FETCH,
林仲秋,https://www.gzsys.org.cn/node/14526,实采,,https://www.gzsys.org.cn/sites/syshospital.prod.sysucloud1.sysu.edu.cn/files/doctor/9869.jpg,01_试点医院/中山大学孙逸仙纪念医院/照片/林仲秋-妇科肿瘤专科-主任医师-中山大学孙逸仙纪念医院.jpg,17337,a1c36b2473a0d1ebec45fdb0c66d51140f520e32543b313316656813baea8bcd,352,501,FULL_FETCH,
程桦,https://www.gzsys.org.cn/node/15596,实采,,https://www.gzsys.org.cn/sites/syshospital.prod.sysucloud1.sysu.edu.cn/files/00095.jpg,01_试点医院/中山大学孙逸仙纪念医院/照片/程桦-内分泌内科-教授-中山大学孙逸仙纪念医院.jpg,10793,d27f2abc5f3213baca2e80e5c5f1f8ce6b7681c3cd038a178eb5e5ab58b82d2d,168,240,FULL_FETCH,
杨川,https://www.gzsys.org.cn/doctor/15322,实采,,https://www.gzsys.org.cn/sites/syshospital.prod.sysucloud1.sysu.edu.cn/files/doctor/11228.jpg,01_试点医院/中山大学孙逸仙纪念医院/照片/杨川-内分泌内科-主任医师-中山大学孙逸仙纪念医院.jpg,86563,aacabb71c61950fe7cbea765255d44c4a57f0ca5be2ca05eaa070df101b162db,1080,1620,FULL_FETCH,
朱兆华,https://www.gzsys.org.cn/doctor/14815,实采,,https://www.gzsys.org.cn/sites/syshospital.prod.sysucloud1.sysu.edu.cn/files/doctor/10735.jpg,01_试点医院/中山大学孙逸仙纪念医院/照片/朱兆华-消化内科-教授-中山大学孙逸仙纪念医院.jpg,11179,930ebc063d86d9900de7ca213037ccad92678a2e621fdeab6c559ffc0119374f,168,240,FULL_FETCH,
钟英强,https://www.gzsys.org.cn/doctor/14814,实采,,https://www.gzsys.org.cn/sites/syshospital.prod.sysucloud1.sysu.edu.cn/files/doctor/10685.jpg,01_试点医院/中山大学孙逸仙纪念医院/照片/钟英强-消化内科-主任医师-中山大学孙逸仙纪念医院.jpg,12146,ebb8cea74b0c8866f9ae0ce075245f0ec30b4d4ef56c34f22f482cb0ca37091a,168,240,FULL_FETCH,
黄开红,https://www.gzsys.org.cn/node/14803,实采,,https://www.gzsys.org.cn/sites/syshospital.prod.sysucloud1.sysu.edu.cn/files/doctor/9526.jpg,01_试点医院/中山大学孙逸仙纪念医院/照片/黄开红-消化内科-主任医师-中山大学孙逸仙纪念医院.jpg,1326891,b50de57dfb8ae20444df5082b96b93dc811c1b738a088144e14f255eed59dfe0,1374,1997,FULL_FETCH,
谢文练,https://www.gzsys.org.cn/doctor/15259,实采,,https://www.gzsys.org.cn/sites/syshospital.prod.sysucloud1.sysu.edu.cn/files/doctor/10382.jpg,01_试点医院/中山大学孙逸仙纪念医院/照片/谢文练-泌尿外科-主任医师-中山大学孙逸仙纪念医院.jpg,16123,68d6f2f2bedcf0f9adf466087c65b3908cffa53acac4c81a7ddea2aba6e59e27,355,507,FULL_FETCH,
尹松梅,https://www.gzsys.org.cn/doctor/14849,实采,,https://www.gzsys.org.cn/sites/syshospital.prod.sysucloud1.sysu.edu.cn/files/doctor/10488.jpg,01_试点医院/中山大学孙逸仙纪念医院/照片/尹松梅-血液内科-主任医师-中山大学孙逸仙纪念医院.jpg,129989,ceaec22cd2a48e60d889633282f3d1450495046b2845f7230861e23cd733370b,437,579,FULL_FETCH,
潘朝斌,https://www.gzsys.org.cn/doctor/14542,实采,,https://www.gzsys.org.cn/sites/syshospital.prod.sysucloud1.sysu.edu.cn/files/doctor/10067.jpg,01_试点医院/中山大学孙逸仙纪念医院/照片/潘朝斌-口腔科-主任医师-中山大学孙逸仙纪念医院.jpg,1869586,45d535b2de37d9201e5e99cf803906d628f410a8369fee47bd72ddf42b4f9438,1488,2128,FULL_FETCH,
黄子通,https://www.gzsys.org.cn/node/15601,实采,,https://www.gzsys.org.cn/sites/syshospital.prod.sysucloud1.sysu.edu.cn/files/00160.jpg,01_试点医院/中山大学孙逸仙纪念医院/照片/黄子通-急诊科-主任医师-中山大学孙逸仙纪念医院.jpg,10333,abd131931ebea85380f5ad4c8f40dbab8c8c65ad0b3cb84c63e2b113c7d064c7,168,240,FULL_FETCH,
卢淮武,https://www.gzsys.org.cn/node/14747,实采,,https://www.gzsys.org.cn/sites/syshospital.prod.sysucloud1.sysu.edu.cn/files/doctor/12756.jpg,01_试点医院/中山大学孙逸仙纪念医院/照片/卢淮武-妇科肿瘤专科-主任医师-中山大学孙逸仙纪念医院.jpg,64443,f22144cad064d5a7abeb674e90cbbf16e98085c20f8943e8487362051e0e73c4,497,612,FULL_FETCH,
黄科,https://www.gzsys.org.cn/node/14585,实采,,https://www.gzsys.org.cn/sites/syshospital.prod.sysucloud1.sysu.edu.cn/files/doctor/9527.jpg,01_试点医院/中山大学孙逸仙纪念医院/照片/黄科-儿科血液专科-主任医师-中山大学孙逸仙纪念医院.jpg,9423,1eb45a405b571b2862dafb3dde1e0a9db7ecdfb2cf33ad8c4ca4c173fc3b36d8,167,240,FULL_FETCH,
周力学,https://www.gzsys.org.cn/node/15623,实采,,https://www.gzsys.org.cn/sites/syshospital.prod.sysucloud1.sysu.edu.cn/files/00978.jpg,01_试点医院/中山大学孙逸仙纪念医院/照片/周力学-超声科-主任医师-中山大学孙逸仙纪念医院.jpg,10013,6dcd89e2b6cdae80ee5e11e6c2ca4388bf12b03cb3ceddf05a4c2bb519844777,168,240,FULL_FETCH,
智慧,https://www.gzsys.org.cn/doctor/14692,实采,,https://www.gzsys.org.cn/sites/syshospital.prod.sysucloud1.sysu.edu.cn/files/doctor/10664.jpg,01_试点医院/中山大学孙逸仙纪念医院/照片/智慧-超声科-主任医师-中山大学孙逸仙纪念医院.jpg,44910,c5c6df52ccc677cfd2ffd9b42f76d564ea2f7fb853c899507f35faecc3034892,390,567,FULL_FETCH,
周淑娴,https://www.gzsys.org.cn/node/14818,实采,,https://www.gzsys.org.cn/sites/syshospital.prod.sysucloud1.sysu.edu.cn/files/doctor/10706.png,01_试点医院/中山大学孙逸仙纪念医院/照片/周淑娴-心血管内科-主任医师-中山大学孙逸仙纪念医院.png,234315,b6a666411a1005f7a72254cfb77ce04d2e6f74dccc2731dd2d297b8330d622dc,623,641,FULL_FETCH,
刘丹,https://www.gzsys.org.cn/doctor/15326,实采,,https://www.gzsys.org.cn/sites/syshospital.prod.sysucloud1.sysu.edu.cn/files/doctor/9881.jpg,01_试点医院/中山大学孙逸仙纪念医院/照片/刘丹-内分泌内科-主任医师-中山大学孙逸仙纪念医院.jpg,17600,53dc55535d78d886d30776d9c6611ca2e0ee50c0490e932498852b41664e4ac2,359,498,FULL_FETCH,
张锦,https://www.gzsys.org.cn/doctor/15327,实采,,https://www.gzsys.org.cn/sites/syshospital.prod.sysucloud1.sysu.edu.cn/files/doctor/12354.JPG,01_试点医院/中山大学孙逸仙纪念医院/照片/张锦-内分泌内科-主任医师-中山大学孙逸仙纪念医院.jpg,2690776,e42f3924e65a7e62f8973a02f44fe502608dc699e6cbbfd2ea94090287bc69cf,2421,3707,FULL_FETCH,
张少玲,https://www.gzsys.org.cn/doctor/15317,实采,,https://www.gzsys.org.cn/sites/syshospital.prod.sysucloud1.sysu.edu.cn/files/doctor/10596.jpg,01_试点医院/中山大学孙逸仙纪念医院/照片/张少玲-内分泌内科-主任医师-中山大学孙逸仙纪念医院.jpg,15058,bb428b6e9f83010c048907fe1004f8439839a2a2da9e80cdecff4eefe97f33dd,338,505,FULL_FETCH,
唐琼兰,https://www.gzsys.org.cn/doctor/15225,实采,,https://www.gzsys.org.cn/sites/syshospital.prod.sysucloud1.sysu.edu.cn/files/doctor/13042.jpg,01_试点医院/中山大学孙逸仙纪念医院/照片/唐琼兰-病理科-主任医师-中山大学孙逸仙纪念医院.jpg,49910,0ce757aa621d19a45f3a7a45919c51b3babe0bae16a5dfd31588d3a6b2b0d9c5,168,240,FULL_FETCH,
马丽萍,https://www.gzsys.org.cn/node/14847,实采,,https://www.gzsys.org.cn/sites/syshospital.prod.sysucloud1.sysu.edu.cn/files/doctor/10010.JPG,01_试点医院/中山大学孙逸仙纪念医院/照片/马丽萍-血液内科-主任医师-中山大学孙逸仙纪念医院.jpg,118486,2e17215401f5741bfec83d290f99ab5906290a1e20172613e99889783e3dd734,413,579,FULL_FETCH,
王连源,https://www.gzsys.org.cn/doctor/14806,实采,,https://www.gzsys.org.cn/sites/syshospital.prod.sysucloud1.sysu.edu.cn/files/doctor/10229.jpg,01_试点医院/中山大学孙逸仙纪念医院/照片/王连源-消化内科-主任医师-中山大学孙逸仙纪念医院.jpg,11132,f085aa3729da1a7efab55ba949ce73e9e3b7758940ccca8abd85550ae479014e,167,240,FULL_FETCH,
陈为宪,https://www.gzsys.org.cn/doctor/14800,实采,,https://www.gzsys.org.cn/sites/syshospital.prod.sysucloud1.sysu.edu.cn/files/doctor/9273.jpg,01_试点医院/中山大学孙逸仙纪念医院/照片/陈为宪-消化内科-主任医师-中山大学孙逸仙纪念医院.jpg,10569,43e2d2f78f71e97ab021d909aeff613581a604f51c8d2a7cb5d6b48553863a20,168,240,FULL_FETCH,
于涛,https://www.gzsys.org.cn/doctor/14809,实采,,https://www.gzsys.org.cn/sites/syshospital.prod.sysucloud1.sysu.edu.cn/files/doctor/12823.jpg,01_试点医院/中山大学孙逸仙纪念医院/照片/于涛-消化内科-主任医师-中山大学孙逸仙纪念医院.jpg,49136,7c4604666d0aafd8f51b7397349e8f5f564f7e79428a5d40fff331b26e0f194f,168,224,FULL_FETCH,
夏忠胜,https://www.gzsys.org.cn/doctor/14808,实采,,https://www.gzsys.org.cn/sites/syshospital.prod.sysucloud1.sysu.edu.cn/files/doctor/12421.jpg,01_试点医院/中山大学孙逸仙纪念医院/照片/夏忠胜-消化内科-主任医师-中山大学孙逸仙纪念医院.jpg,39294,6c22e0aa2150c2602e071de640907c8088370c4d91f3eca6ef497f71d7a19b76,239,309,FULL_FETCH,
何旺,https://www.gzsys.org.cn/node/15266,实采,,https://www.gzsys.org.cn/sites/syshospital.prod.sysucloud1.sysu.edu.cn/files/%E4%BD%95%E6%97%BA%2020250702.jpg,01_试点医院/中山大学孙逸仙纪念医院/照片/何旺-泌尿外科-主任医师-中山大学孙逸仙纪念医院.jpg,2040522,4bd9b9bfd52377c9e3d169f6d11b83bf2df9ce5a1f9263fa66e6bbe08d743e11,5304,7952,FULL_FETCH,
姚友生,https://www.gzsys.org.cn/node/15258,实采,,https://www.gzsys.org.cn/sites/syshospital.prod.sysucloud1.sysu.edu.cn/files/doctor/10468.jpg,01_试点医院/中山大学孙逸仙纪念医院/照片/姚友生-泌尿外科-主任医师-中山大学孙逸仙纪念医院.jpg,12664,56c4bc4330c3e888a02f5468943eb857c2540a2985fab03ba35e4a9247fcfefd,168,240,FULL_FETCH,
覃丽君,https://www.gzsys.org.cn/node/14726,实采,,https://www.gzsys.org.cn/sites/syshospital.prod.sysucloud1.sysu.edu.cn/files/doctor/12418.jpg,01_试点医院/中山大学孙逸仙纪念医院/照片/覃丽君-儿科心血管专科-主任医师-中山大学孙逸仙纪念医院.jpg,32629,9e396ff37761788932e25d4a07019dd5b1b11b7920f924a3f6eb221599aaac7d,168,240,FULL_FETCH,
陈炬,https://www.gzsys.org.cn/node/14844,实采,,https://www.gzsys.org.cn/sites/syshospital.prod.sysucloud1.sysu.edu.cn/files/doctor/9221.jpg,01_试点医院/中山大学孙逸仙纪念医院/照片/陈炬-胸外科-主任医师-中山大学孙逸仙纪念医院.jpg,17477,f4afee771b347bb583efa756f94e370162cf1cc6fd42979d5bdfea0da84427be,355,507,FULL_FETCH,
王建广,https://www.gzsys.org.cn/node/14677,实采,,https://www.gzsys.org.cn/sites/syshospital.prod.sysucloud1.sysu.edu.cn/files/doctor/10225.jpg,01_试点医院/中山大学孙逸仙纪念医院/照片/王建广-口腔科-主任医师-中山大学孙逸仙纪念医院.jpg,277769,1756abf9aa46ab104f15f69e7a794558fbd1270c5864975a43ef50b4976df02e,1494,2128,FULL_FETCH,
黄东生,https://www.gzsys.org.cn/node/14524,实采,,https://www.gzsys.org.cn/sites/syshospital.prod.sysucloud1.sysu.edu.cn/files/doctor/9504.jpg,01_试点医院/中山大学孙逸仙纪念医院/照片/黄东生-骨外科-主任医师-中山大学孙逸仙纪念医院.jpg,1869067,d479311ba0ac05a4d7de51ce046dfb49e2ca457483117c053d1669f675bf9aff,1492,2128,FULL_FETCH,
方向韶,https://www.gzsys.org.cn/doctor/14647,实采,,https://www.gzsys.org.cn/sites/syshospital.prod.sysucloud1.sysu.edu.cn/files/doctor/9378.jpg,01_试点医院/中山大学孙逸仙纪念医院/照片/方向韶-急诊科-主任医师-中山大学孙逸仙纪念医院.jpg,6975,3624b0af6f7e4fd2b55f788aa350ed0e696225593a8bc6b92a6921b40a943875,212,278,FULL_FETCH,
许俭兴,https://www.gzsys.org.cn/node/15594,实采,,https://www.gzsys.org.cn/sites/syshospital.prod.sysucloud1.sysu.edu.cn/files/00086.jpg,01_试点医院/中山大学孙逸仙纪念医院/照片/许俭兴-康复医学科-主任医师-中山大学孙逸仙纪念医院.jpg,10292,a2293e13dbe596f42b9b6701d9bf6e6a4719da50413a7a68b92cde782e9a2058,167,240,FULL_FETCH,
黄林洁,https://www.gzsys.org.cn/node/15234,实采,,https://www.gzsys.org.cn/sites/syshospital.prod.sysucloud1.sysu.edu.cn/files/doctor/12158.jpg,01_试点医院/中山大学孙逸仙纪念医院/照片/黄林洁-呼吸与危重症医学科-主任医师-中山大学孙逸仙纪念医院.jpg,48205,4a885593df10814f66833cb8a103a606c9fa1e6e05f9c1292d620cba4ae7984c,390,567,FULL_FETCH,
梁瑞韵,https://www.gzsys.org.cn/node/15233,实采,,https://www.gzsys.org.cn/sites/syshospital.prod.sysucloud1.sysu.edu.cn/files/doctor/9786.jpg,01_试点医院/中山大学孙逸仙纪念医院/照片/梁瑞韵-呼吸与危重症医学科-主任医师-中山大学孙逸仙纪念医院.jpg,5969,968d95c7e09b7a030efa5e592dd490ce42f863381663d3124ea0170a9a76ebd0,169,242,FULL_FETCH,
李文滨,https://www.gzsys.org.cn/node/15208,实采,,https://www.gzsys.org.cn/sites/syshospital.prod.sysucloud1.sysu.edu.cn/files/10802.jpg,01_试点医院/中山大学孙逸仙纪念医院/照片/李文滨-普通外科-主任医师-中山大学孙逸仙纪念医院.jpg,253113,a5436d7d883fd14dc9ca3b54d4cf4ce0da864f6901de66070e4bd214cbc2d01f,1046,1411,FULL_FETCH,
许吕宏,https://www.gzsys.org.cn/node/14738,实采,,https://www.gzsys.org.cn/sites/syshospital.prod.sysucloud1.sysu.edu.cn/files/doctor/12827.jpg,01_试点医院/中山大学孙逸仙纪念医院/照片/许吕宏-儿科血液专科-主任医师-中山大学孙逸仙纪念医院.jpg,27732,7c32236f90a1e59873676ff77ea610cefecc2c066487360b9d8e7b5016197943,168,240,FULL_FETCH,
肖治宇,https://www.gzsys.org.cn/node/15246,实采,,https://www.gzsys.org.cn/sites/syshospital.prod.sysucloud1.sysu.edu.cn/files/12002.jpg,01_试点医院/中山大学孙逸仙纪念医院/照片/肖治宇-肝胆外科-主任医师-中山大学孙逸仙纪念医院.jpg,26439,80ef464a6b1e55a05eecadb425e00e3310aca3dc21c9cc858c3c02412dd65b16,413,626,FULL_FETCH,
张磊,https://www.gzsys.org.cn/node/15243,实采,,https://www.gzsys.org.cn/sites/syshospital.prod.sysucloud1.sysu.edu.cn/files/%E5%BC%A0%E7%A3%8A.jpg,01_试点医院/中山大学孙逸仙纪念医院/照片/张磊-肝胆外科-主任医师-中山大学孙逸仙纪念医院.jpg,1330893,1819a39807418ef86a911fdad17a257577672bd82efcfef873df6eacfb8b486a,3648,5472,FULL_FETCH,
陈凯,https://www.gzsys.org.cn/node/14908,实采,,https://www.gzsys.org.cn/sites/syshospital.prod.sysucloud1.sysu.edu.cn/files/doctor/13912.png,01_试点医院/中山大学孙逸仙纪念医院/照片/陈凯-乳腺外科-主任医师-中山大学孙逸仙纪念医院.png,63711,1a0a22e43eaf85d48260346f2dc9d59d94c44e67e49b1491f6b92d12f6f5337f,186,188,FULL_FETCH,
刘洁琼,https://www.gzsys.org.cn/node/14906,实采,,https://www.gzsys.org.cn/sites/syshospital.prod.sysucloud1.sysu.edu.cn/files/%E5%88%98%E6%B4%81%E7%90%BC.jpg,01_试点医院/中山大学孙逸仙纪念医院/照片/刘洁琼-乳腺外科-主任医师-中山大学孙逸仙纪念医院.jpg,1469675,3dd017db6ab6ab5e9a02a9053779bc9577f7d63ad791fa488b0c130a856d9c2d,2617,3654,FULL_FETCH,
白守民,https://www.gzsys.org.cn/node/14862,实采,,https://www.gzsys.org.cn/sites/syshospital.prod.sysucloud1.sysu.edu.cn/files/9142.jpg,01_试点医院/中山大学孙逸仙纪念医院/照片/白守民-肿瘤科放疗专科-主任医师-中山大学孙逸仙纪念医院.jpg,13374,46a1ba75e6da9a23bec55fe8673a651bfaf1b9e70387b853090c1c3199e7a2eb,390,567,FULL_FETCH,
肖晓云,https://www.gzsys.org.cn/node/14722,实采,,https://www.gzsys.org.cn/sites/syshospital.prod.sysucloud1.sysu.edu.cn/files/doctor/12156.jpg,01_试点医院/中山大学孙逸仙纪念医院/照片/肖晓云-超声科-主任医师-中山大学孙逸仙纪念医院.jpg,44124,3fc9cf7154bd49af647a672e51a4481271a1c55ef9b8951d6633b6e94be4159e,168,224,FULL_FETCH,
李栋方,https://www.gzsys.org.cn/node/14682,实采,,https://www.gzsys.org.cn/sites/syshospital.prod.sysucloud1.sysu.edu.cn/files/doctor/9657.jpg,01_试点医院/中山大学孙逸仙纪念医院/照片/李栋方-儿科神经内分泌专科-主任医师-中山大学孙逸仙纪念医院.jpg,579005,84d07150070becc820c6883a97d56ecf10328e334ec2859a398c0e9030c99a1e,1120,1556,FULL_FETCH,
林浩铭,https://www.gzsys.org.cn/node/15211,实采,,https://www.gzsys.org.cn/sites/syshospital.prod.sysucloud1.sysu.edu.cn/files/02261.jpg,01_试点医院/中山大学孙逸仙纪念医院/照片/林浩铭-胆胰外科-主任医师-中山大学孙逸仙纪念医院.jpg,27030,3554f958d510c9b2ffdb685535d344615b910d139765ab3acd5f8206f58a69cc,160,243,FULL_FETCH,
聂如琼,https://www.gzsys.org.cn/node/14819,实采,,https://www.gzsys.org.cn/sites/syshospital.prod.sysucloud1.sysu.edu.cn/files/doctor/10058.jpg,01_试点医院/中山大学孙逸仙纪念医院/照片/聂如琼-心血管内科-主任医师-中山大学孙逸仙纪念医院.jpg,203287,5d5fb441ed4aaf7bb622f3e133cfe87a395dcbdaecafbd3f40d639146bc2a153,482,689,FULL_FETCH,
欧阳颖,https://www.gzsys.org.cn/node/14684,实采,,https://www.gzsys.org.cn/sites/syshospital.prod.sysucloud1.sysu.edu.cn/files/doctor/10066.jpg,01_试点医院/中山大学孙逸仙纪念医院/照片/欧阳颖-新生儿及儿童重症专科-主任医师-中山大学孙逸仙纪念医院.jpg,73548,093a74715c032838413128422b746e602e7837b7b68e81d936f7e00e340d7687,780,1134,FULL_FETCH,
王梅,https://www.gzsys.org.cn/node/14593,实采,,https://www.gzsys.org.cn/sites/syshospital.prod.sysucloud1.sysu.edu.cn/files/doctor/10235.jpeg,01_试点医院/中山大学孙逸仙纪念医院/照片/王梅-眼科-主任医师-中山大学孙逸仙纪念医院.jpg,602277,c236107393c6becfd8c233ee036a448645dbb744e90e8a01d9e6931fc40ea80e,780,1134,FULL_FETCH,
梁伟强,https://www.gzsys.org.cn/node/15204,实采,,https://www.gzsys.org.cn/sites/syshospital.prod.sysucloud1.sysu.edu.cn/files/02019.jpg,01_试点医院/中山大学孙逸仙纪念医院/照片/梁伟强-整形外科-主任医师-中山大学孙逸仙纪念医院.jpg,33030,de6cd585a6bfa84f5e35030c7e89dc3e5d25f17b3411a6866c8cf3889a7381be,341,520,FULL_FETCH,
范松,https://www.gzsys.org.cn/node/14742,实采,,https://www.gzsys.org.cn/sites/syshospital.prod.sysucloud1.sysu.edu.cn/files/doctor/12697.jpg,01_试点医院/中山大学孙逸仙纪念医院/照片/范松-口腔科-主任医师-中山大学孙逸仙纪念医院.jpg,1700312,d61db01e7979d43ecdb4c7969a622a76e59c98339e53aac2530ff09e67160f79,2599,3477,FULL_FETCH,
谭国珍,https://www.gzsys.org.cn/node/14596,实采,,https://www.gzsys.org.cn/sites/syshospital.prod.sysucloud1.sysu.edu.cn/files/doctor/10172.jpg,01_试点医院/中山大学孙逸仙纪念医院/照片/谭国珍-皮肤科-主任医师-中山大学孙逸仙纪念医院.jpg,2090458,d89b64f5540a68d0a55fa4131a801c075ce0de49fa33e486205e4332c063987c,2720,3635,FULL_FETCH,
杨海弟,https://www.gzsys.org.cn/node/15289,实采,,https://www.gzsys.org.cn/sites/syshospital.prod.sysucloud1.sysu.edu.cn/files/doctor/11965.png,01_试点医院/中山大学孙逸仙纪念医院/照片/杨海弟-耳鼻喉科-主任医师-中山大学孙逸仙纪念医院.png,521788,aa20f859a6ca6fcc4f5cfe3689fb03008621281a59871b3c261eab0c58b619ab,710,1000,FULL_FETCH,
张志钢,https://www.gzsys.org.cn/node/15283,实采,,https://www.gzsys.org.cn/sites/syshospital.prod.sysucloud1.sysu.edu.cn/files/doctor/11224.png,01_试点医院/中山大学孙逸仙纪念医院/照片/张志钢-耳鼻喉科-主任医师-中山大学孙逸仙纪念医院.png,597208,2b4aba716bfa9a6170010021a7b1ea93cb59b1c008ea752838cdd119c371fa3f,765,1000,FULL_FETCH,
师林,https://www.gzsys.org.cn/node/25002,实采,,https://www.gzsys.org.cn/sites/syshospital.prod.sysucloud1.sysu.edu.cn/files/%E5%BE%AE%E4%BF%A1%E5%9B%BE%E7%89%87_20231215164927.png,01_试点医院/中山大学孙逸仙纪念医院/照片/师林-中医科-主任医师-中山大学孙逸仙纪念医院.png,670463,167fd3694d33b2877ea0af4435db075ae7f0b7b6f87f0c3226564c3ac2beeb2f,733,1024,FULL_FETCH,
王飞,https://www.gzsys.org.cn/node/14724,实采,,https://www.gzsys.org.cn/sites/syshospital.prod.sysucloud1.sysu.edu.cn/files/doctor/12251.jpg,01_试点医院/中山大学孙逸仙纪念医院/照片/王飞-麻醉科-主任医师-中山大学孙逸仙纪念医院.jpg,13465,1a28b1f389d14e5b39f60eedf7321c09fb72a8de495f887df241b0e708e852cc,168,240,FULL_FETCH,
谭杰文,https://www.gzsys.org.cn/node/15273,实采,,https://www.gzsys.org.cn/sites/syshospital.prod.sysucloud1.sysu.edu.cn/files/doctor/10174.jpg,01_试点医院/中山大学孙逸仙纪念医院/照片/谭杰文-康复医学科-主任技师-中山大学孙逸仙纪念医院.jpg,10332,05ad5a86d197d6ab9f5a6e62ccb8a559c2a2d2472fa392078354fcd877179b91,168,240,FULL_FETCH,
余晓霞,https://www.gzsys.org.cn/node/14708,实采,,https://www.gzsys.org.cn/sites/syshospital.prod.sysucloud1.sysu.edu.cn/files/doctor/10505.jpg,01_试点医院/中山大学孙逸仙纪念医院/照片/余晓霞-药学部-主任药师-中山大学孙逸仙纪念医院.jpg,173305,2190ce9a6f03da70398b12ee390cda08f45ca93bcac0a177505a7857f3b67053,389,566,FULL_FETCH,
邱凯锋,https://www.gzsys.org.cn/node/14662,实采,,https://www.gzsys.org.cn/sites/syshospital.prod.sysucloud1.sysu.edu.cn/files/doctor/10105.jpg,01_试点医院/中山大学孙逸仙纪念医院/照片/邱凯锋-药学部-主任药师-中山大学孙逸仙纪念医院.jpg,116122,cba474032038ef07043ba9f4e783f6e2adf7e8cd2679574cb101e31b816ad209,660,895,FULL_FETCH,
黄晓波,https://www.gzsys.org.cn/node/14863,实采,,https://www.gzsys.org.cn/sites/syshospital.prod.sysucloud1.sysu.edu.cn/files/16732.jpg,01_试点医院/中山大学孙逸仙纪念医院/照片/黄晓波-乳腺放疗专科-副主任医师-中山大学孙逸仙纪念医院.jpg,132642,ce52e8fa1b3369e30493e3ecd204399b539d1386cc2f702bb76fe195ab7282de,413,626,TRIAL_REUSE,
陈锦武,https://www.gzsys.org.cn/node/14676,实采,,https://www.gzsys.org.cn/sites/syshospital.prod.sysucloud1.sysu.edu.cn/files/doctor/9217.jpg,01_试点医院/中山大学孙逸仙纪念医院/照片/陈锦武-健康管理中心-副主任医师-中山大学孙逸仙纪念医院.jpg,99417,6e3857b7ab9c72de1b0a1c6c8a4dc209372efe16d63a9b47c9e033fdbe778cf8,319,449,FULL_FETCH,
张睿,https://www.gzsys.org.cn/node/14572,实采,,https://www.gzsys.org.cn/sites/syshospital.prod.sysucloud1.sysu.edu.cn/files/doctor/10594.jpg,01_试点医院/中山大学孙逸仙纪念医院/照片/张睿-围产专科-副主任医师-中山大学孙逸仙纪念医院.jpg,9603,03e598a00cec552d75e49f793cff9ca45132837097fb296921243fec5053f384,168,240,FULL_FETCH,
王林,https://www.gzsys.org.cn/node/15223,实采,,https://www.gzsys.org.cn/sites/syshospital.prod.sysucloud1.sysu.edu.cn/files/doctor/10231.jpg,01_试点医院/中山大学孙逸仙纪念医院/照片/王林-病理科-副主任医师-中山大学孙逸仙纪念医院.jpg,10297,1eafb5abdc4ce653dcc98db6dc1c846eabdaf1f6e62131b7247caec9e4391b7d,168,240,FULL_FETCH,
吕军,https://www.gzsys.org.cn/node/14665,实采,,https://www.gzsys.org.cn/sites/syshospital.prod.sysucloud1.sysu.edu.cn/files/doctor/9967.jpg,01_试点医院/中山大学孙逸仙纪念医院/照片/吕军-肾内科-副主任医师-中山大学孙逸仙纪念医院.jpg,10779,ba6e734199e34bc35dd7f197795091e2c9bcc029735200a73ec4586cc39c0769,168,240,FULL_FETCH,
纪风涛,https://www.gzsys.org.cn/node/14717,实采,,https://www.gzsys.org.cn/sites/syshospital.prod.sysucloud1.sysu.edu.cn/files/doctor/11998.jpg,01_试点医院/中山大学孙逸仙纪念医院/照片/纪风涛-麻醉科-副主任医师-中山大学孙逸仙纪念医院.jpg,8758,eaa73412a4c7262633d0530d91baa3a50fe23a788a60304f37429abc8f1ebec5,237,307,FULL_FETCH,
傅艳妮,https://www.gzsys.org.cn/node/14653,实采,,https://www.gzsys.org.cn/sites/syshospital.prod.sysucloud1.sysu.edu.cn/files/doctor/9407.jpg,01_试点医院/中山大学孙逸仙纪念医院/照片/傅艳妮-麻醉科-副主任医师-中山大学孙逸仙纪念医院.jpg,15856,3219b82d06fb86e177ea158f3f7329ff67b1eeff89b8d7feb03540b2558e40d7,389,576,FULL_FETCH,
罗晓红,https://www.gzsys.org.cn/node/14546,实采,,https://www.gzsys.org.cn/sites/syshospital.prod.sysucloud1.sysu.edu.cn/files/doctor/9992.jpg,01_试点医院/中山大学孙逸仙纪念医院/照片/罗晓红-检验科-副主任技师-中山大学孙逸仙纪念医院.jpg,10089,7e248f47968b7ab5827754235995b2e96be97e4c05525cda9842518c7bfac1df,169,240,FULL_FETCH,
黄绍良,https://www.gzsys.org.cn/node/15593,实采,,https://www.gzsys.org.cn/sites/syshospital.prod.sysucloud1.sysu.edu.cn/files/00060.jpg,01_试点医院/中山大学孙逸仙纪念医院/照片/黄绍良-儿科血液专科-教授-中山大学孙逸仙纪念医院.jpg,10695,52abf0c28f5fa1e53e2f04b0bbc11bdda38f2f34d308424000f0b73e6b7574ee,168,240,FULL_FETCH,
李文益,https://www.gzsys.org.cn/node/15598,实采,,https://www.gzsys.org.cn/sites/syshospital.prod.sysucloud1.sysu.edu.cn/files/00124.jpg,01_试点医院/中山大学孙逸仙纪念医院/照片/李文益-儿科血液专科-教授-中山大学孙逸仙纪念医院.jpg,61819,cdc855a8ed6693437f8d647b7c5ab59fe847f299c69ec6b2fb84f72d7579150a,168,224,FULL_FETCH,
李建国,https://www.gzsys.org.cn/node/15228,实采,,https://www.gzsys.org.cn/sites/syshospital.prod.sysucloud1.sysu.edu.cn/files/9668.jpg,01_试点医院/中山大学孙逸仙纪念医院/照片/李建国-呼吸与危重症医学科-主任医师-中山大学孙逸仙纪念医院.jpg,1954443,bee23aea066cbad71867b7c03eb7dcd7f6fb609aaa74411d81263a66bb37d638,2460,3570,FULL_FETCH,
黄穗乔,https://www.gzsys.org.cn/node/14616,实采,,https://www.gzsys.org.cn/sites/syshospital.prod.sysucloud1.sysu.edu.cn/files/doctor/9555.jpg,01_试点医院/中山大学孙逸仙纪念医院/照片/黄穗乔-放射科影像专科-主任医师-中山大学孙逸仙纪念医院.png,28752,3b7529906f0658d29a51ac6cfda4c41d2ff586cffb2ecdec5c38c6bbd1f7cee5,92,130,FULL_FETCH,
梁碧玲,https://www.gzsys.org.cn/node/14523,实采,,https://www.gzsys.org.cn/sites/syshospital.prod.sysucloud1.sysu.edu.cn/files/doctor/9750.jpg,01_试点医院/中山大学孙逸仙纪念医院/照片/梁碧玲-放射科影像专科-主任医师-中山大学孙逸仙纪念医院.jpg,1932152,410b0db4e119469c3185e00a2a8407ce85786b3c3eb43052ed6f520279ab613a,1500,2128,FULL_FETCH,
李国照,https://www.gzsys.org.cn/doctor/14531,实采,,https://www.gzsys.org.cn/sites/syshospital.prod.sysucloud1.sysu.edu.cn/files/doctor/9662.jpg,01_试点医院/中山大学孙逸仙纪念医院/照片/李国照-放射科影像专科-主任医师-中山大学孙逸仙纪念医院.png,35647,dfe74397177fb770a75fb000e6cfc87d8140689ff90f9cca65b4810d9ec5952a,105,148,FULL_FETCH,
杜国庆,https://www.gzsys.org.cn/node/24800,实采,,https://www.gzsys.org.cn/sites/syshospital.prod.sysucloud1.sysu.edu.cn/files/%E6%9D%9C%E5%9B%BD%E5%BA%86.jpg,01_试点医院/中山大学孙逸仙纪念医院/照片/杜国庆-超声科-主任医师-中山大学孙逸仙纪念医院.jpg,39075,94ae62d9b34a1d00715f48f578185d38f451153b0c355d48670cc06486044195,499,499,FULL_FETCH,
谢梅青,https://www.gzsys.org.cn/node/15307,实采,,https://www.gzsys.org.cn/sites/syshospital.prod.sysucloud1.sysu.edu.cn/files/doctor/10375.jpg,01_试点医院/中山大学孙逸仙纪念医院/照片/谢梅青-普通妇科专科-主任医师-中山大学孙逸仙纪念医院.jpg,16460,58f0fbfa8971675ffae4628720d75e3f23eab6b645fdcd2fbadeba755133d899,355,507,FULL_FETCH,
陈涛,https://www.gzsys.org.cn/node/15241,实采,,https://www.gzsys.org.cn/sites/syshospital.prod.sysucloud1.sysu.edu.cn/files/9271.jpg,01_试点医院/中山大学孙逸仙纪念医院/照片/陈涛-肝胆外科-主任医师-中山大学孙逸仙纪念医院.jpg,40681,597a00cef8ed0b9f5f214dccb8054deb70a3ded858c2f71ebef039a9443b8818,413,626,FULL_FETCH,
闵军,https://www.gzsys.org.cn/node/15240,实采,,https://www.gzsys.org.cn/sites/syshospital.prod.sysucloud1.sysu.edu.cn/files/10045_0.jpg,01_试点医院/中山大学孙逸仙纪念医院/照片/闵军-肝胆外科-主任医师-中山大学孙逸仙纪念医院.jpg,36711,e9bb61e2bb466c419d474aeeb0c9319b113453501ee390a5a11d0ff18c2582d1,413,626,FULL_FETCH,
王捷,https://www.gzsys.org.cn/node/15239,实采,,https://www.gzsys.org.cn/sites/syshospital.prod.sysucloud1.sysu.edu.cn/files/10227.jpg,01_试点医院/中山大学孙逸仙纪念医院/照片/王捷-肝胆外科-主任医师-中山大学孙逸仙纪念医院.jpg,34998,fa849a92c4a9e34e7c1787b2ef83067d4f399053f2affab095322e4f84fb622e,413,626,FULL_FETCH,
聂燕,https://www.gzsys.org.cn/node/14910,实采,,https://www.gzsys.org.cn/sites/syshospital.prod.sysucloud1.sysu.edu.cn/files/%E8%81%82%E7%87%95_%E5%89%AF%E6%9C%AC_0.jpg,01_试点医院/中山大学孙逸仙纪念医院/照片/聂燕-乳腺外科-主任医师-中山大学孙逸仙纪念医院.jpg,2077940,69d7d71ce97eefffedb03fe4443d5b931978719840554570ece21f16192d2b04,3421,5131,FULL_FETCH,
杨冬梓,https://www.gzsys.org.cn/node/15620,实采,,https://www.gzsys.org.cn/sites/syshospital.prod.sysucloud1.sysu.edu.cn/files/doctor/10432.jpg,01_试点医院/中山大学孙逸仙纪念医院/照片/杨冬梓-妇科生殖内分泌专科-主任医师-中山大学孙逸仙纪念医院.jpg,983347,552b61102969a3091c3ed544082e339a36a25630c3ad52fd837a0412bb955549,2400,3600,FULL_FETCH,
伍卫,https://www.gzsys.org.cn/node/14817,实采,,https://www.gzsys.org.cn/sites/syshospital.prod.sysucloud1.sysu.edu.cn/files/doctor/10347.JPG,01_试点医院/中山大学孙逸仙纪念医院/照片/伍卫-心血管内科-主任医师-中山大学孙逸仙纪念医院.jpg,480307,6186ee882da63fdf3b0308d01cafe38a0933b79791aa1f53171b2d65101f2ae8,1282,1650,FULL_FETCH,
刘品明,https://www.gzsys.org.cn/doctor/14821,实采,,https://www.gzsys.org.cn/sites/syshospital.prod.sysucloud1.sysu.edu.cn/files/doctor/10806.jpg,01_试点医院/中山大学孙逸仙纪念医院/照片/刘品明-心血管内科-主任医师-中山大学孙逸仙纪念医院.jpg,16091,b70beb6f36b2d184f6d98b1ddd2feebe8abbbe5d0eae24777d144707eb1cb627,355,507,FULL_FETCH,
张玉玲,https://www.gzsys.org.cn/node/14824,实采,,https://www.gzsys.org.cn/sites/syshospital.prod.sysucloud1.sysu.edu.cn/files/doctor/10622.jpg,01_试点医院/中山大学孙逸仙纪念医院/照片/张玉玲-心血管内科-主任医师-中山大学孙逸仙纪念医院.jpg,30284,38a2868f3b0e1bf515d532b664ec49b46567ef67e7097c4b542f750fec59f239,168,240,FULL_FETCH,
吴现瑞,https://www.gzsys.org.cn/node/25008,实采,,https://www.gzsys.org.cn/sites/syshospital.prod.sysucloud1.sysu.edu.cn/files/%E5%90%B4%E7%8E%B0%E7%91%9E%E4%B8%BB%E4%BB%BB.jpg,01_试点医院/中山大学孙逸仙纪念医院/照片/吴现瑞-胃肠外科-主任医师-中山大学孙逸仙纪念医院.jpg,52735,8a72ace62af3d6fdd00f3d980bd320c8904bfcfe1a84db8c702351c47301cd77,295,413,FULL_FETCH,
任萌,https://www.gzsys.org.cn/node/15328,实采,,https://www.gzsys.org.cn/sites/syshospital.prod.sysucloud1.sysu.edu.cn/files/doctor/12601.jpg,01_试点医院/中山大学孙逸仙纪念医院/照片/任萌-内分泌内科-主任医师-中山大学孙逸仙纪念医院.jpg,116085,8f3aebc541f8134c0a0a8c05ca1082ccbf3298125c9d3b74a1b2ffd0a8d78a99,307,449,FULL_FETCH,
黄花荣,https://www.gzsys.org.cn/node/14581,实采,,https://www.gzsys.org.cn/sites/syshospital.prod.sysucloud1.sysu.edu.cn/files/doctor/9513.jpg,01_试点医院/中山大学孙逸仙纪念医院/照片/黄花荣-儿科呼吸专科-主任医师-中山大学孙逸仙纪念医院.jpg,986446,80c76b30ddd7800b6511c77e26258b07dad84655f9eeb3ebea48f22b8c7470dc,1398,2034,FULL_FETCH,
张建平,https://www.gzsys.org.cn/node/14525,实采,,https://www.gzsys.org.cn/sites/syshospital.prod.sysucloud1.sysu.edu.cn/files/doctor/10572.jpg,01_试点医院/中山大学孙逸仙纪念医院/照片/张建平-围产专科-主任医师-中山大学孙逸仙纪念医院.jpg,88779,01c81793003c1fce00835cfc3898ceb950b15e7f1522afa23358a7dac1385779,413,579,FULL_FETCH,
刘颖琳,https://www.gzsys.org.cn/doctor/14570,实采,,https://www.gzsys.org.cn/sites/syshospital.prod.sysucloud1.sysu.edu.cn/files/doctor/9928.jpg,01_试点医院/中山大学孙逸仙纪念医院/照片/刘颖琳-围产专科-主任医师-中山大学孙逸仙纪念医院.jpg,3696909,24fd5b950e837eff6a5dc0808039aabf94e6a62313d1aa795563aecad39f815f,2400,3600,FULL_FETCH,
陈其奎,https://www.gzsys.org.cn/node/14799,实采,,https://www.gzsys.org.cn/sites/syshospital.prod.sysucloud1.sysu.edu.cn/files/doctor/9247.jpg,01_试点医院/中山大学孙逸仙纪念医院/照片/陈其奎-消化内科-主任医师-中山大学孙逸仙纪念医院.jpg,13821,474ff68f6379b3c342efc448bb5de99b706d85240aede406a0c480110fe729ba,168,240,FULL_FETCH,
沙孝珍,https://www.gzsys.org.cn/node/15592,实采,,https://www.gzsys.org.cn/sites/syshospital.prod.sysucloud1.sysu.edu.cn/files/00058.jpg,01_试点医院/中山大学孙逸仙纪念医院/照片/沙孝珍-妇产科-教授-中山大学孙逸仙纪念医院.jpg,10688,4f641296d05f66815b466290e20bc6d1f6ae08ad6ab7d1d8b4870e3b93fc5952,167,240,FULL_FETCH,
黄洪铮,https://www.gzsys.org.cn/node/15590,实采,,https://www.gzsys.org.cn/sites/syshospital.prod.sysucloud1.sysu.edu.cn/files/00050.jpg,01_试点医院/中山大学孙逸仙纪念医院/照片/黄洪铮-胸外科-教授-中山大学孙逸仙纪念医院.jpg,38028,ee886e567a7a9d67a2a5986042811f6212347240482a7b9b158eb421e09fafcb,168,240,FULL_FETCH,
刘尚礼,https://www.gzsys.org.cn/node/15587,实采,,https://www.gzsys.org.cn/sites/syshospital.prod.sysucloud1.sysu.edu.cn/files/00029.jpg,01_试点医院/中山大学孙逸仙纪念医院/照片/刘尚礼-骨外科-教授-中山大学孙逸仙纪念医院.jpg,9869,e4d025f30a210aad20a74c32c59e2ffa22af6d3ee9e8c6525c9ca28b0c454aba,167,240,FULL_FETCH,
叶伟,https://www.gzsys.org.cn/doctor/14727,实采,,https://www.gzsys.org.cn/sites/syshospital.prod.sysucloud1.sysu.edu.cn/files/%E5%8F%B6%E4%BC%9F%20%20%E6%96%B01.jpg,01_试点医院/中山大学孙逸仙纪念医院/照片/叶伟-骨外科-主任医师-中山大学孙逸仙纪念医院.jpg,1999983,a716baeef528e8ae1b9c572d9e4b1f98a3931b31700af25bcc350aa14304308a,2400,3600,FULL_FETCH,
杨睿,https://www.gzsys.org.cn/node/14679,实采,,https://www.gzsys.org.cn/sites/syshospital.prod.sysucloud1.sysu.edu.cn/files/%E5%BE%AE%E4%BF%A1%E5%9B%BE%E7%89%87_20220803170807_%E5%89%AF%E6%9C%AC.png,01_试点医院/中山大学孙逸仙纪念医院/照片/杨睿-骨外科-主任医师-中山大学孙逸仙纪念医院.png,325610,0a43ffb2ef8dd963b11a4414f7f315a76cffb2e982e49526c285f45b92138ec2,413,626,FULL_FETCH,
李卫平,https://www.gzsys.org.cn/node/14535,实采,,https://www.gzsys.org.cn/sites/syshospital.prod.sysucloud1.sysu.edu.cn/files/doctor/9707.jpg,01_试点医院/中山大学孙逸仙纪念医院/照片/李卫平-骨外科-主任医师-中山大学孙逸仙纪念医院.jpg,10711,10e799c5b9e0e01c8e8c6839807a3ed9fd4905070a8cf086d1cff1d4c19018ac,168,240,FULL_FETCH,
林吉惠,https://www.gzsys.org.cn/node/15591,实采,,https://www.gzsys.org.cn/sites/syshospital.prod.sysucloud1.sysu.edu.cn/files/00054.jpg,01_试点医院/中山大学孙逸仙纪念医院/照片/林吉惠-神经外科-教授-中山大学孙逸仙纪念医院.jpg,10758,cc6d10c7cf1e8a2ec0f2e4b9cd5f5a26bf8255ec33dfab9bb908cd61ed532e24,168,240,FULL_FETCH,
黄志权,https://www.gzsys.org.cn/doctor/14685,实采,,https://www.gzsys.org.cn/sites/syshospital.prod.sysucloud1.sysu.edu.cn/files/%E9%BB%84%E5%BF%97%E6%9D%83_%E5%89%AF%E6%9C%AC.jpg,01_试点医院/中山大学孙逸仙纪念医院/照片/黄志权-口腔科-主任医师-中山大学孙逸仙纪念医院.jpg,1833880,e7bd1765bdb9be1bc9bac35fc4f9c81b65aae0d6fd92b07f33c6f7883fcdfe3c,2400,3600,FULL_FETCH,
陈伟良,https://www.gzsys.org.cn/node/14529,实采,,https://www.gzsys.org.cn/sites/syshospital.prod.sysucloud1.sysu.edu.cn/files/doctor/9274.JPG,01_试点医院/中山大学孙逸仙纪念医院/照片/陈伟良-口腔科-主任医师-中山大学孙逸仙纪念医院.jpg,16067,2f0830b3c2c29962803247c5ee7d29f5d9a8daf1efea9bad727c5a9b49267552,353,504,FULL_FETCH,
邢诒刚,https://www.gzsys.org.cn/node/15595,实采,,https://www.gzsys.org.cn/sites/syshospital.prod.sysucloud1.sysu.edu.cn/files/00087.jpg,01_试点医院/中山大学孙逸仙纪念医院/照片/邢诒刚-神经科-主任医师-中山大学孙逸仙纪念医院.jpg,9735,87dfe4aa5cbf186b987165ff7ba3fe6a158036294f98c8bd96cc9037e2bb1731,168,240,FULL_FETCH,
刘中霖,https://www.gzsys.org.cn/node/15281,实采,,https://www.gzsys.org.cn/sites/syshospital.prod.sysucloud1.sysu.edu.cn/files/9936.jpg,01_试点医院/中山大学孙逸仙纪念医院/照片/刘中霖-神经科-主任医师-中山大学孙逸仙纪念医院.jpg,112748,a8f87819f3c875efbb0c3de3f6e58f440f65b6e9c8514756768ea7e1e442a542,413,579,FULL_FETCH,
陶恩祥,https://www.gzsys.org.cn/node/15275,实采,,https://www.gzsys.org.cn/sites/syshospital.prod.sysucloud1.sysu.edu.cn/files/10211_0.jpg,01_试点医院/中山大学孙逸仙纪念医院/照片/陶恩祥-神经科-主任医师-中山大学孙逸仙纪念医院.jpg,62398,ec03b13943ff96a310c43e89bc134a8886d1c43246bc32d12f7c6ad04dd8f006,413,626,FULL_FETCH,
彭英,https://www.gzsys.org.cn/node/14723,实采,,https://www.gzsys.org.cn/sites/syshospital.prod.sysucloud1.sysu.edu.cn/files/12242.jpg,01_试点医院/中山大学孙逸仙纪念医院/照片/彭英-神经科-主任医师-中山大学孙逸仙纪念医院.jpg,54631,dce515ce5aac4317418b5c03d1ff23ad75bb0f5f41a2240c9e6f298ed4367768,413,626,FULL_FETCH,
郭庆,https://www.gzsys.org.cn/node/14527,实采,,https://www.gzsys.org.cn/sites/syshospital.prod.sysucloud1.sysu.edu.cn/files/9437.jpg,01_试点医院/中山大学孙逸仙纪念医院/照片/郭庆-皮肤科-主任医师-中山大学孙逸仙纪念医院.jpg,24174,ea98d3fd00ad4e0cbc49b4a89f07b768fa6131fb14e88fa8d79e3cf933f28d0e,413,579,FULL_FETCH,
曾凡钦,https://www.gzsys.org.cn/doctor/14522,实采,,https://www.gzsys.org.cn/sites/syshospital.prod.sysucloud1.sysu.edu.cn/files/%E6%9B%BE%E5%87%A1%E9%92%A6.jpg,01_试点医院/中山大学孙逸仙纪念医院/照片/曾凡钦-皮肤科-主任医师-中山大学孙逸仙纪念医院.jpg,992709,8e22d1e124d2b4d67cd968845fbe86d649d16179a9a60831a59253ce568d75b5,2536,3335,FULL_FETCH,
郑亿庆,https://www.gzsys.org.cn/node/15304,实采,,https://www.gzsys.org.cn/sites/syshospital.prod.sysucloud1.sysu.edu.cn/files/doctor/10657.png,01_试点医院/中山大学孙逸仙纪念医院/照片/郑亿庆-耳鼻喉科-主任医师-中山大学孙逸仙纪念医院.png,558134,190f72120de6c07cac17d494909cd07059296b11f3fcb7fd10c1df93626c0454,730,1000,FULL_FETCH,
李晶,https://www.gzsys.org.cn/node/21989,实采,,https://www.gzsys.org.cn/sites/syshospital.prod.sysucloud1.sysu.edu.cn/files/%E6%9D%8E%E6%99%B6.jpg,01_试点医院/中山大学孙逸仙纪念医院/照片/李晶-妇科肿瘤专科-主任医师-中山大学孙逸仙纪念医院.jpg,11784,8006c99039ba99b000761d6a0c8bd99a479eefa149d9b26510aad78faf444fa8,310,399,FULL_FETCH,
王吉文,https://www.gzsys.org.cn/node/15333,实采,,https://www.gzsys.org.cn/sites/syshospital.prod.sysucloud1.sysu.edu.cn/files/%E7%8E%8B%E5%90%89%E6%96%87%20%20%E6%96%B0.jpg,01_试点医院/中山大学孙逸仙纪念医院/照片/王吉文-呼吸与危重症医学科-主任医师-中山大学孙逸仙纪念医院.jpg,301170,041743f8a244e2a88d1ae40aa3928a0403c100726ad17bd2a7c441f53c508bed,1614,2308,FULL_FETCH,
李志花,https://www.gzsys.org.cn/node/15311,实采,,https://www.gzsys.org.cn/sites/syshospital.prod.sysucloud1.sysu.edu.cn/files/doctor/9741.jpg,01_试点医院/中山大学孙逸仙纪念医院/照片/李志花-肿瘤内科-主任医师-中山大学孙逸仙纪念医院.jpg,18359,1c4e5cdda1edc385372783be5ada16679bc665be35f47c5d1386e4ae2141b8eb,353,501,FULL_FETCH,
谢德荣,https://www.gzsys.org.cn/node/15309,实采,,https://www.gzsys.org.cn/sites/syshospital.prod.sysucloud1.sysu.edu.cn/files/doctor/10373.jpg,01_试点医院/中山大学孙逸仙纪念医院/照片/谢德荣-肿瘤内科-主任医师-中山大学孙逸仙纪念医院.jpg,1890028,066b35b0c8e8d4e510302ab5ff84eda3a58ea99018243eebe9776f55e6168d29,1488,2128,FULL_FETCH,
陈瑞,https://www.gzsys.org.cn/node/15232,实采,,https://www.gzsys.org.cn/sites/syshospital.prod.sysucloud1.sysu.edu.cn/files/doctor/9257.JPG,01_试点医院/中山大学孙逸仙纪念医院/照片/陈瑞-呼吸与危重症医学科-主任医师-中山大学孙逸仙纪念医院.jpg,1722871,f80d6678e1100c26beb1442762c72b3dd838f17b22a7ac1f801cd2bb6087db83,2206,3064,FULL_FETCH,
段小慧,https://www.gzsys.org.cn/doctor/14774,实采,,https://www.gzsys.org.cn/sites/syshospital.prod.sysucloud1.sysu.edu.cn/files/doctor/16351.jpg,01_试点医院/中山大学孙逸仙纪念医院/照片/段小慧-放射科影像专科-主任医师-中山大学孙逸仙纪念医院.jpg,167404,97040955cc963a73b696a3ffe0f7ef89d8aee1c52bdc57e5bec805932d3ac7b4,390,567,FULL_FETCH,
王丽娟,https://www.gzsys.org.cn/node/14733,实采,,https://www.gzsys.org.cn/sites/syshospital.prod.sysucloud1.sysu.edu.cn/files/doctor/12372.jpg,01_试点医院/中山大学孙逸仙纪念医院/照片/王丽娟-妇科肿瘤专科-主任医师-中山大学孙逸仙纪念医院.jpg,38899,3d7c0b6cce46339614be344b36dd85ee9b00790b508599ed7eaa5c23395108ce,330,480,FULL_FETCH,
姚婷婷,https://www.gzsys.org.cn/node/14744,实采,,https://www.gzsys.org.cn/sites/syshospital.prod.sysucloud1.sysu.edu.cn/files/doctor/13119.JPG,01_试点医院/中山大学孙逸仙纪念医院/照片/姚婷婷-妇科肿瘤专科-主任医师-中山大学孙逸仙纪念医院.jpg,29385,9f37ac4cab883d0bfec843e8e69eda353b067f1423fba0bdc7fdfb9618e73298,358,441,FULL_FETCH,
徐宏贵,https://www.gzsys.org.cn/doctor/14683,实采,,https://www.gzsys.org.cn/sites/syshospital.prod.sysucloud1.sysu.edu.cn/files/doctor/10400.jpg,01_试点医院/中山大学孙逸仙纪念医院/照片/徐宏贵-儿科血液专科-主任医师-中山大学孙逸仙纪念医院.jpg,2092549,60739dbdb54102adc712f5faa33760c8e41f365683d0f02db775bb30575d78bd,2007,2690,FULL_FETCH,
周晖,https://www.gzsys.org.cn/doctor/14666,实采,,https://www.gzsys.org.cn/sites/syshospital.prod.sysucloud1.sysu.edu.cn/files/doctor/10696.jpg,01_试点医院/中山大学孙逸仙纪念医院/照片/周晖-妇科肿瘤专科-主任医师-中山大学孙逸仙纪念医院.jpg,21026,c5f7fa56cc78c47fb71392d04f88b05272f87777ca9a14024278bd0682f59a46,234,330,FULL_FETCH,
彭永排,https://www.gzsys.org.cn/node/14574,实采,,https://www.gzsys.org.cn/sites/syshospital.prod.sysucloud1.sysu.edu.cn/files/doctor/10094.jpg,01_试点医院/中山大学孙逸仙纪念医院/照片/彭永排-妇科肿瘤专科-主任医师-中山大学孙逸仙纪念医院.jpg,14194,ac2da32e261544fcbe4e019d83073490f1a060f26733e857f75e64588e6fee5b,367,508,FULL_FETCH,
陈建宇,https://www.gzsys.org.cn/node/14543,实采,,https://www.gzsys.org.cn/sites/syshospital.prod.sysucloud1.sysu.edu.cn/files/doctor/9212.jpg,01_试点医院/中山大学孙逸仙纪念医院/照片/陈建宇-放射科影像专科-主任医师-中山大学孙逸仙纪念医院.jpg,353051,79a04b77b23a52227661ba04d3a93a7340848f09202072cba7410e425ebd0e11,1559,2268,FULL_FETCH,
杨雅平,https://www.gzsys.org.cn/node/15428,实采,,https://www.gzsys.org.cn/sites/syshospital.prod.sysucloud1.sysu.edu.cn/files/doctor/13940.jpg,01_试点医院/中山大学孙逸仙纪念医院/照片/杨雅平-乳腺外科-主任医师-中山大学孙逸仙纪念医院.jpg,1878718,203adf70c23555740ce58bed526b322755f67c53185ea371fac29027a3c8e8fd,1885,2372,FULL_FETCH,
叶华,https://www.gzsys.org.cn/node/15248,实采,,https://www.gzsys.org.cn/sites/syshospital.prod.sysucloud1.sysu.edu.cn/files/10471.jpg,01_试点医院/中山大学孙逸仙纪念医院/照片/叶华-肝胆外科-主任医师-中山大学孙逸仙纪念医院.jpg,35976,2d6de09ccb91e1f171442217cd6490525601bc10935680be414515af9efda24a,413,626,FULL_FETCH,
张建龙,https://www.gzsys.org.cn/node/15247,实采,,https://www.gzsys.org.cn/sites/syshospital.prod.sysucloud1.sysu.edu.cn/files/10571.jpg,01_试点医院/中山大学孙逸仙纪念医院/照片/张建龙-肝胆外科-主任医师-中山大学孙逸仙纪念医院.jpg,34802,81d206dd097bcd01d64596b75ed5086b0745669cbcf70b4762d4c31460548e0c,413,626,FULL_FETCH,
曹君,https://www.gzsys.org.cn/node/15245,实采,,https://www.gzsys.org.cn/sites/syshospital.prod.sysucloud1.sysu.edu.cn/files/13176.jpg,01_试点医院/中山大学孙逸仙纪念医院/照片/曹君-肝胆外科-主任医师-中山大学孙逸仙纪念医院.jpg,28739,15c94f88daf3420a6c86d8e0f03288f9cc7da1ce504fb56f1fb010b7b5d4718c,413,626,FULL_FETCH,
李顺荣,https://www.gzsys.org.cn/doctor/14904,实采,,https://www.gzsys.org.cn/sites/syshospital.prod.sysucloud1.sysu.edu.cn/files/doctor/12693.jpg,01_试点医院/中山大学孙逸仙纪念医院/照片/李顺荣-乳腺外科-主任医师-中山大学孙逸仙纪念医院.jpg,17036,6bd1a5bfd739d14e66c4e699f6758913acf91734547c64eae8e915483ed764ab,461,610,FULL_FETCH,
吴畏,https://www.gzsys.org.cn/node/14909,实采,,https://www.gzsys.org.cn/sites/syshospital.prod.sysucloud1.sysu.edu.cn/files/doctor/10317.png,01_试点医院/中山大学孙逸仙纪念医院/照片/吴畏-乳腺外科-主任医师-中山大学孙逸仙纪念医院.png,734321,d2cb20852065e9113232f46b832caf0620fb28cc63003639097fcc1ba326c208,593,863,FULL_FETCH,
邱幸生,https://www.gzsys.org.cn/node/14865,实采,,https://www.gzsys.org.cn/sites/syshospital.prod.sysucloud1.sysu.edu.cn/files/fileUpload_16.jpg,01_试点医院/中山大学孙逸仙纪念医院/照片/邱幸生-肿瘤科放疗专科-主任医师-中山大学孙逸仙纪念医院.jpg,983421,37397f8aede4c0d6d696bcb909e2d1d081728cb1caf6594ee6a25f94b9681994,2306,3459,FULL_FETCH,
郝少云,https://www.gzsys.org.cn/doctor/14751,实采,,https://www.gzsys.org.cn/sites/syshospital.prod.sysucloud1.sysu.edu.cn/files/doctor/13129.jpg,01_试点医院/中山大学孙逸仙纪念医院/照片/郝少云-超声科-主任医师-中山大学孙逸仙纪念医院.jpg,169909,1f6f04eb699b4c5e53169d4fe61012f0293d3ba187a2bfe7f0f5456dd7b95b15,715,1107,FULL_FETCH,
狄娜,https://www.gzsys.org.cn/doctor/14741,实采,,https://www.gzsys.org.cn/sites/syshospital.prod.sysucloud1.sysu.edu.cn/files/doctor/12500.jpg,01_试点医院/中山大学孙逸仙纪念医院/照片/狄娜-超声科-主任医师-中山大学孙逸仙纪念医院.jpg,148339,144c4e295e07d415c37d012ea6fe13e6f4e11493670e96477ca6a54b370073a3,780,1134,FULL_FETCH,
何展文,https://www.gzsys.org.cn/doctor/14719,实采,,https://www.gzsys.org.cn/sites/syshospital.prod.sysucloud1.sysu.edu.cn/files/doctor/12003.jpg,01_试点医院/中山大学孙逸仙纪念医院/照片/何展文-儿科神经内分泌专科-主任医师-中山大学孙逸仙纪念医院.jpg,33132,c0ba94007bf35356509f352e93bc54d75219a60b5627aa0c2d88cbfed2243b69,168,240,FULL_FETCH,
陈耀庭,https://www.gzsys.org.cn/node/14669,实采,,https://www.gzsys.org.cn/sites/syshospital.prod.sysucloud1.sysu.edu.cn/files/doctor/9312.jpg,01_试点医院/中山大学孙逸仙纪念医院/照片/陈耀庭-放射科介入专科-主任医师-中山大学孙逸仙纪念医院.jpg,31620,7f73bdc1a91a62ee8eb786f8f46b2b23272540a603e9018ce9e923db4dbec600,657,800,FULL_FETCH,
陈晓莉,https://www.gzsys.org.cn/node/15341,实采,,https://www.gzsys.org.cn/sites/syshospital.prod.sysucloud1.sysu.edu.cn/files/doctor/12468.jpg,01_试点医院/中山大学孙逸仙纪念医院/照片/陈晓莉-妇科生殖内分泌专科-主任医师-中山大学孙逸仙纪念医院.jpg,37320,0801cbffbcfccd35a0f488cfb35e9d5df3cafe3c104285324c6e0ce30e8fa647,486,642,FULL_FETCH,
李轶,https://www.gzsys.org.cn/node/15343,实采,,https://www.gzsys.org.cn/sites/syshospital.prod.sysucloud1.sysu.edu.cn/files/%E6%9D%8E%E8%BD%B6%E5%89%AF%E6%95%99%E6%8E%88_%E5%89%AF%E6%9C%AC.jpg,01_试点医院/中山大学孙逸仙纪念医院/照片/李轶-妇科生殖内分泌专科-主任医师-中山大学孙逸仙纪念医院.jpg,251918,327376f272e8607eec59086cc64efe176541f2329d08a2fa733c02ee7d3852c9,413,579,FULL_FETCH,
张清学,https://www.gzsys.org.cn/node/15335,实采,,https://www.gzsys.org.cn/sites/syshospital.prod.sysucloud1.sysu.edu.cn/files/10591.jpg,01_试点医院/中山大学孙逸仙纪念医院/照片/张清学-妇科生殖内分泌专科-主任医师-中山大学孙逸仙纪念医院.jpg,1874091,95cfe461e5a6f902fc37d53f79108d2ac6bf71d09c34537fe90103be557d5664,2537,3793,FULL_FETCH,
王文军,https://www.gzsys.org.cn/node/15336,实采,,https://www.gzsys.org.cn/sites/syshospital.prod.sysucloud1.sysu.edu.cn/files/10245.jpg,01_试点医院/中山大学孙逸仙纪念医院/照片/王文军-妇科生殖内分泌专科-主任医师-中山大学孙逸仙纪念医院.jpg,1853565,f7381999d029e25cba3d6b1389a42635c63e6f6c17370b2474749a34a8cc8a0a,2400,3600,FULL_FETCH,
张锐,https://www.gzsys.org.cn/node/15209,实采,,https://www.gzsys.org.cn/sites/syshospital.prod.sysucloud1.sysu.edu.cn/files/02613.jpg,01_试点医院/中山大学孙逸仙纪念医院/照片/张锐-胆胰外科-主任医师-中山大学孙逸仙纪念医院.jpg,38429,056f7b3d876221fc345f2d419a386e3be8e2ce012c5ecd0bdf15c7b54ab67e12,168,240,FULL_FETCH,
刘建平,https://www.gzsys.org.cn/node/15214,实采,,https://www.gzsys.org.cn/sites/syshospital.prod.sysucloud1.sysu.edu.cn/files/00935.jpg,01_试点医院/中山大学孙逸仙纪念医院/照片/刘建平-胆胰外科-主任医师-中山大学孙逸仙纪念医院.jpg,9391,c08ecc882b7384458f33aa9aeeec4b746d60e7d5d69058c0e0e0a0088cd21c3f,168,240,FULL_FETCH,
许磊波,https://www.gzsys.org.cn/node/15210,实采,,https://www.gzsys.org.cn/sites/syshospital.prod.sysucloud1.sysu.edu.cn/files/doctor/13909.jpg,01_试点医院/中山大学孙逸仙纪念医院/照片/许磊波-胆胰外科-主任医师-中山大学孙逸仙纪念医院.jpg,1136396,6d58afcae52cc98b9312c0b722c4820c963ef23d6001c25d41cea2ac7a2aba24,1910,2362,FULL_FETCH,
林茂欢,https://www.gzsys.org.cn/doctor/14835,实采,,https://www.gzsys.org.cn/sites/syshospital.prod.sysucloud1.sysu.edu.cn/files/doctor/12666.jpg,01_试点医院/中山大学孙逸仙纪念医院/照片/林茂欢-心血管内科-主任医师-中山大学孙逸仙纪念医院.jpg,93842,d18a487d7f9bf8a2c00ac1d01aafaa57c3834f0acc7c27a021ca7194b7623556,1080,1556,FULL_FETCH,
张海峰,https://www.gzsys.org.cn/node/14836,实采,,https://www.gzsys.org.cn/sites/syshospital.prod.sysucloud1.sysu.edu.cn/files/doctor/13894.jpg,01_试点医院/中山大学孙逸仙纪念医院/照片/张海峰-心血管内科-主任医师-中山大学孙逸仙纪念医院.jpg,377132,0121e58d5fc7c2830f15c832f3f2f896e2829be170228840721b2e406f4c837b,1000,1454,FULL_FETCH,
郑韶欣,https://www.gzsys.org.cn/doctor/14832,实采,,https://www.gzsys.org.cn/sites/syshospital.prod.sysucloud1.sysu.edu.cn/files/doctor/13127.jpg,01_试点医院/中山大学孙逸仙纪念医院/照片/郑韶欣-心血管内科-主任医师-中山大学孙逸仙纪念医院.jpg,171884,997c2f333f361a0765156237bdd1d47b3667bc886057a47e22d3b52108322a56,482,689,FULL_FETCH,
耿登峰,https://www.gzsys.org.cn/doctor/14823,实采,,https://www.gzsys.org.cn/sites/syshospital.prod.sysucloud1.sysu.edu.cn/files/doctor/12140.jpg,01_试点医院/中山大学孙逸仙纪念医院/照片/耿登峰-心血管内科-主任医师-中山大学孙逸仙纪念医院.jpg,247433,09c58a37c61d961d61d9b24f976f5148d40771f63834aa6706c631964c02b812,1080,1620,FULL_FETCH,
杨莉,https://www.gzsys.org.cn/doctor/14822,实采,,https://www.gzsys.org.cn/sites/syshospital.prod.sysucloud1.sysu.edu.cn/files/doctor/10440.JPG,01_试点医院/中山大学孙逸仙纪念医院/照片/杨莉-心血管内科-主任医师-中山大学孙逸仙纪念医院.jpg,10229,45b4337d38295d5551c73168262991feead45f1775c9656d5a66cc27d9c0df52,168,240,FULL_FETCH,
麦友刚,https://www.gzsys.org.cn/node/14582,实采,,https://www.gzsys.org.cn/sites/syshospital.prod.sysucloud1.sysu.edu.cn/files/doctor/10035.jpg,01_试点医院/中山大学孙逸仙纪念医院/照片/麦友刚-新生儿及儿童重症专科-主任医师-中山大学孙逸仙纪念医院.jpg,10042,3eec5d3a258f47a4c69d7e761f1fadb472c4c6e7abb4d57b6152fc29d1b674b1,168,240,FULL_FETCH,
王川,https://www.gzsys.org.cn/node/15329,实采,,https://www.gzsys.org.cn/sites/syshospital.prod.sysucloud1.sysu.edu.cn/files/doctor/13116.jpg,01_试点医院/中山大学孙逸仙纪念医院/照片/王川-内分泌内科-主任医师-中山大学孙逸仙纪念医院.jpg,49261,0355653675d3bd5db1946b2e5d48f0bcaaf65a8b6dbee7d79470a347cf7ebccc,168,224,FULL_FETCH,
吴木潮,https://www.gzsys.org.cn/doctor/15319,实采,,https://www.gzsys.org.cn/sites/syshospital.prod.sysucloud1.sysu.edu.cn/files/doctor/10311.jpg,01_试点医院/中山大学孙逸仙纪念医院/照片/吴木潮-内分泌内科-主任医师-中山大学孙逸仙纪念医院.jpg,11602,9988615f26062885dd876e730d4dbbc44f8326c9b05306c6d979886324e975fc,168,240,FULL_FETCH,
郭颖,https://www.gzsys.org.cn/node/15323,实采,,https://www.gzsys.org.cn/sites/syshospital.prod.sysucloud1.sysu.edu.cn/files/doctor/9440.jpg,01_试点医院/中山大学孙逸仙纪念医院/照片/郭颖-内分泌内科-主任医师-中山大学孙逸仙纪念医院.jpg,14738,b41bb0b839d9eb7082bcc8f5458b759bd74802e1d5b6d42d1901d1a4ccdcd198,355,507,FULL_FETCH,
劳国娟,https://www.gzsys.org.cn/node/15324,实采,,https://www.gzsys.org.cn/sites/syshospital.prod.sysucloud1.sysu.edu.cn/files/doctor/9625.jpg,01_试点医院/中山大学孙逸仙纪念医院/照片/劳国娟-内分泌内科-主任医师-中山大学孙逸仙纪念医院.jpg,1148007,c5774b3a90f7c25fd498b6f6d632f19c4295722a619b436f0d352c4cd430c862,3744,5616,FULL_FETCH,
孙侃,https://www.gzsys.org.cn/node/15331,实采,,https://www.gzsys.org.cn/sites/syshospital.prod.sysucloud1.sysu.edu.cn/files/%E5%86%85%E5%88%86%E6%B3%8C%E5%86%85%E7%A7%91%E5%AD%99%E4%BE%83.jpg,01_试点医院/中山大学孙逸仙纪念医院/照片/孙侃-内分泌内科-主任医师-中山大学孙逸仙纪念医院.jpg,80843,375567cfb157f789f0d19c9c2abc2f0af6a9069e5a376619d59e18d24ebb4567,707,947,FULL_FETCH,
来伟,https://www.gzsys.org.cn/node/14795,实采,,https://www.gzsys.org.cn/sites/syshospital.prod.sysucloud1.sysu.edu.cn/files/doctor/13906.jpeg,01_试点医院/中山大学孙逸仙纪念医院/照片/来伟-胃肠外科-主任医师-中山大学孙逸仙纪念医院.jpg,81117,d7ce3ebbf62e8e354be6166a7c6d69a2ca9e910376b11d9fc2b8e30df40edeb6,344,482,FULL_FETCH,
赖东明,https://www.gzsys.org.cn/doctor/14793,实采,,https://www.gzsys.org.cn/sites/syshospital.prod.sysucloud1.sysu.edu.cn/files/doctor/12143.jpg,01_试点医院/中山大学孙逸仙纪念医院/照片/赖东明-胃肠外科-主任医师-中山大学孙逸仙纪念医院.jpg,6779,ec5820174c3560fc60848674d6a5d44c1fc2fb9de2a1fd70d868646f8edb07a7,170,225,FULL_FETCH,
吴葆菁,https://www.gzsys.org.cn/doctor/14584,实采,,https://www.gzsys.org.cn/sites/syshospital.prod.sysucloud1.sysu.edu.cn/files/doctor/10285.jpg,01_试点医院/中山大学孙逸仙纪念医院/照片/吴葆菁-儿科呼吸专科-主任医师-中山大学孙逸仙纪念医院.jpg,9840,8a8b646136d5455b4d743fbf6999130230db890c3153b0045bec1b02cb8710e6,168,240,FULL_FETCH,
闵筱辉,https://www.gzsys.org.cn/doctor/15628,实采,,https://www.gzsys.org.cn/sites/syshospital.prod.sysucloud1.sysu.edu.cn/files/02182%20%E9%97%B5%E7%AD%B1%E8%BE%89_%E5%89%AF%E6%9C%AC.jpg,01_试点医院/中山大学孙逸仙纪念医院/照片/闵筱辉-消化内科-主任医师-中山大学孙逸仙纪念医院.jpg,1961473,370447e11961ed5a3e22f0be2b8d6a7c03df7dbf8a4db8cb5f83f66b1d58e7bc,2615,3769,FULL_FETCH,
饶南燕,https://www.gzsys.org.cn/node/14900,实采,,https://www.gzsys.org.cn/sites/syshospital.prod.sysucloud1.sysu.edu.cn/files/%E9%A5%B6%E5%8D%97%E7%87%95_%E5%89%AF%E6%9C%AC.jpg,01_试点医院/中山大学孙逸仙纪念医院/照片/饶南燕-乳腺整形专科-主任医师-中山大学孙逸仙纪念医院.jpg,1818779,e6563983675a74e985ebcb28031a602dcce3452decebaf3fa0c6eff53ca139c3,2400,3600,FULL_FETCH,
黄凤婷,https://www.gzsys.org.cn/node/14802,实采,,https://www.gzsys.org.cn/sites/syshospital.prod.sysucloud1.sysu.edu.cn/files/doctor/12668.jpg,01_试点医院/中山大学孙逸仙纪念医院/照片/黄凤婷-消化内科-主任医师-中山大学孙逸仙纪念医院.jpg,4646,e389f382e401f3a8cd9f30128ad8c6f8a7723a4a935073a56a10e1608c3c3a74,168,240,FULL_FETCH,
钟娃,https://www.gzsys.org.cn/doctor/14813,实采,,https://www.gzsys.org.cn/sites/syshospital.prod.sysucloud1.sysu.edu.cn/files/doctor/10682.jpg,01_试点医院/中山大学孙逸仙纪念医院/照片/钟娃-消化内科-主任医师-中山大学孙逸仙纪念医院.jpg,11743,b187b8c7332a152f7f95a103e3cf97e8d977e7f2ca416e88a6199e7b10448f9c,168,240,FULL_FETCH,
黎洪浩,https://www.gzsys.org.cn/node/14559,实采,,https://www.gzsys.org.cn/sites/syshospital.prod.sysucloud1.sysu.edu.cn/files/doctor/9636.jpg,01_试点医院/中山大学孙逸仙纪念医院/照片/黎洪浩-甲状腺外科-主任医师-中山大学孙逸仙纪念医院.jpg,30363,1dc6fc26fa0cb412992a1d79d8c8780cefe6d024a75123123aa8e9e82ab324ef,307,424,FULL_FETCH,
熊小强,https://www.gzsys.org.cn/node/14532,实采,,https://www.gzsys.org.cn/sites/syshospital.prod.sysucloud1.sysu.edu.cn/files/doctor/10394.jpg,01_试点医院/中山大学孙逸仙纪念医院/照片/熊小强-消化内科-主任医师-中山大学孙逸仙纪念医院.jpg,53306,8ca73cb89959a7fe39845ad43a72b7d1a29d12c86e2002459de7aba5e6d71154,570,740,FULL_FETCH,
李锴文,https://www.gzsys.org.cn/node/15439,实采,,https://www.gzsys.org.cn/sites/syshospital.prod.sysucloud1.sysu.edu.cn/files/%E6%9D%8E%E9%94%B4%E6%96%87.jpg,01_试点医院/中山大学孙逸仙纪念医院/照片/李锴文-泌尿外科-主任医师-中山大学孙逸仙纪念医院.jpg,1878774,a5c410455f5888e1d9dee9a555b527627f16dca17ceb45a8c78ba75651f9a2d8,1951,2731,FULL_FETCH,
江春,https://www.gzsys.org.cn/node/15261,实采,,https://www.gzsys.org.cn/sites/syshospital.prod.sysucloud1.sysu.edu.cn/files/fileUpload_17.jpg,01_试点医院/中山大学孙逸仙纪念医院/照片/江春-泌尿外科-主任医师-中山大学孙逸仙纪念医院.jpg,1530151,ddfe34edc19eac8912e18d4396d3290d700f19f473cbd257a8c93f023e9b39da,1824,2736,FULL_FETCH,
韩金利,https://www.gzsys.org.cn/node/15262,实采,,https://www.gzsys.org.cn/sites/syshospital.prod.sysucloud1.sysu.edu.cn/files/9442.jpg,01_试点医院/中山大学孙逸仙纪念医院/照片/韩金利-泌尿外科-主任医师-中山大学孙逸仙纪念医院.jpg,41214,6ff3517bed19791e86f55f501d37442a70380929ba57abe867578c4941120ff5,413,579,FULL_FETCH,
董文,https://www.gzsys.org.cn/node/15265,实采,,https://www.gzsys.org.cn/sites/syshospital.prod.sysucloud1.sysu.edu.cn/files/%E8%91%A3%E6%96%87-%E6%96%B01.jpg,01_试点医院/中山大学孙逸仙纪念医院/照片/董文-泌尿外科-主任医师-中山大学孙逸仙纪念医院.jpg,1776144,c9f19a9035bb56ddbe42c39eaada6eb8efc5423135fb6d682cc1077d642fa0bd,2728,3968,FULL_FETCH,
王秀菊,https://www.gzsys.org.cn/node/14850,实采,,https://www.gzsys.org.cn/sites/syshospital.prod.sysucloud1.sysu.edu.cn/files/doctor/10247.jpg,01_试点医院/中山大学孙逸仙纪念医院/照片/王秀菊-血液内科-主任医师-中山大学孙逸仙纪念医院.jpg,117602,18b085582bbe20d3348f39cffeaa6c59d05555e2d0152bfd8936c3a8797e3ecb,413,579,FULL_FETCH,
李益清,https://www.gzsys.org.cn/node/14853,实采,,https://www.gzsys.org.cn/sites/syshospital.prod.sysucloud1.sysu.edu.cn/files/doctor/9731.jpg,01_试点医院/中山大学孙逸仙纪念医院/照片/李益清-血液内科-主任医师-中山大学孙逸仙纪念医院.jpg,157122,2f179d16304f18d9b7014dc06432eb5c8fe916215175ae726b41051c45b4bbd8,409,567,FULL_FETCH,
黄楷,https://www.gzsys.org.cn/node/15202,实采,,https://www.gzsys.org.cn/sites/syshospital.prod.sysucloud1.sysu.edu.cn/files/13911.png,01_试点医院/中山大学孙逸仙纪念医院/照片/黄楷-心血管外科-主任医师-中山大学孙逸仙纪念医院.png,305599,c227df57049a8d621951a7c46d38bb6d2ccbca618fbd7cd5caf8484b92ce6c6d,413,579,FULL_FETCH,
于水莲,https://www.gzsys.org.cn/doctor/34141,实采,,https://www.gzsys.org.cn/sites/syshospital.prod.sysucloud1.sysu.edu.cn/files/%E4%BA%8E%E6%B0%B4%E8%8E%B2.jpg,01_试点医院/中山大学孙逸仙纪念医院/照片/于水莲-风湿免疫科-主任医师-中山大学孙逸仙纪念医院.png,1431092,33b3f91ebd728ee0da065ecbd5081385494a8da910790132152789325c76ed63,1024,1024,FULL_FETCH,
李丹,https://www.gzsys.org.cn/node/20599,实采,,https://www.gzsys.org.cn/sites/syshospital.prod.sysucloud1.sysu.edu.cn/files/fileUpload_0.jpg,01_试点医院/中山大学孙逸仙纪念医院/照片/李丹-核医学科-主任医师-中山大学孙逸仙纪念医院.jpg,61065,9f464e3ad6ea425b0f0ae8f5024bd133db25cbf99e9626ffd18e37b57264d64a,1280,1280,FULL_FETCH,
刘生,https://www.gzsys.org.cn/doctor/15219,实采,,https://www.gzsys.org.cn/sites/syshospital.prod.sysucloud1.sysu.edu.cn/files/doctor/9905.jpg,01_试点医院/中山大学孙逸仙纪念医院/照片/刘生-核医学科-主任医师-中山大学孙逸仙纪念医院.jpg,15732,9cd4d4a114fb4d02fad1982b9c5acdbdda15f39c1fbd86a1a90d0f5def0910d2,355,507,FULL_FETCH,
张弘,https://www.gzsys.org.cn/node/15220,实采,,https://www.gzsys.org.cn/sites/syshospital.prod.sysucloud1.sysu.edu.cn/files/doctor/12147.JPG,01_试点医院/中山大学孙逸仙纪念医院/照片/张弘-核医学科-主任医师-中山大学孙逸仙纪念医院.jpg,1893164,f7067e1674f855992959a15ae738024755e7848f7adf38f71f56b09f739b1434,2248,3217,FULL_FETCH,
谢绚,https://www.gzsys.org.cn/node/14842,实采,,https://www.gzsys.org.cn/sites/syshospital.prod.sysucloud1.sysu.edu.cn/files/14436.jpg,01_试点医院/中山大学孙逸仙纪念医院/照片/谢绚-胸外科-主任医师-中山大学孙逸仙纪念医院.jpg,52421,5b484116973dcedcc786640fb208a02cdbb38e0be7f0bd8b33a7f49569718149,413,626,FULL_FETCH,
莫颖倩,https://www.gzsys.org.cn/node/14745,实采,,https://www.gzsys.org.cn/sites/syshospital.prod.sysucloud1.sysu.edu.cn/files/%E8%8E%AB%E9%A2%96%E5%80%A9.jpg,01_试点医院/中山大学孙逸仙纪念医院/照片/莫颖倩-风湿免疫科-主任医师-中山大学孙逸仙纪念医院.jpg,274409,5e1c53419049167a3c74383415965f4aeffab213486dd866194bd1973d0cbcd3,1420,1731,FULL_FETCH,
肖剑晖,https://www.gzsys.org.cn/node/14638,实采,,https://www.gzsys.org.cn/sites/syshospital.prod.sysucloud1.sysu.edu.cn/files/doctor/10364.JPG,01_试点医院/中山大学孙逸仙纪念医院/照片/肖剑晖-眼科-主任医师-中山大学孙逸仙纪念医院.jpg,1781015,41e5f67ea86c89a099fd25406824627ee164426e78bfe6c78a185bb4b4f29b54,2153,3083,FULL_FETCH,
艾福志,https://www.gzsys.org.cn/node/14776,实采,,https://www.gzsys.org.cn/sites/syshospital.prod.sysucloud1.sysu.edu.cn/files/doctor/22502.jpg,01_试点医院/中山大学孙逸仙纪念医院/照片/艾福志-骨外科-主任医师-中山大学孙逸仙纪念医院.jpg,30075,87b06938fd00cd2cb551815fa5f9ab02b68cf047a88979a0ff07b0e46cc2ff86,168,240,FULL_FETCH,
叶记超,https://www.gzsys.org.cn/doctor/14746,实采,,https://www.gzsys.org.cn/sites/syshospital.prod.sysucloud1.sysu.edu.cn/files/doctor/12696.jpg,01_试点医院/中山大学孙逸仙纪念医院/照片/叶记超-骨外科-主任医师-中山大学孙逸仙纪念医院.jpg,1006873,36009a643bfae68fd9f7777acd70272a8256fb8e911da295946dc53e67a6a55a,1552,2169,FULL_FETCH,
彭焰,https://www.gzsys.org.cn/node/14701,实采,,https://www.gzsys.org.cn/sites/syshospital.prod.sysucloud1.sysu.edu.cn/files/10091_%E5%89%AF%E6%9C%AC.jpg,01_试点医院/中山大学孙逸仙纪念医院/照片/彭焰-骨外科-主任医师-中山大学孙逸仙纪念医院.jpg,185920,d13ecfc90f269aec8867b7b07c696d6a8106e1a9db7cdce1078092f0aad11c91,413,579,FULL_FETCH,
宋卫东,https://www.gzsys.org.cn/node/14678,实采,,https://www.gzsys.org.cn/sites/syshospital.prod.sysucloud1.sysu.edu.cn/files/10157_%E5%89%AF%E6%9C%AC.jpg,01_试点医院/中山大学孙逸仙纪念医院/照片/宋卫东-骨外科-主任医师-中山大学孙逸仙纪念医院.jpg,92396,560d80b816cffbae0fb5057d23b67732e833bcfdef179ccd61748264ce6c752a,413,626,FULL_FETCH,
许杰,https://www.gzsys.org.cn/node/14660,实采,,https://www.gzsys.org.cn/sites/syshospital.prod.sysucloud1.sysu.edu.cn/files/10412.jpg,01_试点医院/中山大学孙逸仙纪念医院/照片/许杰-骨外科-主任医师-中山大学孙逸仙纪念医院.jpg,66828,35669916ff55848ab663e1d3292e47465e71ae5dc403464de3d89919d39c001a,413,579,FULL_FETCH,
马若凡,https://www.gzsys.org.cn/node/14562,实采,,https://www.gzsys.org.cn/sites/syshospital.prod.sysucloud1.sysu.edu.cn/files/fileUpload_6.jpg,01_试点医院/中山大学孙逸仙纪念医院/照片/马若凡-骨外科-主任医师-中山大学孙逸仙纪念医院.jpg,360327,d7626a2d8945d01099ad3527b0bc528a7957f2422c07f76923608886c0475b8d,1356,1656,FULL_FETCH,
王友元,https://www.gzsys.org.cn/node/14765,实采,,https://www.gzsys.org.cn/sites/syshospital.prod.sysucloud1.sysu.edu.cn/files/doctor/13925.jpg,01_试点医院/中山大学孙逸仙纪念医院/照片/王友元-口腔科-主任医师-中山大学孙逸仙纪念医院.jpg,157657,cba625e76a8ea0a5cd254f6d8884743a7c0e792b37ddf4112da0bada738de736,449,614,FULL_FETCH,
杨朝晖,https://www.gzsys.org.cn/node/14699,实采,,https://www.gzsys.org.cn/sites/syshospital.prod.sysucloud1.sysu.edu.cn/files/doctor/10808.jpg,01_试点医院/中山大学孙逸仙纪念医院/照片/杨朝晖-口腔科-主任医师-中山大学孙逸仙纪念医院.jpg,1413250,949723c27108160eecc8cc06c3cf56c963430d485aafaa4152015997826d1564,2020,3015,FULL_FETCH,
张彬,https://www.gzsys.org.cn/node/14713,实采,,https://www.gzsys.org.cn/sites/syshospital.prod.sysucloud1.sysu.edu.cn/files/doctor/11987.jpg,01_试点医院/中山大学孙逸仙纪念医院/照片/张彬-口腔科-主任医师-中山大学孙逸仙纪念医院.jpg,16511,929d903b119108f8d5dde2b26ad6705b292db79fbae14c3ac94b35e641bf0e17,350,498,FULL_FETCH,
常少海,https://www.gzsys.org.cn/doctor/14540,实采,,https://www.gzsys.org.cn/sites/syshospital.prod.sysucloud1.sysu.edu.cn/files/doctor/9175.jpg,01_试点医院/中山大学孙逸仙纪念医院/照片/常少海-口腔科-主任医师-中山大学孙逸仙纪念医院.jpg,101739,47339433f27c1505db0b046b060467f6657a14f1b9d0e1060c320b71b91f965c,436,606,FULL_FETCH,
叶剑涛,https://www.gzsys.org.cn/doctor/14541,实采,,https://www.gzsys.org.cn/sites/syshospital.prod.sysucloud1.sysu.edu.cn/files/doctor/10476.jpg,01_试点医院/中山大学孙逸仙纪念医院/照片/叶剑涛-口腔科-主任医师-中山大学孙逸仙纪念医院.jpg,31777,a8804fdf4cc2e6a865d5f959f5efacd8a4decd1aeba104d54ad4eeddd5067841,564,800,FULL_FETCH,
杨炼红,https://www.gzsys.org.cn/node/15276,实采,,https://www.gzsys.org.cn/sites/syshospital.prod.sysucloud1.sysu.edu.cn/files/10444.jpg,01_试点医院/中山大学孙逸仙纪念医院/照片/杨炼红-神经科-主任医师-中山大学孙逸仙纪念医院.jpg,56526,a1a73dc6d3ae3062658f2bb3cf1e6a2e5b4b92de01a997f74f76157037691ff4,413,626,FULL_FETCH,
梁嫣然,https://www.gzsys.org.cn/node/15279,实采,,https://www.gzsys.org.cn/sites/syshospital.prod.sysucloud1.sysu.edu.cn/files/doctor/14425.jpeg,01_试点医院/中山大学孙逸仙纪念医院/照片/梁嫣然-神经科-主任医师-中山大学孙逸仙纪念医院.jpg,35109,517f461ffa02e2342907b706832fc5cc192f52aeea899023ea336c7e84aa9e83,382,596,FULL_FETCH,
李艺,https://www.gzsys.org.cn/node/14739,实采,,https://www.gzsys.org.cn/sites/syshospital.prod.sysucloud1.sysu.edu.cn/files/12828.jpg,01_试点医院/中山大学孙逸仙纪念医院/照片/李艺-神经科-主任医师-中山大学孙逸仙纪念医院.jpg,70307,296be0d22ff1b1ec0e4331959548093b1d2b7eab822d0aae6bb27690a3b1a2f8,413,626,FULL_FETCH,
沈庆煜,https://www.gzsys.org.cn/node/14652,实采,,https://www.gzsys.org.cn/sites/syshospital.prod.sysucloud1.sysu.edu.cn/files/10143.jpg,01_试点医院/中山大学孙逸仙纪念医院/照片/沈庆煜-神经科-主任医师-中山大学孙逸仙纪念医院.jpg,53090,9de9d05dbceb66311c07abfd327a11e3e8f20a6aeb7612e03565c82753b33400,413,626,FULL_FETCH,
李梅,https://www.gzsys.org.cn/node/14600,实采,,https://www.gzsys.org.cn/sites/syshospital.prod.sysucloud1.sysu.edu.cn/files/doctor/9689.jpg,01_试点医院/中山大学孙逸仙纪念医院/照片/李梅-神经科-主任医师-中山大学孙逸仙纪念医院.jpg,1805937,17abae987388ff5ffb111538d6a7836c9d04239100f79e0ec45067600d1721b4,1498,2128,FULL_FETCH,
鲁莎,https://www.gzsys.org.cn/node/14758,实采,,https://www.gzsys.org.cn/sites/syshospital.prod.sysucloud1.sysu.edu.cn/files/doctor/13494.jpg,01_试点医院/中山大学孙逸仙纪念医院/照片/鲁莎-皮肤科-主任医师-中山大学孙逸仙纪念医院.jpg,10850,d1afd925e16083c59a48a7d4f93699c5c982d6df759a3e099abfa1a963ef3018,156,207,FULL_FETCH,
张军民,https://www.gzsys.org.cn/doctor/14645,实采,,https://www.gzsys.org.cn/sites/syshospital.prod.sysucloud1.sysu.edu.cn/files/doctor/10579.jpg,01_试点医院/中山大学孙逸仙纪念医院/照片/张军民-皮肤科-主任医师-中山大学孙逸仙纪念医院.jpg,13218,c1125390d009606d650031f73ea3e6b0c59461662fc18fdbe60825dabc254246,168,240,FULL_FETCH,
陈明春,https://www.gzsys.org.cn/node/14595,实采,,https://www.gzsys.org.cn/sites/syshospital.prod.sysucloud1.sysu.edu.cn/files/doctor/9244.jpg,01_试点医院/中山大学孙逸仙纪念医院/照片/陈明春-皮肤科-主任医师-中山大学孙逸仙纪念医院.jpg,10758,6b682cda7908d4cda319c05f123be16a9cc368ebec789508e5b12be387e344f1,168,240,FULL_FETCH,
李希清,https://www.gzsys.org.cn/doctor/14537,实采,,https://www.gzsys.org.cn/sites/syshospital.prod.sysucloud1.sysu.edu.cn/files/doctor/9712.jpg,01_试点医院/中山大学孙逸仙纪念医院/照片/李希清-皮肤科-主任医师-中山大学孙逸仙纪念医院.jpg,12764,41cfa3ea1b0ace87c3d157b011ba7eb623fd20b737aa9168c76beeb0022efd28,168,240,FULL_FETCH,
李莉,https://www.gzsys.org.cn/node/14696,实采,,https://www.gzsys.org.cn/sites/syshospital.prod.sysucloud1.sysu.edu.cn/files/doctor/9681.jpg,01_试点医院/中山大学孙逸仙纪念医院/照片/李莉-急诊科-主任医师-中山大学孙逸仙纪念医院.jpg,9847,b01a6c41830b3f92dd0e089b9ca1e81191759a4428b2ebce937209dc0ae99767,167,240,FULL_FETCH,
杨正飞,https://www.gzsys.org.cn/node/14703,实采,,https://www.gzsys.org.cn/sites/syshospital.prod.sysucloud1.sysu.edu.cn/files/doctor/10462.jpg,01_试点医院/中山大学孙逸仙纪念医院/照片/杨正飞-急诊科-主任医师-中山大学孙逸仙纪念医院.jpg,676349,9799d197b919a258f8c9058f04c4438bd095da81de058229f7aa10938f5fc46e,2002,2850,FULL_FETCH,
彭解人,https://www.gzsys.org.cn/node/15618,实采,,https://www.gzsys.org.cn/sites/syshospital.prod.sysucloud1.sysu.edu.cn/files/doctor/10082.png,01_试点医院/中山大学孙逸仙纪念医院/照片/彭解人-耳鼻喉科-主任医师-中山大学孙逸仙纪念医院.png,507984,5826bd1fd5eed73a72cece5373d6dd43c1e7f03eda05b45287a1dd634a0987a0,717,1000,FULL_FETCH,
田鹏,https://www.gzsys.org.cn/doctor/15299,实采,,https://www.gzsys.org.cn/sites/syshospital.prod.sysucloud1.sysu.edu.cn/files/doctor/14388.png,01_试点医院/中山大学孙逸仙纪念医院/照片/田鹏-耳鼻喉科-主任医师-中山大学孙逸仙纪念医院.png,610244,5618af3d35eb3d607efadb5cbafcf763d30be237d580ffe4b443e72734197112,828,1000,FULL_FETCH,
梁茂金,https://www.gzsys.org.cn/doctor/15298,实采,,https://www.gzsys.org.cn/sites/syshospital.prod.sysucloud1.sysu.edu.cn/files/doctor/12861.png,01_试点医院/中山大学孙逸仙纪念医院/照片/梁茂金-耳鼻喉科-主任医师-中山大学孙逸仙纪念医院.png,496250,447fff9cf95b7ed9fe1b0d99c19b9e85026d8f0b98dfc1aece258f123bcd4772,689,1000,FULL_FETCH,
韩萍,https://www.gzsys.org.cn/doctor/15296,实采,,https://www.gzsys.org.cn/sites/syshospital.prod.sysucloud1.sysu.edu.cn/files/doctor/14387.png,01_试点医院/中山大学孙逸仙纪念医院/照片/韩萍-耳鼻喉科-主任医师-中山大学孙逸仙纪念医院.png,501535,271e146cd007309d4ecba7da187644134915891b594513bf89793d5431bdde83,692,1000,FULL_FETCH,
邹华,https://www.gzsys.org.cn/node/15282,实采,,https://www.gzsys.org.cn/sites/syshospital.prod.sysucloud1.sysu.edu.cn/files/doctor/10741.png,01_试点医院/中山大学孙逸仙纪念医院/照片/邹华-耳鼻喉科-主任医师-中山大学孙逸仙纪念医院.png,540342,f881d69456e9977b44fe7d9eff7eaf6430bcca2394b4c8f4cdbfbf36c478eb20,606,1000,FULL_FETCH,
许耀东,https://www.gzsys.org.cn/doctor/15285,实采,,https://www.gzsys.org.cn/sites/syshospital.prod.sysucloud1.sysu.edu.cn/files/doctor/10417.png,01_试点医院/中山大学孙逸仙纪念医院/照片/许耀东-耳鼻喉科-主任医师-中山大学孙逸仙纪念医院.png,645921,78c31699629763bc24719300425abb4c8ee209a8f0d564c6c8858693f0af97eb,809,1000,FULL_FETCH,
区永康,https://www.gzsys.org.cn/doctor/15286,实采,,https://www.gzsys.org.cn/sites/syshospital.prod.sysucloud1.sysu.edu.cn/files/doctor/10116.png,01_试点医院/中山大学孙逸仙纪念医院/照片/区永康-耳鼻喉科-主任医师-中山大学孙逸仙纪念医院.png,572656,622f9c57738bd92ccbf269b147882ad78dae84fa473a8d615117fdc3e9bbf0f4,763,1000,FULL_FETCH,
关中,https://www.gzsys.org.cn/doctor/15287,实采,,https://www.gzsys.org.cn/sites/syshospital.prod.sysucloud1.sysu.edu.cn/files/doctor/9429.png,01_试点医院/中山大学孙逸仙纪念医院/照片/关中-耳鼻喉科-主任医师-中山大学孙逸仙纪念医院.png,487931,c17a4a77bc56d70ed1ba03ede1d32542325192d8ff14f534845442825b26dd35,642,1000,FULL_FETCH,
刘翔,https://www.gzsys.org.cn/node/15292,实采,,https://www.gzsys.org.cn/sites/syshospital.prod.sysucloud1.sysu.edu.cn/files/doctor/9914.png,01_试点医院/中山大学孙逸仙纪念医院/照片/刘翔-耳鼻喉科-主任医师-中山大学孙逸仙纪念医院.png,143557,519963ebc28399c2eab8c922b798fc6cb24377a0e4c7eadb65be65859c88151f,396,566,FULL_FETCH,
蔡跃新,https://www.gzsys.org.cn/node/15300,实采,,https://www.gzsys.org.cn/sites/syshospital.prod.sysucloud1.sysu.edu.cn/files/doctor/15512.png,01_试点医院/中山大学孙逸仙纪念医院/照片/蔡跃新-耳鼻喉科-主任医师-中山大学孙逸仙纪念医院.png,791568,2ec0a8d40af7d63bf571052417539f87ecdafadc8f59b53837cfa71b0409c040,804,1000,FULL_FETCH,
梁发雅,https://www.gzsys.org.cn/doctor/15301,实采,,https://www.gzsys.org.cn/sites/syshospital.prod.sysucloud1.sysu.edu.cn/files/doctor/13152.png,01_试点医院/中山大学孙逸仙纪念医院/照片/梁发雅-耳鼻喉科-主任医师-中山大学孙逸仙纪念医院.png,511452,7c3adeca0bbf4552ba985db33ae2680bfebcf377718316b1e56a15f17786ee18,736,1000,FULL_FETCH,
何志捷,https://www.gzsys.org.cn/node/15332,实采,,https://www.gzsys.org.cn/sites/syshospital.prod.sysucloud1.sysu.edu.cn/files/doctor/9469.jpg,01_试点医院/中山大学孙逸仙纪念医院/照片/何志捷-重症医学科-主任医师-中山大学孙逸仙纪念医院.jpg,19617,a1b2e8a2c0407e3eea5977f3cbc0a2c0fb38689fb1a182dd06c0c0486305e1a2,216,268,FULL_FETCH,
何清,https://www.gzsys.org.cn/node/15334,实采,,https://www.gzsys.org.cn/sites/syshospital.prod.sysucloud1.sysu.edu.cn/files/doctor/12244.jpg,01_试点医院/中山大学孙逸仙纪念医院/照片/何清-重症医学科-主任医师-中山大学孙逸仙纪念医院.jpg,56119,a5ae26d2658020ed385d42389c77b8bc69df082f9661e1eeec4eb14fdadf4167,168,224,FULL_FETCH,
金冬梅,https://www.gzsys.org.cn/node/15271,实采,,https://www.gzsys.org.cn/sites/syshospital.prod.sysucloud1.sysu.edu.cn/files/doctor/9606.jpg,01_试点医院/中山大学孙逸仙纪念医院/照片/金冬梅-康复医学科-主任医师-中山大学孙逸仙纪念医院.jpg,15844,d6d28cdc276052afad2504b74e400acf41d38bb09a090e04029ba5c5e198568f,355,507,FULL_FETCH,
黄启辉,https://www.gzsys.org.cn/node/14856,实采,,https://www.gzsys.org.cn/sites/syshospital.prod.sysucloud1.sysu.edu.cn/files/doctor/9543.jpg,01_试点医院/中山大学孙逸仙纪念医院/照片/黄启辉-中医科-主任医师-中山大学孙逸仙纪念医院.jpg,84115,f7a19aed4ef4f96714aa28f9773f3b5f4e061eeec882b6143c86cae56b7c0f3b,1080,1544,FULL_FETCH,
彭俊,https://www.gzsys.org.cn/doctor/14705,实采,,https://www.gzsys.org.cn/sites/syshospital.prod.sysucloud1.sysu.edu.cn/files/doctor/10084.jpg,01_试点医院/中山大学孙逸仙纪念医院/照片/彭俊-麻醉科-主任医师-中山大学孙逸仙纪念医院.jpg,851968,cbf3ecd7b22eabe31b352761ce6257c1d1ee93e0d6d9cd6fc5d64797d43e5298,1340,1949,FULL_FETCH,
杨林槟,https://www.gzsys.org.cn/doctor/34475,实采,,https://www.gzsys.org.cn/sites/syshospital.prod.sysucloud1.sysu.edu.cn/files/%E6%9D%A8%E6%9E%97%E6%A7%9F.jpg,01_试点医院/中山大学孙逸仙纪念医院/照片/杨林槟-乳腺外科-主治医师-中山大学孙逸仙纪念医院.jpg,1080345,90cc727655727979572ec5c4e8e368750e2a4f89b5e684a88d68ccb4f9b6f636,1128,1608,FULL_FETCH,
黄迪,https://www.gzsys.org.cn/node/19853,实采,,https://www.gzsys.org.cn/sites/syshospital.prod.sysucloud1.sysu.edu.cn/files/doctor/17059.jpg,01_试点医院/中山大学孙逸仙纪念医院/照片/黄迪-乳腺外科-副主任医师-中山大学孙逸仙纪念医院.png,155537,d1c6f4830c2091c353f171d289cbd53383146c62d3285728a86f039d66393f83,295,413,FULL_FETCH,
陈旭,https://www.gzsys.org.cn/node/15496,实采,,https://www.gzsys.org.cn/sites/syshospital.prod.sysucloud1.sysu.edu.cn/files/%E9%99%88%E6%97%AD.jpg,01_试点医院/中山大学孙逸仙纪念医院/照片/陈旭-泌尿外科-副主任医师-中山大学孙逸仙纪念医院.jpg,484800,7cd16daff9b09bca6f397cc9a159165c48b08c41dd27f14e19b8752be9997d96,720,1080,FULL_FETCH,
吕立,https://www.gzsys.org.cn/node/14769,实采,,https://www.gzsys.org.cn/sites/syshospital.prod.sysucloud1.sysu.edu.cn/files/doctor/15628.jpg,01_试点医院/中山大学孙逸仙纪念医院/照片/吕立-药学部-主任药师-中山大学孙逸仙纪念医院.jpg,120210,99dde83f7a5858729c57e4142dcf0e495022cb684951788596122b98feafb924,390,567,FULL_FETCH,
廖日房,https://www.gzsys.org.cn/node/14657,实采,,https://www.gzsys.org.cn/sites/syshospital.prod.sysucloud1.sysu.edu.cn/files/doctor/9817.jpg,01_试点医院/中山大学孙逸仙纪念医院/照片/廖日房-药学部-主任药师-中山大学孙逸仙纪念医院.jpg,9782,966dd9da48770d4b11523e3799543dce2bc3c55a0b474ac32c630ce5d6698b94,168,240,FULL_FETCH,
李国成,https://www.gzsys.org.cn/node/14623,实采,,https://www.gzsys.org.cn/sites/syshospital.prod.sysucloud1.sysu.edu.cn/files/doctor/9660.jpg,01_试点医院/中山大学孙逸仙纪念医院/照片/李国成-药学部-主任药师-中山大学孙逸仙纪念医院.jpg,48784,7d30ead0e4b203276e8e3a27eb85ae14f858e6d118f056c2ff9423493f12b428,772,1021,FULL_FETCH,
刘春霞,https://www.gzsys.org.cn/node/14624,实采,,https://www.gzsys.org.cn/sites/syshospital.prod.sysucloud1.sysu.edu.cn/files/9877.jpg,01_试点医院/中山大学孙逸仙纪念医院/照片/刘春霞-药学部-主任药师-中山大学孙逸仙纪念医院.jpg,50952,46e92e56074e1c107e7ee37b277619230c62f699d8fe8b60127a3c3483a0d3b6,413,579,FULL_FETCH,
吕志强,https://www.gzsys.org.cn/node/15229,实采,,https://www.gzsys.org.cn/sites/syshospital.prod.sysucloud1.sysu.edu.cn/files/doctor/9972.jpg,01_试点医院/中山大学孙逸仙纪念医院/照片/吕志强-呼吸与危重症医学科-副主任医师-中山大学孙逸仙纪念医院.jpg,20921,c98e59bfbf803c26b2c00276894f71de6c7352f68210d9d17a95ac7c39bc2076,352,502,FULL_FETCH,
胡辉军,https://www.gzsys.org.cn/doctor/14631,实采,,https://www.gzsys.org.cn/sites/syshospital.prod.sysucloud1.sysu.edu.cn/files/doctor/9482.jpg,01_试点医院/中山大学孙逸仙纪念医院/照片/胡辉军-放射科影像专科-主任技师-中山大学孙逸仙纪念医院.jpg,386662,ccf810787740493caeee4cc218659b7ce18d74214d819774cd627526b56472a3,1417,1890,FULL_FETCH,
钟镜联,https://www.gzsys.org.cn/node/14551,实采,,https://www.gzsys.org.cn/sites/syshospital.prod.sysucloud1.sysu.edu.cn/files/doctor/10674.jpg,01_试点医院/中山大学孙逸仙纪念医院/照片/钟镜联-放射科影像专科-主任技师-中山大学孙逸仙纪念医院.jpg,1701433,46903509f2f86678588430f6816f60c9c42f43741235850fac60ac04532d3288,5002,6000,FULL_FETCH,
欧阳能勇,https://www.gzsys.org.cn/node/15339,实采,,https://www.gzsys.org.cn/sites/syshospital.prod.sysucloud1.sysu.edu.cn/files/12254.jpg,01_试点医院/中山大学孙逸仙纪念医院/照片/欧阳能勇-妇科生殖内分泌专科-主任技师-中山大学孙逸仙纪念医院.jpg,1638559,eb431b4eb4f2088a4f5dd9928ee012f08295faa6d4800f48255167400dc18c70,1950,2837,FULL_FETCH,
郑明慧,https://www.gzsys.org.cn/node/14760,实采,,https://www.gzsys.org.cn/sites/syshospital.prod.sysucloud1.sysu.edu.cn/files/doctor/13511.jpg,01_试点医院/中山大学孙逸仙纪念医院/照片/郑明慧-检验科-主任技师-中山大学孙逸仙纪念医院.jpg,7330,99243cacab1da92b4a856360e9b431628f5f8b889b913e0695a82c92f939e64b,195,283,FULL_FETCH,
黄松音,https://www.gzsys.org.cn/node/14656,实采,,https://www.gzsys.org.cn/sites/syshospital.prod.sysucloud1.sysu.edu.cn/files/doctor/9553.jpg,01_试点医院/中山大学孙逸仙纪念医院/照片/黄松音-检验科-主任技师-中山大学孙逸仙纪念医院.jpg,11938,e5778b7c781ead1c9f744cad16724e4c8a72f91011f3bbdc0f3db08ea4b0c5cf,288,432,FULL_FETCH,
严海燕,https://www.gzsys.org.cn/node/14649,实采,,https://www.gzsys.org.cn/sites/syshospital.prod.sysucloud1.sysu.edu.cn/files/doctor/10424.jpeg,01_试点医院/中山大学孙逸仙纪念医院/照片/严海燕-检验科-主任技师-中山大学孙逸仙纪念医院.jpg,179341,c878240a5485b7fb95564c8779507d63dfa2085bfea92cd8397b916ede7d0a02,390,567,FULL_FETCH,
闫振文,https://www.gzsys.org.cn/node/14689,实采,,https://www.gzsys.org.cn/sites/syshospital.prod.sysucloud1.sysu.edu.cn/files/10422.jpg,01_试点医院/中山大学孙逸仙纪念医院/照片/闫振文-神经科-副主任医师-中山大学孙逸仙纪念医院.jpg,60637,3fbc53b7465d4e4bc6bc3a0b4d26472a132b7ce5b2b825d961c6fc01d0fa48a1,413,626,FULL_FETCH,
颛孙永勋,https://www.gzsys.org.cn/node/15235,实采,,https://www.gzsys.org.cn/sites/syshospital.prod.sysucloud1.sysu.edu.cn/files/12508.jpg,01_试点医院/中山大学孙逸仙纪念医院/照片/颛孙永勋-呼吸与危重症医学科-副主任医师-中山大学孙逸仙纪念医院.jpg,67765,9241dc669404e4e071dbada3a6eebd014a5177d93666cc35a7031ab2deaff5d5,413,579,FULL_FETCH,
孟哲,https://www.gzsys.org.cn/node/14698,实采,,https://www.gzsys.org.cn/sites/syshospital.prod.sysucloud1.sysu.edu.cn/files/doctor/10044.jpg,01_试点医院/中山大学孙逸仙纪念医院/照片/孟哲-儿科神经内分泌专科-副主任医师-中山大学孙逸仙纪念医院.jpg,10245,f3df158cf1f1059068e14c66d0b30d2067142dae6dd75138e58dcfcbc45ae65f,168,240,FULL_FETCH,
沈昌理,https://www.gzsys.org.cn/node/15627,实采,,https://www.gzsys.org.cn/sites/syshospital.prod.sysucloud1.sysu.edu.cn/files/10138.jpg,01_试点医院/中山大学孙逸仙纪念医院/照片/沈昌理-妇科生殖内分泌专科-副主任医师-中山大学孙逸仙纪念医院.jpg,1819467,90cdbfd4d9e2f3fe976468ba21d9e7752bb97e097889d2cde1c6819cf5449fc5,2400,3600,FULL_FETCH,
唐启彬,https://www.gzsys.org.cn/node/15206,实采,,https://www.gzsys.org.cn/sites/syshospital.prod.sysucloud1.sysu.edu.cn/files/doctor/12214.jpg,01_试点医院/中山大学孙逸仙纪念医院/照片/唐启彬-胆胰外科-副主任医师-中山大学孙逸仙纪念医院.jpg,14951,33a8fcc06dc902badf73dd6bbb01b6acb80893cf2ab2e1ade1d6604d9994df46,372,507,FULL_FETCH,
张殷殷,https://www.gzsys.org.cn/doctor/14833,实采,,https://www.gzsys.org.cn/sites/syshospital.prod.sysucloud1.sysu.edu.cn/files/doctor/12375.jpg,01_试点医院/中山大学孙逸仙纪念医院/照片/张殷殷-心血管内科-副主任医师-中山大学孙逸仙纪念医院.jpg,414239,5831effaa77acdfd3435b8a5f73a5db62e3edc54f1e88202c2aec88b67ffbb3b,2058,2479,FULL_FETCH,
林永青,https://www.gzsys.org.cn/node/14838,实采,,https://www.gzsys.org.cn/sites/syshospital.prod.sysucloud1.sysu.edu.cn/files/doctor/9865.jpg,01_试点医院/中山大学孙逸仙纪念医院/照片/林永青-心血管内科-副主任医师-中山大学孙逸仙纪念医院.jpg,90220,c0c562cd847cb8799317f91316ebcb5ee3e0d4bff8828f39baf649960a3b369e,390,567,FULL_FETCH,
邱琼,https://www.gzsys.org.cn/doctor/14834,实采,,https://www.gzsys.org.cn/sites/syshospital.prod.sysucloud1.sysu.edu.cn/files/doctor/12603.jpg,01_试点医院/中山大学孙逸仙纪念医院/照片/邱琼-心血管内科-副主任医师-中山大学孙逸仙纪念医院.jpg,120259,2cc7cc9b90410eea92582266b794896f57162ecdeec6876d04aca556e8fd5052,390,567,FULL_FETCH,
方昶,https://www.gzsys.org.cn/node/14829,实采,,https://www.gzsys.org.cn/sites/syshospital.prod.sysucloud1.sysu.edu.cn/files/doctor/9374.jpg,01_试点医院/中山大学孙逸仙纪念医院/照片/方昶-心血管内科-副主任医师-中山大学孙逸仙纪念医院.jpg,201916,b62a0dabe3bafdb602f09122058be91d4dc21a550effd51fff78ff0be6f9de42,482,689,FULL_FETCH,
刘英梅,https://www.gzsys.org.cn/doctor/14828,实采,,https://www.gzsys.org.cn/sites/syshospital.prod.sysucloud1.sysu.edu.cn/files/doctor/9926.JPG,01_试点医院/中山大学孙逸仙纪念医院/照片/刘英梅-心血管内科-副主任医师-中山大学孙逸仙纪念医院.jpg,23498,9b47abfdde824bdf705e9c4205e979812113f5580a6d4195071e8353f2a94469,389,566,FULL_FETCH,
梁颖,https://www.gzsys.org.cn/doctor/15325,实采,,https://www.gzsys.org.cn/sites/syshospital.prod.sysucloud1.sysu.edu.cn/files/doctor/9805.jpg,01_试点医院/中山大学孙逸仙纪念医院/照片/梁颖-内分泌内科-副主任医师-中山大学孙逸仙纪念医院.jpg,10592,50e27cb4e718b4393aaa45aa6e69a4cd7552989d4f2cfb2762b57d6bd6a2486e,169,240,FULL_FETCH,
李楚强,https://www.gzsys.org.cn/node/14804,实采,,https://www.gzsys.org.cn/sites/syshospital.prod.sysucloud1.sysu.edu.cn/files/doctor/9653.jpg,01_试点医院/中山大学孙逸仙纪念医院/照片/李楚强-消化内科-副主任医师-中山大学孙逸仙纪念医院.jpg,11720,fae029e0405789c4316799cc5ced28df6a430ea36e42c2727d1a88ed4a13a90b,168,240,FULL_FETCH,
于钟,https://www.gzsys.org.cn/doctor/14810,实采,,https://www.gzsys.org.cn/sites/syshospital.prod.sysucloud1.sysu.edu.cn/files/doctor/10492.jpg,01_试点医院/中山大学孙逸仙纪念医院/照片/于钟-消化内科-副主任医师-中山大学孙逸仙纪念医院.jpg,147525,7d22f0da1b93b1114b83888e931213b2444155e8cd6790031e9fe6635f98563b,390,567,FULL_FETCH,
苏红,https://www.gzsys.org.cn/doctor/14798,实采,,https://www.gzsys.org.cn/sites/syshospital.prod.sysucloud1.sysu.edu.cn/files/doctor/10161.jpg,01_试点医院/中山大学孙逸仙纪念医院/照片/苏红-消化内科-副主任医师-中山大学孙逸仙纪念医院.jpg,23736,c0471abbe44f88f0700fda8d40f6e56792275b144e1d48ac6518c9e3b1d4ed70,168,240,FULL_FETCH,
彭新治,https://www.gzsys.org.cn/doctor/14756,实采,,https://www.gzsys.org.cn/sites/syshospital.prod.sysucloud1.sysu.edu.cn/files/doctor/13130.jpg,01_试点医院/中山大学孙逸仙纪念医院/照片/彭新治-甲状腺外科-副主任医师-中山大学孙逸仙纪念医院.jpg,2730170,c56db5cd1472a4eeb0e1a2476bc784b5cf37172f22a142e6ffdf3a28b6fbddf7,2347,3102,FULL_FETCH,
冯敏,https://www.gzsys.org.cn/doctor/14736,实采,,https://www.gzsys.org.cn/sites/syshospital.prod.sysucloud1.sysu.edu.cn/files/doctor/12604.JPG,01_试点医院/中山大学孙逸仙纪念医院/照片/冯敏-肾内科-副主任医师-中山大学孙逸仙纪念医院.jpg,2453858,bd95a3e8f4e54b87c5be691f4a33410736159f0f0ec987b8b9ff65e875753aac,2559,3594,FULL_FETCH,
陈柏深,https://www.gzsys.org.cn/doctor/14843,实采,,https://www.gzsys.org.cn/sites/syshospital.prod.sysucloud1.sysu.edu.cn/files/doctor/14505.jpg,01_试点医院/中山大学孙逸仙纪念医院/照片/陈柏深-胸外科-副主任医师-中山大学孙逸仙纪念医院.jpg,2492201,634d298bd1131e66908991ff7663f10460517092cd31dd3788c7b1b5b1d77a3f,3840,5760,FULL_FETCH,
吴多光,https://www.gzsys.org.cn/doctor/14846,实采,,https://www.gzsys.org.cn/sites/syshospital.prod.sysucloud1.sysu.edu.cn/files/doctor/13490.JPG,01_试点医院/中山大学孙逸仙纪念医院/照片/吴多光-胸外科-副主任医师-中山大学孙逸仙纪念医院.jpg,2409647,b818896a27a6fe9a18ac06c15bf251b44bdb63bc825ebbd9c0b82c71eac37737,2310,3373,FULL_FETCH,
梁安靖,https://www.gzsys.org.cn/doctor/14730,实采,,https://www.gzsys.org.cn/sites/syshospital.prod.sysucloud1.sysu.edu.cn/files/doctor/12463.jpg,01_试点医院/中山大学孙逸仙纪念医院/照片/梁安靖-骨外科-副主任医师-中山大学孙逸仙纪念医院.jpg,10364909,5e801f22a1ffea6025b772d357fefb88328b68d6a15c1742529dfaf353e05fab,3840,5760,FULL_FETCH,
梁衍灿,https://www.gzsys.org.cn/doctor/14750,实采,,https://www.gzsys.org.cn/sites/syshospital.prod.sysucloud1.sysu.edu.cn/files/doctor/12521.jpg,01_试点医院/中山大学孙逸仙纪念医院/照片/梁衍灿-口腔科-副主任医师-中山大学孙逸仙纪念医院.jpg,3001054,a7bd8dac299e232d7a4c2ca966ea98bd5d56f7dcd44ac6a14176a3d4d98241fa,2432,3179,FULL_FETCH,
伍虹,https://www.gzsys.org.cn/doctor/14667,实采,,https://www.gzsys.org.cn/sites/syshospital.prod.sysucloud1.sysu.edu.cn/files/doctor/10338.png,01_试点医院/中山大学孙逸仙纪念医院/照片/伍虹-口腔科-副主任医师-中山大学孙逸仙纪念医院.png,3231130,d9abd21e11d204693dfc8cda772ba9068a755c960c77fd5858450643c4f976f5,1947,2832,FULL_FETCH,
陈仁辉,https://www.gzsys.org.cn/doctor/15297,实采,,https://www.gzsys.org.cn/sites/syshospital.prod.sysucloud1.sysu.edu.cn/files/doctor/16688.png,01_试点医院/中山大学孙逸仙纪念医院/照片/陈仁辉-耳鼻喉科-副主任医师-中山大学孙逸仙纪念医院.png,585053,653f1bfc18ab46d58a721402f3d4b5678abcbce49875e4ddaf503d5c09814498,745,1000,FULL_FETCH,
朱颉,https://www.gzsys.org.cn/doctor/14729,实采,,https://www.gzsys.org.cn/sites/syshospital.prod.sysucloud1.sysu.edu.cn/files/doctor/12429.jpg,01_试点医院/中山大学孙逸仙纪念医院/照片/朱颉-急诊科-副主任医师-中山大学孙逸仙纪念医院.jpg,3737561,f64fa344ec11e1349911c8d79ba21518c16757d41416ffd8d207526b7f0c552a,3108,3984,FULL_FETCH,
侯婧瑛,https://www.gzsys.org.cn/doctor/14768,实采,,https://www.gzsys.org.cn/sites/syshospital.prod.sysucloud1.sysu.edu.cn/files/doctor/13972.jpg,01_试点医院/中山大学孙逸仙纪念医院/照片/侯婧瑛-急诊科-副主任医师-中山大学孙逸仙纪念医院.jpg,83920,62e9f6b627fda68ccbf43e050dcbefbd221917ec4121d55318338b09016b68d5,319,449,FULL_FETCH,
吕瑞妍,https://www.gzsys.org.cn/node/15280,实采,,https://www.gzsys.org.cn/sites/syshospital.prod.sysucloud1.sysu.edu.cn/files/9968.jpg,01_试点医院/中山大学孙逸仙纪念医院/照片/吕瑞妍-神经科-副主任医师-中山大学孙逸仙纪念医院.jpg,60983,6c5e4342ea91b7eba50e39ef1fa37c5196f1a328768626c9a57078103c486f2b,413,626,FULL_FETCH,
容小明,https://www.gzsys.org.cn/node/14754,实采,,https://www.gzsys.org.cn/sites/syshospital.prod.sysucloud1.sysu.edu.cn/files/12864.jpg,01_试点医院/中山大学孙逸仙纪念医院/照片/容小明-神经科-副主任医师-中山大学孙逸仙纪念医院.jpg,59716,c2169bd64a1f09b00b273a547ec3951cc2b4e99353ded1bc3eefab9e85837a7c,413,626,FULL_FETCH,
潘经锐,https://www.gzsys.org.cn/node/14755,实采,,https://www.gzsys.org.cn/sites/syshospital.prod.sysucloud1.sysu.edu.cn/files/12865.jpg,01_试点医院/中山大学孙逸仙纪念医院/照片/潘经锐-神经科-副主任医师-中山大学孙逸仙纪念医院.jpg,55801,b63216a5261a00e197e9a2a220c9e1bb16839a35404ba7765855044eb1986f5e,413,626,FULL_FETCH,
何蕾,https://www.gzsys.org.cn/node/14759,实采,,https://www.gzsys.org.cn/sites/syshospital.prod.sysucloud1.sysu.edu.cn/files/13615.jpg,01_试点医院/中山大学孙逸仙纪念医院/照片/何蕾-神经科-副主任医师-中山大学孙逸仙纪念医院.jpg,60821,0c71e31b67e32cb4c7e511fd37fbdbf5d668a3ec0bb60993ace87268612d5d41,413,626,FULL_FETCH,
庄志强,https://www.gzsys.org.cn/doctor/15272,实采,,https://www.gzsys.org.cn/sites/syshospital.prod.sysucloud1.sysu.edu.cn/files/doctor/12449.JPG,01_试点医院/中山大学孙逸仙纪念医院/照片/庄志强-康复医学科-副主任医师-中山大学孙逸仙纪念医院.jpg,3737388,1cc50495d023214891e7d22d9e4c52ce9ffd4dca79dc356745918d2623767368,4000,5512,FULL_FETCH,
易伟民,https://www.gzsys.org.cn/doctor/14858,实采,,https://www.gzsys.org.cn/sites/syshospital.prod.sysucloud1.sysu.edu.cn/files/doctor/12607.jpg,01_试点医院/中山大学孙逸仙纪念医院/照片/易伟民-中医科-副主任医师-中山大学孙逸仙纪念医院.jpg,131802,96784f0ebc5e27156348de06f0cb6a39886498e30fa763cefa13fa86e4c2d1d2,390,567,FULL_FETCH,
罗丹峰,https://www.gzsys.org.cn/doctor/14860,实采,,https://www.gzsys.org.cn/sites/syshospital.prod.sysucloud1.sysu.edu.cn/files/doctor/9976.jpg,01_试点医院/中山大学孙逸仙纪念医院/照片/罗丹峰-中医科-副主任医师-中山大学孙逸仙纪念医院.jpg,10147,681e11766609db49e1ae8fdbb82abe6f853cc13ec42ec3e74d34318efef9a0c2,169,240,FULL_FETCH,
杨涛,https://www.gzsys.org.cn/doctor/14710,实采,,https://www.gzsys.org.cn/sites/syshospital.prod.sysucloud1.sysu.edu.cn/files/doctor/10451.jpg,01_试点医院/中山大学孙逸仙纪念医院/照片/杨涛-麻醉科-副主任医师-中山大学孙逸仙纪念医院.jpg,2942156,33d74cdb430949a64b802aa4f7b8d7578339e659081bdac2a0535007ad7f54c5,2848,4288,FULL_FETCH,
薛声能,https://www.gzsys.org.cn/doctor/15321,实采,,https://www.gzsys.org.cn/sites/syshospital.prod.sysucloud1.sysu.edu.cn/files/doctor/10419.jpg,01_试点医院/中山大学孙逸仙纪念医院/照片/薛声能-内分泌内科-副主任技师-中山大学孙逸仙纪念医院.jpg,12279,ee2de16e589ccf5eb5aa2421986cdf012301db3e3768cff6846d12e2423b2231,169,240,FULL_FETCH,
沈溪明,https://www.gzsys.org.cn/node/15221,实采,,https://www.gzsys.org.cn/sites/syshospital.prod.sysucloud1.sysu.edu.cn/files/doctor/10144.jpg,01_试点医院/中山大学孙逸仙纪念医院/照片/沈溪明-病理科-副主任技师-中山大学孙逸仙纪念医院.jpg,10555,65d6102747aa212e5e64470e71940a0d7fe6a1371c912232bacf2f3e4408cdb3,168,240,FULL_FETCH,
曾志勇,https://www.gzsys.org.cn/doctor/14797,实采,,https://www.gzsys.org.cn/sites/syshospital.prod.sysucloud1.sysu.edu.cn/files/doctor/10543.jpg,01_试点医院/中山大学孙逸仙纪念医院/照片/曾志勇-消化内科-副主任技师-中山大学孙逸仙纪念医院.jpg,11251,67b88ec03d57f81ec12814d00ad9e72ef5341fa049aaf46f92febf47d0e22a70,168,240,FULL_FETCH,
刘朗,https://www.gzsys.org.cn/doctor/14550,实采,,https://www.gzsys.org.cn/sites/syshospital.prod.sysucloud1.sysu.edu.cn/files/doctor/9893.jpg,01_试点医院/中山大学孙逸仙纪念医院/照片/刘朗-口腔科-副主任技师-中山大学孙逸仙纪念医院.jpg,2838369,49b8ed0b3d0180c48f8da47c9d7f5be43d0e2529c1450c270715576be74f4b19,3494,5074,FULL_FETCH,
林天歆,https://www.gzsys.org.cn/node/15256,实采,,https://www.gzsys.org.cn/sites/syshospital.prod.sysucloud1.sysu.edu.cn/files/9849.jpg,01_试点医院/中山大学孙逸仙纪念医院/照片/林天歆-泌尿外科-主任医师-中山大学孙逸仙纪念医院.jpg,1905053,d0dbffa0838bd865600578d63d24488e2407135731b09c8c1af8264bdae9879e,2400,3600,FULL_FETCH,
刘超,https://www.gzsys.org.cn/node/15205,实采,,https://www.gzsys.org.cn/sites/syshospital.prod.sysucloud1.sysu.edu.cn/files/01583.jpg,01_试点医院/中山大学孙逸仙纪念医院/照片/刘超-胆胰外科-主任医师-中山大学孙逸仙纪念医院.jpg,59343,954473b189e15e3ac54762cd635a770a1ed097e3f04f971851f35f7d9ec6d13e,750,1028,FULL_FETCH,
许可慰,https://www.gzsys.org.cn/node/15257,实采,,https://www.gzsys.org.cn/sites/syshospital.prod.sysucloud1.sysu.edu.cn/files/%E8%AE%B8%E5%8F%AF%E6%85%B0.jpg,01_试点医院/中山大学孙逸仙纪念医院/照片/许可慰-泌尿外科-主任医师-中山大学孙逸仙纪念医院.jpg,156090,652755cd02ed6d1bdd3ea374a155d069638034438ccedba530d61eba85503114,413,579,FULL_FETCH,
曾伟科,https://www.gzsys.org.cn/doctor/19850,实采,,https://www.gzsys.org.cn/sites/syshospital.prod.sysucloud1.sysu.edu.cn/files/doctor/12169.jpg,01_试点医院/中山大学孙逸仙纪念医院/照片/曾伟科-放射科影像专科-副主任技师-中山大学孙逸仙纪念医院.png,5659744,f7e1203dfe7c672f883744091861e2f11e9878d2cf3191bd2854925af2d2af91,1548,2064,FULL_FETCH,
林小玲,https://www.gzsys.org.cn/doctor/16976,实采,,https://www.gzsys.org.cn/sites/syshospital.prod.sysucloud1.sysu.edu.cn/files/doctor/12667.png,01_试点医院/中山大学孙逸仙纪念医院/照片/林小玲-呼吸与危重症医学科-副主任医师-中山大学孙逸仙纪念医院.png,2524716,07b9c7ab637def34e70584298fce6bbeeec997ecfc079369f42706365d157bc2,1280,1302,FULL_FETCH,
袁萍,https://www.gzsys.org.cn/doctor/18541,实采,,https://www.gzsys.org.cn/sites/syshospital.prod.sysucloud1.sysu.edu.cn/files/doctor/13933.jpg,01_试点医院/中山大学孙逸仙纪念医院/照片/袁萍-妇科生殖内分泌专科-副研究员-中山大学孙逸仙纪念医院.jpg,2209867,b179e417b22a4838789fd63fd6363ea4ed7af1d8c61ab77b37d1dd030fe3f8a6,1670,2448,FULL_FETCH,
雷娟,https://www.gzsys.org.cn/node/14831,实采,,https://www.gzsys.org.cn/sites/syshospital.prod.sysucloud1.sysu.edu.cn/files/doctor/9629.jpg,01_试点医院/中山大学孙逸仙纪念医院/照片/雷娟-心血管内科-主任医师-中山大学孙逸仙纪念医院.jpg,842812,1a299de90f314e5b9f352e7d82dc7bedc6313e52a8cae6410582e21930df7e01,1205,1795,FULL_FETCH,
韦育林,https://www.gzsys.org.cn/doctor/14826,实采,,https://www.gzsys.org.cn/sites/syshospital.prod.sysucloud1.sysu.edu.cn/files/doctor/10262.jpg,01_试点医院/中山大学孙逸仙纪念医院/照片/韦育林-心血管内科-主任医师-中山大学孙逸仙纪念医院.jpg,92179,4fc201c107cf8ab73d43e16fb7559f47fed93878ae7967691bc75609d42c1da8,638,850,FULL_FETCH,
袁沃亮,https://www.gzsys.org.cn/doctor/14830,实采,,https://www.gzsys.org.cn/sites/syshospital.prod.sysucloud1.sysu.edu.cn/files/doctor/10516.jpg,01_试点医院/中山大学孙逸仙纪念医院/照片/袁沃亮-心血管内科-主任医师-中山大学孙逸仙纪念医院.jpg,352820,685f3b43ec2c11c135dea4b5196a6af047c960d7b54731361e4e501c23dd8c19,808,1144,FULL_FETCH,
林海燕,https://www.gzsys.org.cn/node/15388,实采,,https://www.gzsys.org.cn/sites/syshospital.prod.sysucloud1.sysu.edu.cn/files/doctor/13148.jpg,01_试点医院/中山大学孙逸仙纪念医院/照片/林海燕-妇科生殖内分泌专科-副主任医师-中山大学孙逸仙纪念医院.jpg,3433561,85aabbd503956d1ecf5d69aa24ad1aea6e60f0555b49ffe88a5b8e531213d92b,2400,3600,FULL_FETCH,
丁红,https://www.gzsys.org.cn/doctor/15624,失败,占位图,,,,,,,FULL_FETCH,占位图
钟志坚,https://www.gzsys.org.cn/doctor/15597,失败,占位图,,,,,,,FULL_FETCH,占位图
吴裕丹,https://www.gzsys.org.cn/doctor/14851,实采,,https://www.gzsys.org.cn/sites/syshospital.prod.sysucloud1.sysu.edu.cn/files/doctor/10333.jpg,01_试点医院/中山大学孙逸仙纪念医院/照片/吴裕丹-血液内科-副主任医师-中山大学孙逸仙纪念医院.jpg,173082,dd1a80cbb6417f1504badaa8ab65577312cf77caab37c22d3158d054042aeed5,1080,1620,FULL_FETCH,
梅少芬,https://www.gzsys.org.cn/doctor/15607,失败,占位图,,,,,,,FULL_FETCH,占位图
胡玉新,https://www.gzsys.org.cn/doctor/15629,失败,占位图,,,,,,,FULL_FETCH,占位图
梁九根,https://www.gzsys.org.cn/doctor/15218,实采,,https://www.gzsys.org.cn/sites/syshospital.prod.sysucloud1.sysu.edu.cn/files/doctor/9771.JPG,01_试点医院/中山大学孙逸仙纪念医院/照片/梁九根-核医学科-副主任医师-中山大学孙逸仙纪念医院.jpg,1199768,90dfde23d61c441a8affb00f238276e383a3dcff2947050621c81581dc2eb0c5,1755,2437,FULL_FETCH,
杨泽宏,https://www.gzsys.org.cn/node/19849,实采,,https://www.gzsys.org.cn/sites/syshospital.prod.sysucloud1.sysu.edu.cn/files/doctor/12766.jpg,01_试点医院/中山大学孙逸仙纪念医院/照片/杨泽宏-放射科影像专科-副主任医师-中山大学孙逸仙纪念医院.jpg,2069542,a0f31a7d41c4bd6247adb54c3db49ff8b366dbb2de630135b8c8c2b0d99b02a6,1974,2739,FULL_FETCH,
张芳,https://www.gzsys.org.cn/node/19851,实采,,https://www.gzsys.org.cn/sites/syshospital.prod.sysucloud1.sysu.edu.cn/files/doctor/15940.jpg,01_试点医院/中山大学孙逸仙纪念医院/照片/张芳-放射科影像专科-副主任医师-中山大学孙逸仙纪念医院.jpg,1258261,7e3fa5c82f2b414eb0e83952b4764d227704ef9e1f5b65b6525ca599d40f4aeb,1248,1748,FULL_FETCH,
唐恬恬,https://www.gzsys.org.cn/node/19804,实采,,https://www.gzsys.org.cn/sites/syshospital.prod.sysucloud1.sysu.edu.cn/files/doctor/13893.jpg,01_试点医院/中山大学孙逸仙纪念医院/照片/唐恬恬-呼吸与危重症医学科-副主任医师-中山大学孙逸仙纪念医院.jpg,104082,c90aa0786f88ac59657faa30b446370be47829402689b45d078bc48a49a14d44,887,1279,FULL_FETCH,
邱坤银,https://www.gzsys.org.cn/node/17746,实采,,https://www.gzsys.org.cn/sites/syshospital.prod.sysucloud1.sysu.edu.cn/files/15965.jpg,01_试点医院/中山大学孙逸仙纪念医院/照片/邱坤银-儿科血液专科-副主任医师-中山大学孙逸仙纪念医院.jpg,67152,b588d6249e4a83c321d7f317a18885b6af9777ea24741c1a94cb5e198ade422a,860,1280,FULL_FETCH,
刘昀昀,https://www.gzsys.org.cn/node/17010,失败,占位图,,,,,,,FULL_FETCH,占位图
冯华英,https://www.gzsys.org.cn/doctor/15609,失败,占位图,,,,,,,FULL_FETCH,占位图
李欣瑜,https://www.gzsys.org.cn/doctor/15442,实采,,https://www.gzsys.org.cn/sites/syshospital.prod.sysucloud1.sysu.edu.cn/files/15499%281%29.jpg,01_试点医院/中山大学孙逸仙纪念医院/照片/李欣瑜-儿科血液专科-副主任医师-中山大学孙逸仙纪念医院.jpg,2037,697ec32f1c3cd9bdb5a800592d82701bea0e8e7ab021b2776d903a14eeebfbab,69,100,FULL_FETCH,
石健庭,https://www.gzsys.org.cn/node/15460,实采,,https://www.gzsys.org.cn/sites/syshospital.prod.sysucloud1.sysu.edu.cn/files/doctor/15921.jpg,01_试点医院/中山大学孙逸仙纪念医院/照片/石健庭-呼吸与危重症医学科-副主任医师-中山大学孙逸仙纪念医院.jpg,718202,3d2d0e7f02874c791f15cfb2160afd043e067434f8a8b98fe3d5fb5cfa9b9f21,4170,5022,FULL_FETCH,
林琳,https://www.gzsys.org.cn/doctor/15396,实采,,https://www.gzsys.org.cn/sites/syshospital.prod.sysucloud1.sysu.edu.cn/files/12876%282%29.png,01_试点医院/中山大学孙逸仙纪念医院/照片/林琳-呼吸与危重症医学科-副主任医师-中山大学孙逸仙纪念医院.png,9352,b2a665331df4d0b72c89b54070ffcceb17226bd14e28c2b47f2b02008639d819,79,100,FULL_FETCH,
林显敢,https://www.gzsys.org.cn/doctor/15310,实采,,https://www.gzsys.org.cn/sites/syshospital.prod.sysucloud1.sysu.edu.cn/files/doctor/9852.jpg,01_试点医院/中山大学孙逸仙纪念医院/照片/林显敢-肿瘤内科-副主任医师-中山大学孙逸仙纪念医院.jpg,17201,afdc1b33b02245aae3ec48aed1819053a2221b272fc0d5ad8f1ead8a79a3f56c,351,502,FULL_FETCH,
杨琼,https://www.gzsys.org.cn/doctor/15312,实采,,https://www.gzsys.org.cn/sites/syshospital.prod.sysucloud1.sysu.edu.cn/files/%E6%9D%A8%E7%90%BC%20%E6%96%B0.jpg,01_试点医院/中山大学孙逸仙纪念医院/照片/杨琼-肿瘤内科-副主任医师-中山大学孙逸仙纪念医院.jpg,17974,629475009b5797b4461e85d2285bf35133f886530f30b08b91b3b0c75107d746,377,476,FULL_FETCH,
张蔚,https://www.gzsys.org.cn/node/15231,实采,,https://www.gzsys.org.cn/sites/syshospital.prod.sysucloud1.sysu.edu.cn/files/doctor/10604.jpg,01_试点医院/中山大学孙逸仙纪念医院/照片/张蔚-呼吸与危重症医学科-副主任医师-中山大学孙逸仙纪念医院.jpg,19978,f7a69209ea3ed6623173363b09ff7d7ee3175d9de73addf6cdb57c15b053f29b,351,501,FULL_FETCH,
陈茗,https://www.gzsys.org.cn/node/15236,实采,,https://www.gzsys.org.cn/sites/syshospital.prod.sysucloud1.sysu.edu.cn/files/doctor/12847.jpg,01_试点医院/中山大学孙逸仙纪念医院/照片/陈茗-呼吸与危重症医学科-副主任医师-中山大学孙逸仙纪念医院.jpg,173673,73867debdde58f54bc16878cade0df09c8593355036d9454f2ae29898dfcb5b1,396,591,FULL_FETCH,
杨绮华,https://www.gzsys.org.cn/doctor/14748,实采,,https://www.gzsys.org.cn/sites/syshospital.prod.sysucloud1.sysu.edu.cn/files/doctor/12687.jpg,01_试点医院/中山大学孙逸仙纪念医院/照片/杨绮华-放射科影像专科-副主任医师-中山大学孙逸仙纪念医院.jpg,340499,1407ff43e71ab014a6600a3e38950a10a6a0533e4ab753352ccf0ac26c8b98af,1559,2268,FULL_FETCH,
王东烨,https://www.gzsys.org.cn/doctor/14706,实采,,https://www.gzsys.org.cn/sites/syshospital.prod.sysucloud1.sysu.edu.cn/files/doctor/10219.jpg,01_试点医院/中山大学孙逸仙纪念医院/照片/王东烨-放射科影像专科-副主任医师-中山大学孙逸仙纪念医院.jpg,1835225,fd8f700b21bfb2602f72b718fae312d194d0bdf2561b89d2e1f77cd3847d4003,1492,2128,FULL_FETCH,
潘恒,https://www.gzsys.org.cn/doctor/14711,实采,,https://www.gzsys.org.cn/sites/syshospital.prod.sysucloud1.sysu.edu.cn/files/doctor/11223.jpg,01_试点医院/中山大学孙逸仙纪念医院/照片/潘恒-放射科影像专科-副主任医师-中山大学孙逸仙纪念医院.png,51546,796fa0eec365c1973c9960d26e47cba92689cd1c52fb5b72a6e9584f27bbc05d,128,184,FULL_FETCH,
陈志辽,https://www.gzsys.org.cn/doctor/14571,实采,,https://www.gzsys.org.cn/sites/syshospital.prod.sysucloud1.sysu.edu.cn/files/doctor/9323.jpg,01_试点医院/中山大学孙逸仙纪念医院/照片/陈志辽-妇科肿瘤专科-副主任医师-中山大学孙逸仙纪念医院.jpg,82684,9131f1b782379b4e121920d1d4d73e23bca3d32747f722f6298710671b64df4c,413,579,FULL_FETCH,
袁小平,https://www.gzsys.org.cn/doctor/14615,实采,,https://www.gzsys.org.cn/sites/syshospital.prod.sysucloud1.sysu.edu.cn/files/doctor/10517.jpg,01_试点医院/中山大学孙逸仙纪念医院/照片/袁小平-放射科影像专科-副主任医师-中山大学孙逸仙纪念医院.jpg,871355,6a48a82c1e688cb163a996f70fd8c50aea3d36d6d4848f825afb046a980a0056,1170,1333,FULL_FETCH,
许晓矛,https://www.gzsys.org.cn/doctor/14530,实采,,https://www.gzsys.org.cn/sites/syshospital.prod.sysucloud1.sysu.edu.cn/files/doctor/10415.jpg,01_试点医院/中山大学孙逸仙纪念医院/照片/许晓矛-放射科影像专科-副主任医师-中山大学孙逸仙纪念医院.png,44956,d5d9dc566530f9803f1c8e5db81b31211d4400053122abf92870e5c731d507f6,120,170,FULL_FETCH,
黄拼搏,https://www.gzsys.org.cn/node/26682,实采,,https://www.gzsys.org.cn/sites/syshospital.prod.sysucloud1.sysu.edu.cn/files/fileUpload_12.jpg,01_试点医院/中山大学孙逸仙纪念医院/照片/黄拼搏-肝胆外科-副主任医师-中山大学孙逸仙纪念医院.jpg,1029059,ba460dba37fcac569d9b5f2678dd4e2048abda9907980d908765e337c3e043e9,2326,3490,FULL_FETCH,
陆艺文,https://www.gzsys.org.cn/node/23701,实采,,https://www.gzsys.org.cn/sites/syshospital.prod.sysucloud1.sysu.edu.cn/files/%E9%99%86%E8%89%BA%E6%96%87%20%E6%96%B0.jpg,01_试点医院/中山大学孙逸仙纪念医院/照片/陆艺文-乳腺外科-副主任医师-中山大学孙逸仙纪念医院.jpg,417855,b7ba56b62100efb36f97db31e4de7b4f2a527b2a16db40720bd355eeae49e657,1811,2248,FULL_FETCH,
周振宇,https://www.gzsys.org.cn/node/23372,实采,,https://www.gzsys.org.cn/sites/syshospital.prod.sysucloud1.sysu.edu.cn/files/%E8%82%9D%E8%83%86%E5%A4%96%E7%A7%91-%E5%91%A8%E6%8C%AF%E5%AE%87.jpg,01_试点医院/中山大学孙逸仙纪念医院/照片/周振宇-肝胆外科-副主任医师-中山大学孙逸仙纪念医院.jpg,15463,aad0fbaf3723c455e30e40bb3f5f3b82a2a3a4858a0baeb7f24b1db1c42e2a3f,311,400,FULL_FETCH,
张岚,https://www.gzsys.org.cn/node/20720,实采,,https://www.gzsys.org.cn/sites/syshospital.prod.sysucloud1.sysu.edu.cn/files/%E5%BE%AE%E4%BF%A1%E5%9B%BE%E7%89%87_20220909105507.jpg,01_试点医院/中山大学孙逸仙纪念医院/照片/张岚-普通妇科专科-副主任医师-中山大学孙逸仙纪念医院.jpg,1754178,f1d312fe71922fe74c6dea9f2dab047377bdd0e63807fe2f94e3a864c3f78df9,2020,2917,FULL_FETCH,
罗旋,https://www.gzsys.org.cn/node/19809,实采,,https://www.gzsys.org.cn/sites/syshospital.prod.sysucloud1.sysu.edu.cn/files/doctor/13908_0.jpg,01_试点医院/中山大学孙逸仙纪念医院/照片/罗旋-肝胆外科-副主任医师-中山大学孙逸仙纪念医院.jpg,1829090,3e461e71e450c73d9e59dc8d75631255e1d8307976e5d0e76f69daed539e2996,2430,3645,FULL_FETCH,
丁淼,https://www.gzsys.org.cn/node/18533,实采,,https://www.gzsys.org.cn/sites/syshospital.prod.sysucloud1.sysu.edu.cn/files/doctor/12664.jpg,01_试点医院/中山大学孙逸仙纪念医院/照片/丁淼-普通妇科专科-副主任医师-中山大学孙逸仙纪念医院.jpg,474316,872e7c820a7218c3e9199febbbbeb23697ef50cc5490071139f2f8fd30584b5b,1992,2790,FULL_FETCH,
吴荧宸,https://www.gzsys.org.cn/node/17020,实采,,https://www.gzsys.org.cn/sites/syshospital.prod.sysucloud1.sysu.edu.cn/files/%E5%90%B4%E8%8D%A7%E5%AE%B8.jpg,01_试点医院/中山大学孙逸仙纪念医院/照片/吴荧宸-普通妇科专科-副主任医师-中山大学孙逸仙纪念医院.jpg,1248562,3f06cd5dc4f0d566ba2cbac5d571c031a88507941ab80d916fdb8bdbe8ac78bb,2846,3985,FULL_FETCH,
杨泉林,https://www.gzsys.org.cn/doctor/15606,失败,占位图,,,,,,,FULL_FETCH,占位图
张玉兰,https://www.gzsys.org.cn/doctor/15611,失败,占位图,,,,,,,FULL_FETCH,占位图
赵菁华,https://www.gzsys.org.cn/doctor/15507,实采,,https://www.gzsys.org.cn/sites/syshospital.prod.sysucloud1.sysu.edu.cn/files/doctor/16341.jpg,01_试点医院/中山大学孙逸仙纪念医院/照片/赵菁华-乳腺外科-副主任医师-中山大学孙逸仙纪念医院.jpg,8622,e4dafded8f02bc703302e817a527ab8c0fe7f7f5d29b2252ca03463be72f457a,190,253,FULL_FETCH,
朱李玲,https://www.gzsys.org.cn/node/15423,实采,,https://www.gzsys.org.cn/sites/syshospital.prod.sysucloud1.sysu.edu.cn/files/%E6%9C%B1%E6%9D%8E%E7%8E%B2_0.jpg,01_试点医院/中山大学孙逸仙纪念医院/照片/朱李玲-乳腺外科-副主任医师-中山大学孙逸仙纪念医院.jpg,492489,e10c3cf9d8bddf74e380ff39be92172f45cd5a83b3ce6364f1964b69f692df35,1974,1857,FULL_FETCH,
龙腾飞,https://www.gzsys.org.cn/doctor/15430,实采,,https://www.gzsys.org.cn/sites/syshospital.prod.sysucloud1.sysu.edu.cn/files/doctor/13948.jpg,01_试点医院/中山大学孙逸仙纪念医院/照片/龙腾飞-普通妇科专科-副主任医师-中山大学孙逸仙纪念医院.jpg,29529,1d830c14bece68ddd68c1c9c08a3f42e7d92f9cd599a6824438e1e848a722b79,770,770,FULL_FETCH,
陈圣福,https://www.gzsys.org.cn/node/15446,实采,,https://www.gzsys.org.cn/sites/syshospital.prod.sysucloud1.sysu.edu.cn/files/%E9%99%88%E5%9C%A3%E7%A6%8F.jpg,01_试点医院/中山大学孙逸仙纪念医院/照片/陈圣福-普通妇科专科-副主任医师-中山大学孙逸仙纪念医院.jpg,522989,822bf793740b84aec2140828e201fd5b99f09c1fcd47d10f374ada730c788648,1280,1830,FULL_FETCH,
韦金星,https://www.gzsys.org.cn/node/15461,实采,,https://www.gzsys.org.cn/sites/syshospital.prod.sysucloud1.sysu.edu.cn/files/doctor/15924.JPG,01_试点医院/中山大学孙逸仙纪念医院/照片/韦金星-肝胆外科-副主任医师-中山大学孙逸仙纪念医院.jpg,1606725,a6ddf7ce9010efbebe742dbbf3dcd6f0ff549389c920de4177a95f5e5a4ef79b,2231,3345,FULL_FETCH,
金亮,https://www.gzsys.org.cn/doctor/15370,实采,,https://www.gzsys.org.cn/sites/syshospital.prod.sysucloud1.sysu.edu.cn/files/doctor/12670.jpg,01_试点医院/中山大学孙逸仙纪念医院/照片/金亮-乳腺外科-副主任医师-中山大学孙逸仙纪念医院.jpg,37901,809e3dcb75ad2f0d9e7c9820621b55478311835ec595cc5846ed6466c2dec3d3,447,653,FULL_FETCH,
李扬志,https://www.gzsys.org.cn/doctor/15377,实采,,https://www.gzsys.org.cn/sites/syshospital.prod.sysucloud1.sysu.edu.cn/files/doctor/12856.jpg,01_试点医院/中山大学孙逸仙纪念医院/照片/李扬志-普通妇科专科-副主任医师-中山大学孙逸仙纪念医院.jpg,11313,bf83c697ce638f95ba341bb63e64dcffc27d2cbf76ad2cb16001fad741602f31,281,421,FULL_FETCH,
张丽娜,https://www.gzsys.org.cn/node/15382,实采,,https://www.gzsys.org.cn/sites/syshospital.prod.sysucloud1.sysu.edu.cn/files/doctor/12713.jpg,01_试点医院/中山大学孙逸仙纪念医院/照片/张丽娜-儿科神经内分泌专科-副主任医师-中山大学孙逸仙纪念医院.jpg,456827,a0bf2e866a99c832c8ce92861392cbb0dc149199189897b6fd3c7143e29e2d31,780,1134,FULL_FETCH,
邓贺然,https://www.gzsys.org.cn/doctor/15402,实采,,https://www.gzsys.org.cn/sites/syshospital.prod.sysucloud1.sysu.edu.cn/files/doctor/13914.jpg,01_试点医院/中山大学孙逸仙纪念医院/照片/邓贺然-乳腺外科-副主任医师-中山大学孙逸仙纪念医院.jpg,14008,10bdec0c5b96277ca5287bc62fed2b15b64b4d93b8d5f07ec6846f713e181e1c,270,385,FULL_FETCH,
陈捷,https://www.gzsys.org.cn/node/15408,实采,,https://www.gzsys.org.cn/sites/syshospital.prod.sysucloud1.sysu.edu.cn/files/doctor/13498.jpg,01_试点医院/中山大学孙逸仙纪念医院/照片/陈捷-肝胆外科-副主任医师-中山大学孙逸仙纪念医院.jpg,16194,398e29e1de20952bb6b1efa5bb79c2acd3d6a28d6aaf05a53a466ffb6f329948,413,579,FULL_FETCH,
陈冬梅,https://www.gzsys.org.cn/doctor/15409,实采,,https://www.gzsys.org.cn/sites/syshospital.prod.sysucloud1.sysu.edu.cn/files/doctor/13501.jpg,01_试点医院/中山大学孙逸仙纪念医院/照片/陈冬梅-普通妇科专科-副主任医师-中山大学孙逸仙纪念医院.jpg,109903,a7ec20406c15471faed540efe4712b7c4034ae87580b7946994e382f7f566fe5,1080,1440,FULL_FETCH,
侯乐乐,https://www.gzsys.org.cn/doctor/15412,实采,,https://www.gzsys.org.cn/sites/syshospital.prod.sysucloud1.sysu.edu.cn/files/doctor/13167.jpg,01_试点医院/中山大学孙逸仙纪念医院/照片/侯乐乐-儿科神经内分泌专科-副主任医师-中山大学孙逸仙纪念医院.jpg,715927,d1dbc639a8243231b9eb26ea1864002a98355fc19f00e2b292bb043e3f80fe94,1075,1505,FULL_FETCH,
陈亚肖,https://www.gzsys.org.cn/node/15366,实采,,https://www.gzsys.org.cn/sites/syshospital.prod.sysucloud1.sysu.edu.cn/files/doctor/12503.jpg,01_试点医院/中山大学孙逸仙纪念医院/照片/陈亚肖-普通妇科专科-副主任医师-中山大学孙逸仙纪念医院.jpg,66060,98fe45b7f57188a8b12764092aca7f68a547e41efe4283b27d0fadae0997342a,1080,1620,FULL_FETCH,
翁梅英,https://www.gzsys.org.cn/doctor/15305,实采,,https://www.gzsys.org.cn/sites/syshospital.prod.sysucloud1.sysu.edu.cn/files/doctor/10280.jpg,01_试点医院/中山大学孙逸仙纪念医院/照片/翁梅英-普通妇科专科-副主任医师-中山大学孙逸仙纪念医院.jpg,94902,9b344708ac39d82f7539fa2e69eb873891fe4ddd5bd6a34907c8887896c58e8b,413,626,FULL_FETCH,
王良岸,https://www.gzsys.org.cn/node/15306,实采,,https://www.gzsys.org.cn/sites/syshospital.prod.sysucloud1.sysu.edu.cn/files/doctor/10230.jpg,01_试点医院/中山大学孙逸仙纪念医院/照片/王良岸-普通妇科专科-副主任医师-中山大学孙逸仙纪念医院.jpg,82428,6ef9e1805d3a577a88d746883b74332ba67d75a4ea24402e1a8775f0620099cc,1080,1639,FULL_FETCH,
冯淑英,https://www.gzsys.org.cn/doctor/15308,实采,,https://www.gzsys.org.cn/sites/syshospital.prod.sysucloud1.sysu.edu.cn/files/doctor/9397.jpg,01_试点医院/中山大学孙逸仙纪念医院/照片/冯淑英-普通妇科专科-副主任医师-中山大学孙逸仙纪念医院.jpg,30813,603b1529f992cbe23a75624ead3765c82ae3ccccb0008423a57f5158a58ae165,354,472,FULL_FETCH,
张贺云,https://www.gzsys.org.cn/node/15249,实采,,https://www.gzsys.org.cn/sites/syshospital.prod.sysucloud1.sysu.edu.cn/files/12694.jpg,01_试点医院/中山大学孙逸仙纪念医院/照片/张贺云-肝胆外科-副主任医师-中山大学孙逸仙纪念医院.jpg,34968,03659b569a56fa3d3c02af893c23f1cfebbaf3bcd992841b0b9aab7c805d696d,413,626,FULL_FETCH,
何传超,https://www.gzsys.org.cn/node/15252,实采,,https://www.gzsys.org.cn/sites/syshospital.prod.sysucloud1.sysu.edu.cn/files/13910.jpg,01_试点医院/中山大学孙逸仙纪念医院/照片/何传超-肝胆外科-副主任医师-中山大学孙逸仙纪念医院.jpg,24238,e1f8c4e684d1dd4a766a47ead34122379bb7741b04fd71200e375de10f53842c,413,626,FULL_FETCH,
叶义标,https://www.gzsys.org.cn/node/15253,实采,,https://www.gzsys.org.cn/sites/syshospital.prod.sysucloud1.sysu.edu.cn/files/12695.jpg,01_试点医院/中山大学孙逸仙纪念医院/照片/叶义标-肝胆外科-副主任医师-中山大学孙逸仙纪念医院.jpg,28274,cfbc8d526b1b113294097a7ef30adaee28cc552a2923c2001b6690bd5414ee5e,413,626,FULL_FETCH,
毛凯,https://www.gzsys.org.cn/node/15254,实采,,https://www.gzsys.org.cn/sites/syshospital.prod.sysucloud1.sysu.edu.cn/files/13907_0.jpg,01_试点医院/中山大学孙逸仙纪念医院/照片/毛凯-肝胆外科-副主任医师-中山大学孙逸仙纪念医院.jpg,32685,d1ed76df194ea3a51821394c09c5314c46b0dbffba31e19d3e0a84e39b60ca69,413,626,FULL_FETCH,
吴建南,https://www.gzsys.org.cn/doctor/14907,实采,,https://www.gzsys.org.cn/sites/syshospital.prod.sysucloud1.sysu.edu.cn/files/%E5%90%B4%E5%BB%BA%E5%8D%97_%E5%89%AF%E6%9C%AC.jpg,01_试点医院/中山大学孙逸仙纪念医院/照片/吴建南-乳腺外科-副主任医师-中山大学孙逸仙纪念医院.jpg,1953614,d68244510dca74269c1698aff1ee74cfd44dae61fdd5a4ccc1b227e65edb0f88,3536,5303,FULL_FETCH,
罗铭,https://www.gzsys.org.cn/node/14864,实采,,https://www.gzsys.org.cn/sites/syshospital.prod.sysucloud1.sysu.edu.cn/files/11995.jpg,01_试点医院/中山大学孙逸仙纪念医院/照片/罗铭-肿瘤科放疗专科-副主任医师-中山大学孙逸仙纪念医院.jpg,1098014,18d464e6cb03c5c1ffd22c250b64d8a5b0620eaa14194c03c4e59b29593a1d2c,2173,3041,FULL_FETCH,
吴欢,https://www.gzsys.org.cn/doctor/14740,实采,,https://www.gzsys.org.cn/sites/syshospital.prod.sysucloud1.sysu.edu.cn/files/doctor/12831.jpg,01_试点医院/中山大学孙逸仙纪念医院/照片/吴欢-超声科-副主任医师-中山大学孙逸仙纪念医院.jpg,49409,2c9c7117ea3b5abfac9c869f3f436ecdb2c8f6ff0ac564700936fa85e4f8bf29,168,224,FULL_FETCH,
赵新保,https://www.gzsys.org.cn/node/14749,实采,,https://www.gzsys.org.cn/sites/syshospital.prod.sysucloud1.sysu.edu.cn/files/doctor/12683.jpg,01_试点医院/中山大学孙逸仙纪念医院/照片/赵新保-超声科-副主任医师-中山大学孙逸仙纪念医院.jpg,463508,6a4d6234ca15fb35a16770b071b807ebae3db7f9d67e7a51756fcc5ca5d06ba8,1028,1226,FULL_FETCH,
李平甘,https://www.gzsys.org.cn/doctor/14753,实采,,https://www.gzsys.org.cn/sites/syshospital.prod.sysucloud1.sysu.edu.cn/files/doctor/12859.png,01_试点医院/中山大学孙逸仙纪念医院/照片/李平甘-儿科神经内分泌专科-副主任医师-中山大学孙逸仙纪念医院.png,151320,be6e17967ada374498e7ef7dcde69e01df51c62ce47557f697bbe36cd547024b,218,320,FULL_FETCH,
许晓琳,https://www.gzsys.org.cn/doctor/14770,实采,,https://www.gzsys.org.cn/sites/syshospital.prod.sysucloud1.sysu.edu.cn/files/doctor/14380.jpg,01_试点医院/中山大学孙逸仙纪念医院/照片/许晓琳-超声科-副主任医师-中山大学孙逸仙纪念医院.jpg,15282,05a05eaabb1ed895ba4ace8cce82e2646809948b006937822a2f149e211bce3a,195,283,FULL_FETCH,
欧冰,https://www.gzsys.org.cn/node/14693,实采,,https://www.gzsys.org.cn/sites/syshospital.prod.sysucloud1.sysu.edu.cn/files/c381f5576b38a56dea6c8b107d4cf8e.jpg,01_试点医院/中山大学孙逸仙纪念医院/照片/欧冰-超声科-副主任医师-中山大学孙逸仙纪念医院.jpg,72443,3b8763c3215efecd0dfc6f659592c4075def5c68674546eec41d193100263ac8,722,998,FULL_FETCH,
潘景升,https://www.gzsys.org.cn/doctor/14533,实采,,https://www.gzsys.org.cn/sites/syshospital.prod.sysucloud1.sysu.edu.cn/files/doctor/10068.jpg,01_试点医院/中山大学孙逸仙纪念医院/照片/潘景升-超声科-副主任医师-中山大学孙逸仙纪念医院.jpg,9991,e2c8acaa1a774804f102c84949a62b245719504427770f8c0b731e473123ceee,167,240,FULL_FETCH,
邓冰清,https://www.gzsys.org.cn/node/17458,实采,,https://www.gzsys.org.cn/sites/syshospital.prod.sysucloud1.sysu.edu.cn/files/doctor/13135.jpg,01_试点医院/中山大学孙逸仙纪念医院/照片/邓冰清-心血管内科-副主任医师-中山大学孙逸仙纪念医院.jpg,1933545,03028d66c2e1c4f5e0367bc544cfc38e25e8bba5c08944c2fa409f2ec5095ae7,2448,3354,FULL_FETCH,
谢勇,https://www.gzsys.org.cn/node/17148,实采,,https://www.gzsys.org.cn/sites/syshospital.prod.sysucloud1.sysu.edu.cn/files/doctor/15923.jpg,01_试点医院/中山大学孙逸仙纪念医院/照片/谢勇-心血管内科-副主任医师-中山大学孙逸仙纪念医院.jpg,97274,f8c77d7feba5b9b18bcfd26244a81bc30c3ca5ed8b655f5cc099f964ee611e73,504,556,FULL_FETCH,
黄图城,https://www.gzsys.org.cn/node/17147,实采,,https://www.gzsys.org.cn/sites/syshospital.prod.sysucloud1.sysu.edu.cn/files/%E9%BB%84%E5%9B%BE%E5%9F%8E.jpg,01_试点医院/中山大学孙逸仙纪念医院/照片/黄图城-心血管内科-副主任医师-中山大学孙逸仙纪念医院.jpg,11815,9d1a5918a4963e2004d22ba2d3410649e3fdae3c5ba8c9c166e76771e2afcfc6,83,100,FULL_FETCH,
余先焕,https://www.gzsys.org.cn/node/16979,实采,,https://www.gzsys.org.cn/sites/syshospital.prod.sysucloud1.sysu.edu.cn/files/doctor/12848.jpg,01_试点医院/中山大学孙逸仙纪念医院/照片/余先焕-胆胰外科-副主任医师-中山大学孙逸仙纪念医院.jpg,8211,56b6e862a1a8e562daf45ec1c03071cb0494102fcd649f4f07fba35a9f054cb4,248,324,FULL_FETCH,
陈锡龙,https://www.gzsys.org.cn/doctor/15619,失败,占位图,,,,,,,FULL_FETCH,占位图
刁飞宇,https://www.gzsys.org.cn/doctor/15632,失败,占位图,,,,,,,FULL_FETCH,占位图
谭桂明,https://www.gzsys.org.cn/doctor/15602,失败,占位图,,,,,,,FULL_FETCH,占位图
苏浩彬,https://www.gzsys.org.cn/doctor/15616,失败,占位图,,,,,,,FULL_FETCH,占位图
丁林潇潇,https://www.gzsys.org.cn/node/15554,实采,,https://www.gzsys.org.cn/sites/syshospital.prod.sysucloud1.sysu.edu.cn/files/%E4%B8%81%E6%9E%97%E6%BD%87%E6%BD%87_%E5%89%AF%E6%9C%AC.png,01_试点医院/中山大学孙逸仙纪念医院/照片/丁林潇潇-乳腺内科-副主任医师-中山大学孙逸仙纪念医院.png,152477,01cbc691d9411ebd3180738f5fdfdae2f70db92cf9439149e9e1d873ed2e54b8,413,579,FULL_FETCH,
黄斐斐,https://www.gzsys.org.cn/node/15472,实采,,https://www.gzsys.org.cn/sites/syshospital.prod.sysucloud1.sysu.edu.cn/files/doctor/15585.jpg,01_试点医院/中山大学孙逸仙纪念医院/照片/黄斐斐-心血管内科-副主任医师-中山大学孙逸仙纪念医院.jpg,141307,4ddd495dea0fe45830170a69d731c57c9165d94fe686ce337be2f251ad1ef718,472,650,FULL_FETCH,
苏子焯,https://www.gzsys.org.cn/node/15490,实采,,https://www.gzsys.org.cn/sites/syshospital.prod.sysucloud1.sysu.edu.cn/files/doctor/16322.jpg,01_试点医院/中山大学孙逸仙纪念医院/照片/苏子焯-心血管内科-副主任医师-中山大学孙逸仙纪念医院.jpg,70589,9953e4d7bb19947119ad332228d9d0f8201386c60037c64af8742c74d2af01c7,413,567,FULL_FETCH,
付志强,https://www.gzsys.org.cn/node/15493,实采,,https://www.gzsys.org.cn/sites/syshospital.prod.sysucloud1.sysu.edu.cn/files/%E4%BB%98%E5%BF%97%E5%BC%BA.jpg,01_试点医院/中山大学孙逸仙纪念医院/照片/付志强-胆胰外科-副主任医师-中山大学孙逸仙纪念医院.jpg,443500,f316d99aa0cb0913716699ee91d8154605d10332953f4e6a8495981258f6b2d5,1080,1662,FULL_FETCH,
温主治,https://www.gzsys.org.cn/node/15419,实采,,https://www.gzsys.org.cn/sites/syshospital.prod.sysucloud1.sysu.edu.cn/files/doctor/14415.jpg,01_试点医院/中山大学孙逸仙纪念医院/照片/温主治-心血管内科-副主任医师-中山大学孙逸仙纪念医院.jpg,90405,0ef08188d043a17bdcee8069d43eff8ea530f10ad0eb68c9e69f752fd55de24f,642,672,FULL_FETCH,
黄佳,https://www.gzsys.org.cn/doctor/15421,实采,,https://www.gzsys.org.cn/sites/syshospital.prod.sysucloud1.sysu.edu.cn/files/14401%281%29.png,01_试点医院/中山大学孙逸仙纪念医院/照片/黄佳-妇科生殖内分泌专科-副主任医师-中山大学孙逸仙纪念医院.png,8394,701e849c309ecd26595def122fd2c5950a27537a66699843b347879fb313e6e9,67,100,FULL_FETCH,
吴雯静,https://www.gzsys.org.cn/node/15422,实采,,https://www.gzsys.org.cn/sites/syshospital.prod.sysucloud1.sysu.edu.cn/files/doctor/14431.jpg,01_试点医院/中山大学孙逸仙纪念医院/照片/吴雯静-乳腺内科-副主任医师-中山大学孙逸仙纪念医院.jpg,10358,da0de2725898391728a8d7a3584203372aac94c394346df8ba1eb5524cbc3220,164,224,FULL_FETCH,
曾银朵,https://www.gzsys.org.cn/node/15427,实采,,https://www.gzsys.org.cn/sites/syshospital.prod.sysucloud1.sysu.edu.cn/files/doctor/13939.jpg,01_试点医院/中山大学孙逸仙纪念医院/照片/曾银朵-乳腺内科-副主任医师-中山大学孙逸仙纪念医院.jpg,47430,c81a12ff60a8594a11d31ecb12bc9cfeebf03face4ce34dfb0c6d2c260e894e8,458,700,FULL_FETCH,
潘萍,https://www.gzsys.org.cn/doctor/15444,实采,,https://www.gzsys.org.cn/sites/syshospital.prod.sysucloud1.sysu.edu.cn/files/doctor/15532.jpg,01_试点医院/中山大学孙逸仙纪念医院/照片/潘萍-妇科生殖内分泌专科-副主任医师-中山大学孙逸仙纪念医院.jpg,170036,8bdd4320738b5ac12048deb83f06db3b8ab18f9460dd6d9a6f416ecd2e109371,598,787,FULL_FETCH,
赵健丽,https://www.gzsys.org.cn/node/15466,实采,,https://www.gzsys.org.cn/sites/syshospital.prod.sysucloud1.sysu.edu.cn/files/doctor/15587.jpg,01_试点医院/中山大学孙逸仙纪念医院/照片/赵健丽-乳腺内科-副主任医师-中山大学孙逸仙纪念医院.jpg,17585,d22d03bf16e7a4db7a19fa32ba254103d081ffa44d9868b956dfbae2bf8cf951,326,325,FULL_FETCH,
彭耀荣,https://www.gzsys.org.cn/doctor/15386,实采,,https://www.gzsys.org.cn/sites/syshospital.prod.sysucloud1.sysu.edu.cn/files/doctor/13144.jpg,01_试点医院/中山大学孙逸仙纪念医院/照片/彭耀荣-胆胰外科-副主任医师-中山大学孙逸仙纪念医院.jpg,4637,50ddd9e806f4a33dd3ddbb4ad438647447a591ab8e22f2b05f5801bcf8ea9e77,154,224,FULL_FETCH,
李琳,https://www.gzsys.org.cn/doctor/15340,实采,,https://www.gzsys.org.cn/sites/syshospital.prod.sysucloud1.sysu.edu.cn/files/doctor/12469.jpg,01_试点医院/中山大学孙逸仙纪念医院/照片/李琳-妇科生殖内分泌专科-副主任医师-中山大学孙逸仙纪念医院.jpg,77880,5b53a9cca1506ed69a0dd6e54aa781cd525b8e0311b65238f08a9fc3a6f297cd,1080,1620,FULL_FETCH,
麦憬霆,https://www.gzsys.org.cn/doctor/14837,实采,,https://www.gzsys.org.cn/sites/syshospital.prod.sysucloud1.sysu.edu.cn/files/doctor/15583.jpg,01_试点医院/中山大学孙逸仙纪念医院/照片/麦憬霆-心血管内科-副主任医师-中山大学孙逸仙纪念医院.jpg,728340,cd5c75cc99e192a3b5ed5505e85db060baab65204e23cb5fc3d13bd0b63028ff,390,567,FULL_FETCH,
陈煜阳,https://www.gzsys.org.cn/doctor/14839,实采,,https://www.gzsys.org.cn/sites/syshospital.prod.sysucloud1.sysu.edu.cn/files/doctor/14414.jpg,01_试点医院/中山大学孙逸仙纪念医院/照片/陈煜阳-心血管内科-副主任医师-中山大学孙逸仙纪念医院.jpg,373641,9b1a4cc5d2b5833b76d35ce58c549e97c3eb00a0cb6dc0a43c2934acede02b77,780,1134,FULL_FETCH,
袁桂仪,https://www.gzsys.org.cn/doctor/14840,实采,,https://www.gzsys.org.cn/sites/syshospital.prod.sysucloud1.sysu.edu.cn/files/doctor/10513.jpg,01_试点医院/中山大学孙逸仙纪念医院/照片/袁桂仪-心血管内科-副主任医师-中山大学孙逸仙纪念医院.jpg,134795,8cd659f6eab2522d885b648f4ed33e292a8ac4183fd5095e8994d5e7d0178a3a,413,579,FULL_FETCH,
叶剑虹,https://www.gzsys.org.cn/node/19810,实采,,https://www.gzsys.org.cn/sites/syshospital.prod.sysucloud1.sysu.edu.cn/files/doctor/10475.jpg,01_试点医院/中山大学孙逸仙纪念医院/照片/叶剑虹-健康管理中心-副主任医师-中山大学孙逸仙纪念医院.jpg,27117,c60a2599ba37390161da84fcef290d452637d60fa8a2503dc7dd0107b5d7d1f5,560,800,FULL_FETCH,
蓝球生,https://www.gzsys.org.cn/node/17001,失败,占位图,,,,,,,FULL_FETCH,占位图
罗兴喜,https://www.gzsys.org.cn/doctor/15630,失败,占位图,,,,,,,FULL_FETCH,占位图
麦贤弟,https://www.gzsys.org.cn/doctor/15612,失败,占位图,,,,,,,FULL_FETCH,占位图
付帅,https://www.gzsys.org.cn/node/15503,实采,,https://www.gzsys.org.cn/sites/syshospital.prod.sysucloud1.sysu.edu.cn/files/%E4%BB%98%E5%B8%85.jpg,01_试点医院/中山大学孙逸仙纪念医院/照片/付帅-围产专科-副主任医师-中山大学孙逸仙纪念医院.jpg,1921620,d5299b14fca35cff720a2af4e08eddfb2eadbc4619441018fe030b2755320745,1756,2553,FULL_FETCH,
张蜀宁,https://www.gzsys.org.cn/doctor/15420,失败,占位图,,,,,,,FULL_FETCH,占位图
张璟璐,https://www.gzsys.org.cn/node/15467,实采,,https://www.gzsys.org.cn/sites/syshospital.prod.sysucloud1.sysu.edu.cn/files/%E5%BC%A0%E7%92%9F%E7%92%90_0.jpg,01_试点医院/中山大学孙逸仙纪念医院/照片/张璟璐-全科医学科-副主任医师-中山大学孙逸仙纪念医院.jpg,145684,1308a3be45d9349c90b930c55cc5a94d22886e301e4dba7daccbe6c5d87c2d80,780,1134,FULL_FETCH,
刘梅兰,https://www.gzsys.org.cn/doctor/15378,失败,占位图,,,,,,,FULL_FETCH,占位图
林小鸿,https://www.gzsys.org.cn/node/15354,实采,,https://www.gzsys.org.cn/sites/syshospital.prod.sysucloud1.sysu.edu.cn/files/doctor/9855.jpg,01_试点医院/中山大学孙逸仙纪念医院/照片/林小鸿-健康管理中心-副主任医师-中山大学孙逸仙纪念医院.jpg,1067970,b37230c5a6682b1fa5cbebf22f2e7f94ae92eac4cb32abfebb88f2a408fded86,1669,2332,FULL_FETCH,
肖辉盛,https://www.gzsys.org.cn/doctor/15316,实采,,https://www.gzsys.org.cn/sites/syshospital.prod.sysucloud1.sysu.edu.cn/files/doctor/10363.jpg,01_试点医院/中山大学孙逸仙纪念医院/照片/肖辉盛-内分泌内科-副主任医师-中山大学孙逸仙纪念医院.jpg,17503,e3c5083220d5958d631ec3b1a489d84001cd9f060d924953445b4f29aae7d6c3,339,501,FULL_FETCH,
伍衡,https://www.gzsys.org.cn/doctor/14790,实采,,https://www.gzsys.org.cn/sites/syshospital.prod.sysucloud1.sysu.edu.cn/files/doctor/10337.jpeg,01_试点医院/中山大学孙逸仙纪念医院/照片/伍衡-胃肠外科-副主任医师-中山大学孙逸仙纪念医院.jpg,78983,7a8093aa4cb56446e483526594e41b490683cc61f03c8958145c1e1c84498744,295,413,FULL_FETCH,
刘璐,https://www.gzsys.org.cn/doctor/14792,实采,,https://www.gzsys.org.cn/sites/syshospital.prod.sysucloud1.sysu.edu.cn/files/doctor/12470.jpeg,01_试点医院/中山大学孙逸仙纪念医院/照片/刘璐-胃肠外科-副主任医师-中山大学孙逸仙纪念医院.jpg,33873,29fd72de1b0bb48d7d8493e973736b059f33e382459cc14ce5c7b817052878e8,645,800,FULL_FETCH,
曾育杰,https://www.gzsys.org.cn/doctor/14794,实采,,https://www.gzsys.org.cn/sites/syshospital.prod.sysucloud1.sysu.edu.cn/files/doctor/12378.png,01_试点医院/中山大学孙逸仙纪念医院/照片/曾育杰-胃肠外科-副主任医师-中山大学孙逸仙纪念医院.png,388142,3bd98370b99fb8c1990c3a50836ac6d93f4428eb5b37739b5953dfe14f6d3914,420,620,FULL_FETCH,
卫星,https://www.gzsys.org.cn/node/14775,实采,,https://www.gzsys.org.cn/sites/syshospital.prod.sysucloud1.sysu.edu.cn/files/doctor/17765.jpg,01_试点医院/中山大学孙逸仙纪念医院/照片/卫星-儿科呼吸专科-副主任医师-中山大学孙逸仙纪念医院.jpg,1074062,9f4c33e87175d4a1c963a98bdd7840882c61d63b1e354ebd960ee276f56c5b81,1512,2200,FULL_FETCH,
陈晓彤,https://www.gzsys.org.cn/node/14702,实采,,https://www.gzsys.org.cn/sites/syshospital.prod.sysucloud1.sysu.edu.cn/files/9291_%E5%89%AF%E6%9C%AC.jpg,01_试点医院/中山大学孙逸仙纪念医院/照片/陈晓彤-健康管理中心-副主任医师-中山大学孙逸仙纪念医院.jpg,117056,ad85948328cb6f6d76d8ea5d66259f486266ff44c686f1faa0a4fdb988543366,413,579,FULL_FETCH,
刘玉昆,https://www.gzsys.org.cn/doctor/14712,实采,,https://www.gzsys.org.cn/sites/syshospital.prod.sysucloud1.sysu.edu.cn/files/doctor/11988.jpg,01_试点医院/中山大学孙逸仙纪念医院/照片/刘玉昆-围产专科-副主任医师-中山大学孙逸仙纪念医院.jpg,13226,2dfd262a25c480d9dfb5ae0ca7090ed7896643790b30319bf7273e075dc3984d,168,240,FULL_FETCH,
甘小玲,https://www.gzsys.org.cn/node/14555,实采,,https://www.gzsys.org.cn/sites/syshospital.prod.sysucloud1.sysu.edu.cn/files/doctor/9411.jpg,01_试点医院/中山大学孙逸仙纪念医院/照片/甘小玲-健康管理中心-副主任医师-中山大学孙逸仙纪念医院.jpg,162091,f4de8fbb0879b8adeb763c1e6cd08cceddb10c70626f1fd98f81471d370e3c8c,482,689,FULL_FETCH,
雍娟娟,https://www.gzsys.org.cn/doctor/29923,实采,,https://www.gzsys.org.cn/sites/syshospital.prod.sysucloud1.sysu.edu.cn/files/%E9%9B%8D%E5%A8%9F%E5%A8%9F%20%E7%97%85%E7%90%86%E7%A7%91.jpg,01_试点医院/中山大学孙逸仙纪念医院/照片/雍娟娟-病理科-副主任医师-中山大学孙逸仙纪念医院.jpg,107924,d44d850dc24240613d0032c81c2836f1617b34acdfc869e16a86abffd43c37eb,899,1259,FULL_FETCH,
梅志勇,https://www.gzsys.org.cn/doctor/15610,失败,占位图,,,,,,,FULL_FETCH,占位图
朱玥,https://www.gzsys.org.cn/node/15441,实采,,https://www.gzsys.org.cn/sites/syshospital.prod.sysucloud1.sysu.edu.cn/files/doctor/15595.png,01_试点医院/中山大学孙逸仙纪念医院/照片/朱玥-甲状腺外科-副主任医师-中山大学孙逸仙纪念医院.png,75958,65133724bb1ef0c8c827618bbde756433c4e79e37031eb183a3baa1d387c6a09,256,338,FULL_FETCH,
林少建,https://www.gzsys.org.cn/node/15450,实采,,https://www.gzsys.org.cn/sites/syshospital.prod.sysucloud1.sysu.edu.cn/files/doctor/14430.png,01_试点医院/中山大学孙逸仙纪念医院/照片/林少建-甲状腺外科-副主任医师-中山大学孙逸仙纪念医院.png,134671,994c852c55c00482976d98af8428b11e263cb8f9f07d8761ed47322d243aa2cd,434,575,FULL_FETCH,
张碧红,https://www.gzsys.org.cn/node/15379,实采,,https://www.gzsys.org.cn/sites/syshospital.prod.sysucloud1.sysu.edu.cn/files/doctor/12860.jpg,01_试点医院/中山大学孙逸仙纪念医院/照片/张碧红-儿科风湿免疫专科-副主任医师-中山大学孙逸仙纪念医院.jpg,77517,4fa501cdbecdbfae8678f4ebc43b0ea5b51c63ed205fd92374709c601f6ccb60,302,422,FULL_FETCH,
曾弘,https://www.gzsys.org.cn/doctor/15224,实采,,https://www.gzsys.org.cn/sites/syshospital.prod.sysucloud1.sysu.edu.cn/files/doctor/10530.jpg,01_试点医院/中山大学孙逸仙纪念医院/照片/曾弘-病理科-副主任医师-中山大学孙逸仙纪念医院.jpg,9838,45491bc4b3a923102020eedbfef6401fb8c3c14ca1c56ecc96aa86baf2ec9c81,167,240,FULL_FETCH,
罗定远,https://www.gzsys.org.cn/doctor/14761,实采,,https://www.gzsys.org.cn/sites/syshospital.prod.sysucloud1.sysu.edu.cn/files/doctor/13159.jpg,01_试点医院/中山大学孙逸仙纪念医院/照片/罗定远-甲状腺外科-副主任医师-中山大学孙逸仙纪念医院.jpg,20779,37bd03bd1ddeae69c4042421f2ec0cb2a2a1132c2671aa34be3437fb4b7de9de,413,579,FULL_FETCH,
贺情情,https://www.gzsys.org.cn/node/22045,实采,,https://www.gzsys.org.cn/sites/syshospital.prod.sysucloud1.sysu.edu.cn/files/%E6%B3%8C%E5%B0%BF%E5%A4%96%E7%A7%91-%E8%B4%BA%E6%83%85%E6%83%85.jpg,01_试点医院/中山大学孙逸仙纪念医院/照片/贺情情-泌尿外科-副主任医师-中山大学孙逸仙纪念医院.jpg,17593,082cb6e6caab433235408bd6ad049d56785cc8b858ee6dfbafc1c3035c9769f9,300,399,FULL_FETCH,
张国扬,https://www.gzsys.org.cn/node/17023,失败,占位图,,,,,,,FULL_FETCH,占位图
曾宪平,https://www.gzsys.org.cn/doctor/15600,失败,占位图,,,,,,,FULL_FETCH,占位图
赖义明,https://www.gzsys.org.cn/node/15473,失败,占位图,,,,,,,FULL_FETCH,占位图
曾乐祥,https://www.gzsys.org.cn/node/15387,实采,,https://www.gzsys.org.cn/sites/syshospital.prod.sysucloud1.sysu.edu.cn/files/doctor/13163.jpg,01_试点医院/中山大学孙逸仙纪念医院/照片/曾乐祥-泌尿外科-副主任医师-中山大学孙逸仙纪念医院.jpg,21662,1ba98abafe2954c88c3d117764233ebe0743d845ec0c0e92684d21947e1e81eb,390,567,FULL_FETCH,
朱定军,https://www.gzsys.org.cn/doctor/15414,实采,,https://www.gzsys.org.cn/sites/syshospital.prod.sysucloud1.sysu.edu.cn/files/doctor/13902.jpg,01_试点医院/中山大学孙逸仙纪念医院/照片/朱定军-泌尿外科-副主任医师-中山大学孙逸仙纪念医院.jpg,6971,c2c5e9be2aa3e9824e2a803c3b05566ac655fa84463d42bb9bb87b530c7748f3,194,283,FULL_FETCH,
范新祥,https://www.gzsys.org.cn/doctor/15417,失败,占位图,,,,,,,FULL_FETCH,占位图
刘皓,https://www.gzsys.org.cn/node/15267,实采,,https://www.gzsys.org.cn/sites/syshospital.prod.sysucloud1.sysu.edu.cn/files/doctor/13145.jpg,01_试点医院/中山大学孙逸仙纪念医院/照片/刘皓-泌尿外科-副主任医师-中山大学孙逸仙纪念医院.jpg,42506,180fd53e7ff7fa47633a7f820e3974bd1cae24f8222efbe5af70976c4894473c,168,224,FULL_FETCH,
肖洁,https://www.gzsys.org.cn/doctor/14854,实采,,https://www.gzsys.org.cn/sites/syshospital.prod.sysucloud1.sysu.edu.cn/files/doctor/12507.jpg,01_试点医院/中山大学孙逸仙纪念医院/照片/肖洁-血液内科-副主任医师-中山大学孙逸仙纪念医院.jpg,145919,4b16bc641bb90ef928c25a57d12246600e442af91003f5907388f4cca260b0df,390,567,FULL_FETCH,
梁石,https://www.gzsys.org.cn/node/19807,实采,,https://www.gzsys.org.cn/sites/syshospital.prod.sysucloud1.sysu.edu.cn/files/doctor/15589.jpg,01_试点医院/中山大学孙逸仙纪念医院/照片/梁石-心血管外科-副主任医师-中山大学孙逸仙纪念医院.jpg,1488384,72e4b54df69af67f973472e52708ad4dbd1c5ec54e8abfed453115a15293503e,3154,4199,FULL_FETCH,
李佳佳,https://www.gzsys.org.cn/node/17002,失败,占位图,,,,,,,FULL_FETCH,占位图
陈志波,https://www.gzsys.org.cn/node/16981,实采,,https://www.gzsys.org.cn/sites/syshospital.prod.sysucloud1.sysu.edu.cn/files/%E5%9B%BE%E7%89%871_10.jpg,01_试点医院/中山大学孙逸仙纪念医院/照片/陈志波-心血管外科-副主任医师-中山大学孙逸仙纪念医院.jpg,75067,7d97a98d38e5682b0b94b6563772d9c853e174c16192bd7c8339b4054939f57b,857,1134,FULL_FETCH,
余妙真,https://www.gzsys.org.cn/doctor/15608,失败,占位图,,,,,,,FULL_FETCH,占位图
陶俊,https://www.gzsys.org.cn/node/15475,实采,,https://www.gzsys.org.cn/sites/syshospital.prod.sysucloud1.sysu.edu.cn/files/04595a8f609f5ad8b009501b8f95a45.jpg,01_试点医院/中山大学孙逸仙纪念医院/照片/陶俊-心血管外科-副主任医师-中山大学孙逸仙纪念医院.jpg,18687,97a8e45b4b3d7e6cb1dfcd976c626553fd7ef5c4eb80d10fe4ed87ae60817c87,307,449,FULL_FETCH,
徐振健,https://www.gzsys.org.cn/doctor/15449,实采,,https://www.gzsys.org.cn/sites/syshospital.prod.sysucloud1.sysu.edu.cn/files/doctor/14413.jpg,01_试点医院/中山大学孙逸仙纪念医院/照片/徐振健-肾内科-副主任医师-中山大学孙逸仙纪念医院.jpg,640181,8e0fbd63a17bf84f9a7167568e389cffb6efc61f48cf4822f31e1794e35802e1,1378,2087,FULL_FETCH,
梁佩芬,https://www.gzsys.org.cn/node/15360,实采,,https://www.gzsys.org.cn/sites/syshospital.prod.sysucloud1.sysu.edu.cn/files/doctor/12385.jpg,01_试点医院/中山大学孙逸仙纪念医院/照片/梁佩芬-肾内科-副主任医师-中山大学孙逸仙纪念医院.jpg,590967,36d930aa6ace6467858e4826129af587da8afdce0be921cf1aa103838b5b2ad1,1378,2087,FULL_FETCH,
翁文骏,https://www.gzsys.org.cn/doctor/14586,实采,,https://www.gzsys.org.cn/sites/syshospital.prod.sysucloud1.sysu.edu.cn/files/doctor/10282.jpg,01_试点医院/中山大学孙逸仙纪念医院/照片/翁文骏-儿科肿瘤专科-副主任医师-中山大学孙逸仙纪念医院.jpg,10250,20279405020ca763dbd3b7ce69ea3a4ecd4b24538a95044c4f71b88e93c2d52f,168,240,FULL_FETCH,
赖德源,https://www.gzsys.org.cn/doctor/14553,实采,,https://www.gzsys.org.cn/sites/syshospital.prod.sysucloud1.sysu.edu.cn/files/doctor/9619.jpg,01_试点医院/中山大学孙逸仙纪念医院/照片/赖德源-肾内科-副主任医师-中山大学孙逸仙纪念医院.jpg,9327,6d99cefa90543e594282d235afc4a57e182ead0dbc5b837dd0ed75304ea25e62,140,200,FULL_FETCH,
李劲高,https://www.gzsys.org.cn/doctor/14556,实采,,https://www.gzsys.org.cn/sites/syshospital.prod.sysucloud1.sysu.edu.cn/files/doctor/9674.jpg,01_试点医院/中山大学孙逸仙纪念医院/照片/李劲高-肾内科-副主任医师-中山大学孙逸仙纪念医院.jpg,11781,427dcc1940847e81ed42ec5e1ef645aebe94565689f7398f69a095651617d59b,168,240,FULL_FETCH,
宛霞,https://www.gzsys.org.cn/doctor/14557,实采,,https://www.gzsys.org.cn/sites/syshospital.prod.sysucloud1.sysu.edu.cn/files/doctor/10214.jpg,01_试点医院/中山大学孙逸仙纪念医院/照片/宛霞-肾内科-副主任医师-中山大学孙逸仙纪念医院.jpg,16474,4c015242b3b5de58a888bb6b266e4df590a441c81ce2428a1798230392c5643c,352,501,FULL_FETCH,
梁锦坚,https://www.gzsys.org.cn/node/17456,实采,,https://www.gzsys.org.cn/sites/syshospital.prod.sysucloud1.sysu.edu.cn/files/doctor/12874.jpg,01_试点医院/中山大学孙逸仙纪念医院/照片/梁锦坚-风湿免疫科-副主任医师-中山大学孙逸仙纪念医院.jpg,439221,e874479d8c40ffda7783a5805dd10394dd803dd0ef3058333c2299b127cc64a7,3668,3668,FULL_FETCH,
张一弛,https://www.gzsys.org.cn/node/15514,实采,,https://www.gzsys.org.cn/sites/syshospital.prod.sysucloud1.sysu.edu.cn/files/%E5%BC%A0%E4%B8%80%E5%BC%9B.jpg,01_试点医院/中山大学孙逸仙纪念医院/照片/张一弛-眼科-副主任医师-中山大学孙逸仙纪念医院.jpg,1495440,d7ae5db94e5bf9a251c73c372965e0e8a4dfb4db18fadd0626afee2e856ccf50,1860,2619,FULL_FETCH,
温鑫,https://www.gzsys.org.cn/node/15393,实采,,https://www.gzsys.org.cn/sites/syshospital.prod.sysucloud1.sysu.edu.cn/files/%E6%B8%A9%E9%91%AB-%E6%96%B0_%E5%89%AF%E6%9C%AC.jpg,01_试点医院/中山大学孙逸仙纪念医院/照片/温鑫-眼科-副主任医师-中山大学孙逸仙纪念医院.jpg,1304579,ab517025db9b016d9db8a1b16552f8bdc3ab8a206108f145db8f35bac6aa56de,4133,4133,FULL_FETCH,
李谦华,https://www.gzsys.org.cn/doctor/15415,实采,,https://www.gzsys.org.cn/sites/syshospital.prod.sysucloud1.sysu.edu.cn/files/doctor/14409.png,01_试点医院/中山大学孙逸仙纪念医院/照片/李谦华-风湿免疫科-副主任医师-中山大学孙逸仙纪念医院.png,93894,d0763b81fdcdccb3f3a9b96595083de98be3d40d766306be12775582e053d011,272,420,FULL_FETCH,
卢献平,https://www.gzsys.org.cn/doctor/15217,实采,,https://www.gzsys.org.cn/sites/syshospital.prod.sysucloud1.sysu.edu.cn/files/doctor/9948.JPG,01_试点医院/中山大学孙逸仙纪念医院/照片/卢献平-核医学科-副主任医师-中山大学孙逸仙纪念医院.jpg,1282071,287237ea0dc6f2b28d2bf85892f2d37c5d26e44491aaca2761259de1507f5577,1625,2275,FULL_FETCH,
洪俊,https://www.gzsys.org.cn/node/14538,实采,,https://www.gzsys.org.cn/sites/syshospital.prod.sysucloud1.sysu.edu.cn/files/doctor/9474.jpeg,01_试点医院/中山大学孙逸仙纪念医院/照片/洪俊-眼科-副主任医师-中山大学孙逸仙纪念医院.jpg,181969,8f785b0e370e852e3c61d129f92752fb4afade784e8a4d3245c7c6817f40f1fd,482,689,FULL_FETCH,
孙浩,https://www.gzsys.org.cn/doctor/30707,实采,,https://www.gzsys.org.cn/sites/syshospital.prod.sysucloud1.sysu.edu.cn/files/%E5%AD%99%E6%B5%A9%20%E5%85%B3%E8%8A%82%E5%A4%96%E7%A7%91.jpg,01_试点医院/中山大学孙逸仙纪念医院/照片/孙浩-骨外科-副主任医师-中山大学孙逸仙纪念医院.jpg,13663,ae1823048d27f99374f1a0c208b17a3d9c6dd6c1c7d57a25809a647669437f59,271,366,FULL_FETCH,
张帆,https://www.gzsys.org.cn/doctor/30288,实采,,https://www.gzsys.org.cn/sites/syshospital.prod.sysucloud1.sysu.edu.cn/files/%E5%BC%A0%E5%B8%86.jpg,01_试点医院/中山大学孙逸仙纪念医院/照片/张帆-骨外科-副主任医师-中山大学孙逸仙纪念医院.jpg,459610,1e44097e2152a2d591948184145476d5a173e866f3b03d8b1cc5ace5e4ef42df,2721,3429,FULL_FETCH,
李登,https://www.gzsys.org.cn/node/21906,实采,,https://www.gzsys.org.cn/sites/syshospital.prod.sysucloud1.sysu.edu.cn/files/fileUpload_%E5%89%AF%E6%9C%AC.jpg,01_试点医院/中山大学孙逸仙纪念医院/照片/李登-骨外科-副主任医师-中山大学孙逸仙纪念医院.jpg,1093383,b10d35324290651d0fff68dcc4724a3735f2a176d1b08b10bde98bab245dfa8f,1074,1562,FULL_FETCH,
傅国,https://www.gzsys.org.cn/node/18011,实采,,https://www.gzsys.org.cn/sites/syshospital.prod.sysucloud1.sysu.edu.cn/files/16412563.jpg,01_试点医院/中山大学孙逸仙纪念医院/照片/傅国-骨外科-副主任医师-中山大学孙逸仙纪念医院.png,2044349,14093e2df7bf098bec46886d2ecdce835d018587f1213bf496930b67ee1ad6eb,1210,1816,FULL_FETCH,
陈仲,https://www.gzsys.org.cn/node/16995,实采,,https://www.gzsys.org.cn/sites/syshospital.prod.sysucloud1.sysu.edu.cn/files/%E9%99%88%E4%BB%B2.jpg,01_试点医院/中山大学孙逸仙纪念医院/照片/陈仲-骨外科-副主任医师-中山大学孙逸仙纪念医院.jpg,402678,7bf1699158b5ce500048ee345544c5a479d8bd9d13f0516a951766b1b41b1f38,2400,3600,FULL_FETCH,
刘文宙,https://www.gzsys.org.cn/doctor/15578,失败,占位图,,,,,,,FULL_FETCH,占位图
张正政,https://www.gzsys.org.cn/node/15524,实采,,https://www.gzsys.org.cn/sites/syshospital.prod.sysucloud1.sysu.edu.cn/files/%E9%AA%A8%E5%A4%96%E7%A7%91%E5%BC%A0%E6%AD%A3%E6%94%BF.jpg,01_试点医院/中山大学孙逸仙纪念医院/照片/张正政-骨外科-副主任医师-中山大学孙逸仙纪念医院.jpg,12623,9c63f999f957bf5062fc78668e09472d9f924fe8e7f2ba6ade066b637c8043ec,275,400,FULL_FETCH,
江川,https://www.gzsys.org.cn/doctor/15495,失败,占位图,,,,,,,FULL_FETCH,占位图
李长川,https://www.gzsys.org.cn/doctor/15462,实采,,https://www.gzsys.org.cn/sites/syshospital.prod.sysucloud1.sysu.edu.cn/files/doctor/15929.jpg,01_试点医院/中山大学孙逸仙纪念医院/照片/李长川-骨外科-副主任医师-中山大学孙逸仙纪念医院.jpg,6239,a5ec2e0147700447ac66c0193f04d8cd2069827fb9ea7fbdb425cb1a209262c9,212,297,FULL_FETCH,
陈燕涛,https://www.gzsys.org.cn/doctor/14674,实采,,https://www.gzsys.org.cn/sites/syshospital.prod.sysucloud1.sysu.edu.cn/files/doctor/9310.jpg,01_试点医院/中山大学孙逸仙纪念医院/照片/陈燕涛-骨外科-副主任医师-中山大学孙逸仙纪念医院.jpg,509389,173784cf09ca6556c98453221ff9d0eb41db4d4c891c801b95ad9be9b9b3bdda,1072,1500,FULL_FETCH,
唐勇,https://www.gzsys.org.cn/node/14714,实采,,https://www.gzsys.org.cn/sites/syshospital.prod.sysucloud1.sysu.edu.cn/files/doctor/11991_0.jpg,01_试点医院/中山大学孙逸仙纪念医院/照片/唐勇-骨外科-副主任医师-中山大学孙逸仙纪念医院.jpg,100752,d64650be8b38769915920e5ed5e097081bfc192b681f871901838f7d07206597,355,393,FULL_FETCH,
欧阳乐平,https://www.gzsys.org.cn/doctor/28311,实采,,https://www.gzsys.org.cn/sites/syshospital.prod.sysucloud1.sysu.edu.cn/files/%E6%AC%A7%E9%98%B3%E4%B9%90%E5%B9%B3.jpg,01_试点医院/中山大学孙逸仙纪念医院/照片/欧阳乐平-神经外科-副主任医师-中山大学孙逸仙纪念医院.png,282838,2786f2ee46be6a5511e70b21baa2482fa81038eba5d749c353d9d4cde32ab271,426,574,FULL_FETCH,
潘琪,https://www.gzsys.org.cn/node/25812,实采,,https://www.gzsys.org.cn/sites/syshospital.prod.sysucloud1.sysu.edu.cn/files/fileUpload_7.jpg,01_试点医院/中山大学孙逸仙纪念医院/照片/潘琪-神经外科-副主任医师-中山大学孙逸仙纪念医院.jpg,1670188,fd797f02cc983d007fa91aed4f81cbcd2db7b90579b10faf5e455ca23b839c14,2467,3588,FULL_FETCH,
雷炳喜,https://www.gzsys.org.cn/node/25291,实采,,https://www.gzsys.org.cn/sites/syshospital.prod.sysucloud1.sysu.edu.cn/files/%E9%9B%B7%E7%82%B3%E5%96%9C.jpg,01_试点医院/中山大学孙逸仙纪念医院/照片/雷炳喜-神经外科-副主任医师-中山大学孙逸仙纪念医院.jpg,41646,4ce0d1f77a1bf365e1e091b3ad53dbb998ce508e523551c7e27723905061ff79,533,800,FULL_FETCH,
郑眉光,https://www.gzsys.org.cn/node/25208,失败,详情不可达,,,,,,,FULL_FETCH,详情不可达：#1 2026-08-18T10:51:20Z HTTP 404 text/html | #2 2026-08-18T10:51:51Z HTTP 404 text/html | #3 2026-08-18T10:52:21Z HTTP 404 text/html
王伟,https://www.gzsys.org.cn/node/14772,实采,,https://www.gzsys.org.cn/sites/syshospital.prod.sysucloud1.sysu.edu.cn/files/doctor/17253.jpg,01_试点医院/中山大学孙逸仙纪念医院/照片/王伟-神经外科-副主任医师-中山大学孙逸仙纪念医院.jpg,533102,aaf0929255befb49f4ff5f81dfa7eeb8cbc0bbf3dadce7dc78c6add38e584a56,2021,2023,FULL_FETCH,
张善义,https://www.gzsys.org.cn/node/14757,实采,,https://www.gzsys.org.cn/sites/syshospital.prod.sysucloud1.sysu.edu.cn/files/doctor/13489.png,01_试点医院/中山大学孙逸仙纪念医院/照片/张善义-神经外科-副主任医师-中山大学孙逸仙纪念医院.png,476362,d8bd9de6fabc18ec8cfcc6ff4389e0232b8371c6105eade8cf0bba67feb353f1,795,823,FULL_FETCH,
翁胤仑,https://www.gzsys.org.cn/node/14763,实采,,https://www.gzsys.org.cn/sites/syshospital.prod.sysucloud1.sysu.edu.cn/files/doctor/13905.jpg,01_试点医院/中山大学孙逸仙纪念医院/照片/翁胤仑-神经外科-副主任医师-中山大学孙逸仙纪念医院.jpg,12891,024c0a895e79c2272194a0c1ad7ea9d2277adfaae148d56af73060847fc9e98d,168,240,FULL_FETCH,
汪延,https://www.gzsys.org.cn/node/17016,实采,,https://www.gzsys.org.cn/sites/syshospital.prod.sysucloud1.sysu.edu.cn/files/%E6%B1%AA%E5%BB%B6.jpg,01_试点医院/中山大学孙逸仙纪念医院/照片/汪延-口腔科-副主任医师-中山大学孙逸仙纪念医院.jpg,35689,805b527c24e440334bc748498b3f5d6207f43b71844f6dfd3f32b625796853d7,413,531,FULL_FETCH,
夏昕,https://www.gzsys.org.cn/node/15548,实采,,https://www.gzsys.org.cn/sites/syshospital.prod.sysucloud1.sysu.edu.cn/files/15976.jpg,01_试点医院/中山大学孙逸仙纪念医院/照片/夏昕-口腔科-副主任医师-中山大学孙逸仙纪念医院.jpg,1849622,7920e3db80b5a89da19a5012bdf26477851df223246b5e0fdb322fe1f2964d53,2030,2856,FULL_FETCH,
张佳琦,https://www.gzsys.org.cn/doctor/15477,实采,,https://www.gzsys.org.cn/sites/syshospital.prod.sysucloud1.sysu.edu.cn/files/doctor/15607.jpg,01_试点医院/中山大学孙逸仙纪念医院/照片/张佳琦-整形外科-副主任医师-中山大学孙逸仙纪念医院.jpg,285227,ff6bbef2e9c48197feca685e150f5c0a3588fe5a6b78a7c00136c950e0519239,1080,1072,FULL_FETCH,
肖小莲,https://www.gzsys.org.cn/doctor/15502,实采,,https://www.gzsys.org.cn/sites/syshospital.prod.sysucloud1.sysu.edu.cn/files/doctor/15954.jpg,01_试点医院/中山大学孙逸仙纪念医院/照片/肖小莲-整形外科-副主任医师-中山大学孙逸仙纪念医院.jpg,50244,3f901ba7b0946119ce47bf0d98d663f38e02db34a853e2ca3c2b3f06a09ce3b2,551,835,FULL_FETCH,
庄沛林,https://www.gzsys.org.cn/node/14762,实采,,https://www.gzsys.org.cn/sites/syshospital.prod.sysucloud1.sysu.edu.cn/files/doctor/13151.jpg,01_试点医院/中山大学孙逸仙纪念医院/照片/庄沛林-口腔科-副主任医师-中山大学孙逸仙纪念医院.jpg,1676959,eb89137594e51451a2edbbe9414b60d669ffcbe5f750d828cd40759356b60dcf,2069,3102,FULL_FETCH,
刘墨,https://www.gzsys.org.cn/node/14686,实采,,https://www.gzsys.org.cn/sites/syshospital.prod.sysucloud1.sysu.edu.cn/files/doctor/9897.jpg,01_试点医院/中山大学孙逸仙纪念医院/照片/刘墨-口腔科-副主任医师-中山大学孙逸仙纪念医院.jpg,16005,3f2e5edf87a58840d79e88423521a6e12adc6ad7e136e0914be08c92ca033128,355,507,FULL_FETCH,
郑美华,https://www.gzsys.org.cn/node/14589,实采,,https://www.gzsys.org.cn/sites/syshospital.prod.sysucloud1.sysu.edu.cn/files/doctor/10650.jpg,01_试点医院/中山大学孙逸仙纪念医院/照片/郑美华-口腔科-副主任医师-中山大学孙逸仙纪念医院.jpg,25092,173e6f36dcf69d74a783f168ad60de0a9633351f1d79482c25f778c4b15c4b5f,294,412,FULL_FETCH,
张杰,https://www.gzsys.org.cn/node/15351,实采,,https://www.gzsys.org.cn/sites/syshospital.prod.sysucloud1.sysu.edu.cn/files/doctor/10573.jpg,01_试点医院/中山大学孙逸仙纪念医院/照片/张杰-小儿外科-副主任医师-中山大学孙逸仙纪念医院.jpg,7090,ff0876c9b31ed5d4e141a2b32271879242d4a861852e4499ab68acd020b67c52,206,312,FULL_FETCH,
伍耀豪,https://www.gzsys.org.cn/node/15368,实采,,https://www.gzsys.org.cn/sites/syshospital.prod.sysucloud1.sysu.edu.cn/files/doctor/12513.jpg,01_试点医院/中山大学孙逸仙纪念医院/照片/伍耀豪-小儿外科-副主任医师-中山大学孙逸仙纪念医院.jpg,12853,fc1d8dd50b722a1c38e8a4c82a9efb62437bdd08f465129a9b07471b4ce0ec38,306,445,FULL_FETCH,
李红红,https://www.gzsys.org.cn/node/15534,实采,,https://www.gzsys.org.cn/sites/syshospital.prod.sysucloud1.sysu.edu.cn/files/15972.jpg,01_试点医院/中山大学孙逸仙纪念医院/照片/李红红-神经科-副主任医师-中山大学孙逸仙纪念医院.jpg,60507,ebacab9f91b46874ddbf2b1b9c2919e87940fb85f6b530d86614d8306094c31c,413,626,FULL_FETCH,
徐永腾,https://www.gzsys.org.cn/node/15535,失败,占位图,,,,,,,FULL_FETCH,占位图
雷鸣,https://www.gzsys.org.cn/node/15469,实采,,https://www.gzsys.org.cn/sites/syshospital.prod.sysucloud1.sysu.edu.cn/files/15937.jpg,01_试点医院/中山大学孙逸仙纪念医院/照片/雷鸣-神经科-副主任医师-中山大学孙逸仙纪念医院.jpg,74487,34cfb325b72bc4178cbfc24807663c874ceed2b4617fb6e206a7ac1fd74109a8,413,626,FULL_FETCH,
王鸿轩,https://www.gzsys.org.cn/node/15392,实采,,https://www.gzsys.org.cn/sites/syshospital.prod.sysucloud1.sysu.edu.cn/files/13137.jpg,01_试点医院/中山大学孙逸仙纪念医院/照片/王鸿轩-神经科-副主任医师-中山大学孙逸仙纪念医院.jpg,62647,4878bc23dac3c12b569629c01eaf415efd4e9aa7417f461adf0f9bef9dd674d7,413,626,FULL_FETCH,
黎祥喷,https://www.gzsys.org.cn/node/14639,实采,,https://www.gzsys.org.cn/sites/syshospital.prod.sysucloud1.sysu.edu.cn/files/doctor/9643.jpg,01_试点医院/中山大学孙逸仙纪念医院/照片/黎祥喷-神经科-副主任医师-中山大学孙逸仙纪念医院.jpg,1991370,897797dbb0a7d5aa7747c85145c77a4e77914d39240558e51c5ba96014c85775,3536,4720,FULL_FETCH,
林宝珠,https://www.gzsys.org.cn/doctor/15613,失败,占位图,,,,,,,FULL_FETCH,占位图
熊慧,https://www.gzsys.org.cn/doctor/15470,失败,占位图,,,,,,,FULL_FETCH,占位图
马坚池,https://www.gzsys.org.cn/doctor/15405,失败,占位图,,,,,,,FULL_FETCH,占位图
唐增奇,https://www.gzsys.org.cn/node/15357,失败,占位图,,,,,,,FULL_FETCH,占位图
曾颖,https://www.gzsys.org.cn/doctor/14695,实采,,https://www.gzsys.org.cn/sites/syshospital.prod.sysucloud1.sysu.edu.cn/files/doctor/10540.jpg,01_试点医院/中山大学孙逸仙纪念医院/照片/曾颖-皮肤科-副主任医师-中山大学孙逸仙纪念医院.jpg,9397,e51d183f9c28652fffbe121e28edb0a8eedd549c5d1562fa1412588e1342e192,168,240,FULL_FETCH,
罗益金,https://www.gzsys.org.cn/doctor/14715,实采,,https://www.gzsys.org.cn/sites/syshospital.prod.sysucloud1.sysu.edu.cn/files/doctor/11994.jpg,01_试点医院/中山大学孙逸仙纪念医院/照片/罗益金-皮肤科-副主任医师-中山大学孙逸仙纪念医院.jpg,23774,117144eb4eebd2eebe6e0eb376dccfa2bb8d1602e01626460c743c42ebca98b6,160,226,FULL_FETCH,
毛越苹,https://www.gzsys.org.cn/doctor/14597,实采,,https://www.gzsys.org.cn/sites/syshospital.prod.sysucloud1.sysu.edu.cn/files/doctor/10039.jpg,01_试点医院/中山大学孙逸仙纪念医院/照片/毛越苹-皮肤科-副主任医师-中山大学孙逸仙纪念医院.jpg,585466,ac3737adbcf6994f3b027356a483d1739872bf5bfcb4f136ffe563da937c9c53,1818,2603,FULL_FETCH,
邓文婷,https://www.gzsys.org.cn/node/16997,实采,,https://www.gzsys.org.cn/sites/syshospital.prod.sysucloud1.sysu.edu.cn/files/doctor/21980.png,01_试点医院/中山大学孙逸仙纪念医院/照片/邓文婷-耳鼻喉科-副主任医师-中山大学孙逸仙纪念医院.png,890792,6c8a8c5a80b8494b2f379c779b36efb3fc59d55e3558d8b14d1cc2bf98a097bf,713,1000,FULL_FETCH,
陈越勃,https://www.gzsys.org.cn/node/15520,实采,,https://www.gzsys.org.cn/sites/syshospital.prod.sysucloud1.sysu.edu.cn/files/doctor/17065.png,01_试点医院/中山大学孙逸仙纪念医院/照片/陈越勃-耳鼻喉科-副主任医师-中山大学孙逸仙纪念医院.png,501058,3ab31ebee910f6ded0886cf6f8e797971ec96fee0a86f052e69ce185d489ae3a,682,1000,FULL_FETCH,
马赟,https://www.gzsys.org.cn/node/15521,实采,,https://www.gzsys.org.cn/sites/syshospital.prod.sysucloud1.sysu.edu.cn/files/doctor/17067.png,01_试点医院/中山大学孙逸仙纪念医院/照片/马赟-耳鼻喉科-副主任医师-中山大学孙逸仙纪念医院.png,488714,d1b9d9b861b4b93e859793b0ef77a8e26ad4de7418e0a4fd303111e40829be6d,786,1000,FULL_FETCH,
林沛亮,https://www.gzsys.org.cn/node/15443,实采,,https://www.gzsys.org.cn/sites/syshospital.prod.sysucloud1.sysu.edu.cn/files/doctor/15511.png,01_试点医院/中山大学孙逸仙纪念医院/照片/林沛亮-耳鼻喉科-副主任医师-中山大学孙逸仙纪念医院.png,536628,e473eed23fd8905f1cb453e514f4d85edae22bdc1751442897e5e4dc81b55af7,753,1000,FULL_FETCH,
司瑜,https://www.gzsys.org.cn/node/15455,实采,,https://www.gzsys.org.cn/sites/syshospital.prod.sysucloud1.sysu.edu.cn/files/doctor/14389.png,01_试点医院/中山大学孙逸仙纪念医院/照片/司瑜-耳鼻喉科-副主任医师-中山大学孙逸仙纪念医院.png,578093,f88203e6c90373e449e50c26be988b912dd7bf97fd41bb86241d8f7a4020a630,738,1000,FULL_FETCH,
丁健慧,https://www.gzsys.org.cn/doctor/15290,实采,,https://www.gzsys.org.cn/sites/syshospital.prod.sysucloud1.sysu.edu.cn/files/doctor/9361.png,01_试点医院/中山大学孙逸仙纪念医院/照片/丁健慧-耳鼻喉科-副主任医师-中山大学孙逸仙纪念医院.png,567347,3b97091a5362e6f9048443e81a9fc4d937efce4a2dd77f3bef345c6d13d60c24,754,1000,FULL_FETCH,
陈秋坚,https://www.gzsys.org.cn/doctor/15291,实采,,https://www.gzsys.org.cn/sites/syshospital.prod.sysucloud1.sysu.edu.cn/files/doctor/9253.png,01_试点医院/中山大学孙逸仙纪念医院/照片/陈秋坚-耳鼻喉科-副主任医师-中山大学孙逸仙纪念医院.png,547580,01c7b23e1392f061dfab0ed5a8664decce5f58db4c79f13acde180d87d60eae6,713,1000,FULL_FETCH,
党华,https://www.gzsys.org.cn/node/15294,实采,,https://www.gzsys.org.cn/sites/syshospital.prod.sysucloud1.sysu.edu.cn/files/doctor/16735.png,01_试点医院/中山大学孙逸仙纪念医院/照片/党华-耳鼻喉科-副主任医师-中山大学孙逸仙纪念医院.png,577332,61d2c87b6e5dca03077400cfe7700ff2de6a95a99c62a1b5179e25bae4f81561,746,1000,FULL_FETCH,
周明根,https://www.gzsys.org.cn/node/16983,失败,占位图,,,,,,,FULL_FETCH,占位图
郭明炎,https://www.gzsys.org.cn/node/19848,实采,,https://www.gzsys.org.cn/sites/syshospital.prod.sysucloud1.sysu.edu.cn/files/doctor/12715.jpg,01_试点医院/中山大学孙逸仙纪念医院/照片/郭明炎-麻醉科-副主任医师-中山大学孙逸仙纪念医院.jpg,778870,5355d26a4029a1f1d13c799c65b974d696afed484634d66a8787ade6d5f12603,2947,3137,FULL_FETCH,
梁建军,https://www.gzsys.org.cn/node/16986,失败,占位图,,,,,,,FULL_FETCH,占位图
曾静贤,https://www.gzsys.org.cn/doctor/14654,实采,,https://www.gzsys.org.cn/sites/syshospital.prod.sysucloud1.sysu.edu.cn/files/doctor/10532.jpg,01_试点医院/中山大学孙逸仙纪念医院/照片/曾静贤-麻醉科-副主任医师-中山大学孙逸仙纪念医院.jpg,58274,65748afcbfefb21dc64b98cae7773791d83703f65776b2ac8bfcb27c9a7fec8f,1080,1511,FULL_FETCH,
何波,https://www.gzsys.org.cn/doctor/14610,实采,,https://www.gzsys.org.cn/sites/syshospital.prod.sysucloud1.sysu.edu.cn/files/doctor/9445.jpg,01_试点医院/中山大学孙逸仙纪念医院/照片/何波-麻醉科-副主任医师-中山大学孙逸仙纪念医院.jpg,121580,0ca50952425dcb173914f098d83aae2403d5810b966478b22ca5ab5f6afc462a,413,531,FULL_FETCH,
徐忠东,https://www.gzsys.org.cn/doctor/14612,实采,,https://www.gzsys.org.cn/sites/syshospital.prod.sysucloud1.sysu.edu.cn/files/doctor/10408.jpg,01_试点医院/中山大学孙逸仙纪念医院/照片/徐忠东-麻醉科-副主任医师-中山大学孙逸仙纪念医院.jpg,103751,6c54f6d92657dd84acb8269e37b9c6cdbb3e6a5eccf39ebcc4981788edd5b011,319,449,FULL_FETCH,
吴文霞,https://www.gzsys.org.cn/node/18242,实采,,https://www.gzsys.org.cn/sites/syshospital.prod.sysucloud1.sysu.edu.cn/files/doctor/14445.jpg,01_试点医院/中山大学孙逸仙纪念医院/照片/吴文霞-全科医学科一科-副主任医师-中山大学孙逸仙纪念医院.jpg,67708,9442ba940279411d7f9e8bb7ffaba922a3ce5ee095a17871e7dec89ddefff548,295,413,FULL_FETCH,
刘淑琼,https://www.gzsys.org.cn/doctor/15425,实采,,https://www.gzsys.org.cn/sites/syshospital.prod.sysucloud1.sysu.edu.cn/files/doctor/13935.jpg,01_试点医院/中山大学孙逸仙纪念医院/照片/刘淑琼-全科医学科一科-副主任医师-中山大学孙逸仙纪念医院.jpg,215671,9f0583f87e3818d91f21c47ceeb53e98dde59fe0a4b6b16e31bed2ce8e58d8ca,1051,1421,FULL_FETCH,
包金兰,https://www.gzsys.org.cn/node/15448,实采,,https://www.gzsys.org.cn/sites/syshospital.prod.sysucloud1.sysu.edu.cn/files/doctor/14264.jpg,01_试点医院/中山大学孙逸仙纪念医院/照片/包金兰-全科医学科一科-副主任医师-中山大学孙逸仙纪念医院.jpg,64740,8eaa4f0b594622e129fbcdffed73088a3b23ec5d53d8b7d5ead8867b4163ddad,1080,1571,FULL_FETCH,
温立强,https://www.gzsys.org.cn/doctor/14688,实采,,https://www.gzsys.org.cn/sites/syshospital.prod.sysucloud1.sysu.edu.cn/files/doctor/10274.jpg,01_试点医院/中山大学孙逸仙纪念医院/照片/温立强-全科医学科二科-副主任医师-中山大学孙逸仙纪念医院.jpg,14377,3f104228c95e8c8cdb2d2ded771edfd7441f3679e37dc30bb5e0a85ef443e029,168,240,FULL_FETCH,
黎江,https://www.gzsys.org.cn/node/24064,实采,,https://www.gzsys.org.cn/sites/syshospital.prod.sysucloud1.sysu.edu.cn/files/1694406880991.png,01_试点医院/中山大学孙逸仙纪念医院/照片/黎江-乳腺肿瘤中心-副研究员-中山大学孙逸仙纪念医院.png,1454375,159b33e2f9e81652654f9c3738d40ecad5eec0bb1dd2fb49841608ce02a20be2,913,862,TRIAL_REUSE,
林建子,https://www.gzsys.org.cn/doctor/32104,实采,,https://www.gzsys.org.cn/sites/syshospital.prod.sysucloud1.sysu.edu.cn/files/%E6%9E%97%E5%BB%BA%E5%AD%90.jpg,01_试点医院/中山大学孙逸仙纪念医院/照片/林建子-风湿免疫科-主治医师-中山大学孙逸仙纪念医院.jpg,1893255,85d44b2d695e4008206592d06dd3e3f19570934cf00b256adbf9eb1152953262,2400,3600,FULL_FETCH,
王鹏,https://www.gzsys.org.cn/doctor/14767,实采,,https://www.gzsys.org.cn/sites/syshospital.prod.sysucloud1.sysu.edu.cn/files/doctor/14446.JPG,01_试点医院/中山大学孙逸仙纪念医院/照片/王鹏-急诊科-副研究员-中山大学孙逸仙纪念医院.jpg,11407,12b919511a6f61eed6f427eed4676af9afa9ee1313dc06290940bc006ced42e8,253,343,FULL_FETCH,
林茵,https://www.gzsys.org.cn/node/14694,实采,,https://www.gzsys.org.cn/sites/syshospital.prod.sysucloud1.sysu.edu.cn/files/doctor/9862.jpg,01_试点医院/中山大学孙逸仙纪念医院/照片/林茵-药学部-副主任药师-中山大学孙逸仙纪念医院.jpg,10588,e48cd30f200c0ccd4afe4c6456feaaae7f25109b558e0d908781e80cc8d60be5,168,240,FULL_FETCH,
吴庆欢,https://www.gzsys.org.cn/node/14621,实采,,https://www.gzsys.org.cn/sites/syshospital.prod.sysucloud1.sysu.edu.cn/files/doctor/10313.jpg,01_试点医院/中山大学孙逸仙纪念医院/照片/吴庆欢-药学部-副主任药师-中山大学孙逸仙纪念医院.jpg,61650,f9778f8e9f2cf9a18d313ee72d3cc0900555cc0e6b8c96805c3e2f24ce22a8dc,360,516,FULL_FETCH,
陈楚雄,https://www.gzsys.org.cn/node/14626,实采,,https://www.gzsys.org.cn/sites/syshospital.prod.sysucloud1.sysu.edu.cn/files/doctor/9181.jpg,01_试点医院/中山大学孙逸仙纪念医院/照片/陈楚雄-药学部-副主任药师-中山大学孙逸仙纪念医院.jpg,1959816,41b7843c0d969abf0d26715ecc20253ada500163700ebef5614d17be4acdb12f,1492,2128,FULL_FETCH,
吕永丰,https://www.gzsys.org.cn/node/14620,实采,,https://www.gzsys.org.cn/sites/syshospital.prod.sysucloud1.sysu.edu.cn/files/doctor/9970.jpg,01_试点医院/中山大学孙逸仙纪念医院/照片/吕永丰-药学部-副主任药师-中山大学孙逸仙纪念医院.jpg,13763,537839aa2e4ac10794d02aefedf194d6cf6d0cda1fc825cc468364b9ea99e241,390,567,FULL_FETCH,
吴少焜,https://www.gzsys.org.cn/node/14867,实采,,https://www.gzsys.org.cn/sites/syshospital.prod.sysucloud1.sysu.edu.cn/files/10314.jpg,01_试点医院/中山大学孙逸仙纪念医院/照片/吴少焜-肿瘤科放疗专科-副主任技师-中山大学孙逸仙纪念医院.jpg,1153615,4634848063b6c968c4e4ebea7fe6f8c6bf2ee19b5175c55bd182e91df5554460,2474,3060,FULL_FETCH,
杨亚波,https://www.gzsys.org.cn/node/19852,实采,,https://www.gzsys.org.cn/sites/syshospital.prod.sysucloud1.sysu.edu.cn/files/doctor/13120.jpg,01_试点医院/中山大学孙逸仙纪念医院/照片/杨亚波-妇科生殖内分泌专科-副主任技师-中山大学孙逸仙纪念医院.jpg,460852,fb4e8b2f0f5c978960e7037a3c021c3fb48676763a40c833e972b7a3a28201e8,1842,2579,FULL_FETCH,
王英,https://www.gzsys.org.cn/node/16989,失败,占位图,,,,,,,FULL_FETCH,占位图
曾华,https://www.gzsys.org.cn/doctor/14690,实采,,https://www.gzsys.org.cn/sites/syshospital.prod.sysucloud1.sysu.edu.cn/files/doctor/10803.jpg,01_试点医院/中山大学孙逸仙纪念医院/照片/曾华-检验科-副主任技师-中山大学孙逸仙纪念医院.jpg,11858,f4ebbe65079bbd5d26f135526869f1392d5aab7e499bda0283f5780b77e39094,308,426,FULL_FETCH,
刘晓强,https://www.gzsys.org.cn/doctor/14709,实采,,https://www.gzsys.org.cn/sites/syshospital.prod.sysucloud1.sysu.edu.cn/files/doctor/9919.jpg,01_试点医院/中山大学孙逸仙纪念医院/照片/刘晓强-检验科-副主任技师-中山大学孙逸仙纪念医院.jpg,11472,3093e47f3382dc4686cf624ea739de34df78889349c3cae0a1a66509a749bcbb,271,394,FULL_FETCH,
林向华,https://www.gzsys.org.cn/doctor/14661,实采,,https://www.gzsys.org.cn/sites/syshospital.prod.sysucloud1.sysu.edu.cn/files/doctor/9854.jpg,01_试点医院/中山大学孙逸仙纪念医院/照片/林向华-检验科-副主任技师-中山大学孙逸仙纪念医院.jpg,11462,626c369c2e45f6fe9d9661ffa69dd0d43a3b6747aca85921444c88ab0c426b5d,294,415,FULL_FETCH,
陈梅,https://www.gzsys.org.cn/doctor/14664,实采,,https://www.gzsys.org.cn/sites/syshospital.prod.sysucloud1.sysu.edu.cn/files/doctor/9238.jpg,01_试点医院/中山大学孙逸仙纪念医院/照片/陈梅-检验科-副主任技师-中山大学孙逸仙纪念医院.jpg,10214,7bb9dfe66c7a63833383e86b401845a975cdf7ddec1e8dc10612e5d33859f182,276,394,FULL_FETCH,
鲍蕴文,https://www.gzsys.org.cn/doctor/14545,实采,,https://www.gzsys.org.cn/sites/syshospital.prod.sysucloud1.sysu.edu.cn/files/doctor/9145.jpg,01_试点医院/中山大学孙逸仙纪念医院/照片/鲍蕴文-检验科-副主任技师-中山大学孙逸仙纪念医院.jpg,349020,4cc058c9f5476757a44f625a4c1c3fea52789793db18c423934a2f3e155841e1,1610,1976,FULL_FETCH,
胡俊庭,https://www.gzsys.org.cn/doctor/14552,实采,,https://www.gzsys.org.cn/sites/syshospital.prod.sysucloud1.sysu.edu.cn/files/doctor/9483.jpg,01_试点医院/中山大学孙逸仙纪念医院/照片/胡俊庭-检验科-副主任技师-中山大学孙逸仙纪念医院.jpg,12561,4d2165203a54f662399fd01b55722cfdea0a239d1b8fbadce078206f33f0d5fa,317,411,FULL_FETCH,
李娜,https://www.gzsys.org.cn/doctor/15330,实采,,https://www.gzsys.org.cn/sites/syshospital.prod.sysucloud1.sysu.edu.cn/files/doctor/13165.jpg,01_试点医院/中山大学孙逸仙纪念医院/照片/李娜-内分泌内科-副主任技师-中山大学孙逸仙纪念医院.jpg,20716,ae3a5f4c13952aadf519cc35887f4069ce00d611a7c8353d8a60c9e885e71e50,107,153,FULL_FETCH,
黎锋,https://www.gzsys.org.cn/doctor/15314,实采,,https://www.gzsys.org.cn/sites/syshospital.prod.sysucloud1.sysu.edu.cn/files/doctor/9634.jpg,01_试点医院/中山大学孙逸仙纪念医院/照片/黎锋-内分泌内科-副主任技师-中山大学孙逸仙纪念医院.jpg,11070,5d465dea9bf86503064c76a27d40eca8735e1d76d3fa9da714fc04992321ea0a,168,240,FULL_FETCH,
何杰民,https://www.gzsys.org.cn/doctor/14627,实采,,https://www.gzsys.org.cn/sites/syshospital.prod.sysucloud1.sysu.edu.cn/files/doctor/9458.jpg,01_试点医院/中山大学孙逸仙纪念医院/照片/何杰民-骨外科-副主任技师-中山大学孙逸仙纪念医院.jpg,9993,9d9f4b5946091ee60f7719459b2909e4ca6526c30d624fa4a16abad286f772d5,167,240,FULL_FETCH,
麦明泉,https://www.gzsys.org.cn/doctor/15274,实采,,https://www.gzsys.org.cn/sites/syshospital.prod.sysucloud1.sysu.edu.cn/files/doctor/10029.jpg,01_试点医院/中山大学孙逸仙纪念医院/照片/麦明泉-康复医学科-副主任技师-中山大学孙逸仙纪念医院.jpg,170498,5ae6beaa99e9d17df2fe47b619a96bf3f01ac4dd2e6a56dbe8dc27ae1287192c,482,689,FULL_FETCH,
阮毅,https://www.gzsys.org.cn/node/14528,实采,,https://www.gzsys.org.cn/sites/syshospital.prod.sysucloud1.sysu.edu.cn/files/doctor/10129.jpg,01_试点医院/中山大学孙逸仙纪念医院/照片/阮毅-口腔科-副主任医师-中山大学孙逸仙纪念医院.jpg,75860,73108d9375b0d63932c38649aa756d2f2c347db2acf3428f6af9617cf45feef6,488,619,FULL_FETCH,
彭林辉,https://www.gzsys.org.cn/node/15251,实采,,https://www.gzsys.org.cn/sites/syshospital.prod.sysucloud1.sysu.edu.cn/files/13817.jpg,01_试点医院/中山大学孙逸仙纪念医院/照片/彭林辉-肝胆外科-副主任医师-中山大学孙逸仙纪念医院.jpg,32748,2fcff79393965f9e93a4c2fd50ca2b153e6b0270525dc7058158cf67337f063e,413,626,FULL_FETCH,
黄泽坚,https://www.gzsys.org.cn/doctor/15361,实采,,https://www.gzsys.org.cn/sites/syshospital.prod.sysucloud1.sysu.edu.cn/files/doctor/12377.JPG,01_试点医院/中山大学孙逸仙纪念医院/照片/黄泽坚-肝胆外科-主治医师-中山大学孙逸仙纪念医院.jpg,2668268,7dcce92abe4788f6ead53998745cd48ab888127b4845d5e49471bb691daa8ff4,2148,3223,TRIAL_REUSE,
曾志芬,https://www.gzsys.org.cn/doctor/15413,实采,,https://www.gzsys.org.cn/sites/syshospital.prod.sysucloud1.sysu.edu.cn/files/doctor/14316.jpg,01_试点医院/中山大学孙逸仙纪念医院/照片/曾志芬-全科医学科一科-主治医师-中山大学孙逸仙纪念医院.jpg,2133181,ca3ce66587a77d31aeaca1c8a0f8b9ed19c6e0b03a826011883ebf1162feea48,2013,2863,TRIAL_REUSE,
李卓,https://www.gzsys.org.cn/doctor/29823,实采,,https://www.gzsys.org.cn/sites/syshospital.prod.sysucloud1.sysu.edu.cn/files/%E6%9D%8E%E5%8D%93-%E8%82%BF%E7%98%A4%E7%A7%91_0.jpg,01_试点医院/中山大学孙逸仙纪念医院/照片/李卓-肿瘤内科-主治医师-中山大学孙逸仙纪念医院.jpg,1502794,0ce5b817b7e355845c29cbc8de8999dbf6894ea8c00b6012bef6486360aaa544,1639,2314,TRIAL_REUSE,
李睿歆,https://www.gzsys.org.cn/node/17005,失败,占位图,,,,,,,FULL_FETCH,占位图
凌小婷,https://www.gzsys.org.cn/node/17008,失败,占位图,,,,,,,FULL_FETCH,占位图
王东雁,https://www.gzsys.org.cn/node/17017,失败,占位图,,,,,,,FULL_FETCH,占位图
王静姝,https://www.gzsys.org.cn/node/17018,失败,占位图,,,,,,,FULL_FETCH,占位图
程帝,https://www.gzsys.org.cn/doctor/15561,失败,占位图,,,,,,,FULL_FETCH,占位图
刘婷,https://www.gzsys.org.cn/doctor/15374,失败,占位图,,,,,,,FULL_FETCH,占位图
何剑峰,https://www.gzsys.org.cn/doctor/15345,失败,占位图,,,,,,,FULL_FETCH,占位图
周睿,https://www.gzsys.org.cn/doctor/29732,实采,,https://www.gzsys.org.cn/sites/syshospital.prod.sysucloud1.sysu.edu.cn/files/%E5%91%A8%E7%9D%BF.jpg,01_试点医院/中山大学孙逸仙纪念医院/照片/周睿-肝胆外科-主治医师-中山大学孙逸仙纪念医院.jpg,108659,840de30fd06548e14d6e57848519430733179ea4391a158a1ea82f9f9a7c1c8b,907,879,FULL_FETCH,
丁林,https://www.gzsys.org.cn/node/27140,实采,,https://www.gzsys.org.cn/sites/syshospital.prod.sysucloud1.sysu.edu.cn/files/fileUpload_14.jpg,01_试点医院/中山大学孙逸仙纪念医院/照片/丁林-肿瘤科放疗专科-主治医师-中山大学孙逸仙纪念医院.jpg,84452,62ddcefeb6c7266adb33f68b366548ad804a0a44f37b5d19faa5a59b8498ad04,1083,1657,FULL_FETCH,
赵雅男,https://www.gzsys.org.cn/node/18537,实采,,https://www.gzsys.org.cn/sites/syshospital.prod.sysucloud1.sysu.edu.cn/files/doctor/14399.jpg,01_试点医院/中山大学孙逸仙纪念医院/照片/赵雅男-普通妇科专科-主治医师-中山大学孙逸仙纪念医院.jpg,23545,320f8297c7e81d3a82c4ae3d410fc274458d11d9cf6973037a6b74c73ad9b9c5,390,567,FULL_FETCH,
方庭枫,https://www.gzsys.org.cn/node/18534,实采,,https://www.gzsys.org.cn/sites/syshospital.prod.sysucloud1.sysu.edu.cn/files/doctor/15531.jpg,01_试点医院/中山大学孙逸仙纪念医院/照片/方庭枫-普通妇科专科-主治医师-中山大学孙逸仙纪念医院.jpg,14532,f2b9c1108dda6801d1968abdb498a539393102c34e0ef878e1f46a76b2a36239,334,448,FULL_FETCH,
郑澄宇,https://www.gzsys.org.cn/node/18536,实采,,https://www.gzsys.org.cn/sites/syshospital.prod.sysucloud1.sysu.edu.cn/files/doctor/10640.jpg,01_试点医院/中山大学孙逸仙纪念医院/照片/郑澄宇-普通妇科专科-主治医师-中山大学孙逸仙纪念医院.jpg,27853,62805425922393ee1d42ea2632aad9e4bfc2588f81c6e3d013bf150d08b089f7,533,800,FULL_FETCH,
沈婷,https://www.gzsys.org.cn/node/17015,失败,占位图,,,,,,,FULL_FETCH,占位图
马婷婷,https://www.gzsys.org.cn/doctor/15479,实采,,https://www.gzsys.org.cn/sites/syshospital.prod.sysucloud1.sysu.edu.cn/files/doctor/15530.jpg,01_试点医院/中山大学孙逸仙纪念医院/照片/马婷婷-普通妇科专科-主治医师-中山大学孙逸仙纪念医院.jpg,107514,e396b23ee56faaf534cf19d2a56fe55161c0fe13899620e670c882e16a0d7d45,929,1303,FULL_FETCH,
刘祖霖,https://www.gzsys.org.cn/doctor/15482,实采,,https://www.gzsys.org.cn/sites/syshospital.prod.sysucloud1.sysu.edu.cn/files/doctor/15503.jpg,01_试点医院/中山大学孙逸仙纪念医院/照片/刘祖霖-儿科神经内分泌专科-主治医师-中山大学孙逸仙纪念医院.jpg,829034,cf785d53af1296f3828eae8e517f06ab8dd68818a9277592fe0dc6b6131c66ed,1206,1670,FULL_FETCH,
李玉东,https://www.gzsys.org.cn/doctor/15506,实采,,https://www.gzsys.org.cn/sites/syshospital.prod.sysucloud1.sysu.edu.cn/files/a8c162512b7cb9db6afd81f4b767cb27.jpg,01_试点医院/中山大学孙逸仙纪念医院/照片/李玉东-乳腺外科-主治医师-中山大学孙逸仙纪念医院.jpg,499047,ef2d47068360673e1460555ef6fca1e1f3ccd951ba7fb90e367de50750b96b6c,1034,1564,FULL_FETCH,
吕函璐,https://www.gzsys.org.cn/node/17459,实采,,https://www.gzsys.org.cn/sites/syshospital.prod.sysucloud1.sysu.edu.cn/files/doctor/14417.jpg,01_试点医院/中山大学孙逸仙纪念医院/照片/吕函璐-心血管内科-主治医师-中山大学孙逸仙纪念医院.jpg,91717,7e63f73b5e3fc3143058dc6c74e3108b54589870dbe02a5f09a44738a479ae7f,295,413,FULL_FETCH,
黄波水,https://www.gzsys.org.cn/doctor/15471,实采,,https://www.gzsys.org.cn/sites/syshospital.prod.sysucloud1.sysu.edu.cn/files/doctor/15584.jpg,01_试点医院/中山大学孙逸仙纪念医院/照片/黄波水-心血管内科-主治医师-中山大学孙逸仙纪念医院.jpg,676884,fdf76ded180fd5d43b23390b8ed35c36d42a6e73bb0ccde4ad5316de6a4d9a76,3484,4878,FULL_FETCH,
舒晓蓉,https://www.gzsys.org.cn/doctor/15491,实采,,https://www.gzsys.org.cn/sites/syshospital.prod.sysucloud1.sysu.edu.cn/files/doctor/15947.jpg,01_试点医院/中山大学孙逸仙纪念医院/照片/舒晓蓉-心血管内科-主治医师-中山大学孙逸仙纪念医院.jpg,319410,4ca9dc9d399bea360fcebf41631250749e7c5165f0e77c58d50f28f9fccf4f40,1642,1753,FULL_FETCH,
李金,https://www.gzsys.org.cn/doctor/15504,实采,,https://www.gzsys.org.cn/sites/syshospital.prod.sysucloud1.sysu.edu.cn/files/doctor/15960.jpg,01_试点医院/中山大学孙逸仙纪念医院/照片/李金-妇科生殖内分泌专科-主治医师-中山大学孙逸仙纪念医院.jpg,13714,473000997d4d70889c6eb5279645802cf0f0f06e055c928470dc897282261703,216,303,FULL_FETCH,
曾敏慧,https://www.gzsys.org.cn/node/15505,实采,,https://www.gzsys.org.cn/sites/syshospital.prod.sysucloud1.sysu.edu.cn/files/000c6430ed009bc6ecbd2994b6c1709.jpg,01_试点医院/中山大学孙逸仙纪念医院/照片/曾敏慧-妇科生殖内分泌专科-主治医师-中山大学孙逸仙纪念医院.jpg,441471,0c2f50eabb31ff4f936db0319e3488665087e6b321e6af3c9cff72ee14e1572b,853,1280,FULL_FETCH,
杨刚,https://www.gzsys.org.cn/doctor/15445,实采,,https://www.gzsys.org.cn/sites/syshospital.prod.sysucloud1.sysu.edu.cn/files/doctor/15533.jpg,01_试点医院/中山大学孙逸仙纪念医院/照片/杨刚-妇科生殖内分泌专科-主治医师-中山大学孙逸仙纪念医院.jpg,77495,7d4ffe8c9ee2e89d053d82a69df46873c3bd47acc41a961ad3ac2738f96d1638,533,800,FULL_FETCH,
谢言信,https://www.gzsys.org.cn/doctor/15452,实采,,https://www.gzsys.org.cn/sites/syshospital.prod.sysucloud1.sysu.edu.cn/files/doctor/14402.jpg,01_试点医院/中山大学孙逸仙纪念医院/照片/谢言信-妇科生殖内分泌专科-主治医师-中山大学孙逸仙纪念医院.jpg,73917,f3db5c702c29769c02780c8d7c090f9ba9034e1411f5a42c0e075f623d388ac6,1080,1620,FULL_FETCH,
蔡雷琴,https://www.gzsys.org.cn/doctor/31031,实采,,https://www.gzsys.org.cn/sites/syshospital.prod.sysucloud1.sysu.edu.cn/files/%E8%94%A1%E9%9B%B7%E7%90%B4.jpg,01_试点医院/中山大学孙逸仙纪念医院/照片/蔡雷琴-内分泌内科-主治医师-中山大学孙逸仙纪念医院.jpg,302126,699a706a5abfe0e2ea563e1bb75c9a1c9c69e56f667e7da8b9a8fcb7d25480fb,659,899,FULL_FETCH,
王培,https://www.gzsys.org.cn/node/19811,实采,,https://www.gzsys.org.cn/sites/syshospital.prod.sysucloud1.sysu.edu.cn/files/doctor/14528.jpg,01_试点医院/中山大学孙逸仙纪念医院/照片/王培-健康管理中心-主治医师-中山大学孙逸仙纪念医院.jpg,12595,b7e2b5f2bc101144921a15eb3da2c9c35559782ff8459ab22a3df44558f0e77f,343,481,FULL_FETCH,
李奇观,https://www.gzsys.org.cn/node/19812,实采,,https://www.gzsys.org.cn/sites/syshospital.prod.sysucloud1.sysu.edu.cn/files/doctor/15793.jpg,01_试点医院/中山大学孙逸仙纪念医院/照片/李奇观-健康管理中心-主治医师-中山大学孙逸仙纪念医院.jpg,76058,f0d73027a6b3a16191542809c410f4bb155eca47ee2745f0454ed7391651285c,319,449,FULL_FETCH,
韦丽娅,https://www.gzsys.org.cn/node/19813,实采,,https://www.gzsys.org.cn/sites/syshospital.prod.sysucloud1.sysu.edu.cn/files/doctor/13059.jpg,01_试点医院/中山大学孙逸仙纪念医院/照片/韦丽娅-健康管理中心-主治医师-中山大学孙逸仙纪念医院.jpg,33346,3790b9dd9b3cfb1b57a67f784cafd6a0acfde5c62a19778dde9ca3478877bd91,390,567,FULL_FETCH,
梅静思,https://www.gzsys.org.cn/node/17013,失败,占位图,,,,,,,FULL_FETCH,占位图
聂晓露,https://www.gzsys.org.cn/doctor/15451,失败,占位图,,,,,,,FULL_FETCH,占位图
欧榕琼,https://www.gzsys.org.cn/doctor/15854,实采,,https://www.gzsys.org.cn/sites/syshospital.prod.sysucloud1.sysu.edu.cn/files/doctor/12714.jpg,01_试点医院/中山大学孙逸仙纪念医院/照片/欧榕琼-儿科风湿免疫专科-主治医师-中山大学孙逸仙纪念医院.jpg,223654,3524d65dd3fb98196c98ab089bf95f770bf6634a8368f7f1840cc5d800bff604,615,860,FULL_FETCH,
谭浪平,https://www.gzsys.org.cn/doctor/15544,实采,,https://www.gzsys.org.cn/sites/syshospital.prod.sysucloud1.sysu.edu.cn/files/doctor/15596.png,01_试点医院/中山大学孙逸仙纪念医院/照片/谭浪平-甲状腺外科-主治医师-中山大学孙逸仙纪念医院.png,119151,79aabb329bb18af1aab3f9ec65e60a0477de8152d62ffd0aea96ee95750f5003,260,378,FULL_FETCH,
王海燕,https://www.gzsys.org.cn/node/15453,实采,,https://www.gzsys.org.cn/sites/syshospital.prod.sysucloud1.sysu.edu.cn/files/doctor/14385.png,01_试点医院/中山大学孙逸仙纪念医院/照片/王海燕-儿科风湿免疫专科-主治医师-中山大学孙逸仙纪念医院.png,2048687,1b0b6d4b718f24d20064ad96e3ecdf12b931fee520fc1048b6b9f73ad39ee928,1391,1948,FULL_FETCH,
刘擘,https://www.gzsys.org.cn/node/18538,实采,,https://www.gzsys.org.cn/sites/syshospital.prod.sysucloud1.sysu.edu.cn/files/doctor/13895.jpg,01_试点医院/中山大学孙逸仙纪念医院/照片/刘擘-肾内科-主治医师-中山大学孙逸仙纪念医院.jpg,25120,c31849f4bc3ad4235af89a2a6d2bdb414f6ca54fc2412c8fcbb25f543526f04c,294,412,FULL_FETCH,
张露,https://www.gzsys.org.cn/node/17024,失败,占位图,,,,,,,FULL_FETCH,占位图
李敬彦,https://www.gzsys.org.cn/node/17003,实采,,https://www.gzsys.org.cn/sites/syshospital.prod.sysucloud1.sysu.edu.cn/files/doctor/15537.jpg,01_试点医院/中山大学孙逸仙纪念医院/照片/李敬彦-核医学科-主治医师-中山大学孙逸仙纪念医院.jpg,2556815,79b33999628690bc966c76a679d8d692140a9c45330ca50e8ccc8574fb0e6113,2793,4190,FULL_FETCH,
李凌,https://www.gzsys.org.cn/node/17004,失败,占位图,,,,,,,FULL_FETCH,占位图
杨荟,https://www.gzsys.org.cn/doctor/15424,实采,,https://www.gzsys.org.cn/sites/syshospital.prod.sysucloud1.sysu.edu.cn/files/doctor/13934.jpg,01_试点医院/中山大学孙逸仙纪念医院/照片/杨荟-肾内科-主治医师-中山大学孙逸仙纪念医院.jpg,388685,b806e738c3af6cd0f1ecb28dc80b85e6c5650c08542cecfd9961ea291a68ac77,1378,2087,FULL_FETCH,
张黎黎,https://www.gzsys.org.cn/doctor/15376,实采,,https://www.gzsys.org.cn/sites/syshospital.prod.sysucloud1.sysu.edu.cn/files/doctor/13126.jpg,01_试点医院/中山大学孙逸仙纪念医院/照片/张黎黎-肾内科-主治医师-中山大学孙逸仙纪念医院.jpg,805671,82fb43ea1c82593b35577f489b8fa8babe24e9b79544b3813eb8ab157ca5ea06,1885,2348,FULL_FETCH,
王稳健,https://www.gzsys.org.cn/doctor/35422,实采,,https://www.gzsys.org.cn/sites/syshospital.prod.sysucloud1.sysu.edu.cn/files/%E7%8E%8B%E7%A8%B3%E5%81%A5.jpg,01_试点医院/中山大学孙逸仙纪念医院/照片/王稳健-胸外科-主治医师-中山大学孙逸仙纪念医院.png,554863,f191e5f121c466cf951df21e544dc00f8de042973d9346cd192ec5cb6d515a2a,1280,1280,FULL_FETCH,
彭丽琴,https://www.gzsys.org.cn/doctor/32792,实采,,https://www.gzsys.org.cn/sites/syshospital.prod.sysucloud1.sysu.edu.cn/files/%E5%BD%AD%E4%B8%BD%E7%90%B4.jpg,01_试点医院/中山大学孙逸仙纪念医院/照片/彭丽琴-风湿免疫科-主治医师-中山大学孙逸仙纪念医院.jpg,421853,807dc9bb57974d13c8b48f878a205880fe698233a60db16a4a4407ffbc7e0e19,899,1259,FULL_FETCH,
李梓敬,https://www.gzsys.org.cn/doctor/15536,失败,占位图,,,,,,,FULL_FETCH,占位图
陈乐锋,https://www.gzsys.org.cn/doctor/15492,实采,,https://www.gzsys.org.cn/sites/syshospital.prod.sysucloud1.sysu.edu.cn/files/doctor/15945.JPG,01_试点医院/中山大学孙逸仙纪念医院/照片/陈乐锋-风湿免疫科-主治医师-中山大学孙逸仙纪念医院.jpg,1485764,f40f2d99a8adb9a7f29505c469b6684037606e9abbcbbd217f94078e170ae352,2105,3070,FULL_FETCH,
余韵,https://www.gzsys.org.cn/doctor/15513,失败,占位图,,,,,,,FULL_FETCH,占位图
韦秀宁,https://www.gzsys.org.cn/doctor/15406,实采,,https://www.gzsys.org.cn/sites/syshospital.prod.sysucloud1.sysu.edu.cn/files/doctor/13495.jpg,01_试点医院/中山大学孙逸仙纪念医院/照片/韦秀宁-风湿免疫科-主治医师-中山大学孙逸仙纪念医院.jpg,57931,c2727e39e34c280dfcc44330034a880cdee0336f19df988961de0ea92d2f8cee,413,626,FULL_FETCH,
李明,https://www.gzsys.org.cn/doctor/33228,实采,,https://www.gzsys.org.cn/sites/syshospital.prod.sysucloud1.sysu.edu.cn/files/%E6%9D%8E%E6%98%8E%20%E8%84%8A%E6%9F%B1%E5%A4%96%E7%A7%91.jpg,01_试点医院/中山大学孙逸仙纪念医院/照片/李明-骨外科-主治医师-中山大学孙逸仙纪念医院.jpg,2024720,475e54c394406b178653aee09bc96210e711c465fa2c6c1234036f26648f40a3,2953,4134,FULL_FETCH,
蔡志清,https://www.gzsys.org.cn/node/17028,失败,占位图,,,,,,,FULL_FETCH,占位图
李忠军,https://www.gzsys.org.cn/node/22712,实采,,https://www.gzsys.org.cn/sites/syshospital.prod.sysucloud1.sysu.edu.cn/files/%E6%9D%8E%E5%BF%A0%E5%86%9B.jpg,01_试点医院/中山大学孙逸仙纪念医院/照片/李忠军-神经外科-主治医师-中山大学孙逸仙纪念医院.jpg,136031,23c77b06d58f4fa4b02f5d8f2653be67ba46fa0b6c23394538aa9ceb56ac318b,390,567,FULL_FETCH,
何明亮,https://www.gzsys.org.cn/node/16999,失败,占位图,,,,,,,FULL_FETCH,占位图
刘正豪,https://www.gzsys.org.cn/node/17011,失败,占位图,,,,,,,FULL_FETCH,占位图
王永振,https://www.gzsys.org.cn/node/18241,实采,,https://www.gzsys.org.cn/sites/syshospital.prod.sysucloud1.sysu.edu.cn/files/doctor/17543.jpg,01_试点医院/中山大学孙逸仙纪念医院/照片/王永振-整形外科-主治医师-中山大学孙逸仙纪念医院.jpg,34918,076ef316b57aad07a99af1227e85b9988a9988a3da6d1d5f5bcc3e2831a6b1f7,400,533,FULL_FETCH,
苏正,https://www.gzsys.org.cn/node/15565,实采,,https://www.gzsys.org.cn/sites/syshospital.prod.sysucloud1.sysu.edu.cn/files/doctor/17311.jpg,01_试点医院/中山大学孙逸仙纪念医院/照片/苏正-整形外科-主治医师-中山大学孙逸仙纪念医院.jpg,391683,9ab48160fa803e43eba0cb44450b163ccd9582f6beb34a0b302ad37130e2f510,2038,2854,FULL_FETCH,
张剑,https://www.gzsys.org.cn/doctor/15501,实采,,https://www.gzsys.org.cn/sites/syshospital.prod.sysucloud1.sysu.edu.cn/files/doctor/16334.png,01_试点医院/中山大学孙逸仙纪念医院/照片/张剑-整形外科-主治医师-中山大学孙逸仙纪念医院.png,939762,b0e4218e6fa1ae9d7f0fb7f28d5841cef612516077c4a233182320fc2578e4d7,944,1433,FULL_FETCH,
林秀红,https://www.gzsys.org.cn/doctor/15438,实采,,https://www.gzsys.org.cn/sites/syshospital.prod.sysucloud1.sysu.edu.cn/files/doctor/13977.png,01_试点医院/中山大学孙逸仙纪念医院/照片/林秀红-临床营养科-主治医师-中山大学孙逸仙纪念医院.png,43483,0ad0e022061024a82a3c11d4af846c921c150f1028cff5592d08f2cbbf0b38c2,163,243,FULL_FETCH,
万欢,https://www.gzsys.org.cn/node/25212,实采,,https://www.gzsys.org.cn/sites/syshospital.prod.sysucloud1.sysu.edu.cn/files/%E5%BE%AE%E4%BF%A1%E5%9B%BE%E7%89%87_20240104170523_%E5%89%AF%E6%9C%AC.jpg,01_试点医院/中山大学孙逸仙纪念医院/照片/万欢-细胞分子诊断中心-主治医师-中山大学孙逸仙纪念医院.jpg,1974546,d3d3f78dc0150c47af3b9d8a0333177748faab36b9e07874081003edca113011,2505,3659,FULL_FLICKER_PROBE_REUSE,
邱荣林,https://www.gzsys.org.cn/node/18542,实采,,https://www.gzsys.org.cn/sites/syshospital.prod.sysucloud1.sysu.edu.cn/files/doctor/13937.jpg,01_试点医院/中山大学孙逸仙纪念医院/照片/邱荣林-小儿外科-主治医师-中山大学孙逸仙纪念医院.jpg,11528,483d1e06fb1bad3c732e842434ccf5cfa013f92e081b9018706b78df63049481,304,428,FULL_FETCH,
彭晴霞,https://www.gzsys.org.cn/node/15511,实采,,https://www.gzsys.org.cn/sites/syshospital.prod.sysucloud1.sysu.edu.cn/files/15973_0.jpg,01_试点医院/中山大学孙逸仙纪念医院/照片/彭晴霞-神经科-主治医师-中山大学孙逸仙纪念医院.jpg,56645,cf72efd36d6fe2f9bca14ec1b9b75fbb0527b236f004409b01cf550374991a75,413,626,FULL_FETCH,
陈颖,https://www.gzsys.org.cn/node/15468,实采,,https://www.gzsys.org.cn/sites/syshospital.prod.sysucloud1.sysu.edu.cn/files/15936.jpg,01_试点医院/中山大学孙逸仙纪念医院/照片/陈颖-神经科-主治医师-中山大学孙逸仙纪念医院.jpg,64148,d88e83acc533292e1590b94b189db9bc48bd1acf3bd42e36b05f73e822772acc,413,626,FULL_FETCH,
麦岚,https://www.gzsys.org.cn/node/17012,失败,占位图,,,,,,,FULL_FETCH,占位图
刘艳琼,https://www.gzsys.org.cn/node/17009,失败,占位图,,,,,,,FULL_FETCH,占位图
植耀炜,https://www.gzsys.org.cn/node/17025,失败,占位图,,,,,,,FULL_FETCH,占位图
周林,https://www.gzsys.org.cn/node/17026,失败,占位图,,,,,,,FULL_FETCH,占位图
康梦如,https://www.gzsys.org.cn/doctor/15517,实采,,https://www.gzsys.org.cn/sites/syshospital.prod.sysucloud1.sysu.edu.cn/files/doctor/15631.png,01_试点医院/中山大学孙逸仙纪念医院/照片/康梦如-中医科-主治医师-中山大学孙逸仙纪念医院.png,161914,fd06d2c4a1ce41bf3cd0314635e3e8104785b9d61c6423b351e6f3b9b89a80c1,401,576,FULL_FETCH,
胡星云,https://www.gzsys.org.cn/node/18243,实采,,https://www.gzsys.org.cn/sites/syshospital.prod.sysucloud1.sysu.edu.cn/files/doctor/15646.jpg,01_试点医院/中山大学孙逸仙纪念医院/照片/胡星云-全科医学科一科-主治医师-中山大学孙逸仙纪念医院.jpg,220600,ba826fd99cc6c20a732912ac9b8688af051a9dd33419d25c511ece802b47ea4c,780,1134,FULL_FETCH,
王澄,https://www.gzsys.org.cn/node/16772,实采,,https://www.gzsys.org.cn/sites/syshospital.prod.sysucloud1.sysu.edu.cn/files/doctor/22399.jpg,01_试点医院/中山大学孙逸仙纪念医院/照片/王澄-临床营养科-医师-中山大学孙逸仙纪念医院.jpg,75040,8f32ca7e4ac3b6a9f97e6717e13831f93912ee85554485d3c1aca0701d71bb94,1080,1512,FULL_FETCH,
邱绮,https://www.gzsys.org.cn/doctor/15480,实采,,https://www.gzsys.org.cn/sites/syshospital.prod.sysucloud1.sysu.edu.cn/files/doctor/15534.jpg,01_试点医院/中山大学孙逸仙纪念医院/照片/邱绮-妇科生殖内分泌专科-主治医师-中山大学孙逸仙纪念医院.jpg,5105449,d8b4d015f173c3158c5e1ac33b2271138f8acdeef71a7362eeac532cf30ac222,2400,3600,FULL_FETCH,
梁中锟,https://www.gzsys.org.cn/doctor/15401,实采,,https://www.gzsys.org.cn/sites/syshospital.prod.sysucloud1.sysu.edu.cn/files/doctor/13903.jpg,01_试点医院/中山大学孙逸仙纪念医院/照片/梁中锟-妇科生殖内分泌专科-主治医师-中山大学孙逸仙纪念医院.jpg,5530814,c4ec6bb5d9a6e1d646aa6e481cc06363431dcd4dcd28c2c710dedc51b5cd12d7,2400,3600,FULL_FETCH,
陈雪贞,https://www.gzsys.org.cn/doctor/15857,实采,,https://www.gzsys.org.cn/sites/syshospital.prod.sysucloud1.sysu.edu.cn/files/doctor/15506.jpg,01_试点医院/中山大学孙逸仙纪念医院/照片/陈雪贞-儿科心血管专科-主治医师-中山大学孙逸仙纪念医院.jpg,3283696,34047fb715dc69fa2e8abd8b115ec6f2ee1a44fda43979da4234f40e82940675,2718,3665,FULL_FETCH,
常瑞明,https://www.gzsys.org.cn/node/14716,实采,,https://www.gzsys.org.cn/sites/syshospital.prod.sysucloud1.sysu.edu.cn/files/doctor/11997.jpg,01_试点医院/中山大学孙逸仙纪念医院/照片/常瑞明-健康体检中心-副主任医师-中山大学孙逸仙纪念医院.jpg,323464,ef84c630a561675bb2eab1868d7bbd7c099f44a0bcceda50bcd41a5b90ec690c,768,1024,TRIAL_REUSE,
李键芬,https://www.gzsys.org.cn/node/24210,实采,,https://www.gzsys.org.cn/sites/syshospital.prod.sysucloud1.sysu.edu.cn/files/%E5%8C%BB%E7%94%9F%E7%85%A7%E7%89%87.jpg,01_试点医院/中山大学孙逸仙纪念医院/照片/李键芬-心血管外科-医师-中山大学孙逸仙纪念医院.jpg,265070,4b474b22e4a2116452b7ba234928f2bf6514f894bfe97bb8a16c49e5cdea8ad6,1191,1786,FULL_FETCH,
王科喜,https://www.gzsys.org.cn/doctor/35441,实采,,https://www.gzsys.org.cn/sites/syshospital.prod.sysucloud1.sysu.edu.cn/files/%E7%8E%8B%E7%A7%91%E5%96%9C.jpg,01_试点医院/中山大学孙逸仙纪念医院/照片/王科喜-胸外科-医师-中山大学孙逸仙纪念医院.jpg,1891715,7c850b2ff777471ccbb3d104130f5507477d5a2d64a0da4957a7d8fc959888d0,2953,4134,FULL_FETCH,
王靖淞,https://www.gzsys.org.cn/node/24151,实采,,https://www.gzsys.org.cn/sites/syshospital.prod.sysucloud1.sysu.edu.cn/files/%E7%8E%8B%E5%8A%B2%E6%9D%BE.jpg,01_试点医院/中山大学孙逸仙纪念医院/照片/王靖淞-骨外科-医师-中山大学孙逸仙纪念医院.jpg,1000604,657c8fb359fc3a2b7b9df8faba2d4fe3eb8ec8b336df9e18a33a83f1a178fa88,2335,3536,FULL_FETCH,
梁育玮,https://www.gzsys.org.cn/node/24010,实采,,https://www.gzsys.org.cn/sites/syshospital.prod.sysucloud1.sysu.edu.cn/files/fileUpload_2.jpg,01_试点医院/中山大学孙逸仙纪念医院/照片/梁育玮-骨外科-医师-中山大学孙逸仙纪念医院.jpg,92191,c81b088ebde66462146c4e7108a588e78418044b6011522497af164c685fc000,1050,1350,FULL_FETCH,
邵莉滨,https://www.gzsys.org.cn/doctor/29579,实采,,https://www.gzsys.org.cn/sites/syshospital.prod.sysucloud1.sysu.edu.cn/files/%E9%82%B5%E8%8E%89%E6%BB%A8.jpg,01_试点医院/中山大学孙逸仙纪念医院/照片/邵莉滨-口腔科-医师-中山大学孙逸仙纪念医院.jpg,52130,7743e72c3ec5ddec7bd29bc7aeb730d117c9f6fcc3171477cad10ffaccfd820d,1280,1280,FULL_FETCH,
王静,https://www.gzsys.org.cn/doctor/15566,失败,占位图,,,,,,,FULL_FETCH,占位图
林少丹,https://www.gzsys.org.cn/node/17007,失败,占位图,,,,,,,FULL_FETCH,占位图
陈钦标,https://www.gzsys.org.cn/node/16994,失败,占位图,,,,,,,FULL_FETCH,占位图
廖文华,https://www.gzsys.org.cn/node/17006,失败,占位图,,,,,,,FULL_FETCH,占位图
戴佳颖,https://www.gzsys.org.cn/node/16996,失败,占位图,,,,,,,FULL_FETCH,占位图
肖颂华,https://www.gzsys.org.cn/node/15278,实采,,https://www.gzsys.org.cn/sites/syshospital.prod.sysucloud1.sysu.edu.cn/files/fileUpload_5.jpg,01_试点医院/中山大学孙逸仙纪念医院/照片/肖颂华-神经科-主任医师-中山大学孙逸仙纪念医院.jpg,92465,2f6378789937ca71a21b5bcbe40cef25f4df8ef4dce35feb32baa9701d502cc7,1184,1333,FULL_FETCH,
余孝丽,https://www.gzsys.org.cn/node/27187,实采,,https://www.gzsys.org.cn/sites/syshospital.prod.sysucloud1.sysu.edu.cn/files/fileUpload_15.jpg,01_试点医院/中山大学孙逸仙纪念医院/照片/余孝丽-肿瘤科放疗专科-副主任医师-中山大学孙逸仙纪念医院.jpg,136359,0464d7b92c57a13dfca4d7c71c6aa8f87ae7cb79853060be4ca3d103aa3099db,1280,1792,FULL_FETCH,
