姓名,来源链接,状态,失败三态,照片链接,照片文件,字节数,SHA-256,魔数,宽,高,错误证据
屈丽波,https://www.sysu5.cn/medical-service/department-expert/doctor/10705,实采,,https://www.sysu5.cn/sites/default/files/styles/watermark/public/2024-07/1595443257739804938.jpg?itok=n8JujVyf,01_试点医院/中山大学附属第五医院/照片/屈丽波-中医科-副主任医师-中山大学附属第五医院.jpg,198724,7711dff05f3a04bc1d09aa5b996a3fd662593bdae78e0043cf39f42a8c427d05,FFD8FFE000104A4649460001,593,756,
张玉龙,https://www.sysu5.cn/medical-service/department-expert/doctor/10710,实采,,https://www.sysu5.cn/sites/default/files/styles/watermark/public/2024-07/20231227153436028.jpg?itok=1QiSP_cz,01_试点医院/中山大学附属第五医院/照片/张玉龙-中医科-医师-中山大学附属第五医院.jpg,386158,e530a3bed5244e4cbdbe9dde37d8221aa39e1bc073d902ff3bc0e305f562bbd1,FFD8FFE000104A4649460001,896,1228,
张维颖,https://www.sysu5.cn/medical-service/department-expert/doctor/10704,实采,,https://www.sysu5.cn/sites/default/files/styles/watermark/public/2024-07/1595442976918084001.jpg?itok=19fopMlu,01_试点医院/中山大学附属第五医院/照片/张维颖-中医科-主任医师-中山大学附属第五医院.jpg,175700,41ba4e7ce4fa6a3882efa62baa36fb336836faf83078f1e523a28f8c5ebadf11,FFD8FFE000104A4649460001,593,756,
李安,https://www.sysu5.cn/medical-service/department-expert/doctor/10707,实采,,https://www.sysu5.cn/sites/default/files/styles/watermark/public/2024-07/1449461570118258286.jpg?itok=gb3nLTqG,01_试点医院/中山大学附属第五医院/照片/李安-中医科-副主任医师-中山大学附属第五医院.jpg,160763,fa974f32ea839a748fa7ecb4ebf8c7eaa0758041cd2ef104979da3035ba3d8b0,FFD8FFE000104A4649460001,593,756,
李胜桥,https://www.sysu5.cn/medical-service/department-expert/doctor/10703,实采,,https://www.sysu5.cn/sites/default/files/styles/watermark/public/2024-07/1595442352042135882.jpg?itok=5nTJncXO,01_试点医院/中山大学附属第五医院/照片/李胜桥-中医科-未标注-中山大学附属第五医院.jpg,53671,9ceb6e155f8fea8f734763ef6449ddc9222a5d0f312bd648dfc0af8306ecdc72,FFD8FFE000104A4649460001,390,567,
杨璇,https://www.sysu5.cn/medical-service/department-expert/doctor/10708,实采,,https://www.sysu5.cn/sites/default/files/styles/watermark/public/2024-07/1595445017390889777.jpg?itok=MCiTGm1h,01_试点医院/中山大学附属第五医院/照片/杨璇-中医科-主治医师-中山大学附属第五医院.jpg,151280,660d7958bc298132bff577e83eb9e989ce9b6c16e20ba24efc16b19cdc2d5eeb,FFD8FFE000104A4649460001,593,756,
胡向阳,https://www.sysu5.cn/medical-service/department-expert/doctor/10706,实采,,https://www.sysu5.cn/sites/default/files/styles/watermark/public/2024-07/1595443544368521737.jpg?itok=87QClkuq,01_试点医院/中山大学附属第五医院/照片/胡向阳-中医科-副主任医师-中山大学附属第五医院.jpg,185265,a916b33e1a094b73eb09fa08ebaff288afe7daa6cecde724abba27bfbd4215f1,FFD8FFE000104A4649460001,593,756,
曾奇,https://www.sysu5.cn/medical-service/department-expert/doctor/10309,实采,,https://www.sysu5.cn/sites/default/files/styles/watermark/public/2024-11/20240705115332498.jpg?itok=8gTo-lAs,01_试点医院/中山大学附属第五医院/照片/曾奇-中医肿瘤科-主任医师-中山大学附属第五医院.jpg,66467,2af22df5cf87d951d14d5f7589b919f3a9dcd1fd9ab9a01cec62aa7d20989f78,FFD8FFE000104A4649460001,385,539,
韩宗萍,https://www.sysu5.cn/medical-service/department-expert/doctor/10837,实采,,https://www.sysu5.cn/sites/default/files/styles/watermark/public/2024-11/20240723170705207.jpg?itok=t8sBWUQb,01_试点医院/中山大学附属第五医院/照片/韩宗萍-临床营养科-副主任医师-中山大学附属第五医院.jpg,327433,d88fa95e914fd179b077f382f566e1c5d25a0b15a9b0df16f738327276ab7e8b,FFD8FFE000104A4649460001,1181,1656,
彭培建,https://www.sysu5.cn/medical-service/department-expert/doctor/10470,实采,,https://www.sysu5.cn/sites/default/files/styles/watermark/public/2024-07/1594145490809333821.png?itok=77kxf-5C,01_试点医院/中山大学附属第五医院/照片/彭培建-乳腺肿瘤内科-主任医师-中山大学附属第五医院.png,155898,0acd1d32b71523048b0380389afee48f7579cd80e1ef5f691785da4390b6a495,89504E470D0A1A0A0000000D,390,458,
徐晓露,https://www.sysu5.cn/medical-service/department-expert/doctor/14096,实采,,https://www.sysu5.cn/sites/default/files/styles/watermark/public/2026-07/%E5%BE%90%E6%99%93%E9%9C%B2%EF%BC%88185284%EF%BC%8920260708.jpg?itok=Qo_g9Y4Z,01_试点医院/中山大学附属第五医院/照片/徐晓露-乳腺肿瘤内科-医师-中山大学附属第五医院.jpg,591199,898784303439634a2270c6494bf738400ef5b459633ec31dc75e0f1491b880bc,FFD8FFE000104A4649460001,1000,1500,
李志平,https://www.sysu5.cn/medical-service/department-expert/doctor/13128,实采,,https://www.sysu5.cn/sites/default/files/styles/watermark/public/2026-01/%E6%9D%8E%E5%BF%97%E5%B9%B320260116.png?itok=WC7neTf7,01_试点医院/中山大学附属第五医院/照片/李志平-乳腺肿瘤内科-医师-中山大学附属第五医院.png,239272,aa0c831dea23e1eff34df91793e0170f75bff17ec439b87b7221dc66c508e2e8,89504E470D0A1A0A0000000D,483,590,
肖妹,https://www.sysu5.cn/medical-service/department-expert/doctor/10472,实采,,https://www.sysu5.cn/sites/default/files/styles/watermark/public/2025-08/%E8%82%96%E5%A6%B920250828.png?itok=I2HkMz8S,01_试点医院/中山大学附属第五医院/照片/肖妹-乳腺肿瘤内科-主治医师-中山大学附属第五医院.png,279024,b669ba9174d658c3520adf7a96d651f29ef9f77aab4c33f63cf597c61327cc74,89504E470D0A1A0A0000000D,398,587,
刘婕,https://www.sysu5.cn/medical-service/department-expert/doctor/13143,实采,,https://www.sysu5.cn/sites/default/files/styles/watermark/public/2025-11/11%E3%80%81%E5%88%98%E5%A9%95.jpg?itok=3i2HmG_3,01_试点医院/中山大学附属第五医院/照片/刘婕-产科-主治医师-中山大学附属第五医院.jpg,125614,0a4a0901e9e8b81ca1e010278c49f7407576c2e7f0482da5ccdb7c37e3e791e8,FFD8FFE000104A4649460001,413,626,
王莉,https://www.sysu5.cn/medical-service/department-expert/doctor/9108,实采,,https://www.sysu5.cn/sites/default/files/styles/watermark/public/2024-07/1612726913074176486.jpg?itok=XaiKihUC,01_试点医院/中山大学附属第五医院/照片/王莉-产科-主任医师-中山大学附属第五医院.jpg,91058,325c685b5ce081eb403c2e98ab1b845f23bb3d5251a6881ee9647e98e664b11e,FFD8FFE000104A4649460001,390,538,
臧潇潇,https://www.sysu5.cn/medical-service/department-expert/doctor/11714,实采,,https://www.sysu5.cn/sites/default/files/styles/watermark/public/2025-03/%E8%87%A7%E6%BD%87%E6%BD%87.jpg?itok=w6izhu6h,01_试点医院/中山大学附属第五医院/照片/臧潇潇-产科-主治医师-中山大学附属第五医院.jpg,213325,bab2ba4b2eaaef5e859140dce7463c597a5b1810f8b405909b8ba079e1c3cbe9,FFD8FFE000104A4649460001,600,908,
苏新威,https://www.sysu5.cn/medical-service/department-expert/doctor/14193,实采,,https://www.sysu5.cn/sites/default/files/styles/watermark/public/2026-07/%E8%8B%8F%E6%96%B0%E5%A8%81%EF%BC%88175322%EF%BC%8920260728.png?itok=5X4Akyfl,01_试点医院/中山大学附属第五医院/照片/苏新威-产科-主治医师-中山大学附属第五医院.png,200301,6964afb215167d127da18ca98c96805de0ae0ee6fa9e019784cde5db08cdd1ed,89504E470D0A1A0A0000000D,410,608,
袁琦文,https://www.sysu5.cn/medical-service/department-expert/doctor/9110,实采,,https://www.sysu5.cn/sites/default/files/styles/watermark/public/2024-07/20220313145157743.jpg?itok=LHrlk-6_,01_试点医院/中山大学附属第五医院/照片/袁琦文-产科-副主任医师-中山大学附属第五医院.jpg,104190,294caaf55218b54d76dcea232feb3b2545a844e836c2496d008fe8ad81412c57,FFD8FFE000104A4649460001,390,539,
陈乐,https://www.sysu5.cn/medical-service/department-expert/doctor/9112,实采,,https://www.sysu5.cn/sites/default/files/styles/watermark/public/2024-07/20220107140006538.jpg?itok=CXpRvkf8,01_试点医院/中山大学附属第五医院/照片/陈乐-产科-副主任医师-中山大学附属第五医院.jpg,44804,376e61a91bb0ca1de66ef4371068605463e0d783f003287f7be868deb5e539d4,FFD8FFE000104A4649460001,319,449,
伍俊,https://www.sysu5.cn/medical-service/department-expert/doctor/10161,实采,,https://www.sysu5.cn/sites/default/files/styles/watermark/public/2024-07/1594926354322309559.jpg?itok=m6VrgHsw,01_试点医院/中山大学附属第五医院/照片/伍俊-儿科-主治医师-中山大学附属第五医院.jpg,171743,6dfaebce730d1ea6fd5cf0dfe4f1f58083fa8ac05ed70b72e0ac52e1d40331ed,FFD8FFE000104A4649460001,593,756,
周传新,https://www.sysu5.cn/medical-service/department-expert/doctor/10018,实采,,https://www.sysu5.cn/sites/default/files/styles/watermark/public/2024-07/1594917769280090718.jpg?itok=bN8mlgKg,01_试点医院/中山大学附属第五医院/照片/周传新-儿科-主任医师-中山大学附属第五医院.jpg,166530,976d8d72c04434bf67de39418a63028200ba1bd38444dacba4e5ee60c0843aed,FFD8FFE000104A4649460001,593,756,
孙平静,https://www.sysu5.cn/medical-service/department-expert/doctor/13040,实采,,https://www.sysu5.cn/sites/default/files/styles/watermark/public/2025-10/%E5%AD%99%E5%B9%B3%E9%9D%99%20%E5%84%BF%E7%A7%91%2020251021.png?itok=KTG64h_L,01_试点医院/中山大学附属第五医院/照片/孙平静-儿科-主治医师-中山大学附属第五医院.png,397091,3b10cd6c1cdb09d2a0a6f0f3ad349ad59296ef5ceb8b82a7344f6169c909ff0c,89504E470D0A1A0A0000000D,511,588,
宋洁,https://www.sysu5.cn/medical-service/department-expert/doctor/10278,实采,,https://www.sysu5.cn/sites/default/files/styles/watermark/public/2024-07/1597708472378977039.jpg?itok=l6IxQmUM,01_试点医院/中山大学附属第五医院/照片/宋洁-儿科-主治医师-中山大学附属第五医院.jpg,310785,42ec8b8fc546d35eda34ae2eacd555d557d719fdc71b0ddd5dd4cf8cca09de0d,FFD8FFE000104A4649460001,800,1163,
杨帆,https://www.sysu5.cn/medical-service/department-expert/doctor/13041,实采,,https://www.sysu5.cn/sites/default/files/styles/watermark/public/2025-10/%E6%9D%A8%E5%B8%8620251021.png?itok=OJL6fKma,01_试点医院/中山大学附属第五医院/照片/杨帆-儿科-主治医师-中山大学附属第五医院.png,270991,83c5b1bb66c201e0badc477c7f3beb53e3aba16d6d1fdbba8f3142517dd4de42,89504E470D0A1A0A0000000D,416,581,
杨轶男,https://www.sysu5.cn/medical-service/department-expert/doctor/10141,实采,,https://www.sysu5.cn/sites/default/files/styles/watermark/public/2024-07/20230912145859932.jpg?itok=UflhKK7A,01_试点医院/中山大学附属第五医院/照片/杨轶男-儿科-主任医师-中山大学附属第五医院.jpg,74176,e44618542f46c65fa1079abde361f4f4bc9d4d8bb2f375a0f46f7414b8045ee5,FFD8FFE000104A4649460001,390,567,
王华芳,https://www.sysu5.cn/medical-service/department-expert/doctor/10886,实采,,https://www.sysu5.cn/sites/default/files/styles/watermark/public/2026-05/%E5%84%BF%E7%A7%91%20%E7%8E%8B%E5%8D%8E%E8%8A%B3%2020250519.jpg?itok=VebXx4HC,01_试点医院/中山大学附属第五医院/照片/王华芳-儿科-主治医师-中山大学附属第五医院.jpg,93939,8632e1bba79b986d2f4c0131a741520fbc9d94fc0868facb14c1cfe9892ce2e8,FFD8FFE000104A4649460001,545,751,
王筱燕,https://www.sysu5.cn/medical-service/department-expert/doctor/13127,实采,,https://www.sysu5.cn/sites/default/files/styles/watermark/public/2025-11/%E7%8E%8B%E7%AD%B1%E7%87%95%20%E5%84%BF%E7%A7%91.jpg?itok=UEz0wAIM,01_试点医院/中山大学附属第五医院/照片/王筱燕-儿科-医师-中山大学附属第五医院.jpg,243358,0ae99b2c3c638cc67adac0af6d94fb18e2487271bfd7fc83ea5c1947e0c16260,FFD8FFE000104A4649460001,796,1024,
邓治中,https://www.sysu5.cn/medical-service/department-expert/doctor/10265,实采,,https://www.sysu5.cn/sites/default/files/styles/watermark/public/2024-07/1594926483599381942.jpg?itok=WDqOsubt,01_试点医院/中山大学附属第五医院/照片/邓治中-儿科-主治医师-中山大学附属第五医院.jpg,148654,3f66a8e2b8b6d9c6110a61694c23472f2e9c4c8bed2f8e9d3b8b4015ab44a61c,FFD8FFE000104A4649460001,593,756,
邵晶晶,https://www.sysu5.cn/medical-service/department-expert/doctor/10873,实采,,https://www.sysu5.cn/sites/default/files/styles/watermark/public/2024-07/1533596464324822721.jpg?itok=Qxz1OuQx,01_试点医院/中山大学附属第五医院/照片/邵晶晶-儿科-副主任医师-中山大学附属第五医院.jpg,56828,2fccacb271db3ee5cfc5d93a8814a395a57a1d57f5195c171cac38522eb036b0,FFD8FFE000104A4649460001,390,572,
郑方芳,https://www.sysu5.cn/medical-service/department-expert/doctor/9938,实采,,https://www.sysu5.cn/sites/default/files/styles/watermark/public/2024-07/1449474079255167638.jpg?itok=Rh4uItD6,01_试点医院/中山大学附属第五医院/照片/郑方芳-儿科-副主任医师-中山大学附属第五医院.jpg,84444,0ca18ff6dead42a64165e6251cbac4528000c09142de71ab409bb8e3e44fad21,FFD8FFE000104A4649460001,375,480,
郭杨斌,https://www.sysu5.cn/medical-service/department-expert/doctor/12880,实采,,https://www.sysu5.cn/sites/default/files/styles/watermark/public/2025-09/%E9%83%AD%E6%9D%A8%E6%96%8C20250911%E6%96%B0.png?itok=fLaklCBy,01_试点医院/中山大学附属第五医院/照片/郭杨斌-儿科-主治医师-中山大学附属第五医院.png,247893,924cfbb51c8d79bb79b83ad837531d652ed6bde1ae6060ca7c21e44b4137567a,89504E470D0A1A0A0000000D,399,545,
郭毅,https://www.sysu5.cn/medical-service/department-expert/doctor/10019,实采,,https://www.sysu5.cn/sites/default/files/styles/watermark/public/2024-07/20220107140052739.jpg?itok=EH4onN3e,01_试点医院/中山大学附属第五医院/照片/郭毅-儿科-主任医师-中山大学附属第五医院.jpg,358010,2ad0df589587e03b8b01fdf5a05b9f1c96b1196ef32760afcaaa53042c44e2cb,FFD8FFE000104A4649460001,768,1063,
陈沫,https://www.sysu5.cn/medical-service/department-expert/doctor/10142,实采,,https://www.sysu5.cn/sites/default/files/styles/watermark/public/2024-07/1594926130539480013.jpg?itok=FGRtQoin,01_试点医院/中山大学附属第五医院/照片/陈沫-儿科-副主任医师-中山大学附属第五医院.jpg,174563,9231cf31872eb7b701f850df3750d041ce0b19c7adb62a7070889acb37e4ebc7,FFD8FFE000104A4649460001,750,1050,
高丽,https://www.sysu5.cn/medical-service/department-expert/doctor/13130,实采,,https://www.sysu5.cn/sites/default/files/styles/watermark/public/2025-11/%E9%AB%98%E4%B8%BD%20%E5%84%BF%E7%A7%91.jpg?itok=HpSi84O0,01_试点医院/中山大学附属第五医院/照片/高丽-儿科-医师-中山大学附属第五医院.jpg,191887,f5223ee27f5dd464a1b266fcb8a9e44d5157ba2277602f0714ea4a4b2b16d1ef,FFD8FFE000104A4649460001,727,1024,
周奕,https://www.sysu5.cn/medical-service/department-expert/doctor/10538,实采,,https://www.sysu5.cn/sites/default/files/styles/watermark/public/2024-07/1595552974342443342.jpg?itok=nmXDCU72,01_试点医院/中山大学附属第五医院/照片/周奕-全科医学科-副主任医师-中山大学附属第五医院.jpg,43915,9d5f6cb201fc4bc3584ebda5545ce4b090dcf71bee4ea91d58a2e5266735de48,FFD8FFE000104A4649460001,319,449,
殷月兰,https://www.sysu5.cn/medical-service/department-expert/doctor/10691,实采,,https://www.sysu5.cn/sites/default/files/styles/watermark/public/2024-07/1449735649369454832.jpg?itok=y_liaoI8,01_试点医院/中山大学附属第五医院/照片/殷月兰-全科医学科-主治医师-中山大学附属第五医院.jpg,134637,f91b0d06cac7a78ba6baf9c9256ffcfdd776712b204a4002a4aa4f32ede384ac,FFD8FFE000104A4649460001,593,756,
王瑾,https://www.sysu5.cn/medical-service/department-expert/doctor/10502,实采,,https://www.sysu5.cn/sites/default/files/styles/watermark/public/2024-07/1595550602247878665.jpg?itok=ZcD1tWwu,01_试点医院/中山大学附属第五医院/照片/王瑾-全科医学科-副主任医师-中山大学附属第五医院.jpg,67277,fd6cdc65ef8e930891ea1beec0440e1162d47bb29c89a823c881111bc5e62cbc,FFD8FFE000104A4649460001,413,531,
薛青,https://www.sysu5.cn/medical-service/department-expert/doctor/10477,实采,,https://www.sysu5.cn/sites/default/files/styles/watermark/public/2024-07/1595549523490600448.jpg?itok=LZvR1df7,01_试点医院/中山大学附属第五医院/照片/薛青-全科医学科-主任医师-中山大学附属第五医院.jpg,348904,f15f17cca057fc638832087688e22a2af3433b71d4b59422161d8d6694867db5,FFD8FFE000104A4649460001,736,1039,
丛丽,https://www.sysu5.cn/medical-service/department-expert/doctor/913,实采,,https://www.sysu5.cn/sites/default/files/styles/watermark/public/2024-07/1593629215860279645.jpg?itok=cNQ_o_kF,01_试点医院/中山大学附属第五医院/照片/丛丽-内分泌与代谢病科-主任医师-中山大学附属第五医院.jpg,76110,d7b720dd22d9cd86c22be7569bdadb2d2c34ab1a5ea4cf226b9dd64d7df65ee8,FFD8FFE000104A4649460001,384,532,
孙莹,https://www.sysu5.cn/medical-service/department-expert/doctor/1269,实采,,https://www.sysu5.cn/sites/default/files/styles/watermark/public/2024-07/1593646444016530189.jpg?itok=YrHL7KxW,01_试点医院/中山大学附属第五医院/照片/孙莹-内分泌与代谢病科-主治医师-中山大学附属第五医院.jpg,99813,c4b9890608be45be1355a87fc706cf7274206a3945bf221a4f2f77b74e0ef9b4,FFD8FFE000104A4649460001,390,567,
孙辽,https://www.sysu5.cn/medical-service/department-expert/doctor/915,实采,,https://www.sysu5.cn/sites/default/files/styles/watermark/public/2024-07/1593629418110489834.jpg?itok=MTRt4xf_,01_试点医院/中山大学附属第五医院/照片/孙辽-内分泌与代谢病科-主任医师-中山大学附属第五医院.jpg,100536,6d458e33efc637811e29d6fa0d7cb43de43363b59d5fb9a1ca806568f661438e,FFD8FFE000104A4649460001,657,800,
孟晓军,https://www.sysu5.cn/medical-service/department-expert/doctor/1266,实采,,https://www.sysu5.cn/sites/default/files/styles/watermark/public/2024-07/1593644765739719266.jpg?itok=1lZhg3i1,01_试点医院/中山大学附属第五医院/照片/孟晓军-内分泌与代谢病科-副主任医师-中山大学附属第五医院.jpg,158277,a3d3372d4e3672d39a364c5f45b91ab10bbb1ca52ecffedb5b1d4861ddb88945,FFD8FFE000104A4649460001,593,755,
曾映娟,https://www.sysu5.cn/medical-service/department-expert/doctor/914,实采,,https://www.sysu5.cn/sites/default/files/styles/watermark/public/2024-07/1593631652432330365.jpg?itok=r46phaEt,01_试点医院/中山大学附属第五医院/照片/曾映娟-内分泌与代谢病科-主任医师-中山大学附属第五医院.jpg,95028,ca68bad56934b49a7fe93ec1a0094b2ae3eff78d90f543b90b68b458e0f168b2,FFD8FFE000104A4649460001,390,567,
王艳秋,https://www.sysu5.cn/medical-service/department-expert/doctor/1268,实采,,https://www.sysu5.cn/sites/default/files/styles/watermark/public/2024-07/1593646146543076509.jpg?itok=KUZl2PfW,01_试点医院/中山大学附属第五医院/照片/王艳秋-内分泌与代谢病科-副主任医师-中山大学附属第五医院.jpg,105665,f3cb4e25ede02391de04ed66a9f927b6c94c20fa054e9f1c9d10ee49759f2b5a,FFD8FFE000104A4649460001,390,567,
胡芳,https://www.sysu5.cn/medical-service/department-expert/doctor/1267,实采,,https://www.sysu5.cn/sites/default/files/styles/watermark/public/2024-07/1593646215119251473.jpg?itok=8ihyds6S,01_试点医院/中山大学附属第五医院/照片/胡芳-内分泌与代谢病科-副主任医师-中山大学附属第五医院.jpg,62840,6382b0ba3f9c5ad08311d8417b733cc4fde0d076cb7f9b4c0504a197345a412c,FFD8FFE000104A4649460001,413,531,
舒晓春,https://www.sysu5.cn/medical-service/department-expert/doctor/1265,实采,,https://www.sysu5.cn/sites/default/files/styles/watermark/public/2024-07/1593631297778229983.jpg?itok=FLrpWR_t,01_试点医院/中山大学附属第五医院/照片/舒晓春-内分泌与代谢病科-主任医师-中山大学附属第五医院.jpg,70667,9357de86a8fdaab156bf7e127f7ea0b9c91ce15b154a9c6efa88b123cc04d0d6,FFD8FFE000104A4649460001,390,567,
曾德彰,https://www.sysu5.cn/medical-service/department-expert/doctor/10478,实采,,https://www.sysu5.cn/sites/default/files/styles/watermark/public/2024-07/1468255367607251757.jpg?itok=EcJXBn1d,01_试点医院/中山大学附属第五医院/照片/曾德彰-凤凰国际医学中心-主任医师-中山大学附属第五医院.jpg,157542,8d86d757e51ed7a55e698c7a6b6fdd4356c8a68965217cc70fc60610217e2f76,FFD8FFE000104A4649460001,614,756,
耿小晶,https://www.sysu5.cn/medical-service/department-expert/doctor/10698,实采,,https://www.sysu5.cn/sites/default/files/styles/watermark/public/2024-07/1594680265978259324.jpg?itok=HFzyfXW7,01_试点医院/中山大学附属第五医院/照片/耿小晶-凤凰国际医学中心-主治医师-中山大学附属第五医院.jpg,90315,9b5ac41065b0ac0a53a528a25fd336749482dcf9e3a5d64b03dc283e2b23fa79,FFD8FFE000104A4649460001,567,800,
谭劼,https://www.sysu5.cn/medical-service/department-expert/doctor/10501,实采,,https://www.sysu5.cn/sites/default/files/styles/watermark/public/2024-07/1594575750762060957.jpg?itok=idAMyp4f,01_试点医院/中山大学附属第五医院/照片/谭劼-凤凰国际医学中心-副主任医师-中山大学附属第五医院.jpg,162468,b36bfff79aceea1af1cc247d1b277d49dd1af9626246c185ca7cc7fff9cb9db2,FFD8FFE000104A4649460001,593,756,
黄潮波,https://www.sysu5.cn/medical-service/department-expert/doctor/10702,实采,,https://www.sysu5.cn/sites/default/files/styles/watermark/public/2024-07/20220107135352379.jpg?itok=BwggZaj8,01_试点医院/中山大学附属第五医院/照片/黄潮波-凤凰国际医学中心-主治医师-中山大学附属第五医院.jpg,30909,ce43759c5b2e961efbe04caf0c36deef6bd1bf6af8535346cf813497c061465e,FFD8FFE000104A4649460001,282,330,
黄茵,https://www.sysu5.cn/medical-service/department-expert/doctor/2239,实采,,https://www.sysu5.cn/sites/default/files/styles/watermark/public/2024-11/20240802101226692.jpg?itok=jlVsKW7H,01_试点医院/中山大学附属第五医院/照片/黄茵-凤凰国际医学中心-副主任医师-中山大学附属第五医院.jpg,1478443,d2c01981924402fb347561bda7fbe9e13b83d086bc4733e13c7a091bd92525bb,FFD8FFE000104A4649460001,1750,2500,
严彦,https://www.sysu5.cn/medical-service/department-expert/doctor/10858,实采,,https://www.sysu5.cn/sites/default/files/styles/watermark/public/2024-07/1532307906219172900.png?itok=D-7TIu9v,01_试点医院/中山大学附属第五医院/照片/严彦-分子影像中心-副研究员-中山大学附属第五医院.png,214463,3a7a2b9e9cfb6ca08e6191f9f85cde7a727f46a7aa1f4f3094194534372a4a10,89504E470D0A1A0A0000000D,382,512,
何欢欢,https://www.sysu5.cn/medical-service/department-expert/doctor/10860,实采,,https://www.sysu5.cn/sites/default/files/styles/watermark/public/2024-07/1532281060787269620.png?itok=d7SsoPuq,01_试点医院/中山大学附属第五医院/照片/何欢欢-分子影像中心-研究员-中山大学附属第五医院.png,139452,4d04102ad969a66c7a98545c98b4718f1001890bf51843c37f618d090c177619,89504E470D0A1A0A0000000D,358,441,
金红军,https://www.sysu5.cn/medical-service/department-expert/doctor/10870,实采,,https://www.sysu5.cn/sites/default/files/styles/watermark/public/2024-07/1532285573659493501.png?itok=DlJPURfw,01_试点医院/中山大学附属第五医院/照片/金红军-分子影像中心-研究员-中山大学附属第五医院.png,89609,10983ff90148955dd7c6919feb3bb8b8ae096f8c9f604446a04b56cc42862163,89504E470D0A1A0A0000000D,235,342,
陈守登,https://www.sysu5.cn/medical-service/department-expert/doctor/10856,实采,,https://www.sysu5.cn/sites/default/files/styles/watermark/public/2024-07/1479936037852217084.jpg?itok=5BMo-Or3,01_试点医院/中山大学附属第五医院/照片/陈守登-分子影像中心-研究员-中山大学附属第五医院.jpg,88501,7ea28d34addb8110dfee0df96c9e8611197a983dc51aa264ba37d6a6171dc167,FFD8FFE000104A4649460001,352,480,
蔡喜雨,https://www.sysu5.cn/medical-service/department-expert/doctor/8064,实采,,https://www.sysu5.cn/sites/default/files/styles/watermark/public/2024-07/20220621124110348.jpg?itok=p0FMELrs,01_试点医院/中山大学附属第五医院/照片/蔡喜雨-创伤与关节外科-副主任医师-中山大学附属第五医院.jpg,101388,a561280073ffc90cf1a0377793af1f0e4c1293f2fe9ad1a9362bc004f0d26972,FFD8FFE000104A4649460001,596,864,
陈少明,https://www.sysu5.cn/medical-service/department-expert/doctor/8100,实采,,https://www.sysu5.cn/sites/default/files/styles/watermark/public/2024-07/1595809980085476534.jpg?itok=WhZdG0Gt,01_试点医院/中山大学附属第五医院/照片/陈少明-创伤与关节外科-主治医师-中山大学附属第五医院.jpg,168431,c88bc677bcb7d7374847d2a252af35d6b8b2f211c9e84361317dc33413d12cc4,FFD8FFE000104A4649460001,593,756,
余圆圆,https://www.sysu5.cn/medical-service/department-expert/doctor/10904,实采,,https://www.sysu5.cn/sites/default/files/styles/watermark/public/2024-07/20240521151603060.png?itok=Qwzp8mrZ,01_试点医院/中山大学附属第五医院/照片/余圆圆-创面修复与烧伤外科-主治医师-中山大学附属第五医院.png,323758,6f75f49372bf191dfa3c04d93843445f7fb1a75695fccc1402103541b675f442,89504E470D0A1A0A0000000D,424,591,
曹丹霞,https://www.sysu5.cn/medical-service/department-expert/doctor/10912,实采,,https://www.sysu5.cn/sites/default/files/styles/watermark/public/2024-07/20240607082803535.png?itok=UL-KxKXS,01_试点医院/中山大学附属第五医院/照片/曹丹霞-创面修复与烧伤外科-主治医师-中山大学附属第五医院.png,202920,7587c84b3100e51441a24245a913dc9d2c26f2a7857e35cf1ea1cd35fcda2fa7,89504E470D0A1A0A0000000D,387,530,
申雪,https://www.sysu5.cn/medical-service/department-expert/doctor/9093,实采,,https://www.sysu5.cn/sites/default/files/styles/watermark/public/2024-07/1594915988758363528.jpg?itok=urRDCOGD,01_试点医院/中山大学附属第五医院/照片/申雪-创面修复与烧伤外科-主治医师-中山大学附属第五医院.jpg,218921,ddcdb2596e666213b95593f586fa24d31f5a46dc2370d2ade15da5cf71e2f736,FFD8FFE000104A4649460001,1080,1521,
苏广进,https://www.sysu5.cn/medical-service/department-expert/doctor/10902,实采,,https://www.sysu5.cn/sites/default/files/styles/watermark/public/2024-07/20240510103941733.png?itok=eDJ8fWZL,01_试点医院/中山大学附属第五医院/照片/苏广进-创面修复与烧伤外科-主治医师-中山大学附属第五医院.png,189180,defb566e1fbaf5eb3a723aa78406e485112e6164f4edad129187861279eaeca1,89504E470D0A1A0A0000000D,387,567,
莫世富,https://www.sysu5.cn/medical-service/department-expert/doctor/10878,实采,,https://www.sysu5.cn/sites/default/files/styles/watermark/public/2024-07/20240326152518527.png?itok=-jpLTkXr,01_试点医院/中山大学附属第五医院/照片/莫世富-创面修复与烧伤外科-主治医师-中山大学附属第五医院.png,320564,a56b6429e276277fdfa9b02aa7e8651e3f6fbe322ef35ad62402ee76ab0daf84,89504E470D0A1A0A0000000D,490,565,
辛俭,https://www.sysu5.cn/medical-service/department-expert/doctor/9092,实采,,https://www.sysu5.cn/sites/default/files/styles/watermark/public/2024-07/20220107135759506.jpg?itok=ClbhDlCf,01_试点医院/中山大学附属第五医院/照片/辛俭-创面修复与烧伤外科-副主任医师-中山大学附属第五医院.jpg,161911,d2bd5fbe65bc656d5de5a0bc59d92a325791989febac94538e86715560d0a8e1,FFD8FFE000104A4649460001,593,756,
陈菲菲,https://www.sysu5.cn/medical-service/department-expert/doctor/9094,实采,,https://www.sysu5.cn/sites/default/files/styles/watermark/public/2026-07/%E9%99%88%E8%8F%B2%E8%8F%B2%EF%BC%88185321%EF%BC%8920260728.jpg?itok=nRqDW3mm,01_试点医院/中山大学附属第五医院/照片/陈菲菲-创面修复与烧伤外科-医师-中山大学附属第五医院.jpg,484382,4c460c3e1741ab0c5cfc8a5a71354b4b4267a2927a64f33c942210b9d2ef707c,FFD8FFE000104A4649460001,1080,1356,
黄新锋,https://www.sysu5.cn/medical-service/department-expert/doctor/9091,实采,,https://www.sysu5.cn/sites/default/files/styles/watermark/public/2024-07/1594915831412842465.jpg?itok=BLs_abcz,01_试点医院/中山大学附属第五医院/照片/黄新锋-创面修复与烧伤外科-主治医师-中山大学附属第五医院.jpg,49330,385540c8508dbf53d6b83ab42b085753e3c0e6cad3cf75fca1d08675a36b20e5,FFD8FFE000104A4649460001,390,567,
于盈奕,https://www.sysu5.cn/medical-service/department-expert/doctor/11720,实采,,https://www.sysu5.cn/sites/default/files/styles/watermark/public/2025-03/%E4%BA%8E%E7%9B%88%E5%A5%95.png?itok=05g49utN,01_试点医院/中山大学附属第五医院/照片/于盈奕-口腔科-医师-中山大学附属第五医院.png,209048,67421f1cdbf74e161ed508776a6a3fda75c277c72435223590ae436faa831092,89504E470D0A1A0A0000000D,405,567,
唐德钱,https://www.sysu5.cn/medical-service/department-expert/doctor/14079,实采,,https://www.sysu5.cn/sites/default/files/2026-07/%E5%94%90%E5%BE%B7%E9%92%B1%EF%BC%88Y24161%EF%BC%8920260701.gif,01_试点医院/中山大学附属第五医院/照片/唐德钱-口腔科-医师-中山大学附属第五医院.gif,198358,c6761035731abb8f37f4c67e9a6bf9971eb2aae48c1adb783bee2dd601a0178b,474946383961BC025903F700,700,857,
孙一,https://www.sysu5.cn/medical-service/department-expert/doctor/12229,实采,,https://www.sysu5.cn/sites/default/files/styles/watermark/public/2025-04/20250410162834341.jpg?itok=9Xhx2D7i,01_试点医院/中山大学附属第五医院/照片/孙一-口腔科-副主任医师-中山大学附属第五医院.jpg,1109955,f4465894450ce933dd084255637206e47862434cac34d819927d0a7fcc8e063b,FFD8FFE000104A4649460001,1906,2668,
朱鑫飚,https://www.sysu5.cn/medical-service/department-expert/doctor/10757,实采,,https://www.sysu5.cn/sites/default/files/styles/watermark/public/2024-07/20231023160239407.jpg?itok=_rpVlLeb,01_试点医院/中山大学附属第五医院/照片/朱鑫飚-口腔科-医师-中山大学附属第五医院.jpg,64535,e24ff0778cf4a28276898a5d128aa87a5f7c14ad057740d998fc237954a7fa9b,FFD8FFE000104A4649460001,276,405,
李祥伟,https://www.sysu5.cn/medical-service/department-expert/doctor/10736,实采,,https://www.sysu5.cn/sites/default/files/styles/watermark/public/2024-07/20220313152858572.jpg?itok=vPb212cf,01_试点医院/中山大学附属第五医院/照片/李祥伟-口腔科-主任医师-中山大学附属第五医院.jpg,1200724,a88537a3dcf0c1ed562ccd6c8d83fefe03fc1a75aad6f50b764f10bc3240d06b,FFD8FFE000104A4649460001,1833,2480,
李秋实,https://www.sysu5.cn/medical-service/department-expert/doctor/10740,实采,,https://www.sysu5.cn/sites/default/files/styles/watermark/public/2024-07/20220313154643759.png?itok=Yc708JvG,01_试点医院/中山大学附属第五医院/照片/李秋实-口腔科-副主任医师-中山大学附属第五医院.jpg,293014,aa53027f0e5f3266e4fe5cf83a6da40537941b157eb8dc6d078aec731f39f326,FFD8FFE000104A4649460001,896,1228,
李芸,https://www.sysu5.cn/medical-service/department-expert/doctor/10743,实采,,https://www.sysu5.cn/sites/default/files/styles/watermark/public/2024-07/1595359730334210259.jpg?itok=08w_7-3D,01_试点医院/中山大学附属第五医院/照片/李芸-口腔科-主治医师-中山大学附属第五医院.jpg,735839,d30f20f78540c397eb1c1dc55e31d2f245d428463b3b0623ccc3ed69fcbf1ae1,FFD8FFE000104A4649460001,1577,2208,
梁慧婷,https://www.sysu5.cn/medical-service/department-expert/doctor/10754,实采,,https://www.sysu5.cn/sites/default/files/styles/watermark/public/2024-07/20230912155448590.jpg?itok=X2J7jCUx,01_试点医院/中山大学附属第五医院/照片/梁慧婷-口腔科-医师-中山大学附属第五医院.jpg,2094800,40c762a0daef27bfb374db779dea8791343e06d799051c336949df103bac0035,FFD8FFE000104A4649460001,2101,2961,
梁立中,https://www.sysu5.cn/medical-service/department-expert/doctor/10739,实采,,https://www.sysu5.cn/sites/default/files/styles/watermark/public/2024-07/1595359068141794984.jpg?itok=Sky1LmHQ,01_试点医院/中山大学附属第五医院/照片/梁立中-口腔科-副主任医师-中山大学附属第五医院.jpg,152684,f0be6bfa8e883c39f910099d925af53aad20e3b584cd6d7492caf0003cd02996,FFD8FFE000104A4649460001,850,1078,
游滢滢,https://www.sysu5.cn/medical-service/department-expert/doctor/10742,实采,,https://www.sysu5.cn/sites/default/files/styles/watermark/public/2024-07/1595360685945589680.jpg?itok=YqtpRFtu,01_试点医院/中山大学附属第五医院/照片/游滢滢-口腔科-副主任医师-中山大学附属第五医院.jpg,244530,66315d3c3e9506b573c072aab8317038d54ab0dc72afbee057aa1c935039a243,FFD8FFE000104A4649460001,1080,1620,
陈浚,https://www.sysu5.cn/medical-service/department-expert/doctor/11718,实采,,https://www.sysu5.cn/sites/default/files/styles/watermark/public/2025-03/%E9%99%88%E6%B5%9A.png?itok=r7-Yc-dV,01_试点医院/中山大学附属第五医院/照片/陈浚-口腔科-医师-中山大学附属第五医院.png,334645,c915e362d11d4ff72e63f8c5f25ce11d4c55f817983b2576681158aecbd09753,89504E470D0A1A0A0000000D,424,589,
刘晶,https://www.sysu5.cn/medical-service/department-expert/doctor/840,实采,,https://www.sysu5.cn/sites/default/files/styles/watermark/public/2025-03/1593717587330549424.png?itok=Q0LQdzOo,01_试点医院/中山大学附属第五医院/照片/刘晶-呼吸与危重症学科-主任医师-中山大学附属第五医院.png,47368,214c36d131d2a6d964bee1243191f0d3b137c8e5607f235727c3ad8078c9f5d2,89504E470D0A1A0A0000000D,196,247,
涂常力,https://www.sysu5.cn/medical-service/department-expert/doctor/843,实采,,https://www.sysu5.cn/sites/default/files/styles/watermark/public/2025-03/1593974147237257761.jpg?itok=t4E316kl,01_试点医院/中山大学附属第五医院/照片/涂常力-呼吸与危重症学科-副主任医师-中山大学附属第五医院.jpg,24197,f38d9ec35e224357e18c9dd276294a2b9786f59f4e9cf2f5636bbdc4b9f4a377,FFD8FFE000104A4649460001,197,248,
谭萃妍,https://www.sysu5.cn/medical-service/department-expert/doctor/846,实采,,https://www.sysu5.cn/sites/default/files/styles/watermark/public/2024-07/1593977655514726371.jpg?itok=OSaw6ju-,01_试点医院/中山大学附属第五医院/照片/谭萃妍-呼吸与危重症学科-副主任医师-中山大学附属第五医院.jpg,20944,7baf4251d5f66a271d2795b8ccc3a6b588b28656d0d82974e97b15eb03665a72,FFD8FFE000104A4649460001,197,249,
邬伟明,https://www.sysu5.cn/medical-service/department-expert/doctor/844,实采,,https://www.sysu5.cn/sites/default/files/styles/watermark/public/2024-07/1593306255420162957.jpg?itok=CzT6NLqe,01_试点医院/中山大学附属第五医院/照片/邬伟明-呼吸与危重症学科-副主任医师-中山大学附属第五医院.jpg,369544,bb8e36fd41612a4b6bad7d38f9bc64963cee8610979b69aad90169f17f53d831,FFD8FFE000104A4649460001,768,1063,
郑晓滨,https://www.sysu5.cn/medical-service/department-expert/doctor/842,实采,,https://www.sysu5.cn/sites/default/files/styles/watermark/public/2025-03/1593307052405017707.png?itok=uPN4_NAp,01_试点医院/中山大学附属第五医院/照片/郑晓滨-呼吸与危重症学科-主任医师-中山大学附属第五医院.png,41951,000fd90c9657430f36dc15d2c239b528a63de08bd68fba57efe573038b97ad2e,89504E470D0A1A0A0000000D,197,248,
陈美竹,https://www.sysu5.cn/medical-service/department-expert/doctor/845,实采,,https://www.sysu5.cn/sites/default/files/styles/watermark/public/2024-07/1593973537539580546.jpg?itok=S8xa0Ux6,01_试点医院/中山大学附属第五医院/照片/陈美竹-呼吸与危重症学科-副主任医师-中山大学附属第五医院.jpg,140558,9387716afef987a1391d936e31e186a8dfb2777a85fa36c40d3c42a88576f148,FFD8FFE000104A4649460001,593,756,
黄瑾,https://www.sysu5.cn/medical-service/department-expert/doctor/841,实采,,https://www.sysu5.cn/sites/default/files/styles/watermark/public/2025-03/1468255315758323462.jpg?itok=OpVldai8,01_试点医院/中山大学附属第五医院/照片/黄瑾-呼吸与危重症学科-主任医师-中山大学附属第五医院.jpg,91704,63c3ab0d8fdeaea35f96591f1904e83e80ebf5fd49c872fc210b7972f6339342,FFD8FFE000104A4649460001,593,756,
刘继红,https://www.sysu5.cn/medical-service/department-expert/doctor/9096,失败,详情不可达,,,,,,,,详情 HTTP 404 Content-Type text/html
孙兵,https://www.sysu5.cn/medical-service/department-expert/doctor/9099,实采,,https://www.sysu5.cn/sites/default/files/styles/watermark/public/2024-07/20230102084951980.jpg?itok=880TdxqH,01_试点医院/中山大学附属第五医院/照片/孙兵-妇科-主任医师-中山大学附属第五医院.jpg,207818,b2d6006638313b7371a548a2667745a90c082c7b9f1e43c89fe9369a5bf0bf12,FFD8FFE000104A4649460001,1080,1079,
庄圆,https://www.sysu5.cn/medical-service/department-expert/doctor/9105,实采,,https://www.sysu5.cn/sites/default/files/styles/watermark/public/2024-07/1595268804912581915.jpg?itok=fuu3RlMQ,01_试点医院/中山大学附属第五医院/照片/庄圆-妇科-副主任医师-中山大学附属第五医院.jpg,117337,bb0847015ec26467d0555948d0372989290e452f2b0b11ef7c971c235245bc2c,FFD8FFE000104A4649460001,551,800,
李琪,https://www.sysu5.cn/medical-service/department-expert/doctor/9104,实采,,https://www.sysu5.cn/sites/default/files/styles/watermark/public/2024-07/1595268072046387739.jpg?itok=cACbFuP2,01_试点医院/中山大学附属第五医院/照片/李琪-妇科-主治医师-中山大学附属第五医院.jpg,54014,22b9add655f7568c21a9d0bf78ecfad2166f29fcc79088944f35627c1719db07,FFD8FFE000104A4649460001,482,661,
杨华,https://www.sysu5.cn/medical-service/department-expert/doctor/9101,实采,,https://www.sysu5.cn/sites/default/files/styles/watermark/public/2024-07/1595185171684930220.jpg?itok=b666Zxsd,01_试点医院/中山大学附属第五医院/照片/杨华-妇科-副主任医师-中山大学附属第五医院.jpg,199181,aae19e1e5ef5f92c5ca692bef5369288c11c01e07dbd8f39afe887136f68d48d,FFD8FFE000104A4649460001,473,597,
王峰,https://www.sysu5.cn/medical-service/department-expert/doctor/9097,实采,,https://www.sysu5.cn/sites/default/files/styles/watermark/public/2024-07/1595178823066863431.jpg?itok=r63NwFpy,01_试点医院/中山大学附属第五医院/照片/王峰-妇科-主任医师-中山大学附属第五医院.jpg,352774,99a7d0791a6fece8ebb0f616327bdbf0d756fa1e87bc09d81593a2f11ec13f63,FFD8FFE000104A4649460001,768,1063,
聂惠龙,https://www.sysu5.cn/medical-service/department-expert/doctor/9095,实采,,https://www.sysu5.cn/sites/default/files/styles/watermark/public/2025-08/%E8%81%82%E6%83%A0%E9%BE%9920241127.jpg?itok=PdusgqkU,01_试点医院/中山大学附属第五医院/照片/聂惠龙-妇科-主任医师-中山大学附属第五医院.png,367197,f6e55cb9fd9226a823924060e022dd1c6665bba6450bbda7d5dd3aabe06b98a0,89504E470D0A1A0A0000000D,591,591,
谢冰帆,https://www.sysu5.cn/medical-service/department-expert/doctor/11713,实采,,https://www.sysu5.cn/sites/default/files/styles/watermark/public/2025-03/%E8%B0%A2%E5%86%B0%E5%B8%86.png?itok=AECDlLDa,01_试点医院/中山大学附属第五医院/照片/谢冰帆-妇科-副主任医师-中山大学附属第五医院.png,256579,9aed91d351e79dfd5330c8b81b34c208ba7e98b9cdcc60952b5e5cacb8d61fd9,89504E470D0A1A0A0000000D,391,450,
陈上求,https://www.sysu5.cn/medical-service/department-expert/doctor/9107,实采,,https://www.sysu5.cn/sites/default/files/styles/watermark/public/2024-07/1595269657158262505.jpg?itok=cuHGfDEN,01_试点医院/中山大学附属第五医院/照片/陈上求-妇科-主治医师-中山大学附属第五医院.jpg,150264,fb9c9b8d53b8b6fad86a2d7efeeb167dfd55e36570aa21bbd24e66f4ae8b6653,FFD8FFE000104A4649460001,593,756,
陈勇,https://www.sysu5.cn/medical-service/department-expert/doctor/9106,实采,,https://www.sysu5.cn/sites/default/files/styles/watermark/public/2026-03/%E9%99%88%E5%8B%8720260302.png?itok=byNSpUh6,01_试点医院/中山大学附属第五医院/照片/陈勇-妇科-副主任医师-中山大学附属第五医院.png,353975,2f405b5018144e2223aa5de5a85fdb76ce0f9723d7fce23fa4f1bc3188ec6947,89504E470D0A1A0A0000000D,449,590,
马玲,https://www.sysu5.cn/medical-service/department-expert/doctor/11678,实采,,https://www.sysu5.cn/sites/default/files/styles/watermark/public/2024-11/20241031171602369.png?itok=mr4cGdVt,01_试点医院/中山大学附属第五医院/照片/马玲-妇科-主任医师-中山大学附属第五医院.png,350830,9537041da59a18c56cefc0527fe586bbf4eb72decc0399d7bb2063140106016f,89504E470D0A1A0A0000000D,469,584,
吴兰花,https://www.sysu5.cn/medical-service/department-expert/doctor/10769,实采,,https://www.sysu5.cn/sites/default/files/styles/watermark/public/2024-07/1595378184373363614.jpg?itok=CYUp19On,01_试点医院/中山大学附属第五医院/照片/吴兰花-康复医学科-主治医师-中山大学附属第五医院.jpg,162595,3b83c04b516aa928cadaaaf666814f267763e982d827f75949afc5c8b12e2c8e,FFD8FFE000104A4649460001,593,756,
林子玲,https://www.sysu5.cn/medical-service/department-expert/doctor/10767,实采,,https://www.sysu5.cn/sites/default/files/styles/watermark/public/2024-07/1595378134940594203.jpg?itok=gqJkBoGL,01_试点医院/中山大学附属第五医院/照片/林子玲-康复医学科-副主任医师-中山大学附属第五医院.jpg,74834,71eddf34ed89eed8dd632721d7061a8ac8251a16bb0f475f8ad70e26f7bbd088,FFD8FFE000104A4649460001,390,567,
甄君,https://www.sysu5.cn/medical-service/department-expert/doctor/10768,实采,,https://www.sysu5.cn/sites/default/files/styles/watermark/public/2024-07/20220313160947849.jpg?itok=yaGfxDbT,01_试点医院/中山大学附属第五医院/照片/甄君-康复医学科-副主任医师-中山大学附属第五医院.jpg,75282,65a40691ee1d5f8c5b5aa016aadb4a1aa4211f30a525d38e4b42fb8f69f4cbe2,FFD8FFE000104A4649460001,390,567,
詹鸿锐,https://www.sysu5.cn/medical-service/department-expert/doctor/10766,实采,,https://www.sysu5.cn/sites/default/files/styles/watermark/public/2025-09/%E8%A9%B9%E9%B8%BF%E9%94%90%20%E5%BA%B7%E5%A4%8D%E5%8C%BB%E5%AD%A6%E7%A7%9120280904.png?itok=R1_Xg73M,01_试点医院/中山大学附属第五医院/照片/詹鸿锐-康复医学科-副主任医师-中山大学附属第五医院.png,291448,cc3bb9898b6f3dae1fe8a2982375f07414a1cd0636cc0a95ad4ee6e420224a16,89504E470D0A1A0A0000000D,413,583,
邹淑怡,https://www.sysu5.cn/medical-service/department-expert/doctor/10894,实采,,https://www.sysu5.cn/sites/default/files/styles/watermark/public/2024-07/20240415155119623.png?itok=Tz5MlkDk,01_试点医院/中山大学附属第五医院/照片/邹淑怡-康复医学科-主治医师-中山大学附属第五医院.png,321048,c7445be710dc83f1448317f2419d3bd76f84abc5f5b6e8922508d747d82cfcc5,89504E470D0A1A0A0000000D,429,591,
陈贵雄,https://www.sysu5.cn/medical-service/department-expert/doctor/10770,实采,,https://www.sysu5.cn/sites/default/files/styles/watermark/public/2024-07/20220107140822498.png?itok=TaCOOFPj,01_试点医院/中山大学附属第五医院/照片/陈贵雄-康复医学科-主治医师-中山大学附属第五医院.png,156411,6460f5dd3f10ed73a6ccb21c8d8e95a3c79bf82b438457f64b52af66e27a3521,89504E470D0A1A0A0000000D,352,480,
刘天民,https://www.sysu5.cn/medical-service/department-expert/doctor/2241,实采,,https://www.sysu5.cn/sites/default/files/styles/watermark/public/2024-07/1594578235279441829.jpg?itok=C85Egj3W,01_试点医院/中山大学附属第五医院/照片/刘天民-心血管内科-主治医师-中山大学附属第五医院.jpg,189690,e609d34849e2364e0609ba126d739f3e96c966867597329a0b66be6ea46613bb,FFD8FFE000104A4649460001,593,756,
危小良,https://www.sysu5.cn/medical-service/department-expert/doctor/2235,实采,,https://www.sysu5.cn/sites/default/files/styles/watermark/public/2024-07/20230713171507015.jpg?itok=YKTt8oJY,01_试点医院/中山大学附属第五医院/照片/危小良-心血管内科-副主任医师-中山大学附属第五医院.jpg,462970,9235f970d19e2500acf4cc85f7be2bff60e6b8ecf834ff9a6157a6c7dd847765,FFD8FFE000104A4649460001,1225,1680,
周智涓,https://www.sysu5.cn/medical-service/department-expert/doctor/2231,实采,,https://www.sysu5.cn/sites/default/files/styles/watermark/public/2024-07/20220623093714516.jpg?itok=KrIOz7Mk,01_试点医院/中山大学附属第五医院/照片/周智涓-心血管内科-副主任医师-中山大学附属第五医院.jpg,258872,25b1c6de5b7351c783161ffeab51226dad7ef0be7bedf9d6b8d170705a963c43,FFD8FFE000104A4649460001,800,1077,
周芳,https://www.sysu5.cn/medical-service/department-expert/doctor/2264,实采,,https://www.sysu5.cn/sites/default/files/styles/watermark/public/2024-07/1594579149128479266.jpg?itok=G3V27pHR,01_试点医院/中山大学附属第五医院/照片/周芳-心血管内科-主治医师-中山大学附属第五医院.jpg,124546,94cf055763dd2e5f8b6a1578ab74dc4a169dce4d2e66c8591cc938931bd5969f,FFD8FFE000104A4649460001,594,756,
唐文仪,https://www.sysu5.cn/medical-service/department-expert/doctor/2281,实采,,https://www.sysu5.cn/sites/default/files/styles/watermark/public/2024-07/1594579845328825113.jpg?itok=dRRv1ljQ,01_试点医院/中山大学附属第五医院/照片/唐文仪-心血管内科-主治医师-中山大学附属第五医院.jpg,53296,35a84aaff6ac26bda997520c3eaaf4b9acd0cf5736096ff1cc756313b3da3881,FFD8FFE000104A4649460001,413,591,
尚斌芳,https://www.sysu5.cn/medical-service/department-expert/doctor/1799,实采,,https://www.sysu5.cn/sites/default/files/styles/watermark/public/2024-07/1594574758264240137.jpg?itok=_NSQn-tN,01_试点医院/中山大学附属第五医院/照片/尚斌芳-心血管内科-主任医师-中山大学附属第五医院.jpg,74380,f94a64a6e09d218ba8519f5b136897777a4a1a54f4f954787534f0aa91e54e01,FFD8FFE000104A4649460001,390,567,
展恩伯,https://www.sysu5.cn/medical-service/department-expert/doctor/12230,实采,,https://www.sysu5.cn/sites/default/files/styles/watermark/public/2025-04/20250410164049594.jpg?itok=AoUx8zJf,01_试点医院/中山大学附属第五医院/照片/展恩伯-心血管内科-副主任医师-中山大学附属第五医院.jpg,327306,99a4c8544b3bb9f67232a0b150d1bbb76b7d97e88a008dc7e5914119d08118c3,FFD8FFE000104A4649460001,990,1440,
张书亚,https://www.sysu5.cn/medical-service/department-expert/doctor/1780,实采,,https://www.sysu5.cn/sites/default/files/styles/watermark/public/2024-07/20220107134943024.jpg?itok=EEV6ud7I,01_试点医院/中山大学附属第五医院/照片/张书亚-心血管内科-主任医师-中山大学附属第五医院.jpg,178307,c34e34cedb9869d5184713d123c75dc2dfb4cbc4c94f9ff66497dd9a3061ed28,FFD8FFE000104A4649460001,961,1280,
彭健,https://www.sysu5.cn/medical-service/department-expert/doctor/1743,实采,,https://www.sysu5.cn/sites/default/files/styles/watermark/public/2024-07/1594574373348464638.jpg?itok=5LXn0NTx,01_试点医院/中山大学附属第五医院/照片/彭健-心血管内科-主任医师-中山大学附属第五医院.jpg,189338,b47f5534f1df88af137402bf2a0d6842e349525910c3dd519121d2e8ee0ae4ea,FFD8FFE000104A4649460001,593,756,
彭湖,https://www.sysu5.cn/medical-service/department-expert/doctor/2234,实采,,https://www.sysu5.cn/sites/default/files/styles/watermark/public/2024-07/20220623093938559.jpg?itok=cn2yAGJL,01_试点医院/中山大学附属第五医院/照片/彭湖-心血管内科-副主任医师-中山大学附属第五医院.jpg,262500,dedef3975f070637a2a72d76acd7eb796e3909886e4f5c8fe3d05343f2c9d07a,FFD8FFE000104A4649460001,800,985,
朱志玲,https://www.sysu5.cn/medical-service/department-expert/doctor/2242,实采,,https://www.sysu5.cn/sites/default/files/styles/watermark/public/2024-07/1594578579497789260.jpg?itok=ruBnZ8n7,01_试点医院/中山大学附属第五医院/照片/朱志玲-心血管内科-主治医师-中山大学附属第五医院.jpg,79941,b8c938cb21db9269c70abcfa354f370177fe644913708f46638b17139161b383,FFD8FFE000104A4649460001,593,756,
李松彪,https://www.sysu5.cn/medical-service/department-expert/doctor/2274,实采,,https://www.sysu5.cn/sites/default/files/styles/watermark/public/2024-07/1594579451508640349.jpg?itok=KPlB6SWm,01_试点医院/中山大学附属第五医院/照片/李松彪-心血管内科-主治医师-中山大学附属第五医院.jpg,1023976,7f2951dd2724faf69fe17c8df731fcc39cf98e5c9a77d22331212bd80c54e9e0,FFD8FFE000104A4649460001,1944,2896,
林岫芳,https://www.sysu5.cn/medical-service/department-expert/doctor/1759,实采,,https://www.sysu5.cn/sites/default/files/styles/watermark/public/2024-07/20230209153749959.png?itok=45H34JZj,01_试点医院/中山大学附属第五医院/照片/林岫芳-心血管内科-主任医师-中山大学附属第五医院.png,133118,129d908d09430d68ecab8ab717b55d988027bd2e5c2f2dcdddbb30d4caf1c7ee,89504E470D0A1A0A0000000D,290,426,
王成山,https://www.sysu5.cn/medical-service/department-expert/doctor/2208,实采,,https://www.sysu5.cn/sites/default/files/styles/watermark/public/2024-07/1594575510673642531.jpg?itok=KGssde1h,01_试点医院/中山大学附属第五医院/照片/王成山-心血管内科-副主任医师-中山大学附属第五医院.jpg,191269,397d143a45cc3e85ae465c5daac673635408ce3cb3a03b4bfca291e7da4c3ad9,FFD8FFE000104A4649460001,593,755,
王阿妮,https://www.sysu5.cn/medical-service/department-expert/doctor/2233,实采,,https://www.sysu5.cn/sites/default/files/styles/watermark/public/2024-07/20220623093214420.jpg?itok=ZQg2LwtW,01_试点医院/中山大学附属第五医院/照片/王阿妮-心血管内科-副主任医师-中山大学附属第五医院.jpg,323592,0ba002b7e968b7772e187283f69d6e15789ceea248e4bb1d6a99bcd627976d65,FFD8FFE000104A4649460001,800,1067,
罗礼云,https://www.sysu5.cn/medical-service/department-expert/doctor/2225,实采,,https://www.sysu5.cn/sites/default/files/styles/watermark/public/2024-07/20230214091019762.jpg?itok=FYsC6WnZ,01_试点医院/中山大学附属第五医院/照片/罗礼云-心血管内科-副主任医师-中山大学附属第五医院.jpg,603500,1f6b66795f962c020677bcfe28b1a2b6e9c2c5078902ef3ebceb275f6a7c0dd2,FFD8FFE000104A4649460001,2008,2815,
郭晓升,https://www.sysu5.cn/medical-service/department-expert/doctor/2295,实采,,https://www.sysu5.cn/sites/default/files/styles/watermark/public/2024-07/20231113084908654.jpg?itok=iFGmNxjh,01_试点医院/中山大学附属第五医院/照片/郭晓升-心血管内科-主治医师-中山大学附属第五医院.jpg,89975,bc7dbb655b973f54a343ef15a606d2a96c12d7c096365511f5d018275458f8e9,FFD8FFE000104A4649460001,407,596,
金莉子,https://www.sysu5.cn/medical-service/department-expert/doctor/1730,实采,,https://www.sysu5.cn/sites/default/files/styles/watermark/public/2024-07/20230511171428424.jpg?itok=akW34_B4,01_试点医院/中山大学附属第五医院/照片/金莉子-心血管内科-主任医师-中山大学附属第五医院.jpg,156917,45b1a3fa6d32baa88e96e5d95cef65bc8ff27a721caeb6ccc09c08981689fc5c,FFD8FFE000104A4649460001,625,834,
陈剑,https://www.sysu5.cn/medical-service/department-expert/doctor/1715,实采,,https://www.sysu5.cn/sites/default/files/styles/watermark/public/2025-03/1594572500282452048.jpg?itok=R9N8cta1,01_试点医院/中山大学附属第五医院/照片/陈剑-心血管内科-主任医师-中山大学附属第五医院.jpg,87496,ef52bf08caafc46a230a2df7efafd5a7f4ced6d3705352f54755fd844fa8bdfb,FFD8FFE000104A4649460001,469,648,
陈柏荣,https://www.sysu5.cn/medical-service/department-expert/doctor/1804,实采,,https://www.sysu5.cn/sites/default/files/styles/watermark/public/2025-05/%E9%99%88%E6%9F%8F%E8%8D%A320250512png.png?itok=d8HXyrPp,01_试点医院/中山大学附属第五医院/照片/陈柏荣-心血管内科-主任医师-中山大学附属第五医院.png,168130,aa0752608dcaf30f821f76b7ed5cdaba4be11156117465e9d3c92a6ca371e341,89504E470D0A1A0A0000000D,388,567,
韩君勇,https://www.sysu5.cn/medical-service/department-expert/doctor/11702,实采,,https://www.sysu5.cn/sites/default/files/styles/watermark/public/2025-03/%E9%9F%A9%E5%90%9B%E5%8B%87.jpg?itok=KEgMb-yY,01_试点医院/中山大学附属第五医院/照片/韩君勇-心血管内科-主任医师-中山大学附属第五医院.jpg,177377,1b7abebcc11c25dbee6c911834d494cc600e8a25fefec5af24d530f6501a8341,FFD8FFE000104A4649460001,593,756,
龚东,https://www.sysu5.cn/medical-service/department-expert/doctor/2240,实采,,https://www.sysu5.cn/sites/default/files/styles/watermark/public/2024-07/1594578102711346798.jpg?itok=tBVt_2lB,01_试点医院/中山大学附属第五医院/照片/龚东-心血管内科-未标注-中山大学附属第五医院.jpg,166626,9671f6a527d66c92c1ea31e46c558cd3f03f2ca81284cd217936f7be58977834,FFD8FFE000104A4649460001,593,756,
娄邵菲,https://www.sysu5.cn/medical-service/department-expert/doctor/10931,实采,,https://www.sysu5.cn/sites/default/files/styles/watermark/public/2024-07/20240705160231777.png?itok=HuDMlJiP,01_试点医院/中山大学附属第五医院/照片/娄邵菲-心血管外科-副主任医师-中山大学附属第五医院.png,126529,2641b0a1298cab379060e552b8afca1fa3e0a93e0dc768ad462cbd1529f66880,89504E470D0A1A0A0000000D,309,380,
简锴陶,https://www.sysu5.cn/medical-service/department-expert/doctor/12761,实采,,https://www.sysu5.cn/sites/default/files/styles/watermark/public/2026-03/%E7%AE%80%E9%94%B4%E9%99%B620260306.png?itok=uR2IB60M,01_试点医院/中山大学附属第五医院/照片/简锴陶-心血管外科-主任医师-中山大学附属第五医院.png,687477,d8a4da890ea3ac03a47f192d473b8d24660b325a60a22533690df2ef9fdca537,89504E470D0A1A0A0000000D,800,1065,
丁立,https://www.sysu5.cn/medical-service/department-expert/doctor/10285,实采,,https://www.sysu5.cn/sites/default/files/styles/watermark/public/2026-01/%E4%B8%81%E7%AB%8B20260114.jpg?itok=05NNMaX8,01_试点医院/中山大学附属第五医院/照片/丁立-感染病防治中心-主任医师-中山大学附属第五医院.jpg,337311,0dce45a0cc4a0f362ebd62f4d7fe0b29b2c43981a068f8364316ba6eca3f64cc,FFD8FFE000104A4649460001,800,1173,
刘健,https://www.sysu5.cn/medical-service/department-expert/doctor/10292,实采,,https://www.sysu5.cn/sites/default/files/styles/watermark/public/2024-07/1594141870747635358.jpg?itok=R84_Fmi1,01_试点医院/中山大学附属第五医院/照片/刘健-感染病防治中心-主治医师-中山大学附属第五医院.jpg,173660,41dde0e50d7a04765ab574425801b0da0c7a513dd4552dc2312d438d92ff8dcf,FFD8FFE000104A4649460001,593,756,
刘曦,https://www.sysu5.cn/medical-service/department-expert/doctor/10286,实采,,https://www.sysu5.cn/sites/default/files/styles/watermark/public/2025-03/20241204170216192.png?itok=rbUO4c_B,01_试点医院/中山大学附属第五医院/照片/刘曦-感染病防治中心-主任医师-中山大学附属第五医院.png,401634,29edd6586eeba04021dc8b21a1ac36694f6b0e15f533206332fef2ddd2cfccf5,89504E470D0A1A0A0000000D,593,756,
周耀勇,https://www.sysu5.cn/medical-service/department-expert/doctor/10289,实采,,https://www.sysu5.cn/sites/default/files/styles/watermark/public/2024-07/1594140371853310440.jpg?itok=5bHVElNa,01_试点医院/中山大学附属第五医院/照片/周耀勇-感染病防治中心-副主任医师-中山大学附属第五医院.jpg,176206,f6821ba95270b5dd5e6ca45fdb1b32e62aed45d1d0be2a969ce53bc8a0d48bb3,FFD8FFE000104A4649460001,593,756,
夏瑾瑜,https://www.sysu5.cn/medical-service/department-expert/doctor/10282,实采,,https://www.sysu5.cn/sites/default/files/styles/watermark/public/2024-07/20231211091019834.png?itok=TrnJfwrL,01_试点医院/中山大学附属第五医院/照片/夏瑾瑜-感染病防治中心-主任医师-中山大学附属第五医院.png,1868120,dbfa4625a29604cf9fc480c922b40006ffb24fd7ff1819cb062c41901dffb13b,89504E470D0A1A0A0000000D,1333,2000,
彭晓谋,https://www.sysu5.cn/medical-service/department-expert/doctor/10283,实采,,https://www.sysu5.cn/sites/default/files/styles/watermark/public/2024-07/1593995390541940744.jpg?itok=kdGdd_Kl,01_试点医院/中山大学附属第五医院/照片/彭晓谋-感染病防治中心-主任医师-中山大学附属第五医院.jpg,85490,9c04e683c540f1f856ed528a5f7fca2af566c5f116da8551cee52750a938ef86,FFD8FFE000104A4649460001,441,605,
李星华,https://www.sysu5.cn/medical-service/department-expert/doctor/10293,实采,,https://www.sysu5.cn/sites/default/files/styles/watermark/public/2024-07/1594149628535495423.jpg?itok=0hRsVyIL,01_试点医院/中山大学附属第五医院/照片/李星华-感染病防治中心-副主任医师-中山大学附属第五医院.jpg,338868,b8ef2daf082b2701e84b1751b5aa3bba71250d8d23c1411ba86da15e748cf69a,FFD8FFE000104A4649460001,800,1127,
李春娜,https://www.sysu5.cn/medical-service/department-expert/doctor/10287,实采,,https://www.sysu5.cn/sites/default/files/styles/watermark/public/2024-07/1594141601963175996.jpg?itok=MU0vZPNq,01_试点医院/中山大学附属第五医院/照片/李春娜-感染病防治中心-副主任医师-中山大学附属第五医院.jpg,160819,b18abf4fe281d96c1cf5a61fb21b0c3d400a71ef4ffadf0af7d1966416cccd5f,FFD8FFE000104A4649460001,593,756,
林敏怡,https://www.sysu5.cn/medical-service/department-expert/doctor/10294,实采,,https://www.sysu5.cn/sites/default/files/styles/watermark/public/2024-07/1594142844168216146.jpg?itok=3ECbNuUg,01_试点医院/中山大学附属第五医院/照片/林敏怡-感染病防治中心-副主任医师-中山大学附属第五医院.jpg,656423,05de60d9202ba04613430b24f9d4fac87e96856356db3071c7932454c78fe05a,FFD8FFE000104A4649460001,1393,1961,
洪仲思,https://www.sysu5.cn/medical-service/department-expert/doctor/10284,实采,,https://www.sysu5.cn/sites/default/files/styles/watermark/public/2024-07/1594140568009408947.jpg?itok=4lCl1pKp,01_试点医院/中山大学附属第五医院/照片/洪仲思-感染病防治中心-主任医师-中山大学附属第五医院.jpg,145037,fe5f913e3f0749f8575107005ea67e2b0d44a9b43595348d984a928b99ca2fd5,FFD8FFE000104A4649460001,593,756,
游风云,https://www.sysu5.cn/medical-service/department-expert/doctor/10288,实采,,https://www.sysu5.cn/sites/default/files/styles/watermark/public/2024-07/1593997251752145694.jpg?itok=moLZ2Fz4,01_试点医院/中山大学附属第五医院/照片/游风云-感染病防治中心-副主任医师-中山大学附属第五医院.jpg,161300,180312b894be3bc7ea59085036c3767aef1d03e52018395a15014454e108ac0d,FFD8FFE000104A4649460001,593,756,
肖非,https://www.sysu5.cn/medical-service/department-expert/doctor/836,实采,,https://www.sysu5.cn/sites/default/files/styles/watermark/public/2025-03/20220107135223837.jpg?itok=8VQlxPKs,01_试点医院/中山大学附属第五医院/照片/肖非-感染病防治中心-主任医师-中山大学附属第五医院.jpg,46380,8bfbf5c8c68e41e99d101ea1a6c96f7be409ec6a41b8dde318798e00dea1aa13,FFD8FFE000104A4649460001,303,379,
邓丽斯,https://www.sysu5.cn/medical-service/department-expert/doctor/10290,实采,,https://www.sysu5.cn/sites/default/files/styles/watermark/public/2024-07/1594142069032004664.jpg?itok=t-vayZlV,01_试点医院/中山大学附属第五医院/照片/邓丽斯-感染病防治中心-副主任医师-中山大学附属第五医院.jpg,50586,656f0869685b945d48a70a687782532206251ffd626008fc6df65d4afc4c0e23,FFD8FFE000104A4649460001,339,474,
陈惠丽,https://www.sysu5.cn/medical-service/department-expert/doctor/10291,实采,,https://www.sysu5.cn/sites/default/files/styles/watermark/public/2024-07/1594141787933010670.jpg?itok=GjPq1OG5,01_试点医院/中山大学附属第五医院/照片/陈惠丽-感染病防治中心-主治医师-中山大学附属第五医院.jpg,206078,17a7c9fda2f0885a2de72772c5e7cab84004b3cabf564c536ddb07d86b4372a9,FFD8FFE000104A4649460001,593,756,
刘德昭,https://www.sysu5.cn/medical-service/department-expert/doctor/10771,实采,,https://www.sysu5.cn/sites/default/files/styles/watermark/public/2024-07/20230224095016947.jpg?itok=SvZhR3so,01_试点医院/中山大学附属第五医院/照片/刘德昭-手术麻醉医学部-主任医师-中山大学附属第五医院.jpg,123529,e8d4e81602d17c6817f550a63a13b3753378f3181b513feeb30cad43d1f2b471,FFD8FFE000104A4649460001,845,1127,
李婕,https://www.sysu5.cn/medical-service/department-expert/doctor/10778,实采,,https://www.sysu5.cn/sites/default/files/styles/watermark/public/2024-07/20230825172606148.jpg?itok=r8_eKbNO,01_试点医院/中山大学附属第五医院/照片/李婕-手术麻醉医学部-主治医师-中山大学附属第五医院.jpg,187701,2cad139e711fa4896a70c31a77866150ee1d8fb180987ec2915e09bcc732d44c,FFD8FFE000104A4649460001,650,945,
杨禄坤,https://www.sysu5.cn/medical-service/department-expert/doctor/10772,实采,,https://www.sysu5.cn/sites/default/files/styles/watermark/public/2024-07/20230626104547655.jpg?itok=Su-5pkvM,01_试点医院/中山大学附属第五医院/照片/杨禄坤-手术麻醉医学部-主任医师-中山大学附属第五医院.jpg,36366,1375f75ae0dd1ccdb2dce7bb79821173bdd40ae40712ca94f66cc4070386f0b3,FFD8FFE000104A4649460001,361,383,
张亚琴,https://www.sysu5.cn/medical-service/department-expert/doctor/10843,实采,,https://www.sysu5.cn/sites/default/files/styles/watermark/public/2024-07/1595532767758818132.jpg?itok=H930xSE0,01_试点医院/中山大学附属第五医院/照片/张亚琴-放射科-主任医师-中山大学附属第五医院.jpg,124559,fce368d5fd876eaa9eedb3d35ccd079e2f68c788e895dc88ed457156b7c75adc,FFD8FFE000104A4649460001,483,663,
方义杰,https://www.sysu5.cn/medical-service/department-expert/doctor/10915,实采,,https://www.sysu5.cn/sites/default/files/styles/watermark/public/2024-07/20240618165803751.png?itok=fFQ_WeMu,01_试点医院/中山大学附属第五医院/照片/方义杰-放射科-副主任医师-中山大学附属第五医院.png,241320,b1726c954cfa04489887056e1f5efcf64bb4719d60f6dd35cf93d83917f20094,89504E470D0A1A0A0000000D,413,583,
李坤炜,https://www.sysu5.cn/medical-service/department-expert/doctor/11723,实采,,https://www.sysu5.cn/sites/default/files/styles/watermark/public/2025-03/%E6%9D%8E%E5%9D%A4%E7%82%9C.jpg?itok=m7j5BTcZ,01_试点医院/中山大学附属第五医院/照片/李坤炜-放射科-副主任医师-中山大学附属第五医院.png,199301,ec424859dcc3c0a3637128cec143820f8f354e91263c2b6b856f08365d02df55,89504E470D0A1A0A0000000D,381,563,
李颖勤,https://www.sysu5.cn/medical-service/department-expert/doctor/11722,实采,,https://www.sysu5.cn/sites/default/files/styles/watermark/public/2025-03/%E6%9D%8E%E9%A2%96%E5%8B%A4.jpg?itok=AaysT0Kt,01_试点医院/中山大学附属第五医院/照片/李颖勤-放射科-副主任医师-中山大学附属第五医院.png,262492,0191776f58efc38816e922b700e2d2ac361e8beccad0bbd3e1b9e141e10168ba,89504E470D0A1A0A0000000D,409,586,
梁明柱,https://www.sysu5.cn/medical-service/department-expert/doctor/10914,实采,,https://www.sysu5.cn/sites/default/files/styles/watermark/public/2024-07/20240618165103155.png?itok=2XyiP52y,01_试点医院/中山大学附属第五医院/照片/梁明柱-放射科-副主任医师-中山大学附属第五医院.png,355943,cb6ef27c4178871df73f417756dcc755711aad81af74fe2ffdf3b700449ef7b2,89504E470D0A1A0A0000000D,463,591,
潘存雪,https://www.sysu5.cn/medical-service/department-expert/doctor/11724,实采,,https://www.sysu5.cn/sites/default/files/styles/watermark/public/2025-03/%E6%BD%98%E5%AD%98%E9%9B%AA.png?itok=nR3b0Zis,01_试点医院/中山大学附属第五医院/照片/潘存雪-放射科-副主任医师-中山大学附属第五医院.png,359032,c4ce400880253f461d5506a3217ee348a9f25f14dc496f3c4bd5cf585042b507,89504E470D0A1A0A0000000D,417,587,
章作铨,https://www.sysu5.cn/medical-service/department-expert/doctor/11676,实采,,https://www.sysu5.cn/sites/default/files/styles/watermark/public/2024-11/20240802091602267.png?itok=P6lq_8Mg,01_试点医院/中山大学附属第五医院/照片/章作铨-放射科-副主任医师-中山大学附属第五医院.png,282628,4dc96062c857ac143cb72fb04a0fe1c73f851f40578865d54bd5de74fff02e8a,89504E470D0A1A0A0000000D,424,592,
丛云燕,https://www.sysu5.cn/medical-service/department-expert/doctor/13606,实采,,https://www.sysu5.cn/sites/default/files/styles/watermark/public/2026-03/%E4%B8%9B%E4%BA%91%E7%87%95%20%EF%BC%88135254%EF%BC%8920260320%20.png?itok=LzG5ERmo,01_试点医院/中山大学附属第五医院/照片/丛云燕-放射肿瘤科-主治医师-中山大学附属第五医院.png,336514,20b3daf5cb318847939036ce8f99b1b2e3fbbaf6aaf3e7b6309b0d3fbcb458d7,89504E470D0A1A0A0000000D,454,583,
刘佳妮,https://www.sysu5.cn/medical-service/department-expert/doctor/10898,实采,,https://www.sysu5.cn/sites/default/files/styles/watermark/public/2024-07/20240507103111881.png?itok=c-naLavN,01_试点医院/中山大学附属第五医院/照片/刘佳妮-放射肿瘤科-副主任医师-中山大学附属第五医院.png,281616,600c91d3e9a819cc915fa0a8aa2c26c603cb6377629213de8086effa02cfdbd9,89504E470D0A1A0A0000000D,399,460,
刘巧丹,https://www.sysu5.cn/medical-service/department-expert/doctor/10885,实采,,https://www.sysu5.cn/sites/default/files/styles/watermark/public/2024-11/20240822174550839.png?itok=vHE-6Do8,01_试点医院/中山大学附属第五医院/照片/刘巧丹-放射肿瘤科-副主任医师-中山大学附属第五医院.png,159058,945f0549357a244803649c405a470097ceb0ef4c7539c5dc0a0b67a372d4bf70,89504E470D0A1A0A0000000D,396,474,
常克杰,https://www.sysu5.cn/medical-service/department-expert/doctor/13355,实采,,https://www.sysu5.cn/sites/default/files/styles/watermark/public/2026-01/%E5%B8%B8%E5%85%8B%E6%9D%B0%20%E6%94%BE%E5%B0%84%E8%82%BF%E7%98%A4%2020260104.png?itok=AwdGPAkh,01_试点医院/中山大学附属第五医院/照片/常克杰-放射肿瘤科-主治医师-中山大学附属第五医院.png,346838,8e3c5e99db0ae6a1765078481a286755e0917a4586635a818b54f3c815302c4b,89504E470D0A1A0A0000000D,421,582,
张帆,https://www.sysu5.cn/medical-service/department-expert/doctor/10889,实采,,https://www.sysu5.cn/sites/default/files/styles/watermark/public/2025-10/%E5%BC%A0%E5%B8%86%E9%BC%BB%E5%92%BD%E5%96%89%E7%99%8C%E7%A7%9120251016.png?itok=WHmntZRr,01_试点医院/中山大学附属第五医院/照片/张帆-放射肿瘤科-副主任医师-中山大学附属第五医院.png,276636,db7d9d6df9b95e271a5c9ca365da9c22149623e258a5727e027007363a706998,89504E470D0A1A0A0000000D,477,589,
彭顺利,https://www.sysu5.cn/medical-service/department-expert/doctor/11690,实采,,https://www.sysu5.cn/sites/default/files/styles/watermark/public/2025-03/%E5%BD%AD%E9%A1%BA%E5%88%A9.png?itok=pG2kw7bF,01_试点医院/中山大学附属第五医院/照片/彭顺利-放射肿瘤科-主治医师-中山大学附属第五医院.png,215389,ec6fb2a367ef64f1c92d7b34be7993271f60360a3e224e4fdd297e9f7e360885,89504E470D0A1A0A0000000D,369,523,
徐西伟,https://www.sysu5.cn/medical-service/department-expert/doctor/10893,实采,,https://www.sysu5.cn/sites/default/files/styles/watermark/public/2026-02/%E5%BE%90%E8%A5%BF%E4%BC%9F20260224.png?itok=cJHWWxIc,01_试点医院/中山大学附属第五医院/照片/徐西伟-放射肿瘤科-副主任医师-中山大学附属第五医院.png,261759,35ed80b6c07740c4e8b7b1834d26e4a7b5a6f58beb743d402a0d9904adecd2f5,89504E470D0A1A0A0000000D,409,562,
文津明,https://www.sysu5.cn/medical-service/department-expert/doctor/12231,实采,,https://www.sysu5.cn/sites/default/files/styles/watermark/public/2025-04/20250410161229463.jpg?itok=OmiHRBxj,01_试点医院/中山大学附属第五医院/照片/文津明-放射肿瘤科-副主任医师-中山大学附属第五医院.jpg,116909,d36feabd3f36ff9a03ccb9b25ead07c9fd1cefbbdb88970920802a5bf136ae21,FFD8FFE000104A4649460001,600,753,
李光烈,https://www.sysu5.cn/medical-service/department-expert/doctor/10913,实采,,https://www.sysu5.cn/sites/default/files/styles/watermark/public/2024-07/20240618164539107.png?itok=g02XZlF9,01_试点医院/中山大学附属第五医院/照片/李光烈-放射肿瘤科-主治医师-中山大学附属第五医院.png,273041,937c438046c0b0f99218e1e29b8fa7ec1c496679bba771b831d38cbfc5d0242a,89504E470D0A1A0A0000000D,423,590,
杨光伟,https://www.sysu5.cn/medical-service/department-expert/doctor/10301,实采,,https://www.sysu5.cn/sites/default/files/styles/watermark/public/2024-07/1594230080866886013.jpg?itok=Aosftw5-,01_试点医院/中山大学附属第五医院/照片/杨光伟-放射肿瘤科-主任医师-中山大学附属第五医院.jpg,322913,c1afe4f04a0285afd94e8f29e84363dc7389005b2b8e5139a27a203200992a40,FFD8FFE000104A4649460001,768,1063,
梁子彬,https://www.sysu5.cn/medical-service/department-expert/doctor/10298,实采,,https://www.sysu5.cn/sites/default/files/styles/watermark/public/2024-07/20220107140433968.jpg?itok=TuTbcB2H,01_试点医院/中山大学附属第五医院/照片/梁子彬-放射肿瘤科-副主任医师-中山大学附属第五医院.jpg,165432,fb95120525b18825d230ae5951adec3ede69f7fa1f59d0f38000879e67164972,FFD8FFE000104A4649460001,593,756,
游瑞,https://www.sysu5.cn/medical-service/department-expert/doctor/10876,实采,,https://www.sysu5.cn/sites/default/files/styles/watermark/public/2024-07/20240402125127120.png?itok=uoxou4Xq,01_试点医院/中山大学附属第五医院/照片/游瑞-放射肿瘤科-主治医师-中山大学附属第五医院.png,212667,82a9e22635c672480ab4cc4e02503e2f6fd9ed1a4bcb5baaee1873b1e7947443,89504E470D0A1A0A0000000D,462,667,
王华平,https://www.sysu5.cn/medical-service/department-expert/doctor/10880,实采,,https://www.sysu5.cn/sites/default/files/styles/watermark/public/2024-07/20220107140146843.png?itok=woOCrBnH,01_试点医院/中山大学附属第五医院/照片/王华平-放射肿瘤科-主任医师-中山大学附属第五医院.png,20601,68df1f1018706c2e55aced55a8705d1cbcaa97111ba229ba31d636fca69bc951,89504E470D0A1A0A0000000D,105,145,
王思阳,https://www.sysu5.cn/medical-service/department-expert/doctor/10867,实采,,https://www.sysu5.cn/sites/default/files/styles/watermark/public/2024-07/1594147022209395927.jpg?itok=fshXUvSy,01_试点医院/中山大学附属第五医院/照片/王思阳-放射肿瘤科-主任医师-中山大学附属第五医院.jpg,93048,3ac56d2671f4637946533fcd3501909ae1870f000eef87fe9fec1fd3a84231c9,FFD8FFE000104A4649460001,390,567,
程志斌,https://www.sysu5.cn/medical-service/department-expert/doctor/10872,实采,,https://www.sysu5.cn/sites/default/files/styles/watermark/public/2024-07/1594147814023555567.png?itok=SFG9qxwZ,01_试点医院/中山大学附属第五医院/照片/程志斌-放射肿瘤科-主任医师-中山大学附属第五医院.png,22635,95e9793bdf086eed7dc59f26b44ea7ab913a40a40bbc5da7051cc9ebb2098a35,89504E470D0A1A0A0000000D,105,145,
金亚南,https://www.sysu5.cn/medical-service/department-expert/doctor/13042,实采,,https://www.sysu5.cn/sites/default/files/styles/watermark/public/2025-10/%E9%87%91%E4%BA%9A%E5%8D%97%20%E6%94%BE%E5%B0%84%E8%82%BF%E7%98%A4%E7%A7%9120251021.png?itok=R9I-_7b3,01_试点医院/中山大学附属第五医院/照片/金亚南-放射肿瘤科-副主任医师-中山大学附属第五医院.png,332262,19c982a9800f6576a1d3d9d4997220dc9133086a5c93b4d089a862e6804a51a3,89504E470D0A1A0A0000000D,437,564,
黄兵江,https://www.sysu5.cn/medical-service/department-expert/doctor/13605,实采,,https://www.sysu5.cn/sites/default/files/styles/watermark/public/2026-03/%E9%BB%84%E5%85%B5%E6%B1%9F%EF%BC%88185346%EF%BC%8920260311.png?itok=WILMpfRd,01_试点医院/中山大学附属第五医院/照片/黄兵江-放射肿瘤科-主治医师-中山大学附属第五医院.png,308287,640d83915edede4ef4e9ab6d20b92af4e1fee8409198496958d20a770f0334c7,89504E470D0A1A0A0000000D,477,574,
徐丹,https://www.sysu5.cn/medical-service/department-expert/doctor/10281,实采,,https://www.sysu5.cn/sites/default/files/styles/watermark/public/2024-07/20230224093434324.jpg?itok=7WuFU-1A,01_试点医院/中山大学附属第五医院/照片/徐丹-新生儿科-主治医师-中山大学附属第五医院.jpg,249679,282b23a3e3c27dceedd061eaae818249bb9725d10156a13f1bcd135c4ad6e06c,FFD8FFE000104A4649460001,758,1050,
谭宁,https://www.sysu5.cn/medical-service/department-expert/doctor/10279,实采,,https://www.sysu5.cn/sites/default/files/styles/watermark/public/2024-07/20220321164936464.jpg?itok=DPh1BGvz,01_试点医院/中山大学附属第五医院/照片/谭宁-新生儿科-主任医师-中山大学附属第五医院.jpg,86770,a054dde31a285067c0e992672b3316d384b2bf0bce07e333b3d8a8cdb9cefa32,FFD8FFE000104A4649460001,583,800,
郭佳,https://www.sysu5.cn/medical-service/department-expert/doctor/10280,实采,,https://www.sysu5.cn/sites/default/files/styles/watermark/public/2024-07/1563735733866638612.png?itok=TTvrgpo7,01_试点医院/中山大学附属第五医院/照片/郭佳-新生儿科-副主任医师-中山大学附属第五医院.png,806244,dac22affbbfa8757304785a2512f8fe8339fd4dc28f1906a8f6109a480de0269,89504E470D0A1A0A0000000D,1153,1624,
唐彩华,https://www.sysu5.cn/medical-service/department-expert/doctor/10842,实采,,https://www.sysu5.cn/sites/default/files/styles/watermark/public/2024-07/1595545873959966850.jpg?itok=gzYnxnrA,01_试点医院/中山大学附属第五医院/照片/唐彩华-核医学科-副主任医师-中山大学附属第五医院.jpg,148754,257f69dc9062edc698958ff32f80dcabcb1aefa326456dd1cd9ee9dcf5bf1daf,FFD8FFE000104A4649460001,593,756,
王颖,https://www.sysu5.cn/medical-service/department-expert/doctor/10838,实采,,https://www.sysu5.cn/sites/default/files/styles/watermark/public/2024-07/1595545627967141747.jpg?itok=cr_x_Pty,01_试点医院/中山大学附属第五医院/照片/王颖-核医学科-主任医师-中山大学附属第五医院.jpg,110547,04215c5523fa153be98ed54ba7343a8ff27a04bd7e4aa049ab69c724730560e0,FFD8FFE000104A4649460001,549,800,
印英豪,https://www.sysu5.cn/medical-service/department-expert/doctor/12626,实采,,https://www.sysu5.cn/sites/default/files/styles/watermark/public/2025-07/%E5%8D%B0%E8%8B%B1%E8%B1%AA20250701.png?itok=CXq4_RRn,01_试点医院/中山大学附属第五医院/照片/印英豪-泌尿外科-副主任医师-中山大学附属第五医院.png,365682,674aa39e2ee6f46a48f87b94e02c77422aae3ddc184db49d68c80d3db0105c2e,89504E470D0A1A0A0000000D,408,587,
庄声洲,https://www.sysu5.cn/medical-service/department-expert/doctor/10871,实采,,https://www.sysu5.cn/sites/default/files/styles/watermark/public/2024-07/1594837929444444952.jpg?itok=x-kJouzI,01_试点医院/中山大学附属第五医院/照片/庄声洲-泌尿外科-副主任医师-中山大学附属第五医院.jpg,309428,51b3c90439ef10f959686136b7eff5dfb0145aea1d30a9100047e45372bcabfb,FFD8FFE000104A4649460001,800,1200,
延敏博,https://www.sysu5.cn/medical-service/department-expert/doctor/10903,实采,,https://www.sysu5.cn/sites/default/files/styles/watermark/public/2024-07/20240507111903392.jpg?itok=q5VTTmze,01_试点医院/中山大学附属第五医院/照片/延敏博-泌尿外科-副主任医师-中山大学附属第五医院.jpg,313364,8194ce2f7dd0c7b9221c755fac9fcb2b931c050fd930d538fed12ae6baec1113,FFD8FFE000104A4649460001,800,1200,
戴英波,https://www.sysu5.cn/medical-service/department-expert/doctor/10857,实采,,https://www.sysu5.cn/sites/default/files/styles/watermark/public/2024-07/1594834326782351055.jpg?itok=VNmQPVwS,01_试点医院/中山大学附属第五医院/照片/戴英波-泌尿外科-主任医师-中山大学附属第五医院.jpg,220552,7bf7c4f3515f8f5620409bc4d2e850c3ccb865d6a2187d29b4f868380765ce85,FFD8FFE000104A4649460001,1080,1628,
李亚伟,https://www.sysu5.cn/medical-service/department-expert/doctor/10883,实采,,https://www.sysu5.cn/sites/default/files/styles/watermark/public/2024-07/20220313085738666.jpg?itok=Kq4DcQIE,01_试点医院/中山大学附属第五医院/照片/李亚伟-泌尿外科-副主任医师-中山大学附属第五医院.jpg,231431,589c059349c3af96e938d91d41fcc6ad34abcb4f33b88ccc42279e4d72cb216a,FFD8FFE000104A4649460001,691,921,
杜传福,https://www.sysu5.cn/medical-service/department-expert/doctor/10926,实采,,https://www.sysu5.cn/sites/default/files/styles/watermark/public/2024-07/20240705144832329.jpg?itok=0Eh8X7Ji,01_试点医院/中山大学附属第五医院/照片/杜传福-泌尿外科-主任医师-中山大学附属第五医院.jpg,207905,12480e96931dfa99dc74d2ad0f26d1384ccc071eb362955203d3f1ec1eafc436,FFD8FFE000104A4649460001,598,850,
林天歆,https://www.sysu5.cn/medical-service/department-expert/doctor/761,实采,,https://www.sysu5.cn/sites/default/files/styles/watermark/public/2025-04/20250409095458.png?itok=Crq2eIvt,01_试点医院/中山大学附属第五医院/照片/林天歆-泌尿外科-主任医师-中山大学附属第五医院.png,153223,eb9a2cc7ca4ce3873f54699449db8c957c37049d8d4c09a828a0803f41bef37c,89504E470D0A1A0A0000000D,334,400,
江东,https://www.sysu5.cn/medical-service/department-expert/doctor/10897,实采,,https://www.sysu5.cn/sites/default/files/styles/watermark/public/2024-07/1594839245573095280.jpg?itok=OHkoKkdd,01_试点医院/中山大学附属第五医院/照片/江东-泌尿外科-副主任医师-中山大学附属第五医院.jpg,382624,a7deeb7937e583f5b7045928fd73c19f4ab6ed635f962c669b4831ce13606d07,FFD8FFE000104A4649460001,800,1200,
汤育新,https://www.sysu5.cn/medical-service/department-expert/doctor/10859,实采,,https://www.sysu5.cn/sites/default/files/styles/watermark/public/2025-03/1594835525324624063.jpg?itok=Iu62QLS3,01_试点医院/中山大学附属第五医院/照片/汤育新-泌尿外科-主任医师-中山大学附属第五医院.jpg,193867,e39b1d2ea0e21b79d73b395dff1b4567f211c11cfa2f26023d032ba25716aa20,FFD8FFE000104A4649460001,800,1200,
练文飞,https://www.sysu5.cn/medical-service/department-expert/doctor/10905,实采,,https://www.sysu5.cn/sites/default/files/styles/watermark/public/2024-07/20220107135537154.jpg?itok=UB8yMmH2,01_试点医院/中山大学附属第五医院/照片/练文飞-泌尿外科-主治医师-中山大学附属第五医院.jpg,314018,280266d583690dc0e1946307bf01a556a09c7d40d9fb82286f6b277a10e0a254,FFD8FFE000104A4649460001,800,1200,
贾英斌,https://www.sysu5.cn/medical-service/department-expert/doctor/10887,实采,,https://www.sysu5.cn/sites/default/files/styles/watermark/public/2024-07/1594753279925001536.jpg?itok=550VTcIB,01_试点医院/中山大学附属第五医院/照片/贾英斌-泌尿外科-副主任医师-中山大学附属第五医院.jpg,81733,ed361bb3c60fdac8164b58e2810e61f624270fd4a14883923024a00b112cb425,FFD8FFE000104A4649460001,593,756,
赵亮宇,https://www.sysu5.cn/medical-service/department-expert/doctor/13851,实采,,https://www.sysu5.cn/sites/default/files/styles/watermark/public/2026-05/%E8%B5%B5%E5%AE%87%E4%BA%AE20260508.png?itok=1LwnvpPW,01_试点医院/中山大学附属第五医院/照片/赵亮宇-泌尿外科-主治医师-中山大学附属第五医院.png,237976,de46591c2faf8672caccc3bdd6bb118f06ae1b71f3816ba736109fe41cfe0f2b,89504E470D0A1A0A0000000D,435,547,
郑浩,https://www.sysu5.cn/medical-service/department-expert/doctor/10892,实采,,https://www.sysu5.cn/sites/default/files/styles/watermark/public/2024-07/1594838754904694277.jpg?itok=gbkbCzWI,01_试点医院/中山大学附属第五医院/照片/郑浩-泌尿外科-副主任医师-中山大学附属第五医院.jpg,329754,4581556c5b4c11d7da546f516244d7306da3453efedad35a3f47659ab3c7508e,FFD8FFE000104A4649460001,800,1207,
黄书畅,https://www.sysu5.cn/medical-service/department-expert/doctor/10911,实采,,https://www.sysu5.cn/sites/default/files/styles/watermark/public/2024-07/1594839675743256847.jpg?itok=rBu84A-i,01_试点医院/中山大学附属第五医院/照片/黄书畅-泌尿外科-主治医师-中山大学附属第五医院.jpg,266545,cae4de9e304d114884b4c086206bacdd5c63818443d9279afa544954b14441da,FFD8FFE000104A4649460001,800,1200,
伍百贺,https://www.sysu5.cn/medical-service/department-expert/doctor/855,实采,,https://www.sysu5.cn/sites/default/files/styles/watermark/public/2024-07/1593370319788477821.jpg?itok=rNq5alpa,01_试点医院/中山大学附属第五医院/照片/伍百贺-消化内科-副主任医师-中山大学附属第五医院.jpg,156649,8e2ac0816ae9d90094f5bdd36d68ba776dfe6b42cc2b3294e29737f1940015f2,FFD8FFE000104A4649460001,593,756,
卫金歧,https://www.sysu5.cn/medical-service/department-expert/doctor/850,实采,,https://www.sysu5.cn/sites/default/files/styles/watermark/public/2024-07/1593368351820006271.jpg?itok=KkfnnA5x,01_试点医院/中山大学附属第五医院/照片/卫金歧-消化内科-主任医师-中山大学附属第五医院.jpg,162361,9e460720bfbe3394a8e81a21f203b8a370154d7130c68e4e22614f2508320dc1,FFD8FFE000104A4649460001,593,756,
古志强,https://www.sysu5.cn/medical-service/department-expert/doctor/900,实采,,https://www.sysu5.cn/sites/default/files/styles/watermark/public/2024-07/1579477468925093238.jpg?itok=7El1KUgK,01_试点医院/中山大学附属第五医院/照片/古志强-消化内科-主治医师-中山大学附属第五医院.jpg,33508,eaa0fb35233d021b309ab080285cbfb209cf9814575ecae8a0e0058b58f9b5ab,FFD8FFE000104A4649460001,234,329,
周小军,https://www.sysu5.cn/medical-service/department-expert/doctor/852,实采,,https://www.sysu5.cn/sites/default/files/styles/watermark/public/2024-07/1593368760185381749.jpg?itok=OdrK7hhz,01_试点医院/中山大学附属第五医院/照片/周小军-消化内科-副主任医师-中山大学附属第五医院.jpg,164847,91ab5997f8587bb7b9268be4be8a2bb1c552942d0a62c9edee3b99f8a1d04be7,FFD8FFE000104A4649460001,593,756,
周怀力,https://www.sysu5.cn/medical-service/department-expert/doctor/851,实采,,https://www.sysu5.cn/sites/default/files/styles/watermark/public/2024-07/1468267210938015141.jpg?itok=o0dBhpaH,01_试点医院/中山大学附属第五医院/照片/周怀力-消化内科-副主任医师-中山大学附属第五医院.jpg,176626,08b9c5b087ec20214fa6eb51d8bc5606c1245c7faf139e64e8b88fb0825fc8d7,FFD8FFE000104A4649460001,593,756,
李啸峰,https://www.sysu5.cn/medical-service/department-expert/doctor/848,实采,,https://www.sysu5.cn/sites/default/files/styles/watermark/public/2024-07/20231227152811690.png?itok=RvHnn0F1,01_试点医院/中山大学附属第五医院/照片/李啸峰-消化内科-主任医师-中山大学附属第五医院.png,246443,38ff043abe4e033566141ce8cb77d00f067a8a89c4ed0b0fb22a7248b56b4fe3,89504E470D0A1A0A0000000D,390,567,
赖人旭,https://www.sysu5.cn/medical-service/department-expert/doctor/849,实采,,https://www.sysu5.cn/sites/default/files/styles/watermark/public/2024-07/1468264876625027861_0.jpg?itok=bZ3XJXAU,01_试点医院/中山大学附属第五医院/照片/赖人旭-消化内科-主任医师-中山大学附属第五医院.jpg,190843,21e2adf08c437b3daf813e0cb930ad275ec95ee7224ae40f4d4245948b24efce,FFD8FFE000104A4649460001,591,756,
路静,https://www.sysu5.cn/medical-service/department-expert/doctor/899,实采,,https://www.sysu5.cn/sites/default/files/styles/watermark/public/2025-05/%E8%B7%AF%E9%9D%9920250522.jpg?itok=HnOVay-C,01_试点医院/中山大学附属第五医院/照片/路静-消化内科-主治医师-中山大学附属第五医院.jpg,92981,4c01c7f05b9a23abd8e709e6a7414d6936eae46895c7543f4ddff60da7e15c7f,FFD8FFE000104A4649460001,390,568,
郭惠学,https://www.sysu5.cn/medical-service/department-expert/doctor/847,实采,,https://www.sysu5.cn/sites/default/files/styles/watermark/public/2024-07/1593366674219801076.jpg?itok=BYEY2vqM,01_试点医院/中山大学附属第五医院/照片/郭惠学-消化内科-主任医师-中山大学附属第五医院.jpg,196725,5fa64bac0305a85963536f6b05c93b0d8698d57e17b54cd98b28a90b9d4ad44f,FFD8FFE000104A4649460001,593,756,
韩岩智,https://www.sysu5.cn/medical-service/department-expert/doctor/854,实采,,https://www.sysu5.cn/sites/default/files/styles/watermark/public/2024-07/1593368915940437293.jpg?itok=7KftUJkb,01_试点医院/中山大学附属第五医院/照片/韩岩智-消化内科-副主任医师-中山大学附属第五医院.jpg,85058,4bea80de381283320bd0fc5bdbf651deb1e6cfc2feb071bf8fe25f51e5b5101a,FFD8FFE000104A4649460001,372,524,
高敏照,https://www.sysu5.cn/medical-service/department-expert/doctor/856,实采,,https://www.sysu5.cn/sites/default/files/styles/watermark/public/2024-07/20220107135053325.jpg?itok=8VdCMH2i,01_试点医院/中山大学附属第五医院/照片/高敏照-消化内科-主治医师-中山大学附属第五医院.jpg,155777,efa0a9aea84d261143594f465c189776a2f5eb21148ee99e0f233e232a83723e,FFD8FFE000104A4649460001,591,756,
麦蕾,https://www.sysu5.cn/medical-service/department-expert/doctor/898,实采,,https://www.sysu5.cn/sites/default/files/styles/watermark/public/2024-07/1593370642555634878.jpg?itok=4xaO2-jg,01_试点医院/中山大学附属第五医院/照片/麦蕾-消化内科-主治医师-中山大学附属第五医院.jpg,147166,eccf965e5af18b9a6bee73f2b87cac7bae2e8eff7e5cb2b64171dcbc3f181ac4,FFD8FFE000104A4649460001,593,756,
刘子丞,https://www.sysu5.cn/medical-service/department-expert/doctor/9816,实采,,https://www.sysu5.cn/sites/default/files/styles/watermark/public/2024-07/20240111160540515.png?itok=s7EkuBXE,01_试点医院/中山大学附属第五医院/照片/刘子丞-生殖医学中心-医师-中山大学附属第五医院.png,370144,b31a77ceca25a32a86686a2ced11232915b11ba50944396547c6db412475cea0,89504E470D0A1A0A0000000D,600,800,
吴重聪,https://www.sysu5.cn/medical-service/department-expert/doctor/9537,实采,,https://www.sysu5.cn/sites/default/files/styles/watermark/public/2025-09/%E5%90%B4%E9%87%8D%E8%81%AA20250925.jpg?itok=7qSDqYCI,01_试点医院/中山大学附属第五医院/照片/吴重聪-生殖医学中心-主任医师-中山大学附属第五医院.jpg,53519,bf85d55ef223579ff6ed64f52151c7d09c0a8c4f13daefa74f8777f9c3bcafb7,FFD8FFE000104A4649460001,390,567,
谭焱,https://www.sysu5.cn/medical-service/department-expert/doctor/9565,实采,,https://www.sysu5.cn/sites/default/files/styles/watermark/public/2026-01/%E8%B0%AD%E7%84%B1.jpg?itok=2eaivyZx,01_试点医院/中山大学附属第五医院/照片/谭焱-生殖医学中心-主治医师-中山大学附属第五医院.jpg,386632,6bf9b723e4d87e99e3e3efc8c9590dc67d16fe8ec32edce3179e29e7fe08b9b0,FFD8FFE000104A4649460001,984,1378,
张华勇,https://www.sysu5.cn/medical-service/department-expert/doctor/3099,实采,,https://www.sysu5.cn/sites/default/files/styles/watermark/public/2025-07/%E5%BC%A0%E5%8D%8E%E5%8B%8720250728.png?itok=y6z0FeLO,01_试点医院/中山大学附属第五医院/照片/张华勇-甲状腺乳腺外科-主任医师-中山大学附属第五医院.png,174643,77f7a76cc0a74ae2c35909a436d29156c96f9132f5975cdd2130a555ba7b90d3,89504E470D0A1A0A0000000D,385,540,
曾庆安,https://www.sysu5.cn/medical-service/department-expert/doctor/2932,实采,,https://www.sysu5.cn/sites/default/files/styles/watermark/public/2024-07/1594768554855669446.jpg?itok=RlYypHQP,01_试点医院/中山大学附属第五医院/照片/曾庆安-甲状腺乳腺外科-主任医师-中山大学附属第五医院.jpg,153964,4ab3c20ae4f11a085baaaf680689043c1a67e1827edcaed9650c429e126de45c,FFD8FFE000104A4649460001,540,758,
李毅,https://www.sysu5.cn/medical-service/department-expert/doctor/3119,实采,,https://www.sysu5.cn/sites/default/files/styles/watermark/public/2024-07/20220313081431504.jpg?itok=9ZHcYDjA,01_试点医院/中山大学附属第五医院/照片/李毅-甲状腺乳腺外科-副主任医师-中山大学附属第五医院.jpg,192015,cbf6d8fa4fb4208a6be4602a3e3f862038f29ee89414c7f812cf992d20a44dd8,FFD8FFE000104A4649460001,1080,1357,
杨志伟,https://www.sysu5.cn/medical-service/department-expert/doctor/3122,实采,,https://www.sysu5.cn/sites/default/files/styles/watermark/public/2024-07/1594831746244227759.jpg?itok=EgIdW_TA,01_试点医院/中山大学附属第五医院/照片/杨志伟-甲状腺乳腺外科-主治医师-中山大学附属第五医院.jpg,176991,33cce85a35e21acbcdd40c69cc57a4ec8837c917f16e3f0130b256a89386cc17,FFD8FFE000104A4649460001,593,756,
梁建深,https://www.sysu5.cn/medical-service/department-expert/doctor/3120,实采,,https://www.sysu5.cn/sites/default/files/styles/watermark/public/2024-07/1594774160822818653.jpg?itok=JKiQobVE,01_试点医院/中山大学附属第五医院/照片/梁建深-甲状腺乳腺外科-主治医师-中山大学附属第五医院.jpg,83453,bd58e45521b8eee5576822b67245b62db6027e67b2468f9ff4c9a00f93f035d4,FFD8FFE000104A4649460001,593,756,
殷放,https://www.sysu5.cn/medical-service/department-expert/doctor/3007,实采,,https://www.sysu5.cn/sites/default/files/styles/watermark/public/2024-07/1594773259508594615.jpg?itok=9Y2jE_XN,01_试点医院/中山大学附属第五医院/照片/殷放-甲状腺乳腺外科-副主任医师-中山大学附属第五医院.jpg,74238,86194f84d4e8feb8cf01aac4d767d4580af29b4c67d77c32c50e967fc8d9c7c5,FFD8FFE000104A4649460001,390,567,
翁泽滨,https://www.sysu5.cn/medical-service/department-expert/doctor/3121,实采,,https://www.sysu5.cn/sites/default/files/styles/watermark/public/2026-01/%E7%BF%81%E6%B3%BD%E6%BB%A8%20%E7%94%B2%E4%B9%B3%E7%A7%9120260105.png?itok=YIQsggyL,01_试点医院/中山大学附属第五医院/照片/翁泽滨-甲状腺乳腺外科-主治医师-中山大学附属第五医院.png,317595,43317257be12fa703cdf37cb6e8dbf586b98b6b44361236f9921684f591d3e7f,89504E470D0A1A0A0000000D,504,583,
罗娟,https://www.sysu5.cn/medical-service/department-expert/doctor/14025,实采,,https://www.sysu5.cn/sites/default/files/styles/watermark/public/2026-08/%E7%BD%97%20%20%20%E5%A8%9F%20.jpg?itok=ASnS26W1,01_试点医院/中山大学附属第五医院/照片/罗娟-皮肤科-主治医师-中山大学附属第五医院.jpg,38649,98ecdd4a6e6ed07a659840694cfe53749d1f96c157c4f61f0ac9181354ad6e17,FFD8FFE000104A4649460001,282,388,
肖佐环,https://www.sysu5.cn/medical-service/department-expert/doctor/10760,实采,,https://www.sysu5.cn/sites/default/files/styles/watermark/public/2024-07/1595376537104177701.jpg?itok=a9DIlbxT,01_试点医院/中山大学附属第五医院/照片/肖佐环-皮肤科-副主任医师-中山大学附属第五医院.jpg,53073,e91e35aff737757101efa6a8f9beb24b56868c2a7e04db0bb997ff47da0f14c2,FFD8FFE000104A4649460001,354,472,
胡晓艳,https://www.sysu5.cn/medical-service/department-expert/doctor/10759,实采,,https://www.sysu5.cn/sites/default/files/styles/watermark/public/2024-07/20220624164500854.jpg?itok=w6f76PO7,01_试点医院/中山大学附属第五医院/照片/胡晓艳-皮肤科-副主任医师-中山大学附属第五医院.jpg,382334,7d6ec2dd2c89efa37c54b95c429edcb5ad8cea632eb4901975243c6a1d740557,FFD8FFE000104A4649460001,1070,1499,
马寒,https://www.sysu5.cn/medical-service/department-expert/doctor/10758,实采,,https://www.sysu5.cn/sites/default/files/styles/watermark/public/2024-07/1595376016758337429.jpg?itok=eqcVhVQH,01_试点医院/中山大学附属第五医院/照片/马寒-皮肤科-主任医师-中山大学附属第五医院.jpg,128087,682b3f44503a15c8b2f869ee0a654578b943c4caeac4915ebe4e6d1dea02a36b,FFD8FFE000104A4649460001,390,567,
曾骏文,https://www.sysu5.cn/medical-service/department-expert/doctor/10720,实采,,https://www.sysu5.cn/sites/default/files/styles/watermark/public/2024-07/20230726115516442.jpg?itok=5eWKR051,01_试点医院/中山大学附属第五医院/照片/曾骏文-眼科-主任医师-中山大学附属第五医院.jpg,364325,d5984cf089ccd9b76820dd00b4a35741b70a5e443f79a68afa72f51a80f6b968,FFD8FFE000104A4649460001,1080,1559,
李勤,https://www.sysu5.cn/medical-service/department-expert/doctor/10721,实采,,https://www.sysu5.cn/sites/default/files/styles/watermark/public/2024-07/1595353763373371556.jpg?itok=gWlgOG7W,01_试点医院/中山大学附属第五医院/照片/李勤-眼科-主任医师-中山大学附属第五医院.jpg,159229,33b739cc49370d89ffcc051ed100c05044f4ccfb6755befcbb8df34a2388f3cd,FFD8FFE000104A4649460001,593,756,
李斌辉,https://www.sysu5.cn/medical-service/department-expert/doctor/10731,实采,,https://www.sysu5.cn/sites/default/files/styles/watermark/public/2025-04/20250410101856281.png?itok=BCPWgzfA,01_试点医院/中山大学附属第五医院/照片/李斌辉-眼科-副主任医师-中山大学附属第五医院.png,212760,f967fde3bfab738c0c8f74c349a87ad969b2009086d287775edf85b983be6e5e,89504E470D0A1A0A0000000D,386,565,
赵晓静,https://www.sysu5.cn/medical-service/department-expert/doctor/10729,实采,,https://www.sysu5.cn/sites/default/files/styles/watermark/public/2024-07/1595354687725022906.jpg?itok=1sK16SF2,01_试点医院/中山大学附属第五医院/照片/赵晓静-眼科-副主任医师-中山大学附属第五医院.jpg,189703,70e903e9bed6112e56ecfcc5918caa4baccfde9f7743f56642bedcd39a51f4ba,FFD8FFE000104A4649460001,593,756,
郑晖,https://www.sysu5.cn/medical-service/department-expert/doctor/10732,实采,,https://www.sysu5.cn/sites/default/files/styles/watermark/public/2024-07/1595357616635423337.jpg?itok=U5RLDXqF,01_试点医院/中山大学附属第五医院/照片/郑晖-眼科-主治医师-中山大学附属第五医院.jpg,136204,170f72413c43d554da27def373f05d65472a732750e4a46dd3da73925fcb11ee,FFD8FFE000104A4649460001,593,756,
周瑾瑕,https://www.sysu5.cn/medical-service/department-expert/doctor/11726,实采,,https://www.sysu5.cn/sites/default/files/styles/watermark/public/2025-03/20250318181430289.png?itok=AiX6rqH-,01_试点医院/中山大学附属第五医院/照片/周瑾瑕-神经内科-副主任医师-中山大学附属第五医院.png,246964,ae20bbbf1a661b328b84c7a955147a2f7d3c45ce7a1cdc794f85e2957fe37258,89504E470D0A1A0A0000000D,433,481,
寇丽,https://www.sysu5.cn/medical-service/department-expert/doctor/1540,实采,,https://www.sysu5.cn/sites/default/files/styles/watermark/public/2024-07/20230618170024560.jpg?itok=E1QLtFYm,01_试点医院/中山大学附属第五医院/照片/寇丽-神经内科-主治医师-中山大学附属第五医院.jpg,493291,d077db9477dc934c1faed9e36523a2177f2bbfeed93b25bec62b1ff1bf415696,FFD8FFE000104A4649460001,900,1374,
彭艳芳,https://www.sysu5.cn/medical-service/department-expert/doctor/10930,实采,,https://www.sysu5.cn/sites/default/files/styles/watermark/public/2024-07/20240705162427332.jpg?itok=_7xC5SE2,01_试点医院/中山大学附属第五医院/照片/彭艳芳-神经内科-主治医师-中山大学附属第五医院.png,94914,a049635e346469dadbcaa333a7506da18e9047cc7749f34f1b25fefad404f625,89504E470D0A1A0A0000000D,286,308,
徐晓华,https://www.sysu5.cn/medical-service/department-expert/doctor/1489,实采,,https://www.sysu5.cn/sites/default/files/styles/watermark/public/2024-07/20230618170001942.jpg?itok=qAZTLMiG,01_试点医院/中山大学附属第五医院/照片/徐晓华-神经内科-副主任医师-中山大学附属第五医院.jpg,470373,8f997d1cfa73201546b5d5a9333bed50e32cae5b2d7e3114a7dfcd0510c539f1,FFD8FFE000104A4649460001,900,1374,
毕方方,https://www.sysu5.cn/medical-service/department-expert/doctor/1406,实采,,https://www.sysu5.cn/sites/default/files/styles/watermark/public/2024-07/20230618165826747.jpg?itok=Q3nO2xin,01_试点医院/中山大学附属第五医院/照片/毕方方-神经内科-主任医师-中山大学附属第五医院.jpg,506192,27cec16c90303039c827604f1a5c4625d83aedbc63f44cd92e505475c326af6e,FFD8FFE000104A4649460001,900,1374,
王俊峰,https://www.sysu5.cn/medical-service/department-expert/doctor/1426,实采,,https://www.sysu5.cn/sites/default/files/styles/watermark/public/2024-07/20230618165909139.jpg?itok=6daamveD,01_试点医院/中山大学附属第五医院/照片/王俊峰-神经内科-主任医师-中山大学附属第五医院.jpg,487509,d25ec13fc5908722820f8a7653da0f9bf36309c13c35443330349fc247db4a77,FFD8FFE000104A4649460001,900,1374,
莫志怀,https://www.sysu5.cn/medical-service/department-expert/doctor/1606,实采,,https://www.sysu5.cn/sites/default/files/styles/watermark/public/2024-07/20230618170327048.jpg?itok=HO8luxEM,01_试点医院/中山大学附属第五医院/照片/莫志怀-神经内科-主治医师-中山大学附属第五医院.jpg,512100,1cd62ff216ccd6227a302624b78a73486af3240b3587b5e72040720de2dc9246,FFD8FFE000104A4649460001,900,1374,
邓锦凤,https://www.sysu5.cn/medical-service/department-expert/doctor/1561,实采,,https://www.sysu5.cn/sites/default/files/styles/watermark/public/2024-07/20230618170248256.jpg?itok=BgEHmnly,01_试点医院/中山大学附属第五医院/照片/邓锦凤-神经内科-主治医师-中山大学附属第五医院.jpg,485069,97e04daa33f517126f02949bd44f2ed20e3de9e0e14a4772ecca97a9ba886d98,FFD8FFE000104A4649460001,900,1374,
雷俊杰,https://www.sysu5.cn/medical-service/department-expert/doctor/1628,实采,,https://www.sysu5.cn/sites/default/files/styles/watermark/public/2026-03/%E9%9B%B7%E4%BF%8A%E6%9D%B0%EF%BC%88135274%EF%BC%8920260211.png?itok=9gAwQiMY,01_试点医院/中山大学附属第五医院/照片/雷俊杰-神经内科-副主任医师-中山大学附属第五医院.png,280186,8e62558b83b7a2e489acdd0e770c90dadc5cd7c5db2c485e129500b9275d3153,89504E470D0A1A0A0000000D,436,591,
刘飞,https://www.sysu5.cn/medical-service/department-expert/doctor/8202,实采,,https://www.sysu5.cn/sites/default/files/styles/watermark/public/2024-07/1594856573198653093.jpg?itok=0OtC_6xq,01_试点医院/中山大学附属第五医院/照片/刘飞-神经外科-主任医师-中山大学附属第五医院.jpg,60261,e4953d0fee03092b6a431c5833992be5c430630bd0170fe10981ac6efcb08b8e,FFD8FFE000104A4649460001,390,567,
孔凡根,https://www.sysu5.cn/medical-service/department-expert/doctor/9089,实采,,https://www.sysu5.cn/sites/default/files/styles/watermark/public/2024-07/1594860096735861409.jpg?itok=FEITXrzz,01_试点医院/中山大学附属第五医院/照片/孔凡根-神经外科-主治医师-中山大学附属第五医院.jpg,32044,5bfcea95f6fd6ae2542f6ecdcbcefbdcc8f7a2bd01fa7f2b4d2d54f10bf63c64,FFD8FFE000104A4649460001,312,392,
王一平,https://www.sysu5.cn/medical-service/department-expert/doctor/9086,实采,,https://www.sysu5.cn/sites/default/files/styles/watermark/public/2024-07/1594859953028130513.jpg?itok=nfBiO-bH,01_试点医院/中山大学附属第五医院/照片/王一平-神经外科-副主任医师-中山大学附属第五医院.jpg,27451,465126ad5b54eaacbdc5536aedfb968e8ed1911c1f5902e652b70f7ad7ffe6fa,FFD8FFE000104A4649460001,291,371,
王汉,https://www.sysu5.cn/medical-service/department-expert/doctor/9087,实采,,https://www.sysu5.cn/sites/default/files/styles/watermark/public/2024-07/1594860219593084029.jpg?itok=sV3Xc248,01_试点医院/中山大学附属第五医院/照片/王汉-神经外科-主治医师-中山大学附属第五医院.jpg,23385,940ec949111ced165b61836f52f1fa8f0866332dbb717cd462a1c034e0aae1aa,FFD8FFE000104A4649460001,257,325,
范翔,https://www.sysu5.cn/medical-service/department-expert/doctor/8481,实采,,https://www.sysu5.cn/sites/default/files/styles/watermark/public/2024-07/1594857135684984341.jpg?itok=Yo5pkFuE,01_试点医院/中山大学附属第五医院/照片/范翔-神经外科-副主任医师-中山大学附属第五医院.jpg,40460,453027d3cee671285a1eba460ea22b8c7578f83e53fbc76a8f146377b45d984f,FFD8FFE000104A4649460001,277,399,
颜扬,https://www.sysu5.cn/medical-service/department-expert/doctor/9090,实采,,https://www.sysu5.cn/sites/default/files/styles/watermark/public/2024-07/1594859539791406318.jpg?itok=2CzvmY8s,01_试点医院/中山大学附属第五医院/照片/颜扬-神经外科-主治医师-中山大学附属第五医院.jpg,32612,d5de5903f7a61cbbb55df79792ae4280a114ad96e16beb784f1073717e6800f7,FFD8FFE000104A4649460001,316,401,
温盛霖,https://www.sysu5.cn/medical-service/department-expert/doctor/10783,实采,,https://www.sysu5.cn/sites/default/files/styles/watermark/public/2024-07/1595447075749160288.jpg?itok=bWX8Txcs,01_试点医院/中山大学附属第五医院/照片/温盛霖-精神心理科-主任医师-中山大学附属第五医院.jpg,98191,e76193349ff0588a82b3db15ace76d907dbec7c1a2c4f0478906a3a6109f9890,FFD8FFE000104A4649460001,386,510,
张朝利,https://www.sysu5.cn/medical-service/department-expert/doctor/10695,实采,,https://www.sysu5.cn/sites/default/files/styles/watermark/public/2024-07/1594338841986095153.jpg?itok=snZTD1eo,01_试点医院/中山大学附属第五医院/照片/张朝利-老年病科-副主任医师-中山大学附属第五医院.jpg,52275,107af86c8f08b20a74082a82da00625e821bb92b7cc2f34db2e9c61c42e4031f,FFD8FFE000104A4649460001,352,495,
李鹏,https://www.sysu5.cn/medical-service/department-expert/doctor/10696,实采,,https://www.sysu5.cn/sites/default/files/styles/watermark/public/2024-07/1594679454258945474.jpg?itok=gPgEr4Mt,01_试点医院/中山大学附属第五医院/照片/李鹏-老年病科-副主任医师-中山大学附属第五医院.jpg,41181,6f4e2d52c27b1d13675259839f52589d1a29663e6d596c47906a10a405ea9aee,FFD8FFE000104A4649460001,390,567,
涂秋云,https://www.sysu5.cn/medical-service/department-expert/doctor/10692,实采,,https://www.sysu5.cn/sites/default/files/styles/watermark/public/2024-07/1594337615425180224.jpg?itok=FKddjSAO,01_试点医院/中山大学附属第五医院/照片/涂秋云-老年病科-主任医师-中山大学附属第五医院.jpg,80261,c1a1708296887ae2c6f5242088a511b51ccf8253a85277e489a3c2b3c9ace7a4,FFD8FFE000104A4649460001,579,767,
王玲玲,https://www.sysu5.cn/medical-service/department-expert/doctor/10700,实采,,https://www.sysu5.cn/sites/default/files/styles/watermark/public/2024-07/1594680780370150668.jpg?itok=RnET_snt,01_试点医院/中山大学附属第五医院/照片/王玲玲-老年病科-主治医师-中山大学附属第五医院.jpg,51419,b3bbd22b3b0d31850ba65a3c252410ae132846749cd9cb479b815bcd55d19a98,FFD8FFE000104A4649460001,418,535,
纪珺,https://www.sysu5.cn/medical-service/department-expert/doctor/10701,实采,,https://www.sysu5.cn/sites/default/files/styles/watermark/public/2024-07/20220107135316991.png?itok=RxGZC2eU,01_试点医院/中山大学附属第五医院/照片/纪珺-老年病科-主治医师-中山大学附属第五医院.png,269006,1252ad8e86c4c03e0292cc17242686b223b649795a01587508168cac3189630d,89504E470D0A1A0A0000000D,498,592,
谢丹红,https://www.sysu5.cn/medical-service/department-expert/doctor/10693,实采,,https://www.sysu5.cn/sites/default/files/styles/watermark/public/2024-07/1594337394751954510.jpg?itok=yBLdxLbv,01_试点医院/中山大学附属第五医院/照片/谢丹红-老年病科-主任医师-中山大学附属第五医院.jpg,35006,64ad69b37d2c69716dc04044bb15ab3f465f475bb91189defc66b08528dd5bf0,FFD8FFE000104A4649460001,319,428,
陈镇新,https://www.sysu5.cn/medical-service/department-expert/doctor/10697,实采,,https://www.sysu5.cn/sites/default/files/styles/watermark/public/2024-07/1594339183480330053.jpg?itok=BUOSOQkm,01_试点医院/中山大学附属第五医院/照片/陈镇新-老年病科-主治医师-中山大学附属第五医院.jpg,89692,c63241c0aa0adb9b44715f02aa63e04898453d38d3823ba01c949774b9775a88,FFD8FFE000104A4649460001,511,603,
韩文雅,https://www.sysu5.cn/medical-service/department-expert/doctor/10699,实采,,https://www.sysu5.cn/sites/default/files/styles/watermark/public/2024-07/1594680617406697755.jpg?itok=RXRpVS7S,01_试点医院/中山大学附属第五医院/照片/韩文雅-老年病科-主治医师-中山大学附属第五医院.jpg,35032,21f3dd6805565860c60864d00f8ea8b8036ceffbcbb2c3b467d3a93660ab1dfa,FFD8FFE000104A4649460001,287,404,
冯韶燕,https://www.sysu5.cn/medical-service/department-expert/doctor/10712,实采,,https://www.sysu5.cn/sites/default/files/styles/watermark/public/2024-07/1595350806085066567.jpg?itok=MxsfaBuN,01_试点医院/中山大学附属第五医院/照片/冯韶燕-耳鼻咽喉&头颈外科-主任医师-中山大学附属第五医院.jpg,91341,4607b9c9f53f49c36ba98532c7b87a82bddaf9a0e4b47822f9d370f7cb16e4c2,FFD8FFE000104A4649460001,593,756,
廖伟,https://www.sysu5.cn/medical-service/department-expert/doctor/10715,实采,,https://www.sysu5.cn/sites/default/files/styles/watermark/public/2024-07/1595351534861614292.jpg?itok=QGeJFxk-,01_试点医院/中山大学附属第五医院/照片/廖伟-耳鼻咽喉&头颈外科-主治医师-中山大学附属第五医院.jpg,139044,fe85f558fb7e5d67bd2b665b20615169b274aa390004a8769add6846506b2efa,FFD8FFE000104A4649460001,593,756,
廖振鹏,https://www.sysu5.cn/medical-service/department-expert/doctor/10717,实采,,https://www.sysu5.cn/sites/default/files/styles/watermark/public/2025-04/20250410104231740.jpg?itok=3zCf6kRM,01_试点医院/中山大学附属第五医院/照片/廖振鹏-耳鼻咽喉&头颈外科-副主任医师-中山大学附属第五医院.jpg,135787,b26d4035c0f26f7978db9f108da882053ee7cc29c8f630db6c427208113e17ff,FFD8FFE000104A4649460001,462,667,
张俊,https://www.sysu5.cn/medical-service/department-expert/doctor/13754,实采,,https://www.sysu5.cn/sites/default/files/styles/watermark/public/2026-04/%E5%BC%A0%E4%BF%8A%EF%BC%88%E5%B7%A5%E5%8F%B7225229%EF%BC%8920260422.png?itok=C6NXdNFo,01_试点医院/中山大学附属第五医院/照片/张俊-耳鼻咽喉&头颈外科-主治医师-中山大学附属第五医院.png,336478,b6532092187eea447256bd4da78c227a161ca44d91adeb700da2517b04c93c24,89504E470D0A1A0A0000000D,459,586,
洪海裕,https://www.sysu5.cn/medical-service/department-expert/doctor/10711,实采,,https://www.sysu5.cn/sites/default/files/styles/watermark/public/2025-03/1595292897781497985.jpg?itok=MquDHtsD,01_试点医院/中山大学附属第五医院/照片/洪海裕-耳鼻咽喉&头颈外科-主任医师-中山大学附属第五医院.jpg,85811,6d55b2154cb278174587336f9d004d4b223b26f348d8d4e0649ce2aa1eb559fb,FFD8FFE000104A4649460001,593,756,
米姣平,https://www.sysu5.cn/medical-service/department-expert/doctor/10714,实采,,https://www.sysu5.cn/sites/default/files/styles/watermark/public/2026-04/%E7%B1%B3%E5%A7%A3%E5%B9%B320260424.png?itok=BJs46ar0,01_试点医院/中山大学附属第五医院/照片/米姣平-耳鼻咽喉&头颈外科-副主任医师-中山大学附属第五医院.png,60766,8440b167d04f923402a80889a316903e6b0a7e3619b2e358c09783cb8cd40c99,89504E470D0A1A0A0000000D,185,265,
贺鹏,https://www.sysu5.cn/medical-service/department-expert/doctor/10718,实采,,https://www.sysu5.cn/sites/default/files/styles/watermark/public/2024-07/20220805175620536.jpg?itok=kyjUWOdS,01_试点医院/中山大学附属第五医院/照片/贺鹏-耳鼻咽喉&头颈外科-主治医师-中山大学附属第五医院.jpg,75527,34e47a092304e17887cc4af58ea9d18cc5f24e358139ff2eda3815eac0d10ae3,FFD8FFE000104A4649460001,473,661,
陈新野,https://www.sysu5.cn/medical-service/department-expert/doctor/12945,实采,,https://www.sysu5.cn/sites/default/files/styles/watermark/public/2025-09/%E9%99%88%E6%96%B0%E9%87%8E20250912.png?itok=sV3rYrQX,01_试点医院/中山大学附属第五医院/照片/陈新野-耳鼻咽喉&头颈外科-主任医师-中山大学附属第五医院.png,367292,abb83a9b83f53ae0e4432d863f20f585a8e748b79c72228dbfdfa6f1c31bc078,89504E470D0A1A0A0000000D,459,586,
陈源,https://www.sysu5.cn/medical-service/department-expert/doctor/10909,实采,,https://www.sysu5.cn/sites/default/files/styles/watermark/public/2024-07/20240524100513019.png?itok=jNCqkj_d,01_试点医院/中山大学附属第五医院/照片/陈源-耳鼻咽喉&头颈外科-主治医师-中山大学附属第五医院.png,292474,b2be49c5a7157ffddf7fbf7d96b1e980095ba235bd059e549cad5051a354e9e0,89504E470D0A1A0A0000000D,387,498,
陈贤珍,https://www.sysu5.cn/medical-service/department-expert/doctor/10719,实采,,https://www.sysu5.cn/sites/default/files/styles/watermark/public/2024-07/20240208173237537.jpg?itok=RSFCQ8E7,01_试点医院/中山大学附属第五医院/照片/陈贤珍-耳鼻咽喉&头颈外科-主治医师-中山大学附属第五医院.jpg,6649475,6047aebc1e4098207afef36ada8eae3138e5f2325ffb3f04675ef8243f7738c2,FFD8FFE000104A4649460001,4831,4833,
关晓东,https://www.sysu5.cn/medical-service/department-expert/doctor/11152,实采,,https://www.sysu5.cn/sites/default/files/styles/watermark/public/2024-07/1594752444362175597_0.jpg?itok=n80RwS2_,01_试点医院/中山大学附属第五医院/照片/关晓东-肝胆外科-副主任医师-中山大学附属第五医院.jpg,74495,091b72ba6875892fe4fd47ca68d8fb542c8753b0e7c1d401fa2a1bb50b05a617,FFD8FFE000104A4649460001,593,756,
刘夏磊,https://www.sysu5.cn/medical-service/department-expert/doctor/5742,实采,,https://www.sysu5.cn/sites/default/files/styles/watermark/public/2024-07/1594754324517203480.jpg?itok=ln2fJKVN,01_试点医院/中山大学附属第五医院/照片/刘夏磊-肝胆外科-主治医师-中山大学附属第五医院.jpg,130583,23ea936ec9ecf5413c42eac8b15dae18233d93e994374ef277539aaa7fe4aac9,FFD8FFE000104A4649460001,800,981,
张百萌,https://www.sysu5.cn/medical-service/department-expert/doctor/3125,实采,,https://www.sysu5.cn/sites/default/files/styles/watermark/public/2024-07/1468973204187001025.jpg?itok=QTmwlvZe,01_试点医院/中山大学附属第五医院/照片/张百萌-肝胆外科-主任医师-中山大学附属第五医院.jpg,150036,9e9c64810d6e11d230ef06301e887234879c0818b5164ce9c18bf413e7cdb311,FFD8FFE000104A4649460001,593,756,
朱耿隆,https://www.sysu5.cn/medical-service/department-expert/doctor/5726,实采,,https://www.sysu5.cn/sites/default/files/styles/watermark/public/2024-07/1594753750610264900.jpg?itok=4BmcYnq0,01_试点医院/中山大学附属第五医院/照片/朱耿隆-肝胆外科-主治医师-中山大学附属第五医院.jpg,80689,40c8a200e33051ce1f142968aeac47e154e12672a2c6b23bd2608b1aa23235c4,FFD8FFE000104A4649460001,593,756,
李坚,https://www.sysu5.cn/medical-service/department-expert/doctor/3123,实采,,https://www.sysu5.cn/sites/default/files/styles/watermark/public/2024-07/1594749690331896120.jpg?itok=BxGzITgc,01_试点医院/中山大学附属第五医院/照片/李坚-肝胆外科-主任医师-中山大学附属第五医院.jpg,69796,06a38215f8c1fe519889581dd4735369f0bcabae91660def0771fc8202fdea6b,FFD8FFE000104A4649460001,390,567,
李培平,https://www.sysu5.cn/medical-service/department-expert/doctor/5753,实采,,https://www.sysu5.cn/sites/default/files/styles/watermark/public/2026-04/%E6%9D%8E%E5%9F%B9%E5%B9%B3%EF%BC%88%E5%B7%A5%E5%8F%B7125224%EF%BC%8920260422.png?itok=FqRaHkS-,01_试点医院/中山大学附属第五医院/照片/李培平-肝胆外科-副主任医师-中山大学附属第五医院.png,345481,7acec57342895897507ca70b689b338dfc08f186ab46169128d39bd6bdd832a4,89504E470D0A1A0A0000000D,481,588,
洪晓鹏,https://www.sysu5.cn/medical-service/department-expert/doctor/5826,实采,,https://www.sysu5.cn/sites/default/files/styles/watermark/public/2024-07/1594754604502801423.jpg?itok=VIdPl22R,01_试点医院/中山大学附属第五医院/照片/洪晓鹏-肝胆外科-主治医师-中山大学附属第五医院.jpg,64365,2e6dd78b210dcf637d4a9b6666939faf62b6808c18a91a5378441e21987e342d,FFD8FFE000104A4649460001,390,567,
蔡潮农,https://www.sysu5.cn/medical-service/department-expert/doctor/3138,实采,,https://www.sysu5.cn/sites/default/files/styles/watermark/public/2024-07/1594753616277832432.jpg?itok=rURi89XI,01_试点医院/中山大学附属第五医院/照片/蔡潮农-肝胆外科-主任医师-中山大学附属第五医院.jpg,70223,93cde2071dfcb642268e8f099c7b4b57afa45fd4a5a9f2302c72a91712dec49e,FFD8FFE000104A4649460001,593,756,
邹宝嘉,https://www.sysu5.cn/medical-service/department-expert/doctor/6002,实采,,https://www.sysu5.cn/sites/default/files/styles/watermark/public/2024-07/1594754781096696481.jpg?itok=5XR3PLT1,01_试点医院/中山大学附属第五医院/照片/邹宝嘉-肝胆外科-副主任医师-中山大学附属第五医院.jpg,553912,acf28fa8614b2d418d8450ee26f87848013224055ccd3ad201e49511e2acee23,FFD8FFE000104A4649460001,1398,1873,
郑周英,https://www.sysu5.cn/medical-service/department-expert/doctor/13062,实采,,https://www.sysu5.cn/sites/default/files/styles/watermark/public/2025-11/%E9%83%91%E5%91%A8%E8%8B%B120251109.jpg?itok=u_C3qYcP,01_试点医院/中山大学附属第五医院/照片/郑周英-肝胆外科-未标注-中山大学附属第五医院.jpg,215895,39d77320b88b065b5e347eb73dfe66b37d2bf8eb1e284a16a6fd1ceb727e6cae,FFD8FFE000104A4649460001,990,1433,
陈敏山,https://www.sysu5.cn/medical-service/department-expert/doctor/3124,实采,,https://www.sysu5.cn/sites/default/files/styles/watermark/public/2024-07/20220826165332364.jpg?itok=MNeXFEyY,01_试点医院/中山大学附属第五医院/照片/陈敏山-肝胆外科-教授-中山大学附属第五医院.jpg,99510,8b9c35db16b8632688a68b407b13176e2e501d089d6bbbe7b350d8358e18c143,FFD8FFE000104A4649460001,552,800,
崔彤霞,https://www.sysu5.cn/medical-service/department-expert/doctor/906,实采,,https://www.sysu5.cn/sites/default/files/styles/watermark/public/2024-07/1593542937332444446.jpg?itok=1EeEFOCm,01_试点医院/中山大学附属第五医院/照片/崔彤霞-肾内科-主任医师-中山大学附属第五医院.jpg,145858,84ac815a18e9913857d5f5c8b6c0a903e23ef029a587e1bdcd30194bab381632,FFD8FFE000104A4649460001,593,756,
朱伟平,https://www.sysu5.cn/medical-service/department-expert/doctor/905,实采,,https://www.sysu5.cn/sites/default/files/styles/watermark/public/2024-07/1593542804010960007.jpg?itok=S2kLm_QL,01_试点医院/中山大学附属第五医院/照片/朱伟平-肾内科-主任医师-中山大学附属第五医院.jpg,152338,e01998f7d9945aa26d5b076acc709805765513d9ad9e2f22772605699509eaa3,FFD8FFE000104A4649460001,593,756,
朱晔,https://www.sysu5.cn/medical-service/department-expert/doctor/910,实采,,https://www.sysu5.cn/sites/default/files/styles/watermark/public/2024-07/1593556903465202141.png?itok=lTffGIjk,01_试点医院/中山大学附属第五医院/照片/朱晔-肾内科-副主任医师-中山大学附属第五医院.png,270603,e9c9be043d019de9031a5c4bf49c73e679ce8ba557099caa75abebda6c3d4fa3,89504E470D0A1A0A0000000D,427,586,
李中和,https://www.sysu5.cn/medical-service/department-expert/doctor/901,实采,,https://www.sysu5.cn/sites/default/files/styles/watermark/public/2024-07/1595869512378834889.jpg?itok=ncf7200K,01_试点医院/中山大学附属第五医院/照片/李中和-肾内科-主任医师-中山大学附属第五医院.jpg,71727,740a2bac73d4f505479bc9072cb158f4ee9973097a43a42795b2ca1e1c03fba6,FFD8FFE000104A4649460001,401,560,
杜艺,https://www.sysu5.cn/medical-service/department-expert/doctor/904,实采,,https://www.sysu5.cn/sites/default/files/styles/watermark/public/2024-07/1593542678658529722.jpg?itok=TW-6-Lwl,01_试点医院/中山大学附属第五医院/照片/杜艺-肾内科-主任医师-中山大学附属第五医院.jpg,151332,40fcb5fe6c104335220e49ec4432e5afef5e2c0ecd7775251bb5c523a163e107,FFD8FFE000104A4649460001,593,756,
林琳,https://www.sysu5.cn/medical-service/department-expert/doctor/908,实采,,https://www.sysu5.cn/sites/default/files/styles/watermark/public/2024-07/1449456725374108469.jpg?itok=9XW6Cwy0,01_试点医院/中山大学附属第五医院/照片/林琳-肾内科-副主任医师-中山大学附属第五医院.jpg,138762,1c9bb6d8cee6bd21e909de34692a3da0d328c24c33e64b722990d92d95730328,FFD8FFE000104A4649460001,593,756,
柯剑婷,https://www.sysu5.cn/medical-service/department-expert/doctor/909,实采,,https://www.sysu5.cn/sites/default/files/styles/watermark/public/2024-07/1593546353699156615.jpg?itok=YXwv23M2,01_试点医院/中山大学附属第五医院/照片/柯剑婷-肾内科-副主任医师-中山大学附属第五医院.jpg,169684,9f359223c8e4753873656ac43e61134cc3d8df170b2d62208d97dcd7812d3457,FFD8FFE000104A4649460001,593,756,
王成,https://www.sysu5.cn/medical-service/department-expert/doctor/902,实采,,https://www.sysu5.cn/sites/default/files/styles/watermark/public/2024-07/1593540848755991951.png?itok=awUUa65F,01_试点医院/中山大学附属第五医院/照片/王成-肾内科-未标注-中山大学附属第五医院.png,60705,d35edea40a3e27487c6b740a4c56fd510bf3b8e922dfcc14f9bda07d4fbfc375,89504E470D0A1A0A0000000D,194,249,
金石昆,https://www.sysu5.cn/medical-service/department-expert/doctor/907,实采,,https://www.sysu5.cn/sites/default/files/styles/watermark/public/2024-07/1593545564015724831.jpg?itok=xnQystJl,01_试点医院/中山大学附属第五医院/照片/金石昆-肾内科-主任医师-中山大学附属第五医院.jpg,160626,fc931938ffa4bb4ed5dd55267501a94f8615d6b3716525a9e6bc8e814240b0b7,FFD8FFE000104A4649460001,593,756,
陈双琴,https://www.sysu5.cn/medical-service/department-expert/doctor/911,实采,,https://www.sysu5.cn/sites/default/files/styles/watermark/public/2024-07/20230530165951349.jpg?itok=_xnMGXR5,01_试点医院/中山大学附属第五医院/照片/陈双琴-肾内科-副主任医师-中山大学附属第五医院.jpg,238869,2a39e7d377156ace2e2b187c150e4af6e4fbe154e201642b839d8be5cdfca34a,FFD8FFE000104A4649460001,1067,1280,
魏玉婷,https://www.sysu5.cn/medical-service/department-expert/doctor/912,实采,,https://www.sysu5.cn/sites/default/files/styles/watermark/public/2024-07/1593557215701890094.jpg?itok=esP6l2AN,01_试点医院/中山大学附属第五医院/照片/魏玉婷-肾内科-主治医师-中山大学附属第五医院.jpg,123161,8cc5d45e418a93f58d7eb6d96320bf9a463123a921990a5071274fab4966680a,FFD8FFE000104A4649460001,682,960,
吕维泽,https://www.sysu5.cn/medical-service/department-expert/doctor/10439,实采,,https://www.sysu5.cn/sites/default/files/styles/watermark/public/2024-07/1595811769510234896.jpg?itok=knzCfvu5,01_试点医院/中山大学附属第五医院/照片/吕维泽-肿瘤介入科-主治医师-中山大学附属第五医院.jpg,83213,64b21d674b5e65a7636eb6db4b2dc679cf682c84c3056067338528a828b853f6,FFD8FFE000104A4649460001,593,756,
李有臣,https://www.sysu5.cn/medical-service/department-expert/doctor/10393,实采,,https://www.sysu5.cn/sites/default/files/styles/watermark/public/2024-07/20220107140533498.jpg?itok=P_JXYi_C,01_试点医院/中山大学附属第五医院/照片/李有臣-肿瘤介入科-副主任医师-中山大学附属第五医院.jpg,80994,7917e2b491d0ed5938fd64e1871eacad024311844d1f9f8a4f41cbb344add580,FFD8FFE000104A4649460001,593,756,
刘星伟,https://www.sysu5.cn/medical-service/department-expert/doctor/2564,实采,,https://www.sysu5.cn/sites/default/files/styles/watermark/public/2024-07/1594682734971839751.jpg?itok=_gwcVqvj,01_试点医院/中山大学附属第五医院/照片/刘星伟-胃肠外科-副主任医师-中山大学附属第五医院.jpg,78633,e156c151c9e248aa620d650c5dc46bc32d2f2c3b4e0cc5f30af6f4ff505622fb,FFD8FFE000104A4649460001,593,756,
吕宝军,https://www.sysu5.cn/medical-service/department-expert/doctor/2565,实采,,https://www.sysu5.cn/sites/default/files/styles/watermark/public/2024-07/1594685933238404313.jpg?itok=6IaUvyoN,01_试点医院/中山大学附属第五医院/照片/吕宝军-胃肠外科-主治医师-中山大学附属第五医院.jpg,76640,ad46fa99018cfe8e075120dbc14aaacfa3165d6b6c269732c7667d54f6a9ac2d,FFD8FFE000104A4649460001,593,756,
岑宏,https://www.sysu5.cn/medical-service/department-expert/doctor/2749,实采,,https://www.sysu5.cn/sites/default/files/styles/watermark/public/2024-07/20240517085157308.png?itok=hOrq6KgQ,01_试点医院/中山大学附属第五医院/照片/岑宏-胃肠外科-主治医师-中山大学附属第五医院.png,117028,c9ef5e3553c0c493dd2d54dd73b7b1f1fffee0a8ee35f6125af220512c07caca,89504E470D0A1A0A0000000D,284,419,
李霄凌,https://www.sysu5.cn/medical-service/department-expert/doctor/2566,实采,,https://www.sysu5.cn/sites/default/files/styles/watermark/public/2024-07/1594683839855949131.jpg?itok=wprqWMaR,01_试点医院/中山大学附属第五医院/照片/李霄凌-胃肠外科-主治医师-中山大学附属第五医院.jpg,152469,2c73353db693669d1e5695b7300d75802ba8559508727dab38684c909293b679,FFD8FFE000104A4649460001,593,756,
牛斌,https://www.sysu5.cn/medical-service/department-expert/doctor/2661,实采,,https://www.sysu5.cn/sites/default/files/styles/watermark/public/2024-07/1594684879044462170.jpg?itok=2HK-ECsB,01_试点医院/中山大学附属第五医院/照片/牛斌-胃肠外科-主治医师-中山大学附属第五医院.jpg,172261,a1a5fc6fdcd6d9fcb7b75bcb32d9cc20763fd3d9b92f7bbaad5e80be7fe1e896,FFD8FFE000104A4649460001,1080,1547,
王京羽,https://www.sysu5.cn/medical-service/department-expert/doctor/2567,实采,,https://www.sysu5.cn/sites/default/files/styles/watermark/public/2024-07/1595892436600647191.jpg?itok=TVR5u2w8,01_试点医院/中山大学附属第五医院/照片/王京羽-胃肠外科-主治医师-中山大学附属第五医院.jpg,174143,58b436cb18db4f9e860f0310ea49420addf131d84df0aab2668840daf76bfb8f,FFD8FFE000104A4649460001,593,756,
王文锋,https://www.sysu5.cn/medical-service/department-expert/doctor/2588,实采,,https://www.sysu5.cn/sites/default/files/styles/watermark/public/2024-07/1594684473080856061.jpg?itok=H34LXrCI,01_试点医院/中山大学附属第五医院/照片/王文锋-胃肠外科-主治医师-中山大学附属第五医院.jpg,163932,b3f7d4ba62b68d4d41a0f7208c52152021ef3430c27fe4d28da61a460b46a024,FFD8FFE000104A4649460001,593,756,
王霄,https://www.sysu5.cn/medical-service/department-expert/doctor/2898,实采,,https://www.sysu5.cn/sites/default/files/styles/watermark/public/2024-07/1594685388923295636.jpg?itok=mtoDY4uk,01_试点医院/中山大学附属第五医院/照片/王霄-胃肠外科-主治医师-中山大学附属第五医院.jpg,59017,1d3c49d0fa21a27a9bd6fbfd5fa43efdc6886ee244a583a7a422fd85c9a7a34d,FFD8FFE000104A4649460001,472,640,
苏永辉,https://www.sysu5.cn/medical-service/department-expert/doctor/2563,实采,,https://www.sysu5.cn/sites/default/files/styles/watermark/public/2026-04/%E8%8B%8F%E6%B0%B8%E8%BE%89.png?itok=ZdqeK8K3,01_试点医院/中山大学附属第五医院/照片/苏永辉-胃肠外科-主任医师-中山大学附属第五医院.jpg,101870,d59a41561122f49d4e07c8e11fc201b7029ac42c5cbe95e92e8d5e9b448b6335,FFD8FFE000104A4649460001,390,567,
邹劲林,https://www.sysu5.cn/medical-service/department-expert/doctor/2526,实采,,https://www.sysu5.cn/sites/default/files/styles/watermark/public/2024-07/1594683044515371523.jpg?itok=4Ghy8xQq,01_试点医院/中山大学附属第五医院/照片/邹劲林-胃肠外科-主任医师-中山大学附属第五医院.jpg,132071,77d4c36eb1b32532ce8bb2f4a8c3d4ad43c1862d39f5421f6c0147923a3ac343,FFD8FFE000104A4649460001,593,756,
陈政,https://www.sysu5.cn/medical-service/department-expert/doctor/2628,实采,,https://www.sysu5.cn/sites/default/files/styles/watermark/public/2024-07/1594684568274796231.jpg?itok=JwvnCzG-,01_试点医院/中山大学附属第五医院/照片/陈政-胃肠外科-主治医师-中山大学附属第五医院.jpg,31698,14853a49923c812ad4707f54a4eb6e633e1bbaf25fc997bfc20d053ba0ffab29,FFD8FFE000104A4649460001,307,378,
张斌,https://www.sysu5.cn/medical-service/department-expert/doctor/6468,实采,,https://www.sysu5.cn/sites/default/files/styles/watermark/public/2024-11/20240909144415576.jpg?itok=DPArrPgz,01_试点医院/中山大学附属第五医院/照片/张斌-胸外科-副主任医师-中山大学附属第五医院.jpg,237591,2d241583cd3ba59140d20c86936e60c2924105d3596155b01a021339547d0a49,FFD8FFE000104A4649460001,706,1022,
李晓剑,https://www.sysu5.cn/medical-service/department-expert/doctor/6883,实采,,https://www.sysu5.cn/sites/default/files/styles/watermark/public/2024-07/1594855117917059327.jpg?itok=HNKpt8vj,01_试点医院/中山大学附属第五医院/照片/李晓剑-胸外科-主治医师-中山大学附属第五医院.jpg,283034,f40059b0b88efc7e3ecc4fa6a61031ef97f8613f02037f4cb0793a71bb85462f,FFD8FFE000104A4649460001,659,899,
王晓进,https://www.sysu5.cn/medical-service/department-expert/doctor/6651,实采,,https://www.sysu5.cn/sites/default/files/styles/watermark/public/2026-02/%E7%8E%8B%E6%99%93%E8%BF%9B20250225.png?itok=5MSqYMe7,01_试点医院/中山大学附属第五医院/照片/王晓进-胸外科-副主任医师-中山大学附属第五医院.png,289844,4514b48d0d6bce7ba78377031fe7faedf42b795fec2247dbbcae065ce4936b0d,89504E470D0A1A0A0000000D,393,518,
程华,https://www.sysu5.cn/medical-service/department-expert/doctor/6214,实采,,https://www.sysu5.cn/sites/default/files/styles/watermark/public/2025-07/%E7%A8%8B%E5%8D%8E20250728.png?itok=c8JAI7zA,01_试点医院/中山大学附属第五医院/照片/程华-胸外科-主任医师-中山大学附属第五医院.png,286009,62836c8012ac2d7b32ca4b1c4c61c7011f5bbeb4fbcf974e62e8553858c75a2d,89504E470D0A1A0A0000000D,388,512,
钟北龙,https://www.sysu5.cn/medical-service/department-expert/doctor/6650,实采,,https://www.sysu5.cn/sites/default/files/styles/watermark/public/2024-07/1594854137705465192.jpg?itok=Sm-qP6j9,01_试点医院/中山大学附属第五医院/照片/钟北龙-胸外科-副主任医师-中山大学附属第五医院.jpg,90384,69badfce5dfb19e28ebf0ef6b5996a0cdb40f064bb19b77b7bfed885f1ace5ae,FFD8FFE000104A4649460001,591,756,
钟宏城,https://www.sysu5.cn/medical-service/department-expert/doctor/6652,实采,,https://www.sysu5.cn/sites/default/files/styles/watermark/public/2024-07/1594854688876937649.jpg?itok=3bTkV4Pz,01_试点医院/中山大学附属第五医院/照片/钟宏城-胸外科-主治医师-中山大学附属第五医院.jpg,677954,84e268e9dc08493c99093e9a0d12f3e402cc0cfd52723a81d03ff28088606b64,FFD8FFE000104A4649460001,1050,1590,
霍雯雯,https://www.sysu5.cn/medical-service/department-expert/doctor/8022,实采,,https://www.sysu5.cn/sites/default/files/styles/watermark/public/2024-07/1594854969522468042.jpg?itok=pein_I3P,01_试点医院/中山大学附属第五医院/照片/霍雯雯-胸外科-主治医师-中山大学附属第五医院.jpg,547680,6505c95334a55a9767cad4b4c284309e19651409866bd71f01943586c257bd7c,FFD8FFE000104A4649460001,1050,1590,
林忠,https://www.sysu5.cn/medical-service/department-expert/doctor/10296,实采,,https://www.sysu5.cn/sites/default/files/styles/watermark/public/2024-07/1594144350709739107.jpg?itok=X5Md8t-L,01_试点医院/中山大学附属第五医院/照片/林忠-胸部肿瘤内科-主任医师-中山大学附属第五医院.jpg,124269,e01516c15065ea75725d9ce4e9e67beffbbeb841f0debf1d5e26daad03d47dae,FFD8FFE000104A4649460001,819,1023,
王志辉,https://www.sysu5.cn/medical-service/department-expert/doctor/10297,实采,,https://www.sysu5.cn/sites/default/files/styles/watermark/public/2024-07/1594146337795318408.png?itok=_fXFRkss,01_试点医院/中山大学附属第五医院/照片/王志辉-胸部肿瘤内科-副主任医师-中山大学附属第五医院.png,378007,13f34f57d77e247d984f58a803512682e1e66378cd1985e4ef6a27d8642b187e,89504E470D0A1A0A0000000D,593,756,
裴小锋,https://www.sysu5.cn/medical-service/department-expert/doctor/10295,实采,,https://www.sysu5.cn/sites/default/files/styles/watermark/public/2024-07/1594251725546090034.jpg?itok=A7r-NbqH,01_试点医院/中山大学附属第五医院/照片/裴小锋-胸部肿瘤内科-副主任医师-中山大学附属第五医院.jpg,26500,77661b7bba7823095887cde3f5efeecfe5e3009ca9dbee8516665978d08c2841,FFD8FFE000104A4649460001,255,327,
陈楠,https://www.sysu5.cn/medical-service/department-expert/doctor/13917,实采,,https://www.sysu5.cn/sites/default/files/styles/watermark/public/2026-05/%E5%BE%AE%E4%BF%A1%E5%9B%BE%E7%89%87_%E8%85%B9%E7%9B%86%E9%83%A8%E8%82%BF%E7%98%A4%E7%A7%91%E9%99%88%E6%A5%A0%5B1%5D.png?itok=Y8SXsLX5,01_试点医院/中山大学附属第五医院/照片/陈楠-胸部肿瘤内科-副主任医师-中山大学附属第五医院.png,55827,b232e911eb0ee84990cadb6804f4124e8b9977bc6aa37571df54771f6f0cedbb,89504E470D0A1A0A0000000D,183,251,
刘湘,https://www.sysu5.cn/medical-service/department-expert/doctor/8167,实采,,https://www.sysu5.cn/sites/default/files/styles/watermark/public/2024-07/20230713151257120.jpg?itok=HuXLdVPp,01_试点医院/中山大学附属第五医院/照片/刘湘-脊柱外科-主治医师-中山大学附属第五医院.jpg,101429,d174f6913850b6187576862d577dc886e974e89be08f9c20939bf1aaf7c035a7,FFD8FFE000104A4649460001,461,587,
吕海,https://www.sysu5.cn/medical-service/department-expert/doctor/8140,实采,,https://www.sysu5.cn/sites/default/files/styles/watermark/public/2024-07/1595812235797628546.jpg?itok=OMF7Q5j8,01_试点医院/中山大学附属第五医院/照片/吕海-脊柱外科-主任医师-中山大学附属第五医院.jpg,300020,fa06d538a93301db28ba917eb8cbb79c23603e11ce9683576e61caa58164f623,FFD8FFE000104A4649460001,768,1063,
张什言锦,https://www.sysu5.cn/medical-service/department-expert/doctor/8168,实采,,https://www.sysu5.cn/sites/default/files/styles/watermark/public/2024-07/20240112181411569.jpg?itok=gdErzZfZ,01_试点医院/中山大学附属第五医院/照片/张什言锦-脊柱外科-助理研究员-中山大学附属第五医院.jpg,67132,f07aa1f7256f98ef3b58e04d6bc92e794da47c41d8b57f3fbbdee5ee0b3d7c19,FFD8FFE000104A4649460001,295,413,
张大卫,https://www.sysu5.cn/medical-service/department-expert/doctor/8166,实采,,https://www.sysu5.cn/sites/default/files/styles/watermark/public/2024-07/1595895644311176718.jpg?itok=GinBtae3,01_试点医院/中山大学附属第五医院/照片/张大卫-脊柱外科-主治医师-中山大学附属第五医院.jpg,349941,1116e6c7f24f2a0846c7bf2146ca6a21e42f6b4606f579002adde555b04cbaee,FFD8FFE000104A4649460001,768,1063,
张奎渤,https://www.sysu5.cn/medical-service/department-expert/doctor/8162,实采,,https://www.sysu5.cn/sites/default/files/styles/watermark/public/2024-07/1595894981253456191.jpg?itok=csaEFNhx,01_试点医院/中山大学附属第五医院/照片/张奎渤-脊柱外科-主任医师-中山大学附属第五医院.jpg,163904,188d7adceab0b63ef64b692247f007a82ce922c10632e9575563ddcda5e4ef6c,FFD8FFE000104A4649460001,482,703,
李国威,https://www.sysu5.cn/medical-service/department-expert/doctor/8163,实采,,https://www.sysu5.cn/sites/default/files/styles/watermark/public/2024-07/1595895265329460917.jpg?itok=kcBICM3X,01_试点医院/中山大学附属第五医院/照片/李国威-脊柱外科-主治医师-中山大学附属第五医院.jpg,333777,dea07f009b159b3641b346da089ff027fff9af5e8ae7ad72961820c83d716168,FFD8FFE000104A4649460001,768,1063,
李金祥,https://www.sysu5.cn/medical-service/department-expert/doctor/8165,实采,,https://www.sysu5.cn/sites/default/files/styles/watermark/public/2024-07/1595895559791453947.jpg?itok=-dOVYWnl,01_试点医院/中山大学附属第五医院/照片/李金祥-脊柱外科-主治医师-中山大学附属第五医院.jpg,251607,fefe9eddbbf565578140fd811b1476ce58056087792673fc03e81c60d3fe1ab5,FFD8FFE000104A4649460001,768,1063,
杨联军,https://www.sysu5.cn/medical-service/department-expert/doctor/13254,实采,,https://www.sysu5.cn/sites/default/files/styles/watermark/public/2025-12/%E6%9D%A8%E8%81%94%E5%86%9B20230621.jpg?itok=oppAR3w3,01_试点医院/中山大学附属第五医院/照片/杨联军-脊柱外科-副主任医师-中山大学附属第五医院.png,103402,e1fd8e3debad8bcf6d06eb2694080b310587c6a6e6cdc8ec3bba171a83af92bc,89504E470D0A1A0A0000000D,295,413,
王锟,https://www.sysu5.cn/medical-service/department-expert/doctor/11712,实采,,https://www.sysu5.cn/sites/default/files/styles/watermark/public/2025-03/%E7%8E%8B%E9%94%9F.png?itok=LjHDz535,01_试点医院/中山大学附属第五医院/照片/王锟-脊柱外科-助理研究员-中山大学附属第五医院.png,293250,9d5dd52903222fd5ab3e160f070970a6432970c03d2785d0fa99df9b4dea483f,89504E470D0A1A0A0000000D,419,535,
陈军权,https://www.sysu5.cn/medical-service/department-expert/doctor/8169,实采,,https://www.sysu5.cn/sites/default/files/styles/watermark/public/2024-07/20240112142145226.jpg?itok=ih0heHBj,01_试点医院/中山大学附属第五医院/照片/陈军权-脊柱外科-主治医师-中山大学附属第五医院.jpg,288069,c402873b0c590cb46bfc7ee5b54c368cbd4754f5afb729255e2358e004313191,FFD8FFE000104A4649460001,896,1228,
陈涛,https://www.sysu5.cn/medical-service/department-expert/doctor/8164,实采,,https://www.sysu5.cn/sites/default/files/styles/watermark/public/2024-07/1595895422002174684.jpg?itok=rVh9YnEK,01_试点医院/中山大学附属第五医院/照片/陈涛-脊柱外科-副主任医师-中山大学附属第五医院.jpg,325451,1ed8b15d6dc19d1b6a17a6bec536f49e099a138c23ce9145dd9cb546586df33c,FFD8FFE000104A4649460001,768,1063,
黄宗文,https://www.sysu5.cn/medical-service/department-expert/doctor/8150,实采,,https://www.sysu5.cn/sites/default/files/styles/watermark/public/2024-07/1595894393450121395.jpg?itok=wqm_ZIG6,01_试点医院/中山大学附属第五医院/照片/黄宗文-脊柱外科-副主任医师-中山大学附属第五医院.jpg,313783,3e12d586a8ebd097b453298ad5e43357c76f63033c51b6998d13ff433bf36fe6,FFD8FFE000104A4649460001,768,1063,
于本帅,https://www.sysu5.cn/medical-service/department-expert/doctor/2350,实采,,https://www.sysu5.cn/sites/default/files/styles/watermark/public/2024-07/1603220515671424175.jpg?itok=Lgl4izqJ,01_试点医院/中山大学附属第五医院/照片/于本帅-脑血管病中心-副主任医师-中山大学附属第五医院.jpg,374845,a9cc2b14cb52dd3c3188998cfb1e8a3423361dd17734324e15bb78f63913eb75,FFD8FFE000104A4649460001,844,1228,
刘汉伟,https://www.sysu5.cn/medical-service/department-expert/doctor/10474,实采,,https://www.sysu5.cn/sites/default/files/styles/watermark/public/2024-07/1595288985691053426.jpg?itok=MB7jMIdu,01_试点医院/中山大学附属第五医院/照片/刘汉伟-脑血管病中心-副主任医师-中山大学附属第五医院.jpg,58128,77ab4210a693aaee049a5a7752323d30ad44778cce6d18f9ed9cd096061d7588,FFD8FFE000104A4649460001,354,472,
唐超刚,https://www.sysu5.cn/medical-service/department-expert/doctor/1537,实采,,https://www.sysu5.cn/sites/default/files/styles/watermark/public/2024-07/20230926103203457.jpg?itok=VzKgLOzI,01_试点医院/中山大学附属第五医院/照片/唐超刚-脑血管病中心-副主任医师-中山大学附属第五医院.jpg,101837,e7af5a3db0631aa1c8d4aea050ffd73d07f901fa34a22b593482c0b209c482ab,FFD8FFE000104A4649460001,462,667,
张雷,https://www.sysu5.cn/medical-service/department-expert/doctor/1448,实采,,https://www.sysu5.cn/sites/default/files/styles/watermark/public/2024-07/1593648544902151716.jpg?itok=BoRpqCMw,01_试点医院/中山大学附属第五医院/照片/张雷-脑血管病中心-主任医师-中山大学附属第五医院.jpg,23678,11835860f8c2fe43d6a2e0fffcb1fdc56a1859af57da065448e121e454e42d06,FFD8FFE000104A4649460001,212,270,
敖峰,https://www.sysu5.cn/medical-service/department-expert/doctor/2388,实采,,https://www.sysu5.cn/sites/default/files/styles/watermark/public/2025-08/%E6%95%96%E5%B3%B020250828.jpg?itok=bXQ1Ww8x,01_试点医院/中山大学附属第五医院/照片/敖峰-脑血管病中心-副主任医师-中山大学附属第五医院.jpg,245127,57ebe76ef54e019010298f6b6adff63ac9b063c7c5ae7b9c042d5164b11c62df,FFD8FFE000104A4649460001,1280,1685,
罗世坚,https://www.sysu5.cn/medical-service/department-expert/doctor/1520,实采,,https://www.sysu5.cn/sites/default/files/styles/watermark/public/2024-07/1593649322324441050.jpg?itok=PYvnP4p3,01_试点医院/中山大学附属第五医院/照片/罗世坚-脑血管病中心-副主任医师-中山大学附属第五医院.jpg,24936,97b3d1a12287822714ba8d3dcc42762b9ff7168fc419719d4c0601dbef3eeebc,FFD8FFE000104A4649460001,228,290,
袁亚君,https://www.sysu5.cn/medical-service/department-expert/doctor/12867,失败,无照片容器,,,,,,,,无照片容器
麦卫华,https://www.sysu5.cn/medical-service/department-expert/doctor/1503,实采,,https://www.sysu5.cn/sites/default/files/styles/watermark/public/2024-07/1593649080775636965.jpg?itok=iROy2mCk,01_试点医院/中山大学附属第五医院/照片/麦卫华-脑血管病中心-副主任医师-中山大学附属第五医院.jpg,164417,b41363c73754e256b316ac82af7eef5aa49fd9184a481422e97a71632611f254,FFD8FFE000104A4649460001,591,756,
姚蔚,https://www.sysu5.cn/medical-service/department-expert/doctor/10306,实采,,https://www.sysu5.cn/sites/default/files/styles/watermark/public/2024-07/1594249714106049653.jpg?itok=RzUebsAL,01_试点医院/中山大学附属第五医院/照片/姚蔚-腹盆部肿瘤内科-副主任医师-中山大学附属第五医院.jpg,115827,c5edd7e8043bdac1662850b775046143fb28cf18e0dc3ce9118d288514b5c87d,FFD8FFE000104A4649460001,473,640,
庞静,https://www.sysu5.cn/medical-service/department-expert/doctor/10308,实采,,https://www.sysu5.cn/sites/default/files/styles/watermark/public/2024-07/1594249951835207939.jpg?itok=yXqpVESU,01_试点医院/中山大学附属第五医院/照片/庞静-腹盆部肿瘤内科-主治医师-中山大学附属第五医院.jpg,233223,5eb82751f04b28557915cc71f96844dc41f248f3912e6a236939e334d54699a0,FFD8FFE000104A4649460001,800,1119,
廖怡锋,https://www.sysu5.cn/medical-service/department-expert/doctor/10305,实采,,https://www.sysu5.cn/sites/default/files/styles/watermark/public/2024-07/1594249438515515158.jpg?itok=EOBjP32l,01_试点医院/中山大学附属第五医院/照片/廖怡锋-腹盆部肿瘤内科-主治医师-中山大学附属第五医院.jpg,96018,ed4023c66203b6e51ac69591ca79cd54dbeb9013ee8471b6fb044eebcf42ea6b,FFD8FFE000104A4649460001,593,756,
张新,https://www.sysu5.cn/medical-service/department-expert/doctor/10304,实采,,https://www.sysu5.cn/sites/default/files/styles/watermark/public/2024-07/1594249075756190813.jpg?itok=0Sj_J4an,01_试点医院/中山大学附属第五医院/照片/张新-腹盆部肿瘤内科-主治医师-中山大学附属第五医院.jpg,28302,db2bdae89a1c99ee2cc860c8e0a170faf82811f8911e245094d7c3dba4e02318,FFD8FFE000104A4649460001,321,409,
张红雨,https://www.sysu5.cn/medical-service/department-expert/doctor/10300,实采,,https://www.sysu5.cn/sites/default/files/styles/watermark/public/2024-07/20220107140250920.jpg?itok=omOXEsT3,01_试点医院/中山大学附属第五医院/照片/张红雨-腹盆部肿瘤内科-主任医师-中山大学附属第五医院.jpg,101446,3f7b9d1c4de796d8132db1b20408d962739d4b2d780ccb292ac73f52c94a878b,FFD8FFE000104A4649460001,390,567,
曾林涓,https://www.sysu5.cn/medical-service/department-expert/doctor/13604,实采,,https://www.sysu5.cn/sites/default/files/styles/watermark/public/2026-03/%E8%85%B9%E7%9B%86%E9%83%A8%E8%82%BF%E7%98%A4%E7%A7%91-%E6%9B%BE%E6%9E%97%E6%B6%93.jpg?itok=FUu9eksR,01_试点医院/中山大学附属第五医院/照片/曾林涓-腹盆部肿瘤内科-主任医师-中山大学附属第五医院.jpg,67904,343b3aaa7b7d536dd67e3692466fa32abd2c41461e808d4fc1a1f476b4f29d1b,FFD8FFE000104A4649460001,390,567,
梁雪霞,https://www.sysu5.cn/medical-service/department-expert/doctor/11715,实采,,https://www.sysu5.cn/sites/default/files/styles/watermark/public/2025-03/%E6%A2%81%E9%9B%AA%E9%9C%9E.jpg?itok=6EW02YMb,01_试点医院/中山大学附属第五医院/照片/梁雪霞-腹盆部肿瘤内科-主治医师-中山大学附属第五医院.png,251301,461b4900491d342aa1f3f963dda6c15b89d5dca297e9ff89b71b0358a424edda,89504E470D0A1A0A0000000D,405,590,
田文静,https://www.sysu5.cn/medical-service/department-expert/doctor/10906,实采,,https://www.sysu5.cn/sites/default/files/styles/watermark/public/2024-07/20240521152506117.png?itok=nRzSZs1Z,01_试点医院/中山大学附属第五医院/照片/田文静-腹盆部肿瘤内科-副主任医师-中山大学附属第五医院.png,339611,2e873d1dc93afbd62d4fdd90e35270995337d27c8d3f14462f56426de973f187,89504E470D0A1A0A0000000D,421,592,
蒋艳辉,https://www.sysu5.cn/medical-service/department-expert/doctor/13603,实采,,https://www.sysu5.cn/sites/default/files/styles/watermark/public/2026-03/%E8%92%8B%E8%89%B3%E8%BE%8920260320.png?itok=rvjrnBOL,01_试点医院/中山大学附属第五医院/照片/蒋艳辉-腹盆部肿瘤内科-医师-中山大学附属第五医院.png,321784,f7f3cb8fb6da5bebe2346d6e52aa8fa2b295b11d215bf161930378e3f7f429de,89504E470D0A1A0A0000000D,485,589,
邓云,https://www.sysu5.cn/medical-service/department-expert/doctor/10307,实采,,https://www.sysu5.cn/sites/default/files/styles/watermark/public/2024-07/1594249854899320774.jpg?itok=AyUxDKWt,01_试点医院/中山大学附属第五医院/照片/邓云-腹盆部肿瘤内科-主治医师-中山大学附属第五医院.jpg,166698,3a0499a52e5433a5f98365c0a81970181733fd990e70fc9713d16494aa48573a,FFD8FFE000104A4649460001,1080,1440,
马琳,https://www.sysu5.cn/medical-service/department-expert/doctor/10302,实采,,https://www.sysu5.cn/sites/default/files/styles/watermark/public/2024-07/1594236386941421597.jpg?itok=sRDoC1H5,01_试点医院/中山大学附属第五医院/照片/马琳-腹盆部肿瘤内科-副主任医师-中山大学附属第五医院.jpg,121272,c4bd4bf67a713ca7dff7b82871e03196ab2936eac23cbd2c96e91fdf59ec3482,FFD8FFE000104A4649460001,561,800,
李亚男,https://www.sysu5.cn/medical-service/department-expert/doctor/10855,实采,,https://www.sysu5.cn/sites/default/files/styles/watermark/public/2024-07/20220313165942696.jpg?itok=3YUaCAsm,01_试点医院/中山大学附属第五医院/照片/李亚男-药学部-主管药师-中山大学附属第五医院.jpg,274217,fc0872b0a88cde5b5a188809a395614465710343f3cfa9b786a2700c13114351,FFD8FFE000104A4649460001,976,1367,
梁嘉碧,https://www.sysu5.cn/medical-service/department-expert/doctor/10854,实采,,https://www.sysu5.cn/sites/default/files/styles/watermark/public/2024-07/1524787546844177451.jpg?itok=uM8q0ue1,01_试点医院/中山大学附属第五医院/照片/梁嘉碧-药学部-副主任药师-中山大学附属第五医院.jpg,2587661,55c790623f6c9eb455a717d37ff453df93b00d6d1bd597784f7e40b3417f03ff,FFD8FFE000104A4649460001,2308,3000,
田琳,https://www.sysu5.cn/medical-service/department-expert/doctor/838,实采,,https://www.sysu5.cn/sites/default/files/styles/watermark/public/2024-07/1524787333663113911.jpg?itok=RW0I3gAL,01_试点医院/中山大学附属第五医院/照片/田琳-药学部-副主任药师-中山大学附属第五医院.jpg,1609864,7cf37f1e1b166cbfca29a9da1716746c9b73bd77127587a813e25414cb3642f7,FFD8FFE000104A4649460001,1800,2400,
何志国,https://www.sysu5.cn/medical-service/department-expert/doctor/1272,实采,,https://www.sysu5.cn/sites/default/files/styles/watermark/public/2024-07/1593558687197915017.jpg?itok=ZKJQlpW1,01_试点医院/中山大学附属第五医院/照片/何志国-血液内科-副主任医师-中山大学附属第五医院.jpg,166744,c3f8adce347d6f418ea048406cb3bc9eed399ccf71b069e5746a4fec306467c4,FFD8FFE000104A4649460001,593,756,
侯丽君,https://www.sysu5.cn/medical-service/department-expert/doctor/1271,实采,,https://www.sysu5.cn/sites/default/files/styles/watermark/public/2024-07/1593558470417488257.jpg?itok=x-PN27zY,01_试点医院/中山大学附属第五医院/照片/侯丽君-血液内科-主任医师-中山大学附属第五医院.jpg,187007,5f11f0770f49089c33a08c2ef416712fd59abef62f26f357bb2562418a4e4380,FFD8FFE000104A4649460001,593,756,
庞文正,https://www.sysu5.cn/medical-service/department-expert/doctor/1273,实采,,https://www.sysu5.cn/sites/default/files/styles/watermark/public/2025-12/%E5%BA%9E%E6%96%87%E6%AD%A320250509.png?itok=h2kAFklr,01_试点医院/中山大学附属第五医院/照片/庞文正-血液内科-副主任医师-中山大学附属第五医院.png,750027,3049dc7e8ca1f18607d751f46cd5652ace0b0799a98689a307e9c3785f2e405f,89504E470D0A1A0A0000000D,600,872,
徐景勃,https://www.sysu5.cn/medical-service/department-expert/doctor/1270,实采,,https://www.sysu5.cn/sites/default/files/styles/watermark/public/2024-07/1593558356960741406.jpg?itok=paslh9s6,01_试点医院/中山大学附属第五医院/照片/徐景勃-血液内科-主任医师-中山大学附属第五医院.jpg,82516,77aeb0eba6def997d96a8d7bbc1727d1a8c047e1b8c8a38a78f50b05a430fced,FFD8FFE000104A4649460001,344,482,
谢锋,https://www.sysu5.cn/medical-service/department-expert/doctor/1274,实采,,https://www.sysu5.cn/sites/default/files/styles/watermark/public/2024-07/1593562391339350907.jpg?itok=72S0gRVb,01_试点医院/中山大学附属第五医院/照片/谢锋-血液内科-主治医师-中山大学附属第五医院.jpg,123190,83b63fcf071a8881d2005590173d075f8628752bcec6675e7d4b2190a3f4b61c,FFD8FFE000104A4649460001,482,675,
赵红,https://www.sysu5.cn/medical-service/department-expert/doctor/10471,实采,,https://www.sysu5.cn/sites/default/files/styles/watermark/public/2024-11/20241105124743352.png?itok=LoxRERpL,01_试点医院/中山大学附属第五医院/照片/赵红-血液内科-主任医师-中山大学附属第五医院.png,260088,2a87af271c8a5b187a840d11d80c772d327f0a21031541ec267ac29133d863cd,89504E470D0A1A0A0000000D,409,452,
张慧涛,https://www.sysu5.cn/medical-service/department-expert/doctor/10475,实采,,https://www.sysu5.cn/sites/default/files/styles/watermark/public/2024-07/1595288760467899034.jpg?itok=_jzU-jzP,01_试点医院/中山大学附属第五医院/照片/张慧涛-血管与肿瘤介入科-副主任医师-中山大学附属第五医院.jpg,59488,59b5a28310a5e5c3f3954dc3ab94ee5a8769d90f27a626d29c2e05233d137b67,FFD8FFE000104A4649460001,390,567,
张永裕,https://www.sysu5.cn/medical-service/department-expert/doctor/10476,实采,,https://www.sysu5.cn/sites/default/files/styles/watermark/public/2024-07/1595289358139800533.png?itok=64HuoHoA,01_试点医院/中山大学附属第五医院/照片/张永裕-血管与肿瘤介入科-副主任医师-中山大学附属第五医院.png,38368,0aa2b4c71a974bb860426acffa525fe77914fe75ae3defa0bf0d8f9caf4fd0c1,89504E470D0A1A0A0000000D,168,198,
王大帅,https://www.sysu5.cn/medical-service/department-expert/doctor/13753,实采,,https://www.sysu5.cn/sites/default/files/styles/watermark/public/2026-04/%E7%8E%8B%E5%A4%A7%E5%B8%85%EF%BC%88%E5%B7%A5%E5%8F%B7195016%EF%BC%8920240422.png?itok=Lwf__AoS,01_试点医院/中山大学附属第五医院/照片/王大帅-血管与肿瘤介入科-主治医师-中山大学附属第五医院.png,259143,e931837e1750e196427872bef77be3e8b8e80c47aa51db23f807ef43ebd95806,89504E470D0A1A0A0000000D,402,586,
罗右利,https://www.sysu5.cn/medical-service/department-expert/doctor/13609,实采,,https://www.sysu5.cn/sites/default/files/styles/watermark/public/2026-03/%E7%BD%97%E5%8F%B3%E5%88%A9%EF%BC%88185019%EF%BC%8920260320.jpg?itok=VMZw9BDK,01_试点医院/中山大学附属第五医院/照片/罗右利-血管与肿瘤介入科-主治医师-中山大学附属第五医院.jpg,221620,05f1cab6c17edf981a609ffa03edf0f3e496e98b921696613182e7d5823fb432,FFD8FFE000104A4649460001,925,1015,
郭辉,https://www.sysu5.cn/medical-service/department-expert/doctor/10473,实采,,https://www.sysu5.cn/sites/default/files/styles/watermark/public/2024-07/1595289154195970779.jpg?itok=L5AzUlhp,01_试点医院/中山大学附属第五医院/照片/郭辉-血管与肿瘤介入科-主任医师-中山大学附属第五医院.jpg,65400,74d506c6738494970be93d270944436330ff24a513628c2db43d4acbe125aaec,FFD8FFE000104A4649460001,593,756,
冼建忠,https://www.sysu5.cn/medical-service/department-expert/doctor/10852,实采,,https://www.sysu5.cn/sites/default/files/styles/watermark/public/2024-07/20230629131701495.jpg?itok=D5hoqmSr,01_试点医院/中山大学附属第五医院/照片/冼建忠-超声医学科-副主任医师-中山大学附属第五医院.jpg,102159,c0c00c8105166f1df71a863c459da17f62e1222761eff7379e8257ebebe59248,FFD8FFE000104A4649460001,433,583,
卢吴柱,https://www.sysu5.cn/medical-service/department-expert/doctor/10851,实采,,https://www.sysu5.cn/sites/default/files/styles/watermark/public/2024-11/20241114163447998.jpg?itok=eUVP059V,01_试点医院/中山大学附属第五医院/照片/卢吴柱-超声医学科-副主任医师-中山大学附属第五医院.jpg,1182591,d82df7012e4121b39b40ba42861f9c4bacbf81d5e4c1b189139c92f3721e3e40,FFD8FFE000104A4649460001,1654,2316,
林宇红,https://www.sysu5.cn/medical-service/department-expert/doctor/10845,实采,,https://www.sysu5.cn/sites/default/files/styles/watermark/public/2024-07/1640134524413915790.png?itok=JCHAYVQS,01_试点医院/中山大学附属第五医院/照片/林宇红-超声医学科-副主任医师-中山大学附属第五医院.png,140990,cb58191b17d8f74a2872dcf1560e4cb1766f0799069c1da291069dbfd6a7a68f,89504E470D0A1A0A0000000D,331,461,
温欣,https://www.sysu5.cn/medical-service/department-expert/doctor/10850,实采,,https://www.sysu5.cn/sites/default/files/styles/watermark/public/2025-10/%E6%B8%A9%E6%AC%A3%20%E8%B6%85%E5%A3%B0%E7%A7%91.png?itok=ZWW3Z7Zq,01_试点医院/中山大学附属第五医院/照片/温欣-超声医学科-主任医师-中山大学附属第五医院.png,317829,80cbc32498525dc8d829f1f38d0d38b076c6e5cad0369f0f2964f9239f558c93,89504E470D0A1A0A0000000D,400,552,
王发敏,https://www.sysu5.cn/medical-service/department-expert/doctor/10849,实采,,https://www.sysu5.cn/sites/default/files/styles/watermark/public/2024-07/20220621160210422.jpg?itok=QVTjUm6r,01_试点医院/中山大学附属第五医院/照片/王发敏-超声医学科-副主任医师-中山大学附属第五医院.jpg,59814,e79747893705670cd6abac46f22f315611fcc04bf69b84e2f758c593fd95005e,FFD8FFE000104A4649460001,390,567,
苏中振,https://www.sysu5.cn/medical-service/department-expert/doctor/837,实采,,https://www.sysu5.cn/sites/default/files/styles/watermark/public/2024-07/1595533714780028525.jpg?itok=8MYku8si,01_试点医院/中山大学附属第五医院/照片/苏中振-超声医学科-主任医师-中山大学附属第五医院.jpg,100721,1e6f589ba118d852f011b667b16ed26cabad5f322081bbf740cd19099a8e8416,FFD8FFE000104A4649460001,390,567,
陈晓波,https://www.sysu5.cn/medical-service/department-expert/doctor/10853,实采,,https://www.sysu5.cn/sites/default/files/styles/watermark/public/2024-07/20230714152024397.jpg?itok=v0i1jc8J,01_试点医院/中山大学附属第五医院/照片/陈晓波-超声医学科-副主任医师-中山大学附属第五医院.jpg,219916,a7e1a722b51d6472c946764ac90a33dca11334c2945008281deac7c129625128,FFD8FFE000104A4649460001,866,1250,
高子晴,https://www.sysu5.cn/medical-service/department-expert/doctor/11679,实采,,https://www.sysu5.cn/sites/default/files/styles/watermark/public/2024-11/20240802095621188.png?itok=Kj5GtR6-,01_试点医院/中山大学附属第五医院/照片/高子晴-超声医学科-副主任医师-中山大学附属第五医院.png,322754,e67b47743556607364f781cf1ee229c694b2ffb91fe56d710cd8eda57a685fb9,89504E470D0A1A0A0000000D,417,590,
黄涌泉,https://www.sysu5.cn/medical-service/department-expert/doctor/10847,实采,,https://www.sysu5.cn/sites/default/files/styles/watermark/public/2024-07/20220531130312518.jpg?itok=_eK_aMzS,01_试点医院/中山大学附属第五医院/照片/黄涌泉-超声医学科-副主任医师-中山大学附属第五医院.jpg,146450,79503e71ac52d5f63d594634d29c3c5da16d3bdc68637a11c65aa17c2d49360b,FFD8FFE000104A4649460001,593,756,
崔钰杰,https://www.sysu5.cn/medical-service/department-expert/doctor/1388,实采,,https://www.sysu5.cn/sites/default/files/styles/watermark/public/2024-07/20220208150452996.jpg?itok=Fb492OuS,01_试点医院/中山大学附属第五医院/照片/崔钰杰-风湿免疫科-主治医师-中山大学附属第五医院.jpg,28795,ecc38dfd82f2ddc7554fd9f2d887c8d2275c07366dd0eea636a4fa219f2c6e2e,FFD8FFE000104A4649460001,243,321,
张桦,https://www.sysu5.cn/medical-service/department-expert/doctor/1275,实采,,https://www.sysu5.cn/sites/default/files/styles/watermark/public/2024-07/1593622804908554699.jpg?itok=eAKBMeei,01_试点医院/中山大学附属第五医院/照片/张桦-风湿免疫科-主任医师-中山大学附属第五医院.jpg,161986,c0ea287f529af9132b6249eeb341619a8f5bf6e27bb0dfdb5dd06865c8091ee2,FFD8FFE000104A4649460001,593,756,
李学刚,https://www.sysu5.cn/medical-service/department-expert/doctor/1345,实采,,https://www.sysu5.cn/sites/default/files/styles/watermark/public/2024-07/1593564978833060053.jpg?itok=DRvo3c3m,01_试点医院/中山大学附属第五医院/照片/李学刚-风湿免疫科-主治医师-中山大学附属第五医院.jpg,164423,20db3eb8d9cb3242039729f6720fb15486124c8e0b1107a5bb88d276ac9d8359,FFD8FFE000104A4649460001,593,756,
梁安琪,https://www.sysu5.cn/medical-service/department-expert/doctor/1367,实采,,https://www.sysu5.cn/sites/default/files/styles/watermark/public/2024-07/1593565385706538754.jpg?itok=iSx_vGH5,01_试点医院/中山大学附属第五医院/照片/梁安琪-风湿免疫科-主治医师-中山大学附属第五医院.jpg,44979,7c734ab6f303b3ddbc9a538e691dd576efb2642246e872decb45634b0bab5ae9,FFD8FFE000104A4649460001,401,572,
贾宁,https://www.sysu5.cn/medical-service/department-expert/doctor/1277,实采,,https://www.sysu5.cn/sites/default/files/styles/watermark/public/2024-07/1593564319325265987.jpg?itok=Yo8AryD4,01_试点医院/中山大学附属第五医院/照片/贾宁-风湿免疫科-副主任医师-中山大学附属第五医院.jpg,79174,84749d8d31221e2fdc86576c6c184acb55bec838e5661e5dbbd52d10aa3c01c9,FFD8FFE000104A4649460001,323,473,
郑 晶,https://www.sysu5.cn/medical-service/department-expert/doctor/1278,实采,,https://www.sysu5.cn/sites/default/files/styles/watermark/public/2024-07/1593564654662717482.jpg?itok=jyhue5YD,01_试点医院/中山大学附属第五医院/照片/郑 晶-风湿免疫科-副主任医师-中山大学附属第五医院.jpg,159027,7e9878719a11f03a162dd577f7dfbb36bab9d155800f18d02d5eb4263d13b68b,FFD8FFE000104A4649460001,593,756,
钟淑萍,https://www.sysu5.cn/medical-service/department-expert/doctor/1276,实采,,https://www.sysu5.cn/sites/default/files/styles/watermark/public/2024-07/1593564360130272544.jpg?itok=vZZC2IUz,01_试点医院/中山大学附属第五医院/照片/钟淑萍-风湿免疫科-主任医师-中山大学附属第五医院.jpg,156234,f991c40729ac2319505e1b8526e2f56598809b05bb65be96563f9b2e849290da,FFD8FFE000104A4649460001,593,756,
刘友平,https://www.sysu5.cn/medical-service/department-expert/doctor/10881,实采,,https://www.sysu5.cn/sites/default/files/styles/watermark/public/2024-07/20240402130148760.jpg?itok=dgvfzq6Z,01_试点医院/中山大学附属第五医院/照片/刘友平-鼻咽癌防治中心-主治医师-中山大学附属第五医院.jpg,153646,bbe0bf22d2e5bdc42a4d306e11e965305adfe2dd524037e471cacec5c55744cb,FFD8FFE000104A4649460001,462,667,
刘天泽,https://www.sysu5.cn/medical-service/department-expert/doctor/10895,实采,,https://www.sysu5.cn/sites/default/files/styles/watermark/public/2024-07/20240126174929767.jpg?itok=6QmP6bTf,01_试点医院/中山大学附属第五医院/照片/刘天泽-鼻咽癌防治中心-副研究员-中山大学附属第五医院.jpg,81542,7b8ad9085046de9ecdd41ab21c3a3004ba8c9228078bf21e1cb112339b817893,FFD8FFE000104A4649460001,462,667,
姚季金,https://www.sysu5.cn/medical-service/department-expert/doctor/10888,实采,,https://www.sysu5.cn/sites/default/files/styles/watermark/public/2024-07/1594228668865656608.jpg?itok=k0-pYVxO,01_试点医院/中山大学附属第五医院/照片/姚季金-鼻咽癌防治中心-副主任医师-中山大学附属第五医院.jpg,21356,1ae04b9689d1cf71294dd6530350daee46f51f65e0d7602c937097f55d7a2c47,FFD8FFE000104A4649460001,189,250,
陈明远,https://www.sysu5.cn/medical-service/department-expert/doctor/835,实采,,https://www.sysu5.cn/sites/default/files/styles/watermark/public/2025-03/20250327174643.jpg?itok=JoUtm8Lp,01_试点医院/中山大学附属第五医院/照片/陈明远-鼻咽癌防治中心-主任医师-中山大学附属第五医院.jpg,79866,a95e16086228c4b6841eea41481df8a74dcda95d20e9fdfdae5b4b53a126c312,FFD8FFE000104A4649460001,559,745,
王陆,https://www.sysu5.cn/medical-service/department-expert/doctor/10709,实采,,https://www.sysu5.cn/sites/default/files/styles/watermark/public/2024-07/20220531163053741.jpg?itok=ujLQUiJJ,01_试点医院/中山大学附属第五医院/照片/王陆-中医科-医师-中山大学附属第五医院.jpg,2747752,c31d8f7548155dfd85cae48a82a617dad0edccaafeadcb85c29c5bcad18457cd,FFD8FFE000104A4649460001,2067,2894,
于海玲,https://www.sysu5.cn/medical-service/department-expert/doctor/10874,实采,,https://www.sysu5.cn/sites/default/files/styles/watermark/public/2024-07/1532308256529448974.png?itok=W7bRy_OV,01_试点医院/中山大学附属第五医院/照片/于海玲-分子影像中心-未标注-中山大学附属第五医院.png,64695,af7423423a01e0399c5d4cd674c8313691d8f7cef1c9f208054e5746bf2aa72f,89504E470D0A1A0A0000000D,233,330,
刘鼎,https://www.sysu5.cn/medical-service/department-expert/doctor/12749,实采,,https://www.sysu5.cn/sites/default/files/styles/watermark/public/2025-07/%E5%88%98%E9%BC%8E20250728.png?itok=i6Z6StoU,01_试点医院/中山大学附属第五医院/照片/刘鼎-创伤与关节外科-主治医师-中山大学附属第五医院.png,160336,326e1211a462dc79b36f45e99c399a08356688484103012ad4d559fbbe29bca7,89504E470D0A1A0A0000000D,368,475,
唐宇星,https://www.sysu5.cn/medical-service/department-expert/doctor/8116,实采,,https://www.sysu5.cn/sites/default/files/styles/watermark/public/2024-07/1595809870585822758.jpg?itok=4VTYCxdM,01_试点医院/中山大学附属第五医院/照片/唐宇星-创伤与关节外科-主治医师-中山大学附属第五医院.jpg,147064,60da8598060a708da7ebbcf00dd2086f9933953cfd136b0485c054005be16323,FFD8FFE000104A4649460001,593,756,
张颂阳,https://www.sysu5.cn/medical-service/department-expert/doctor/8128,实采,,https://www.sysu5.cn/sites/default/files/styles/watermark/public/2024-07/1595810184326697946.jpg?itok=DYukWkvD,01_试点医院/中山大学附属第五医院/照片/张颂阳-创伤与关节外科-主治医师-中山大学附属第五医院.jpg,150920,e5da2495e5e87fc00a344d2487e142c7d975e56b432d9ed338baf561deee836a,FFD8FFE000104A4649460001,593,756,
徐星明,https://www.sysu5.cn/medical-service/department-expert/doctor/12748,实采,,https://www.sysu5.cn/sites/default/files/styles/watermark/public/2025-07/%E5%BE%90%E6%98%9F%E6%98%8E20250708.png?itok=2e--x-mY,01_试点医院/中山大学附属第五医院/照片/徐星明-创伤与关节外科-主治医师-中山大学附属第五医院.png,251571,91c2ef1ed3f28d37f0d9664e3a7986c08b23e4f8d00b6d5ee203b27686ce0a51,89504E470D0A1A0A0000000D,410,586,
戴祝,https://www.sysu5.cn/medical-service/department-expert/doctor/12224,实采,,https://www.sysu5.cn/sites/default/files/styles/watermark/public/2025-04/20250410100244072.jpg?itok=55D2ZH5-,01_试点医院/中山大学附属第五医院/照片/戴祝-创伤与关节外科-主任医师-中山大学附属第五医院.png,305202,3bc6a18929e9f3f3ccf73f177bc6042e2e64747663f629f0128d74c0e7c4bc96,89504E470D0A1A0A0000000D,400,578,
王大伟,https://www.sysu5.cn/medical-service/department-expert/doctor/8081,实采,,https://www.sysu5.cn/sites/default/files/styles/watermark/public/2024-07/20240521132158956.png?itok=jeOuSwF3,01_试点医院/中山大学附属第五医院/照片/王大伟-创伤与关节外科-副主任医师-中山大学附属第五医院.png,297222,5b5f240dccbb250999f1de377399a5aae994d8b80ac75316c4555e8b598e9453,89504E470D0A1A0A0000000D,414,589,
伍德权,https://www.sysu5.cn/medical-service/department-expert/doctor/11719,实采,,https://www.sysu5.cn/sites/default/files/styles/watermark/public/2025-03/%E4%BC%8D%E5%BE%B7%E6%9D%83.png?itok=yvDNVKKI,01_试点医院/中山大学附属第五医院/照片/伍德权-口腔科-医师-中山大学附属第五医院.png,288183,e368d319eba1ccb807ad1f7ee4d2b131fbc5ae73c9c5d2deaa811ffbcb918eef,89504E470D0A1A0A0000000D,443,568,
何绮芬,https://www.sysu5.cn/medical-service/department-expert/doctor/10741,实采,,https://www.sysu5.cn/sites/default/files/styles/watermark/public/2024-07/1595360586554227049.jpg?itok=I9KsluGb,01_试点医院/中山大学附属第五医院/照片/何绮芬-口腔科-副主任医师-中山大学附属第五医院.jpg,1310928,8e9b64b9b95a9937d388caaeb0b6a4a0542ebe9231cfb4649cafac5218e54b45,FFD8FFE000104A4649460001,1914,2698,
刘慧敏,https://www.sysu5.cn/medical-service/department-expert/doctor/10746,实采,,https://www.sysu5.cn/sites/default/files/styles/watermark/public/2024-07/1631490884921132745.jpg?itok=JihWqmFN,01_试点医院/中山大学附属第五医院/照片/刘慧敏-口腔科-医师-中山大学附属第五医院.jpg,315690,3ff316abf5586dec4fa47b3e170512682feadd7bbbcf2952a1613a27bf5997ee,FFD8FFE000104A4649460001,870,1228,
刘昱彤,https://www.sysu5.cn/medical-service/department-expert/doctor/14070,实采,,https://www.sysu5.cn/sites/default/files/styles/watermark/public/2026-06/%E5%88%98%E6%98%B1%E5%BD%A4%EF%BC%88135272%EF%BC%89.png?itok=Ym3l1Arx,01_试点医院/中山大学附属第五医院/照片/刘昱彤-口腔科-医师-中山大学附属第五医院.png,686389,395bb889bf2abcf3e079f07b0bd30e61d2e2c16100ab95dd7e713ecaea0fa8fc,89504E470D0A1A0A0000000D,600,799,
周泽瑛,https://www.sysu5.cn/medical-service/department-expert/doctor/10747,实采,,https://www.sysu5.cn/sites/default/files/styles/watermark/public/2024-07/20220313171931231.jpg?itok=CcydvQ_S,01_试点医院/中山大学附属第五医院/照片/周泽瑛-口腔科-医师-中山大学附属第五医院.jpg,259064,271b46f6822bfc1239e67188fdc130a8ec2d464476857d663e9e71594f2fd799,FFD8FFE000104A4649460001,870,1228,
孟叶桐,https://www.sysu5.cn/medical-service/department-expert/doctor/14080,实采,,https://www.sysu5.cn/sites/default/files/styles/watermark/public/2026-07/%E5%AD%9F%E5%8F%B6%E6%A1%90%EF%BC%88Y24160%EF%BC%8920260701.jpg?itok=DB-RhAxk,01_试点医院/中山大学附属第五医院/照片/孟叶桐-口腔科-医师-中山大学附属第五医院.png,443937,3d972c69257ed1a6e7d7080f08b20d7bbd2174a34f047d2a20eaf6b1072fdec2,89504E470D0A1A0A0000000D,800,1068,
张晓平,https://www.sysu5.cn/medical-service/department-expert/doctor/10744,实采,,https://www.sysu5.cn/sites/default/files/styles/watermark/public/2024-07/20220107140728537.jpg?itok=u5x9-bRW,01_试点医院/中山大学附属第五医院/照片/张晓平-口腔科-主治医师-中山大学附属第五医院.jpg,182344,69847bbf5b10e95974353374a4a16897138f58436561b9a16b42b1d816e9dd40,FFD8FFE000104A4649460001,874,1154,
林晓轩,https://www.sysu5.cn/medical-service/department-expert/doctor/11717,实采,,https://www.sysu5.cn/sites/default/files/styles/watermark/public/2025-03/%E6%9E%97%E6%99%93%E8%BD%A9.png?itok=pfoffWDh,01_试点医院/中山大学附属第五医院/照片/林晓轩-口腔科-医师-中山大学附属第五医院.png,305545,f2727cfe78e0191c25233c87c0cf4da8522df0871142392c69c8db0225ac586b,89504E470D0A1A0A0000000D,413,541,
梁宇扬,https://www.sysu5.cn/medical-service/department-expert/doctor/14053,实采,,https://www.sysu5.cn/sites/default/files/styles/watermark/public/2026-06/%E6%A2%81%E5%AE%87%E6%89%AC%EF%BC%88T24014%EF%BC%89.png?itok=WeXOmirt,01_试点医院/中山大学附属第五医院/照片/梁宇扬-口腔科-医师-中山大学附属第五医院.png,943136,a98dbc207029d3c86dfcdb66826721ec342d4761d42e585a8b4a3e64004b2e39,89504E470D0A1A0A0000000D,800,972,
汤雨婷,https://www.sysu5.cn/medical-service/department-expert/doctor/13142,实采,,https://www.sysu5.cn/sites/default/files/styles/watermark/public/2025-11/23%E6%B1%A4%E9%9B%A8%E5%A9%B7.jpg?itok=H41f0Llo,01_试点医院/中山大学附属第五医院/照片/汤雨婷-口腔科-医师-中山大学附属第五医院.jpg,233371,a21dcd66bb23ea1bb3c86df3b7aa36a3bf3354b4961df01ad1bc3b42e971ee32,FFD8FFE000104A4649460001,768,1024,
袁梓健,https://www.sysu5.cn/medical-service/department-expert/doctor/10756,实采,,https://www.sysu5.cn/sites/default/files/styles/watermark/public/2024-07/20231010115659021.jpg?itok=N1-OHWHI,01_试点医院/中山大学附属第五医院/照片/袁梓健-口腔科-医师-中山大学附属第五医院.jpg,395031,438470a92cfae02191606010b2b4225e8ee32e3acefe76050e368c972a14fc2b,FFD8FFE000104A4649460001,800,1077,
赖聪,https://www.sysu5.cn/medical-service/department-expert/doctor/14078,实采,,https://www.sysu5.cn/sites/default/files/styles/watermark/public/2026-07/%E8%B5%96%E8%81%AA%EF%BC%88T24023%EF%BC%8920260629.jpeg?itok=5nbmR6DD,01_试点医院/中山大学附属第五医院/照片/赖聪-口腔科-医师-中山大学附属第五医院.jpg,315238,4160d04675f761cdcb12dcf449ff2d896c26cee76f9537f5e2826e12c3d04f3e,FFD8FFE000104A4649460001,1000,1187,
赵岚岚,https://www.sysu5.cn/medical-service/department-expert/doctor/10749,实采,,https://www.sysu5.cn/sites/default/files/styles/watermark/public/2024-07/20221205171444121.jpg?itok=NxM9G3U_,01_试点医院/中山大学附属第五医院/照片/赵岚岚-口腔科-医师-中山大学附属第五医院.jpg,463439,530894e7d0cfaa0216cd9277af22bd6f76d3cce1552ba32521635c3e332ef7d8,FFD8FFE000104A4649460001,883,1228,
李丹,https://www.sysu5.cn/medical-service/department-expert/doctor/10840,实采,,https://www.sysu5.cn/sites/default/files/styles/watermark/public/2024-07/1532309173940472710.png?itok=3HzRAbpw,01_试点医院/中山大学附属第五医院/照片/李丹-核医学科-研究员-中山大学附属第五医院.png,598125,adc31164470d664caefdff2727346ef99840236c4c7fb0d05af16a329914aa90,89504E470D0A1A0A0000000D,733,1027,
周益红,https://www.sysu5.cn/medical-service/department-expert/doctor/10900,实采,,https://www.sysu5.cn/sites/default/files/styles/watermark/public/2024-07/1594839770532004281.jpg?itok=_E1Y5qMn,01_试点医院/中山大学附属第五医院/照片/周益红-泌尿外科-副主任医师-中山大学附属第五医院.jpg,214884,8b0e2f38f5d89e183712754a81561b9f3abf9f69a1a145aa21c1fbc40bf0b421,FFD8FFE000104A4649460001,800,1126,
郑小青,https://www.sysu5.cn/medical-service/department-expert/doctor/10907,实采,,https://www.sysu5.cn/sites/default/files/styles/watermark/public/2025-05/%E9%83%91%E5%B0%8F%E9%9D%92202507.jpg?itok=qrbo0v_c,01_试点医院/中山大学附属第五医院/照片/郑小青-泌尿外科-副主任医师-中山大学附属第五医院.jpg,1492406,39289cf148c5efbe5b0eaf76e5f04dad192158f50faa6719b863b0c010958880,FFD8FFE000104A4649460001,2100,2940,
郭振宇,https://www.sysu5.cn/medical-service/department-expert/doctor/10899,实采,,https://www.sysu5.cn/sites/default/files/styles/watermark/public/2024-07/1594839109642997181.jpg?itok=fxAEy4i3,01_试点医院/中山大学附属第五医院/照片/郭振宇-泌尿外科-副主任医师-中山大学附属第五医院.jpg,355305,f38468018bc55986d1d13cd3c12e0c07a8336244dcd1c6e977e06ab855fe00fe,FFD8FFE000104A4649460001,800,1200,
于雅洁,https://www.sysu5.cn/medical-service/department-expert/doctor/10765,实采,,https://www.sysu5.cn/sites/default/files/styles/watermark/public/2024-07/20230505095652826.png?itok=T0SAm559,01_试点医院/中山大学附属第五医院/照片/于雅洁-皮肤科-医师-中山大学附属第五医院.png,108164,1b005c153dd9ad4e30b3074afe2373c1055ea30590f842d65444bdb63bfa41fa,89504E470D0A1A0A0000000D,307,378,
何泰龙,https://www.sysu5.cn/medical-service/department-expert/doctor/10763,实采,,https://www.sysu5.cn/sites/default/files/styles/watermark/public/2024-07/20220819155706729.jpg?itok=3F41_aGf,01_试点医院/中山大学附属第五医院/照片/何泰龙-皮肤科-医师-中山大学附属第五医院.jpg,58213,db64cd8eb46286c93368ab765f4e35bbdc7ab27025a052a7f3873a7443f922ae,FFD8FFE000104A4649460001,413,626,
刘婷,https://www.sysu5.cn/medical-service/department-expert/doctor/10762,实采,,https://www.sysu5.cn/sites/default/files/styles/watermark/public/2024-07/20220726153429755.jpg?itok=XqbAdKDS,01_试点医院/中山大学附属第五医院/照片/刘婷-皮肤科-医师-中山大学附属第五医院.jpg,264780,94edcca8fac9eb12e163fcb2728581475adcf066c2428ab40390930c5d8ed720,FFD8FFE000104A4649460001,800,1000,
刘海杰,https://www.sysu5.cn/medical-service/department-expert/doctor/11677,实采,,https://www.sysu5.cn/sites/default/files/styles/watermark/public/2024-11/20241009164825693.jpg?itok=RsLn213s,01_试点医院/中山大学附属第五医院/照片/刘海杰-皮肤科-主任医师-中山大学附属第五医院.png,302136,b447237804b9ba42dcd7e68dfa3ec44ae1b9b1bed10b2caa6e8480714d7450d0,89504E470D0A1A0A0000000D,436,589,
杨丽,https://www.sysu5.cn/medical-service/department-expert/doctor/10761,实采,,https://www.sysu5.cn/sites/default/files/styles/watermark/public/2024-07/1631122233925197200.jpg?itok=rVlaj9zz,01_试点医院/中山大学附属第五医院/照片/杨丽-皮肤科-主治医师-中山大学附属第五医院.jpg,47102,d72ab5fdd4d67abbeb0d0abb63e2e76e38b331cb423cc8e3a0066f4dd692440b,FFD8FFE000104A4649460001,372,472,
钟慧婷,https://www.sysu5.cn/medical-service/department-expert/doctor/10764,实采,,https://www.sysu5.cn/sites/default/files/styles/watermark/public/2024-07/20230128161910970.png?itok=dXbGvMba,01_试点医院/中山大学附属第五医院/照片/钟慧婷-皮肤科-主治医师-中山大学附属第五医院.png,176686,cf3e853e06139602e0ae92140699f55c7f47f113318eef26275ccd544392bde1,89504E470D0A1A0A0000000D,413,579,
刘洋,https://www.sysu5.cn/medical-service/department-expert/doctor/10722,实采,,https://www.sysu5.cn/sites/default/files/styles/watermark/public/2024-07/1595353942776810819.jpg?itok=SjwpjPkS,01_试点医院/中山大学附属第五医院/照片/刘洋-眼科-主任医师-中山大学附属第五医院.jpg,115269,97760d01af8c798bc4d7b52e9d4e83f05d069e65e0da5cba0043c6d42cee28ef,FFD8FFE000104A4649460001,441,614,
刘苹苹,https://www.sysu5.cn/medical-service/department-expert/doctor/10734,实采,,https://www.sysu5.cn/sites/default/files/styles/watermark/public/2024-07/1595357869411744238.jpg?itok=h1sKTNlF,01_试点医院/中山大学附属第五医院/照片/刘苹苹-眼科-主治医师-中山大学附属第五医院.jpg,171493,28f06d658d8ccba817ba8e07bbfbaa2b5a1bb00bd8ae3faa92b938768cfa82ce,FFD8FFE000104A4649460001,593,756,
李冰,https://www.sysu5.cn/medical-service/department-expert/doctor/10730,实采,,https://www.sysu5.cn/sites/default/files/styles/watermark/public/2024-07/1595358147608483513.jpg?itok=jNKkTmb0,01_试点医院/中山大学附属第五医院/照片/李冰-眼科-副主任医师-中山大学附属第五医院.jpg,90374,c48d22e2001b4e4d7d440822c01b5b041972aff8deef66a3f8d77381251607f7,FFD8FFE000104A4649460001,372,524,
杨秀霞,https://www.sysu5.cn/medical-service/department-expert/doctor/10733,实采,,https://www.sysu5.cn/sites/default/files/styles/watermark/public/2024-07/1595357754591789634.jpg?itok=ehjDs0rx,01_试点医院/中山大学附属第五医院/照片/杨秀霞-眼科-主治医师-中山大学附属第五医院.jpg,715902,24e4e787769cf51258900e686551d234792de1781d25e18551b9d2a27d1852fc,FFD8FFE000104A4649460001,1496,2256,
杨程成,https://www.sysu5.cn/medical-service/department-expert/doctor/10735,实采,,https://www.sysu5.cn/sites/default/files/styles/watermark/public/2024-07/1595358010924227722.jpg?itok=W1mjfh4R,01_试点医院/中山大学附属第五医院/照片/杨程成-眼科-副主任医师-中山大学附属第五医院.jpg,660715,6c771f52732844291c63b4b9a7434b6b75006304c6df39fdd7800c6cb5b80836,FFD8FFE000104A4649460001,1380,1728,
顾敏,https://www.sysu5.cn/medical-service/department-expert/doctor/10724,实采,,https://www.sysu5.cn/sites/default/files/styles/watermark/public/2024-07/1595355505576708053.jpg?itok=vt1o3Wro,01_试点医院/中山大学附属第五医院/照片/顾敏-眼科-副主任医师-中山大学附属第五医院.jpg,150467,8e132f28893fa1e448d0ccd1d177538956d58faf5815668b97fd08320be5827d,FFD8FFE000104A4649460001,593,756,
周凤,https://www.sysu5.cn/medical-service/department-expert/doctor/1577,实采,,https://www.sysu5.cn/sites/default/files/styles/watermark/public/2024-07/20230618170150456.jpg?itok=tN07ni6c,01_试点医院/中山大学附属第五医院/照片/周凤-神经内科-主治医师-中山大学附属第五医院.jpg,494409,38bba6bd015b673a4fb03c67d882484e37a185ae928c717f18814c7f1ea390d8,FFD8FFE000104A4649460001,900,1374,
李慧卿,https://www.sysu5.cn/medical-service/department-expert/doctor/1592,实采,,https://www.sysu5.cn/sites/default/files/styles/watermark/public/2024-07/20230618170356430.jpg?itok=mdwz9bzV,01_试点医院/中山大学附属第五医院/照片/李慧卿-神经内科-主治医师-中山大学附属第五医院.jpg,483725,60983cd04a188b3a4cea5f83087a3bf0671364ac64bc34b6de7fcf6cdf0d0164,FFD8FFE000104A4649460001,900,1374,
李文彬,https://www.sysu5.cn/medical-service/department-expert/doctor/11721,实采,,https://www.sysu5.cn/sites/default/files/styles/watermark/public/2025-03/20241121170425044.png?itok=nq4JHVrN,01_试点医院/中山大学附属第五医院/照片/李文彬-神经内科-主治医师-中山大学附属第五医院.png,168617,2b99ca22e69858d100a853de8e57af91057f7d5995f843668c01e38f953ed7f2,89504E470D0A1A0A0000000D,330,467,
黄凯敏,https://www.sysu5.cn/medical-service/department-expert/doctor/13491,实采,,https://www.sysu5.cn/sites/default/files/styles/watermark/public/2026-02/%E9%BB%84%E5%87%AF%E6%95%8F20260225.jpg?itok=iyFbyzUp,01_试点医院/中山大学附属第五医院/照片/黄凯敏-神经外科-主治医师-中山大学附属第五医院.jpg,772144,2fa7b17783cd39d63f5ea004f3a748a6df2f52aa40e7ed1a82996238ceb4f9b7,FFD8FFE000104A4649460001,1550,1859,
岳计辉,https://www.sysu5.cn/medical-service/department-expert/doctor/10787,实采,,https://www.sysu5.cn/sites/default/files/styles/watermark/public/2024-07/1449734535124970012.jpg?itok=Qg1gmwg_,01_试点医院/中山大学附属第五医院/照片/岳计辉-精神心理科-副主任医师-中山大学附属第五医院.jpg,144164,ae76f2626f9267bd7b6dc120f66165021fcf9293f080c9d6f35121d31b213d54,FFD8FFE000104A4649460001,593,756,
李凌江,https://www.sysu5.cn/medical-service/department-expert/doctor/10784,实采,,https://www.sysu5.cn/sites/default/files/styles/watermark/public/2024-07/20230505091742691.jpg?itok=KMSEbT11,01_试点医院/中山大学附属第五医院/照片/李凌江-精神心理科-主任医师-中山大学附属第五医院.jpg,222747,1e263a641050dd1cac76ae1919564d904b4a86f1f6345bbaacbb8b48839c5e65,FFD8FFE000104A4649460001,1040,1444,
李玲,https://www.sysu5.cn/medical-service/department-expert/doctor/10789,实采,,https://www.sysu5.cn/sites/default/files/styles/watermark/public/2024-07/20220107140857970.jpg?itok=zsMbFxv6,01_试点医院/中山大学附属第五医院/照片/李玲-精神心理科-主治医师-中山大学附属第五医院.jpg,72717,b054c929c708c25ad849fa89c2173ba79ac996d278a83e9790558ed324d2959a,FFD8FFE000104A4649460001,413,578,
林勇,https://www.sysu5.cn/medical-service/department-expert/doctor/10785,实采,,https://www.sysu5.cn/sites/default/files/styles/watermark/public/2024-07/1595463687965184537.jpg?itok=N3D7OTWH,01_试点医院/中山大学附属第五医院/照片/林勇-精神心理科-主任医师-中山大学附属第五医院.jpg,91165,97fea46d932860d8ddd8088d412190faf0b55b1a70d08ec7dca2c0edcd0076bc,FFD8FFE000104A4649460001,372,524,
王宏,https://www.sysu5.cn/medical-service/department-expert/doctor/10788,实采,,https://www.sysu5.cn/sites/default/files/styles/watermark/public/2024-07/1595463210031910761.jpg?itok=y8hH4EJv,01_试点医院/中山大学附属第五医院/照片/王宏-精神心理科-主治医师-中山大学附属第五医院.jpg,151238,4f278258697621432cd8a44e27f0ec70ee4023882009faaee5c64d5f277ec011,FFD8FFE000104A4649460001,1080,1080,
王相兰,https://www.sysu5.cn/medical-service/department-expert/doctor/10782,实采,,https://www.sysu5.cn/sites/default/files/styles/watermark/public/2024-07/20220819173036630.jpg?itok=O0gQxCAC,01_试点医院/中山大学附属第五医院/照片/王相兰-精神心理科-主任医师-中山大学附属第五医院.jpg,403340,49963b6ee3b8e516ee843a74100bb3cd39be4ac4995a4420d43765cc4e653f28,FFD8FFE000104A4649460001,896,1228,
程敏锋,https://www.sysu5.cn/medical-service/department-expert/doctor/10786,实采,,https://www.sysu5.cn/sites/default/files/styles/watermark/public/2024-07/1595447347844120221.jpg?itok=Zv_lFwcD,01_试点医院/中山大学附属第五医院/照片/程敏锋-精神心理科-副主任医师-中山大学附属第五医院.jpg,44903,7e2ca5ea427f9d5d8bba34e2316755b82dcd838d15a16a309e81fe61ae6160c7,FFD8FFE000104A4649460001,320,452,
黄颖,https://www.sysu5.cn/medical-service/department-expert/doctor/13897,实采,,https://www.sysu5.cn/sites/default/files/styles/watermark/public/2026-05/%E9%BB%84%E9%A2%96%EF%BC%88235106%EF%BC%8920260520.png?itok=qulpKDkF,01_试点医院/中山大学附属第五医院/照片/黄颖-精神心理科-副主任医师-中山大学附属第五医院.png,302342,2d42b2e679740ec1155100d3d68486e0a4008dd8a278d51700e7b525085361df,89504E470D0A1A0A0000000D,415,561,
吕明慧,https://www.sysu5.cn/medical-service/department-expert/doctor/10716,实采,,https://www.sysu5.cn/sites/default/files/styles/watermark/public/2024-07/1595352824701783363.jpg?itok=m7i9hBp3,01_试点医院/中山大学附属第五医院/照片/吕明慧-耳鼻咽喉&头颈外科-主治医师-中山大学附属第五医院.jpg,127519,d9e42018fca11f0bd7d86fe5d6b8beacf8d429a03bf77a3010848907f3ed43ed,FFD8FFE000104A4649460001,589,883,
矫健,https://www.sysu5.cn/medical-service/department-expert/doctor/13141,实采,,https://www.sysu5.cn/sites/default/files/styles/watermark/public/2025-11/%E7%9F%AB%E5%81%A5-%E7%A5%9E%E7%BB%8F%E4%BB%8B%E5%85%A5%E7%A7%91%2020250904.jpg?itok=VzGUDsvL,01_试点医院/中山大学附属第五医院/照片/矫健-脑血管病中心-主治医师-中山大学附属第五医院.jpg,644786,ee66d3a6f58080759041353f7dca4763c66df7642d0221a60cec54379a9f161c,FFD8FFE000104A4649460001,1299,1890,
陈嘉耀,https://www.sysu5.cn/medical-service/department-expert/doctor/12162,实采,,https://www.sysu5.cn/sites/default/files/styles/watermark/public/2025-03/20250330101834660.jpg?itok=aInuPB6K,01_试点医院/中山大学附属第五医院/照片/陈嘉耀-脑血管病中心-主治医师-中山大学附属第五医院.jpg,1034951,ee38ee0c83730360401d36f619e83513f2f24a3d987ec8c84d0c33b655de8f69,FFD8FFE000104A4649460001,1499,2141,
陈飞,https://www.sysu5.cn/medical-service/department-expert/doctor/13797,实采,,https://www.sysu5.cn/sites/default/files/styles/watermark/public/2026-04/%E9%99%88%E9%A3%9E%EF%BC%88095144%EF%BC%8920260429.png?itok=6_E8-z-G,01_试点医院/中山大学附属第五医院/照片/陈飞-超声医学科-副主任医师-中山大学附属第五医院.png,289715,ea948449d27cd747facf874c8e78fb2362cabeaa2e9f0e12ed70f92dddad7f97,89504E470D0A1A0A0000000D,438,593,
