姓名,来源链接,状态,失败三态,照片链接,照片文件,字节数,SHA-256,宽,高,来源批次,错误证据
郭宇,https://www.fahsysu.org.cn/node/620,实采,,https://www.fahsysu.org.cn/sites/1h.prod.sysucloud1.sysu.edu.cn/files/styles/focal_point_480/public/2023-07/%E7%89%B9%E9%9C%80%E5%8C%BB%E7%96%97%E4%B8%AD%E5%BF%83%EF%BC%88%E6%99%AE%E9%80%9A%E5%A4%96%E7%A7%91%EF%BC%89%20%20%E9%83%AD%E5%AE%87%20%E6%AD%A3%E9%AB%98.jpg?itok=bOTm8n47,01_试点医院/中山大学附属第一医院/照片/郭宇-普通外科-主任医师-中山大学附属第一医院.jpg,138120,8f6ca8200e8c29c8fe4d2b91843db4fe53dfe5015563db341a803d5dfd9391c1,480,480,TRIAL_REUSE,
詹文华,https://www.fahsysu.org.cn/node/619,实采,,https://www.fahsysu.org.cn/sites/1h.prod.sysucloud1.sysu.edu.cn/files/styles/focal_point_480/public/2023-06/%E8%A9%B9%E6%96%87%E5%8D%8E_0.jpg?itok=o6X0iXsI,01_试点医院/中山大学附属第一医院/照片/詹文华-普通外科-主任医师-中山大学附属第一医院.jpg,222327,44b799f844d861a524a6cf65e146229468e482a2c316127e85ad524ffd3b2865,480,480,FULL_FETCH,
陈昆,https://www.fahsysu.org.cn/node/628,实采,,https://www.fahsysu.org.cn/sites/1h.prod.sysucloud1.sysu.edu.cn/files/styles/focal_point_480/public/050336.jpg?itok=iEOQvbHw,01_试点医院/中山大学附属第一医院/照片/陈昆-神经外科-主任医师-中山大学附属第一医院.jpg,228003,20d3be34791aaae72bc893ace22a18d6f8c6f38c7692d33e0a2f8d13ea654d1f,480,480,TRIAL_REUSE,
郭少雷,https://www.fahsysu.org.cn/node/641,实采,,https://www.fahsysu.org.cn/sites/1h.prod.sysucloud1.sysu.edu.cn/files/styles/focal_point_480/public/2025-04/%E7%A5%9E%E7%BB%8F%E5%A4%96%E7%A7%91_%E9%83%AD%E5%B0%91%E9%9B%B7.jpg?itok=r_p8SZ3i,01_试点医院/中山大学附属第一医院/照片/郭少雷-神经外科-主任医师-中山大学附属第一医院.jpg,116904,388fbe17f9ddd84072149e74784a349b08e6b21e9e85b867e399efa7b8bb985d,480,480,FULL_FETCH,
黄正松,https://www.fahsysu.org.cn/node/632,实采,,https://www.fahsysu.org.cn/sites/1h.prod.sysucloud1.sysu.edu.cn/files/styles/focal_point_480/public/%E9%BB%84%E6%AD%A3%E6%9D%BE.jpg?itok=pFsjE5ZZ,01_试点医院/中山大学附属第一医院/照片/黄正松-神经外科-主任医师-中山大学附属第一医院.jpg,167042,55ce7a98ae5bebfac6097bc33c80fb166cbe9ea3d24149b22842cc1a1108b25a,480,480,FULL_FETCH,
黄权,https://www.fahsysu.org.cn/node/631,实采,,https://www.fahsysu.org.cn/sites/1h.prod.sysucloud1.sysu.edu.cn/files/styles/focal_point_480/public/052458.jpg?itok=JXc_hjbb,01_试点医院/中山大学附属第一医院/照片/黄权-神经外科-主任医师-中山大学附属第一医院.jpg,158218,f3619e6eaf17b8c8fae0056203b1d34d65005a5ac01f5afa91f3a1ffb0e2bd26,480,480,FULL_FETCH,
何东升,https://www.fahsysu.org.cn/node/630,实采,,https://www.fahsysu.org.cn/sites/1h.prod.sysucloud1.sysu.edu.cn/files/styles/focal_point_480/public/2024-07/%E7%A5%9E%E7%BB%8F%E5%A4%96%E7%A7%91%E4%BD%95%E4%B8%9C%E5%8D%87%E6%AD%A3%E9%AB%98%20%E7%99%BD%E5%BA%95.jpg?itok=aDEsY-iN,01_试点医院/中山大学附属第一医院/照片/何东升-神经外科-主任医师-中山大学附属第一医院.jpg,133038,3385398175572947a523e497efba7bbc7356307ac146e2cf4a29d1706e8193f1,480,480,FULL_FETCH,
刘金龙,https://www.fahsysu.org.cn/node/634,实采,,https://www.fahsysu.org.cn/sites/1h.prod.sysucloud1.sysu.edu.cn/files/styles/focal_point_480/public/051033.jpg?itok=VSeK67VA,01_试点医院/中山大学附属第一医院/照片/刘金龙-神经外科-主任医师-中山大学附属第一医院.jpg,211143,333628d0ae16a296b40270fc8d36d6729446aaf8392859f80fc84232dfefaf0c,480,480,FULL_FETCH,
梁丰,https://www.fahsysu.org.cn/node/25607,实采,,https://www.fahsysu.org.cn/sites/1h.prod.sysucloud1.sysu.edu.cn/files/styles/focal_point_480/public/2026-03/%E7%A5%9E%E7%BB%8F%E5%A4%96%E7%A7%91%E6%A2%81%E4%B8%B0%E6%95%99%E6%8E%88%28%E5%8E%8B%E7%BC%A9%29.jpg?itok=FTSzVFQf,01_试点医院/中山大学附属第一医院/照片/梁丰-神经外科-主任医师-中山大学附属第一医院.jpg,149120,09d0718c53f767e5dd3b3c9f4cb52f08d7879cd6f42cda92bca0e4d9ce032c3a,480,480,FULL_FETCH,
林佳平,https://www.fahsysu.org.cn/node/633,实采,,https://www.fahsysu.org.cn/sites/1h.prod.sysucloud1.sysu.edu.cn/files/styles/focal_point_480/public/050903.jpg?itok=9eywVoLn,01_试点医院/中山大学附属第一医院/照片/林佳平-神经外科-主任医师-中山大学附属第一医院.jpg,227218,1a3ce38837963575873de2cd410e3e8b19f82d5a6793a610c3c32db9aac83b70,480,480,FULL_FETCH,
刘雪松,https://www.fahsysu.org.cn/node/32417,实采,,https://www.fahsysu.org.cn/sites/1h.prod.sysucloud1.sysu.edu.cn/files/styles/focal_point_480/public/2026-02/%E7%A5%9E%E7%BB%8F%E5%A4%96%E7%A7%91_%E5%88%98%E9%9B%AA%E6%9D%BE%281%29_%E5%8E%8B%E7%BC%A9.jpg?itok=y7YtCaw2,01_试点医院/中山大学附属第一医院/照片/刘雪松-神经外科-主任医师-中山大学附属第一医院.jpg,160403,6fb82e78d7b2f192163171b5c1799ac380c1734df5fd060ff334fa747d6dfb5d,480,480,FULL_FETCH,
毛志钢,https://www.fahsysu.org.cn/node/645,实采,,https://www.fahsysu.org.cn/sites/1h.prod.sysucloud1.sysu.edu.cn/files/styles/focal_point_480/public/2023-07/%E7%A5%9E%E7%BB%8F%E5%A4%96%E7%A7%91%20%E6%AF%9B%E5%BF%97%E9%92%A2%20%E6%AD%A3%E9%AB%98%20%E5%8E%8B%E7%BC%A9%E5%9B%BE%E7%89%87.jpg?itok=lVaG6pUv,01_试点医院/中山大学附属第一医院/照片/毛志钢-神经外科-主任医师-中山大学附属第一医院.jpg,125224,316a2bada88aa8e380dd1cafd0d52aad72cb39610865340754170890ae02d42c,480,480,FULL_FETCH,
齐铁伟,https://www.fahsysu.org.cn/node/635,实采,,https://www.fahsysu.org.cn/sites/1h.prod.sysucloud1.sysu.edu.cn/files/styles/focal_point_480/public/2024-11/%E7%A5%9E%E7%BB%8F%E5%A4%96%E7%A7%91_%E9%BD%90%E9%93%81%E4%BC%9F_%E6%AD%A3%E9%AB%98_%E7%99%BD%E5%BA%95%E4%BF%AE%E6%94%B9%E7%89%88.jpg?itok=l9ih8xff,01_试点医院/中山大学附属第一医院/照片/齐铁伟-神经外科-主任医师-中山大学附属第一医院.jpg,169794,99ac32f20a54ffe7cdda2e5c248469dbb95bb196987438a0d528ee63ef0d8c7c,480,480,FULL_FETCH,
夏之柏,https://www.fahsysu.org.cn/node/637,实采,,https://www.fahsysu.org.cn/sites/1h.prod.sysucloud1.sysu.edu.cn/files/styles/focal_point_480/public/051210.jpg?itok=heL8oP_9,01_试点医院/中山大学附属第一医院/照片/夏之柏-神经外科-主任医师-中山大学附属第一医院.jpg,152736,6d6394ddad2ca78efc5d36b16d9db3e008235681518edc2f8566f0e6f27a0abb,480,480,FULL_FETCH,
杨超,https://www.fahsysu.org.cn/node/638,实采,,https://www.fahsysu.org.cn/sites/1h.prod.sysucloud1.sysu.edu.cn/files/styles/focal_point_480/public/2026-05/%E7%A5%9E%E7%BB%8F%E5%A4%96%E7%A7%91_%E6%9D%A8%E8%B6%85.jpg?itok=stEmtGh5,01_试点医院/中山大学附属第一医院/照片/杨超-神经外科-主任医师-中山大学附属第一医院.jpg,155751,ca0ff61c37129d51d34a1a35b815eb38994996f6a5c0a8050e4eae3224cca35f,480,480,FULL_FETCH,
杨李轩,https://www.fahsysu.org.cn/node/639,实采,,https://www.fahsysu.org.cn/sites/1h.prod.sysucloud1.sysu.edu.cn/files/styles/focal_point_480/public/053003.jpg?itok=ov5Vrbm5,01_试点医院/中山大学附属第一医院/照片/杨李轩-神经外科-主任医师-中山大学附属第一医院.jpg,195664,a3ca4b72aad7bed1c657a86b600f598b1f97e87f409a037025170e95d192f28d,480,480,FULL_FETCH,
丁之明,https://www.fahsysu.org.cn/node/29222,实采,,https://www.fahsysu.org.cn/sites/1h.prod.sysucloud1.sysu.edu.cn/files/styles/focal_point_480/public/2022-06/%E7%A5%9E%E7%BB%8F%E5%A4%96%E7%A7%91%20%E4%B8%81%E4%B9%8B%E6%98%8E.jpg?itok=E5BKqIQ7,01_试点医院/中山大学附属第一医院/照片/丁之明-神经外科-副主任医师-中山大学附属第一医院.jpg,120854,4bc74459cad5a45158485c389e4510a9da66df2e6ce48bae24f4d1eb1860befb,480,480,FULL_FETCH,
何科君,https://www.fahsysu.org.cn/node/33075,实采,,https://www.fahsysu.org.cn/sites/1h.prod.sysucloud1.sysu.edu.cn/files/styles/focal_point_480/public/2024-07/%E7%A5%9E%E7%BB%8F%E5%A4%96%E7%A7%91%2B%E4%BD%95%E7%A7%91%E5%90%9B%2B%E5%89%AF%E9%AB%98.jpg?itok=5Ac9YfNQ,01_试点医院/中山大学附属第一医院/照片/何科君-神经外科-副主任医师-中山大学附属第一医院.jpg,168471,7fe3775a562477341b21bffe4e1a6faccbf983451b9b0f5f813dd4780f2b828f,480,480,FULL_FETCH,
金华伟,https://www.fahsysu.org.cn/node/642,实采,,https://www.fahsysu.org.cn/sites/1h.prod.sysucloud1.sysu.edu.cn/files/styles/focal_point_480/public/050541.jpg?itok=MQnjLt5f,01_试点医院/中山大学附属第一医院/照片/金华伟-神经外科-副主任医师-中山大学附属第一医院.jpg,220031,2984b68f0a8a6a6bc9acd2db507621813fae35ed578d36af919ada5dc410522f,480,480,FULL_FETCH,
柯春龙,https://www.fahsysu.org.cn/node/643,失败,无照片容器,,,,,,,FULL_FETCH,"{""detail_http"":200,""detection_feature"":""focal_point_480 引用数=0；医生照片容器缺失；页面 media-img 仅有 5 个 path contains /styles/mini200/ 公共图标"",""excluded_resources"":[{""feature"":""path contains /styles/mini200/"",""reason"":""公共装饰图"",""url"":""https://www.fahsysu.org.cn/sites/1h.prod.sysucloud1.sysu.edu.cn/files/styles/mini200/public/action-9-1-3.png?itok=N7xVlmOY""},{""feature"":""path contains /styles/mini200/"",""reason"":""公共装饰图"",""url"":""https://www.fahsysu.org.cn/sites/1h.prod.sysucloud1.sysu.edu.cn/files/styles/mini200/public/action-9-1-6.png?itok=e9BYn97e""},{""feature"":""path contains /styles/mini200/"",""reason"":""公共装饰图"",""url"":""https://www.fahsysu.org.cn/sites/1h.prod.sysucloud1.sysu.edu.cn/files/styles/mini200/public/action-9-1-1_0.png?itok=lMXpEjLC""},{""feature"":""path contains /styles/mini200/"",""reason"":""公共装饰图"",""url"":""https://www.fahsysu.org.cn/sites/1h.prod.sysucloud1.sysu.edu.cn/files/styles/mini200/public/action-9-2-8.png?itok=XyTEzUHK""},{""feature"":""path contains /styles/mini200/"",""reason"":""公共装饰图"",""url"":""https://www.fahsysu.org.cn/sites/1h.prod.sysucloud1.sysu.edu.cn/files/styles/mini200/public/action-9-1-2_0.png?itok=thPXMwH8""}],""focal_point_480_reference_count"":0,""observed_utc"":""2026-08-18T14:24:28Z"",""resource_urls"":[""https://www.fahsysu.org.cn/sites/1h.prod.sysucloud1.sysu.edu.cn/files/styles/mini200/public/action-9-1-3.png?itok=N7xVlmOY"",""https://www.fahsysu.org.cn/sites/1h.prod.sysucloud1.sysu.edu.cn/files/styles/mini200/public/action-9-1-6.png?itok=e9BYn97e"",""https://www.fahsysu.org.cn/sites/1h.prod.sysucloud1.sysu.edu.cn/files/styles/mini200/public/action-9-1-1_0.png?itok=lMXpEjLC"",""https://www.fahsysu.org.cn/sites/1h.prod.sysucloud1.sysu.edu.cn/files/styles/mini200/public/action-9-2-8.png?itok=XyTEzUHK"",""https://www.fahsysu.org.cn/sites/1h.prod.sysucloud1.sysu.edu.cn/files/styles/mini200/public/action-9-1-2_0.png?itok=thPXMwH8""],""template_signature"":"".other-left .other-media .media-img[data-image-url]""}"
廖创新,https://www.fahsysu.org.cn/node/644,实采,,https://www.fahsysu.org.cn/sites/1h.prod.sysucloud1.sysu.edu.cn/files/styles/focal_point_480/public/043825.jpg?itok=4LZpXlUj,01_试点医院/中山大学附属第一医院/照片/廖创新-神经外科-副主任医师-中山大学附属第一医院.jpg,152463,a93aadd86d31722c614a07437a31a9fddc763bf7539d1630132515b2f8b87183,480,480,FULL_FETCH,
谢宝树,https://www.fahsysu.org.cn/node/35658,实采,,https://www.fahsysu.org.cn/sites/1h.prod.sysucloud1.sysu.edu.cn/files/styles/focal_point_480/public/2025-04/%E7%A5%9E%E7%BB%8F%E5%A4%96%E7%A7%91-%E8%B0%A2%E5%AE%9D%E6%A0%91-%E5%89%AF%E4%B8%BB%E4%BB%BB%E5%8C%BB%E5%B8%88_%E4%BF%AE%E6%94%B9%E7%99%BD%E5%BA%95.jpg?itok=Dh0Qciwq,01_试点医院/中山大学附属第一医院/照片/谢宝树-神经外科-副主任医师-中山大学附属第一医院.jpg,125313,2396190453f88ab2511bce20c0a56c000afdade381136ad903c3e927caccb83f,480,480,FULL_FETCH,
徐桂兴,https://www.fahsysu.org.cn/node/35088,实采,,https://www.fahsysu.org.cn/sites/1h.prod.sysucloud1.sysu.edu.cn/files/styles/focal_point_480/public/2025-02/%E7%A5%9E%E7%BB%8F%E5%A4%96%E7%A7%91%E5%BE%90%E6%A1%82%E5%85%B4%E5%89%AF%E9%AB%98.jpg?itok=Je2isen8,01_试点医院/中山大学附属第一医院/照片/徐桂兴-神经外科-副主任医师-中山大学附属第一医院.jpg,138388,a5222edf488d0917d37ff564f64b6d21712ec0a0136e617a1bff62eaedc7d71d,480,480,FULL_FETCH,
余振华,https://www.fahsysu.org.cn/node/647,实采,,https://www.fahsysu.org.cn/sites/1h.prod.sysucloud1.sysu.edu.cn/files/styles/focal_point_480/public/031725.jpg?itok=oKNGC58n,01_试点医院/中山大学附属第一医院/照片/余振华-神经外科-副主任医师-中山大学附属第一医院.jpg,196383,b9ec615230fef8fcc8b7415c0100d699e2d316c2dfbbb7aa2792a51a4158f5ff,480,480,FULL_FETCH,
姚顺,https://www.fahsysu.org.cn/node/35759,实采,,https://www.fahsysu.org.cn/sites/1h.prod.sysucloud1.sysu.edu.cn/files/styles/focal_point_480/public/2026-04/profile_shunyao_v2.jpg?itok=fasu87b6,01_试点医院/中山大学附属第一医院/照片/姚顺-神经外科-副主任医师-中山大学附属第一医院.jpg,163232,bc8e904e5a564a2536e2eabc0837dff96708d6c6c4aed98dcadf7945c8d605c2,480,480,FULL_FETCH,
杨帅,https://www.fahsysu.org.cn/node/29225,实采,,https://www.fahsysu.org.cn/sites/1h.prod.sysucloud1.sysu.edu.cn/files/styles/focal_point_480/public/2026-02/%E7%A5%9E%E7%BB%8F%E5%A4%96%E7%A7%91_%E6%9D%A8%E5%B8%85_%E5%89%AF%E9%AB%98.jpg?itok=yx1gyT2u,01_试点医院/中山大学附属第一医院/照片/杨帅-神经外科-副主任医师-中山大学附属第一医院.jpg,100533,22ef95d76ff8b988f48233fffae47d8f831b501d4418f185c3bfdcd3d2fc4c60,480,480,FULL_FETCH,
章昌明,https://www.fahsysu.org.cn/node/35650,实采,,https://www.fahsysu.org.cn/sites/1h.prod.sysucloud1.sysu.edu.cn/files/styles/focal_point_480/public/2025-04/%E7%A5%9E%E7%BB%8F%E5%A4%96%E7%A7%91_%E7%AB%A0%E6%98%8C%E6%98%8E_%E5%89%AF%E4%B8%BB%E4%BB%BB%E5%8C%BB%E5%B8%88.jpg?itok=c25kadJs,01_试点医院/中山大学附属第一医院/照片/章昌明-神经外科-副主任医师-中山大学附属第一医院.jpg,123954,2583d01407fe52d18f087922dfe982c1f50185cbd48ea065df19f679459650a4,480,480,FULL_FETCH,
赵坤,https://www.fahsysu.org.cn/node/38215,实采,,https://www.fahsysu.org.cn/sites/1h.prod.sysucloud1.sysu.edu.cn/files/styles/focal_point_480/public/2026-03/%E8%B5%B5%E5%9D%A4_%E7%A5%9E%E7%BB%8F%E5%A4%96%E7%A7%91_%E5%89%AF%E9%AB%98.jpg?itok=iYxPbHdb,01_试点医院/中山大学附属第一医院/照片/赵坤-神经外科-副主任医师-中山大学附属第一医院.jpg,150907,a36ceaa6b5649d3dd2269a432a9c1460d69701fa8837d61a45aadea35de09eda,480,480,FULL_FETCH,
陈蕾,https://www.fahsysu.org.cn/node/666,实采,,https://www.fahsysu.org.cn/sites/1h.prod.sysucloud1.sysu.edu.cn/files/styles/focal_point_480/public/2024-09/%E7%83%A7%E4%BC%A4%E4%B8%8E%E5%88%9B%E9%9D%A2%E5%A4%96%E7%A7%91_%E9%99%88%E8%95%BE_%E6%AD%A3%E9%AB%98_%E5%8E%8B%E7%BC%A9%E7%89%88.jpg?itok=dZ3rDTWU,01_试点医院/中山大学附属第一医院/照片/陈蕾-烧伤与创面修复科-主任医师-中山大学附属第一医院.jpg,155594,95bc0bf15134c3e6a3c2fca13b985a543ea7dbeffde2f9f34f6bf7a68330ef41,480,480,TRIAL_REUSE,
胡志成,https://www.fahsysu.org.cn/node/667,实采,,https://www.fahsysu.org.cn/sites/1h.prod.sysucloud1.sysu.edu.cn/files/styles/focal_point_480/public/110237.jpg?itok=2s6gv_hk,01_试点医院/中山大学附属第一医院/照片/胡志成-烧伤与创面修复科-主任医师-中山大学附属第一医院.jpg,172522,be84518eeabf42405cbbd7268afd65aec9f2affa48684f857a7c28b47bb7ca1e,480,480,FULL_FETCH,
刘旭盛,https://www.fahsysu.org.cn/node/660,实采,,https://www.fahsysu.org.cn/sites/1h.prod.sysucloud1.sysu.edu.cn/files/styles/focal_point_480/public/111613.jpg?itok=wdpHYGTM,01_试点医院/中山大学附属第一医院/照片/刘旭盛-烧伤与创面修复科-主任医师-中山大学附属第一医院.jpg,140448,649120ad8a87ce2779f4d62b2427bca121d48cb58af25efccd78326398dce821,480,480,FULL_FETCH,
舒斌,https://www.fahsysu.org.cn/node/668,实采,,https://www.fahsysu.org.cn/sites/1h.prod.sysucloud1.sysu.edu.cn/files/styles/focal_point_480/public/2025-02/%E7%83%A7%E4%BC%A4%E4%B8%8E%E5%88%9B%E9%9D%A2%E4%BF%AE%E5%A4%8D%E7%A7%91_%E8%88%92%E6%96%8C_%E6%AD%A3%E9%AB%98.jpg?itok=Jygy4sQc,01_试点医院/中山大学附属第一医院/照片/舒斌-烧伤与创面修复科-主任医师-中山大学附属第一医院.jpg,134204,0f49cdd8bcbfdd07c348e47a8f3fc92d5e93dc1cfdb91fd7a46fc2eed7817940,480,480,FULL_FETCH,
谢举临,https://www.fahsysu.org.cn/node/663,实采,,https://www.fahsysu.org.cn/sites/1h.prod.sysucloud1.sysu.edu.cn/files/styles/focal_point_480/public/2023-03/%E7%83%A7%E4%BC%A4%E4%B8%8E%E5%88%9B%E9%9D%A2%E4%BF%AE%E5%A4%8D%E7%A7%91%20%E8%B0%A2%E4%B8%BE%E4%B8%B4%20%E6%AD%A3%E9%AB%98.jpg?itok=2FT4z8WU,01_试点医院/中山大学附属第一医院/照片/谢举临-烧伤与创面修复科-主任医师-中山大学附属第一医院.jpg,102485,e4143fa796dc8518f0e97481f8d6120348408d53172e803b3b89f9d4d9cf0f7e,480,480,FULL_FETCH,
徐盈斌,https://www.fahsysu.org.cn/node/664,实采,,https://www.fahsysu.org.cn/sites/1h.prod.sysucloud1.sysu.edu.cn/files/styles/focal_point_480/public/2023-03/%E7%83%A7%E4%BC%A4%E4%B8%8E%E5%88%9B%E9%9D%A2%E4%BF%AE%E5%A4%8D%E7%A7%91%20%E5%BE%90%E7%9B%88%E6%96%8C%20%E4%B8%BB%E4%BB%BB%E5%8C%BB%E5%B8%88.jpg?itok=UtTxOrW7,01_试点医院/中山大学附属第一医院/照片/徐盈斌-烧伤与创面修复科-主任医师-中山大学附属第一医院.jpg,113900,a97d5176c4b89b23ed150a7f6737ae2655291f7cca3e134f0b610968ce8f356e,480,480,FULL_FETCH,
朱家源,https://www.fahsysu.org.cn/node/665,实采,,https://www.fahsysu.org.cn/sites/1h.prod.sysucloud1.sysu.edu.cn/files/styles/focal_point_480/public/2022-07/%E6%9C%B1%E5%AE%B6%E6%BA%90.jpg?itok=Kz_wfdIq,01_试点医院/中山大学附属第一医院/照片/朱家源-烧伤与创面修复科-主任医师-中山大学附属第一医院.jpg,151736,f9719b125f45d7bb1fca15a0394b2bef468c9f49faaccb339d131810a322f4cb,480,480,FULL_FETCH,
赵菁玲,https://www.fahsysu.org.cn/node/31089,实采,,https://www.fahsysu.org.cn/sites/1h.prod.sysucloud1.sysu.edu.cn/files/styles/focal_point_480/public/2023-06/%E7%83%A7%E4%BC%A4%E4%B8%8E%E5%88%9B%E9%9D%A2%E4%BF%AE%E5%A4%8D%E7%A7%91%20%E8%B5%B5%E8%8F%81%E7%8E%B2%20%E5%89%AF%E9%AB%98.jpg?itok=Xev7uN9E,01_试点医院/中山大学附属第一医院/照片/赵菁玲-烧伤与创面修复科-副主任医师-中山大学附属第一医院.jpg,160700,b119554e67ac6590331a9891d60fcb49aa7c4181d8a4fe61755dd1a625134433,480,480,FULL_FETCH,
陈炜,https://www.fahsysu.org.cn/node/671,实采,,https://www.fahsysu.org.cn/sites/1h.prod.sysucloud1.sysu.edu.cn/files/styles/focal_point_480/public/2023-06/%E9%99%88%E7%82%9C-%E7%99%BD%E5%A4%A7%E8%A4%82.jpg?itok=Ss1scQ85,01_试点医院/中山大学附属第一医院/照片/陈炜-泌尿外科-主任医师-中山大学附属第一医院.jpg,156169,6fcbb20198ae056cef4610f894284a741eaba6d65684661003160aec29c71dcc,480,480,TRIAL_REUSE,
陈俊星,https://www.fahsysu.org.cn/node/669,实采,,https://www.fahsysu.org.cn/sites/1h.prod.sysucloud1.sysu.edu.cn/files/styles/focal_point_480/public/2026-04/%E9%99%88%E4%BF%8A%E6%98%9F3.jpg?itok=h2QBDj6b,01_试点医院/中山大学附属第一医院/照片/陈俊星-泌尿外科-主任医师-中山大学附属第一医院.jpg,144466,5785b1e2cacdc5f64226c433af32abaa8057b6395bfc17b5c1eb3b478c0b36b3,480,480,FULL_FETCH,
陈凌武,https://www.fahsysu.org.cn/node/732,实采,,https://www.fahsysu.org.cn/sites/1h.prod.sysucloud1.sysu.edu.cn/files/styles/focal_point_480/public/2024-06/%E9%99%88%E5%87%8C%E6%AD%A6%E6%95%99%E6%8E%88%20%E5%8E%8B%E7%BC%A9.jpg?itok=AU4IKem0,01_试点医院/中山大学附属第一医院/照片/陈凌武-泌尿外科-一级主任医师-中山大学附属第一医院.jpg,220042,2cea5e42cf4765fd710b57c48dc52e38368e0685f78bcf3ea6bf379d6937eb22,480,480,FULL_FETCH,
陈旭,https://www.fahsysu.org.cn/node/682,实采,,https://www.fahsysu.org.cn/sites/1h.prod.sysucloud1.sysu.edu.cn/files/styles/focal_point_480/public/2022-07/%E6%B3%8C%E5%B0%BF%E5%A4%96%E7%A7%91%20%E9%99%88%E6%97%AD%20%E6%AD%A3%E9%AB%98.jpg?itok=JCdkixeV,01_试点医院/中山大学附属第一医院/照片/陈旭-泌尿外科-主任医师-中山大学附属第一医院.jpg,116237,7f13a997d39c8b1a7720221f5af87c17b74dad1f32863b31e2ab6d475be4e846,480,480,FULL_FETCH,
陈羽,https://www.fahsysu.org.cn/node/681,实采,,https://www.fahsysu.org.cn/sites/1h.prod.sysucloud1.sysu.edu.cn/files/styles/focal_point_480/public/2026-03/%E6%B3%8C%E5%B0%BF%E5%A4%96%E7%A7%91-%E9%99%88%E7%BE%BD-%E6%AD%A3%E9%AB%98.jpg?itok=Gmzr3tS5,01_试点医院/中山大学附属第一医院/照片/陈羽-泌尿外科-主任医师-中山大学附属第一医院.jpg,136386,fa43edb074458d231a85e08d01340c18a1336a5b78124efd83dc6f5bc7a929b5,480,480,FULL_FETCH,
戴宇平,https://www.fahsysu.org.cn/node/672,实采,,https://www.fahsysu.org.cn/sites/1h.prod.sysucloud1.sysu.edu.cn/files/styles/focal_point_480/public/072735.jpg?itok=sA9GkxVo,01_试点医院/中山大学附属第一医院/照片/戴宇平-泌尿外科-主任医师-中山大学附属第一医院.jpg,242295,74b394e7d2675e345096c3342206dee9ab23d54f0100e129042eaabdf7b3ae83,480,480,FULL_FETCH,
邓春华,https://www.fahsysu.org.cn/node/733,实采,,https://www.fahsysu.org.cn/sites/1h.prod.sysucloud1.sysu.edu.cn/files/styles/focal_point_480/public/2024-12/%E6%B3%8C%E5%B0%BF%E5%A4%96%E7%A7%91_%E9%82%93%E6%98%A5%E5%8D%8E_%E6%AD%A3%E9%AB%98.jpg?itok=DknYPIOu,01_试点医院/中山大学附属第一医院/照片/邓春华-泌尿外科-一级主任医师-中山大学附属第一医院.jpg,135425,c61735276f70a1fa72b4a844196752a292c6f090a4e31f5764eb5f24da549d3e,480,480,FULL_FETCH,
黄斌,https://www.fahsysu.org.cn/node/683,实采,,https://www.fahsysu.org.cn/sites/1h.prod.sysucloud1.sysu.edu.cn/files/styles/focal_point_480/public/2023-05/%E6%B3%8C%E5%B0%BF%E5%A4%96%E7%A7%91%20%E9%BB%84%E6%96%8C%20%E5%89%AF%E9%AB%98.jpg?itok=Gs-O8Wc9,01_试点医院/中山大学附属第一医院/照片/黄斌-泌尿外科-主任医师-中山大学附属第一医院.jpg,181454,537f1e05cb4bea064dbad0b42c0336ebbd27b908566d44250b99aab05f6a6bf1,480,480,FULL_FETCH,
罗俊航,https://www.fahsysu.org.cn/node/26632,实采,,https://www.fahsysu.org.cn/sites/1h.prod.sysucloud1.sysu.edu.cn/files/styles/focal_point_480/public/2023-06/%E7%BD%97%E4%BF%8A%E8%88%AA-%E7%99%BD%E5%A4%A7%E8%A4%82.jpg?itok=IvNsnVjF,01_试点医院/中山大学附属第一医院/照片/罗俊航-泌尿外科-一级主任医师-中山大学附属第一医院.jpg,143385,2f34e7bcd5b7632521a144945b722662755d7b11df34e60e8490f51c02553394,480,480,FULL_FETCH,
李晓飞,https://www.fahsysu.org.cn/node/674,实采,,https://www.fahsysu.org.cn/sites/1h.prod.sysucloud1.sysu.edu.cn/files/styles/focal_point_480/public/073512.jpg?itok=8it9TeJv,01_试点医院/中山大学附属第一医院/照片/李晓飞-泌尿外科-主任医师-中山大学附属第一医院.jpg,152921,a5c8456c97a1a74597f596d2ce771686898ad61e68633b0a962fd71bb2a84b22,480,480,FULL_FETCH,
梁月有,https://www.fahsysu.org.cn/node/675,实采,,https://www.fahsysu.org.cn/sites/1h.prod.sysucloud1.sysu.edu.cn/files/styles/focal_point_480/public/2023-05/%E6%B3%8C%E5%B0%BF%E5%A4%96%E7%A7%91%20%E6%A2%81%E6%9C%88%E6%9C%89%20%E6%AD%A3%E9%AB%98.jpg?itok=Wms5Ui3N,01_试点医院/中山大学附属第一医院/照片/梁月有-泌尿外科-主任医师-中山大学附属第一医院.jpg,206702,f42508d4ad434e676eb427112140df6fce3fb9c28e15adde35881cd13d2112fb,480,480,FULL_FETCH,
莫承强,https://www.fahsysu.org.cn/node/685,实采,,https://www.fahsysu.org.cn/sites/1h.prod.sysucloud1.sysu.edu.cn/files/styles/focal_point_480/public/100129.jpg?itok=kruBfJpK,01_试点医院/中山大学附属第一医院/照片/莫承强-泌尿外科-主任医师-中山大学附属第一医院.jpg,142564,3c684f481a3105148ff6594345b24da871cc0443819cb93a0fe15d3b8948cc63,480,480,FULL_FETCH,
毛晓鹏,https://www.fahsysu.org.cn/node/684,实采,,https://www.fahsysu.org.cn/sites/1h.prod.sysucloud1.sysu.edu.cn/files/styles/focal_point_480/public/2023-03/%E6%B3%8C%E5%B0%BF%E5%A4%96%E7%A7%91%20%E6%AF%9B%E6%99%93%E9%B9%8F%20%E5%89%AF%E9%AB%98.jpg?itok=-oV4wxKB,01_试点医院/中山大学附属第一医院/照片/毛晓鹏-泌尿外科-主任医师-中山大学附属第一医院.jpg,139235,f10e7cfe24251e093f8c47f3755166bda9e9c2110fc64342d548a8e0cbd15da5,480,480,FULL_FETCH,
丘少鹏,https://www.fahsysu.org.cn/node/676,实采,,https://www.fahsysu.org.cn/sites/1h.prod.sysucloud1.sysu.edu.cn/files/styles/focal_point_480/public/2023-05/%E6%B3%8C%E5%B0%BF%E5%A4%96%E7%A7%91%20%E4%B8%98%E5%B0%91%E9%B9%8F%20%E6%AD%A3%E9%AB%98_%E7%9C%8B%E5%9B%BE%E7%8E%8B.jpg?itok=78vkzgIz,01_试点医院/中山大学附属第一医院/照片/丘少鹏-泌尿外科-主任医师-中山大学附属第一医院.jpg,169549,e9b3bdf6d107a2f373740cb74a34a9a913ea1da9c45743c72b72339e970ecca8,480,480,FULL_FETCH,
孙祥宙,https://www.fahsysu.org.cn/node/734,实采,,https://www.fahsysu.org.cn/sites/1h.prod.sysucloud1.sysu.edu.cn/files/styles/focal_point_480/public/2023-04/%E6%B3%8C%E5%B0%BF%E5%A4%96%E7%A7%91%20%E5%AD%99%E7%A5%A5%E5%AE%99%20%E6%AD%A3%E9%AB%98%20%E4%BF%AE%E6%94%B9.jpg?itok=tH3tAf0s,01_试点医院/中山大学附属第一医院/照片/孙祥宙-泌尿外科-主任医师-中山大学附属第一医院.jpg,125032,c23e6f50c5c68bba0579aee2324d4535ff2a87327c3de71bafab93505fa49215,480,480,FULL_FETCH,
王道虎,https://www.fahsysu.org.cn/node/678,实采,,https://www.fahsysu.org.cn/sites/1h.prod.sysucloud1.sysu.edu.cn/files/styles/focal_point_480/public/043408.jpg?itok=LZfed9ML,01_试点医院/中山大学附属第一医院/照片/王道虎-泌尿外科-主任医师-中山大学附属第一医院.jpg,173184,85449430631f2d11d9bdf9818435921a9087b7340247d2462d05f00f299c6c54,480,480,FULL_FETCH,
吴荣佩,https://www.fahsysu.org.cn/node/679,实采,,https://www.fahsysu.org.cn/sites/1h.prod.sysucloud1.sysu.edu.cn/files/styles/focal_point_480/public/2025-12/%E5%90%B4%E8%8D%A3%E4%BD%A9%28white%29%28%E5%8E%8B%E7%BC%A9%29.jpg?itok=JR4ZRrhs,01_试点医院/中山大学附属第一医院/照片/吴荣佩-泌尿外科-主任医师-中山大学附属第一医院.jpg,172644,61c1f6f5d2b01de465864e977890df84724f5763e58c49b797bfca7db580e416,480,480,FULL_FETCH,
郑伏甫,https://www.fahsysu.org.cn/node/680,实采,,https://www.fahsysu.org.cn/sites/1h.prod.sysucloud1.sysu.edu.cn/files/styles/focal_point_480/public/080015.jpg?itok=COD0INaK,01_试点医院/中山大学附属第一医院/照片/郑伏甫-泌尿外科-主任医师-中山大学附属第一医院.jpg,154986,eacd8490ac1ab85bb9c88074712b6e45a8414157d1fad0cdcf86f393469f756e,480,480,FULL_FETCH,
曹明欣,https://www.fahsysu.org.cn/node/37245,实采,,https://www.fahsysu.org.cn/sites/1h.prod.sysucloud1.sysu.edu.cn/files/styles/focal_point_480/public/2025-11/%E6%B3%8C%E5%B0%BF%E5%A4%96%E7%A7%91_%E6%9B%B9%E6%98%8E%E6%AC%A3_%E5%89%AF%E9%AB%98.jpg?itok=_3OG9KX9,01_试点医院/中山大学附属第一医院/照片/曹明欣-泌尿外科-副主任医师-中山大学附属第一医院.jpg,156072,9609ded86526171bc0ee3b1effa6646079a790dcdc725fffa0b353f309b94eec,480,480,FULL_FETCH,
陈振华,https://www.fahsysu.org.cn/node/31148,实采,,https://www.fahsysu.org.cn/sites/1h.prod.sysucloud1.sysu.edu.cn/files/styles/focal_point_480/public/2023-07/%E6%B3%8C%E5%B0%BF%E5%A4%96%E7%A7%91%20%E9%99%88%E6%8C%AF%E5%8D%8E%20%E5%89%AF%E9%AB%98.jpg?itok=Q6JqpPCy,01_试点医院/中山大学附属第一医院/照片/陈振华-泌尿外科-副主任医师-中山大学附属第一医院.jpg,192204,82fab4ea256777037b551227c772b2ab755274c0b53b595c254b38940b302e63,480,480,FULL_FETCH,
邓立文,https://www.fahsysu.org.cn/node/34185,失败,无照片容器,,,,,,,FULL_FETCH,"{""detail_http"":200,""detection_feature"":""focal_point_480 引用数=0；医生照片容器缺失；页面 media-img 仅有 5 个 path contains /styles/mini200/ 公共图标"",""excluded_resources"":[{""feature"":""path contains /styles/mini200/"",""reason"":""公共装饰图"",""url"":""https://www.fahsysu.org.cn/sites/1h.prod.sysucloud1.sysu.edu.cn/files/styles/mini200/public/action-9-1-3.png?itok=N7xVlmOY""},{""feature"":""path contains /styles/mini200/"",""reason"":""公共装饰图"",""url"":""https://www.fahsysu.org.cn/sites/1h.prod.sysucloud1.sysu.edu.cn/files/styles/mini200/public/action-9-1-6.png?itok=e9BYn97e""},{""feature"":""path contains /styles/mini200/"",""reason"":""公共装饰图"",""url"":""https://www.fahsysu.org.cn/sites/1h.prod.sysucloud1.sysu.edu.cn/files/styles/mini200/public/action-9-1-1_0.png?itok=lMXpEjLC""},{""feature"":""path contains /styles/mini200/"",""reason"":""公共装饰图"",""url"":""https://www.fahsysu.org.cn/sites/1h.prod.sysucloud1.sysu.edu.cn/files/styles/mini200/public/action-9-2-8.png?itok=XyTEzUHK""},{""feature"":""path contains /styles/mini200/"",""reason"":""公共装饰图"",""url"":""https://www.fahsysu.org.cn/sites/1h.prod.sysucloud1.sysu.edu.cn/files/styles/mini200/public/action-9-1-2_0.png?itok=thPXMwH8""}],""focal_point_480_reference_count"":0,""observed_utc"":""2026-08-18T14:24:43Z"",""resource_urls"":[""https://www.fahsysu.org.cn/sites/1h.prod.sysucloud1.sysu.edu.cn/files/styles/mini200/public/action-9-1-3.png?itok=N7xVlmOY"",""https://www.fahsysu.org.cn/sites/1h.prod.sysucloud1.sysu.edu.cn/files/styles/mini200/public/action-9-1-6.png?itok=e9BYn97e"",""https://www.fahsysu.org.cn/sites/1h.prod.sysucloud1.sysu.edu.cn/files/styles/mini200/public/action-9-1-1_0.png?itok=lMXpEjLC"",""https://www.fahsysu.org.cn/sites/1h.prod.sysucloud1.sysu.edu.cn/files/styles/mini200/public/action-9-2-8.png?itok=XyTEzUHK"",""https://www.fahsysu.org.cn/sites/1h.prod.sysucloud1.sysu.edu.cn/files/styles/mini200/public/action-9-1-2_0.png?itok=thPXMwH8""],""template_signature"":"".other-left .other-media .media-img[data-image-url]""}"
方咏,https://www.fahsysu.org.cn/node/36760,实采,,https://www.fahsysu.org.cn/sites/1h.prod.sysucloud1.sysu.edu.cn/files/styles/focal_point_480/public/2025-09/%E6%96%B9%E5%92%8F_%E6%B3%8C%E5%B0%BF%E5%A4%96%E7%A7%91_%E5%89%AF%E9%AB%98.jpg?itok=mITegwho,01_试点医院/中山大学附属第一医院/照片/方咏-泌尿外科-副主任医师-中山大学附属第一医院.jpg,128641,39150e336c8c113f41da91be1749a14b95967565bda2a04b9f228af9be192405,480,480,FULL_FETCH,
潘金成,https://www.fahsysu.org.cn/node/25417,实采,,https://www.fahsysu.org.cn/sites/1h.prod.sysucloud1.sysu.edu.cn/files/styles/focal_point_480/public/%E6%BD%98%E9%87%91%E6%88%90.jpg?itok=0mhGGhQ8,01_试点医院/中山大学附属第一医院/照片/潘金成-泌尿外科-副主任医师-中山大学附属第一医院.jpg,145924,6986393bc5b5bd979d09db998490730522fa432778e429406336b87c9e34f872,480,480,FULL_FETCH,
韦锦焕,https://www.fahsysu.org.cn/node/25418,实采,,https://www.fahsysu.org.cn/sites/1h.prod.sysucloud1.sysu.edu.cn/files/styles/focal_point_480/public/%E6%B3%8C%E5%B0%BF%E5%A4%96%E7%A7%91%20%E9%9F%A6%E9%94%A6%E7%84%95%20%E5%89%AF%E9%AB%98.jpg?itok=BiQQS2Ph,01_试点医院/中山大学附属第一医院/照片/韦锦焕-泌尿外科-副主任医师-中山大学附属第一医院.jpg,152299,6f834dae92f3877a323642cebd535b368b103e9617d91fe87ffef53bea74d78e,480,480,FULL_FETCH,
王文卫,https://www.fahsysu.org.cn/node/686,实采,,https://www.fahsysu.org.cn/sites/1h.prod.sysucloud1.sysu.edu.cn/files/styles/focal_point_480/public/2022-11/%E6%B3%8C%E5%B0%BF%E5%A4%96%E7%A7%91%E7%8E%8B%E6%96%87%E5%8D%AB%E5%89%AF%E9%AB%98.jpg?itok=gqmaz9cf,01_试点医院/中山大学附属第一医院/照片/王文卫-泌尿外科-副主任医师-中山大学附属第一医院.jpg,125506,d16adf91081a2f410af3c2ddf86b4ec136137280b11aefae08de754a0c058212,480,480,FULL_FETCH,
王宗任,https://www.fahsysu.org.cn/node/29157,实采,,https://www.fahsysu.org.cn/sites/1h.prod.sysucloud1.sysu.edu.cn/files/styles/focal_point_480/public/2022-06/%E6%B3%8C%E5%B0%BF%E5%A4%96%E7%A7%91-%E7%8E%8B%E5%AE%97%E4%BB%BB-%E5%89%AF%E4%B8%BB%E4%BB%BB%E5%8C%BB%E5%B8%88.png?itok=5HFaJTTA,01_试点医院/中山大学附属第一医院/照片/王宗任-泌尿外科-副主任医师-中山大学附属第一医院.png,196534,110e2b6371bc7be39243297664ccfec09ebfcfb783edd675161615ddf711a1c3,480,480,FULL_FETCH,
项勇,https://www.fahsysu.org.cn/node/687,实采,,https://www.fahsysu.org.cn/sites/1h.prod.sysucloud1.sysu.edu.cn/files/styles/focal_point_480/public/115051.jpg?itok=l1JcI97Y,01_试点医院/中山大学附属第一医院/照片/项勇-泌尿外科-副主任医师-中山大学附属第一医院.jpg,170766,5491b5092827775a7b7d34038ed187119e01c1292f4a564757934d3b7fe97552,480,480,FULL_FETCH,
杨其运,https://www.fahsysu.org.cn/node/31142,实采,,https://www.fahsysu.org.cn/sites/1h.prod.sysucloud1.sysu.edu.cn/files/styles/focal_point_480/public/2023-07/%E6%B3%8C%E5%B0%BF%E5%A4%96%E7%A7%91%20%E6%9D%A8%E5%85%B6%E8%BF%90%20%E5%89%AF%E9%AB%98.jpg?itok=A1lstHMO,01_试点医院/中山大学附属第一医院/照片/杨其运-泌尿外科-副主任医师-中山大学附属第一医院.jpg,136207,469833c96975d9d8dfae64d70fb4b716d9bbabb44e29c08af7d3be715e8afb46,480,480,FULL_FETCH,
张俊隆,https://www.fahsysu.org.cn/node/38124,实采,,https://www.fahsysu.org.cn/sites/1h.prod.sysucloud1.sysu.edu.cn/files/styles/focal_point_480/public/2026-03/%E6%B3%8C%E5%B0%BF%E5%A4%96%E7%A7%91_%E5%BC%A0%E4%BF%8A%E9%9A%86_%E5%89%AF%E9%AB%98%28%E5%8E%8B%E7%BC%A9%29_0.png?itok=lqz_BGz8,01_试点医院/中山大学附属第一医院/照片/张俊隆-泌尿外科-副主任医师-中山大学附属第一医院.png,317123,a709f5149a7bf8dd4165e76db172dccc69725a64bf8a48ebf9bd005a852d067d,480,480,FULL_FETCH,
庄锦涛,https://www.fahsysu.org.cn/node/29148,实采,,https://www.fahsysu.org.cn/sites/1h.prod.sysucloud1.sysu.edu.cn/files/styles/focal_point_480/public/2022-06/%E6%B3%8C%E5%B0%BF%E5%A4%96%E7%A7%91%E5%BA%84%E9%94%A6%E6%B6%9B%E5%89%AF%E9%AB%98.jpg?itok=tJ0BJEdi,01_试点医院/中山大学附属第一医院/照片/庄锦涛-泌尿外科-副主任医师-中山大学附属第一医院.jpg,139693,5f72bcf7dee036d58df14e7e7dc8fa2622011a457eedd9c28ecf2f3f2b37ad44,480,480,FULL_FETCH,
赵亮,https://www.fahsysu.org.cn/node/34930,实采,,https://www.fahsysu.org.cn/sites/1h.prod.sysucloud1.sysu.edu.cn/files/styles/focal_point_480/public/2025-01/%E6%B3%8C%E5%B0%BF%E5%A4%96%E7%A7%91-%E8%B5%B5%E4%BA%AE-%E5%89%AF%E9%AB%98%28%E5%8E%8B%E7%BC%A9%29.jpg?itok=4bG02IDJ,01_试点医院/中山大学附属第一医院/照片/赵亮-泌尿外科-副主任医师-中山大学附属第一医院.jpg,125738,01b42c9fe3ebad86b0b79a48e6d536be15ecbafa5500f6d921828f1b612e9a09,480,480,FULL_FETCH,
曾钦松,https://www.fahsysu.org.cn/node/25475,实采,,https://www.fahsysu.org.cn/sites/1h.prod.sysucloud1.sysu.edu.cn/files/styles/focal_point_480/public/%E6%B3%8C%E5%B0%BF%E5%A4%96%E7%A7%91%20%E6%9B%BE%E9%92%A6%E6%9D%BE%20%E5%89%AF%E9%AB%98.jpg?itok=ZQwmA4lL,01_试点医院/中山大学附属第一医院/照片/曾钦松-泌尿外科-副主任医师-中山大学附属第一医院.jpg,140259,3dafe67aff4dcdfc0d2b71629a8bd304097ae03c2e4a7a10e0a7c8d621fbfcaa,480,480,FULL_FETCH,
高勇,https://www.fahsysu.org.cn/node/608,实采,,https://www.fahsysu.org.cn/sites/1h.prod.sysucloud1.sysu.edu.cn/files/styles/focal_point_480/public/2024-08/%E9%AB%98%E5%8B%87%E8%A5%BF%E8%A3%85%E8%AF%81%E4%BB%B6%E7%85%A7-%E7%99%BD%E5%BA%95.jpg?itok=wNTLuzu8,01_试点医院/中山大学附属第一医院/照片/高勇-男科-主任医师-中山大学附属第一医院.jpg,147348,110f2579902d3458ae024a8e6f9a991da7366bd548b0cbc94ab29ab3c0efe5ef,480,480,TRIAL_REUSE,
涂响安,https://www.fahsysu.org.cn/node/735,实采,,https://www.fahsysu.org.cn/sites/1h.prod.sysucloud1.sysu.edu.cn/files/styles/focal_point_480/public/100941.jpg?itok=eSklQ7BS,01_试点医院/中山大学附属第一医院/照片/涂响安-男科-主任医师-中山大学附属第一医院.jpg,154998,500daa82da91cd65dc63996189593f63b8441c459b078b9288d5e817b0edf748,480,480,FULL_FETCH,
刘钧澄,https://www.fahsysu.org.cn/node/688,实采,,https://www.fahsysu.org.cn/sites/1h.prod.sysucloud1.sysu.edu.cn/files/styles/focal_point_480/public/024800.jpg?itok=gHyea4Bd,01_试点医院/中山大学附属第一医院/照片/刘钧澄-小儿外科-教授-中山大学附属第一医院.jpg,146930,857b1fe99fb30cb735dab3735c298b0e7ca32e9f6132c2d930569ca0596afbd0,480,480,FULL_FETCH,
徐哲,https://www.fahsysu.org.cn/node/33115,实采,,https://www.fahsysu.org.cn/sites/1h.prod.sysucloud1.sysu.edu.cn/files/styles/focal_point_480/public/2024-12/%E5%B0%8F%E5%84%BF%E5%A4%96%E7%A7%91_%E5%BE%90%E5%93%B2_%E6%AD%A3%E9%AB%98_%E4%BF%AE%E6%94%B9%E7%99%BD%E5%BA%95.jpg?itok=2l8IA2x9,01_试点医院/中山大学附属第一医院/照片/徐哲-小儿外科-主任医师-中山大学附属第一医院.jpg,159462,3f15789ca29696860948e2578f71a40e350d419b1eaa5fdfd25b3881911c1d1a,480,480,FULL_FETCH,
周李,https://www.fahsysu.org.cn/node/690,实采,,https://www.fahsysu.org.cn/sites/1h.prod.sysucloud1.sysu.edu.cn/files/styles/focal_point_480/public/042537.jpg?itok=FxRW1SYd,01_试点医院/中山大学附属第一医院/照片/周李-小儿外科-主任医师-中山大学附属第一医院.jpg,148373,afb62ac15ba7579ff4505ffb4e806592f0dba0be466d6553b9b4bda27be795af,480,480,FULL_FETCH,
陈华东,https://www.fahsysu.org.cn/node/35591,实采,,https://www.fahsysu.org.cn/sites/1h.prod.sysucloud1.sysu.edu.cn/files/styles/focal_point_480/public/2025-04/%E5%B0%8F%E5%84%BF%E5%A4%96%E7%A7%91_%E9%99%88%E5%8D%8E%E4%B8%9C_%E5%89%AF%E9%AB%98.jpg?itok=d6Jyu392,01_试点医院/中山大学附属第一医院/照片/陈华东-小儿外科-副主任医师-中山大学附属第一医院.jpg,173253,86c9052b38279485a4a1be3cc8b094c8c01cbd7acd03d66ec97e5327a32739cf,480,480,TRIAL_REUSE,
蒋宏,https://www.fahsysu.org.cn/node/31106,实采,,https://www.fahsysu.org.cn/sites/1h.prod.sysucloud1.sysu.edu.cn/files/styles/focal_point_480/public/2023-07/%E8%92%8B%E5%AE%8F%EF%BC%88%E7%99%BD%E5%BA%95%E7%85%A7%E7%89%87%EF%BC%89.jpg?itok=mfGLjxVR,01_试点医院/中山大学附属第一医院/照片/蒋宏-小儿外科-副主任医师-中山大学附属第一医院.jpg,117521,6c3f7f38d9b4f46b0ecf7f6012b16a1df40c5a3fe271a8aa83f6b3fa3f47a00c,480,480,FULL_FETCH,
张志崇,https://www.fahsysu.org.cn/node/36848,实采,,https://www.fahsysu.org.cn/sites/1h.prod.sysucloud1.sysu.edu.cn/files/styles/focal_point_480/public/2025-09/%E5%B0%8F%E5%84%BF%E5%A4%96%E7%A7%91_%E5%BC%A0%E5%BF%97%E5%B4%87.jpg?itok=xlUJgUF-,01_试点医院/中山大学附属第一医院/照片/张志崇-小儿外科-副主任医师-中山大学附属第一医院.jpg,158719,e2417f64f88e34e0f2eb9dbfce7ba1caf7017a0e3dbe1ed6d3c66a261064a463,480,480,FULL_FETCH,
唐冰,https://www.fahsysu.org.cn/node/662,实采,,https://www.fahsysu.org.cn/sites/1h.prod.sysucloud1.sysu.edu.cn/files/styles/focal_point_480/public/110408.jpg?itok=vFHzbQm_,01_试点医院/中山大学附属第一医院/照片/唐冰-整形外科-主任医师-中山大学附属第一医院.jpg,190843,9d3236c245e0372d8a0034a0d2faea353c96b035a51030de23b8c532b9dd9b2f,480,480,FULL_FETCH,
唐庆,https://www.fahsysu.org.cn/node/36849,实采,,https://www.fahsysu.org.cn/sites/1h.prod.sysucloud1.sysu.edu.cn/files/styles/focal_point_480/public/2025-09/%E6%95%B4%E5%BD%A2%E5%A4%96%E7%A7%91_%E5%94%90%E5%BA%86.jpg?itok=WN3nvMoZ,01_试点医院/中山大学附属第一医院/照片/唐庆-整形外科-主任医师-中山大学附属第一医院.jpg,174342,13e29d2f2a55bb729716e4d55690d23e19ef42ac9c15ee2a6b56f4b164a21b21,480,480,FULL_FETCH,
程钢,https://www.fahsysu.org.cn/node/697,实采,,https://www.fahsysu.org.cn/sites/1h.prod.sysucloud1.sysu.edu.cn/files/styles/focal_point_480/public/120310.jpg?itok=w_N9F_Il,01_试点医院/中山大学附属第一医院/照片/程钢-整形外科-副主任医师-中山大学附属第一医院.jpg,154419,d007338ba3464aa43715e2decd461a9e23efe4e62656d6b158867f2bccf59427,480,480,TRIAL_REUSE,
许澍洽,https://www.fahsysu.org.cn/node/33065,实采,,https://www.fahsysu.org.cn/sites/1h.prod.sysucloud1.sysu.edu.cn/files/styles/focal_point_480/public/2024-05/%E8%AE%B8%E6%BE%8D%E6%B4%BD.jpg?itok=NabauXDN,01_试点医院/中山大学附属第一医院/照片/许澍洽-整形外科-副主任医师-中山大学附属第一医院.jpg,165326,ec925f98a6bc8aa327ea2832cecb5ab90f98edea50215d4e46fa2ad4779cbc03,480,480,FULL_FETCH,
曾瑞曦,https://www.fahsysu.org.cn/node/700,实采,,https://www.fahsysu.org.cn/sites/1h.prod.sysucloud1.sysu.edu.cn/files/styles/focal_point_480/public/041453.jpg?itok=KmgNTvVH,01_试点医院/中山大学附属第一医院/照片/曾瑞曦-整形外科-副主任医师-中山大学附属第一医院.jpg,183927,b1b3a5e25dddc44db0e6c74ff1f0b84fded29f3eed75479122f35f7b23d6c328,480,480,FULL_FETCH,
张毅,https://www.fahsysu.org.cn/node/36847,实采,,https://www.fahsysu.org.cn/sites/1h.prod.sysucloud1.sysu.edu.cn/files/styles/focal_point_480/public/2025-09/%E6%95%B4%E5%BD%A2%E5%A4%96%E7%A7%91_%E5%BC%A0%E6%AF%85.jpg?itok=zXIO9MzY,01_试点医院/中山大学附属第一医院/照片/张毅-整形外科-副主任医师-中山大学附属第一医院.jpg,114183,eea53fcf7b71a2a95446660d7859992a98e802a983510040c3a1e3af8f6aa52d,480,480,FULL_FETCH,
朱昭炜,https://www.fahsysu.org.cn/node/31245,实采,,https://www.fahsysu.org.cn/sites/1h.prod.sysucloud1.sysu.edu.cn/files/styles/focal_point_480/public/2023-07/%E6%95%B4%E5%BD%A2%E5%A4%96%E7%A7%91-%E6%9C%B1%E6%98%AD%E7%82%9C-%E5%89%AF%E4%B8%BB%E4%BB%BB%E5%8C%BB%E5%B8%88.png?itok=PTK0fKWF,01_试点医院/中山大学附属第一医院/照片/朱昭炜-整形外科-副主任医师-中山大学附属第一医院.png,226098,d66b301eed237fe328159df82b6aa787713d74c0211557dfeb0eaaba5f152acd,480,480,FULL_FETCH,
陈振光,https://www.fahsysu.org.cn/node/701,实采,,https://www.fahsysu.org.cn/sites/1h.prod.sysucloud1.sysu.edu.cn/files/styles/focal_point_480/public/1165138.jpg?itok=jBW5JOqq,01_试点医院/中山大学附属第一医院/照片/陈振光-胸外科-主任医师-中山大学附属第一医院.jpg,129243,06f82453d850041ba938e1b046de3d69ce563f0187487aa2416d9828805963e1,480,480,FULL_FETCH,
程超,https://www.fahsysu.org.cn/node/702,实采,,https://www.fahsysu.org.cn/sites/1h.prod.sysucloud1.sysu.edu.cn/files/styles/focal_point_480/public/2025-09/%E8%83%B8%E5%A4%96%E7%A7%91%E7%A8%8B%E8%B6%85%E6%AD%A3%E9%AB%98.jpg?itok=FKYsLLRy,01_试点医院/中山大学附属第一医院/照片/程超-胸外科-主任医师-中山大学附属第一医院.jpg,169984,e0dec4c0aad3ba82a29868332088373f9721fc1c25da0cce874f50a89ed2e087,480,480,FULL_FETCH,
顾勇,https://www.fahsysu.org.cn/node/703,实采,,https://www.fahsysu.org.cn/sites/1h.prod.sysucloud1.sysu.edu.cn/files/styles/focal_point_480/public/045513.jpg?itok=c0q4okzO,01_试点医院/中山大学附属第一医院/照片/顾勇-胸外科-主任医师-中山大学附属第一医院.jpg,215761,1a395ecc48f552b6229d68d05cfda4c24b9fcdda8878d39db9c3e96737afa53b,480,480,FULL_FETCH,
罗红鹤,https://www.fahsysu.org.cn/node/705,实采,,https://www.fahsysu.org.cn/sites/1h.prod.sysucloud1.sysu.edu.cn/files/styles/focal_point_480/public/2024-01/%E7%BD%97%E7%BA%A2%E9%B9%A4%20%E4%BF%AE%E6%94%B9%E7%99%BD%E5%BA%95.jpg?itok=WK4FUwcV,01_试点医院/中山大学附属第一医院/照片/罗红鹤-胸外科-主任医师-中山大学附属第一医院.jpg,135869,83955a276728114e9ec809fa175e70ea82f188258cd673d592fbc5d457da3e70,480,480,FULL_FETCH,
鲁建军,https://www.fahsysu.org.cn/node/704,实采,,https://www.fahsysu.org.cn/sites/1h.prod.sysucloud1.sysu.edu.cn/files/styles/focal_point_480/public/052114.jpg?itok=yqYKT79x,01_试点医院/中山大学附属第一医院/照片/鲁建军-胸外科-主任医师-中山大学附属第一医院.jpg,161511,bfd5afd90888f0857415828d1b1f7a1e64ed2b7d77e26c35d6b5a50b4fb37c69,480,480,FULL_FETCH,
刘振国,https://www.fahsysu.org.cn/node/25478,实采,,https://www.fahsysu.org.cn/sites/1h.prod.sysucloud1.sysu.edu.cn/files/styles/focal_point_480/public/2026-02/%E8%83%B8%E5%A4%96%E7%A7%91_%E5%88%98%E6%8C%AF%E5%9B%BD_%E6%AD%A3%E9%AB%98.jpg?itok=nT7rTl07,01_试点医院/中山大学附属第一医院/照片/刘振国-胸外科-主任医师-中山大学附属第一医院.jpg,141542,a543cf28a67314b86bf73bc3e962525bb05d455ece80756b979025ba814590b1,480,480,FULL_FETCH,
巫国勇,https://www.fahsysu.org.cn/node/706,实采,,https://www.fahsysu.org.cn/sites/1h.prod.sysucloud1.sysu.edu.cn/files/styles/focal_point_480/public/035440.jpg?itok=vKnafVdQ,01_试点医院/中山大学附属第一医院/照片/巫国勇-胸外科-主任医师-中山大学附属第一医院.jpg,151129,e5d755c89bc3e6e2918ab3aaf8e7183adb837abea08b9d9c2a8ea51073aa62fa,480,480,FULL_FETCH,
雷艺炎,https://www.fahsysu.org.cn/node/708,实采,,https://www.fahsysu.org.cn/sites/1h.prod.sysucloud1.sysu.edu.cn/files/styles/focal_point_480/public/092816.jpg_.png?itok=9Tgdq8iX,01_试点医院/中山大学附属第一医院/照片/雷艺炎-胸外科-副主任医师-中山大学附属第一医院.png,195696,4dfdcfb3d07cf27510fabe2cee1e431cbfa45c89f63e3975949987239c9c25be,480,480,TRIAL_REUSE,
马俊,https://www.fahsysu.org.cn/node/25425,实采,,https://www.fahsysu.org.cn/sites/1h.prod.sysucloud1.sysu.edu.cn/files/styles/focal_point_480/public/%E8%83%B8%E5%A4%96%E7%A7%91%E9%A9%AC%E4%BF%8A%E5%89%AF%E9%AB%98.JPG?itok=0NUGRN6B,01_试点医院/中山大学附属第一医院/照片/马俊-胸外科-副主任医师-中山大学附属第一医院.jpg,167844,673d3a5361c3ba41d43481aaaddb403c53d362cdec61138a89ba7b825273fb5e,480,480,FULL_FETCH,
苏春华,https://www.fahsysu.org.cn/node/709,实采,,https://www.fahsysu.org.cn/sites/1h.prod.sysucloud1.sysu.edu.cn/files/styles/focal_point_480/public/034040.jpg?itok=AnYpUB6t,01_试点医院/中山大学附属第一医院/照片/苏春华-胸外科-副主任医师-中山大学附属第一医院.jpg,174632,45060a26e3e0b5b18358acb12cde56bb3c36e1604e4ef487ec56611d6857da6e,480,480,FULL_FETCH,
曾博,https://www.fahsysu.org.cn/node/35663,实采,,https://www.fahsysu.org.cn/sites/1h.prod.sysucloud1.sysu.edu.cn/files/styles/focal_point_480/public/2025-04/%E8%83%B8%E5%A4%96%E7%A7%91_%E6%9B%BE%E5%8D%9A%E8%AF%81%E4%BB%B6_20250417120206_wps%E8%AF%81%E4%BB%B6%E7%85%A7%281%29.jpg?itok=u7e468JJ,01_试点医院/中山大学附属第一医院/照片/曾博-胸外科-副主任医师-中山大学附属第一医院.jpg,119557,45e9816c995b69673873b20c7d61f46c88b0079d8059dc88c5623bc88a3df1c1,480,480,FULL_FETCH,
邹健勇,https://www.fahsysu.org.cn/node/25471,实采,,https://www.fahsysu.org.cn/sites/1h.prod.sysucloud1.sysu.edu.cn/files/styles/focal_point_480/public/%E8%83%B8%E5%A4%96%E7%A7%91%20%E9%82%B9%E5%81%A5%E5%8B%87%20%E5%89%AF%E9%AB%98.jpg?itok=358iQEOs,01_试点医院/中山大学附属第一医院/照片/邹健勇-胸外科-副主任医师-中山大学附属第一医院.jpg,149779,5724e25e6dd7eb64e1a10a1a02daf4596fd9978257f1e97e12e2add5c3597814,480,480,FULL_FETCH,
张水深,https://www.fahsysu.org.cn/node/31149,实采,,https://www.fahsysu.org.cn/sites/1h.prod.sysucloud1.sysu.edu.cn/files/styles/focal_point_480/public/2023-07/%E8%83%B8%E5%A4%96%E7%A7%91%20%E5%BC%A0%E6%B0%B4%E6%B7%B1%20%E5%89%AF%E9%AB%98%20%E5%A2%9E%E5%8A%A0%E8%BE%B9%E7%BC%98.jpg?itok=sJRRAkRa,01_试点医院/中山大学附属第一医院/照片/张水深-胸外科-副主任医师-中山大学附属第一医院.jpg,116464,a2c9a66c50d4453f2b46ca5fa1066c02aac3bb948768ed5625e15e1b1837219a,480,480,FULL_FETCH,
黄文生,https://www.fahsysu.org.cn/node/5600,实采,,https://www.fahsysu.org.cn/sites/1h.prod.sysucloud1.sysu.edu.cn/files/styles/focal_point_480/public/054128.jpg?itok=qvQCEaOL,01_试点医院/中山大学附属第一医院/照片/黄文生-外科门诊-副教授-中山大学附属第一医院.jpg,152527,f9a471783e834c878e371d4707834353b0152873360faf56f582d7d27f446850,480,480,FULL_FETCH,
李强,https://www.fahsysu.org.cn/node/720,实采,,https://www.fahsysu.org.cn/sites/1h.prod.sysucloud1.sysu.edu.cn/files/styles/focal_point_480/public/053445.jpg?itok=WhV2qhbi,01_试点医院/中山大学附属第一医院/照片/李强-外科门诊-副主任医师-中山大学附属第一医院.jpg,253910,9d059d1567f09a48cfc6d0878db30b6995abb9eb54529e523208a9f3786e1204,480,480,FULL_FETCH,
常光其,https://www.fahsysu.org.cn/node/621,实采,,https://www.fahsysu.org.cn/sites/1h.prod.sysucloud1.sysu.edu.cn/files/styles/focal_point_480/public/%E5%B8%B8%E5%85%89%E5%85%B6.jpg?itok=Sy-Lasno,01_试点医院/中山大学附属第一医院/照片/常光其-血管外科-主任医师-中山大学附属第一医院.jpg,223167,cd6762be44ee6ccec89314ec03a4c609e6e6acdbf9e3a45499d043bf2d10a55f,480,480,FULL_FETCH,
胡作军,https://www.fahsysu.org.cn/node/622,实采,,https://www.fahsysu.org.cn/sites/1h.prod.sysucloud1.sysu.edu.cn/files/styles/focal_point_480/public/091409.jpg?itok=712W7m1A,01_试点医院/中山大学附属第一医院/照片/胡作军-血管外科-主任医师-中山大学附属第一医院.jpg,169736,8ad1afae36b321c5faa0e467f2906898970ecd7db2114f4d412d73ccbe034176,480,480,FULL_FETCH,
王冕,https://www.fahsysu.org.cn/node/627,实采,,https://www.fahsysu.org.cn/sites/1h.prod.sysucloud1.sysu.edu.cn/files/styles/focal_point_480/public/094244.jpg?itok=LibpDyT8,01_试点医院/中山大学附属第一医院/照片/王冕-血管外科-主任医师-中山大学附属第一医院.jpg,203186,2eff642a30f69e144b8eb4fc4638cc6ea81e9150ab3cf63016a4074cf7d3e5fe,480,480,FULL_FETCH,
武日东,https://www.fahsysu.org.cn/node/25317,实采,,https://www.fahsysu.org.cn/sites/1h.prod.sysucloud1.sysu.edu.cn/files/styles/focal_point_480/public/2026-02/%E8%A1%80%E7%AE%A1%E5%A4%96%E7%A7%91_%E6%AD%A6%E6%97%A5%E4%B8%9C_%E6%AD%A3%E9%AB%98.png?itok=YPGG8ARg,01_试点医院/中山大学附属第一医院/照片/武日东-血管外科-主任医师-中山大学附属第一医院.png,226465,06dc334df4570576bda4ebe57d14624383d941a15b89ac92158843f87643348f,480,480,FULL_FETCH,
姚陈,https://www.fahsysu.org.cn/node/625,实采,,https://www.fahsysu.org.cn/sites/1h.prod.sysucloud1.sysu.edu.cn/files/styles/focal_point_480/public/093958.jpg?itok=OAtZqLek,01_试点医院/中山大学附属第一医院/照片/姚陈-血管外科-主任医师-中山大学附属第一医院.jpg,171767,79e0f6d1861351dcc829bc18dcd602099037c0a8a88026bd1ef507b64c3c9ae7,480,480,FULL_FETCH,
李梓伦,https://www.fahsysu.org.cn/node/626,实采,,https://www.fahsysu.org.cn/sites/1h.prod.sysucloud1.sysu.edu.cn/files/styles/focal_point_480/public/2023-05/1.jpg?itok=h9_FduwN,01_试点医院/中山大学附属第一医院/照片/李梓伦-血管外科-主任医师-中山大学附属第一医院.jpg,156839,4d5132b47e40d56e331012c77a156a914503fcbd5f5967d1a0638845c0f1a49c,480,480,FULL_FETCH,
汪睿,https://www.fahsysu.org.cn/node/38171,实采,,https://www.fahsysu.org.cn/sites/1h.prod.sysucloud1.sysu.edu.cn/files/styles/focal_point_480/public/2026-03/%E8%A1%80%E7%AE%A1%E5%A4%96%E7%A7%91_%E6%B1%AA%E7%9D%BF.png?itok=eMFgyMQO,01_试点医院/中山大学附属第一医院/照片/汪睿-血管外科-副主任医师-中山大学附属第一医院.png,240886,a8322ce000192e6cef84ad80bfb37f1c3101e74c529ef3499ad525dd23dc7e0e,480,480,TRIAL_REUSE,
王斯文,https://www.fahsysu.org.cn/node/35587,实采,,https://www.fahsysu.org.cn/sites/1h.prod.sysucloud1.sysu.edu.cn/files/styles/focal_point_480/public/2025-04/%E8%A1%80%E7%AE%A1%E5%A4%96%E7%A7%91%E7%8E%8B%E6%96%AF%E6%96%87%E5%89%AF%E4%B8%BB%E4%BB%BB%E5%8C%BB%E5%B8%88.jpg?itok=w0T6UuPF,01_试点医院/中山大学附属第一医院/照片/王斯文-血管外科-副主任医师-中山大学附属第一医院.jpg,164636,56f35b70bb85141436e787d6300a06e06a5e7f58bdb26391a6a5f37642a57e92,480,480,FULL_FETCH,
吴伟滨,https://www.fahsysu.org.cn/node/33031,实采,,https://www.fahsysu.org.cn/sites/1h.prod.sysucloud1.sysu.edu.cn/files/styles/focal_point_480/public/2024-04/%E8%A1%80%E7%AE%A1%E5%A4%96%E7%A7%91-%E5%90%B4%E4%BC%9F%E6%BB%A8-%E5%89%AF%E9%AB%98.jpg?itok=4CZlu7HX,01_试点医院/中山大学附属第一医院/照片/吴伟滨-血管外科-副主任医师-中山大学附属第一医院.jpg,141362,9abde8f46bb0364adb7dabcf996e858b0355f5bab818c545fbe0636f06e7636b,480,480,FULL_FETCH,
王折存,https://www.fahsysu.org.cn/node/35672,实采,,https://www.fahsysu.org.cn/sites/1h.prod.sysucloud1.sysu.edu.cn/files/styles/focal_point_480/public/2025-04/%E8%A1%80%E7%AE%A1%E5%A4%96%E7%A7%91%E7%8E%8B%E6%8A%98%E5%AD%98%E5%89%AF%E4%B8%BB%E4%BB%BB%E5%8C%BB%E5%B8%88.jpg?itok=9e8ur5Ss,01_试点医院/中山大学附属第一医院/照片/王折存-血管外科-副主任医师-中山大学附属第一医院.jpg,118066,240180e0592216f411045c5211f406c458a14457bbb92236ea5074fda6aa87f7,480,480,FULL_FETCH,
周昱,https://www.fahsysu.org.cn/node/38598,实采,,https://www.fahsysu.org.cn/sites/1h.prod.sysucloud1.sysu.edu.cn/files/styles/focal_point_480/public/2026-04/%E8%A1%80%E7%AE%A1%E5%A4%96%E7%A7%91_%E5%91%A8%E6%98%B1.jpeg?itok=fRKuM59c,01_试点医院/中山大学附属第一医院/照片/周昱-血管外科-副主任医师-中山大学附属第一医院.jpg,129000,a9e7f4c6a38badb1fccde1ffb6d6a550cf28673f196a3c1d12ca2dee81c37164,480,480,FULL_FETCH,
吕伟明,https://www.fahsysu.org.cn/node/724,实采,,https://www.fahsysu.org.cn/sites/1h.prod.sysucloud1.sysu.edu.cn/files/styles/focal_point_480/public/084459.jpg?itok=bI92KKst,01_试点医院/中山大学附属第一医院/照片/吕伟明-甲状腺外科-主任医师-中山大学附属第一医院.jpg,168582,7c45d14a4f32a0d87e0dbed765b0f9e52fc7e68b0c52404373ef137749279891,480,480,FULL_FETCH,
李松奇,https://www.fahsysu.org.cn/node/721,实采,,https://www.fahsysu.org.cn/sites/1h.prod.sysucloud1.sysu.edu.cn/files/styles/focal_point_480/public/112729.jpg?itok=HRqFjUtY,01_试点医院/中山大学附属第一医院/照片/李松奇-甲状腺外科-主任医师-中山大学附属第一医院.jpg,185745,4b1d8bd6a88c92ca591c3ac71a7d87727a90d7b8df4db98887cc7ab5d2eac609,480,480,FULL_FETCH,
徐向东,https://www.fahsysu.org.cn/node/729,实采,,https://www.fahsysu.org.cn/sites/1h.prod.sysucloud1.sysu.edu.cn/files/styles/focal_point_480/public/115743.jpg?itok=xH-z0Lod,01_试点医院/中山大学附属第一医院/照片/徐向东-甲状腺外科-主任医师-中山大学附属第一医院.jpg,181673,35bb10a02e86efebf75d953681bf1edfdfd3f4bcf5e7eb314537cacdbf114b4f,480,480,FULL_FETCH,
林维浩,https://www.fahsysu.org.cn/node/726,实采,,https://www.fahsysu.org.cn/sites/1h.prod.sysucloud1.sysu.edu.cn/files/styles/focal_point_480/public/115210.jpg?itok=-VxB9nzJ,01_试点医院/中山大学附属第一医院/照片/林维浩-甲状腺外科-副主任医师-中山大学附属第一医院.jpg,179857,eece333184d87678e10422ff4a34e2025875d85e9c5bffb06bf56e057d71ad96,480,480,TRIAL_REUSE,
林勃,https://www.fahsysu.org.cn/node/38174,实采,,https://www.fahsysu.org.cn/sites/1h.prod.sysucloud1.sysu.edu.cn/files/styles/focal_point_480/public/2026-03/%E7%94%B2%E7%8A%B6%E8%85%BA%E5%A4%96%E7%A7%91_%E6%9E%97%E5%8B%83%28%E5%8E%8B%E7%BC%A9%29.jpg?itok=Ddc3OspQ,01_试点医院/中山大学附属第一医院/照片/林勃-甲状腺外科-副主任医师-中山大学附属第一医院.jpg,105248,17a8b4a84102d6ead15f58bda080294cff8f6d901fd68b91eb8135ec57b337da,480,480,FULL_FETCH,
林小红,https://www.fahsysu.org.cn/node/29456,实采,,https://www.fahsysu.org.cn/sites/1h.prod.sysucloud1.sysu.edu.cn/files/styles/focal_point_480/public/2022-07/%E4%B8%9C%E9%99%A2%E7%94%B2%E4%B9%B3%E5%A4%96%E7%A7%91%20%E6%9E%97%E5%B0%8F%E7%BA%A2%20%E5%89%AF%E9%AB%98.jpg?itok=5765dr6S,01_试点医院/中山大学附属第一医院/照片/林小红-甲状腺外科-副主任医师-中山大学附属第一医院.jpg,138533,4e78946c5a88d5479c25e14e1beab71081c0561e64ce86dead10bf27e9692b21,480,480,FULL_FETCH,
单臻,https://www.fahsysu.org.cn/node/25543,实采,,https://www.fahsysu.org.cn/sites/1h.prod.sysucloud1.sysu.edu.cn/files/styles/focal_point_480/public/%E7%94%B2%E4%B9%B3%E5%A4%96%E7%A7%91-%E5%8D%95%E8%87%BB-%E5%89%AF%E4%B8%BB%E4%BB%BB%E5%8C%BB%E5%B8%88_0.jpg?itok=FW0pcOSB,01_试点医院/中山大学附属第一医院/照片/单臻-甲状腺外科-副主任医师-中山大学附属第一医院.jpg,148990,d658c1772a9c2a7955fd65be7c6886f7dca44a437320a4e4e84bc9bf14c6dc76,480,480,FULL_FETCH,
吴壮宏,https://www.fahsysu.org.cn/node/728,实采,,https://www.fahsysu.org.cn/sites/1h.prod.sysucloud1.sysu.edu.cn/files/styles/focal_point_480/public/2023-03/%E7%94%B2%E7%8A%B6%E8%85%BA%E4%B9%B3%E8%85%BA%E5%A4%96%E7%A7%91%20%E5%90%B4%E5%A3%AE%E5%AE%8F%20%E5%89%AF%E9%AB%98.jpg?itok=G0gxIOnp,01_试点医院/中山大学附属第一医院/照片/吴壮宏-甲状腺外科-副教授-中山大学附属第一医院.jpg,146523,3c9bd63c0e32d86e49dbffe52f00b7e3699e898b938e57b355d28f6667ef0adc,480,480,FULL_FETCH,
朱易凡,https://www.fahsysu.org.cn/node/36846,实采,,https://www.fahsysu.org.cn/sites/1h.prod.sysucloud1.sysu.edu.cn/files/styles/focal_point_480/public/2025-09/%E7%94%B2%E7%8A%B6%E8%85%BA%E5%A4%96%E7%A7%91_%E6%9C%B1%E6%98%93%E5%87%A1.jpg?itok=6Tg7PkzT,01_试点医院/中山大学附属第一医院/照片/朱易凡-甲状腺外科-副主任医师-中山大学附属第一医院.jpg,159377,90aea91bea1685a14fef194c4a6905089b3023a4107c98f36a11d6334cd37d99,480,480,FULL_FETCH,
张展强,https://www.fahsysu.org.cn/node/33150,实采,,https://www.fahsysu.org.cn/sites/1h.prod.sysucloud1.sysu.edu.cn/files/styles/focal_point_480/public/2024-05/%E5%BC%A0%E5%B1%95%E5%BC%BA%E7%94%B2%E7%8A%B6%E8%85%BA%E5%A4%96%E7%A7%91%E5%89%AF%E9%AB%98.jpg?itok=eDUZe808,01_试点医院/中山大学附属第一医院/照片/张展强-甲状腺外科-副主任医师-中山大学附属第一医院.jpg,130223,3a5591a4d9e67983887c44edbcd53b2a42d50db8decbed21415ac04694d28f79,480,480,FULL_FETCH,
林颖,https://www.fahsysu.org.cn/node/723,实采,,https://www.fahsysu.org.cn/sites/1h.prod.sysucloud1.sysu.edu.cn/files/styles/focal_point_480/public/2022-05/%E4%B9%B3%E8%85%BA%E5%A4%96%E7%A7%91%20%E6%9E%97%E9%A2%96%20%E6%AD%A3%E9%AB%98.jpg?itok=-rHs7PHk,01_试点医院/中山大学附属第一医院/照片/林颖-乳腺外科-主任医师-中山大学附属第一医院.jpg,152146,6945c38d1a625d9715990811fd09b0793fc707c39c5324c112d98d2fe2767b5a,480,480,FULL_FETCH,
王深明,https://www.fahsysu.org.cn/node/624,实采,,https://www.fahsysu.org.cn/sites/1h.prod.sysucloud1.sysu.edu.cn/files/styles/focal_point_480/public/%E7%8E%8B%E6%B7%B1%E6%98%8E.jpg?itok=91C8-52V,01_试点医院/中山大学附属第一医院/照片/王深明-乳腺外科-主任医师-中山大学附属第一医院.jpg,161964,5950e92e92dc4f0fd9377056808caec461e609bc6a419211e979188cd7fb2522,480,480,FULL_FETCH,
张赟建,https://www.fahsysu.org.cn/node/731,实采,,https://www.fahsysu.org.cn/sites/1h.prod.sysucloud1.sysu.edu.cn/files/styles/focal_point_480/public/2022-05/%E4%B9%B3%E8%85%BA%E5%A4%96%E7%A7%91%20%E5%BC%A0%E8%B5%9F%E5%BB%BA%20%E5%89%AF%E9%AB%98.jpg?itok=dAwjbEYr,01_试点医院/中山大学附属第一医院/照片/张赟建-乳腺外科-主任医师-中山大学附属第一医院.jpg,135288,2288e36203ac1b4ea4a359988434489d62460a64ad1224d56fc621a18a36404b,480,480,FULL_FETCH,
匡夏颖,https://www.fahsysu.org.cn/node/31358,实采,,https://www.fahsysu.org.cn/sites/1h.prod.sysucloud1.sysu.edu.cn/files/styles/focal_point_480/public/2023-08/%E4%B9%B3%E8%85%BA%E5%A4%96%E7%A7%91%20%E5%8C%A1%E5%A4%8F%E9%A2%96%20%E5%89%AF%E9%AB%98%20%281%29.jpg?itok=MnkFh2vW,01_试点医院/中山大学附属第一医院/照片/匡夏颖-乳腺外科-副主任医师-中山大学附属第一医院.jpg,138576,bfca29e04774bfab5f41db4c8759e8945465d4e4764ff33b0afbb9c6ef4ada2c,480,480,FULL_FETCH,
邵楠,https://www.fahsysu.org.cn/node/727,实采,,https://www.fahsysu.org.cn/sites/1h.prod.sysucloud1.sysu.edu.cn/files/styles/focal_point_480/public/2022-05/%E4%B9%B3%E8%85%BA%E5%A4%96%E7%A7%91%20%E9%82%B5%E6%A5%A0%20%E5%89%AF%E9%AB%98.jpg?itok=YffY9lPL,01_试点医院/中山大学附属第一医院/照片/邵楠-乳腺外科-副主任医师-中山大学附属第一医院.jpg,127397,99add856055c06a779e6914993bcfc29d45e265682940aabae89f18e7dd20838,480,480,FULL_FETCH,
史雅薇,https://www.fahsysu.org.cn/node/25781,实采,,https://www.fahsysu.org.cn/sites/1h.prod.sysucloud1.sysu.edu.cn/files/styles/focal_point_480/public/%E5%8F%B2%E9%9B%85%E8%96%87.jpg?itok=8Fdd-tty,01_试点医院/中山大学附属第一医院/照片/史雅薇-乳腺外科-副主任医师-中山大学附属第一医院.jpg,168894,ae5f6d5a58540932ae414d97495f0aaa0bb93a474c5c6e185404a4206daeca3b,480,480,FULL_FETCH,
于亮,https://www.fahsysu.org.cn/node/730,实采,,https://www.fahsysu.org.cn/sites/1h.prod.sysucloud1.sysu.edu.cn/files/styles/focal_point_480/public/2025-09/%E4%B9%B3%E8%85%BA%E5%A4%96%E7%A7%91_%E4%BA%8E%E4%BA%AE12.jpg?itok=AGJtwmYh,01_试点医院/中山大学附属第一医院/照片/于亮-乳腺外科-副主任医师-中山大学附属第一医院.jpg,155265,c52931d0ccd8d765e8b5589d3eced2b772b9f24836f2a7b5b41fdcc50cdc935d,480,480,FULL_FETCH,
叶润仪,https://www.fahsysu.org.cn/node/33081,实采,,https://www.fahsysu.org.cn/sites/1h.prod.sysucloud1.sysu.edu.cn/files/styles/focal_point_480/public/2026-06/%E4%B9%B3%E8%85%BA%E5%A4%96%E7%A7%91-%E5%8F%B6%E6%B6%A6%E4%BB%AA-%E5%89%AF%E9%AB%98.jpg?itok=VOs_eZDQ,01_试点医院/中山大学附属第一医院/照片/叶润仪-乳腺外科-副主任医师-中山大学附属第一医院.jpg,143426,e906340f539638f8e1965e640edebe9b0ea46eeae51f562e5b36dd67102d4c48,480,480,FULL_FETCH,
胡文杰,https://www.fahsysu.org.cn/node/658,实采,,https://www.fahsysu.org.cn/sites/1h.prod.sysucloud1.sysu.edu.cn/files/styles/focal_point_480/public/035331.jpg?itok=bbFqJJkN,01_试点医院/中山大学附属第一医院/照片/胡文杰-肝外科-主任医师-中山大学附属第一医院.jpg,134607,3dbf724af8ed16500e9e828b753436db631215fd8b66f680619b44ff95f119fc,480,480,FULL_FETCH,
何强,https://www.fahsysu.org.cn/node/18614,实采,,https://www.fahsysu.org.cn/sites/1h.prod.sysucloud1.sysu.edu.cn/files/styles/focal_point_480/public/%E4%BD%95%E5%BC%BA.jpg?itok=RH94Vbua,01_试点医院/中山大学附属第一医院/照片/何强-肝外科-主任医师-中山大学附属第一医院.jpg,198022,7bfbb64365a84aca472aa55f6d89f6c4d3c537405a8b75131d5ddd72ffba7e73,480,480,FULL_FETCH,
华赟鹏,https://www.fahsysu.org.cn/node/649,实采,,https://www.fahsysu.org.cn/sites/1h.prod.sysucloud1.sysu.edu.cn/files/styles/focal_point_480/public/2023-03/%E8%82%9D%E5%A4%96%E7%A7%91%20%E5%8D%8E%E8%B5%9F%E9%B9%8F%20%E6%AD%A3%E9%AB%98.jpg?itok=6isSx-tb,01_试点医院/中山大学附属第一医院/照片/华赟鹏-肝外科-主任医师-中山大学附属第一医院.jpg,139795,e7f9f298e5d037d95a9836a3a28435a08d419d5a392f35cc6753a53f28d1b100,480,480,FULL_FETCH,
匡铭,https://www.fahsysu.org.cn/node/650,实采,,https://www.fahsysu.org.cn/sites/1h.prod.sysucloud1.sysu.edu.cn/files/styles/focal_point_480/public/2023-06/%E5%8C%A1%E9%93%AD.jpg?itok=37eRrkB3,01_试点医院/中山大学附属第一医院/照片/匡铭-肝外科-主任医师-中山大学附属第一医院.jpg,155001,24f46a7d4671462b93054835869d054f0cb299066e6744418f55110ba4a5063e,480,480,FULL_FETCH,
吕明德,https://www.fahsysu.org.cn/node/5584,实采,,https://www.fahsysu.org.cn/sites/1h.prod.sysucloud1.sysu.edu.cn/files/styles/focal_point_480/public/%E5%90%95%E6%98%8E%E5%BE%B7.jpg?itok=5TrMu2OF,01_试点医院/中山大学附属第一医院/照片/吕明德-肝外科-主任医师-中山大学附属第一医院.jpg,189976,e8c38336beffe76500d1e5d13448cef3910d2a7a313d93a7d09b936a3cda45b2,480,480,FULL_FETCH,
梁力建,https://www.fahsysu.org.cn/node/653,实采,,https://www.fahsysu.org.cn/sites/1h.prod.sysucloud1.sysu.edu.cn/files/styles/focal_point_480/public/101328.jpg?itok=jRto_j_H,01_试点医院/中山大学附属第一医院/照片/梁力建-肝外科-教授-中山大学附属第一医院.jpg,119686,a44b9e50ccea9f115ebd421371fb1969d132d9a12b9df75e22b5a94939b21b24,480,480,FULL_FETCH,
黎东明,https://www.fahsysu.org.cn/node/651,实采,,https://www.fahsysu.org.cn/sites/1h.prod.sysucloud1.sysu.edu.cn/files/styles/focal_point_480/public/2023-04/%E8%82%9D%E5%A4%96%E7%A7%91%20%E9%BB%8E%E4%B8%9C%E6%98%8E%20%E6%AD%A3%E9%AB%98.jpg?itok=KFL9bOHt,01_试点医院/中山大学附属第一医院/照片/黎东明-肝外科-主任医师-中山大学附属第一医院.jpg,127683,a2e1a19cae798d0927a225403789cd52eb6adc76d4ba5c1c003461f66c86cac5,480,480,FULL_FETCH,
李绍强,https://www.fahsysu.org.cn/node/652,实采,,https://www.fahsysu.org.cn/sites/1h.prod.sysucloud1.sysu.edu.cn/files/styles/focal_point_480/public/2023-04/%E8%82%9D%E5%A4%96%E7%A7%91%20%E6%9D%8E%E7%BB%8D%E5%BC%BA%20%E6%AD%A3%E9%AB%98.jpg?itok=HiVkkOq1,01_试点医院/中山大学附属第一医院/照片/李绍强-肝外科-主任医师-中山大学附属第一医院.jpg,156324,631a92c861f202c2d23ba7a93f3075e66b9138320729d24997df881817c16f83,480,480,FULL_FETCH,
沈顺利,https://www.fahsysu.org.cn/node/655,实采,,https://www.fahsysu.org.cn/sites/1h.prod.sysucloud1.sysu.edu.cn/files/styles/focal_point_480/public/093813.jpg?itok=gpLwKEiV,01_试点医院/中山大学附属第一医院/照片/沈顺利-肝外科-主任医师-中山大学附属第一医院.jpg,136318,7985d2d77757da607dba8be46ef9e68989467087bb98da22175255076c3176aa,480,480,FULL_FETCH,
周奇,https://www.fahsysu.org.cn/node/656,实采,,https://www.fahsysu.org.cn/sites/1h.prod.sysucloud1.sysu.edu.cn/files/styles/focal_point_480/public/112725.jpg?itok=L5PbWait,01_试点医院/中山大学附属第一医院/照片/周奇-肝外科-主任医师-中山大学附属第一医院.jpg,147390,e34f78ae43451c38728deb7c9ffb5b9f153c5f7c5dd9b1acd251cc51635bc04a,480,480,FULL_FETCH,
陈泽斌,https://www.fahsysu.org.cn/node/35583,实采,,https://www.fahsysu.org.cn/sites/1h.prod.sysucloud1.sysu.edu.cn/files/styles/focal_point_480/public/2025-04/%E8%82%9D%E8%83%86%E8%83%B0%E5%A4%96%E7%A7%91_%E9%99%88%E6%B3%BD%E6%96%8C_%E5%89%AF%E9%AB%98.jpg?itok=1WGo7j3R,01_试点医院/中山大学附属第一医院/照片/陈泽斌-肝外科-副主任医师-中山大学附属第一医院.jpg,117613,34c5ef718194a5fc3d4067ba52dfb283643bbd4556a9d9fb1553877615dc5bef,480,480,FULL_FETCH,
钱柏锋,https://www.fahsysu.org.cn/node/38160,实采,,https://www.fahsysu.org.cn/sites/1h.prod.sysucloud1.sysu.edu.cn/files/styles/focal_point_480/public/2026-03/%E8%82%9D%E8%83%86%E8%83%B0%E5%A4%96%E7%A7%91_%E9%92%B1%E6%9F%8F%E9%94%8B_%E5%89%AF%E9%AB%98.jpg?itok=_V1YUAJf,01_试点医院/中山大学附属第一医院/照片/钱柏锋-肝外科-副主任医师-中山大学附属第一医院.jpg,121029,1a2bead3b1c54493a74a6bcbb020a79fa72d49e5a308566963f87984884b83bd,480,480,FULL_FETCH,
吴健,https://www.fahsysu.org.cn/node/718,实采,,https://www.fahsysu.org.cn/sites/1h.prod.sysucloud1.sysu.edu.cn/files/styles/focal_point_480/public/032007.jpg?itok=Q2wRxREt,01_试点医院/中山大学附属第一医院/照片/吴健-肝外科-副主任医师-中山大学附属第一医院.jpg,168557,25f2e7d62b3744e1956a3dcaabbd9de6887aec803a80c61507555cbba16562d9,480,480,FULL_FETCH,
王恕同,https://www.fahsysu.org.cn/node/35707,实采,,https://www.fahsysu.org.cn/sites/1h.prod.sysucloud1.sysu.edu.cn/files/styles/focal_point_480/public/2025-04/%E8%82%9D%E5%A4%96%E7%A7%91%E7%8E%8B%E6%81%95%E5%90%8C%E5%89%AF%E9%AB%98%28%E5%8E%8B%E7%BC%A9%29.jpg?itok=oNRc2yTx,01_试点医院/中山大学附属第一医院/照片/王恕同-肝外科-副主任医师-中山大学附属第一医院.jpg,146765,b0ad4c359edc6a32e352cb2de253a8d218605bab828193c0cc6ab7a88baa94bc,480,480,FULL_FETCH,
谢文轩,https://www.fahsysu.org.cn/node/31479,实采,,https://www.fahsysu.org.cn/sites/1h.prod.sysucloud1.sysu.edu.cn/files/styles/focal_point_480/public/2024-10/%E8%B0%A2%E6%96%87%E8%BD%A9-%E8%82%9D%E8%83%86%E8%83%B0%E5%A4%96%E7%A7%91-%E5%89%AF%E9%AB%98.jpg?itok=d9jSAaH4,01_试点医院/中山大学附属第一医院/照片/谢文轩-肝外科-副主任医师-中山大学附属第一医院.jpg,152380,27487f1e60b9620fe79feb15bd82f42939f0b6bf4c13bfef53025bb19e9aa449,480,480,FULL_FETCH,
陈伟,https://www.fahsysu.org.cn/node/716,实采,,https://www.fahsysu.org.cn/sites/1h.prod.sysucloud1.sysu.edu.cn/files/styles/focal_point_480/public/102441.jpg?itok=lhRvHLhz,01_试点医院/中山大学附属第一医院/照片/陈伟-胆胰外科-主任医师-中山大学附属第一医院.jpg,124110,294e03db38196aa6e1df434d9986793680da43280bec274ac8a4819cb0257389,480,480,FULL_FETCH,
陈流华,https://www.fahsysu.org.cn/node/715,实采,,https://www.fahsysu.org.cn/sites/1h.prod.sysucloud1.sysu.edu.cn/files/styles/focal_point_480/public/102139.jpg?itok=fJqn2-AH,01_试点医院/中山大学附属第一医院/照片/陈流华-胆胰外科-主任医师-中山大学附属第一医院.jpg,138560,1fbfa440e2d01895354544f854883b43d9ee3401d547b81623cc80cf2804c2c3,480,480,FULL_FETCH,
陈东,https://www.fahsysu.org.cn/node/710,实采,,https://www.fahsysu.org.cn/sites/1h.prod.sysucloud1.sysu.edu.cn/files/styles/focal_point_480/public/025108_0.jpg?itok=sbg2xQuQ,01_试点医院/中山大学附属第一医院/照片/陈东-胆胰外科-主任医师-中山大学附属第一医院.jpg,165585,2e696398eada704596621039c228526705033529796cd1da3c46602630335bed,480,480,FULL_FETCH,
赖佳明,https://www.fahsysu.org.cn/node/712,实采,,https://www.fahsysu.org.cn/sites/1h.prod.sysucloud1.sysu.edu.cn/files/styles/focal_point_480/public/2023-11/%E8%83%86%E8%83%B0%E5%A4%96%E7%A7%91%20%E8%B5%96%E4%BD%B3%E6%98%8E%20%E6%AD%A3%E9%AB%98%20%E7%99%BD%E5%BA%95.jpg?itok=ZAzVLrd0,01_试点医院/中山大学附属第一医院/照片/赖佳明-胆胰外科-主任医师-中山大学附属第一医院.jpg,124692,5756f4cf842a0ed930a18fd3187f06f712e33c5f081163f161e26eb79465bef7,480,480,FULL_FETCH,
梁力建,https://www.fahsysu.org.cn/node/21325,实采,,https://www.fahsysu.org.cn/sites/1h.prod.sysucloud1.sysu.edu.cn/files/styles/focal_point_480/public/%E6%A2%81%E5%8A%9B%E5%81%A5_0.jpg?itok=QtVz8RFo,01_试点医院/中山大学附属第一医院/照片/梁力建-胆胰外科-教授-中山大学附属第一医院.jpg,176193,0088cafd2b6d2cc3d5ce730092158edcfd9e07ac210caaa939cf3edf0a411b23,480,480,FULL_FETCH,
殷晓煜,https://www.fahsysu.org.cn/node/713,实采,,https://www.fahsysu.org.cn/sites/1h.prod.sysucloud1.sysu.edu.cn/files/styles/focal_point_480/public/2023-06/%E6%AE%B7%E6%99%93%E7%85%9C.jpg?itok=mbwe6N_r,01_试点医院/中山大学附属第一医院/照片/殷晓煜-胆胰外科-一级主任医师-中山大学附属第一医院.jpg,151176,2ef73fbdcc707b8184010065daea7a31aedebaa9ce59e5dc9d9ef718fbc1b6e6,480,480,FULL_FETCH,
郑朝旭,https://www.fahsysu.org.cn/node/714,实采,,https://www.fahsysu.org.cn/sites/1h.prod.sysucloud1.sysu.edu.cn/files/styles/focal_point_480/public/101909.jpg?itok=4ozY9bx0,01_试点医院/中山大学附属第一医院/照片/郑朝旭-胆胰外科-主任医师-中山大学附属第一医院.jpg,122664,812d6d9731394cf9fc6c6080c27e316bd7f770363db2f85e844c52a0f134c3c5,480,480,FULL_FETCH,
张昆松,https://www.fahsysu.org.cn/node/719,实采,,https://www.fahsysu.org.cn/sites/1h.prod.sysucloud1.sysu.edu.cn/files/styles/focal_point_480/public/%E8%83%86%E8%83%B0%E5%A4%96%E7%A7%91%20%E5%BC%A0%E6%98%86%E6%9D%BE%20%E6%AD%A3%E9%AB%98.jpg?itok=3crIPMM5,01_试点医院/中山大学附属第一医院/照片/张昆松-胆胰外科-主任医师-中山大学附属第一医院.jpg,136036,fd471fff94f502c5e8d350542a510ec0cbf7d35af577a7be4325d6e7088fbbba,480,480,FULL_FETCH,
蔡建鹏,https://www.fahsysu.org.cn/node/35694,实采,,https://www.fahsysu.org.cn/sites/1h.prod.sysucloud1.sysu.edu.cn/files/styles/focal_point_480/public/2025-04/%E8%83%86%E8%83%B0%E5%A4%96%E7%A7%91_%E8%94%A1%E5%BB%BA%E9%B9%8F_%E5%89%AF%E4%B8%BB%E4%BB%BB%E5%8C%BB%E5%B8%88.jpg?itok=e1Rxbt4I,01_试点医院/中山大学附属第一医院/照片/蔡建鹏-胆胰外科-副主任医师-中山大学附属第一医院.jpg,111342,2a603c6e6898b03d6c5bf6a4f8920cb88877f81efa26fa904ee80f1eb3a81045,480,480,FULL_FETCH,
黄晨松,https://www.fahsysu.org.cn/node/32861,实采,,https://www.fahsysu.org.cn/sites/1h.prod.sysucloud1.sysu.edu.cn/files/styles/focal_point_480/public/2024-04/%E8%83%86%E8%83%B0%E5%A4%96%E7%A7%91%E9%BB%84%E6%99%A8%E6%9D%BE%20%E5%89%AF%E4%B8%BB%E4%BB%BB%E5%8C%BB%E5%B8%88%20%E7%99%BD%E5%BA%95%E4%BF%AE%E6%94%B9%E7%A8%BF.jpg?itok=ZPd9Ly87,01_试点医院/中山大学附属第一医院/照片/黄晨松-胆胰外科-副主任医师-中山大学附属第一医院.jpg,110185,44fb4cdd83d45021b9471415544b98c2a49ce273c75cea77def567167f266355,480,480,FULL_FETCH,
黄力,https://www.fahsysu.org.cn/node/717,实采,,https://www.fahsysu.org.cn/sites/1h.prod.sysucloud1.sysu.edu.cn/files/styles/focal_point_480/public/2025-11/%E4%B8%AA%E4%BA%BA%E7%85%A7%E7%89%87_%E5%A4%A7%E4%B8%80%E5%AF%B8.jpg?itok=pOWeC6Ml,01_试点医院/中山大学附属第一医院/照片/黄力-胆胰外科-副主任医师-中山大学附属第一医院.jpg,186468,d83d2166a271370247ca6142e16af7476c16ed88daec66764194b2c350748e9f,480,480,FULL_FETCH,
黄锡泰,https://www.fahsysu.org.cn/node/33078,实采,,https://www.fahsysu.org.cn/sites/1h.prod.sysucloud1.sysu.edu.cn/files/styles/focal_point_480/public/2024-05/%E8%83%86%E8%83%B0%E5%A4%96%E7%A7%91%20%E9%BB%84%E9%94%A1%E6%B3%B0%20%E5%89%AF%E4%B8%BB%E4%BB%BB%E5%8C%BB%E5%B8%88.jpg?itok=PUOKZAi4,01_试点医院/中山大学附属第一医院/照片/黄锡泰-胆胰外科-副主任医师-中山大学附属第一医院.jpg,159491,8dddaa2094a3294237f107eb7ae8c6e8c9a6794efea400be4517a8f2042422de,480,480,FULL_FETCH,
彭洪,https://www.fahsysu.org.cn/node/33079,实采,,https://www.fahsysu.org.cn/sites/1h.prod.sysucloud1.sysu.edu.cn/files/styles/focal_point_480/public/2024-05/%E8%83%86%E8%83%B0%E5%A4%96%E7%A7%91%20%E5%BD%AD%E6%B4%AA%20%E5%89%AF%E9%AB%98.jpg?itok=bEMz2zJM,01_试点医院/中山大学附属第一医院/照片/彭洪-胆胰外科-副主任医师-中山大学附属第一医院.jpg,145568,4f64321e7899ab1aee0a0933308901be140e54bddd3547c1b11e0acf34535db8,480,480,FULL_FETCH,
许琼聪,https://www.fahsysu.org.cn/node/35662,实采,,https://www.fahsysu.org.cn/sites/1h.prod.sysucloud1.sysu.edu.cn/files/styles/focal_point_480/public/2026-04/%E8%83%86%E8%83%B0%E5%A4%96%E7%A7%91_%E8%AE%B8%E7%90%BC%E8%81%AA_%E5%89%AF%E9%AB%98-0423.jpg?itok=V9OxNr2G,01_试点医院/中山大学附属第一医院/照片/许琼聪-胆胰外科-副主任医师-中山大学附属第一医院.jpg,117146,26458dd62b9426bbf0864959305ce37dcd9fff89d52176acfdf7aa113d32f654,480,480,FULL_FETCH,
陈剑辉,https://www.fahsysu.org.cn/node/750,实采,,https://www.fahsysu.org.cn/sites/1h.prod.sysucloud1.sysu.edu.cn/files/styles/focal_point_480/public/2025-04/%E8%83%83%E8%82%A0%E5%A4%96%E7%A7%91%E4%B8%80%E7%A7%91_%E9%99%88%E5%89%91%E8%BE%89_%E6%AD%A3%E9%AB%98.jpg?itok=JbAvTaph,01_试点医院/中山大学附属第一医院/照片/陈剑辉-胃肠外科一科-主任医师-中山大学附属第一医院.jpg,111885,90e70e3eb0cbc6d7667efbc1c74e0e88eaa360d71f844b083a8e32a02d0e7e04,480,480,FULL_FETCH,
蔡世荣,https://www.fahsysu.org.cn/node/738,实采,,https://www.fahsysu.org.cn/sites/1h.prod.sysucloud1.sysu.edu.cn/files/styles/focal_point_480/public/043314.jpg?itok=RIfeZ_KK,01_试点医院/中山大学附属第一医院/照片/蔡世荣-胃肠外科一科-主任医师-中山大学附属第一医院.jpg,148756,60f7efa883a483c5e88545e86796788791348b11240f67346b609d19ac92a60c,480,480,FULL_FETCH,
侯洵,https://www.fahsysu.org.cn/node/740,实采,,https://www.fahsysu.org.cn/sites/1h.prod.sysucloud1.sysu.edu.cn/files/styles/focal_point_480/public/034839_1.jpg?itok=iLwK_Zdp,01_试点医院/中山大学附属第一医院/照片/侯洵-胃肠外科一科-主任医师-中山大学附属第一医院.jpg,195861,212c7e4d6e35ba14745b0da2ce24a290561703fc6a5fe45fe8b70620beb08f55,480,480,FULL_FETCH,
何裕隆,https://www.fahsysu.org.cn/node/746,实采,,https://www.fahsysu.org.cn/sites/1h.prod.sysucloud1.sysu.edu.cn/files/styles/focal_point_480/public/%E4%BD%95%E8%A3%95%E9%9A%86.jpg?itok=3RLuCptK,01_试点医院/中山大学附属第一医院/照片/何裕隆-胃肠外科一科-主任医师-中山大学附属第一医院.jpg,150579,af35a8c3c26486bf5ad36c5415c71e3a559be7bc797b769233a9505b0cda0c75,480,480,FULL_FETCH,
李引,https://www.fahsysu.org.cn/node/741,实采,,https://www.fahsysu.org.cn/sites/1h.prod.sysucloud1.sysu.edu.cn/files/styles/focal_point_480/public/2025-04/%E8%83%83%E8%82%A0%E5%A4%96%E7%A7%91%E4%B8%80%E7%A7%91_%E6%9D%8E%E5%BC%95_%E6%AD%A3%E9%AB%98_%E6%9D%8E%E5%BC%95%E6%95%99%E6%8E%88%E5%8F%91%E6%9D%A5%E7%99%BD%E5%BA%95%E7%85%A7.jpg?itok=LVGyHJCU,01_试点医院/中山大学附属第一医院/照片/李引-胃肠外科一科-主任医师-中山大学附属第一医院.jpg,139490,10f42589fd5b7e4e3714e8c67d7d18508253bd0007c5c94f9adc6760016bd06b,480,480,FULL_FETCH,
吴晖,https://www.fahsysu.org.cn/node/742,实采,,https://www.fahsysu.org.cn/sites/1h.prod.sysucloud1.sysu.edu.cn/files/styles/focal_point_480/public/115329.jpg?itok=KrC66Ic8,01_试点医院/中山大学附属第一医院/照片/吴晖-胃肠外科一科-主任医师-中山大学附属第一医院.jpg,232952,6f7d0f2d847ac418f90c1610fb67f5a53a4699e92770d7cbd8e6b1ce08826189,480,480,FULL_FETCH,
李广华,https://www.fahsysu.org.cn/node/25542,实采,,https://www.fahsysu.org.cn/sites/1h.prod.sysucloud1.sysu.edu.cn/files/styles/focal_point_480/public/%E6%9D%8E%E5%B9%BF%E5%8D%8E_0.jpg?itok=eCOiNtLi,01_试点医院/中山大学附属第一医院/照片/李广华-胃肠外科一科-副主任医师-中山大学附属第一医院.jpg,144873,e8d30e355dbec8e63915774e1c2e606d3bf4b755d4d41fc0b4ec8d95d785fbcd,480,480,FULL_FETCH,
叶锦宁,https://www.fahsysu.org.cn/node/29238,实采,,https://www.fahsysu.org.cn/sites/1h.prod.sysucloud1.sysu.edu.cn/files/styles/focal_point_480/public/2022-06/%E8%83%83%E8%82%A0%E5%A4%96%E7%A7%91%E4%B8%80%E7%A7%91%20%E5%8F%B6%E9%94%A6%E5%AE%81%20%E5%89%AF%E9%AB%98.jpg?itok=UZNcrCWv,01_试点医院/中山大学附属第一医院/照片/叶锦宁-胃肠外科一科-副主任医师-中山大学附属第一医院.jpg,182963,e654869883c0d38515ae68b6efc201903a3958b2129d158ca11f394dbc406e01,480,480,FULL_FETCH,
翟二涛,https://www.fahsysu.org.cn/node/33099,实采,,https://www.fahsysu.org.cn/sites/1h.prod.sysucloud1.sysu.edu.cn/files/styles/focal_point_480/public/2024-07/%E8%83%83%E8%82%A0%E5%A4%96%E7%A7%91-%E7%BF%9F%E4%BA%8C%E6%B6%9B-%E5%89%AF%E4%B8%BB%E4%BB%BB%E5%8C%BB%E5%B8%88.jpg?itok=Fl7mUEfl,01_试点医院/中山大学附属第一医院/照片/翟二涛-胃肠外科一科-副主任医师-中山大学附属第一医院.jpg,143246,bd6889f24481fff5de02fca937ff83b1d480f942241db6865a14b2a2912cfee8,480,480,FULL_FETCH,
陈创奇,https://www.fahsysu.org.cn/node/745,实采,,https://www.fahsysu.org.cn/sites/1h.prod.sysucloud1.sysu.edu.cn/files/styles/focal_point_480/public/042145.jpg?itok=zIB_Im9E,01_试点医院/中山大学附属第一医院/照片/陈创奇-胃肠外科二科-主任医师-中山大学附属第一医院.jpg,168554,7d43f1ffebb5d9219870ca9badc36a585eb4e4985ac0193e1e82b3a766e7d28f,480,480,FULL_FETCH,
马晋平,https://www.fahsysu.org.cn/node/747,实采,,https://www.fahsysu.org.cn/sites/1h.prod.sysucloud1.sysu.edu.cn/files/styles/focal_point_480/public/043040.jpg_.png?itok=gean5fSD,01_试点医院/中山大学附属第一医院/照片/马晋平-胃肠外科二科-主任医师-中山大学附属第一医院.png,181462,e338937fcc9ce2c30ede01c760497371c91f815556fc4f5f217751fd6de280db,480,480,FULL_FETCH,
宋新明,https://www.fahsysu.org.cn/node/748,实采,,https://www.fahsysu.org.cn/sites/1h.prod.sysucloud1.sysu.edu.cn/files/styles/focal_point_480/public/042827.jpg?itok=4Z3DyMsn,01_试点医院/中山大学附属第一医院/照片/宋新明-胃肠外科二科-主任医师-中山大学附属第一医院.jpg,153380,43db31e4b5abeb8946530270667ad348d49539282f7d98701838b13fa841463e,480,480,FULL_FETCH,
王昭,https://www.fahsysu.org.cn/node/752,实采,,https://www.fahsysu.org.cn/sites/1h.prod.sysucloud1.sysu.edu.cn/files/styles/focal_point_480/public/2024-06/%E8%83%83%E8%82%A0%E5%A4%96%20%E7%8E%8B%E6%98%AD%20%E4%BF%AE%E6%94%B9%E7%99%BD%E5%BA%95.jpeg?itok=QyVYd4i8,01_试点医院/中山大学附属第一医院/照片/王昭-胃肠外科二科-主任医师-中山大学附属第一医院.jpg,140882,f629551624873b627a345e0cc6a3885c3599c951cd1c45e9f73a223612afa528,480,480,FULL_FETCH,
陈志辉,https://www.fahsysu.org.cn/node/756,实采,,https://www.fahsysu.org.cn/sites/1h.prod.sysucloud1.sysu.edu.cn/files/styles/focal_point_480/public/115444-1.jpg?itok=GiE3-iQ5,01_试点医院/中山大学附属第一医院/照片/陈志辉-胃肠外科二科-副主任医师-中山大学附属第一医院.jpg,162204,acf53b2f10010fd3e00cf9f8ff595132b05a370f474ed9de35b5f32c31686e4b,480,480,FULL_FETCH,
彭建军,https://www.fahsysu.org.cn/node/25422,实采,,https://www.fahsysu.org.cn/sites/1h.prod.sysucloud1.sysu.edu.cn/files/styles/focal_point_480/public/%E8%83%83%E8%82%A0%E5%A4%96%E7%A7%91%E4%BA%8C%E7%A7%91%E5%BD%AD%E5%BB%BA%E5%86%9B%E5%89%AF%E9%AB%98.jpg?itok=uRSQYGjO,01_试点医院/中山大学附属第一医院/照片/彭建军-胃肠外科二科-副主任医师-中山大学附属第一医院.jpg,225875,eb4426f5ca70f765452c4fdb716f2bb19c8e26ac75a72fed2431530bad0e831d,480,480,FULL_FETCH,
王志雄,https://www.fahsysu.org.cn/node/31152,实采,,https://www.fahsysu.org.cn/sites/1h.prod.sysucloud1.sysu.edu.cn/files/styles/focal_point_480/public/2023-07/%E8%83%83%E8%82%A0%E5%A4%96%E7%A7%91%20%E7%8E%8B%E5%BF%97%E9%9B%84%20%E5%89%AF%E9%AB%98%20%E8%BE%B9%E5%8A%A0%E5%AE%BD.jpg?itok=PPajgNyA,01_试点医院/中山大学附属第一医院/照片/王志雄-胃肠外科二科-副主任医师-中山大学附属第一医院.jpg,142116,1462a493ed3a99cdf8c8ae4fae86b6675ec2b5c08d2c0b7a5f7614da66bdc530,480,480,FULL_FETCH,
余红兰,https://www.fahsysu.org.cn/node/753,实采,,https://www.fahsysu.org.cn/sites/1h.prod.sysucloud1.sysu.edu.cn/files/styles/focal_point_480/public/010950.jpg?itok=A_uo7vLr,01_试点医院/中山大学附属第一医院/照片/余红兰-胃肠外科二科-副主任医师-中山大学附属第一医院.jpg,115040,63a542a5b2c40fb0e5e3bde1a8bab24c5aa1ee098bda418b2c244252337ef99c,480,480,FULL_FETCH,
杨世斌,https://www.fahsysu.org.cn/node/23538,实采,,https://www.fahsysu.org.cn/sites/1h.prod.sysucloud1.sysu.edu.cn/files/styles/focal_point_480/public/2026-06/%E8%83%83%E8%82%A0%E5%A4%96%E7%A7%91_%E6%9D%A8%E4%B8%96%E6%96%8C%28%E5%8E%8B%E7%BC%A9%29.jpg?itok=zpvhgB02,01_试点医院/中山大学附属第一医院/照片/杨世斌-胃肠外科二科-副主任医师-中山大学附属第一医院.jpg,151349,d2117225e5c4466fe093e7924adf5d8f5590401386185441bd7ebb4658fca8e6,480,480,FULL_FETCH,
崔冀,https://www.fahsysu.org.cn/node/757,实采,,https://www.fahsysu.org.cn/sites/1h.prod.sysucloud1.sysu.edu.cn/files/styles/focal_point_480/public/080732.jpg?itok=wHzR-ecp,01_试点医院/中山大学附属第一医院/照片/崔冀-胃肠外科三科-主任医师-中山大学附属第一医院.jpg,129723,bbf013df3c97654c59e296d8ec97c39f26b41e74c309aa057018dc8d7d9d4b25,480,480,FULL_FETCH,
宋武,https://www.fahsysu.org.cn/node/754,实采,,https://www.fahsysu.org.cn/sites/1h.prod.sysucloud1.sysu.edu.cn/files/styles/focal_point_480/public/042639.jpg?itok=6e96Rv4r,01_试点医院/中山大学附属第一医院/照片/宋武-胃肠外科三科-主任医师-中山大学附属第一医院.jpg,153368,b00a15ef743900220bba1114209b48bdb062bfc5c0c4d0acc505e343f5aceded,480,480,FULL_FETCH,
谭敏,https://www.fahsysu.org.cn/node/755,实采,,https://www.fahsysu.org.cn/sites/1h.prod.sysucloud1.sysu.edu.cn/files/styles/focal_point_480/public/054512.jpg?itok=G-wIeTE0,01_试点医院/中山大学附属第一医院/照片/谭敏-胃肠外科三科-主任医师-中山大学附属第一医院.jpg,164313,b5d8919404f15e0468c95e2ac37f2e2e7eae820a8579c6c65ad7b5a4647f4496,480,480,FULL_FETCH,
魏哲威,https://www.fahsysu.org.cn/node/25668,实采,,https://www.fahsysu.org.cn/sites/1h.prod.sysucloud1.sysu.edu.cn/files/styles/focal_point_480/public/2022-07/%E9%AD%8F%E5%93%B2%E5%A8%81%20%E8%83%83%E8%82%A0%E5%A4%96%E7%A7%91%E4%B8%AD%E5%BF%83%20%E5%89%AF%E9%AB%98.jpg?itok=TJLICzce,01_试点医院/中山大学附属第一医院/照片/魏哲威-胃肠外科三科-主任医师-中山大学附属第一医院.jpg,133620,c48121d5cdfa7a904e2a6e1d606f667d50be7e3e887423e93ba8c082983397fa,480,480,FULL_FETCH,
徐建波,https://www.fahsysu.org.cn/node/743,实采,,https://www.fahsysu.org.cn/sites/1h.prod.sysucloud1.sysu.edu.cn/files/styles/focal_point_480/public/%E8%83%83%E8%82%A0%E5%A4%96%E7%A7%91%E4%B8%80%E7%A7%91%20%E4%B8%BB%E4%BB%BB%E5%8C%BB%E5%B8%88%20%E5%BE%90%E5%BB%BA%E6%B3%A2.jpg?itok=hwYh2wf4,01_试点医院/中山大学附属第一医院/照片/徐建波-胃肠外科三科-主任医师-中山大学附属第一医院.jpg,174584,4ba5f10eabf9669c23551033066e827a39cd1c5cd8e47b04e52e4634357a1891,480,480,FULL_FETCH,
张信华,https://www.fahsysu.org.cn/node/744,实采,,https://www.fahsysu.org.cn/sites/1h.prod.sysucloud1.sysu.edu.cn/files/styles/focal_point_480/public/043748.jpg?itok=vwDC9tbE,01_试点医院/中山大学附属第一医院/照片/张信华-胃肠外科三科-主任医师-中山大学附属第一医院.jpg,176896,cb181cf63e19f76fe5f571fa8c750a51f557c116c4dd692a9a6e8302a6808408,480,480,FULL_FETCH,
戴伟钢,https://www.fahsysu.org.cn/node/33147,实采,,https://www.fahsysu.org.cn/sites/1h.prod.sysucloud1.sysu.edu.cn/files/styles/focal_point_480/public/2024-05/%E8%83%83%E8%82%A0%E5%A4%96%E7%A7%91%20%E6%88%B4%E4%BC%9F%E9%92%A2%20%E4%BF%AE%E6%94%B9%E7%99%BD%E5%BA%95.jpg?itok=KGN8w9Ir,01_试点医院/中山大学附属第一医院/照片/戴伟钢-胃肠外科三科-副主任医师-中山大学附属第一医院.jpg,140893,ee7949d04f66f4aacadfbff412cf42c0ff2da79d297118c86d3c16642a7465cf,480,480,FULL_FETCH,
孙开宇,https://www.fahsysu.org.cn/node/29215,实采,,https://www.fahsysu.org.cn/sites/1h.prod.sysucloud1.sysu.edu.cn/files/styles/focal_point_480/public/2022-06/%E5%AD%99%E5%BC%80%E5%AE%87%20%E7%85%A7%E7%89%872%20%282%29.jpg?itok=SzbCb66n,01_试点医院/中山大学附属第一医院/照片/孙开宇-胃肠外科三科-副主任医师-中山大学附属第一医院.jpg,152471,df519bee57da1d5ee31cdfa0c3bfa529e48eb806da526b14a4e384a1fd5234c0,480,480,FULL_FETCH,
谭进富,https://www.fahsysu.org.cn/node/759,实采,,https://www.fahsysu.org.cn/sites/1h.prod.sysucloud1.sysu.edu.cn/files/styles/focal_point_480/public/041844.jpg_.png?itok=b45EuQIo,01_试点医院/中山大学附属第一医院/照片/谭进富-胃肠外科三科-副主任医师-中山大学附属第一医院.png,217029,d567b78cb202102d5ea0cec050b8219db2ad73390dc1827e71be6b055f62cd9b,480,480,FULL_FETCH,
袁凯涛,https://www.fahsysu.org.cn/node/35629,实采,,https://www.fahsysu.org.cn/sites/1h.prod.sysucloud1.sysu.edu.cn/files/styles/focal_point_480/public/2025-04/%E8%83%83%E8%82%A0%E4%B8%89%E7%A7%91_%E8%A2%81%E5%87%AF%E6%B6%9B_%E5%89%AF%E9%AB%98.jpg?itok=QKauGrVM,01_试点医院/中山大学附属第一医院/照片/袁凯涛-胃肠外科三科-副主任医师-中山大学附属第一医院.jpg,175098,63e9ad52a6ee8d1fdd80b462384e86629f8238ef3e493f8e3d14422211bba032,480,480,FULL_FETCH,
袁玉杰,https://www.fahsysu.org.cn/node/29068,实采,,https://www.fahsysu.org.cn/sites/1h.prod.sysucloud1.sysu.edu.cn/files/styles/focal_point_480/public/2025-05/%E8%83%83%E8%82%A0%E5%A4%96%E7%A7%91_%E8%A2%81%E7%8E%89%E6%9D%B0.png?itok=oqA0yUre,01_试点医院/中山大学附属第一医院/照片/袁玉杰-胃肠外科三科-副主任医师-中山大学附属第一医院.png,218477,1ec0e2ff3ed30532a8d5b2fce5e9327bf8f1fec07cd1eb20be8e5438f9d93d3f,480,480,FULL_FETCH,
左继东,https://www.fahsysu.org.cn/node/29065,实采,,https://www.fahsysu.org.cn/sites/1h.prod.sysucloud1.sysu.edu.cn/files/styles/focal_point_480/public/2022-05/%E8%83%83%E8%82%A0%E5%A4%96%E7%A7%91-%E5%B7%A6%E7%BB%A7%E4%B8%9C-%E5%89%AF%E9%AB%98.jpg?itok=bXew508W,01_试点医院/中山大学附属第一医院/照片/左继东-胃肠外科三科-副主任医师-中山大学附属第一医院.jpg,194435,41da229caa2a22bb2fad742257e0bd84f85ae669557cf31ec43f7d3647bc277a,480,480,FULL_FETCH,
陈玉清,https://www.fahsysu.org.cn/node/462,实采,,https://www.fahsysu.org.cn/sites/1h.prod.sysucloud1.sysu.edu.cn/files/styles/focal_point_480/public/2022-10/%E9%99%88%E7%8E%89%E6%B8%85.png?itok=ORiWuW6P,01_试点医院/中山大学附属第一医院/照片/陈玉清-妇科-主任医师-中山大学附属第一医院.png,140840,74a62f93e231c12979892e240744d1d48f6fe6fb5e474177280f96489a6476a7,480,480,FULL_FETCH,
何勉,https://www.fahsysu.org.cn/node/463,实采,,https://www.fahsysu.org.cn/sites/1h.prod.sysucloud1.sysu.edu.cn/files/styles/focal_point_480/public/114525.jpg?itok=ueS0_MP5,01_试点医院/中山大学附属第一医院/照片/何勉-妇科-主任医师-中山大学附属第一医院.jpg,152142,d55931c0dfdcd959511ad0b9db42f0ec146865aa54ceea08d7d5e5046ff74b49,480,480,FULL_FETCH,
柯珮琪,https://www.fahsysu.org.cn/node/465,实采,,https://www.fahsysu.org.cn/sites/1h.prod.sysucloud1.sysu.edu.cn/files/styles/focal_point_480/public/2022-10/%E6%9F%AF%E7%8F%AE%E7%90%AA.png?itok=Nd2zlrFd,01_试点医院/中山大学附属第一医院/照片/柯珮琪-妇科-主任医师-中山大学附属第一医院.png,165986,dd3f0f9d2e9083a18760e714685f721222a39cf1347ee994ce9d804db0769c72,480,480,FULL_FETCH,
刘军秀,https://www.fahsysu.org.cn/node/582,实采,,https://www.fahsysu.org.cn/sites/1h.prod.sysucloud1.sysu.edu.cn/files/styles/focal_point_480/public/2026-03/%E5%A6%87%E7%A7%91_%E5%88%98%E5%86%9B%E7%A7%80.jpg?itok=Mo1VhOD_,01_试点医院/中山大学附属第一医院/照片/刘军秀-妇科-主任医师-中山大学附属第一医院.jpg,135158,ff6c7794e4737b0621b5c128192ed21373a498f7a51f210031c892c4b9e12a29,480,480,FULL_FETCH,
牛刚,https://www.fahsysu.org.cn/node/583,实采,,https://www.fahsysu.org.cn/sites/1h.prod.sysucloud1.sysu.edu.cn/files/styles/focal_point_480/public/2026-05/%E5%A6%87%E7%A7%91_%E7%89%9B%E5%88%9A.png?itok=gQP01D_q,01_试点医院/中山大学附属第一医院/照片/牛刚-妇科-主任医师-中山大学附属第一医院.png,244722,7d0584c93b9a5e851074375410067736c52f5a5a182fd93b54cdb29b0d319966,480,480,FULL_FETCH,
沈宏伟,https://www.fahsysu.org.cn/node/584,实采,,https://www.fahsysu.org.cn/sites/1h.prod.sysucloud1.sysu.edu.cn/files/styles/focal_point_480/public/110916.jpg?itok=ZkkupJlQ,01_试点医院/中山大学附属第一医院/照片/沈宏伟-妇科-主任医师-中山大学附属第一医院.jpg,217739,e7605a282093169c9afe797bcf955d323ba9f922424097a2cfd67c3c1e7e8c6b,480,480,FULL_FETCH,
沈慧敏,https://www.fahsysu.org.cn/node/466,实采,,https://www.fahsysu.org.cn/sites/1h.prod.sysucloud1.sysu.edu.cn/files/styles/focal_point_480/public/2023-10/%E6%B2%88%E6%85%A7%E6%95%8F%20%E8%A3%81%E5%89%AA%E7%99%BD%E5%BA%95.jpg?itok=8MZotXQi,01_试点医院/中山大学附属第一医院/照片/沈慧敏-妇科-主任医师-中山大学附属第一医院.jpg,116352,6ee9bad3dcbd9b9f943b55ad878f242d17d7871a81b5aa06684494ff9b0cd575,480,480,FULL_FETCH,
王宁宁,https://www.fahsysu.org.cn/node/467,实采,,https://www.fahsysu.org.cn/sites/1h.prod.sysucloud1.sysu.edu.cn/files/styles/focal_point_480/public/%E7%8E%8B%E5%AE%81%E5%AE%81.jpg?itok=9fOEseGV,01_试点医院/中山大学附属第一医院/照片/王宁宁-妇科-主任医师-中山大学附属第一医院.jpg,151688,429b41c1ae23bd728a9ecd57b19fd49f6159107b173b7ef6016fb8efc74da378,480,480,FULL_FETCH,
徐成康,https://www.fahsysu.org.cn/node/575,实采,,https://www.fahsysu.org.cn/sites/1h.prod.sysucloud1.sysu.edu.cn/files/styles/focal_point_480/public/2022-04/%E5%A6%87%E7%A7%91%20%E5%BE%90%E6%88%90%E5%BA%B7%20%E6%AD%A3%E9%AB%98.jpg?itok=qJ3wKkPM,01_试点医院/中山大学附属第一医院/照片/徐成康-妇科-主任医师-中山大学附属第一医院.jpg,131541,1233ae1d359b38bfc3f0ebd420c02de3cf7725154a9efc2c899b6ed2c4e35ca0,480,480,FULL_FETCH,
谢洪哲,https://www.fahsysu.org.cn/node/468,实采,,https://www.fahsysu.org.cn/sites/1h.prod.sysucloud1.sysu.edu.cn/files/styles/focal_point_480/public/2022-10/%E8%B0%A2%E6%B4%AA%E5%93%B2.png?itok=2QyO0Wrt,01_试点医院/中山大学附属第一医院/照片/谢洪哲-妇科-主任医师-中山大学附属第一医院.png,196831,058d8f2e9a7c1e80f6e41a20cfcf4b13e7a0af4d80a630668c61dbb836f42c80,480,480,FULL_FETCH,
杨国奋,https://www.fahsysu.org.cn/node/576,实采,,https://www.fahsysu.org.cn/sites/1h.prod.sysucloud1.sysu.edu.cn/files/styles/focal_point_480/public/2022-10/%E6%9D%A8%E5%9B%BD%E5%A5%8B.png?itok=p2xW03e2,01_试点医院/中山大学附属第一医院/照片/杨国奋-妇科-主任医师-中山大学附属第一医院.png,123505,d6821b24b0c6802ab6393c73119f0e46ca41b7ffc9ecee0e57a237c4485b3eda,480,480,FULL_FETCH,
姚书忠,https://www.fahsysu.org.cn/node/577,实采,,https://www.fahsysu.org.cn/sites/1h.prod.sysucloud1.sysu.edu.cn/files/styles/focal_point_480/public/2023-06/%E5%A7%9A%E4%B9%A6%E5%BF%A0-%E7%99%BD%E5%A4%A7%E8%A4%82.jpg?itok=L5efLD2N,01_试点医院/中山大学附属第一医院/照片/姚书忠-妇科-主任医师-中山大学附属第一医院.jpg,129986,f636b255380cfe3ba31d8f400e202cf28244f57444644cb56426d7e4efe4a1b4,480,480,FULL_FETCH,
游泽山,https://www.fahsysu.org.cn/node/578,实采,,https://www.fahsysu.org.cn/sites/1h.prod.sysucloud1.sysu.edu.cn/files/styles/focal_point_480/public/2022-09/%E6%B8%B8%E6%B3%BD%E5%B1%B1%E6%95%99%E6%8E%88.jpg?itok=eo3_BIOG,01_试点医院/中山大学附属第一医院/照片/游泽山-妇科-主任医师-中山大学附属第一医院.jpg,109848,a3abe754b001264a66d005d34bef5824cac5847e7ddb46a6f9a2c0c4e6544ac6,480,480,FULL_FETCH,
陈明,https://www.fahsysu.org.cn/node/25411,实采,,https://www.fahsysu.org.cn/sites/1h.prod.sysucloud1.sysu.edu.cn/files/styles/focal_point_480/public/2022-10/%E9%99%88%E6%98%8E.png?itok=Cxj_9NVp,01_试点医院/中山大学附属第一医院/照片/陈明-妇科-副主任医师-中山大学附属第一医院.png,188593,9e749a37061c6139721936d940bb29135277499f6619da77a209579f654cc7f7,480,480,FULL_FETCH,
曹铁凤,https://www.fahsysu.org.cn/node/33348,实采,,https://www.fahsysu.org.cn/sites/1h.prod.sysucloud1.sysu.edu.cn/files/styles/focal_point_480/public/2024-05/%E5%A6%87%E7%A7%91%20%E6%9B%B9%E9%93%81%E5%87%A4%20%E5%89%AF%E9%AB%98.jpg?itok=KZRFIumA,01_试点医院/中山大学附属第一医院/照片/曹铁凤-妇科-副主任医师-中山大学附属第一医院.jpg,118041,582f926546097c6c241e143914df0fd5ce95d2761c69c58301592bbd8c9f2399,480,480,FULL_FETCH,
黄佳明,https://www.fahsysu.org.cn/node/30713,实采,,https://www.fahsysu.org.cn/sites/1h.prod.sysucloud1.sysu.edu.cn/files/styles/focal_point_480/public/2023-04/1%E9%BB%84%E4%BD%B3%E6%98%8E%E8%81%8C%E4%B8%9A%E7%85%A7%E7%89%87.jpg?itok=3opiRtQ-,01_试点医院/中山大学附属第一医院/照片/黄佳明-妇科-副主任医师-中山大学附属第一医院.jpg,171506,26361cede0b400656206110aa41bd79436a84bc86fd30bc517ac8ebec907e557,480,480,FULL_FETCH,
何科,https://www.fahsysu.org.cn/node/580,实采,,https://www.fahsysu.org.cn/sites/1h.prod.sysucloud1.sysu.edu.cn/files/styles/focal_point_480/public/2022-10/%E4%BD%95%E7%A7%91.jpg?itok=euGqb5x1,01_试点医院/中山大学附属第一医院/照片/何科-妇科-副主任医师-中山大学附属第一医院.jpg,128117,f174870ae1e87d5000b3836eb144cb25773149ddc7d9f909cc928367d5b4de75,480,480,FULL_FETCH,
何伟鹏,https://www.fahsysu.org.cn/node/31105,实采,,https://www.fahsysu.org.cn/sites/1h.prod.sysucloud1.sysu.edu.cn/files/styles/focal_point_480/public/2023-07/%E5%A6%87%E7%A7%91--%E4%BD%95%E4%BC%9F%E9%B9%8F--%E5%89%AF%E9%AB%98.jpg?itok=wWGl_apy,01_试点医院/中山大学附属第一医院/照片/何伟鹏-妇科-副主任医师-中山大学附属第一医院.jpg,134030,e0660036d269de41b67018f4cc913d8e018b93c3586583d8368d153da084da46,480,480,FULL_FETCH,
梁明懿,https://www.fahsysu.org.cn/node/460,实采,,https://www.fahsysu.org.cn/sites/1h.prod.sysucloud1.sysu.edu.cn/files/styles/focal_point_480/public/010400.jpg?itok=xU1TTiC4,01_试点医院/中山大学附属第一医院/照片/梁明懿-妇科-副主任医师-中山大学附属第一医院.jpg,129854,4d3e7032d40700707f8b0dbf281e5004907ba5d0435713f9d83b2dda58245c24,480,480,FULL_FETCH,
刘兴阳,https://www.fahsysu.org.cn/node/29809,实采,,https://www.fahsysu.org.cn/sites/1h.prod.sysucloud1.sysu.edu.cn/files/styles/focal_point_480/public/2023-12/%E5%88%98%E5%85%B4%E9%98%B3.jpg?itok=hwOaGsN3,01_试点医院/中山大学附属第一医院/照片/刘兴阳-妇科-副主任医师-中山大学附属第一医院.jpg,110286,81caed6661ee4f9f266619d7242302edcca7e99405d3add13a78f2c3c8abc740,480,480,FULL_FETCH,
梁炎春,https://www.fahsysu.org.cn/node/25410,实采,,https://www.fahsysu.org.cn/sites/1h.prod.sysucloud1.sysu.edu.cn/files/styles/focal_point_480/public/2022-10/%E6%A2%81%E7%82%8E%E6%98%A5.png?itok=7aB_K9pB,01_试点医院/中山大学附属第一医院/照片/梁炎春-妇科-副主任医师-中山大学附属第一医院.png,152594,76e5837d52cbaa9c98518a102552d9a9bae289b91dc1ac5abf87d93b6e924d3d,480,480,FULL_FETCH,
谭金凤,https://www.fahsysu.org.cn/node/35730,实采,,https://www.fahsysu.org.cn/sites/1h.prod.sysucloud1.sysu.edu.cn/files/styles/focal_point_480/public/2025-04/%E5%A6%87%E7%A7%91-%E8%B0%AD%E9%87%91%E5%87%A4-%E5%89%AF%E9%AB%98%EF%BC%88%E5%A4%A7%E4%B8%80%E5%AF%B8%EF%BC%8C%E7%99%BD%E5%BA%95%EF%BC%89.jpg?itok=dwgKGDAH,01_试点医院/中山大学附属第一医院/照片/谭金凤-妇科-副主任医师-中山大学附属第一医院.jpg,142240,dc8a00e03d2cf41cb2469a6b0d03bde9068ef338414a0d863b0889fca6911ee7,480,480,FULL_FETCH,
王伟,https://www.fahsysu.org.cn/node/25409,实采,,https://www.fahsysu.org.cn/sites/1h.prod.sysucloud1.sysu.edu.cn/files/styles/focal_point_480/public/%E5%A6%87%E7%A7%91%20%20%E7%8E%8B%E4%BC%9F%20%20%E5%89%AF%E4%B8%BB%E4%BB%BB%E5%8C%BB%E5%B8%88.jpg?itok=sb89YRbC,01_试点医院/中山大学附属第一医院/照片/王伟-妇科-副主任医师-中山大学附属第一医院.jpg,115599,f8803c06aa2e195a995e4418843fe7d6bd4afb7f83cacf293fc4137e3402d5b9,480,480,FULL_FETCH,
徐漫漫,https://www.fahsysu.org.cn/node/33308,实采,,https://www.fahsysu.org.cn/sites/1h.prod.sysucloud1.sysu.edu.cn/files/styles/focal_point_480/public/2024-05/%E5%A6%87%E7%A7%91%20%E5%BE%90%E6%BC%AB%E6%BC%AB%20%E5%89%AF%E9%AB%98.jpg?itok=DqZEfncr,01_试点医院/中山大学附属第一医院/照片/徐漫漫-妇科-副主任医师-中山大学附属第一医院.jpg,130458,4b43baf2decb86f555d36fc793ac75fd62000718aec4bf25fb3ae9090d8a95cb,480,480,FULL_FETCH,
袁林静,https://www.fahsysu.org.cn/node/33311,实采,,https://www.fahsysu.org.cn/sites/1h.prod.sysucloud1.sysu.edu.cn/files/styles/focal_point_480/public/2024-05/%E5%A6%87%E7%A7%91%2B%E8%A2%81%E6%9E%97%E9%9D%99%2B%E5%89%AF%E9%AB%98.jpg?itok=qWNqFX4U,01_试点医院/中山大学附属第一医院/照片/袁林静-妇科-副主任医师-中山大学附属第一医院.jpg,160455,9008c13be3c50846515b0a5f47b8e7b6cab72172b42641b1fa66e232028acd74,480,480,FULL_FETCH,
赵云荷,https://www.fahsysu.org.cn/node/29217,实采,,https://www.fahsysu.org.cn/sites/1h.prod.sysucloud1.sysu.edu.cn/files/styles/focal_point_480/public/2025-12/%E5%A6%87%E7%A7%91_%E8%B5%B5%E4%BA%91%E8%8D%B7.jpg?itok=NoHcrL-n,01_试点医院/中山大学附属第一医院/照片/赵云荷-妇科-副主任医师-中山大学附属第一医院.jpg,119256,8d4e72c45af07f558bbe58d9c0d67a2c76f34a75e4744c72fe5e86c7c6c2d5ac,480,480,FULL_FETCH,
陈海天,https://www.fahsysu.org.cn/node/593,实采,,https://www.fahsysu.org.cn/sites/1h.prod.sysucloud1.sysu.edu.cn/files/styles/focal_point_480/public/2025-12/%E4%BA%A7%E7%A7%91%E9%99%88%E6%B5%B7%E5%A4%A9%E6%AD%A3%E9%AB%98_%E4%BF%AE%E6%94%B9%E7%99%BD%E5%BA%95.jpg?itok=S_PBISiQ,01_试点医院/中山大学附属第一医院/照片/陈海天-产科-主任医师-中山大学附属第一医院.jpg,125227,9c99bc93740d8595b37fad07c5902fc9cd879efeeb2e38b8e9b23c9c3c4e37d6,480,480,FULL_FETCH,
罗艳敏,https://www.fahsysu.org.cn/node/589,实采,,https://www.fahsysu.org.cn/sites/1h.prod.sysucloud1.sysu.edu.cn/files/styles/focal_point_480/public/2025-10/%E4%BA%A7%E7%A7%91_%E7%BD%97%E8%89%B3%E6%95%8F%28%E5%8E%8B%E7%BC%A9%29.jpeg?itok=EcsEtOHw,01_试点医院/中山大学附属第一医院/照片/罗艳敏-产科-主任医师-中山大学附属第一医院.jpg,179496,445d7bb4ba832b7a56bd7298953b4402d728e285c7b17b60a06c79f6135c68c0,480,480,FULL_FETCH,
刘斌,https://www.fahsysu.org.cn/node/596,实采,,https://www.fahsysu.org.cn/sites/1h.prod.sysucloud1.sysu.edu.cn/files/styles/focal_point_480/public/092620.jpg?itok=y_6E-4f1,01_试点医院/中山大学附属第一医院/照片/刘斌-产科-主任医师-中山大学附属第一医院.jpg,176840,e9d4225a82508f7a65386350b42911043ecbbaa435d3d1f895a16c1ff6d240e1,480,480,FULL_FETCH,
王子莲,https://www.fahsysu.org.cn/node/590,实采,,https://www.fahsysu.org.cn/sites/1h.prod.sysucloud1.sysu.edu.cn/files/styles/focal_point_480/public/2023-06/%E7%8E%8B%E5%AD%90%E8%8E%B2.jpg?itok=fhz9qAfy,01_试点医院/中山大学附属第一医院/照片/王子莲-产科-主任医师-中山大学附属第一医院.jpg,159866,2308aae433741b30fe07fc0db69110073551baa883b1a65dec6ed251ae07665a,480,480,FULL_FETCH,
王冬昱,https://www.fahsysu.org.cn/node/598,实采,,https://www.fahsysu.org.cn/sites/1h.prod.sysucloud1.sysu.edu.cn/files/styles/focal_point_480/public/2026-03/%E4%BA%A7%E7%A7%91%E7%8E%8B%E5%86%AC%E6%98%B1%E6%AD%A3%E9%AB%98.jpg?itok=KPf_RmiO,01_试点医院/中山大学附属第一医院/照片/王冬昱-产科-主任医师-中山大学附属第一医院.jpg,104466,cc474eeef949f2f9f7f2ef4d00288c0ce1d59f9ca691cda6652f60bfe2ab89c1,480,480,FULL_FETCH,
周祎,https://www.fahsysu.org.cn/node/591,实采,,https://www.fahsysu.org.cn/sites/1h.prod.sysucloud1.sysu.edu.cn/files/styles/focal_point_480/public/032309_0.jpg?itok=92GiDcmM,01_试点医院/中山大学附属第一医院/照片/周祎-产科-主任医师-中山大学附属第一医院.jpg,166587,f47767f073883952851c9101c26d2abc0b8e9ce79794b7bb4a539f0295eb7f4c,480,480,FULL_FETCH,
蔡坚,https://www.fahsysu.org.cn/node/592,实采,,https://www.fahsysu.org.cn/sites/1h.prod.sysucloud1.sysu.edu.cn/files/styles/focal_point_480/public/043731.jpg?itok=DDPHzNcZ,01_试点医院/中山大学附属第一医院/照片/蔡坚-产科-副主任医师-中山大学附属第一医院.jpg,157616,f1c983112ddafc117fd0bed1efb257a681f64c4f78a029c68f163bda1e7ca47e,480,480,FULL_FETCH,
陈汉青,https://www.fahsysu.org.cn/node/29710,实采,,https://www.fahsysu.org.cn/sites/1h.prod.sysucloud1.sysu.edu.cn/files/styles/focal_point_480/public/2022-09/%E4%BA%A7%E7%A7%91%20%E9%99%88%E6%B1%89%E9%9D%92%20%E5%89%AF%E9%AB%98.jpg?itok=6pHJr0Dl,01_试点医院/中山大学附属第一医院/照片/陈汉青-产科-副主任医师-中山大学附属第一医院.jpg,80791,44f18af3430096f078d959209c8ce06666fcacddea89e6098f1e2c646cff050f,480,480,FULL_FETCH,
黄林环,https://www.fahsysu.org.cn/node/594,实采,,https://www.fahsysu.org.cn/sites/1h.prod.sysucloud1.sysu.edu.cn/files/styles/focal_point_480/public/2024-08/img_0670.jpeg?itok=3qiEZzxo,01_试点医院/中山大学附属第一医院/照片/黄林环-产科-副主任医师-中山大学附属第一医院.jpg,218851,2d51275ba1e1594c760bbb91a0bfa917cefc94c4dba99a8b6c552ae2c82ee744,480,480,FULL_FETCH,
黄轩,https://www.fahsysu.org.cn/node/595,实采,,https://www.fahsysu.org.cn/sites/1h.prod.sysucloud1.sysu.edu.cn/files/styles/focal_point_480/public/030326.jpg?itok=N0imOsiY,01_试点医院/中山大学附属第一医院/照片/黄轩-产科-副主任医师-中山大学附属第一医院.jpg,225727,e9aaecca23679885a315f82292add3f7ff835204268dbc2d8ce75c21f357c73c,480,480,FULL_FETCH,
何志明,https://www.fahsysu.org.cn/node/25405,实采,,https://www.fahsysu.org.cn/sites/1h.prod.sysucloud1.sysu.edu.cn/files/styles/focal_point_480/public/%E4%BD%95%E5%BF%97%E6%98%8E%20%E7%9B%B8%E7%89%872021-%E7%99%BD%E5%BA%95.jpg?itok=B7ArhHso,01_试点医院/中山大学附属第一医院/照片/何志明-产科-副主任医师-中山大学附属第一医院.jpg,190102,a2fd0f0859195e9a330dd66c8c3e17c4ffcaae4803c131302c0f2d3425d0c141,480,480,FULL_FETCH,
刘立群,https://www.fahsysu.org.cn/node/31955,实采,,https://www.fahsysu.org.cn/sites/1h.prod.sysucloud1.sysu.edu.cn/files/styles/focal_point_480/public/2023-11/%E4%BA%A7%E7%A7%91%20%E5%88%98%E7%AB%8B%E7%BE%A4%20%E5%89%AF%E4%B8%BB%E4%BB%BB%E5%8C%BB%E5%B8%88.jpg?itok=RTzt774d,01_试点医院/中山大学附属第一医院/照片/刘立群-产科-副主任医师-中山大学附属第一医院.jpg,118922,d455f902ca43006815b80786a16efd99fd4414ce3260871b5addb15ca84768c8,480,480,FULL_FETCH,
李珠玉,https://www.fahsysu.org.cn/node/31109,实采,,https://www.fahsysu.org.cn/sites/1h.prod.sysucloud1.sysu.edu.cn/files/styles/focal_point_480/public/2025-07/%E4%BA%A7%E7%A7%91_%E6%9D%8E%E7%8F%A0%E7%8E%89_%E5%89%AF%E9%AB%98.jpg?itok=93qOoBwm,01_试点医院/中山大学附属第一医院/照片/李珠玉-产科-副主任医师-中山大学附属第一医院.jpg,140248,ef96b402b3f75c9bfa36adcfcd4b854fa748f17f8668803dfb296722470cdb35,480,480,FULL_FETCH,
彭田玉,https://www.fahsysu.org.cn/node/597,实采,,https://www.fahsysu.org.cn/sites/1h.prod.sysucloud1.sysu.edu.cn/files/styles/focal_point_480/public/025400.jpg?itok=QCbSIst6,01_试点医院/中山大学附属第一医院/照片/彭田玉-产科-副主任医师-中山大学附属第一医院.jpg,144571,f44c1f5ae880bc1e10ce7c62dca8e5579461bd8e92459d50c5dd55494c0ebed4,480,480,FULL_FETCH,
王晶,https://www.fahsysu.org.cn/node/35627,实采,,https://www.fahsysu.org.cn/sites/1h.prod.sysucloud1.sysu.edu.cn/files/styles/focal_point_480/public/2026-08/%E4%BA%A7%E7%A7%91_%E7%8E%8B%E6%99%B6.png?itok=PM62dn2g,01_试点医院/中山大学附属第一医院/照片/王晶-产科-副主任医师-中山大学附属第一医院.png,245482,6a832b1fdf7f5890e761bd016759a2f876f5fe1293400afd7ae6b681424b51de,480,480,FULL_FETCH,
吴艳欣,https://www.fahsysu.org.cn/node/29223,实采,,https://www.fahsysu.org.cn/sites/1h.prod.sysucloud1.sysu.edu.cn/files/styles/focal_point_480/public/2022-06/%E4%BA%A7%E7%A7%91%20%E5%90%B4%E8%89%B3%E6%AC%A3%20%E5%89%AF%E9%AB%98.jpg?itok=OgU154tw,01_试点医院/中山大学附属第一医院/照片/吴艳欣-产科-副主任医师-中山大学附属第一医院.jpg,127055,4355e024674b6c6e77a18416898fb62e6a8f9c932cf8895d5274e43260f0e99d,480,480,FULL_FETCH,
祝彩霞,https://www.fahsysu.org.cn/node/35590,实采,,https://www.fahsysu.org.cn/sites/1h.prod.sysucloud1.sysu.edu.cn/files/styles/focal_point_480/public/2026-08/%E4%BA%A7%E7%A7%91_%E7%A5%9D%E5%BD%A9%E9%9C%9E.jpg?itok=Q3KfeUNP,01_试点医院/中山大学附属第一医院/照片/祝彩霞-产科-副主任医师-中山大学附属第一医院.jpg,121886,ece22d3174175debd6c92ec207009285d2d9425576efdb826df4807e71f93f4e,480,480,FULL_FETCH,
张颖,https://www.fahsysu.org.cn/node/600,实采,,https://www.fahsysu.org.cn/sites/1h.prod.sysucloud1.sysu.edu.cn/files/styles/focal_point_480/public/2026-01/%E4%BA%A7%E7%A7%91%E5%BC%A0%E9%A2%96%E5%89%AF%E4%B8%BB%E4%BB%BB%E5%8C%BB%E5%B8%88.jpg?itok=37oQaGpG,01_试点医院/中山大学附属第一医院/照片/张颖-产科-副主任医师-中山大学附属第一医院.jpg,138621,2f28edf7e65e350778813980eff98c326ce4e5025bc9cdd7e6f9c46a7d9f6d3f,480,480,FULL_FETCH,
陈明晖,https://www.fahsysu.org.cn/node/606,实采,,https://www.fahsysu.org.cn/sites/1h.prod.sysucloud1.sysu.edu.cn/files/styles/focal_point_480/public/041056.jpg?itok=bv-FdhN7,01_试点医院/中山大学附属第一医院/照片/陈明晖-生殖医学中心-主任医师-中山大学附属第一医院.jpg,163281,4afb74f9781d11e6b4b652cd5618bb29cc48cd0e1a82f2f6d95e6fc620507ce9,480,480,FULL_FETCH,
麦庆云,https://www.fahsysu.org.cn/node/601,实采,,https://www.fahsysu.org.cn/sites/1h.prod.sysucloud1.sysu.edu.cn/files/styles/focal_point_480/public/025502.jpg?itok=Y0SHvUfW,01_试点医院/中山大学附属第一医院/照片/麦庆云-生殖医学中心-主任医师-中山大学附属第一医院.jpg,212027,a3e1ae59f9f67b8d1b07bacb9122cc22f33eb3b001d9b0c810b0462380663c78,480,480,FULL_FETCH,
王琼,https://www.fahsysu.org.cn/node/602,实采,,https://www.fahsysu.org.cn/sites/1h.prod.sysucloud1.sysu.edu.cn/files/styles/focal_point_480/public/044153.jpg?itok=inK1Xrkk,01_试点医院/中山大学附属第一医院/照片/王琼-生殖医学中心-主任医师-中山大学附属第一医院.jpg,179111,8e8711e554fe304c79af9c402a6aa20f9afd1b99f6f7be2b87604198ed9bf3f0,480,480,FULL_FETCH,
徐艳文,https://www.fahsysu.org.cn/node/603,实采,,https://www.fahsysu.org.cn/sites/1h.prod.sysucloud1.sysu.edu.cn/files/styles/focal_point_480/public/081620.jpg?itok=4OsF7Nl1,01_试点医院/中山大学附属第一医院/照片/徐艳文-生殖医学中心-主任医师-中山大学附属第一医院.jpg,164090,c61cfc4623eda27623767b9a35cc06a470118d84ae6cf09fd462f0b69c21b93d,480,480,FULL_FETCH,
周灿权,https://www.fahsysu.org.cn/node/605,实采,,https://www.fahsysu.org.cn/sites/1h.prod.sysucloud1.sysu.edu.cn/files/styles/focal_point_480/public/%E5%91%A8%E7%81%BF%E6%9D%83.jpg?itok=r-qNK-oW,01_试点医院/中山大学附属第一医院/照片/周灿权-生殖医学中心-主任医师-中山大学附属第一医院.jpg,182211,dd4955aaea0c7736cab797b055edec781713467fe30ff85ba023c6c3a705a75a,480,480,FULL_FETCH,
钟依平,https://www.fahsysu.org.cn/node/604,实采,,https://www.fahsysu.org.cn/sites/1h.prod.sysucloud1.sysu.edu.cn/files/styles/focal_point_480/public/041108.jpg?itok=v45jiUCZ,01_试点医院/中山大学附属第一医院/照片/钟依平-生殖医学中心-主任医师-中山大学附属第一医院.jpg,172736,0b56e2b783bf18fd3f410c9d984f2ca36f53a9c4d29e718e6bd2ab4d546db792,480,480,FULL_FETCH,
古芳,https://www.fahsysu.org.cn/node/26415,实采,,https://www.fahsysu.org.cn/sites/1h.prod.sysucloud1.sysu.edu.cn/files/styles/focal_point_480/public/%E7%94%9F%E6%AE%96%E4%B8%AD%E5%BF%83-%E5%8F%A4%E8%8A%B3-%E5%89%AF%E9%AB%98.jpg?itok=sdwz0hO0,01_试点医院/中山大学附属第一医院/照片/古芳-生殖医学中心-副主任医师-中山大学附属第一医院.jpg,117052,92d01de7aaac94d4ed86821cdbe9ec7f7214646d34fa4e02292660ee5ab9fe89,480,480,FULL_FETCH,
高军,https://www.fahsysu.org.cn/node/607,实采,,https://www.fahsysu.org.cn/sites/1h.prod.sysucloud1.sysu.edu.cn/files/styles/focal_point_480/public/2025-12/%E7%94%9F%E6%AE%96%E4%B8%AD%E5%BF%83%E9%AB%98%E5%86%9B%E5%89%AF%E9%AB%98.jpg?itok=hOH0rAR6,01_试点医院/中山大学附属第一医院/照片/高军-生殖医学中心-副主任医师-中山大学附属第一医院.jpg,191376,0cfa38dc44c2381313333a26d426891f1b644d8113ee89cbf4304cac4a34e31d,480,480,FULL_FETCH,
黄珈,https://www.fahsysu.org.cn/node/609,实采,,https://www.fahsysu.org.cn/sites/1h.prod.sysucloud1.sysu.edu.cn/files/styles/focal_point_480/public/2025-07/%E7%94%9F%E6%AE%96%E5%8C%BB%E5%AD%A6%E4%B8%AD%E5%BF%83_%E9%BB%84%E7%8F%88_%E5%89%AF%E9%AB%98_%E7%99%BD%E5%BA%95.jpg?itok=yzyQmzXP,01_试点医院/中山大学附属第一医院/照片/黄珈-生殖医学中心-副主任医师-中山大学附属第一医院.jpg,137582,15d748da3de38d9053ec799c2f1f490d81caa23b27439ee0c4c6582b919ec99b,480,480,FULL_FETCH,
胡晓坤,https://www.fahsysu.org.cn/node/29220,实采,,https://www.fahsysu.org.cn/sites/1h.prod.sysucloud1.sysu.edu.cn/files/styles/focal_point_480/public/2022-06/%E7%94%9F%E6%AE%96%E5%8C%BB%E5%AD%A6%E4%B8%AD%E5%BF%83%20%E8%83%A1%E6%99%93%E5%9D%A4%20%E5%89%AF%E4%B8%BB%E4%BB%BB%E5%8C%BB%E5%B8%88.jpg?itok=9LwqsKtH,01_试点医院/中山大学附属第一医院/照片/胡晓坤-生殖医学中心-副主任医师-中山大学附属第一医院.jpg,147994,694ed902f2decd506b4ca32bf99d6a5e4e33dd892a2f4bd4c87ae9a40b093360,480,480,FULL_FETCH,
罗璐,https://www.fahsysu.org.cn/node/612,实采,,https://www.fahsysu.org.cn/sites/1h.prod.sysucloud1.sysu.edu.cn/files/styles/focal_point_480/public/2026-06/%E7%94%9F%E6%AE%96%E4%B8%AD%E5%BF%83%E7%BD%97%E7%92%90%E5%89%AF%E4%B8%BB%E4%BB%BB%E5%8C%BB%E5%B8%88%28%E5%8E%8B%E7%BC%A9%29.png?itok=hatlwV4n,01_试点医院/中山大学附属第一医院/照片/罗璐-生殖医学中心-副主任医师-中山大学附属第一医院.png,265821,7d703d778242a35f2955f47d4675cfe5490a0b78e3da0cb40cc3a7dddbb52cb4,480,480,FULL_FETCH,
李宇彬,https://www.fahsysu.org.cn/node/611,实采,,https://www.fahsysu.org.cn/sites/1h.prod.sysucloud1.sysu.edu.cn/files/styles/focal_point_480/public/084318.jpg?itok=KxG5Eoqc,01_试点医院/中山大学附属第一医院/照片/李宇彬-生殖医学中心-副主任医师-中山大学附属第一医院.jpg,208827,c5f6a6f36c5cfceccf87635262c10e75f3715b0111ef815e20da1367c511ed32,480,480,FULL_FETCH,
苗本郁,https://www.fahsysu.org.cn/node/613,实采,,https://www.fahsysu.org.cn/sites/1h.prod.sysucloud1.sysu.edu.cn/files/styles/focal_point_480/public/2023-12/%E8%8B%97%E6%9C%AC%E9%83%81.png?itok=RVz5Arh1,01_试点医院/中山大学附属第一医院/照片/苗本郁-生殖医学中心-副主任医师-中山大学附属第一医院.png,243249,9954f7ed1667a6f93ddeb1cdf6cb472b3673e16f805bf7a0f1c944a0391c3a37,480,480,FULL_FETCH,
王轶子,https://www.fahsysu.org.cn/node/35769,实采,,https://www.fahsysu.org.cn/sites/1h.prod.sysucloud1.sysu.edu.cn/files/styles/focal_point_480/public/2025-04/%E7%94%9F%E6%AE%96%E5%8C%BB%E5%AD%A6%E4%B8%AD%E5%BF%83_%E7%8E%8B%E8%BD%B6%E5%AD%90_%E4%B8%93%E5%AE%B6%E4%BB%8B%E7%BB%8D_%E5%B7%A5%E5%8F%B72n24.jpg?itok=bL8sMxv4,01_试点医院/中山大学附属第一医院/照片/王轶子-生殖医学中心-副主任医师-中山大学附属第一医院.jpg,137449,4af90cb71195ccf9341b6bee9611ee7c660a39bf61dd7489bf2e2446a9857871,480,480,FULL_FETCH,
文扬幸,https://www.fahsysu.org.cn/node/33092,实采,,https://www.fahsysu.org.cn/sites/1h.prod.sysucloud1.sysu.edu.cn/files/styles/focal_point_480/public/2024-05/%E7%94%9F%E6%AE%96%E5%A6%87%E7%A7%91%2B%E6%96%87%E6%89%AC%E5%B9%B8%2B%E5%89%AF%E9%AB%98%20%E4%BF%AE%E6%94%B9%E7%99%BD%E5%BA%95.jpg?itok=Ie30Gywc,01_试点医院/中山大学附属第一医院/照片/文扬幸-生殖医学中心-副主任医师-中山大学附属第一医院.jpg,127897,51c757ec849050a083fa7001740512a0cb4c37a0656047e2771bea6a385fbc6e,480,480,FULL_FETCH,
张丹,https://www.fahsysu.org.cn/node/615,实采,,https://www.fahsysu.org.cn/sites/1h.prod.sysucloud1.sysu.edu.cn/files/styles/focal_point_480/public/2022-07/%E7%94%9F%E6%AE%96%E4%B8%AD%E5%BF%83-%E5%BC%A0%E4%B8%B9-%E5%89%AF%E9%AB%98%EF%BC%88%E4%B8%AD%E6%96%87%EF%BC%89.jpg?itok=XxW0401O,01_试点医院/中山大学附属第一医院/照片/张丹-生殖医学中心-副主任医师-中山大学附属第一医院.jpg,101047,ba45da77496eb5a5eb8db290f6b58889453df5e6fa665afbed9f6f305b369a35,480,480,FULL_FETCH,
涂响安,https://www.fahsysu.org.cn/node/31481,实采,,https://www.fahsysu.org.cn/sites/1h.prod.sysucloud1.sysu.edu.cn/files/styles/focal_point_480/public/2023-09/%E6%B6%82%E5%93%8D%E5%AE%89.jpg?itok=L1Wt46_P,01_试点医院/中山大学附属第一医院/照片/涂响安-生殖男科专科-主任医师-中山大学附属第一医院.jpg,157821,01c8f815bad842e1ba00b79a2700b4b6f033fd5717058007ab7763aa76f9b16f,480,480,FULL_FETCH,
庄锦涛,https://www.fahsysu.org.cn/node/31480,实采,,https://www.fahsysu.org.cn/sites/1h.prod.sysucloud1.sysu.edu.cn/files/styles/focal_point_480/public/2023-09/%E5%BA%84%E9%94%A6%E6%B6%9B.jpg?itok=8h0dTt-f,01_试点医院/中山大学附属第一医院/照片/庄锦涛-生殖男科专科-副主任医师-中山大学附属第一医院.jpg,148257,a340f8117b7c8fb68c69e5d005dfc625be591a055c9d31e9a48763f54ac50da5,480,480,FULL_FETCH,
陈柏龄,https://www.fahsysu.org.cn/node/5605,实采,,https://www.fahsysu.org.cn/sites/1h.prod.sysucloud1.sysu.edu.cn/files/styles/focal_point_480/public/2026-05/%E8%84%8A%E6%9F%B1%E5%A4%96%E7%A7%91_%E9%99%88%E6%9F%8F%E9%BE%84_%E6%AD%A3%E9%AB%98.jpg?itok=lpCKM1Kz,01_试点医院/中山大学附属第一医院/照片/陈柏龄-脊柱外科-主任医师-中山大学附属第一医院.jpg,112798,4bdc5595bf37b5c985f49b608db400291311bf920395b16331d48d5888b88cca,480,480,FULL_FETCH,
李泽民,https://www.fahsysu.org.cn/node/5614,实采,,https://www.fahsysu.org.cn/sites/1h.prod.sysucloud1.sysu.edu.cn/files/styles/focal_point_480/public/104748.jpg?itok=JsvYA3_R,01_试点医院/中山大学附属第一医院/照片/李泽民-脊柱外科-主任医师-中山大学附属第一医院.jpg,139598,a9f3d98bd84cb40f7e28d599ac98682086bf4e8c85764a166b949338c555096d,480,480,FULL_FETCH,
刘辉,https://www.fahsysu.org.cn/node/25414,实采,,https://www.fahsysu.org.cn/sites/1h.prod.sysucloud1.sysu.edu.cn/files/styles/focal_point_480/public/%E8%84%8A%E6%9F%B1%E5%A4%96%E7%A7%91%20%E5%88%98%E8%BE%89%20%E6%AD%A3%E9%AB%98.jpg?itok=aAnWER_Z,01_试点医院/中山大学附属第一医院/照片/刘辉-脊柱外科-主任医师-中山大学附属第一医院.jpg,130523,e5b40935bda92ef19f70f71393d9f027962300b4dbfcc563c70eb0041aed5468,480,480,FULL_FETCH,
彭新生,https://www.fahsysu.org.cn/node/5608,实采,,https://www.fahsysu.org.cn/sites/1h.prod.sysucloud1.sysu.edu.cn/files/styles/focal_point_480/public/082305_0.jpg?itok=oIBnHsSr,01_试点医院/中山大学附属第一医院/照片/彭新生-脊柱外科-主任医师-中山大学附属第一医院.jpg,196538,abcf6164ffe3c181c64738cf519610182c950a9b8e107acd749e19698f702c71,480,480,FULL_FETCH,
苏培强,https://www.fahsysu.org.cn/node/5609,实采,,https://www.fahsysu.org.cn/sites/1h.prod.sysucloud1.sysu.edu.cn/files/styles/focal_point_480/public/2026-03/%E8%84%8A%E6%9F%B1%E5%A4%96%E7%A7%91_%E8%8B%8F%E5%9F%B9%E5%BC%BA_%E6%AD%A3%E9%AB%98.jpg?itok=LeBXnz_T,01_试点医院/中山大学附属第一医院/照片/苏培强-脊柱外科-主任医师-中山大学附属第一医院.jpg,143112,d15cc3be92c5157add567e4a017c9728d5ca6e151758faee0a0a62d6c915e3fe,480,480,FULL_FETCH,
王建儒,https://www.fahsysu.org.cn/node/5617,实采,,https://www.fahsysu.org.cn/sites/1h.prod.sysucloud1.sysu.edu.cn/files/styles/focal_point_480/public/2022-05/%E8%84%8A%E6%9F%B1%E5%A4%96%E7%A7%91%20%E7%8E%8B%E5%BB%BA%E5%84%92%20%E5%89%AF%E9%AB%98.jpg?itok=xg3F0JsJ,01_试点医院/中山大学附属第一医院/照片/王建儒-脊柱外科-主任医师-中山大学附属第一医院.jpg,122109,ca356f5572f366928e538af66216af0fa143cf09140a1fa39ac865a9db87beb1,480,480,FULL_FETCH,
万勇,https://www.fahsysu.org.cn/node/5610,实采,,https://www.fahsysu.org.cn/sites/1h.prod.sysucloud1.sysu.edu.cn/files/styles/focal_point_480/public/2025-12/%E8%84%8A%E6%9F%B1%E5%A4%96%E7%A7%91_%E4%B8%87%E5%8B%87_%E6%95%99%E6%8E%88%E3%80%81%E4%B8%BB%E4%BB%BB%E5%8C%BB%E5%B8%88.jpg?itok=echVQMh-,01_试点医院/中山大学附属第一医院/照片/万勇-脊柱外科-主任医师-中山大学附属第一医院.jpg,130622,de2aaf6a0e80aca2592098e49616a210f59d60f9b7a5d850c3aafd6c3c74d9c8,480,480,FULL_FETCH,
邹学农,https://www.fahsysu.org.cn/node/5612,实采,,https://www.fahsysu.org.cn/sites/1h.prod.sysucloud1.sysu.edu.cn/files/styles/focal_point_480/public/084556.jpg?itok=WgU5lBqB,01_试点医院/中山大学附属第一医院/照片/邹学农-脊柱外科-主任医师-中山大学附属第一医院.jpg,164298,4e00df56c653475c2b592b2276a18268494bb0813b180f46244c2ebb0f0cde3b,480,480,FULL_FETCH,
郑召民,https://www.fahsysu.org.cn/node/5611,实采,,https://www.fahsysu.org.cn/sites/1h.prod.sysucloud1.sysu.edu.cn/files/styles/focal_point_480/public/2026-03/%E8%84%8A%E6%9F%B1%E5%A4%96%E7%A7%91%E9%83%91%E5%8F%AC%E6%B0%91%E6%AD%A3%E9%AB%98.jpg?itok=RB3Eg0kS,01_试点医院/中山大学附属第一医院/照片/郑召民-脊柱外科-主任医师-中山大学附属第一医院.jpg,175765,fb5bb8644333cd72bc7b769bc152292c39eaecb77a874c52715a661d9ee9063a,480,480,FULL_FETCH,
崔尚斌,https://www.fahsysu.org.cn/node/31103,失败,详情不可达,,,,,,,FULL_FETCH,"{""detail_http"":200,""detection_feature"":""页面引用唯一 focal_point_480；照片资源不可达；#1 2026-08-18T14:26:48Z HTTP 404 text/html | #2 2026-08-18T14:27:19Z HTTP 404 text/html | #3 2026-08-18T14:27:50Z HTTP 404 text/html"",""excluded_resources"":[],""focal_point_480_reference_count"":1,""observed_utc"":""2026-08-18T14:27:50Z"",""resource_urls"":[""https://www.fahsysu.org.cn/sites/1h.prod.sysucloud1.sysu.edu.cn/files/styles/focal_point_480/public/2023-07/%E8%84%8A%E6%9F%B1%E5%A4%96%E7%A7%91%2B%E5%B4%94%E5%B0%9A%E6%96%8C%2B%E5%89%AF%E9%AB%98.jpg?itok=Nul3GSND""],""template_signature"":"".other-left .other-media .media-img[data-image-url]""}"
戴驭虎,https://www.fahsysu.org.cn/node/33113,实采,,https://www.fahsysu.org.cn/sites/1h.prod.sysucloud1.sysu.edu.cn/files/styles/focal_point_480/public/2024-05/%E8%84%8A%E6%9F%B1%E5%A4%96%E7%A7%91%20%E6%88%B4%E9%A9%AD%E8%99%8E%20%E5%89%AF%E9%AB%98%20%E4%BF%AE%E6%94%B9%E7%99%BD%E5%BA%95.jpg?itok=MqKQTR3Z,01_试点医院/中山大学附属第一医院/照片/戴驭虎-脊柱外科-副主任医师-中山大学附属第一医院.jpg,116655,ec4ad594a4ffefda237d759861085901efef025cf28d05f7d268c0540873b3c8,480,480,FULL_FETCH,
郭玮,https://www.fahsysu.org.cn/node/31108,实采,,https://www.fahsysu.org.cn/sites/1h.prod.sysucloud1.sysu.edu.cn/files/styles/focal_point_480/public/2023-07/%E4%B8%93%E5%AE%B6%E7%AE%80%E4%BB%8B-%E8%84%8A%E6%9F%B1%E5%A4%96%E7%A7%91-%E9%83%AD%E7%8E%AE-%E5%89%AF%E9%AB%98.jpg?itok=bAtQ3mCD,01_试点医院/中山大学附属第一医院/照片/郭玮-脊柱外科-副主任医师-中山大学附属第一医院.jpg,173985,d9348c500affaccfded5a38ac4034bef04d2f2e6cf60519785b37d4599d81df3,480,480,FULL_FETCH,
黄阳亮,https://www.fahsysu.org.cn/node/5613,实采,,https://www.fahsysu.org.cn/sites/1h.prod.sysucloud1.sysu.edu.cn/files/styles/focal_point_480/public/115011_0.jpg?itok=P6owjQGx,01_试点医院/中山大学附属第一医院/照片/黄阳亮-脊柱外科-副主任医师-中山大学附属第一医院.jpg,179587,f68b72c2747425fededb40531774500029c3ce851052e86414f39bf1728f8202,480,480,FULL_FETCH,
李翔,https://www.fahsysu.org.cn/node/38190,实采,,https://www.fahsysu.org.cn/sites/1h.prod.sysucloud1.sysu.edu.cn/files/styles/focal_point_480/public/2026-03/%E8%84%8A%E6%9F%B1%E5%A4%96%E7%A7%91_%E6%9D%8E%E7%BF%94_%E5%89%AF%E9%AB%98.jpg?itok=9R5RR8FY,01_试点医院/中山大学附属第一医院/照片/李翔-脊柱外科-副主任医师-中山大学附属第一医院.jpg,132383,06ef3e2ff55bad15e7beb8630e1f493d1196c60a16fe06f8860308c5dcf6783f,480,480,FULL_FETCH,
刘希哲,https://www.fahsysu.org.cn/node/33068,失败,详情不可达,,,,,,,FULL_FETCH,"{""detail_http"":200,""detection_feature"":""页面引用唯一 focal_point_480；照片资源不可达；#1 2026-08-18T14:27:54Z HTTP 404 text/html | #2 2026-08-18T14:28:25Z HTTP 404 text/html | #3 2026-08-18T14:28:55Z HTTP 404 text/html"",""excluded_resources"":[],""focal_point_480_reference_count"":1,""observed_utc"":""2026-08-18T14:28:55Z"",""resource_urls"":[""https://www.fahsysu.org.cn/sites/1h.prod.sysucloud1.sysu.edu.cn/files/styles/focal_point_480/public/2024-05/%E8%84%8A%E6%9F%B1%E5%A4%96%E7%A7%91%2B%E5%88%98%E5%B8%8C%E5%93%B2%2B%E5%89%AF%E9%AB%98.JPG?itok=WH3TFwAX""],""template_signature"":"".other-left .other-media .media-img[data-image-url]""}"
王华,https://www.fahsysu.org.cn/node/5616,实采,,https://www.fahsysu.org.cn/sites/1h.prod.sysucloud1.sysu.edu.cn/files/styles/focal_point_480/public/034716.jpg?itok=TGKIcW9_,01_试点医院/中山大学附属第一医院/照片/王华-脊柱外科-副主任医师-中山大学附属第一医院.jpg,186910,41c2fd5abeed6ffa3fb0d34f4da500c267a6bd2a3a92c61df5a6a9799eb17759,480,480,FULL_FETCH,
王乐,https://www.fahsysu.org.cn/node/29146,实采,,https://www.fahsysu.org.cn/sites/1h.prod.sysucloud1.sysu.edu.cn/files/styles/focal_point_480/public/2022-06/%E8%84%8A%E6%9F%B1%E5%A4%96%E7%A7%91%20%E7%8E%8B%E4%B9%90%20%E5%89%AF%E9%AB%98_2345%E7%9C%8B%E5%9B%BE%E7%8E%8B.jpg?itok=wkGH24kM,01_试点医院/中山大学附属第一医院/照片/王乐-脊柱外科-副主任医师-中山大学附属第一医院.jpg,117893,75bb1d024726e34e5490679aea55645584c68d43ee3e39301ee2a0e8214ff292,480,480,FULL_FETCH,
傅明,https://www.fahsysu.org.cn/node/5618,实采,,https://www.fahsysu.org.cn/sites/1h.prod.sysucloud1.sysu.edu.cn/files/styles/focal_point_480/public/033327.jpg?itok=3_HS7jFF,01_试点医院/中山大学附属第一医院/照片/傅明-关节外科-主任医师-中山大学附属第一医院.jpg,229631,6e5817981196d7529153a52223bf268f9bbcf04dd7714b607832e5e125e3c00f,480,480,FULL_FETCH,
何爱珊,https://www.fahsysu.org.cn/node/5619,实采,,https://www.fahsysu.org.cn/sites/1h.prod.sysucloud1.sysu.edu.cn/files/styles/focal_point_480/public/103810.jpg?itok=OO8mdZAE,01_试点医院/中山大学附属第一医院/照片/何爱珊-关节外科-主任医师-中山大学附属第一医院.jpg,267777,111ab69770c641ea69cf359d02bb5a8b417397f10918c2a6c274b4eebba25cf9,480,480,FULL_FETCH,
康焱,https://www.fahsysu.org.cn/node/5620,实采,,https://www.fahsysu.org.cn/sites/1h.prod.sysucloud1.sysu.edu.cn/files/styles/focal_point_480/public/031915.jpg?itok=BCDpM9s7,01_试点医院/中山大学附属第一医院/照片/康焱-关节外科-主任医师-中山大学附属第一医院.jpg,129964,1d186ad33b763065063eaecd1d6c710988e33ecece3be4eebe7e2a94e63a6788,480,480,FULL_FETCH,
刘建华,https://www.fahsysu.org.cn/node/29219,实采,,https://www.fahsysu.org.cn/sites/1h.prod.sysucloud1.sysu.edu.cn/files/styles/focal_point_480/public/2022-06/%E9%AA%A8%E5%85%B3%E8%8A%82%E5%88%98%E5%BB%BA%E5%8D%8E%E5%89%AF%E9%AB%98.jpg?itok=8QJUoAP_,01_试点医院/中山大学附属第一医院/照片/刘建华-关节外科-副主任医师-中山大学附属第一医院.jpg,110424,eb94f296b369000382ceb46202b1d05e16fb2668837a7214e6c8135579f64243,480,480,FULL_FETCH,
廖威明,https://www.fahsysu.org.cn/node/5621,实采,,https://www.fahsysu.org.cn/sites/1h.prod.sysucloud1.sysu.edu.cn/files/styles/focal_point_480/public/%E5%BB%96%E5%A8%81%E6%98%8E.jpg?itok=adatHOkR,01_试点医院/中山大学附属第一医院/照片/廖威明-关节外科-主任医师-中山大学附属第一医院.jpg,182194,e939e665ccecde7fba0af825085b4d884f98c337b977e9fd618e73d15a35c839,480,480,FULL_FETCH,
盛璞义,https://www.fahsysu.org.cn/node/5622,实采,,https://www.fahsysu.org.cn/sites/1h.prod.sysucloud1.sysu.edu.cn/files/styles/focal_point_480/public/2022-05/%E9%AA%A8%E7%A7%91%E5%AE%9E%E9%AA%8C%E5%AE%A4%20%E7%9B%9B%E7%92%9E%E4%B9%89.jpg?itok=VaDFeCxJ,01_试点医院/中山大学附属第一医院/照片/盛璞义-关节外科-主任医师-中山大学附属第一医院.jpg,128439,af05af305419e8dcfbf59d3c32738aae1ba14b244b4349b3215ced8695e3d1ac,480,480,FULL_FETCH,
徐栋梁,https://www.fahsysu.org.cn/node/5623,实采,,https://www.fahsysu.org.cn/sites/1h.prod.sysucloud1.sysu.edu.cn/files/styles/focal_point_480/public/104125.jpg?itok=nVFQ7w98,01_试点医院/中山大学附属第一医院/照片/徐栋梁-关节外科-主任医师-中山大学附属第一医院.jpg,178084,2a66569627a750aa570dd688f21c849321fb8f66567eb7566047adddc1d6834c,480,480,FULL_FETCH,
张紫机,https://www.fahsysu.org.cn/node/5629,实采,,https://www.fahsysu.org.cn/sites/1h.prod.sysucloud1.sysu.edu.cn/files/styles/focal_point_480/public/2026-02/%E5%85%B3%E8%8A%82%E5%A4%96%E7%A7%91_%E5%BC%A0%E7%B4%AB%E6%9C%BA_%E6%AD%A3%E9%AB%98.jpg?itok=D9bpflUb,01_试点医院/中山大学附属第一医院/照片/张紫机-关节外科-主任医师-中山大学附属第一医院.jpg,174891,d5c0a8b186150d2adc92021f5ff1c328471ad6c6da93bbe107dc8221f3736140,480,480,FULL_FETCH,
张志奇,https://www.fahsysu.org.cn/node/5628,实采,,https://www.fahsysu.org.cn/sites/1h.prod.sysucloud1.sysu.edu.cn/files/styles/focal_point_480/public/2025-04/%E5%BC%A0%E5%BF%97%E5%A5%87_%E6%95%99%E6%8E%88_%E4%B8%BB%E4%BB%BB%E5%8C%BB%E5%B8%88.png?itok=QiYYBq4v,01_试点医院/中山大学附属第一医院/照片/张志奇-关节外科-主任医师-中山大学附属第一医院.png,180084,be5ca5d1cee17aea265246c4a659c25c4f85d689f5a889a23ab5861bbfed4819,480,480,FULL_FETCH,
陈蔚深,https://www.fahsysu.org.cn/node/31110,实采,,https://www.fahsysu.org.cn/sites/1h.prod.sysucloud1.sysu.edu.cn/files/styles/focal_point_480/public/2026-04/%E5%85%B3%E8%8A%82%E5%A4%96%E7%A7%91_%E9%99%88%E8%94%9A%E6%B7%B1.jpg?itok=ymuJ8-8C,01_试点医院/中山大学附属第一医院/照片/陈蔚深-关节外科-副主任医师-中山大学附属第一医院.jpg,139715,2be7b8394608d0822b6c760bcc5f1ab874a47b0c1b516cd1b89929bb8659b3d1,480,480,FULL_FETCH,
古明晖,https://www.fahsysu.org.cn/node/29033,实采,,https://www.fahsysu.org.cn/sites/1h.prod.sysucloud1.sysu.edu.cn/files/styles/focal_point_480/public/2022-05/%E5%85%B3%E8%8A%82%E5%A4%96%E7%A7%91%E5%8F%A4%E6%98%8E%E6%99%96%E5%89%AF%E9%AB%98.jpg?itok=hNjiogOE,01_试点医院/中山大学附属第一医院/照片/古明晖-关节外科-副主任医师-中山大学附属第一医院.jpg,99143,ef2f110e1898abbfa0f1ef35ee476d4c792a25e8597421acfa33e46e62a95188,480,480,FULL_FETCH,
胡俊勇,https://www.fahsysu.org.cn/node/5625,实采,,https://www.fahsysu.org.cn/sites/1h.prod.sysucloud1.sysu.edu.cn/files/styles/focal_point_480/public/2025-01/%E5%85%B3%E8%8A%82%E5%A4%96%E7%A7%91_%E8%83%A1%E4%BF%8A%E5%8B%87_%E5%89%AF%E9%AB%98.jpg?itok=NNyN2yq4,01_试点医院/中山大学附属第一医院/照片/胡俊勇-关节外科-副主任医师-中山大学附属第一医院.jpg,147849,7f6e316a406282d8ad6ade91fbb42065750ddab115b2c3f983db54ce717ac973,480,480,FULL_FETCH,
何沛恒,https://www.fahsysu.org.cn/node/5624,实采,,https://www.fahsysu.org.cn/sites/1h.prod.sysucloud1.sysu.edu.cn/files/styles/focal_point_480/public/2023-07/%E5%85%B3%E8%8A%82%E5%A4%96%E7%A7%91%20%E4%BD%95%E6%B2%9B%E6%81%92%20%E5%89%AF%E9%AB%98.jpg?itok=Knyf1xHG,01_试点医院/中山大学附属第一医院/照片/何沛恒-关节外科-副主任医师-中山大学附属第一医院.jpg,180803,1c5b2fbf00fb521f3b663a62fa65b453c112edcef148a5e6cbda7fab5751a778,480,480,FULL_FETCH,
孟繁钢,https://www.fahsysu.org.cn/node/25537,实采,,https://www.fahsysu.org.cn/sites/1h.prod.sysucloud1.sysu.edu.cn/files/styles/focal_point_480/public/%E5%85%B3%E8%8A%82%E5%A4%96%E7%A7%91%20%E5%AD%9F%E7%B9%81%E9%92%A2%20%E5%89%AF%E9%AB%98.JPG?itok=4EUVsoU8,01_试点医院/中山大学附属第一医院/照片/孟繁钢-关节外科-副主任医师-中山大学附属第一医院.jpg,144280,b8e30ee5bcc7a870e9c5b892b8768fb25efed55b0c9ec908d1358b05be57cf7e,480,480,FULL_FETCH,
杨子波,https://www.fahsysu.org.cn/node/5627,实采,,https://www.fahsysu.org.cn/sites/1h.prod.sysucloud1.sysu.edu.cn/files/styles/focal_point_480/public/103959.jpg?itok=9RtgYpsh,01_试点医院/中山大学附属第一医院/照片/杨子波-关节外科-副主任医师-中山大学附属第一医院.jpg,124357,a890972171a1b08745f1dc9738dac83008eeec041c590c24456226b0a3f01dea,480,480,FULL_FETCH,
赵潇艺,https://www.fahsysu.org.cn/node/25536,实采,,https://www.fahsysu.org.cn/sites/1h.prod.sysucloud1.sysu.edu.cn/files/styles/focal_point_480/public/%E5%85%B3%E8%8A%82%E5%A4%96%E7%A7%91%20%E8%B5%B5%E6%BD%87%E8%89%BA%20%E5%89%AF%E9%AB%98.jpeg?itok=u5lsWvgj,01_试点医院/中山大学附属第一医院/照片/赵潇艺-关节外科-副主任医师-中山大学附属第一医院.jpg,157146,f42de9880c8f9fe72e199d05cf5380910d08c34081de6083b766ab2ff611a6be,480,480,FULL_FETCH,
邬培慧,https://www.fahsysu.org.cn/node/5626,实采,,https://www.fahsysu.org.cn/sites/1h.prod.sysucloud1.sysu.edu.cn/files/styles/focal_point_480/public/2024-05/%E8%BF%90%E5%8A%A8%E5%8C%BB%E5%AD%A6%E7%A7%91%20%E9%82%AC%E5%9F%B9%E6%85%A7%20%E6%AD%A3%E9%AB%98.jpg?itok=602QKsTB,01_试点医院/中山大学附属第一医院/照片/邬培慧-运动医学科-主任医师-中山大学附属第一医院.jpg,143136,52815e886bc67735b0b871891953a32cb00a59ec6f761c2d5bd10d77e2f0e8e7,480,480,FULL_FETCH,
黄纲,https://www.fahsysu.org.cn/node/5630,实采,,https://www.fahsysu.org.cn/sites/1h.prod.sysucloud1.sysu.edu.cn/files/styles/focal_point_480/public/2022-06/%E9%BB%84%E7%BA%B2-%E7%99%BD%E5%BA%95.jpg?itok=U1kjw1yF,01_试点医院/中山大学附属第一医院/照片/黄纲-骨肿瘤科-主任医师-中山大学附属第一医院.jpg,156863,78d7cdc77a3923621c682ab68f2edc44cc1c1fa8db3e6f8ac5e1b955141d441f,480,480,FULL_FETCH,
沈靖南,https://www.fahsysu.org.cn/node/5631,实采,,https://www.fahsysu.org.cn/sites/1h.prod.sysucloud1.sysu.edu.cn/files/styles/focal_point_480/public/2022-04/%E9%AA%A8%E8%82%BF%E7%98%A4%E7%A7%91%20%E6%B2%88%E9%9D%96%E5%8D%97-%E7%99%BD%E5%BA%95.jpg?itok=9vUVq3Be,01_试点医院/中山大学附属第一医院/照片/沈靖南-骨肿瘤科-主任医师-中山大学附属第一医院.jpg,141679,8e7ffc41d0b12565b8d688125ad4db895b4c6064526fb7eaa1561bf114c37ee8,480,480,FULL_FETCH,
王永谦,https://www.fahsysu.org.cn/node/25782,实采,,https://www.fahsysu.org.cn/sites/1h.prod.sysucloud1.sysu.edu.cn/files/styles/focal_point_480/public/%E7%8E%8B%E6%B0%B8%E8%B0%A6%20-%E7%99%BD%E5%BA%95.jpg?itok=Le96rnyI,01_试点医院/中山大学附属第一医院/照片/王永谦-骨肿瘤科-副主任医师-中山大学附属第一医院.jpg,177150,efbd86698893f15c06de6ac55bb8cfe9a9e6daef27f04c9e27d4ab87a33a6c4e,480,480,FULL_FETCH,
谢显彪,https://www.fahsysu.org.cn/node/5633,实采,,https://www.fahsysu.org.cn/sites/1h.prod.sysucloud1.sysu.edu.cn/files/styles/focal_point_480/public/2022-06/%E9%AA%A8%E8%82%BF%E7%98%A4%E7%A7%91%20%E8%B0%A2%E6%98%BE%E5%BD%AA%20%E6%AD%A3%E9%AB%98.jpg?itok=hu1hTCx1,01_试点医院/中山大学附属第一医院/照片/谢显彪-骨肿瘤科-主任医师-中山大学附属第一医院.jpg,149771,5977161642338f9bed777a1bd02f11859846fea51ed04fb9ec7ea29694ba6d87,480,480,FULL_FETCH,
尹军强,https://www.fahsysu.org.cn/node/5632,实采,,https://www.fahsysu.org.cn/sites/1h.prod.sysucloud1.sysu.edu.cn/files/styles/focal_point_480/public/2026-03/%E9%AA%A8%E8%82%BF%E7%98%A4%E7%A7%91_%E5%B0%B9%E5%86%9B%E5%BC%BA_%E6%AD%A3%E9%AB%98.jpg?itok=Mae-xIZ6,01_试点医院/中山大学附属第一医院/照片/尹军强-骨肿瘤科-主任医师-中山大学附属第一医院.jpg,146233,ef1a71d96eeb72154e50ddd8503477da9eb64891b7cd23fc5e10c836d3b68ce8,480,480,FULL_FETCH,
邹昌业,https://www.fahsysu.org.cn/node/5634,实采,,https://www.fahsysu.org.cn/sites/1h.prod.sysucloud1.sysu.edu.cn/files/styles/focal_point_480/public/2022-03/%E9%AA%A8%E8%82%BF%E7%98%A4%E7%A7%91%20%E9%82%B9%E6%98%8C%E4%B8%9A%20%E4%B8%BB%E4%BB%BB%E5%8C%BB%E5%B8%88.jpg?itok=g5RGpEmP,01_试点医院/中山大学附属第一医院/照片/邹昌业-骨肿瘤科-主任医师-中山大学附属第一医院.jpg,192765,1fd48c13dd84880033a3f2a5201b9a8e8c5aed1e27d78d3dc4d2bc4830b4cff6,480,480,FULL_FETCH,
林调,https://www.fahsysu.org.cn/node/29147,实采,,https://www.fahsysu.org.cn/sites/1h.prod.sysucloud1.sysu.edu.cn/files/styles/focal_point_480/public/2022-06/%E9%AA%A8%E8%82%BF%E7%98%A4%E7%A7%91%20%E6%9E%97%E8%B0%83.png?itok=RwKJgZtY,01_试点医院/中山大学附属第一医院/照片/林调-骨肿瘤科-副主任医师-中山大学附属第一医院.png,221094,cf5b43a42a1b145afc21e46aae86d1709a5083576f62116fe0f58d37d84dbfa6,480,480,FULL_FETCH,
涂剑,https://www.fahsysu.org.cn/node/31104,实采,,https://www.fahsysu.org.cn/sites/1h.prod.sysucloud1.sysu.edu.cn/files/styles/focal_point_480/public/2023-07/%E6%B6%82%E5%89%91%20%E8%AF%81%E4%BB%B6%E7%85%A7%20%E7%99%BD%E5%BA%95.jpg?itok=o8pSBiCA,01_试点医院/中山大学附属第一医院/照片/涂剑-骨肿瘤科-副主任医师-中山大学附属第一医院.jpg,162295,5c9f83323f35980b7f1ea14a7c6b199d32c88fdc07ceb72088204cf6102c6c94,480,480,FULL_FETCH,
王博,https://www.fahsysu.org.cn/node/29224,实采,,https://www.fahsysu.org.cn/sites/1h.prod.sysucloud1.sysu.edu.cn/files/styles/focal_point_480/public/2022-06/%E9%AA%A8%E8%82%BF%E7%98%A4%E7%A7%91%20%E7%8E%8B%E5%8D%9A%20%E5%89%AF%E4%B8%BB%E4%BB%BB%E5%8C%BB%E5%B8%88.jpg?itok=Tx03CLFa,01_试点医院/中山大学附属第一医院/照片/王博-骨肿瘤科-副主任医师-中山大学附属第一医院.jpg,111148,7ad12f8039e1344036dcb2cad311a3b514f07b89bdbb5ffaf6e4782d48702e67,480,480,FULL_FETCH,
赵志强,https://www.fahsysu.org.cn/node/29124,实采,,https://www.fahsysu.org.cn/sites/1h.prod.sysucloud1.sysu.edu.cn/files/styles/focal_point_480/public/2022-05/%E9%AA%A8%E8%82%BF%E7%98%A4%E7%A7%91-%E8%B5%B5%E5%BF%97%E5%BC%BA.jpg?itok=7D_HVuzn,01_试点医院/中山大学附属第一医院/照片/赵志强-骨肿瘤科-副主任医师-中山大学附属第一医院.jpg,176757,2cba2dde8c1bc0b94235e12fcf117f3d824c21a4e1c1c5ab111f86eae264c480,480,480,FULL_FETCH,
顾立强,https://www.fahsysu.org.cn/node/5635,实采,,https://www.fahsysu.org.cn/sites/1h.prod.sysucloud1.sysu.edu.cn/files/styles/focal_point_480/public/105503.jpg?itok=sShd8TCq,01_试点医院/中山大学附属第一医院/照片/顾立强-显微创伤外手科-主任医师-中山大学附属第一医院.jpg,164130,8f5464034a89516d0e6b3ea91052d33136cbc0352e950a680a39d2f8458b3146,480,480,FULL_FETCH,
刘小林,https://www.fahsysu.org.cn/node/5636,实采,,https://www.fahsysu.org.cn/sites/1h.prod.sysucloud1.sysu.edu.cn/files/styles/focal_point_480/public/%E5%88%98%E5%B0%8F%E6%9E%97_0.jpg?itok=XBagz0IO,01_试点医院/中山大学附属第一医院/照片/刘小林-显微创伤外手科-主任医师-中山大学附属第一医院.jpg,147420,8d54f41331b8c7cbdca5396991ad361e20536be719e8400d2729078698f338a5,480,480,FULL_FETCH,
李平,https://www.fahsysu.org.cn/node/5639,实采,,https://www.fahsysu.org.cn/sites/1h.prod.sysucloud1.sysu.edu.cn/files/styles/focal_point_480/public/2023-03/%E6%98%BE%E5%BE%AE%E5%88%9B%E4%BC%A4%E6%89%8B%E5%A4%96%E7%A7%91%E6%9D%8E%E5%B9%B3%E4%B8%BB%E4%BB%BB%E5%8C%BB%E5%B8%88.jpg?itok=1GNj0gQ8,01_试点医院/中山大学附属第一医院/照片/李平-显微创伤外手科-主任医师-中山大学附属第一医院.jpg,160912,5b8055376f29b757d3cdfcf7f7dad2851375a07752898dbe9664de72bf01da12,480,480,FULL_FETCH,
戚剑,https://www.fahsysu.org.cn/node/5640,实采,,https://www.fahsysu.org.cn/sites/1h.prod.sysucloud1.sysu.edu.cn/files/styles/focal_point_480/public/2023-04/%E6%98%BE%E5%BE%AE%E5%88%9B%E4%BC%A4%E6%89%8B%E5%A4%96%E7%A7%91%20%E6%88%9A%E5%89%91%20%E6%AD%A3%E9%AB%98.jpg?itok=dDLJcIdh,01_试点医院/中山大学附属第一医院/照片/戚剑-显微创伤外手科-主任医师-中山大学附属第一医院.jpg,148609,9aa906fa41599e0bd3a5bb5c1b26a9eb1eb448851570bc6c77cccc040df19869,480,480,FULL_FETCH,
郑灿镔,https://www.fahsysu.org.cn/node/23551,实采,,https://www.fahsysu.org.cn/sites/1h.prod.sysucloud1.sysu.edu.cn/files/styles/focal_point_480/public/114610.jpg?itok=vV3TVLJx,01_试点医院/中山大学附属第一医院/照片/郑灿镔-显微创伤外手科-主任医师-中山大学附属第一医院.jpg,148029,de04236edd98e38b5cab7a6b10ccd82ba0c2b58c0090818280b680029a131824,480,480,FULL_FETCH,
朱庆棠,https://www.fahsysu.org.cn/node/5637,实采,,https://www.fahsysu.org.cn/sites/1h.prod.sysucloud1.sysu.edu.cn/files/styles/focal_point_480/public/2024-07/%E6%98%BE%E5%BE%AE%E5%88%9B%E4%BC%A4%E6%89%8B%E5%A4%96%E7%A7%91-%E6%9C%B1%E5%BA%86%E6%A3%A0-%E6%95%99%E6%8E%88_0.jpg?itok=HD2qAGFI,01_试点医院/中山大学附属第一医院/照片/朱庆棠-显微创伤外手科-主任医师-中山大学附属第一医院.jpg,151771,49044ad3ded749df72391af8c176dae0b9287cbd606820bafb2ff0abf42ddb37,480,480,FULL_FETCH,
胡军,https://www.fahsysu.org.cn/node/5638,实采,,https://www.fahsysu.org.cn/sites/1h.prod.sysucloud1.sysu.edu.cn/files/styles/focal_point_480/public/2025-01/%E6%98%BE%E5%BE%AE%E5%A4%96%E7%A7%91_%E8%83%A1%E5%86%9B_%E5%89%AF%E9%AB%98_%E4%BF%AE%E6%94%B9%E7%99%BD%E5%BA%95.jpg?itok=BMg1iVTj,01_试点医院/中山大学附属第一医院/照片/胡军-显微创伤外手科-副主任医师-中山大学附属第一医院.jpg,141348,1e9c6ee1ac8effc9ad8345d9aab55b17968abd4d5e92a088d144fc1e04b2ea50,480,480,FULL_FETCH,
秦本刚,https://www.fahsysu.org.cn/node/5641,实采,,https://www.fahsysu.org.cn/sites/1h.prod.sysucloud1.sysu.edu.cn/files/styles/focal_point_480/public/2024-04/%E6%98%BE%E5%BE%AE%E5%88%9B%E4%BC%A4%E6%89%8B%E5%A4%96%E7%A7%91%20%E7%A7%A6%E6%9C%AC%E5%88%9A%20%E5%89%AF%E9%AB%98.png?itok=MFE5nF7A,01_试点医院/中山大学附属第一医院/照片/秦本刚-显微创伤外手科-副主任医师-中山大学附属第一医院.png,219422,1b40e9120e01e15624c11d9161aae6bf553180acf0eaf3c93a7d4bbdfe024aad,480,480,FULL_FETCH,
王洪刚,https://www.fahsysu.org.cn/node/5643,实采,,https://www.fahsysu.org.cn/sites/1h.prod.sysucloud1.sysu.edu.cn/files/styles/focal_point_480/public/2023-07/%E6%98%BE%E5%BE%AE%E5%88%9B%E4%BC%A4%E6%89%8B%E5%A4%96%E7%A7%91%20%E7%8E%8B%E6%B4%AA%E5%88%9A%20%E5%89%AF%E9%AB%98.jpg?itok=BaqekUHD,01_试点医院/中山大学附属第一医院/照片/王洪刚-显微创伤外手科-副主任医师-中山大学附属第一医院.jpg,158690,980ac1f611b5704fdad36d73d48a4954f47230efce3b566bf9997b14bf59ad3e,480,480,FULL_FETCH,
向剑平,https://www.fahsysu.org.cn/node/5644,实采,,https://www.fahsysu.org.cn/sites/1h.prod.sysucloud1.sysu.edu.cn/files/styles/focal_point_480/public/110128.jpg?itok=kHXgZNcx,01_试点医院/中山大学附属第一医院/照片/向剑平-显微创伤外手科-副主任医师-中山大学附属第一医院.jpg,136428,aa41ea6afdfad0ad6f9d944adbd8364c8649b11d57ddb130e8354d664da3c3df,480,480,FULL_FETCH,
易建华,https://www.fahsysu.org.cn/node/5646,实采,,https://www.fahsysu.org.cn/sites/1h.prod.sysucloud1.sysu.edu.cn/files/styles/focal_point_480/public/094834.jpg?itok=Me69b3J3,01_试点医院/中山大学附属第一医院/照片/易建华-显微创伤外手科-副主任医师-中山大学附属第一医院.jpg,162953,ea20006f8a3311d9505ef524186c941e77ea03383754737c86e05c60d27b3fef,480,480,FULL_FETCH,
杨建涛,https://www.fahsysu.org.cn/node/5645,实采,,https://www.fahsysu.org.cn/sites/1h.prod.sysucloud1.sysu.edu.cn/files/styles/focal_point_480/public/102145.jpg?itok=MPNqHANX,01_试点医院/中山大学附属第一医院/照片/杨建涛-显微创伤外手科-副主任医师-中山大学附属第一医院.jpg,117241,334fa8dd92cb6c777e08ce950b524b9d21019920a472e00682420b05809d1b57,480,480,FULL_FETCH,
闫立伟,https://www.fahsysu.org.cn/node/33064,失败,详情不可达,,,,,,,FULL_FETCH,"{""detail_http"":200,""detection_feature"":""页面引用唯一 focal_point_480；照片资源不可达；#1 2026-08-18T14:29:13Z HTTP 404 text/html | #2 2026-08-18T14:29:44Z HTTP 404 text/html | #3 2026-08-18T14:30:14Z HTTP 404 text/html"",""excluded_resources"":[],""focal_point_480_reference_count"":1,""observed_utc"":""2026-08-18T14:30:14Z"",""resource_urls"":[""https://www.fahsysu.org.cn/sites/1h.prod.sysucloud1.sysu.edu.cn/files/styles/focal_point_480/public/2024-05/%E6%98%BE%E5%BE%AE%E5%88%9B%E4%BC%A4%E6%89%8B%E5%A4%96%E7%A7%91%2B%E9%97%AB%E7%AB%8B%E4%BC%9F%2B%E5%89%AF%E9%AB%98_%E5%89%AF%E6%9C%AC.jpg?itok=Y_wKkfj-""],""template_signature"":"".other-left .other-media .media-img[data-image-url]""}"
杨羿,https://www.fahsysu.org.cn/node/38169,实采,,https://www.fahsysu.org.cn/sites/1h.prod.sysucloud1.sysu.edu.cn/files/styles/focal_point_480/public/2026-03/%E6%98%BE%E5%BE%AE%E5%88%9B%E4%BC%A4%E6%89%8B%E5%A4%96%E7%A7%91_%E6%9D%A8%E7%BE%BF_%E5%89%AF%E4%B8%BB%E4%BB%BB%E5%8C%BB%E5%B8%88.png?itok=ew8c1pFC,01_试点医院/中山大学附属第一医院/照片/杨羿-显微创伤外手科-副主任医师-中山大学附属第一医院.png,252457,80e86d26109f9dff1d49f8501690e2b60ad38e0bf056be1862c2619463d52780,480,480,FULL_FETCH,
周翔,https://www.fahsysu.org.cn/node/25511,实采,,https://www.fahsysu.org.cn/sites/1h.prod.sysucloud1.sysu.edu.cn/files/styles/focal_point_480/public/2025-12/%E6%98%BE%E5%BE%AE%E6%89%8B%E5%A4%96%E7%A7%91_%E5%91%A8%E7%BF%94_%E4%BF%AE%E6%94%B9%E7%99%BD%E5%BA%95.jpg?itok=d7cDh6aq,01_试点医院/中山大学附属第一医院/照片/周翔-显微创伤外手科-副主任医师-中山大学附属第一医院.jpg,145423,348c40205620844ff38a8c140ef3327599686c2d5d9485481935e0e2cce488f8,480,480,FULL_FETCH,
胡章威,https://www.fahsysu.org.cn/node/38085,实采,,https://www.fahsysu.org.cn/sites/1h.prod.sysucloud1.sysu.edu.cn/files/styles/focal_point_480/public/2026-02/%E8%80%B3%E9%BC%BB%E5%92%BD%E5%96%89%E7%A7%91_%E8%83%A1%E7%AB%A0%E5%A8%81_%E5%89%AF%E9%AB%98%281%29.jpg?itok=Od-OOt9N,01_试点医院/中山大学附属第一医院/照片/胡章威-耳鼻咽喉科-副主任医师-中山大学附属第一医院.jpg,159831,5f7e0d8f8c15be70e2f24c4aca89730cfd7bfccde3516a8b3caf887fd8851ab1,480,480,FULL_FETCH,
吴旋,https://www.fahsysu.org.cn/node/5686,实采,,https://www.fahsysu.org.cn/sites/1h.prod.sysucloud1.sysu.edu.cn/files/styles/focal_point_480/public/040613.jpg?itok=IoZImLue,01_试点医院/中山大学附属第一医院/照片/吴旋-耳专科-主任医师-中山大学附属第一医院.jpg,135139,2f1fa4af4ae6c0eb093e80d9592cb6c9b6b1956bccf7a828b1ab48641c170121,480,480,FULL_FETCH,
熊观霞,https://www.fahsysu.org.cn/node/5682,实采,,https://www.fahsysu.org.cn/sites/1h.prod.sysucloud1.sysu.edu.cn/files/styles/focal_point_480/public/2023-03/%E7%86%8A%E8%A7%82%E9%9C%9E%E5%A4%A7%E4%B8%80%E5%AF%B8.jpg?itok=PwhbaIZL,01_试点医院/中山大学附属第一医院/照片/熊观霞-耳专科-主任医师-中山大学附属第一医院.jpg,128264,4f48978f677b0ac70c714dbbd0b342d506bc58ef275f422ce1686b0de3a84997,480,480,FULL_FETCH,
陈垲钿,https://www.fahsysu.org.cn/node/20862,实采,,https://www.fahsysu.org.cn/sites/1h.prod.sysucloud1.sysu.edu.cn/files/styles/focal_point_480/public/2024-12/%E8%80%B3%E9%BC%BB%E5%92%BD%E5%96%89%E7%A7%91_%E9%99%88%E5%9E%B2%E9%92%BF_%E5%89%AF%E9%AB%98_%E5%8E%8B%E7%BC%A9.jpg?itok=aeAfSjWD,01_试点医院/中山大学附属第一医院/照片/陈垲钿-耳专科-副主任医师-中山大学附属第一医院.jpg,137454,315139b62cd059526c1ce6499069f70fa80cfe5f324a2cf93a1e9233276d3cac,480,480,FULL_FETCH,
方淑斌,https://www.fahsysu.org.cn/node/38089,实采,,https://www.fahsysu.org.cn/sites/1h.prod.sysucloud1.sysu.edu.cn/files/styles/focal_point_480/public/2026-02/%E8%80%B3%E9%BC%BB%E5%92%BD%E5%96%89%E7%A7%91_%E6%96%B9%E6%B7%91%E6%96%8C_%E5%89%AF%E9%AB%98.jpeg?itok=2PYzGpBS,01_试点医院/中山大学附属第一医院/照片/方淑斌-耳专科-副主任医师-中山大学附属第一医院.jpg,132657,e74bdf3e09a333b1cb810e8b85ce01ff8d98f0805b50fef5d0a9d3bdf4a8c4bc,480,480,FULL_FETCH,
江广理,https://www.fahsysu.org.cn/node/5683,实采,,https://www.fahsysu.org.cn/sites/1h.prod.sysucloud1.sysu.edu.cn/files/styles/focal_point_480/public/094020.jpg?itok=ez-AO_IK,01_试点医院/中山大学附属第一医院/照片/江广理-耳专科-副主任医师-中山大学附属第一医院.jpg,197068,1e05980ff74d38deab197d426ea5e0e5843c67d58b269c2395049c175f427736,480,480,FULL_FETCH,
刘敏,https://www.fahsysu.org.cn/node/5684,实采,,https://www.fahsysu.org.cn/sites/1h.prod.sysucloud1.sysu.edu.cn/files/styles/focal_point_480/public/021900.jpg?itok=GZ9u4MYf,01_试点医院/中山大学附属第一医院/照片/刘敏-耳专科-副主任医师-中山大学附属第一医院.jpg,162750,4167bd4ca1a40b1c39c26338db7069354cf0a2a7878ab4d56dd18b0b15703651,480,480,FULL_FETCH,
任红苗,https://www.fahsysu.org.cn/node/29050,实采,,https://www.fahsysu.org.cn/sites/1h.prod.sysucloud1.sysu.edu.cn/files/styles/focal_point_480/public/2026-07/%E8%80%B3%E9%BC%BB%E5%92%BD%E5%96%89%E7%A7%91_%E4%BB%BB%E8%8B%97%E7%BA%A2%28%E5%8E%8B%E7%BC%A9%29.jpg?itok=-UdBfWzt,01_试点医院/中山大学附属第一医院/照片/任红苗-耳专科-副主任医师-中山大学附属第一医院.jpg,157684,006b61de3ad60615f6a552fe040f7df23aa59a2774e95d7df786b0397fdd863d,480,480,FULL_FETCH,
魏凡钦,https://www.fahsysu.org.cn/node/5685,实采,,https://www.fahsysu.org.cn/sites/1h.prod.sysucloud1.sysu.edu.cn/files/styles/focal_point_480/public/2024-04/%E8%80%B3%E9%BC%BB%E5%92%BD%E5%96%89%E7%A7%91-%E9%AD%8F%E5%87%A1%E9%92%A6-%E5%89%AF%E9%AB%98%20%E5%8E%8B%E7%BC%A9.jpg?itok=QaY0mZBJ,01_试点医院/中山大学附属第一医院/照片/魏凡钦-耳专科-副主任医师-中山大学附属第一医院.jpg,136693,c20909bc35c3f2d8da61f366c73447c7a83e7393a8e795cfb7a343d892369703,480,480,FULL_FETCH,
王仙仁,https://www.fahsysu.org.cn/node/30448,实采,,https://www.fahsysu.org.cn/sites/1h.prod.sysucloud1.sysu.edu.cn/files/styles/focal_point_480/public/2023-03/%E8%80%B3%E9%BC%BB%E5%96%89-%E7%8E%8B%E4%BB%99%E4%BB%81-%E5%89%AF%E9%AB%98%EF%BC%88%E4%BF%AE%E6%94%B9%EF%BC%89.jpg?itok=6U4BNbpc,01_试点医院/中山大学附属第一医院/照片/王仙仁-耳专科-副主任医师-中山大学附属第一医院.jpg,126116,ca30ee8151b0194a4a2f052fb9211ee04161e33813914f12a5b7cef6243c117d,480,480,FULL_FETCH,
庄惠文,https://www.fahsysu.org.cn/node/5687,实采,,https://www.fahsysu.org.cn/sites/1h.prod.sysucloud1.sysu.edu.cn/files/styles/focal_point_480/public/032848.jpg?itok=_RJU2DXI,01_试点医院/中山大学附属第一医院/照片/庄惠文-耳专科-副主任医师-中山大学附属第一医院.jpg,167479,9a5b7a33309cfb0cecc5c1dd6ec1e548ad28878aca0cc46a1b5847f2dfd0f664,480,480,FULL_FETCH,
陈冬,https://www.fahsysu.org.cn/node/5673,实采,,https://www.fahsysu.org.cn/sites/1h.prod.sysucloud1.sysu.edu.cn/files/styles/focal_point_480/public/112940.jpg?itok=XRNH7V5H,01_试点医院/中山大学附属第一医院/照片/陈冬-鼻专科-主任医师-中山大学附属第一医院.jpg,154074,390f1bfd41516355955cf7425d0638451bab33b8b31a5eb316c74f2c92e13281,480,480,FULL_FETCH,
陈合新,https://www.fahsysu.org.cn/node/5688,实采,,https://www.fahsysu.org.cn/sites/1h.prod.sysucloud1.sysu.edu.cn/files/styles/focal_point_480/public/2025-04/%E8%80%B3%E9%BC%BB%E5%92%BD%E5%96%89%E7%A7%91_%E9%99%88%E5%90%88%E6%96%B0_%E7%99%BD%E5%BA%95.jpg?itok=Stqt4KWw,01_试点医院/中山大学附属第一医院/照片/陈合新-鼻专科-主任医师-中山大学附属第一医院.jpg,125262,2af5e68586a03d462f68e90a12fb1b6a54cc35aa03bd17623cdc87cec5ee236f,480,480,FULL_FETCH,
李健,https://www.fahsysu.org.cn/node/5689,实采,,https://www.fahsysu.org.cn/sites/1h.prod.sysucloud1.sysu.edu.cn/files/styles/focal_point_480/public/105831.jpg?itok=eT6n_sSy,01_试点医院/中山大学附属第一医院/照片/李健-鼻专科-主任医师-中山大学附属第一医院.jpg,137643,8841afc3fba6a9cb44bf3d152eda94ba28d22fefe3d5704b3c71c163c23028d3,480,480,FULL_FETCH,
赖银妍,https://www.fahsysu.org.cn/node/5693,实采,,https://www.fahsysu.org.cn/sites/1h.prod.sysucloud1.sysu.edu.cn/files/styles/focal_point_480/public/2025-12/%E9%BC%BB%E4%B8%93%E7%A7%91_%E8%B5%96%E9%93%B6%E5%A6%8D_%E5%B7%A5%E4%BD%9C%E7%85%A7%E7%BC%A9%E5%B0%8F_new.jpg?itok=YSRUDuZn,01_试点医院/中山大学附属第一医院/照片/赖银妍-鼻专科-主任医师-中山大学附属第一医院.jpg,144084,661c22d11e61f3063ab1854828a08a28eac59776d566899aeedb501bd969374f,480,480,FULL_FETCH,
史剑波,https://www.fahsysu.org.cn/node/5690,实采,,https://www.fahsysu.org.cn/sites/1h.prod.sysucloud1.sysu.edu.cn/files/styles/focal_point_480/public/2023-06/%E5%8F%B2%E5%89%91%E6%B3%A2-%E7%99%BD%E5%A4%A7%E8%A4%82.jpg?itok=KxeyBRgE,01_试点医院/中山大学附属第一医院/照片/史剑波-鼻专科-主任医师-中山大学附属第一医院.jpg,132648,2b819904697a0cef2a3a452edfaea19530808d12ddacdf807cc73467fbb2a5dd,480,480,FULL_FETCH,
文译辉,https://www.fahsysu.org.cn/node/5694,实采,,https://www.fahsysu.org.cn/sites/1h.prod.sysucloud1.sysu.edu.cn/files/styles/focal_point_480/public/095247.jpg?itok=VxsZa1qd,01_试点医院/中山大学附属第一医院/照片/文译辉-鼻专科-主任医师-中山大学附属第一医院.jpg,146368,38c736a4eaec6ad9e88bc730c68e5245178b3ff5850888a1106bf88df61bead5,480,480,FULL_FETCH,
徐睿,https://www.fahsysu.org.cn/node/5691,实采,,https://www.fahsysu.org.cn/sites/1h.prod.sysucloud1.sysu.edu.cn/files/styles/focal_point_480/public/022413.jpg?itok=2cnvftOb,01_试点医院/中山大学附属第一医院/照片/徐睿-鼻专科-主任医师-中山大学附属第一医院.jpg,190895,d581411c50b92f8521bc61a8636b7ed6727b949683a063902d313f2c470a7b98,480,480,FULL_FETCH,
许庚,https://www.fahsysu.org.cn/node/5675,实采,,https://www.fahsysu.org.cn/sites/1h.prod.sysucloud1.sysu.edu.cn/files/styles/focal_point_480/public/%E8%AE%B8%E5%BA%9A.jpg?itok=TVsUoTZ5,01_试点医院/中山大学附属第一医院/照片/许庚-鼻专科-教授-中山大学附属第一医院.jpg,169501,8a83e377f4c2f5e932c250ca6a081b5e8693af4d7aafd091d93e9d5f12c3397b,480,480,FULL_FETCH,
左可军,https://www.fahsysu.org.cn/node/5695,实采,,https://www.fahsysu.org.cn/sites/1h.prod.sysucloud1.sysu.edu.cn/files/styles/focal_point_480/public/110630.jpg?itok=HpX50be4,01_试点医院/中山大学附属第一医院/照片/左可军-鼻专科-主任医师-中山大学附属第一医院.jpg,216041,fbdcea12aae7be34a91612704e7d294f63d844f8d683eb87a3d52c532569a18c,480,480,FULL_FETCH,
陈德华,https://www.fahsysu.org.cn/node/33080,实采,,https://www.fahsysu.org.cn/sites/1h.prod.sysucloud1.sysu.edu.cn/files/styles/focal_point_480/public/2024-05/%E8%80%B3%E9%BC%BB%E5%96%89-%E9%99%88%E5%BE%B7%E5%8D%8E-%E5%89%AF%E9%AB%98.jpg?itok=awrA6QNp,01_试点医院/中山大学附属第一医院/照片/陈德华-鼻专科-副主任医师-中山大学附属第一医院.jpg,108374,8c8c27a1bc81cec5fe58a47ed7e426944dfc872df7bc87a2b8543f63479a97b5,480,480,FULL_FETCH,
郭洁波,https://www.fahsysu.org.cn/node/5692,实采,,https://www.fahsysu.org.cn/sites/1h.prod.sysucloud1.sysu.edu.cn/files/styles/focal_point_480/public/022531.jpg?itok=t6OXqnZd,01_试点医院/中山大学附属第一医院/照片/郭洁波-鼻专科-副主任医师-中山大学附属第一医院.jpg,163119,4be4a8999fa05f14b0f039449821e78c57f2992d64d0a7616d2775a0d9107523,480,480,FULL_FETCH,
高文翔,https://www.fahsysu.org.cn/node/31087,实采,,https://www.fahsysu.org.cn/sites/1h.prod.sysucloud1.sysu.edu.cn/files/styles/focal_point_480/public/2023-06/%E8%80%B3%E9%BC%BB%E5%92%BD%E5%96%89%E7%A7%91%20%E9%AB%98%E6%96%87%E7%BF%94%20%E5%89%AF%E9%AB%98%20%E7%99%BD%E5%BA%95%E4%BF%AE%E6%94%B9%E7%A8%BF.jpg?itok=x-ZXOqgk,01_试点医院/中山大学附属第一医院/照片/高文翔-鼻专科-副主任医师-中山大学附属第一医院.jpg,102983,214d24316ff3d43946709d787881cbc7d060f34e2723f174a25f6e94b899ce21,480,480,FULL_FETCH,
李光启,https://www.fahsysu.org.cn/node/30376,实采,,https://www.fahsysu.org.cn/sites/1h.prod.sysucloud1.sysu.edu.cn/files/styles/focal_point_480/public/2023-02/%E8%80%B3%E9%BC%BB%E5%92%BD%E5%96%89%E7%A7%91%20%E6%9D%8E%E5%85%89%E5%90%AF.jpg?itok=4rS5iZ5o,01_试点医院/中山大学附属第一医院/照片/李光启-鼻专科-副主任医师-中山大学附属第一医院.jpg,172577,a1940657ae92c4f89d27296202f20884f2e407b21e78f585c42dad28c63f8d4a,480,480,FULL_FETCH,
钟华,https://www.fahsysu.org.cn/node/33070,实采,,https://www.fahsysu.org.cn/sites/1h.prod.sysucloud1.sysu.edu.cn/files/styles/focal_point_480/public/2024-05/%E8%80%B3%E9%BC%BB%E5%96%89%2B%E9%92%9F%E5%8D%8E%2B%E5%89%AF%E9%AB%98.JPG?itok=mZkCr-5S,01_试点医院/中山大学附属第一医院/照片/钟华-鼻专科-副主任医师-中山大学附属第一医院.jpg,183232,cabf92176681ee5009b653e5fefdefa5655998b9307bb080c17423d6e8beb18b,480,480,FULL_FETCH,
雷文斌,https://www.fahsysu.org.cn/node/5697,实采,,https://www.fahsysu.org.cn/sites/1h.prod.sysucloud1.sysu.edu.cn/files/styles/focal_point_480/public/2022-10/%E8%80%B3%E9%BC%BB%E5%92%BD%E5%96%89%E7%A7%91%20%E9%9B%B7%E6%96%87%E6%96%8C%20%E6%AD%A3%E9%AB%98.jpg?itok=xlQ08cVs,01_试点医院/中山大学附属第一医院/照片/雷文斌-咽喉专科-主任医师-中山大学附属第一医院.jpg,135059,31e23467e2c3704cfc7bb70b56e57fce3cffae1033be57bae8cca450fbb96ea5,480,480,FULL_FETCH,
马仁强,https://www.fahsysu.org.cn/node/25406,实采,,https://www.fahsysu.org.cn/sites/1h.prod.sysucloud1.sysu.edu.cn/files/styles/focal_point_480/public/2026-02/%E8%80%B3%E9%BC%BB%E5%96%89%E7%A7%91_%E9%A9%AC%E4%BB%81%E5%BC%BA_%E6%AD%A3%E9%AB%98.jpg?itok=IENlPVSN,01_试点医院/中山大学附属第一医院/照片/马仁强-咽喉专科-主任医师-中山大学附属第一医院.jpg,143009,0d694eaf50be3d51211ade267b45683ae31629f55c7b663e7875163640bd95a0,480,480,FULL_FETCH,
文卫平,https://www.fahsysu.org.cn/node/5698,实采,,https://www.fahsysu.org.cn/sites/1h.prod.sysucloud1.sysu.edu.cn/files/styles/focal_point_480/public/%E6%96%87%E5%8D%AB%E5%B9%B3.jpg?itok=POdX6s97,01_试点医院/中山大学附属第一医院/照片/文卫平-咽喉专科-主任医师-中山大学附属第一医院.jpg,180263,f43e3ad41f0002ba36254170cc9781f4a52b136cc4ed6adb0c1daeabf25047db,480,480,FULL_FETCH,
祝小林,https://www.fahsysu.org.cn/node/5676,实采,,https://www.fahsysu.org.cn/sites/1h.prod.sysucloud1.sysu.edu.cn/files/styles/focal_point_480/public/115330.jpg?itok=zA_2peHR,01_试点医院/中山大学附属第一医院/照片/祝小林-咽喉专科-主任医师-中山大学附属第一医院.jpg,196647,ba4bff882ad1734698919aa1c6e8fc2e1521ff07460b12fde810bdab45028d6f,480,480,FULL_FETCH,
陈林,https://www.fahsysu.org.cn/node/35791,实采,,https://www.fahsysu.org.cn/sites/1h.prod.sysucloud1.sysu.edu.cn/files/styles/focal_point_480/public/2025-05/%E8%80%B3%E9%BC%BB%E5%96%89%E7%A7%91_%E9%99%88%E6%9E%97_%E5%89%AF%E9%AB%98_%E7%99%BD%E5%BA%95.jpg?itok=hrB4i8CW,01_试点医院/中山大学附属第一医院/照片/陈林-咽喉专科-副主任医师-中山大学附属第一医院.jpg,140840,411d249214a2252f20498b51115273ae1d2ba00a7459365c655ededb2b6ca441,480,480,FULL_FETCH,
邓洁,https://www.fahsysu.org.cn/node/29067,实采,,https://www.fahsysu.org.cn/sites/1h.prod.sysucloud1.sysu.edu.cn/files/styles/focal_point_480/public/2022-05/%E8%80%B3%E9%BC%BB%E5%96%89%E7%A7%91%20%E9%82%93%E6%B4%81%20%E5%89%AF%E9%AB%98.jpg?itok=5cEV0WP5,01_试点医院/中山大学附属第一医院/照片/邓洁-咽喉专科-副主任医师-中山大学附属第一医院.jpg,82411,97a39aa460c91585544da361dfdbfcafee7c9c3752380ce61e193f776965078e,480,480,FULL_FETCH,
王章锋,https://www.fahsysu.org.cn/node/5680,实采,,https://www.fahsysu.org.cn/sites/1h.prod.sysucloud1.sysu.edu.cn/files/styles/focal_point_480/public/102810.jpg?itok=yqxcsdo_,01_试点医院/中山大学附属第一医院/照片/王章锋-咽喉专科-副主任医师-中山大学附属第一医院.jpg,200891,5ae4ef7b7e6951c4d53481d8e9a860af4bb3d6ff7ab258060aab5ca6ba7a32d8,480,480,FULL_FETCH,
付清玲,https://www.fahsysu.org.cn/node/5674,实采,,https://www.fahsysu.org.cn/sites/1h.prod.sysucloud1.sysu.edu.cn/files/styles/focal_point_480/public/2024-05/%E8%80%B3%E9%BC%BB%E5%92%BD%E5%96%89%E7%A7%91%2B%E4%BB%98%E6%B8%85%E7%8E%B2%2B%E6%AD%A3%E9%AB%98.jpg?itok=yxxppcse,01_试点医院/中山大学附属第一医院/照片/付清玲-变态反应专科-研究员-中山大学附属第一医院.jpg,139080,7511b7cae9da283c0bbfb1f717311feb0bc1f0a7a18912780c9f55d2a68fc110,480,480,FULL_FETCH,
黄刚,https://www.fahsysu.org.cn/node/5664,实采,,https://www.fahsysu.org.cn/sites/1h.prod.sysucloud1.sysu.edu.cn/files/styles/focal_point_480/public/2023-05/%E9%BB%84%E5%88%9A-%E4%B8%BB%E4%BB%BB%E5%8C%BB%E5%B8%88.jpeg?itok=2hqfIQfH,01_试点医院/中山大学附属第一医院/照片/黄刚-肾移植专科-主任医师-中山大学附属第一医院.jpg,137130,d6ca1dc310207f6ad8d214a0629e8e5b8fb3de7074cdeb1963b39f387f9720b1,480,480,FULL_FETCH,
邱江,https://www.fahsysu.org.cn/node/5653,实采,,https://www.fahsysu.org.cn/sites/1h.prod.sysucloud1.sysu.edu.cn/files/styles/focal_point_480/public/2022-08/%E8%82%BE%E7%A7%BB%E6%A4%8D%20%E9%82%B1%E6%B1%9F%20%E6%AD%A3%E9%AB%98.jpg?itok=1BCmW-5K,01_试点医院/中山大学附属第一医院/照片/邱江-肾移植专科-主任医师-中山大学附属第一医院.jpg,152316,ebb898233c3bb547df35b31a8d101966feb1089be037fdab85f6aaff4ab64906,480,480,FULL_FETCH,
傅茜,https://www.fahsysu.org.cn/node/35698,实采,,https://www.fahsysu.org.cn/sites/1h.prod.sysucloud1.sysu.edu.cn/files/styles/focal_point_480/public/2025-04/%E8%82%BE%E7%A7%BB%E6%A4%8D-%E5%82%85%E8%8C%9C-%E5%89%AF%E9%AB%98%EF%BC%88%E7%99%BD%E5%BA%95%EF%BC%89.jpg?itok=p8ny25fC,01_试点医院/中山大学附属第一医院/照片/傅茜-肾移植专科-副主任医师-中山大学附属第一医院.jpg,133371,ea8194c80ad898634958c5e2cdb8fc53a0fbe4cefedb9f157134b2da90cef4f7,480,480,FULL_FETCH,
赵强,https://www.fahsysu.org.cn/node/5671,实采,,https://www.fahsysu.org.cn/sites/1h.prod.sysucloud1.sysu.edu.cn/files/styles/focal_point_480/public/2023-11/%E5%99%A8%E5%AE%98%E7%A7%BB%E6%A4%8D%E7%A7%91%20%E8%B5%B5%E5%BC%BA%20%E6%AD%A3%E9%AB%98.jpg?itok=Pc2KP0xZ,01_试点医院/中山大学附属第一医院/照片/赵强-肝移植专科-主任医师-中山大学附属第一医院.jpg,134004,87df626694b9612725ce6cb501f52916f6fef94182554b1199efa7bb504ad5e8,480,480,FULL_FETCH,
唐云华,https://www.fahsysu.org.cn/node/38159,实采,,https://www.fahsysu.org.cn/sites/1h.prod.sysucloud1.sysu.edu.cn/files/styles/focal_point_480/public/2026-03/%E8%82%9D%E7%A7%BB%E6%A4%8D%E7%A7%91_%E5%94%90%E4%BA%91%E5%8D%8E_%E5%89%AF%E4%B8%BB%E4%BB%BB%E5%8C%BB%E5%B8%88.jpg?itok=H63vf2hv,01_试点医院/中山大学附属第一医院/照片/唐云华-肝移植专科-副主任医师-中山大学附属第一医院.jpg,139374,ef9b935f101906346ffd763e5169c8e61e7bd9db8cdfd3e10f2d28260317f4e7,480,480,FULL_FETCH,
陈国栋,https://www.fahsysu.org.cn/node/5647,实采,,https://www.fahsysu.org.cn/sites/1h.prod.sysucloud1.sysu.edu.cn/files/styles/focal_point_480/public/033525.jpg?itok=lHQlslvY,01_试点医院/中山大学附属第一医院/照片/陈国栋-器官移植科-主任医师-中山大学附属第一医院.jpg,132792,67fae202feb3daaccac954ce42338596a99e382e72e308528746344088c3b692,480,480,FULL_FETCH,
陈茂根,https://www.fahsysu.org.cn/node/5658,实采,,https://www.fahsysu.org.cn/sites/1h.prod.sysucloud1.sysu.edu.cn/files/styles/focal_point_480/public/2025-07/%E8%82%9D%E7%A7%BB%E6%A4%8D%E4%B8%93%E7%A7%91_%E4%B8%BB%E4%BB%BB%E5%8C%BB%E5%B8%88_%E9%99%88%E8%8C%82%E6%A0%B9.jpg?itok=lLplmJbY,01_试点医院/中山大学附属第一医院/照片/陈茂根-器官移植科-主任医师-中山大学附属第一医院.jpg,108017,6851792f7c5dbf4ca07e1a949f2bc2e59dace855e67aaee20f30752eed428486,480,480,FULL_FETCH,
郭志勇,https://www.fahsysu.org.cn/node/5663,实采,,https://www.fahsysu.org.cn/sites/1h.prod.sysucloud1.sysu.edu.cn/files/styles/focal_point_480/public/114527.jpg?itok=t9EVoGGj,01_试点医院/中山大学附属第一医院/照片/郭志勇-器官移植科-主任医师-中山大学附属第一医院.jpg,175901,09db33fa525820c26e2ecea6b7c430152213bffe53cdc165e1cfcf48422c326d,480,480,FULL_FETCH,
胡安斌,https://www.fahsysu.org.cn/node/5650,实采,,https://www.fahsysu.org.cn/sites/1h.prod.sysucloud1.sysu.edu.cn/files/styles/focal_point_480/public/2023-04/%E5%99%A8%E5%AE%98%E7%A7%BB%E6%A4%8D%E7%A7%91-%E8%83%A1%E5%AE%89%E6%96%8C-%E6%AD%A3%E9%AB%98-%E9%97%A8%E8%AF%8A.jpg?itok=5X4Pq_dW,01_试点医院/中山大学附属第一医院/照片/胡安斌-器官移植科-主任医师-中山大学附属第一医院.jpg,129934,1a108d9d9fc4704983efae87cc749731c361e1c5fded9adf1a252c0352b4e06a,480,480,FULL_FETCH,
何晓顺,https://www.fahsysu.org.cn/node/5649,实采,,https://www.fahsysu.org.cn/sites/1h.prod.sysucloud1.sysu.edu.cn/files/styles/focal_point_480/public/2026-05/%E4%BD%95%E6%99%93%E9%A1%BA%28%E5%8E%8B%E7%BC%A9%29.jpg?itok=QGsqJaPY,01_试点医院/中山大学附属第一医院/照片/何晓顺-器官移植科-主任医师-中山大学附属第一医院.jpg,136065,7edfc5b8ea14e6a7d248872e48d7f74737c2f57cbe90f348c1ede6dc062be9ea,480,480,FULL_FETCH,
鞠卫强,https://www.fahsysu.org.cn/node/5665,实采,,https://www.fahsysu.org.cn/sites/1h.prod.sysucloud1.sysu.edu.cn/files/styles/focal_point_480/public/031943.jpg?itok=xJYmZZRm,01_试点医院/中山大学附属第一医院/照片/鞠卫强-器官移植科-主任医师-中山大学附属第一医院.jpg,148096,a156a09cb47fa344ff657671a726e7ea32833268d7e463e6204eaff1c8661985,480,480,FULL_FETCH,
刘龙山,https://www.fahsysu.org.cn/node/5667,实采,,https://www.fahsysu.org.cn/sites/1h.prod.sysucloud1.sysu.edu.cn/files/styles/focal_point_480/public/044952.jpg?itok=I4981Ctw,01_试点医院/中山大学附属第一医院/照片/刘龙山-器官移植科-主任医师-中山大学附属第一医院.jpg,174566,0f13bde2fbe41004ad83d2e4a20067fa81a68eb57a5818b41b3472295c4d9834,480,480,FULL_FETCH,
马毅,https://www.fahsysu.org.cn/node/5652,实采,,https://www.fahsysu.org.cn/sites/1h.prod.sysucloud1.sysu.edu.cn/files/styles/focal_point_480/public/2022-09/%E9%A9%AC%E6%AF%85_1.jpg?itok=L9hgRCE-,01_试点医院/中山大学附属第一医院/照片/马毅-器官移植科-主任医师-中山大学附属第一医院.jpg,174649,a97900feba045af8ec152d5df5b044def8d963b15d89368322b89f14a27eb9f6,480,480,FULL_FETCH,
王东平,https://www.fahsysu.org.cn/node/5655,实采,,https://www.fahsysu.org.cn/sites/1h.prod.sysucloud1.sysu.edu.cn/files/styles/focal_point_480/public/113151.jpg?itok=1EuJp4dD,01_试点医院/中山大学附属第一医院/照片/王东平-器官移植科-主任医师-中山大学附属第一医院.jpg,283218,859485e0df62c1a3b9752a00fe255fe5eff69f72b8f258647e8cdfff33926885,480,480,FULL_FETCH,
王长希,https://www.fahsysu.org.cn/node/5654,实采,,https://www.fahsysu.org.cn/sites/1h.prod.sysucloud1.sysu.edu.cn/files/styles/focal_point_480/public/2026-06/%E7%8E%8B%E9%95%BF%E5%B8%8C%E6%95%99%E6%8E%88%EF%BC%88%E7%99%BD%E5%BA%95%EF%BC%89%28%E5%8E%8B%E7%BC%A9%29.jpg?itok=6KaegZos,01_试点医院/中山大学附属第一医院/照片/王长希-器官移植科-一级主任医师-中山大学附属第一医院.jpg,159912,3ddfc1c2c67f289ad44e0b2c903404faba27bf14b061c46126cc580ac4a1fa3f,480,480,FULL_FETCH,
吴成林,https://www.fahsysu.org.cn/node/5670,实采,,https://www.fahsysu.org.cn/sites/1h.prod.sysucloud1.sysu.edu.cn/files/styles/focal_point_480/public/041200.jpg?itok=e-tzywq0,01_试点医院/中山大学附属第一医院/照片/吴成林-器官移植科-主任医师-中山大学附属第一医院.jpg,152670,b30e9f0673cc8d71ba6c32ea8f3be7b3bdc41c7a9764815a763ed6e87d75c805,480,480,FULL_FETCH,
朱晓峰,https://www.fahsysu.org.cn/node/5657,实采,,https://www.fahsysu.org.cn/sites/1h.prod.sysucloud1.sysu.edu.cn/files/styles/focal_point_480/public/112805.jpg?itok=n-R5IwIF,01_试点医院/中山大学附属第一医院/照片/朱晓峰-器官移植科-主任医师-中山大学附属第一医院.jpg,181244,b5649858e06d5ae9b1c9e6060d86231f6ed210133eb152241fdb427da7aa1179,480,480,FULL_FETCH,
陈颖华,https://www.fahsysu.org.cn/node/5659,实采,,https://www.fahsysu.org.cn/sites/1h.prod.sysucloud1.sysu.edu.cn/files/styles/focal_point_480/public/032857_0.jpg?itok=6oTzf23X,01_试点医院/中山大学附属第一医院/照片/陈颖华-器官移植科-副主任医师-中山大学附属第一医院.jpg,179348,a4fbd19cda1d0c6af68586425b7331d3385c06c64c5c40e1c7e1ac1f7dde55a4,480,480,FULL_FETCH,
邓素雄,https://www.fahsysu.org.cn/node/5661,实采,,https://www.fahsysu.org.cn/sites/1h.prod.sysucloud1.sysu.edu.cn/files/styles/focal_point_480/public/110554.jpg?itok=FhGYV404,01_试点医院/中山大学附属第一医院/照片/邓素雄-器官移植科-副主任医师-中山大学附属第一医院.jpg,187507,cba7ee94e89195e7dd59985574c14c4014253db89f3c9fe22337f873e468dceb,480,480,FULL_FETCH,
邓荣海,https://www.fahsysu.org.cn/node/5660,失败,无照片容器,,,,,,,FULL_FETCH,"{""detail_http"":200,""detection_feature"":""focal_point_480 引用数=0；医生照片容器缺失；页面 media-img 仅有 5 个 path contains /styles/mini200/ 公共图标"",""excluded_resources"":[{""feature"":""path contains /styles/mini200/"",""reason"":""公共装饰图"",""url"":""https://www.fahsysu.org.cn/sites/1h.prod.sysucloud1.sysu.edu.cn/files/styles/mini200/public/action-9-1-3.png?itok=N7xVlmOY""},{""feature"":""path contains /styles/mini200/"",""reason"":""公共装饰图"",""url"":""https://www.fahsysu.org.cn/sites/1h.prod.sysucloud1.sysu.edu.cn/files/styles/mini200/public/action-9-1-6.png?itok=e9BYn97e""},{""feature"":""path contains /styles/mini200/"",""reason"":""公共装饰图"",""url"":""https://www.fahsysu.org.cn/sites/1h.prod.sysucloud1.sysu.edu.cn/files/styles/mini200/public/action-9-1-1_0.png?itok=lMXpEjLC""},{""feature"":""path contains /styles/mini200/"",""reason"":""公共装饰图"",""url"":""https://www.fahsysu.org.cn/sites/1h.prod.sysucloud1.sysu.edu.cn/files/styles/mini200/public/action-9-2-8.png?itok=XyTEzUHK""},{""feature"":""path contains /styles/mini200/"",""reason"":""公共装饰图"",""url"":""https://www.fahsysu.org.cn/sites/1h.prod.sysucloud1.sysu.edu.cn/files/styles/mini200/public/action-9-1-2_0.png?itok=thPXMwH8""}],""focal_point_480_reference_count"":0,""observed_utc"":""2026-08-18T14:30:38Z"",""resource_urls"":[""https://www.fahsysu.org.cn/sites/1h.prod.sysucloud1.sysu.edu.cn/files/styles/mini200/public/action-9-1-3.png?itok=N7xVlmOY"",""https://www.fahsysu.org.cn/sites/1h.prod.sysucloud1.sysu.edu.cn/files/styles/mini200/public/action-9-1-6.png?itok=e9BYn97e"",""https://www.fahsysu.org.cn/sites/1h.prod.sysucloud1.sysu.edu.cn/files/styles/mini200/public/action-9-1-1_0.png?itok=lMXpEjLC"",""https://www.fahsysu.org.cn/sites/1h.prod.sysucloud1.sysu.edu.cn/files/styles/mini200/public/action-9-2-8.png?itok=XyTEzUHK"",""https://www.fahsysu.org.cn/sites/1h.prod.sysucloud1.sysu.edu.cn/files/styles/mini200/public/action-9-1-2_0.png?itok=thPXMwH8""],""template_signature"":"".other-left .other-media .media-img[data-image-url]""}"
李军,https://www.fahsysu.org.cn/node/5666,实采,,https://www.fahsysu.org.cn/sites/1h.prod.sysucloud1.sysu.edu.cn/files/styles/focal_point_480/public/044830_0.jpg?itok=a7u0ZR4f,01_试点医院/中山大学附属第一医院/照片/李军-器官移植科-副主任医师-中山大学附属第一医院.jpg,171040,1f6f7123e09ade8f4a4112ea46c993a7f890f5084903bc777dba2840a3f5b42e,480,480,FULL_FETCH,
王国栋,https://www.fahsysu.org.cn/node/5668,实采,,https://www.fahsysu.org.cn/sites/1h.prod.sysucloud1.sysu.edu.cn/files/styles/focal_point_480/public/110302.jpg?itok=imK5T6bf,01_试点医院/中山大学附属第一医院/照片/王国栋-器官移植科-副教授-中山大学附属第一医院.jpg,234025,2242f43201f7345f24ff90595f6dbcf1e840fc16170e5872ac4c0ce2fefcc6bf,480,480,FULL_FETCH,
万鹏霞,https://www.fahsysu.org.cn/node/5753,实采,,https://www.fahsysu.org.cn/sites/1h.prod.sysucloud1.sysu.edu.cn/files/styles/focal_point_480/public/024039.jpg?itok=PWjxQljj,01_试点医院/中山大学附属第一医院/照片/万鹏霞-眼科-主任医师-中山大学附属第一医院.jpg,195302,2b64b59af9fdb623e86313188dc819a799d00a8f60e0671d229210154fdc25aa,480,480,FULL_FETCH,
陈婷婷,https://www.fahsysu.org.cn/node/34343,实采,,https://www.fahsysu.org.cn/sites/1h.prod.sysucloud1.sysu.edu.cn/files/styles/focal_point_480/public/2024-10/%E7%9C%BC%E7%A7%91_%E9%99%88%E5%A9%B7%E5%A9%B7_%E5%89%AF%E9%AB%98_%E5%8E%8B%E7%BC%A9.jpg?itok=OoTD-vUE,01_试点医院/中山大学附属第一医院/照片/陈婷婷-眼科-副主任医师-中山大学附属第一医院.jpg,157431,b0f600aed2b29e2fb8a692d84435a1b40d06b1a4af67dca1850e45710e448728,480,480,FULL_FETCH,
陈雪梅（曾用名：陈咏冲）,https://www.fahsysu.org.cn/node/5750,实采,,https://www.fahsysu.org.cn/sites/1h.prod.sysucloud1.sysu.edu.cn/files/styles/focal_point_480/public/040728.jpg?itok=ktiKEqpW,01_试点医院/中山大学附属第一医院/照片/陈雪梅（曾用名：陈咏冲）-眼科-副主任医师-中山大学附属第一医院.jpg,166306,e0b4343684075d726e9bc9fd436384086329551950a7bf4edd069379c7113f5b,480,480,FULL_FETCH,
甘世斌,https://www.fahsysu.org.cn/node/20861,实采,,https://www.fahsysu.org.cn/sites/1h.prod.sysucloud1.sysu.edu.cn/files/styles/focal_point_480/public/%E7%94%98%E4%B8%96%E6%96%8C.jpg?itok=hJE_n9-O,01_试点医院/中山大学附属第一医院/照片/甘世斌-眼科-副主任医师-中山大学附属第一医院.jpg,135695,92454565f724242b1c69e43e0d6721ac13631a4b736bd20d23dfca4bc7c91350,480,480,FULL_FETCH,
霍丽君,https://www.fahsysu.org.cn/node/5751,实采,,https://www.fahsysu.org.cn/sites/1h.prod.sysucloud1.sysu.edu.cn/files/styles/focal_point_480/public/2023-06/%E7%9C%BC%E7%A7%91%20%E9%9C%8D%E4%B8%BD%E5%90%9B%20%E5%89%AF%E9%AB%98%20%E6%8D%A2%E7%99%BD%E5%BA%95.jpg?itok=aBXa7hk0,01_试点医院/中山大学附属第一医院/照片/霍丽君-眼科-副主任医师-中山大学附属第一医院.jpg,139518,c065d07ab9c41d73b042ff68b9668e26a2b762e998c42af4808dd70ab8dc0216,480,480,FULL_FETCH,
苏毅华,https://www.fahsysu.org.cn/node/33056,实采,,https://www.fahsysu.org.cn/sites/1h.prod.sysucloud1.sysu.edu.cn/files/styles/focal_point_480/public/2024-05/%E7%9C%BC%E7%A7%91-%E8%8B%8F%E6%AF%85%E5%8D%8E-%E5%89%AF%E4%B8%BB%E4%BB%BB%E5%8C%BB%E5%B8%88.jpg?itok=XRn991Yr,01_试点医院/中山大学附属第一医院/照片/苏毅华-眼科-副主任医师-中山大学附属第一医院.jpg,124194,43f474da8a4b346e859246b42a16a8c54922b8032d8961be8d06939809987619,480,480,FULL_FETCH,
余芬芬,https://www.fahsysu.org.cn/node/33169,实采,,https://www.fahsysu.org.cn/sites/1h.prod.sysucloud1.sysu.edu.cn/files/styles/focal_point_480/public/2024-05/%E7%9C%BC%E7%A7%91-%E4%BD%99%E8%8A%AC%E8%8A%AC-%E5%89%AF%E4%B8%BB%E4%BB%BB%E5%8C%BB%E5%B8%88.jpg?itok=k819qezf,01_试点医院/中山大学附属第一医院/照片/余芬芬-眼科-副主任医师-中山大学附属第一医院.jpg,125937,10b0a05ddf1f33190718900a58affebaba9ff43869b5640e1a25cbe1e54dfbde,480,480,FULL_FETCH,
朱文珲,https://www.fahsysu.org.cn/node/5755,实采,,https://www.fahsysu.org.cn/sites/1h.prod.sysucloud1.sysu.edu.cn/files/styles/focal_point_480/public/093357.jpg?itok=_UmnTKv0,01_试点医院/中山大学附属第一医院/照片/朱文珲-眼科-副主任医师-中山大学附属第一医院.jpg,167634,0c87c027dc03033304d28f9c12f607cb5ee8c8b9e93eb99fb4449cdcdd9bc03a,480,480,FULL_FETCH,
何倩婷,https://www.fahsysu.org.cn/node/25474,实采,,https://www.fahsysu.org.cn/sites/1h.prod.sysucloud1.sysu.edu.cn/files/styles/focal_point_480/public/%E5%8F%A3%E8%85%94%E7%A7%91%20%E4%BD%95%E5%80%A9%E5%A9%B7%20%E5%89%AF%E4%B8%BB%E4%BB%BB%E5%8C%BB%E5%B8%88%20%E5%B0%8F.jpg?itok=I6rhHzlV,01_试点医院/中山大学附属第一医院/照片/何倩婷-口腔颌面外科-主任医师-中山大学附属第一医院.jpg,159630,e800a0b95d0c4ee844f3af741d70269008c87d6b89bf2fcca5f44061ef383296,480,480,FULL_FETCH,
李祥,https://www.fahsysu.org.cn/node/34931,实采,,https://www.fahsysu.org.cn/sites/1h.prod.sysucloud1.sysu.edu.cn/files/styles/focal_point_480/public/2025-01/%E6%9D%8E%E7%A5%A5_%E5%8F%A3%E8%85%94%E9%A2%8C%E9%9D%A2%E5%A4%96%E7%A7%91_%E5%89%AF%E9%AB%98%28%E5%8E%8B%E7%BC%A9%29.jpg?itok=-JKfezJf,01_试点医院/中山大学附属第一医院/照片/李祥-口腔颌面外科-副主任医师-中山大学附属第一医院.jpg,188832,c80857369d2f6ad35c008d4544ce881ab1b2b9e865d65ba61a93bcbf11da8f08,480,480,FULL_FETCH,
舒大龙,https://www.fahsysu.org.cn/node/38112,实采,,https://www.fahsysu.org.cn/sites/1h.prod.sysucloud1.sysu.edu.cn/files/styles/focal_point_480/public/2026-03/%E5%8F%A3%E8%85%94%E7%A7%91%E8%88%92%E5%A4%A7%E9%BE%99%E5%89%AF%E9%AB%98%28%E5%8E%8B%E7%BC%A9%29.jpg?itok=4uNbTWI3,01_试点医院/中山大学附属第一医院/照片/舒大龙-口腔颌面外科-副主任医师-中山大学附属第一医院.jpg,126602,f12698c00c2fcb5bb172eb651bba0788a8c7228365f52319e4a6770533c47887,480,480,FULL_FETCH,
朱双喜,https://www.fahsysu.org.cn/node/34929,实采,,https://www.fahsysu.org.cn/sites/1h.prod.sysucloud1.sysu.edu.cn/files/styles/focal_point_480/public/2025-01/%E6%9C%B1%E5%8F%8C%E5%96%9C_%E5%8F%A3%E8%85%94%E9%A2%8C%E9%9D%A2%E5%A4%96%E7%A7%91_%E5%89%AF%E9%AB%98.jpg?itok=5lO0FOgF,01_试点医院/中山大学附属第一医院/照片/朱双喜-口腔颌面外科-副主任医师-中山大学附属第一医院.jpg,181825,efbb413b4fb6cd4dca2ffae8f59c2e1d971b8c70bb04ef579efe25cd33ac55df,480,480,FULL_FETCH,
陈珊,https://www.fahsysu.org.cn/node/29277,实采,,https://www.fahsysu.org.cn/sites/1h.prod.sysucloud1.sysu.edu.cn/files/styles/focal_point_480/public/2024-12/%E5%8F%A3%E8%85%94%E7%A7%91_%E9%99%88%E7%8F%8A_%E5%89%AF%E4%B8%BB%E4%BB%BB%E5%8C%BB%E5%B8%88_%E5%8E%8B%E7%BC%A9.jpg?itok=KBxB6Lvp,01_试点医院/中山大学附属第一医院/照片/陈珊-口内修复科-副主任医师-中山大学附属第一医院.jpg,138961,a3f5b2bae6c391d0f7eafce8c06ab0e2f0d8e08d5062b6ae0baa885ebe06d018,480,480,FULL_FETCH,
吉利,https://www.fahsysu.org.cn/node/31338,实采,,https://www.fahsysu.org.cn/sites/1h.prod.sysucloud1.sysu.edu.cn/files/styles/focal_point_480/public/2023-08/%E5%8F%A3%E8%85%94%E6%AD%A3%E7%95%B8%E7%A7%91-%E5%90%89%E5%88%A9-%E5%89%AF%E9%AB%98.jpg?itok=TAdwpYpF,01_试点医院/中山大学附属第一医院/照片/吉利-口内修复科-副主任医师-中山大学附属第一医院.jpg,195078,4fe784c8061f7f455f469c52dcf0219f52d722b986f05dfc11e6d0607404b641,480,480,FULL_FETCH,
姜瑞,https://www.fahsysu.org.cn/node/33076,实采,,https://www.fahsysu.org.cn/sites/1h.prod.sysucloud1.sysu.edu.cn/files/styles/focal_point_480/public/2024-05/%E5%A7%9C%E7%91%9E%E8%AF%81%E4%BB%B6%E7%85%A7-%E7%99%BD%E5%BA%95.jpg?itok=ozNx-6xH,01_试点医院/中山大学附属第一医院/照片/姜瑞-口内修复科-副主任医师-中山大学附属第一医院.jpg,134345,b1290376980e2f3a2fada11f26354f20ba7605536af45b929984c50d30d1cf2e,480,480,FULL_FETCH,
聂二民,https://www.fahsysu.org.cn/node/29071,实采,,https://www.fahsysu.org.cn/sites/1h.prod.sysucloud1.sysu.edu.cn/files/styles/focal_point_480/public/2022-05/%E5%8F%A3%E8%85%94%E7%A7%91%20%E8%81%82%E4%BA%8C%E6%B0%91%20%E5%89%AF%E9%AB%98.jpg?itok=G7PMF6L5,01_试点医院/中山大学附属第一医院/照片/聂二民-口内修复科-副主任医师-中山大学附属第一医院.jpg,140133,8a99143c63a4dad01d1578d083c8dada77b44dbf838bea0fa3f0ea770112d37d,480,480,FULL_FETCH,
彭伟,https://www.fahsysu.org.cn/node/25785,实采,,https://www.fahsysu.org.cn/sites/1h.prod.sysucloud1.sysu.edu.cn/files/styles/focal_point_480/public/2023-07/%E5%8F%A3%E8%85%94%E7%A7%91%20%E5%BD%AD%E4%BC%9F%20%E5%89%AF%E9%AB%98%20%E6%89%A9%E8%BE%B9.jpg?itok=onk7A3i5,01_试点医院/中山大学附属第一医院/照片/彭伟-口内修复科-副主任医师-中山大学附属第一医院.jpg,135259,92634f086e735b8ab28f8e7ed301c8d428da1c287244e81fa91ea3e8e5870aa8,480,480,FULL_FETCH,
任静,https://www.fahsysu.org.cn/node/38209,实采,,https://www.fahsysu.org.cn/sites/1h.prod.sysucloud1.sysu.edu.cn/files/styles/focal_point_480/public/2026-03/%E5%8F%A3%E8%85%94%E7%A7%91%E5%89%AF%E4%B8%BB%E4%BB%BB%E5%8C%BB%E5%B8%88_%E4%BB%BB%E9%9D%99.jpg?itok=dvhu8rey,01_试点医院/中山大学附属第一医院/照片/任静-口内修复科-副主任医师-中山大学附属第一医院.jpg,167050,98f8dbbf2ede72b977b4e8660f34446003652b376e4c16df39c47a27c8580678,480,480,FULL_FETCH,
燕王翔,https://www.fahsysu.org.cn/node/29226,实采,,https://www.fahsysu.org.cn/sites/1h.prod.sysucloud1.sysu.edu.cn/files/styles/focal_point_480/public/2022-06/%E5%8F%A3%E8%85%94%E7%A7%91%E7%87%95%E7%8E%8B%E7%BF%94%E5%89%AF%E9%AB%98.jpg?itok=FAFfbUxN,01_试点医院/中山大学附属第一医院/照片/燕王翔-口内修复科-副主任医师-中山大学附属第一医院.jpg,163061,964f8b05a84b57c42f2d23d58710dd326fea6bfb5ad7ee092b77f159b13afdc6,480,480,FULL_FETCH,
陈松龄,https://www.fahsysu.org.cn/node/5701,实采,,https://www.fahsysu.org.cn/sites/1h.prod.sysucloud1.sysu.edu.cn/files/styles/focal_point_480/public/094905.jpg?itok=ooZfy1af,01_试点医院/中山大学附属第一医院/照片/陈松龄-口腔科-主任医师-中山大学附属第一医院.jpg,155697,215cc41c555cd53d76c72c5c991f69a655f38bb607fb605cb38af7dd2fce7673,480,480,FULL_FETCH,
冯崇锦,https://www.fahsysu.org.cn/node/5703,实采,,https://www.fahsysu.org.cn/sites/1h.prod.sysucloud1.sysu.edu.cn/files/styles/focal_point_480/public/010129_0.jpg?itok=4HqZuKaU,01_试点医院/中山大学附属第一医院/照片/冯崇锦-口腔科-主任医师-中山大学附属第一医院.jpg,141083,811d2ceb71eefb659e80e03b4ae988076dd48099bbf68423ef341e9013656c06,480,480,FULL_FETCH,
王安训,https://www.fahsysu.org.cn/node/5705,实采,,https://www.fahsysu.org.cn/sites/1h.prod.sysucloud1.sysu.edu.cn/files/styles/focal_point_480/public/2026-02/%E4%B8%AA%E4%BA%BA%E5%BD%A9%E7%85%A7.jpg?itok=e6TiomC6,01_试点医院/中山大学附属第一医院/照片/王安训-口腔科-主任医师-中山大学附属第一医院.jpg,202987,07f35029d3bc6a000547ef5b4473045493a6663de79b77cbc05f13082b116425,480,480,FULL_FETCH,
杨军英,https://www.fahsysu.org.cn/node/5706,实采,,https://www.fahsysu.org.cn/sites/1h.prod.sysucloud1.sysu.edu.cn/files/styles/focal_point_480/public/2023-12/%E5%8F%A3%E8%85%94%E7%A7%91%20%E6%9D%A8%E5%86%9B%E8%8B%B1.jpg?itok=9Mjz0Lu-,01_试点医院/中山大学附属第一医院/照片/杨军英-口腔科-主任医师-中山大学附属第一医院.jpg,144376,9b9490e8169ea9e693b22bdd0a1d9fab7b8b65256b2dbaf83fa66b415923388f,480,480,FULL_FETCH,
张春元,https://www.fahsysu.org.cn/node/5707,实采,,https://www.fahsysu.org.cn/sites/1h.prod.sysucloud1.sysu.edu.cn/files/styles/focal_point_480/public/014658.jpg?itok=w4ke1gPB,01_试点医院/中山大学附属第一医院/照片/张春元-口腔科-主任医师-中山大学附属第一医院.jpg,157572,a8f606a65849cd48829e32c0100ed8cafaf9be1c2acbe5a43467db1f8ef42e0e,480,480,FULL_FETCH,
陈宇,https://www.fahsysu.org.cn/node/5708,实采,,https://www.fahsysu.org.cn/sites/1h.prod.sysucloud1.sysu.edu.cn/files/styles/focal_point_480/public/024438.jpg?itok=NB91INUF,01_试点医院/中山大学附属第一医院/照片/陈宇-口腔科-副主任医师-中山大学附属第一医院.jpg,142401,d488c77666ed6b389d110031aa456c80ca021aaa1092cb1b4ddc1af3c3e1a523,480,480,FULL_FETCH,
郭俊兵,https://www.fahsysu.org.cn/node/5710,实采,,https://www.fahsysu.org.cn/sites/1h.prod.sysucloud1.sysu.edu.cn/files/styles/focal_point_480/public/045852.jpg?itok=8uJNyXia,01_试点医院/中山大学附属第一医院/照片/郭俊兵-口腔科-副主任医师-中山大学附属第一医院.jpg,262520,caf33910d1cc8fecafaecf4eb98f01386653b73a25c7f00943866d72d08381d9,480,480,FULL_FETCH,
黄代营,https://www.fahsysu.org.cn/node/5711,实采,,https://www.fahsysu.org.cn/sites/1h.prod.sysucloud1.sysu.edu.cn/files/styles/focal_point_480/public/031140.jpg?itok=csVtb_mC,01_试点医院/中山大学附属第一医院/照片/黄代营-口腔科-副主任医师-中山大学附属第一医院.jpg,206496,15ee30cf95b7611eb7863817710400a786e6c67370e1e628cb7f16dd15fc637e,480,480,FULL_FETCH,
安珂,https://www.fahsysu.org.cn/node/5777,失败,无照片容器,,,,,,,FULL_FETCH,"{""detail_http"":200,""detection_feature"":""focal_point_480 引用数=0；医生照片容器缺失；页面 media-img 仅有 5 个 path contains /styles/mini200/ 公共图标"",""excluded_resources"":[{""feature"":""path contains /styles/mini200/"",""reason"":""公共装饰图"",""url"":""https://www.fahsysu.org.cn/sites/1h.prod.sysucloud1.sysu.edu.cn/files/styles/mini200/public/action-9-1-3.png?itok=N7xVlmOY""},{""feature"":""path contains /styles/mini200/"",""reason"":""公共装饰图"",""url"":""https://www.fahsysu.org.cn/sites/1h.prod.sysucloud1.sysu.edu.cn/files/styles/mini200/public/action-9-1-6.png?itok=e9BYn97e""},{""feature"":""path contains /styles/mini200/"",""reason"":""公共装饰图"",""url"":""https://www.fahsysu.org.cn/sites/1h.prod.sysucloud1.sysu.edu.cn/files/styles/mini200/public/action-9-1-1_0.png?itok=lMXpEjLC""},{""feature"":""path contains /styles/mini200/"",""reason"":""公共装饰图"",""url"":""https://www.fahsysu.org.cn/sites/1h.prod.sysucloud1.sysu.edu.cn/files/styles/mini200/public/action-9-2-8.png?itok=XyTEzUHK""},{""feature"":""path contains /styles/mini200/"",""reason"":""公共装饰图"",""url"":""https://www.fahsysu.org.cn/sites/1h.prod.sysucloud1.sysu.edu.cn/files/styles/mini200/public/action-9-1-2_0.png?itok=thPXMwH8""}],""focal_point_480_reference_count"":0,""observed_utc"":""2026-08-18T14:30:49Z"",""resource_urls"":[""https://www.fahsysu.org.cn/sites/1h.prod.sysucloud1.sysu.edu.cn/files/styles/mini200/public/action-9-1-3.png?itok=N7xVlmOY"",""https://www.fahsysu.org.cn/sites/1h.prod.sysucloud1.sysu.edu.cn/files/styles/mini200/public/action-9-1-6.png?itok=e9BYn97e"",""https://www.fahsysu.org.cn/sites/1h.prod.sysucloud1.sysu.edu.cn/files/styles/mini200/public/action-9-1-1_0.png?itok=lMXpEjLC"",""https://www.fahsysu.org.cn/sites/1h.prod.sysucloud1.sysu.edu.cn/files/styles/mini200/public/action-9-2-8.png?itok=XyTEzUHK"",""https://www.fahsysu.org.cn/sites/1h.prod.sysucloud1.sysu.edu.cn/files/styles/mini200/public/action-9-1-2_0.png?itok=thPXMwH8""],""template_signature"":"".other-left .other-media .media-img[data-image-url]""}"
陈宇,https://www.fahsysu.org.cn/node/5784,失败,无照片容器,,,,,,,FULL_FETCH,"{""detail_http"":200,""detection_feature"":""focal_point_480 引用数=0；医生照片容器缺失；页面 media-img 仅有 5 个 path contains /styles/mini200/ 公共图标"",""excluded_resources"":[{""feature"":""path contains /styles/mini200/"",""reason"":""公共装饰图"",""url"":""https://www.fahsysu.org.cn/sites/1h.prod.sysucloud1.sysu.edu.cn/files/styles/mini200/public/action-9-1-3.png?itok=N7xVlmOY""},{""feature"":""path contains /styles/mini200/"",""reason"":""公共装饰图"",""url"":""https://www.fahsysu.org.cn/sites/1h.prod.sysucloud1.sysu.edu.cn/files/styles/mini200/public/action-9-1-6.png?itok=e9BYn97e""},{""feature"":""path contains /styles/mini200/"",""reason"":""公共装饰图"",""url"":""https://www.fahsysu.org.cn/sites/1h.prod.sysucloud1.sysu.edu.cn/files/styles/mini200/public/action-9-1-1_0.png?itok=lMXpEjLC""},{""feature"":""path contains /styles/mini200/"",""reason"":""公共装饰图"",""url"":""https://www.fahsysu.org.cn/sites/1h.prod.sysucloud1.sysu.edu.cn/files/styles/mini200/public/action-9-2-8.png?itok=XyTEzUHK""},{""feature"":""path contains /styles/mini200/"",""reason"":""公共装饰图"",""url"":""https://www.fahsysu.org.cn/sites/1h.prod.sysucloud1.sysu.edu.cn/files/styles/mini200/public/action-9-1-2_0.png?itok=thPXMwH8""}],""focal_point_480_reference_count"":0,""observed_utc"":""2026-08-18T14:30:50Z"",""resource_urls"":[""https://www.fahsysu.org.cn/sites/1h.prod.sysucloud1.sysu.edu.cn/files/styles/mini200/public/action-9-1-3.png?itok=N7xVlmOY"",""https://www.fahsysu.org.cn/sites/1h.prod.sysucloud1.sysu.edu.cn/files/styles/mini200/public/action-9-1-6.png?itok=e9BYn97e"",""https://www.fahsysu.org.cn/sites/1h.prod.sysucloud1.sysu.edu.cn/files/styles/mini200/public/action-9-1-1_0.png?itok=lMXpEjLC"",""https://www.fahsysu.org.cn/sites/1h.prod.sysucloud1.sysu.edu.cn/files/styles/mini200/public/action-9-2-8.png?itok=XyTEzUHK"",""https://www.fahsysu.org.cn/sites/1h.prod.sysucloud1.sysu.edu.cn/files/styles/mini200/public/action-9-1-2_0.png?itok=thPXMwH8""],""template_signature"":"".other-left .other-media .media-img[data-image-url]""}"
房洁渝,https://www.fahsysu.org.cn/node/5785,实采,,https://www.fahsysu.org.cn/sites/1h.prod.sysucloud1.sysu.edu.cn/files/styles/focal_point_480/public/025351.jpg?itok=ybQkQFt7,01_试点医院/中山大学附属第一医院/照片/房洁渝-麻醉科-主任医师-中山大学附属第一医院.jpg,171163,835b031b1ee2c8fd361e9b5a3d93962a7bddff0773e9438506580d80c8adb724,480,480,FULL_FETCH,
冯霞,https://www.fahsysu.org.cn/node/5778,实采,,https://www.fahsysu.org.cn/sites/1h.prod.sysucloud1.sysu.edu.cn/files/styles/focal_point_480/public/2025-02/%E9%BA%BB%E9%86%89%E7%A7%91_%E5%86%AF%E9%9C%9E_%E6%95%99%E6%8E%88.jpg?itok=UVCeHnmb,01_试点医院/中山大学附属第一医院/照片/冯霞-麻醉科-主任医师-中山大学附属第一医院.jpg,133721,7890f8782f1346766de8820bdcfe49edc0234527b8478e7c72092c51b7c8b650,480,480,FULL_FETCH,
黄雄庆,https://www.fahsysu.org.cn/node/5780,失败,无照片容器,,,,,,,TRIAL_FAILURE_REUSE,"{""detail_http"":200,""detection_feature"":""focal_point_480 引用数=0；医生照片容器缺失；页面 media-img 仅有 5 个 path contains /styles/mini200/ 公共图标"",""excluded_resources"":[{""feature"":""path contains /styles/mini200/"",""reason"":""公共装饰图"",""url"":""https://www.fahsysu.org.cn/sites/1h.prod.sysucloud1.sysu.edu.cn/files/styles/mini200/public/action-9-1-3.png?itok=N7xVlmOY""},{""feature"":""path contains /styles/mini200/"",""reason"":""公共装饰图"",""url"":""https://www.fahsysu.org.cn/sites/1h.prod.sysucloud1.sysu.edu.cn/files/styles/mini200/public/action-9-1-6.png?itok=e9BYn97e""},{""feature"":""path contains /styles/mini200/"",""reason"":""公共装饰图"",""url"":""https://www.fahsysu.org.cn/sites/1h.prod.sysucloud1.sysu.edu.cn/files/styles/mini200/public/action-9-1-1_0.png?itok=lMXpEjLC""},{""feature"":""path contains /styles/mini200/"",""reason"":""公共装饰图"",""url"":""https://www.fahsysu.org.cn/sites/1h.prod.sysucloud1.sysu.edu.cn/files/styles/mini200/public/action-9-2-8.png?itok=XyTEzUHK""},{""feature"":""path contains /styles/mini200/"",""reason"":""公共装饰图"",""url"":""https://www.fahsysu.org.cn/sites/1h.prod.sysucloud1.sysu.edu.cn/files/styles/mini200/public/action-9-1-2_0.png?itok=thPXMwH8""}],""focal_point_480_reference_count"":0,""observed_utc"":""2026-08-18T12:28:35Z"",""resource_urls"":[""https://www.fahsysu.org.cn/sites/1h.prod.sysucloud1.sysu.edu.cn/files/styles/mini200/public/action-9-1-3.png?itok=N7xVlmOY"",""https://www.fahsysu.org.cn/sites/1h.prod.sysucloud1.sysu.edu.cn/files/styles/mini200/public/action-9-1-6.png?itok=e9BYn97e"",""https://www.fahsysu.org.cn/sites/1h.prod.sysucloud1.sysu.edu.cn/files/styles/mini200/public/action-9-1-1_0.png?itok=lMXpEjLC"",""https://www.fahsysu.org.cn/sites/1h.prod.sysucloud1.sysu.edu.cn/files/styles/mini200/public/action-9-2-8.png?itok=XyTEzUHK"",""https://www.fahsysu.org.cn/sites/1h.prod.sysucloud1.sysu.edu.cn/files/styles/mini200/public/action-9-1-2_0.png?itok=thPXMwH8""],""template_signature"":"".other-left .other-media .media-img[data-image-url]""}"
黄文起,https://www.fahsysu.org.cn/node/5779,实采,,https://www.fahsysu.org.cn/sites/1h.prod.sysucloud1.sysu.edu.cn/files/styles/focal_point_480/public/2023-06/%E9%BB%84%E6%96%87%E8%B5%B7-%E7%99%BD%E5%A4%A7%E8%A4%82.jpg?itok=N9AijCoK,01_试点医院/中山大学附属第一医院/照片/黄文起-麻醉科-主任医师-中山大学附属第一医院.jpg,139537,33a320297a786db3b9dc758083aade857e59a5481da904a04aa6a0e360330482,480,480,FULL_FETCH,
江楠,https://www.fahsysu.org.cn/node/5786,实采,,https://www.fahsysu.org.cn/sites/1h.prod.sysucloud1.sysu.edu.cn/files/styles/focal_point_480/public/034845.jpg?itok=bukWjb5g,01_试点医院/中山大学附属第一医院/照片/江楠-麻醉科-主任医师-中山大学附属第一医院.jpg,135479,3a0bae4d3a4883fcb71b061b90d153a795d54978b35f379628443e040dfacde0,480,480,FULL_FETCH,
孙来保,https://www.fahsysu.org.cn/node/5781,实采,,https://www.fahsysu.org.cn/sites/1h.prod.sysucloud1.sysu.edu.cn/files/styles/focal_point_480/public/114640.jpg?itok=1dCL4jvW,01_试点医院/中山大学附属第一医院/照片/孙来保-麻醉科-主任医师-中山大学附属第一医院.jpg,131686,dfd43e2db60540afa26a41c17ccd33819c160bff700b4ac68ffe7f7261f83102,480,480,FULL_FETCH,
肖颖,https://www.fahsysu.org.cn/node/5791,失败,无照片容器,,,,,,,FULL_FETCH,"{""detail_http"":200,""detection_feature"":""focal_point_480 引用数=0；医生照片容器缺失；页面 media-img 仅有 5 个 path contains /styles/mini200/ 公共图标"",""excluded_resources"":[{""feature"":""path contains /styles/mini200/"",""reason"":""公共装饰图"",""url"":""https://www.fahsysu.org.cn/sites/1h.prod.sysucloud1.sysu.edu.cn/files/styles/mini200/public/action-9-1-3.png?itok=N7xVlmOY""},{""feature"":""path contains /styles/mini200/"",""reason"":""公共装饰图"",""url"":""https://www.fahsysu.org.cn/sites/1h.prod.sysucloud1.sysu.edu.cn/files/styles/mini200/public/action-9-1-6.png?itok=e9BYn97e""},{""feature"":""path contains /styles/mini200/"",""reason"":""公共装饰图"",""url"":""https://www.fahsysu.org.cn/sites/1h.prod.sysucloud1.sysu.edu.cn/files/styles/mini200/public/action-9-1-1_0.png?itok=lMXpEjLC""},{""feature"":""path contains /styles/mini200/"",""reason"":""公共装饰图"",""url"":""https://www.fahsysu.org.cn/sites/1h.prod.sysucloud1.sysu.edu.cn/files/styles/mini200/public/action-9-2-8.png?itok=XyTEzUHK""},{""feature"":""path contains /styles/mini200/"",""reason"":""公共装饰图"",""url"":""https://www.fahsysu.org.cn/sites/1h.prod.sysucloud1.sysu.edu.cn/files/styles/mini200/public/action-9-1-2_0.png?itok=thPXMwH8""}],""focal_point_480_reference_count"":0,""observed_utc"":""2026-08-18T14:30:52Z"",""resource_urls"":[""https://www.fahsysu.org.cn/sites/1h.prod.sysucloud1.sysu.edu.cn/files/styles/mini200/public/action-9-1-3.png?itok=N7xVlmOY"",""https://www.fahsysu.org.cn/sites/1h.prod.sysucloud1.sysu.edu.cn/files/styles/mini200/public/action-9-1-6.png?itok=e9BYn97e"",""https://www.fahsysu.org.cn/sites/1h.prod.sysucloud1.sysu.edu.cn/files/styles/mini200/public/action-9-1-1_0.png?itok=lMXpEjLC"",""https://www.fahsysu.org.cn/sites/1h.prod.sysucloud1.sysu.edu.cn/files/styles/mini200/public/action-9-2-8.png?itok=XyTEzUHK"",""https://www.fahsysu.org.cn/sites/1h.prod.sysucloud1.sysu.edu.cn/files/styles/mini200/public/action-9-1-2_0.png?itok=thPXMwH8""],""template_signature"":"".other-left .other-media .media-img[data-image-url]""}"
肖亮灿,https://www.fahsysu.org.cn/node/5782,实采,,https://www.fahsysu.org.cn/sites/1h.prod.sysucloud1.sysu.edu.cn/files/styles/focal_point_480/public/031500.jpg?itok=8ie0_0UK,01_试点医院/中山大学附属第一医院/照片/肖亮灿-麻醉科-主任医师-中山大学附属第一医院.jpg,171268,803deb182a94fca2faafdc5a9391fe5da1f16a0658674e71f808078150cdeeb6,480,480,FULL_FETCH,
徐康清,https://www.fahsysu.org.cn/node/5783,实采,,https://www.fahsysu.org.cn/sites/1h.prod.sysucloud1.sysu.edu.cn/files/styles/focal_point_480/public/022459.jpg?itok=V3hadhqa,01_试点医院/中山大学附属第一医院/照片/徐康清-麻醉科-教授-中山大学附属第一医院.jpg,221205,293dd30f6decf6cc1d1140d234980988a03849141e078afddeafdcfa1d6e03ed,480,480,FULL_FETCH,
张旭宇,https://www.fahsysu.org.cn/node/5795,失败,无照片容器,,,,,,,TRIAL_FAILURE_REUSE,"{""detail_http"":200,""detection_feature"":""focal_point_480 引用数=0；医生照片容器缺失；页面 media-img 仅有 5 个 path contains /styles/mini200/ 公共图标"",""excluded_resources"":[{""feature"":""path contains /styles/mini200/"",""reason"":""公共装饰图"",""url"":""https://www.fahsysu.org.cn/sites/1h.prod.sysucloud1.sysu.edu.cn/files/styles/mini200/public/action-9-1-3.png?itok=N7xVlmOY""},{""feature"":""path contains /styles/mini200/"",""reason"":""公共装饰图"",""url"":""https://www.fahsysu.org.cn/sites/1h.prod.sysucloud1.sysu.edu.cn/files/styles/mini200/public/action-9-1-6.png?itok=e9BYn97e""},{""feature"":""path contains /styles/mini200/"",""reason"":""公共装饰图"",""url"":""https://www.fahsysu.org.cn/sites/1h.prod.sysucloud1.sysu.edu.cn/files/styles/mini200/public/action-9-1-1_0.png?itok=lMXpEjLC""},{""feature"":""path contains /styles/mini200/"",""reason"":""公共装饰图"",""url"":""https://www.fahsysu.org.cn/sites/1h.prod.sysucloud1.sysu.edu.cn/files/styles/mini200/public/action-9-2-8.png?itok=XyTEzUHK""},{""feature"":""path contains /styles/mini200/"",""reason"":""公共装饰图"",""url"":""https://www.fahsysu.org.cn/sites/1h.prod.sysucloud1.sysu.edu.cn/files/styles/mini200/public/action-9-1-2_0.png?itok=thPXMwH8""}],""focal_point_480_reference_count"":0,""observed_utc"":""2026-08-18T12:28:36Z"",""resource_urls"":[""https://www.fahsysu.org.cn/sites/1h.prod.sysucloud1.sysu.edu.cn/files/styles/mini200/public/action-9-1-3.png?itok=N7xVlmOY"",""https://www.fahsysu.org.cn/sites/1h.prod.sysucloud1.sysu.edu.cn/files/styles/mini200/public/action-9-1-6.png?itok=e9BYn97e"",""https://www.fahsysu.org.cn/sites/1h.prod.sysucloud1.sysu.edu.cn/files/styles/mini200/public/action-9-1-1_0.png?itok=lMXpEjLC"",""https://www.fahsysu.org.cn/sites/1h.prod.sysucloud1.sysu.edu.cn/files/styles/mini200/public/action-9-2-8.png?itok=XyTEzUHK"",""https://www.fahsysu.org.cn/sites/1h.prod.sysucloud1.sysu.edu.cn/files/styles/mini200/public/action-9-1-2_0.png?itok=thPXMwH8""],""template_signature"":"".other-left .other-media .media-img[data-image-url]""}"
张劲军,https://www.fahsysu.org.cn/node/5794,实采,,https://www.fahsysu.org.cn/sites/1h.prod.sysucloud1.sysu.edu.cn/files/styles/focal_point_480/public/2025-05/%E9%BA%BB%E9%86%89%E7%A7%91_%E5%BC%A0%E5%8A%B2%E5%86%9B_%E5%89%AF%E9%AB%98.jpg?itok=NpiFLe32,01_试点医院/中山大学附属第一医院/照片/张劲军-麻醉科-主任医师-中山大学附属第一医院.jpg,117688,d4edbf98255901f5fcccd41c91be10868b93b3467b37a5c2e8e8dbb4532d14a0,480,480,FULL_FETCH,
林世清,https://www.fahsysu.org.cn/node/5787,失败,无照片容器,,,,,,,FULL_FETCH,"{""detail_http"":200,""detection_feature"":""focal_point_480 引用数=0；医生照片容器缺失；页面 media-img 仅有 5 个 path contains /styles/mini200/ 公共图标"",""excluded_resources"":[{""feature"":""path contains /styles/mini200/"",""reason"":""公共装饰图"",""url"":""https://www.fahsysu.org.cn/sites/1h.prod.sysucloud1.sysu.edu.cn/files/styles/mini200/public/action-9-1-3.png?itok=N7xVlmOY""},{""feature"":""path contains /styles/mini200/"",""reason"":""公共装饰图"",""url"":""https://www.fahsysu.org.cn/sites/1h.prod.sysucloud1.sysu.edu.cn/files/styles/mini200/public/action-9-1-6.png?itok=e9BYn97e""},{""feature"":""path contains /styles/mini200/"",""reason"":""公共装饰图"",""url"":""https://www.fahsysu.org.cn/sites/1h.prod.sysucloud1.sysu.edu.cn/files/styles/mini200/public/action-9-1-1_0.png?itok=lMXpEjLC""},{""feature"":""path contains /styles/mini200/"",""reason"":""公共装饰图"",""url"":""https://www.fahsysu.org.cn/sites/1h.prod.sysucloud1.sysu.edu.cn/files/styles/mini200/public/action-9-2-8.png?itok=XyTEzUHK""},{""feature"":""path contains /styles/mini200/"",""reason"":""公共装饰图"",""url"":""https://www.fahsysu.org.cn/sites/1h.prod.sysucloud1.sysu.edu.cn/files/styles/mini200/public/action-9-1-2_0.png?itok=thPXMwH8""}],""focal_point_480_reference_count"":0,""observed_utc"":""2026-08-18T14:30:53Z"",""resource_urls"":[""https://www.fahsysu.org.cn/sites/1h.prod.sysucloud1.sysu.edu.cn/files/styles/mini200/public/action-9-1-3.png?itok=N7xVlmOY"",""https://www.fahsysu.org.cn/sites/1h.prod.sysucloud1.sysu.edu.cn/files/styles/mini200/public/action-9-1-6.png?itok=e9BYn97e"",""https://www.fahsysu.org.cn/sites/1h.prod.sysucloud1.sysu.edu.cn/files/styles/mini200/public/action-9-1-1_0.png?itok=lMXpEjLC"",""https://www.fahsysu.org.cn/sites/1h.prod.sysucloud1.sysu.edu.cn/files/styles/mini200/public/action-9-2-8.png?itok=XyTEzUHK"",""https://www.fahsysu.org.cn/sites/1h.prod.sysucloud1.sysu.edu.cn/files/styles/mini200/public/action-9-1-2_0.png?itok=thPXMwH8""],""template_signature"":"".other-left .other-media .media-img[data-image-url]""}"
刘家欣,https://www.fahsysu.org.cn/node/39253,实采,,https://www.fahsysu.org.cn/sites/1h.prod.sysucloud1.sysu.edu.cn/files/styles/focal_point_480/public/2026-07/%E9%BA%BB%E9%86%89%E7%A7%91-%E5%88%98%E5%AE%B6%E6%AC%A3-%E5%89%AF%E9%AB%98.jpg?itok=1_VP44N0,01_试点医院/中山大学附属第一医院/照片/刘家欣-麻醉科-副主任医师-中山大学附属第一医院.png,259457,e88950d1cb1a61672e9c317435f51d16db83332a51ee060b920998a7b5ca4c97,480,480,FULL_FETCH,
莫利求,https://www.fahsysu.org.cn/node/5788,失败,无照片容器,,,,,,,FULL_FETCH,"{""detail_http"":200,""detection_feature"":""focal_point_480 引用数=0；医生照片容器缺失；页面 media-img 仅有 5 个 path contains /styles/mini200/ 公共图标"",""excluded_resources"":[{""feature"":""path contains /styles/mini200/"",""reason"":""公共装饰图"",""url"":""https://www.fahsysu.org.cn/sites/1h.prod.sysucloud1.sysu.edu.cn/files/styles/mini200/public/action-9-1-3.png?itok=N7xVlmOY""},{""feature"":""path contains /styles/mini200/"",""reason"":""公共装饰图"",""url"":""https://www.fahsysu.org.cn/sites/1h.prod.sysucloud1.sysu.edu.cn/files/styles/mini200/public/action-9-1-6.png?itok=e9BYn97e""},{""feature"":""path contains /styles/mini200/"",""reason"":""公共装饰图"",""url"":""https://www.fahsysu.org.cn/sites/1h.prod.sysucloud1.sysu.edu.cn/files/styles/mini200/public/action-9-1-1_0.png?itok=lMXpEjLC""},{""feature"":""path contains /styles/mini200/"",""reason"":""公共装饰图"",""url"":""https://www.fahsysu.org.cn/sites/1h.prod.sysucloud1.sysu.edu.cn/files/styles/mini200/public/action-9-2-8.png?itok=XyTEzUHK""},{""feature"":""path contains /styles/mini200/"",""reason"":""公共装饰图"",""url"":""https://www.fahsysu.org.cn/sites/1h.prod.sysucloud1.sysu.edu.cn/files/styles/mini200/public/action-9-1-2_0.png?itok=thPXMwH8""}],""focal_point_480_reference_count"":0,""observed_utc"":""2026-08-18T14:30:54Z"",""resource_urls"":[""https://www.fahsysu.org.cn/sites/1h.prod.sysucloud1.sysu.edu.cn/files/styles/mini200/public/action-9-1-3.png?itok=N7xVlmOY"",""https://www.fahsysu.org.cn/sites/1h.prod.sysucloud1.sysu.edu.cn/files/styles/mini200/public/action-9-1-6.png?itok=e9BYn97e"",""https://www.fahsysu.org.cn/sites/1h.prod.sysucloud1.sysu.edu.cn/files/styles/mini200/public/action-9-1-1_0.png?itok=lMXpEjLC"",""https://www.fahsysu.org.cn/sites/1h.prod.sysucloud1.sysu.edu.cn/files/styles/mini200/public/action-9-2-8.png?itok=XyTEzUHK"",""https://www.fahsysu.org.cn/sites/1h.prod.sysucloud1.sysu.edu.cn/files/styles/mini200/public/action-9-1-2_0.png?itok=thPXMwH8""],""template_signature"":"".other-left .other-media .media-img[data-image-url]""}"
丘煜鑫,https://www.fahsysu.org.cn/node/36757,实采,,https://www.fahsysu.org.cn/sites/1h.prod.sysucloud1.sysu.edu.cn/files/styles/focal_point_480/public/2025-09/%E4%B8%98%E7%85%9C%E9%91%AB.jpg?itok=1W5Kkfhd,01_试点医院/中山大学附属第一医院/照片/丘煜鑫-麻醉科-副主任医师-中山大学附属第一医院.jpg,143413,8d48ded4456aa1d919a8f737d6161afb8ddcc89a177f911e73502bbf0207149f,480,480,FULL_FETCH,
王钟兴,https://www.fahsysu.org.cn/node/5790,失败,无照片容器,,,,,,,FULL_FETCH,"{""detail_http"":200,""detection_feature"":""focal_point_480 引用数=0；医生照片容器缺失；页面 media-img 仅有 5 个 path contains /styles/mini200/ 公共图标"",""excluded_resources"":[{""feature"":""path contains /styles/mini200/"",""reason"":""公共装饰图"",""url"":""https://www.fahsysu.org.cn/sites/1h.prod.sysucloud1.sysu.edu.cn/files/styles/mini200/public/action-9-1-3.png?itok=N7xVlmOY""},{""feature"":""path contains /styles/mini200/"",""reason"":""公共装饰图"",""url"":""https://www.fahsysu.org.cn/sites/1h.prod.sysucloud1.sysu.edu.cn/files/styles/mini200/public/action-9-1-6.png?itok=e9BYn97e""},{""feature"":""path contains /styles/mini200/"",""reason"":""公共装饰图"",""url"":""https://www.fahsysu.org.cn/sites/1h.prod.sysucloud1.sysu.edu.cn/files/styles/mini200/public/action-9-1-1_0.png?itok=lMXpEjLC""},{""feature"":""path contains /styles/mini200/"",""reason"":""公共装饰图"",""url"":""https://www.fahsysu.org.cn/sites/1h.prod.sysucloud1.sysu.edu.cn/files/styles/mini200/public/action-9-2-8.png?itok=XyTEzUHK""},{""feature"":""path contains /styles/mini200/"",""reason"":""公共装饰图"",""url"":""https://www.fahsysu.org.cn/sites/1h.prod.sysucloud1.sysu.edu.cn/files/styles/mini200/public/action-9-1-2_0.png?itok=thPXMwH8""}],""focal_point_480_reference_count"":0,""observed_utc"":""2026-08-18T14:30:55Z"",""resource_urls"":[""https://www.fahsysu.org.cn/sites/1h.prod.sysucloud1.sysu.edu.cn/files/styles/mini200/public/action-9-1-3.png?itok=N7xVlmOY"",""https://www.fahsysu.org.cn/sites/1h.prod.sysucloud1.sysu.edu.cn/files/styles/mini200/public/action-9-1-6.png?itok=e9BYn97e"",""https://www.fahsysu.org.cn/sites/1h.prod.sysucloud1.sysu.edu.cn/files/styles/mini200/public/action-9-1-1_0.png?itok=lMXpEjLC"",""https://www.fahsysu.org.cn/sites/1h.prod.sysucloud1.sysu.edu.cn/files/styles/mini200/public/action-9-2-8.png?itok=XyTEzUHK"",""https://www.fahsysu.org.cn/sites/1h.prod.sysucloud1.sysu.edu.cn/files/styles/mini200/public/action-9-1-2_0.png?itok=thPXMwH8""],""template_signature"":"".other-left .other-media .media-img[data-image-url]""}"
刘俊茹,https://www.fahsysu.org.cn/node/775,实采,,https://www.fahsysu.org.cn/sites/1h.prod.sysucloud1.sysu.edu.cn/files/styles/focal_point_480/public/025152.jpg?itok=KlXc9kqx,01_试点医院/中山大学附属第一医院/照片/刘俊茹-血液内科-主任医师-中山大学附属第一医院.jpg,143588,07887f757593b8181fc62aa60f737a00e1eaed23b18d6e76f0da6c423bfbe7fb,480,480,FULL_FETCH,
李娟,https://www.fahsysu.org.cn/node/768,实采,,https://www.fahsysu.org.cn/sites/1h.prod.sysucloud1.sysu.edu.cn/files/styles/focal_point_480/public/%E6%9D%8E%E5%A8%9F.jpg?itok=h_7r3hv-,01_试点医院/中山大学附属第一医院/照片/李娟-血液内科-主任医师-中山大学附属第一医院.jpg,162847,43b8230b818e50e03b5f4e9802b6748521f74889064f0056e9e1b98de979064a,480,480,FULL_FETCH,
童秀珍,https://www.fahsysu.org.cn/node/770,实采,,https://www.fahsysu.org.cn/sites/1h.prod.sysucloud1.sysu.edu.cn/files/styles/focal_point_480/public/061255_0.jpg?itok=aFDZRY4X,01_试点医院/中山大学附属第一医院/照片/童秀珍-血液内科-主任医师-中山大学附属第一医院.jpg,119045,2da3951674e4e91b01d3d206d16118d81e6f5b91a6b7df3d901967d61b1965f0,480,480,FULL_FETCH,
许多荣,https://www.fahsysu.org.cn/node/771,实采,,https://www.fahsysu.org.cn/sites/1h.prod.sysucloud1.sysu.edu.cn/files/styles/focal_point_480/public/061448.jpg?itok=0y1H0e6i,01_试点医院/中山大学附属第一医院/照片/许多荣-血液内科-教授-中山大学附属第一医院.jpg,177036,cf0b5910d59827d3a9ad6cd2eec2601757008e340579020b9287d86574210c3f,480,480,FULL_FETCH,
邹外一,https://www.fahsysu.org.cn/node/779,实采,,https://www.fahsysu.org.cn/sites/1h.prod.sysucloud1.sysu.edu.cn/files/styles/focal_point_480/public/061828.jpg?itok=lgYPPlOR,01_试点医院/中山大学附属第一医院/照片/邹外一-血液内科-主任医师-中山大学附属第一医院.jpg,137134,452f1bb45e1251f4b832aa79dbc6fa278b7ac26189e4d68597a8fb0a37380eb7,480,480,FULL_FETCH,
周振海,https://www.fahsysu.org.cn/node/773,实采,,https://www.fahsysu.org.cn/sites/1h.prod.sysucloud1.sysu.edu.cn/files/styles/focal_point_480/public/%E5%91%A8%E6%8C%AF%E6%B5%B7.jpg?itok=VZlvWn3p,01_试点医院/中山大学附属第一医院/照片/周振海-血液内科-主任医师-中山大学附属第一医院.jpg,113201,dbd02ef9c95c0352a99dc332b9b7d265dff75f02e0055434cbb3dc9be3383108,480,480,FULL_FETCH,
郑冬,https://www.fahsysu.org.cn/node/772,实采,,https://www.fahsysu.org.cn/sites/1h.prod.sysucloud1.sysu.edu.cn/files/styles/focal_point_480/public/2026-04/%E8%A1%80%E6%B6%B2%E5%86%85%E7%A7%91_%E9%83%91%E5%86%AC.jpg?itok=vbUzdbtS,01_试点医院/中山大学附属第一医院/照片/郑冬-血液内科-主任医师-中山大学附属第一医院.jpg,145820,de153f58887948034e1d5b9716e3fd75d219c2e7749787c07590cd9ad82d0450,480,480,FULL_FETCH,
谷景立,https://www.fahsysu.org.cn/node/32822,实采,,https://www.fahsysu.org.cn/sites/1h.prod.sysucloud1.sysu.edu.cn/files/styles/focal_point_480/public/2024-03/%E8%A1%80%E6%B6%B2%E5%86%85%E7%A7%91%E8%B0%B7%E6%99%AF%E7%AB%8B%E5%89%AF%E4%B8%BB%E4%BB%BB%E5%8C%BB%E5%B8%88.jpg?itok=5Cl7cC7z,01_试点医院/中山大学附属第一医院/照片/谷景立-血液内科-副主任医师-中山大学附属第一医院.jpg,133622,72520a60e97dd47e5b4660471dc48ff7dc564de8239f326cf2d00f2b6aace230,480,480,FULL_FETCH,
黄蓓晖,https://www.fahsysu.org.cn/node/774,实采,,https://www.fahsysu.org.cn/sites/1h.prod.sysucloud1.sysu.edu.cn/files/styles/focal_point_480/public/023639.jpg?itok=Au8iOhG6,01_试点医院/中山大学附属第一医院/照片/黄蓓晖-血液内科-副主任医师-中山大学附属第一医院.jpg,162051,143ed88263b05344c91e560a127d6cd0094dab1719274b5f59dd541630bb0462,480,480,FULL_FETCH,
李晓哲,https://www.fahsysu.org.cn/node/35916,实采,,https://www.fahsysu.org.cn/sites/1h.prod.sysucloud1.sysu.edu.cn/files/styles/focal_point_480/public/2025-05/%E8%A1%80%E6%B6%B2%E5%86%85%E7%A7%91-%E6%9D%8E%E6%99%93%E5%93%B2-%E5%89%AF%E9%AB%98.jpg?itok=AgYM_HZ9,01_试点医院/中山大学附属第一医院/照片/李晓哲-血液内科-副主任医师-中山大学附属第一医院.jpg,148256,99536aa4c09f32b6b62f9944c31f6267ee27445d459c3359fb526917bbbfd6f8,480,480,FULL_FETCH,
苏畅,https://www.fahsysu.org.cn/node/777,实采,,https://www.fahsysu.org.cn/sites/1h.prod.sysucloud1.sysu.edu.cn/files/styles/focal_point_480/public/085317.jpg?itok=Svx85NxH,01_试点医院/中山大学附属第一医院/照片/苏畅-血液内科-副主任医师-中山大学附属第一医院.jpg,169983,7726020ca3cb21636d6d3960c11a1269f71226a2a576f2cb19e0eb5bc3722ec0,480,480,FULL_FETCH,
王荷花,https://www.fahsysu.org.cn/node/778,实采,,https://www.fahsysu.org.cn/sites/1h.prod.sysucloud1.sysu.edu.cn/files/styles/focal_point_480/public/101904.jpg?itok=AVJss0NJ,01_试点医院/中山大学附属第一医院/照片/王荷花-血液内科-副主任医师-中山大学附属第一医院.jpg,187604,21a6efe558f5ea8bc15d41a9e76da3531a3e43d24b80afc809a17b712d59784f,480,480,FULL_FETCH,
陈旻湖,https://www.fahsysu.org.cn/node/781,实采,,https://www.fahsysu.org.cn/sites/1h.prod.sysucloud1.sysu.edu.cn/files/styles/focal_point_480/public/%E9%99%88%E6%97%BB%E6%B9%96.jpg?itok=bpL5NaCY,01_试点医院/中山大学附属第一医院/照片/陈旻湖-消化内科-主任医师-中山大学附属第一医院.jpg,151218,c5103b68cfb79b0e456c644c4f4b3d87f09e4789061a85b11a6b80632b5595f0,480,480,FULL_FETCH,
陈白莉,https://www.fahsysu.org.cn/node/793,实采,,https://www.fahsysu.org.cn/sites/1h.prod.sysucloud1.sysu.edu.cn/files/styles/focal_point_480/public/2022-09/%E6%B6%88%E5%8C%96%E5%86%85%E7%A7%91%20%E9%99%88%E7%99%BD%E8%8E%89%20%E6%AD%A3%E9%AB%98-2022.9.13.jpg?itok=RcyVZgF1,01_试点医院/中山大学附属第一医院/照片/陈白莉-消化内科-主任医师-中山大学附属第一医院.jpg,120108,eb2913de6f0789e6a22276b67d648ada42bb0c3706f994035122930817716c63,480,480,FULL_FETCH,
何瑶,https://www.fahsysu.org.cn/node/782,实采,,https://www.fahsysu.org.cn/sites/1h.prod.sysucloud1.sysu.edu.cn/files/styles/focal_point_480/public/2024-02/%E6%B6%88%E5%8C%96%E5%86%85%E7%A7%91%20%E4%BD%95%E7%91%B6%20%E6%AD%A3%E9%AB%98%20%E4%BF%AE%E6%94%B9%E7%99%BD%E5%BA%95.jpg?itok=rUy8ga7S,01_试点医院/中山大学附属第一医院/照片/何瑶-消化内科-主任医师-中山大学附属第一医院.jpg,110671,2d69991e2bd83c28f3863c900c9dc813698c933c9e3fba18455d954e4b28b2a8,480,480,FULL_FETCH,
毛仁,https://www.fahsysu.org.cn/node/23536,实采,,https://www.fahsysu.org.cn/sites/1h.prod.sysucloud1.sysu.edu.cn/files/styles/focal_point_480/public/2024-05/%E6%AF%9B%E4%BB%81%E8%BF%91%E7%85%A7202306.jpg?itok=71-PVgZb,01_试点医院/中山大学附属第一医院/照片/毛仁-消化内科-主任医师-中山大学附属第一医院.jpg,169643,805b449a63c445fe6fc90a0260ae49b7ca145f139a9af8b6856fc57e3be4d285,480,480,FULL_FETCH,
彭穗,https://www.fahsysu.org.cn/node/785,实采,,https://www.fahsysu.org.cn/sites/1h.prod.sysucloud1.sysu.edu.cn/files/styles/focal_point_480/public/2024-02/%E5%BD%AD%E7%A9%97%20%E7%99%BD%E5%BA%95%E4%BF%AE%E6%94%B9%E7%A8%BF.jpg?itok=7L9Y32DO,01_试点医院/中山大学附属第一医院/照片/彭穗-消化内科-主任医师-中山大学附属第一医院.jpg,134943,802c7e024611c800c5d86800f6e1c28a44786cd5fa52c30c0c258ba96339b161,480,480,FULL_FETCH,
任明,https://www.fahsysu.org.cn/node/786,实采,,https://www.fahsysu.org.cn/sites/1h.prod.sysucloud1.sysu.edu.cn/files/styles/focal_point_480/public/031009.gif?itok=eBdajgNS,01_试点医院/中山大学附属第一医院/照片/任明-消化内科-主任医师-中山大学附属第一医院.gif,110718,09c61c1070ded10fee0e5857339caf862e03c97f7b08c7056e720e51c42ad582,480,480,FULL_FETCH,
王锦辉,https://www.fahsysu.org.cn/node/787,实采,,https://www.fahsysu.org.cn/sites/1h.prod.sysucloud1.sysu.edu.cn/files/styles/focal_point_480/public/044147.jpg?itok=ebiuPkbP,01_试点医院/中山大学附属第一医院/照片/王锦辉-消化内科-主任医师-中山大学附属第一医院.jpg,131099,801a21551beb700b71207a5c0c0d47c5b657745de52404e7b7e01eca7c26adab,480,480,FULL_FETCH,
熊理守,https://www.fahsysu.org.cn/node/789,实采,,https://www.fahsysu.org.cn/sites/1h.prod.sysucloud1.sysu.edu.cn/files/styles/focal_point_480/public/050925.jpg?itok=X9aVJLLf,01_试点医院/中山大学附属第一医院/照片/熊理守-消化内科-主任医师-中山大学附属第一医院.jpg,182835,1f61688c5ec3962bd6eb83b8ba667c46fc3e480c57a6f2ed8ada9e3a8a70472e,480,480,FULL_FETCH,
邢象斌,https://www.fahsysu.org.cn/node/795,实采,,https://www.fahsysu.org.cn/sites/1h.prod.sysucloud1.sysu.edu.cn/files/styles/focal_point_480/public/095443.jpg?itok=v--7SQ0H,01_试点医院/中山大学附属第一医院/照片/邢象斌-消化内科-主任医师-中山大学附属第一医院.jpg,193471,e0dbd225d9fd80fd614348e5788252620d1cb65eabfb526debbccaf644f7bcca,480,480,FULL_FETCH,
肖英莲,https://www.fahsysu.org.cn/node/788,实采,,https://www.fahsysu.org.cn/sites/1h.prod.sysucloud1.sysu.edu.cn/files/styles/focal_point_480/public/050444.jpg?itok=VWmyoS0P,01_试点医院/中山大学附属第一医院/照片/肖英莲-消化内科-主任医师-中山大学附属第一医院.jpg,139302,7ef9966914e9b6b160f21bf56a3cc43bf70828c5091e2c1bc2439090dbab6370,480,480,FULL_FETCH,
朱森林,https://www.fahsysu.org.cn/node/792,实采,,https://www.fahsysu.org.cn/sites/1h.prod.sysucloud1.sysu.edu.cn/files/styles/focal_point_480/public/092504.png?itok=EXY135e-,01_试点医院/中山大学附属第一医院/照片/朱森林-消化内科-主任医师-中山大学附属第一医院.png,195996,402d44fb4734bd8a917770562c6de1e6d96d913ff0259ea8c550d1965ec914c5,480,480,FULL_FETCH,
张宁,https://www.fahsysu.org.cn/node/796,实采,,https://www.fahsysu.org.cn/sites/1h.prod.sysucloud1.sysu.edu.cn/files/styles/focal_point_480/public/2022-02/%E6%B6%88%E5%8C%96%E5%86%85%E7%A7%91-%E5%BC%A0%E5%AE%81-%E5%89%AF%E9%AB%98.jpg?itok=1ByOeVSq,01_试点医院/中山大学附属第一医院/照片/张宁-消化内科-主任医师-中山大学附属第一医院.jpg,143471,f38e74a6e4c16919473e02912c57ee34b059fc4dbeba55914da68a4cddcf2864,480,480,FULL_FETCH,
张盛洪,https://www.fahsysu.org.cn/node/797,实采,,https://www.fahsysu.org.cn/sites/1h.prod.sysucloud1.sysu.edu.cn/files/styles/focal_point_480/public/2022-06/%E6%B6%88%E5%8C%96%E5%86%85%E7%A7%91%20%E5%BC%A0%E7%9B%9B%E6%B4%AA%20%E4%B8%BB%E4%BB%BB%E5%8C%BB%E5%B8%88.jpg?itok=vAZAQKb3,01_试点医院/中山大学附属第一医院/照片/张盛洪-消化内科-主任医师-中山大学附属第一医院.jpg,157429,be2acaca71d59667e04950613706f21a8dcee9533cf1c9207cbdd36463e3a6b9,480,480,FULL_FETCH,
曾志荣,https://www.fahsysu.org.cn/node/790,实采,,https://www.fahsysu.org.cn/sites/1h.prod.sysucloud1.sysu.edu.cn/files/styles/focal_point_480/public/%E6%9B%BE%E5%BF%97%E8%8D%A3.jpg?itok=q8ALEkAl,01_试点医院/中山大学附属第一医院/照片/曾志荣-消化内科-主任医师-中山大学附属第一医院.jpg,138193,2ed09531dc096c83073c67cb3d72c0d02093ec5704beafe5149f92c228d32dfd,480,480,FULL_FETCH,
冯瑞,https://www.fahsysu.org.cn/node/29397,实采,,https://www.fahsysu.org.cn/sites/1h.prod.sysucloud1.sysu.edu.cn/files/styles/focal_point_480/public/2022-07/%E6%B6%88%E5%8C%96%E5%86%85%E7%A7%91%E5%86%AF%E7%91%9E%E5%89%AF%E9%AB%98.jpg?itok=8XXqvEAx,01_试点医院/中山大学附属第一医院/照片/冯瑞-消化内科-副主任医师-中山大学附属第一医院.jpg,133129,6730d37a12b4a9012cca32c32ab613a25deb3df106eb15db5decccdeef676d09,480,480,FULL_FETCH,
李莉,https://www.fahsysu.org.cn/node/35760,实采,,https://www.fahsysu.org.cn/sites/1h.prod.sysucloud1.sysu.edu.cn/files/styles/focal_point_480/public/2025-04/%E6%B6%88%E5%8C%96%E5%86%85%E7%A7%91_%E6%9D%8E%E8%8E%89_%E5%89%AF%E4%B8%BB%E4%BB%BB%E5%8C%BB%E5%B8%88.jpg?itok=kE867xyB,01_试点医院/中山大学附属第一医院/照片/李莉-消化内科-副主任医师-中山大学附属第一医院.jpg,149210,b6203453a1c0eb47f94f4e61a7bba5a3d002d365e00524105c4092fd642226df,480,480,FULL_FETCH,
邱云,https://www.fahsysu.org.cn/node/25717,实采,,https://www.fahsysu.org.cn/sites/1h.prod.sysucloud1.sysu.edu.cn/files/styles/focal_point_480/public/2022-08/%E6%B6%88%E5%8C%96%E5%86%85%E7%A7%91%20%E9%82%B1%E4%BA%91%20%E5%89%AF%E9%AB%98.jpg?itok=Bruo8gDy,01_试点医院/中山大学附属第一医院/照片/邱云-消化内科-副主任医师-中山大学附属第一医院.jpg,114835,3a1399f60f4f3c68a42a5af21ef37b63c0eb5a2537f98767c5aac2fea063ee38,480,480,FULL_FETCH,
王锦萍,https://www.fahsysu.org.cn/node/794,实采,,https://www.fahsysu.org.cn/sites/1h.prod.sysucloud1.sysu.edu.cn/files/styles/focal_point_480/public/030247.jpg?itok=OfQdl_Uw,01_试点医院/中山大学附属第一医院/照片/王锦萍-消化内科-副主任医师-中山大学附属第一医院.jpg,171661,e16b1736f0956e9e6b492875eb533efc8f74ef5bba8a535bb5f50abd416a8c80,480,480,FULL_FETCH,
熊珊珊,https://www.fahsysu.org.cn/node/38455,实采,,https://www.fahsysu.org.cn/sites/1h.prod.sysucloud1.sysu.edu.cn/files/styles/focal_point_480/public/2026-04/%E6%B6%88%E5%8C%96%E5%86%85%E7%A7%91_%E7%86%8A%E7%8F%8A%E7%8F%8A_%E5%89%AF%E4%B8%BB%E4%BB%BB%E5%8C%BB%E5%B8%88.jpeg?itok=4WJ6ZP7m,01_试点医院/中山大学附属第一医院/照片/熊珊珊-消化内科-副主任医师-中山大学附属第一医院.jpg,145125,b7bc9c623757f92c39008aa09f671877ccaa3e48e35603750b085f1ee0c28097,480,480,FULL_FETCH,
郭禹标,https://www.fahsysu.org.cn/node/798,实采,,https://www.fahsysu.org.cn/sites/1h.prod.sysucloud1.sysu.edu.cn/files/styles/focal_point_480/public/2023-11/%E5%91%BC%E5%90%B8%E4%B8%8E%E5%8D%B1%E9%87%8D%E7%97%87%E5%8C%BB%E5%AD%A6%E7%A7%91%20%E9%83%AD%E7%A6%B9%E6%A0%87%20%E6%AD%A3%E9%AB%98%20%E7%99%BD%E5%BA%95%E4%BF%AE%E6%94%B9%E7%89%88.jpg?itok=eJTKJZoR,01_试点医院/中山大学附属第一医院/照片/郭禹标-呼吸与危重症医学科-主任医师-中山大学附属第一医院.jpg,131174,beb737de005359e25f232f4f90ce08a61f00511ad9b5a24edfb29057f8ec6964,480,480,FULL_FETCH,
廖槐,https://www.fahsysu.org.cn/node/806,实采,,https://www.fahsysu.org.cn/sites/1h.prod.sysucloud1.sysu.edu.cn/files/styles/focal_point_480/public/2025-10/%E5%91%BC%E5%90%B8%E4%B8%8E%E5%8D%B1%E9%87%8D%E7%97%87%E5%8C%BB%E5%AD%A6%E7%A7%91_%E5%BB%96%E6%A7%90_%E6%AD%A3%E9%AB%98.jpg?itok=CLk6hnCe,01_试点医院/中山大学附属第一医院/照片/廖槐-呼吸与危重症医学科-主任医师-中山大学附属第一医院.jpg,140539,9e55a7e5b33b57276049f64d3397f7a885efa52336b799ca91589fcb8012bc3c,480,480,FULL_FETCH,
罗益锋,https://www.fahsysu.org.cn/node/807,实采,,https://www.fahsysu.org.cn/sites/1h.prod.sysucloud1.sysu.edu.cn/files/styles/focal_point_480/public/083850.jpg?itok=tONy5b7D,01_试点医院/中山大学附属第一医院/照片/罗益锋-呼吸与危重症医学科-主任医师-中山大学附属第一医院.jpg,219278,36edcffc128949f375576f90e9efb9e62890a7fb3840bcad7c1d96db93a9bcb3,480,480,FULL_FETCH,
唐可京,https://www.fahsysu.org.cn/node/799,实采,,https://www.fahsysu.org.cn/sites/1h.prod.sysucloud1.sysu.edu.cn/files/styles/focal_point_480/public/2026-02/%E5%94%90%E5%8F%AF%E4%BA%AC.png?itok=LnbPEI-4,01_试点医院/中山大学附属第一医院/照片/唐可京-呼吸与危重症医学科-主任医师-中山大学附属第一医院.png,275626,edb28ced776979dc96fa28abdb4871c71c73888ef205850d0161792a643f81e1,480,480,FULL_FETCH,
谢灿茂,https://www.fahsysu.org.cn/node/800,实采,,https://www.fahsysu.org.cn/sites/1h.prod.sysucloud1.sysu.edu.cn/files/styles/focal_point_480/public/%E8%B0%A2%E7%81%BF%E8%8C%82.jpg?itok=8ji2oxDc,01_试点医院/中山大学附属第一医院/照片/谢灿茂-呼吸与危重症医学科-主任医师-中山大学附属第一医院.jpg,160900,a7816a370b5868ae53863c9ba75f01b6f41dccd543c5513177548257267bb716,480,480,FULL_FETCH,
曾勉,https://www.fahsysu.org.cn/node/5771,实采,,https://www.fahsysu.org.cn/sites/1h.prod.sysucloud1.sysu.edu.cn/files/styles/focal_point_480/public/124219.jpg?itok=oGNqedJR,01_试点医院/中山大学附属第一医院/照片/曾勉-呼吸与危重症医学科-主任医师-中山大学附属第一医院.jpg,163993,6079c5724bbc34e26a0984c166cb9493d421e50339fb58bf98188b5bf425ed3a,480,480,FULL_FETCH,
周燕斌,https://www.fahsysu.org.cn/node/803,实采,,https://www.fahsysu.org.cn/sites/1h.prod.sysucloud1.sysu.edu.cn/files/styles/focal_point_480/public/2023-02/%E5%91%BC%E5%90%B8%E5%86%85%E7%A7%91%20-%20%E5%91%A8%E7%87%95%E6%96%8C%20-%20%E6%AD%A3%E9%AB%982023.2.jpg?itok=eoW1vP-9,01_试点医院/中山大学附属第一医院/照片/周燕斌-呼吸与危重症医学科-主任医师-中山大学附属第一医院.jpg,188961,62e256077eab62b1b865dbea9e409a51efcb520724c4e71c20cc71356afea4ab,480,480,FULL_FETCH,
陈海红,https://www.fahsysu.org.cn/node/31204,实采,,https://www.fahsysu.org.cn/sites/1h.prod.sysucloud1.sysu.edu.cn/files/styles/focal_point_480/public/2023-07/%E5%91%BC%E5%90%B8%E7%A7%91%20%E9%99%88%E6%B5%B7%E7%BA%A2%20%E5%89%AF%E9%AB%98.jpg?itok=Z7hNhCkx,01_试点医院/中山大学附属第一医院/照片/陈海红-呼吸与危重症医学科-副主任医师-中山大学附属第一医院.jpg,143160,e55055132a745021985dc97ca9a807cab4612b240565cd505284867c9c467b5a,480,480,FULL_FETCH,
杜宏春,https://www.fahsysu.org.cn/node/38132,实采,,https://www.fahsysu.org.cn/sites/1h.prod.sysucloud1.sysu.edu.cn/files/styles/focal_point_480/public/2026-03/%E5%91%BC%E5%90%B8%E6%9D%9C%E5%AE%8F%E6%98%A5%E5%89%AF%E9%AB%98.jpg?itok=ZTWaRf06,01_试点医院/中山大学附属第一医院/照片/杜宏春-呼吸与危重症医学科-副主任医师-中山大学附属第一医院.jpg,207428,6cdbeb2668394a77f834eee895f70cccd31e607098e2f200f1f9b6128ed91271,480,480,FULL_FETCH,
关开泮,https://www.fahsysu.org.cn/node/804,实采,,https://www.fahsysu.org.cn/sites/1h.prod.sysucloud1.sysu.edu.cn/files/styles/focal_point_480/public/043049.jpg?itok=L_aQ8ZvU,01_试点医院/中山大学附属第一医院/照片/关开泮-呼吸与危重症医学科-副主任医师-中山大学附属第一医院.jpg,137907,c79c06e3fc59e9db5c59edd9dc430fb105924727416982b19ec359c40fe7f3ce,480,480,FULL_FETCH,
黄建强,https://www.fahsysu.org.cn/node/805,实采,,https://www.fahsysu.org.cn/sites/1h.prod.sysucloud1.sysu.edu.cn/files/styles/focal_point_480/public/095744.jpg?itok=l-GpiNaZ,01_试点医院/中山大学附属第一医院/照片/黄建强-呼吸与危重症医学科-副主任医师-中山大学附属第一医院.jpg,184063,ea6f5c2651c46c539160f12598f74efe0e54c45682dbd9aab9e66764bee98f7c,480,480,FULL_FETCH,
黄鑫炎,https://www.fahsysu.org.cn/node/38785,实采,,https://www.fahsysu.org.cn/sites/1h.prod.sysucloud1.sysu.edu.cn/files/styles/focal_point_480/public/2026-05/%E5%91%BC%E5%90%B8%E4%B8%8E%E5%8D%B1%E9%87%8D%E7%97%87%E5%8C%BB%E5%AD%A6%E7%A7%91%E9%BB%84%E9%91%AB%E7%82%8E%E5%89%AF%E9%AB%98.jpg?itok=YpANS7jN,01_试点医院/中山大学附属第一医院/照片/黄鑫炎-呼吸与危重症医学科-副主任医师-中山大学附属第一医院.jpg,135038,faada07a96ab29a0eeff223d25ad40721e6dd392bd1467f111891ffd244f6783,480,480,FULL_FETCH,
匡煜坤,https://www.fahsysu.org.cn/node/29237,实采,,https://www.fahsysu.org.cn/sites/1h.prod.sysucloud1.sysu.edu.cn/files/styles/focal_point_480/public/2022-06/%E5%8C%A1%E7%85%9C%E5%9D%A4.jpg?itok=Zhyz5UqS,01_试点医院/中山大学附属第一医院/照片/匡煜坤-呼吸与危重症医学科-副主任医师-中山大学附属第一医院.jpg,149370,3aedc9eec57bdfb6bb9c65b438b5e17682ade07bc5a46010cdceab498e75764b,480,480,FULL_FETCH,
林耿鹏,https://www.fahsysu.org.cn/node/25606,实采,,https://www.fahsysu.org.cn/sites/1h.prod.sysucloud1.sysu.edu.cn/files/styles/focal_point_480/public/%E5%91%BC%E5%90%B8%E5%86%85%E7%A7%91-%E6%9E%97%E8%80%BF%E9%B9%8F-%E5%89%AF%E9%AB%98.jpg?itok=PsTLIvVO,01_试点医院/中山大学附属第一医院/照片/林耿鹏-呼吸与危重症医学科-副主任医师-中山大学附属第一医院.jpg,174094,9eb3e86c4e75c2f3883f09dd662af4f31da4de371dc69715d91215940ba48114,480,480,FULL_FETCH,
刘杨丽,https://www.fahsysu.org.cn/node/36747,实采,,https://www.fahsysu.org.cn/sites/1h.prod.sysucloud1.sysu.edu.cn/files/styles/focal_point_480/public/2025-09/%E5%91%BC%E5%90%B8%E4%B8%93%E7%A7%91-%E5%88%98%E6%9D%A8%E4%B8%BD-%E5%89%AF%E9%AB%98.jpg?itok=-vWHjbvF,01_试点医院/中山大学附属第一医院/照片/刘杨丽-呼吸与危重症医学科-副主任医师-中山大学附属第一医院.jpg,162121,51bc96b51dd4f5bce8b26c79549755a364182736809c9737d362c15b6260f7ac,480,480,FULL_FETCH,
谭卫平,https://www.fahsysu.org.cn/node/29503,实采,,https://www.fahsysu.org.cn/sites/1h.prod.sysucloud1.sysu.edu.cn/files/styles/focal_point_480/public/2022-08/%E5%91%BC%E5%90%B8%E5%86%85%E7%A7%91-%E8%B0%AD%E5%8D%AB%E5%B9%B3-%E5%89%AF%E9%AB%98.jpg?itok=CeM-y7tb,01_试点医院/中山大学附属第一医院/照片/谭卫平-呼吸与危重症医学科-副主任医师-中山大学附属第一医院.jpg,132344,7082c07ce2783fa36d79434fa92cf8b23910b49c667a0ddaeb9cc6faa34a8e98,480,480,FULL_FETCH,
张菁,https://www.fahsysu.org.cn/node/31107,实采,,https://www.fahsysu.org.cn/sites/1h.prod.sysucloud1.sysu.edu.cn/files/styles/focal_point_480/public/2023-07/%E5%91%BC%E5%90%B8%E5%86%85%E7%A7%91%20%E5%BC%A0%E8%8F%81%20%E5%89%AF%E4%B8%BB%E4%BB%BB%E5%8C%BB%E5%B8%88%20%E7%99%BD%E5%BA%95%E4%BF%AE%E6%94%B9%E7%A8%BF.jpg?itok=f6Nk5bTh,01_试点医院/中山大学附属第一医院/照片/张菁-呼吸与危重症医学科-副主任医师-中山大学附属第一医院.jpg,127804,8afd517bb8b5e59f5ca5e397da610642cd113591d7669cbb3f0a24b9e9a1668b,480,480,FULL_FETCH,
朱坚华,https://www.fahsysu.org.cn/node/29370,实采,,https://www.fahsysu.org.cn/sites/1h.prod.sysucloud1.sysu.edu.cn/files/styles/focal_point_480/public/2022-07/%E5%91%BC%E5%90%B8%E4%B8%8E%E5%8D%B1%E9%87%8D%E7%97%87%E5%8C%BB%E5%AD%A6%E7%A7%91%2B%E6%9C%B1%E5%9D%9A%E5%8D%8E%2B%E5%89%AF%E9%AB%98.jpg?itok=cC9d_k9G,01_试点医院/中山大学附属第一医院/照片/朱坚华-呼吸与危重症医学科-副主任医师-中山大学附属第一医院.jpg,133842,a3f5c003f17fe425e7b3038676d39a300f78925ed5aa9304e8ef0ae317b7ba0f,480,480,FULL_FETCH,
陈伟英,https://www.fahsysu.org.cn/node/809,实采,,https://www.fahsysu.org.cn/sites/1h.prod.sysucloud1.sysu.edu.cn/files/styles/focal_point_480/public/113357.jpg?itok=K2aJQbgN,01_试点医院/中山大学附属第一医院/照片/陈伟英-肾内科-主任医师-中山大学附属第一医院.jpg,149375,c57fefebbdfcb28b7777a775dd735705d520f83822cb0305148f9c9f134ad545,480,480,FULL_FETCH,
陈崴,https://www.fahsysu.org.cn/node/808,实采,,https://www.fahsysu.org.cn/sites/1h.prod.sysucloud1.sysu.edu.cn/files/styles/focal_point_480/public/2023-07/%E8%82%BE%E5%86%85%E7%A7%91%20%E9%99%88%E5%B4%B4%20%E6%AD%A3%E9%AB%98.jpg?itok=kR3Fqp3-,01_试点医院/中山大学附属第一医院/照片/陈崴-肾内科-主任医师-中山大学附属第一医院.jpg,144090,1b82f5a36ff4691fe287e500b279e5857f5afcb34e10556f4ab6bef567f2a31e,480,480,FULL_FETCH,
陈雄辉,https://www.fahsysu.org.cn/node/818,实采,,https://www.fahsysu.org.cn/sites/1h.prod.sysucloud1.sysu.edu.cn/files/styles/focal_point_480/public/2023-09/%E8%82%BE%E5%86%85%E7%A7%91%20%E9%99%88%E9%9B%84%E8%BE%89%20%E6%AD%A3%E9%AB%98%20%E4%BF%AE%E6%94%B9%E7%A8%BF.jpg?itok=1YGaGpdn,01_试点医院/中山大学附属第一医院/照片/陈雄辉-肾内科-主任医师-中山大学附属第一医院.jpg,168465,f8c372b33b661a4c55383c283948c5340b76b89284ca36cd902c492eb0aaab04,480,480,FULL_FETCH,
郭群英,https://www.fahsysu.org.cn/node/810,实采,,https://www.fahsysu.org.cn/sites/1h.prod.sysucloud1.sysu.edu.cn/files/styles/focal_point_480/public/085910%20%281%29.jpg?itok=o-7VkRZh,01_试点医院/中山大学附属第一医院/照片/郭群英-肾内科-主任医师-中山大学附属第一医院.jpg,153183,15913c5c926d0e75cb27de3e3e4b24aa2fb69fe3b528c51c67b733d88003bd64,480,480,FULL_FETCH,
黄锋先,https://www.fahsysu.org.cn/node/811,实采,,https://www.fahsysu.org.cn/sites/1h.prod.sysucloud1.sysu.edu.cn/files/styles/focal_point_480/public/095452.jpg?itok=Bf2blLQF,01_试点医院/中山大学附属第一医院/照片/黄锋先-肾内科-主任医师-中山大学附属第一医院.jpg,171248,393c6facafad8b3b3bb314f02b674b7f1c7928b556f200bd9dc0fdcec2afde95,480,480,FULL_FETCH,
李剑波,https://www.fahsysu.org.cn/node/819,实采,,https://www.fahsysu.org.cn/sites/1h.prod.sysucloud1.sysu.edu.cn/files/styles/focal_point_480/public/113528.jpg?itok=tmnfCFv_,01_试点医院/中山大学附属第一医院/照片/李剑波-肾内科-主任医师-中山大学附属第一医院.jpg,201212,b0cc931f7cad585306d10e50ef2b43a8ec726b7e77d4a43d6875ad5012681cd6,480,480,FULL_FETCH,
刘庆华,https://www.fahsysu.org.cn/node/814,实采,,https://www.fahsysu.org.cn/sites/1h.prod.sysucloud1.sysu.edu.cn/files/styles/focal_point_480/public/2025-11/%E8%82%BE%E5%86%85%E7%A7%91%E5%88%98%E5%BA%86%E5%8D%8E%E6%AD%A3%E9%AB%98.jpg?itok=3xs_dOsh,01_试点医院/中山大学附属第一医院/照片/刘庆华-肾内科-主任医师-中山大学附属第一医院.jpg,146778,3a763a1e558f4f27b8f640eb8b5ec502390ec935caaecca50741b3ae8803c6dc,480,480,FULL_FETCH,
李志坚,https://www.fahsysu.org.cn/node/813,实采,,https://www.fahsysu.org.cn/sites/1h.prod.sysucloud1.sysu.edu.cn/files/styles/focal_point_480/public/2026-06/%E8%82%BE%E5%86%85%E7%A7%91_%E6%9D%8E%E5%BF%97%E5%9D%9A-%E7%99%BD%E5%A4%A7%E8%A1%A3%28%E5%8E%8B%E7%BC%A9%29.png?itok=HwCN0wOa,01_试点医院/中山大学附属第一医院/照片/李志坚-肾内科-主任医师-中山大学附属第一医院.png,247858,ddec19f27389d143c2b45ee00b71629be2b544ca510c83c8033f3513636b9a6e,480,480,FULL_FETCH,
毛海萍,https://www.fahsysu.org.cn/node/815,实采,,https://www.fahsysu.org.cn/sites/1h.prod.sysucloud1.sysu.edu.cn/files/styles/focal_point_480/public/2024-09/%E6%AF%9B%E6%B5%B7%E8%90%8D_%E7%99%BD%E5%BA%95%E4%BF%AE%E6%94%B9%E7%89%88_0.jpg?itok=2itEEzF4,01_试点医院/中山大学附属第一医院/照片/毛海萍-肾内科-主任医师-中山大学附属第一医院.jpg,154503,12ab22d5d60d3e334974ab6d4851b5545da52174d0097522eb636affeb0b2e82,480,480,FULL_FETCH,
文琼,https://www.fahsysu.org.cn/node/821,实采,,https://www.fahsysu.org.cn/sites/1h.prod.sysucloud1.sysu.edu.cn/files/styles/focal_point_480/public/2026-07/%E8%82%BE%E5%86%85%E7%A7%91-%E6%96%87%E7%90%BC-%E6%AD%A3%E9%AB%98.jpg?itok=ECranN6A,01_试点医院/中山大学附属第一医院/照片/文琼-肾内科-主任医师-中山大学附属第一医院.jpg,158948,efd15f3bb6220e065cb2ac70a6c5ae51f1db879e3166ae030c7ea5002c518bb1,480,480,FULL_FETCH,
王欣,https://www.fahsysu.org.cn/node/820,实采,,https://www.fahsysu.org.cn/sites/1h.prod.sysucloud1.sysu.edu.cn/files/styles/focal_point_480/public/2021-10/%E8%82%BE%E5%86%85%E7%A7%91%20%20%E7%8E%8B%E6%AC%A3%20%20%E5%89%AF%E9%AB%98_0.jpg?itok=NuXBE67Q,01_试点医院/中山大学附属第一医院/照片/王欣-肾内科-主任医师-中山大学附属第一医院.jpg,128338,b0fd0c5d3b7eb3bfad2360d13829177670cf183d5148481e2a9629cce41dd9cc,480,480,FULL_FETCH,
许元文,https://www.fahsysu.org.cn/node/822,实采,,https://www.fahsysu.org.cn/sites/1h.prod.sysucloud1.sysu.edu.cn/files/styles/focal_point_480/public/044607.jpg?itok=Ueo0X24P,01_试点医院/中山大学附属第一医院/照片/许元文-肾内科-主任医师-中山大学附属第一医院.jpg,209483,d61389a42c62cb4ee0c1d38a0c0cf642cb8788f20707fa41e07c28e00a01530b,480,480,FULL_FETCH,
阳晓,https://www.fahsysu.org.cn/node/816,实采,,https://www.fahsysu.org.cn/sites/1h.prod.sysucloud1.sysu.edu.cn/files/styles/focal_point_480/public/2024-03/%E8%82%BE%E5%86%85%E7%A7%91%20%E9%98%B3%E6%99%93%20%E6%AD%A3%E9%AB%98%20%E5%8E%8B%E7%BC%A9.jpg?itok=mTOp86O_,01_试点医院/中山大学附属第一医院/照片/阳晓-肾内科-一级主任医师-中山大学附属第一医院.jpg,139043,5b07016eb98c3f0622b6b7d0d0f59552d8a5aaa02366a17e5c8869eaca609a9c,480,480,FULL_FETCH,
张涤华,https://www.fahsysu.org.cn/node/823,实采,,https://www.fahsysu.org.cn/sites/1h.prod.sysucloud1.sysu.edu.cn/files/styles/focal_point_480/public/2025-01/%E8%82%BE%E5%86%85%E7%A7%91%E5%BC%A0%E6%B6%A4%E5%8D%8E%E6%95%99%E6%8E%88%28%E5%8E%8B%E7%BC%A9%29.jpg?itok=b_dlHN3S,01_试点医院/中山大学附属第一医院/照片/张涤华-肾内科-主任医师-中山大学附属第一医院.jpg,162463,b8d7c5f876ec13d8a8b80fe7ec1a9c878682762e86ad158549295a8b0a6b1ba4,480,480,FULL_FETCH,
黄娜娅,https://www.fahsysu.org.cn/node/31193,实采,,https://www.fahsysu.org.cn/sites/1h.prod.sysucloud1.sysu.edu.cn/files/styles/focal_point_480/public/2023-07/%E8%82%BE%E5%86%85%E7%A7%91%20%E9%BB%84%E5%A8%9C%E5%A8%85%20%E5%89%AF%E9%AB%98%20%E6%8D%A2%E7%99%BD%E5%BA%95.jpg?itok=d14aA4ji,01_试点医院/中山大学附属第一医院/照片/黄娜娅-肾内科-副主任医师-中山大学附属第一医院.jpg,144713,b9d9bc16e6ec989bccba7e9544a165701ea2f0078640f1fc4500299efa065723,480,480,FULL_FETCH,
吴海珊,https://www.fahsysu.org.cn/node/38311,实采,,https://www.fahsysu.org.cn/sites/1h.prod.sysucloud1.sysu.edu.cn/files/styles/focal_point_480/public/2026-03/%E8%82%BE%E5%86%85%E7%A7%91%E5%90%B4%E6%B5%B7%E7%8F%8A%E5%89%AF%E4%B8%BB%E4%BB%BB%E5%8C%BB%E5%B8%88.png?itok=wOMab2r3,01_试点医院/中山大学附属第一医院/照片/吴海珊-肾内科-副主任医师-中山大学附属第一医院.png,285914,a6f4e0d84d8f842b04109dfa6764c5083c57547ab5cd6e67557f9e176727e929,480,480,FULL_FETCH,
王娅婷,https://www.fahsysu.org.cn/node/36239,实采,,https://www.fahsysu.org.cn/sites/1h.prod.sysucloud1.sysu.edu.cn/files/styles/focal_point_480/public/2025-06/%E8%82%BE%E5%86%85%E7%A7%91_%E7%8E%8B%E5%A8%85%E5%A9%B7_%E5%89%AF%E9%AB%98.jpg?itok=TLTkN4mZ,01_试点医院/中山大学附属第一医院/照片/王娅婷-肾内科-副主任医师-中山大学附属第一医院.jpg,127376,8e4cb96fa8e6fafec0477fc6792367859a3b790f3d8c7c821d13f936e67b6c6c,480,480,FULL_FETCH,
夏茜,https://www.fahsysu.org.cn/node/28957,实采,,https://www.fahsysu.org.cn/sites/1h.prod.sysucloud1.sysu.edu.cn/files/styles/focal_point_480/public/2022-05/%E8%82%BE%E5%86%85%E7%A7%91-%E5%A4%8F%E8%8C%9C-%E5%89%AF%E9%AB%98-%E5%A4%A7%E4%B8%80%E5%AF%B8.jpg?itok=Cu_1HRGj,01_试点医院/中山大学附属第一医院/照片/夏茜-肾内科-副主任医师-中山大学附属第一医院.jpg,129933,5b3d7c416628428bea07b16f29835d40f44e781fd45ab8a371825b4dd47ce0cd,480,480,FULL_FETCH,
叶红坚,https://www.fahsysu.org.cn/node/32541,实采,,https://www.fahsysu.org.cn/sites/1h.prod.sysucloud1.sysu.edu.cn/files/styles/focal_point_480/public/2024-02/%E8%82%BE%E5%86%85%E7%A7%91%20%E5%8F%B6%E7%BA%A2%E5%9D%9A%20%E5%89%AF%E9%AB%98%20%E4%BF%AE%E6%94%B9%E7%99%BD%E5%BA%95.jpg?itok=stUH2KjP,01_试点医院/中山大学附属第一医院/照片/叶红坚-肾内科-副主任医师-中山大学附属第一医院.jpg,134403,02433ca8bdf2643b33beca2703775a38daab316b24bc9e4474093ec3052d3f89,480,480,FULL_FETCH,
余健文,https://www.fahsysu.org.cn/node/29454,实采,,https://www.fahsysu.org.cn/sites/1h.prod.sysucloud1.sysu.edu.cn/files/styles/focal_point_480/public/2022-07/%E8%82%BE%E5%86%85%E7%A7%91%20%E4%BD%99%E5%81%A5%E6%96%87%20%E5%89%AF%E9%AB%98.jpg?itok=V9yV6982,01_试点医院/中山大学附属第一医院/照片/余健文-肾内科-副主任医师-中山大学附属第一医院.jpg,160949,fe0dd7126a9bf417ce244a28db2c14c50630a20df1c56195a1ba1b3814549513,480,480,FULL_FETCH,
郑勋华,https://www.fahsysu.org.cn/node/25780,实采,,https://www.fahsysu.org.cn/sites/1h.prod.sysucloud1.sysu.edu.cn/files/styles/focal_point_480/public/%E8%82%BE%E5%86%85%E7%A7%91-%E9%83%91%E5%8B%8B%E5%8D%8E.jpg?itok=rXBjXxso,01_试点医院/中山大学附属第一医院/照片/郑勋华-肾内科-副主任医师-中山大学附属第一医院.jpg,139198,22adf02881815ef0b850f2ad9bc75c943ebb44fbe2f710e8e6081c65051af5e7,480,480,FULL_FETCH,
钟忠,https://www.fahsysu.org.cn/node/35682,实采,,https://www.fahsysu.org.cn/sites/1h.prod.sysucloud1.sysu.edu.cn/files/styles/focal_point_480/public/2025-04/%E8%82%BE%E5%86%85%E7%A7%91_%E9%92%9F%E5%BF%A0_%E5%89%AF%E4%B8%BB%E4%BB%BB%E5%8C%BB%E5%B8%88.jpg?itok=oN6M40Z6,01_试点医院/中山大学附属第一医院/照片/钟忠-肾内科-副主任医师-中山大学附属第一医院.jpg,154335,6367e85c66b2b2cc4d8e55ca09bc4c9f0dee46990c80d44c6b8166bfa470b975,480,480,FULL_FETCH,
连帆,https://www.fahsysu.org.cn/node/824,实采,,https://www.fahsysu.org.cn/sites/1h.prod.sysucloud1.sysu.edu.cn/files/styles/focal_point_480/public/2024-08/%E9%A3%8E%E6%B9%BF%E7%A7%91_%E8%BF%9E%E5%B8%86_%E6%AD%A3%E9%AB%98%EF%BC%88%E7%99%BD%E5%BA%95%EF%BC%89.jpg?itok=A0rWXmxY,01_试点医院/中山大学附属第一医院/照片/连帆-风湿免疫科-主任医师-中山大学附属第一医院.jpg,114933,0193f5b8950a93895544db96987a5a8fb379827ea0cf0b736a88623f30564aa6,480,480,FULL_FETCH,
梁柳琴,https://www.fahsysu.org.cn/node/825,实采,,https://www.fahsysu.org.cn/sites/1h.prod.sysucloud1.sysu.edu.cn/files/styles/focal_point_480/public/2024-09/wechatimg237_%E7%99%BD%E5%BA%95%E4%BF%AE%E6%94%B9%E7%89%88.jpg?itok=2vCsJc5q,01_试点医院/中山大学附属第一医院/照片/梁柳琴-风湿免疫科-主任医师-中山大学附属第一医院.jpg,132587,4316e99628bcea7bafac6200f7f540867418fbb6ce7d102871348a351b8e6f43,480,480,FULL_FETCH,
许韩师,https://www.fahsysu.org.cn/node/826,实采,,https://www.fahsysu.org.cn/sites/1h.prod.sysucloud1.sysu.edu.cn/files/styles/focal_point_480/public/%E8%AE%B8%E9%9F%A9%E5%B8%88.jpg?itok=XwC0w5Ot,01_试点医院/中山大学附属第一医院/照片/许韩师-风湿免疫科-主任医师-中山大学附属第一医院.jpg,181060,53d366b9198581456808d3c3b6e604c1c8ec419a36d49d72947f89ce23fef9c7,480,480,FULL_FETCH,
肖游君,https://www.fahsysu.org.cn/node/25886,实采,,https://www.fahsysu.org.cn/sites/1h.prod.sysucloud1.sysu.edu.cn/files/styles/focal_point_480/public/2026-04/%E9%A3%8E%E6%B9%BF%E5%85%8D%E7%96%AB%E7%A7%91_%E8%82%96%E6%B8%B8%E5%90%9B.jpg?itok=-CB8fw1I,01_试点医院/中山大学附属第一医院/照片/肖游君-风湿免疫科-主任医师-中山大学附属第一医院.jpg,133267,24c5026ad14932cc6754a76b13569505e326fda75d90037f48933bfcd65d41e7,480,480,FULL_FETCH,
杨念生,https://www.fahsysu.org.cn/node/827,实采,,https://www.fahsysu.org.cn/sites/1h.prod.sysucloud1.sysu.edu.cn/files/styles/focal_point_480/public/2023-03/%E9%A3%8E%E6%B9%BF%E5%85%8D%E7%96%AB%E7%A7%91%20%E6%9D%A8%E5%BF%B5%E7%94%9F%20%E6%AD%A3%E9%AB%98%EF%BC%88%E4%BF%AE%E6%94%B9%EF%BC%89.jpg?itok=rup7qojL,01_试点医院/中山大学附属第一医院/照片/杨念生-风湿免疫科-一级主任医师-中山大学附属第一医院.jpg,133386,95e91d2d9bb36a4b4eed457bb1e974e8063e98d6128f3e7c641ab7d37a81b01a,480,480,FULL_FETCH,
叶玉津,https://www.fahsysu.org.cn/node/829,实采,,https://www.fahsysu.org.cn/sites/1h.prod.sysucloud1.sysu.edu.cn/files/styles/focal_point_480/public/2025-11/%E9%A3%8E%E6%B9%BF%E5%85%8D%E7%96%AB%E7%A7%91_%E5%8F%B6%E7%8E%89%E6%B4%A5_%EF%BC%88%E5%8F%B6%E4%B8%BB%E4%BB%BB%E5%8F%91%E6%9D%A5%E6%88%AA%E5%9B%BE%EF%BC%89.jpg?itok=c2ud-pxc,01_试点医院/中山大学附属第一医院/照片/叶玉津-风湿免疫科-主任医师-中山大学附属第一医院.jpg,147545,b0a248c8da155f5729e514fc0d6fbbbcbc72111b7d0a38cdf201d95ca1efb821,480,480,FULL_FETCH,
詹钟平,https://www.fahsysu.org.cn/node/830,实采,,https://www.fahsysu.org.cn/sites/1h.prod.sysucloud1.sysu.edu.cn/files/styles/focal_point_480/public/065724.jpg?itok=lL1Q_Oju,01_试点医院/中山大学附属第一医院/照片/詹钟平-风湿免疫科-主任医师-中山大学附属第一医院.jpg,189234,da22aed8cc2d918ea69c51d08d1a36116c0fabd47638bd5ea4420a816e2d6253,480,480,FULL_FETCH,
赵继军,https://www.fahsysu.org.cn/node/833,实采,,https://www.fahsysu.org.cn/sites/1h.prod.sysucloud1.sysu.edu.cn/files/styles/focal_point_480/public/2023-10/%E9%A3%8E%E6%B9%BF%E5%85%8D%E7%96%AB%E7%A7%91%20%E5%89%AF%E9%AB%98%20%E8%B5%B5%E7%BB%A7%E5%86%9B.jpg?itok=8o6YHV5-,01_试点医院/中山大学附属第一医院/照片/赵继军-风湿免疫科-主任医师-中山大学附属第一医院.jpg,123046,0b5137219733b44e9d96e4c753fe09e46c6a87857cf5bf03e9db07f6c6bc09ab,480,480,FULL_FETCH,
邱茜,https://www.fahsysu.org.cn/node/831,实采,,https://www.fahsysu.org.cn/sites/1h.prod.sysucloud1.sysu.edu.cn/files/styles/focal_point_480/public/054311.jpg?itok=WEzgUuwY,01_试点医院/中山大学附属第一医院/照片/邱茜-风湿免疫科-副主任医师-中山大学附属第一医院.jpg,167297,db70e724a577bb71bf392d988678a7584b3c39a580f2ab78b1adf0b91fd45680,480,480,FULL_FETCH,
王双,https://www.fahsysu.org.cn/node/832,实采,,https://www.fahsysu.org.cn/sites/1h.prod.sysucloud1.sysu.edu.cn/files/styles/focal_point_480/public/2026-04/%E9%A3%8E%E6%B9%BF%E5%85%8D%E7%96%AB%E7%A7%91_%E7%8E%8B%E5%8F%8C.jpg?itok=icHV7OCl,01_试点医院/中山大学附属第一医院/照片/王双-风湿免疫科-副主任医师-中山大学附属第一医院.jpg,151057,4117d240a684e36a19ccfe6c7813dfbb0f33c885ed8792211fa742ff498e6ae7,480,480,FULL_FETCH,
曹筱佩,https://www.fahsysu.org.cn/node/834,实采,,https://www.fahsysu.org.cn/sites/1h.prod.sysucloud1.sysu.edu.cn/files/styles/focal_point_480/public/2025-09/%E5%86%85%E5%88%86%E6%B3%8C%E7%A7%91%E6%9B%B9%E7%AD%B1%E4%BD%A9%EF%BC%88%E6%AD%A3%E9%AB%98%EF%BC%89%28%E5%8E%8B%E7%BC%A9%29.png?itok=lkmmazRU,01_试点医院/中山大学附属第一医院/照片/曹筱佩-内分泌内科-主任医师-中山大学附属第一医院.png,276123,cf95a32d502e1054b13e445435a832dfb6cd8d6dde36108eb15df52a8999bc82,480,480,FULL_FETCH,
洪澍彬,https://www.fahsysu.org.cn/node/839,实采,,https://www.fahsysu.org.cn/sites/1h.prod.sysucloud1.sysu.edu.cn/files/styles/focal_point_480/public/094523.jpg?itok=Rv3IPuUw,01_试点医院/中山大学附属第一医院/照片/洪澍彬-内分泌内科-主任医师-中山大学附属第一医院.jpg,153950,2a75ed625dc360b08e180d648fb650bbe66c8a69e01bb23b4375d7e4cff0d773,480,480,FULL_FETCH,
黄知敏,https://www.fahsysu.org.cn/node/840,实采,,https://www.fahsysu.org.cn/sites/1h.prod.sysucloud1.sysu.edu.cn/files/styles/focal_point_480/public/2026-02/%E5%86%85%E5%88%86%E6%B3%8C%E5%86%85%E7%A7%91_%E9%BB%84%E7%9F%A5%E6%95%8F.jpg?itok=AIcZPaRz,01_试点医院/中山大学附属第一医院/照片/黄知敏-内分泌内科-主任医师-中山大学附属第一医院.jpg,135253,46a857bf48837227e76b2bb88be0ace5e10dd38710edd0fda8b35d38ca0c1bcf,480,480,FULL_FETCH,
李海,https://www.fahsysu.org.cn/node/841,实采,,https://www.fahsysu.org.cn/sites/1h.prod.sysucloud1.sysu.edu.cn/files/styles/focal_point_480/public/2025-04/%E5%86%85%E5%88%86%E6%B3%8C%E5%86%85%E7%A7%91%E6%9D%8E%E6%B5%B7%E4%B8%BB%E4%BB%BB%E5%8C%BB%E5%B8%88%EF%BC%88%E6%AD%A3%E9%AB%98%EF%BC%89%28%E5%8E%8B%E7%BC%A9%29.jpg?itok=NEikvf0Y,01_试点医院/中山大学附属第一医院/照片/李海-内分泌内科-主任医师-中山大学附属第一医院.jpg,129572,a52f44c680cbc3edc5117a93e70d0cf7a29113631196c55a8c599fc20b9b9ba6,480,480,FULL_FETCH,
刘烈华,https://www.fahsysu.org.cn/node/842,实采,,https://www.fahsysu.org.cn/sites/1h.prod.sysucloud1.sysu.edu.cn/files/styles/focal_point_480/public/2025-04/%E5%86%85%E5%88%86%E6%B3%8C%E5%86%85%E7%A7%91_%E5%88%98%E7%83%88%E5%8D%8E_%E6%AD%A3%E9%AB%98.jpg?itok=Y3ZcTbhR,01_试点医院/中山大学附属第一医院/照片/刘烈华-内分泌内科-主任医师-中山大学附属第一医院.jpg,131375,dc087387b2b55285c361a436bded2b77ff818c3388c70d3910bc915cb6af973a,480,480,FULL_FETCH,
李延兵,https://www.fahsysu.org.cn/node/835,实采,,https://www.fahsysu.org.cn/sites/1h.prod.sysucloud1.sysu.edu.cn/files/styles/focal_point_480/public/2023-03/%E5%86%85%E5%88%86%E6%B3%8C%E7%A7%91%20%E6%9D%8E%E5%BB%B6%E5%85%B5%20%E6%95%99%E6%8E%88%20%E6%AD%A3%E9%AB%98%EF%BC%88%E4%BF%AE%E6%94%B9%EF%BC%89.jpg?itok=CZj8QXCP,01_试点医院/中山大学附属第一医院/照片/李延兵-内分泌内科-一级主任医师-中山大学附属第一医院.jpg,135445,20d11d0e315d0d1c1c979d677d66697aa33b623da45d2bd0b9162db49702e5cb,480,480,FULL_FETCH,
廖志红,https://www.fahsysu.org.cn/node/836,实采,,https://www.fahsysu.org.cn/sites/1h.prod.sysucloud1.sysu.edu.cn/files/styles/focal_point_480/public/2025-09/%E5%86%85%E5%88%86%E6%B3%8C%E7%A7%91%E5%BB%96%E5%BF%97%E7%BA%A2%E6%AD%A3%E9%AB%98.jpg?itok=T9Lqnn4s,01_试点医院/中山大学附属第一医院/照片/廖志红-内分泌内科-主任医师-中山大学附属第一医院.png,290417,619f4247d0d98c2e9fed360b844ef4bf02987bc8eecb94492949e7063e12f1dc,480,480,FULL_FETCH,
肖海鹏,https://www.fahsysu.org.cn/node/837,实采,,https://www.fahsysu.org.cn/sites/1h.prod.sysucloud1.sysu.edu.cn/files/styles/focal_point_480/public/%E8%82%96%E6%B5%B7%E9%B9%8F.jpg?itok=RhSsmnSS,01_试点医院/中山大学附属第一医院/照片/肖海鹏-内分泌内科-主任医师-中山大学附属第一医院.jpg,186605,f0dc50407d9ef9b408b2947deaa7927f146a718c2db13238c2b23adc7570efc0,480,480,FULL_FETCH,
喻爽,https://www.fahsysu.org.cn/node/844,实采,,https://www.fahsysu.org.cn/sites/1h.prod.sysucloud1.sysu.edu.cn/files/styles/focal_point_480/public/2026-06/%E5%86%85%E5%88%86%E6%B3%8C%E7%A7%91_%E5%96%BB%E7%88%BD_%E6%AD%A3%E9%AB%98%28%E5%8E%8B%E7%BC%A9%29.jpg?itok=5HzAZ_oZ,01_试点医院/中山大学附属第一医院/照片/喻爽-内分泌内科-主任医师-中山大学附属第一医院.jpg,160526,64cc69eb15f8c493e950e445ba55bc2826b98cf9bc93547c2c426c090de8e3c9,480,480,FULL_FETCH,
刘娟,https://www.fahsysu.org.cn/node/25419,实采,,https://www.fahsysu.org.cn/sites/1h.prod.sysucloud1.sysu.edu.cn/files/styles/focal_point_480/public/%E5%86%85%E5%88%86%E6%B3%8C%E7%A7%91%20%E5%88%98%E5%A8%9F%20%E5%89%AF%E9%AB%98%20%E7%99%BD%E5%BA%95%E7%85%A7_0.jpeg?itok=BdZNoO1q,01_试点医院/中山大学附属第一医院/照片/刘娟-内分泌内科-副主任医师-中山大学附属第一医院.jpg,101878,060b911b04d806b0373703264e8463bbf37b0966d26d102402bf9f07fc3611e5,480,480,FULL_FETCH,
崔卫玲,https://www.fahsysu.org.cn/node/29409,实采,,https://www.fahsysu.org.cn/sites/1h.prod.sysucloud1.sysu.edu.cn/files/styles/focal_point_480/public/2022-07/%E5%85%A8%E7%A7%91%E5%8C%BB%E5%AD%A6%E7%A7%91%E5%B4%94%E5%8D%AB%E7%8E%B2%E5%89%AF%E9%AB%98%E4%B8%93%E5%AE%B6%E7%AE%80%E4%BB%8B.jpg?itok=kSBilB6S,01_试点医院/中山大学附属第一医院/照片/崔卫玲-内分泌内科-副主任医师-中山大学附属第一医院.jpg,150669,4971825c6c24e0b4a6999f7af74a951dc627b04dc1308660b4d54e0d2d9ffa7c,480,480,FULL_FETCH,
何筱莹,https://www.fahsysu.org.cn/node/31190,实采,,https://www.fahsysu.org.cn/sites/1h.prod.sysucloud1.sysu.edu.cn/files/styles/focal_point_480/public/2023-07/%E5%86%85%E5%88%86%E6%B3%8C%E7%A7%91%20%E4%BD%95%E7%AD%B1%E8%8E%B9%20%E5%89%AF%E9%AB%98%20%E6%89%A9%E8%BE%B9.jpg?itok=-5YPR6sW,01_试点医院/中山大学附属第一医院/照片/何筱莹-内分泌内科-副主任医师-中山大学附属第一医院.jpg,146466,f31e02d11db4f428985dde5c31b6332e05c1ae042b01de99e405df3280c31093,480,480,FULL_FETCH,
金洁雯,https://www.fahsysu.org.cn/node/38088,实采,,https://www.fahsysu.org.cn/sites/1h.prod.sysucloud1.sysu.edu.cn/files/styles/focal_point_480/public/2026-02/%E9%87%91%E6%B4%81%E9%9B%AF-%E7%99%BD%E5%A4%A7%E8%A4%82-%E5%A4%B4%E5%83%8F-%E7%99%BD%E8%89%B2%E8%83%8C%E6%99%AF.jpeg?itok=ML2Vm7S1,01_试点医院/中山大学附属第一医院/照片/金洁雯-内分泌内科-副主任医师-中山大学附属第一医院.jpg,178454,11f66d04be2bb6cba9eb895fffca3b59072ab1851bce1ad4bf90e6f715a38f9f,480,480,FULL_FETCH,
柯伟健,https://www.fahsysu.org.cn/node/38121,实采,,https://www.fahsysu.org.cn/sites/1h.prod.sysucloud1.sysu.edu.cn/files/styles/focal_point_480/public/2026-03/%E5%86%85%E5%88%86%E6%B3%8C%E7%A7%91_%E6%9F%AF%E4%BC%9F%E5%81%A5_%E5%89%AF%E9%AB%98.jpg?itok=-dsh8r8Y,01_试点医院/中山大学附属第一医院/照片/柯伟健-内分泌内科-副主任医师-中山大学附属第一医院.jpg,164839,4a31719d476338538f4f21c3729ed75d67f147e6e716b4967a2153905fe62407,480,480,FULL_FETCH,
梁巍巍,https://www.fahsysu.org.cn/node/35743,实采,,https://www.fahsysu.org.cn/sites/1h.prod.sysucloud1.sysu.edu.cn/files/styles/focal_point_480/public/2025-04/%E5%86%85%E5%88%86%E6%B3%8C_%E6%A2%81%E5%B7%8D%E5%B7%8D_%E5%89%AF%E4%B8%BB%E4%BB%BB%E5%8C%BB%E5%B8%88_%E4%BF%AE%E6%94%B9%E7%99%BD%E5%BA%95.jpg?itok=2JXnGm-n,01_试点医院/中山大学附属第一医院/照片/梁巍巍-内分泌内科-副主任医师-中山大学附属第一医院.jpg,179106,cffa204653c16384be3a9413595160c46a0defc19e4a93d44ddfc62dba9a61d0,480,480,FULL_FETCH,
闵运兵,https://www.fahsysu.org.cn/node/843,实采,,https://www.fahsysu.org.cn/sites/1h.prod.sysucloud1.sysu.edu.cn/files/styles/focal_point_480/public/025537.jpg?itok=EGA7oL_V,01_试点医院/中山大学附属第一医院/照片/闵运兵-内分泌内科-副主任医师-中山大学附属第一医院.jpg,185607,0893fdbda2ed8bf994039e1275aa88916fb5380679f4acee974ddab516325d01,480,480,FULL_FETCH,
卫国红,https://www.fahsysu.org.cn/node/29051,实采,,https://www.fahsysu.org.cn/sites/1h.prod.sysucloud1.sysu.edu.cn/files/styles/focal_point_480/public/2025-03/%E5%86%85%E5%88%86%E6%B3%8C%E5%86%85%E7%A7%91_%E5%8D%AB%E5%9B%BD%E7%BA%A2_%E5%89%AF%E9%AB%98.jpg?itok=D458dfKl,01_试点医院/中山大学附属第一医院/照片/卫国红-内分泌内科-副主任医师-中山大学附属第一医院.jpg,127839,96937104239392bb8cbb529f640785c3addb6998996f64d831805c684a24fbd3,480,480,FULL_FETCH,
万学思,https://www.fahsysu.org.cn/node/29101,实采,,https://www.fahsysu.org.cn/sites/1h.prod.sysucloud1.sysu.edu.cn/files/styles/focal_point_480/public/2022-05/%E5%86%85%E5%88%86%E6%B3%8C%E7%A7%91%20%E4%B8%87%E5%AD%A6%E6%80%9D%20%E5%89%AF%E9%AB%98%20%E8%B0%83%E5%B0%8F%E5%90%8E.jpg?itok=LMIZlvTt,01_试点医院/中山大学附属第一医院/照片/万学思-内分泌内科-副主任医师-中山大学附属第一医院.jpg,144632,d7235ea8c8bb8ee250dd114946467c0425b17f74e1b6026c298fc0d2ebb49bb1,480,480,FULL_FETCH,
许丽娟,https://www.fahsysu.org.cn/node/31191,实采,,https://www.fahsysu.org.cn/sites/1h.prod.sysucloud1.sysu.edu.cn/files/styles/focal_point_480/public/2023-07/%E5%86%85%E5%88%86%E6%B3%8C%E7%A7%91%20%E8%AE%B8%E4%B8%BD%E5%A8%9F%20%E5%89%AF%E9%AB%98%20%E6%89%A9%E8%BE%B9.jpg?itok=K5u9iTaK,01_试点医院/中山大学附属第一医院/照片/许丽娟-内分泌内科-副主任医师-中山大学附属第一医院.jpg,175752,319c94c7b5a6e2f3f96317b789f97bf92e0279c3f514a4322ab3d64f54cf11cb,480,480,FULL_FETCH,
徐文明,https://www.fahsysu.org.cn/node/29426,实采,,https://www.fahsysu.org.cn/sites/1h.prod.sysucloud1.sysu.edu.cn/files/styles/focal_point_480/public/2022-07/%E5%85%A8%E7%A7%91%E5%8C%BB%E5%AD%A6%E7%A7%91%20%E5%BE%90%E6%96%87%E6%98%8E%20%E5%89%AF%E9%AB%98%281%29.jpg?itok=_AZ1Dpw7,01_试点医院/中山大学附属第一医院/照片/徐文明-内分泌内科-副主任医师-中山大学附属第一医院.jpg,144445,d32411ccba9f125c37dc9a2e27a227c0205ac8f7fd8961f4a965a2e45ac14e86,480,480,FULL_FETCH,
崔毅,https://www.fahsysu.org.cn/node/845,实采,,https://www.fahsysu.org.cn/sites/1h.prod.sysucloud1.sysu.edu.cn/files/styles/focal_point_480/public/120457.jpg?itok=wt1Whr8t,01_试点医院/中山大学附属第一医院/照片/崔毅-内镜中心-主任医师-中山大学附属第一医院.jpg,155092,bb24590a4dd062624ada7b30a5f86fc1efa84c4831c0739405a9c6eb4e9a273e,480,480,FULL_FETCH,
丁震,https://www.fahsysu.org.cn/node/28902,实采,,https://www.fahsysu.org.cn/sites/1h.prod.sysucloud1.sysu.edu.cn/files/styles/focal_point_480/public/2022-04/%E6%B6%88%E5%8C%96%E5%86%85%E7%A7%91%20%E4%B8%81%E9%9C%87%20%E6%AD%A3%E9%AB%98.jpg?itok=-UCSWXL7,01_试点医院/中山大学附属第一医院/照片/丁震-内镜中心-主任医师-中山大学附属第一医院.jpg,142017,14abe9ea5e03fe0b2ed6ecec91e31050237015e710ed44cedba60e75b88fc2ff,480,480,FULL_FETCH,
谭年娣,https://www.fahsysu.org.cn/node/28391,实采,,https://www.fahsysu.org.cn/sites/1h.prod.sysucloud1.sysu.edu.cn/files/styles/focal_point_480/public/2022-02/%E6%B6%88%E5%8C%96%E5%86%85%E7%A7%91%20%E8%B0%AD%E5%B9%B4%E5%A8%A3%20%E5%89%AF%E9%AB%98.jpg?itok=-mGaulBs,01_试点医院/中山大学附属第一医院/照片/谭年娣-内镜中心-副主任医师-中山大学附属第一医院.jpg,152003,7efda49584ec76ae7c11adbbbae1214d8b022032d62f73e84712c8edd84bd2fa,480,480,FULL_FETCH,
李佩文,https://www.fahsysu.org.cn/node/30715,实采,,https://www.fahsysu.org.cn/sites/1h.prod.sysucloud1.sysu.edu.cn/files/styles/focal_point_480/public/2023-04/%E6%99%AE%E5%86%85%E7%A7%91%20%E6%9D%8E%E4%BD%A9%E6%96%87%20%E5%89%AF%E9%AB%98.jpg?itok=rdCpZQU3,01_试点医院/中山大学附属第一医院/照片/李佩文-内科门诊-副主任医师-中山大学附属第一医院.jpg,147126,5bb8035c4998f57d593e86545b920009079e393194b0e98ed706863cf7ce1cd4,480,480,FULL_FETCH,
王丹,https://www.fahsysu.org.cn/node/30714,实采,,https://www.fahsysu.org.cn/sites/1h.prod.sysucloud1.sysu.edu.cn/files/styles/focal_point_480/public/2023-04/%E5%86%85%E7%A7%91%E9%97%A8%E8%AF%8A%20%E7%8E%8B%E4%B8%B9%20%E4%BF%AE%E6%94%B9%E4%B8%BA%E7%99%BD%E5%BA%95.jpg?itok=OjXPKGQ_,01_试点医院/中山大学附属第一医院/照片/王丹-内科门诊-副主任医师-中山大学附属第一医院.jpg,122618,2bb21cf91da2aeeae69a559d986b4da21f81bec0d11417f22c3e1822136c0b88,480,480,FULL_FETCH,
龚迎迎,https://www.fahsysu.org.cn/node/33071,实采,,https://www.fahsysu.org.cn/sites/1h.prod.sysucloud1.sysu.edu.cn/files/styles/focal_point_480/public/2024-05/%E9%BE%9A%E8%BF%8E%E8%BF%8E.jpg?itok=xUZzaDUG,01_试点医院/中山大学附属第一医院/照片/龚迎迎-老年病科-副主任医师-中山大学附属第一医院.jpg,159468,eb79be0886148f5af5d6e37c0359039ac7894f464d20d22324d95081147bc134,480,480,FULL_FETCH,
蒋小云,https://www.fahsysu.org.cn/node/852,实采,,https://www.fahsysu.org.cn/sites/1h.prod.sysucloud1.sysu.edu.cn/files/styles/focal_point_480/public/2022-06/%E7%99%BD%E5%BA%95--%E8%92%8B%E5%B0%8F%E4%BA%91.jpg?itok=dfLCpe9u,01_试点医院/中山大学附属第一医院/照片/蒋小云-儿科一科-主任医师-中山大学附属第一医院.jpg,168283,ecd54884d7ab1221d5125fb0ed2d44ab9176bb4677588862dca96528a6e4aad4,480,480,FULL_FETCH,
李燕虹,https://www.fahsysu.org.cn/node/855,实采,,https://www.fahsysu.org.cn/sites/1h.prod.sysucloud1.sysu.edu.cn/files/styles/focal_point_480/public/042521.jpg?itok=am-ZPNqy,01_试点医院/中山大学附属第一医院/照片/李燕虹-儿科一科-主任医师-中山大学附属第一医院.jpg,136614,8f5b80c7022ce98a34749d22b45ea366ae745f2f1ae9baee1dda03be0e61827f,480,480,FULL_FETCH,
莫樱,https://www.fahsysu.org.cn/node/853,实采,,https://www.fahsysu.org.cn/sites/1h.prod.sysucloud1.sysu.edu.cn/files/styles/focal_point_480/public/2023-03/%E5%84%BF%E7%A7%91%E8%8E%AB%E6%A8%B1%E6%AD%A3%E9%AB%98%EF%BC%88%E4%BF%AE%E6%94%B9%EF%BC%89.jpg?itok=u6JO94mU,01_试点医院/中山大学附属第一医院/照片/莫樱-儿科一科-主任医师-中山大学附属第一医院.jpg,129007,05f25e619995669cf2cc2023fa5a1cac143923dbde60d89b3b514d96cf32c761,480,480,FULL_FETCH,
陈丽植,https://www.fahsysu.org.cn/node/35711,实采,,https://www.fahsysu.org.cn/sites/1h.prod.sysucloud1.sysu.edu.cn/files/styles/focal_point_480/public/2025-04/%E5%84%BF%E8%82%BE%E9%A3%8E%E6%B9%BF%E6%95%99%E6%8E%88%E9%97%A8%E8%AF%8A-%E9%99%88%E4%B8%BD%E6%A4%8D-%E5%89%AF%E9%AB%98.jpg?itok=ax_KrZSC,01_试点医院/中山大学附属第一医院/照片/陈丽植-儿科一科-副主任医师-中山大学附属第一医院.jpg,186293,d0f219724cc4c3c3b655fc8bd4abe815d7d48d01e680f6faa8f45a706bc203a1,480,480,FULL_FETCH,
陈美姬,https://www.fahsysu.org.cn/node/34056,实采,,https://www.fahsysu.org.cn/sites/1h.prod.sysucloud1.sysu.edu.cn/files/styles/focal_point_480/public/2024-09/%E5%84%BF%E7%A7%91_%E9%99%88%E7%BE%8E%E5%A7%AC.jpg?itok=UHBPMKiF,01_试点医院/中山大学附属第一医院/照片/陈美姬-儿科一科-副主任医师-中山大学附属第一医院.jpg,153220,eff9bb995c8f917aae47bc58d2c87b0308419382ce7e6b3b077ab1fd1bc3e323,480,480,FULL_FETCH,
黄柳一,https://www.fahsysu.org.cn/node/854,实采,,https://www.fahsysu.org.cn/sites/1h.prod.sysucloud1.sysu.edu.cn/files/styles/focal_point_480/public/2026-06/%E5%84%BF%E7%A7%91_%E9%BB%84%E6%9F%B3%E4%B8%80_%E5%89%AF%E9%AB%98.jpg?itok=5y-yF0pu,01_试点医院/中山大学附属第一医院/照片/黄柳一-儿科一科-副主任医师-中山大学附属第一医院.jpg,82820,b99b726ab48c78ca094b44aef950332cbc4244ac67a8933b12146665fe89adc1,480,480,FULL_FETCH,
姜梦婕,https://www.fahsysu.org.cn/node/35630,实采,,https://www.fahsysu.org.cn/sites/1h.prod.sysucloud1.sysu.edu.cn/files/styles/focal_point_480/public/2025-04/%E5%84%BF%E7%A7%91_%E5%A7%9C%E6%A2%A6%E5%A9%95_%E5%89%AF%E9%AB%98.jpg?itok=Bannr7aW,01_试点医院/中山大学附属第一医院/照片/姜梦婕-儿科一科-副主任医师-中山大学附属第一医院.jpg,122737,969f4d2cb21d84eb5f75116e2838200340384fcc07a23c33e574533f9da5e920,480,480,FULL_FETCH,
裴瑜馨,https://www.fahsysu.org.cn/node/32512,实采,,https://www.fahsysu.org.cn/sites/1h.prod.sysucloud1.sysu.edu.cn/files/styles/focal_point_480/public/2024-02/%E5%84%BF%E7%A7%91%20%E8%A3%B4%E7%91%9C%E9%A6%A8%20%E5%89%AF%E9%AB%98.jpg?itok=e7xNqZ2O,01_试点医院/中山大学附属第一医院/照片/裴瑜馨-儿科一科-副主任医师-中山大学附属第一医院.jpg,137847,7de9e5ee33cfd8d7e3381f74d4b65c9cd7ce2d67469cda76cf538ab9ff171177,480,480,FULL_FETCH,
岳智慧,https://www.fahsysu.org.cn/node/856,实采,,https://www.fahsysu.org.cn/sites/1h.prod.sysucloud1.sysu.edu.cn/files/styles/focal_point_480/public/2026-05/%E5%84%BF%E7%A7%91%E5%B2%B3%E6%99%BA%E6%85%A7.jpg?itok=fZf27ZTG,01_试点医院/中山大学附属第一医院/照片/岳智慧-儿科一科-副主任医师-中山大学附属第一医院.jpg,112073,8411122e69f96863d15cc46d77baf5b03aa4e8d20adb98817c2e65bd707bd971,480,480,FULL_FETCH,
黄礼彬,https://www.fahsysu.org.cn/node/861,实采,,https://www.fahsysu.org.cn/sites/1h.prod.sysucloud1.sysu.edu.cn/files/styles/focal_point_480/public/043445.jpg?itok=tZiuvURO,01_试点医院/中山大学附属第一医院/照片/黄礼彬-儿科二科-主任医师-中山大学附属第一医院.jpg,139199,9ca99639d871d10c10350834f6b9b9eff6932761a17f5d1eefa7efcb3574429d,480,480,FULL_FETCH,
罗学群,https://www.fahsysu.org.cn/node/858,实采,,https://www.fahsysu.org.cn/sites/1h.prod.sysucloud1.sysu.edu.cn/files/styles/focal_point_480/public/2023-03/%E5%84%BF%E7%A7%91%E4%BA%8C%E7%A7%91%20%E7%BD%97%E5%AD%A6%E7%BE%A4%20%E6%AD%A3%E9%AB%98%20%E4%BF%AE%E6%94%B9.jpg?itok=wcrJhmFJ,01_试点医院/中山大学附属第一医院/照片/罗学群-儿科二科-主任医师-中山大学附属第一医院.jpg,128830,8be15564fa50ccbbcec59d7811c13d73f3c6a9da018de055171b382d2914cd1f,480,480,FULL_FETCH,
马华梅,https://www.fahsysu.org.cn/node/859,实采,,https://www.fahsysu.org.cn/sites/1h.prod.sysucloud1.sysu.edu.cn/files/styles/focal_point_480/public/073844.jpg?itok=uIfK6u5c,01_试点医院/中山大学附属第一医院/照片/马华梅-儿科二科-主任医师-中山大学附属第一医院.jpg,244888,85c4269925e467755cc0fd40743d87ec4a9dd7efd0ea4ee2a58ef3b920efc536,480,480,FULL_FETCH,
陈秋莉,https://www.fahsysu.org.cn/node/848,实采,,https://www.fahsysu.org.cn/sites/1h.prod.sysucloud1.sysu.edu.cn/files/styles/focal_point_480/public/2025-12/%E5%84%BF%E7%A7%91%E4%BA%8C%E7%A7%91_%E9%99%88%E7%A7%8B%E8%8E%89_2025%E5%B9%B4%E5%A4%B4%E5%83%8F.jpg?itok=BqIqcCOl,01_试点医院/中山大学附属第一医院/照片/陈秋莉-儿科二科-副主任医师-中山大学附属第一医院.jpg,146716,0458e7a8ce17d2ef5f7ea30b38caac5c306049c74c0b7bd0bbfe363ae427700b,480,480,FULL_FETCH,
郭松,https://www.fahsysu.org.cn/node/36749,实采,,https://www.fahsysu.org.cn/sites/1h.prod.sysucloud1.sysu.edu.cn/files/styles/focal_point_480/public/2025-09/%E5%84%BF%E7%A7%91_%E9%83%AD%E6%9D%BE_%E5%89%AF%E9%AB%98.jpg?itok=bmkmtxYd,01_试点医院/中山大学附属第一医院/照片/郭松-儿科二科-副主任医师-中山大学附属第一医院.jpg,140433,ce5a8073c02ad4ea9aefdc09552005711d25e36c28e63cbb2092a31a4543d007,480,480,FULL_FETCH,
柯志勇,https://www.fahsysu.org.cn/node/862,实采,,https://www.fahsysu.org.cn/sites/1h.prod.sysucloud1.sysu.edu.cn/files/styles/focal_point_480/public/2026-03/%E5%84%BF%E7%A7%91%E6%9F%AF%E5%BF%97%E5%8B%87%E5%89%AF%E4%B8%BB%E4%BB%BB%E5%8C%BB%E5%B8%88.jpg?itok=IKpuEVlC,01_试点医院/中山大学附属第一医院/照片/柯志勇-儿科二科-副主任医师-中山大学附属第一医院.jpg,147276,a8d4d7d142abb8507663f7aa1db855d1d4f288b6a0eef148433ffe9a312669c8,480,480,FULL_FETCH,
唐燕来,https://www.fahsysu.org.cn/node/35712,实采,,https://www.fahsysu.org.cn/sites/1h.prod.sysucloud1.sysu.edu.cn/files/styles/focal_point_480/public/2025-04/%E5%84%BF%E7%A7%91%E4%BA%8C%E7%A7%91_%E5%94%90%E7%87%95%E6%9D%A5_%E5%89%AF%E9%AB%98_%E4%BF%AE%E6%94%B9%E7%99%BD%E5%BA%95.jpg?itok=Q5KvkdgW,01_试点医院/中山大学附属第一医院/照片/唐燕来-儿科二科-副主任医师-中山大学附属第一医院.jpg,121099,36a7961fb4bb452f1bc2e12e3f06ec4d7124b2f8c9d3b5cc8aa105390240b6b5,480,480,FULL_FETCH,
张军,https://www.fahsysu.org.cn/node/31111,实采,,https://www.fahsysu.org.cn/sites/1h.prod.sysucloud1.sysu.edu.cn/files/styles/focal_point_480/public/2023-07/%E5%84%BF%E7%A7%91%20%E5%86%85%E5%88%86%E6%B3%8C%20%E5%BC%A0%E5%86%9B%20%E5%89%AF%E9%AB%98%20%E7%99%BD%E5%BA%95%E4%BF%AE%E6%94%B9%E7%89%88.jpg?itok=Y5qu3mR2,01_试点医院/中山大学附属第一医院/照片/张军-儿科二科-副主任医师-中山大学附属第一医院.jpg,121033,12453ec780527f916d4ccc4d9204ad4e34cc4f51f705bb8a25613fd1a998e3d7,480,480,FULL_FETCH,
张晓莉,https://www.fahsysu.org.cn/node/38128,实采,,https://www.fahsysu.org.cn/sites/1h.prod.sysucloud1.sysu.edu.cn/files/styles/focal_point_480/public/2026-03/%E5%84%BF%E7%A7%91_%E5%BC%A0%E6%99%93%E8%8E%89_%E5%89%AF%E9%AB%98.jpg?itok=sS89AZ1l,01_试点医院/中山大学附属第一医院/照片/张晓莉-儿科二科-副主任医师-中山大学附属第一医院.jpg,104948,decc4608f8001f55b9726d8983c534aafdecd41c72c995c1b11e4d05b1ef9764,480,480,FULL_FETCH,
黄越芳,https://www.fahsysu.org.cn/node/863,实采,,https://www.fahsysu.org.cn/sites/1h.prod.sysucloud1.sysu.edu.cn/files/styles/focal_point_480/public/072342_0.jpg?itok=hX3ZSAp2,01_试点医院/中山大学附属第一医院/照片/黄越芳-儿科三科（新生儿科）-主任医师-中山大学附属第一医院.jpg,191939,744b1199a191528a5f1a543f0ed791074ed9dfbbfcb47ca0ab606e6fbf3a075a,480,480,FULL_FETCH,
余慕雪,https://www.fahsysu.org.cn/node/864,实采,,https://www.fahsysu.org.cn/sites/1h.prod.sysucloud1.sysu.edu.cn/files/styles/focal_point_480/public/035457.jpg?itok=AbNByKqF,01_试点医院/中山大学附属第一医院/照片/余慕雪-儿科三科（新生儿科）-主任医师-中山大学附属第一医院.jpg,237218,1caf53d908cd76b3f4c7e38ee477157769f8c23c97ea6e57a429ea0d6ac90bb1,480,480,FULL_FETCH,
李晓瑜,https://www.fahsysu.org.cn/node/865,实采,,https://www.fahsysu.org.cn/sites/1h.prod.sysucloud1.sysu.edu.cn/files/styles/focal_point_480/public/072155.jpg?itok=gXxNUVrR,01_试点医院/中山大学附属第一医院/照片/李晓瑜-儿科三科（新生儿科）-副主任医师-中山大学附属第一医院.jpg,150652,fbc02fe695e2580209d01437b782d443ae625a4af3055de495c7aa478aad2a47,480,480,FULL_FETCH,
刘美娜,https://www.fahsysu.org.cn/node/867,实采,,https://www.fahsysu.org.cn/sites/1h.prod.sysucloud1.sysu.edu.cn/files/styles/focal_point_480/public/2023-04/%E5%88%98%E7%BE%8E%E5%A8%9C.jpg?itok=JIWdIWnV,01_试点医院/中山大学附属第一医院/照片/刘美娜-儿科三科（新生儿科）-副主任医师-中山大学附属第一医院.jpg,149735,4740239168cdf075f864c1fc1601a9bdc4cda0a417a70689f660dd64e6e8b027,480,480,FULL_FETCH,
沈振宇,https://www.fahsysu.org.cn/node/868,实采,,https://www.fahsysu.org.cn/sites/1h.prod.sysucloud1.sysu.edu.cn/files/styles/focal_point_480/public/2023-03/%E5%84%BF%E7%A7%91%20%E6%B2%88%E6%8C%AF%E5%AE%87%20%E5%89%AF%E9%AB%98%EF%BC%88%E4%BF%AE%E6%94%B9%EF%BC%89.jpg?itok=m4b-LKlz,01_试点医院/中山大学附属第一医院/照片/沈振宇-儿科三科（新生儿科）-副主任医师-中山大学附属第一医院.jpg,129331,2c45be7f4131d574960a24b80bbcb775f10b512969099bee717908d3a3dc639f,480,480,FULL_FETCH,
李易娟,https://www.fahsysu.org.cn/node/866,实采,,https://www.fahsysu.org.cn/sites/1h.prod.sysucloud1.sysu.edu.cn/files/styles/focal_point_480/public/2023-10/%E5%84%BF%E7%A7%91ICU%20%E6%9D%8E%E6%98%93%E5%A8%9F%20%E6%AD%A3%E9%AB%98%EF%BC%88%E7%99%BD%E5%BA%95%EF%BC%89.jpg?itok=jcXqvnsy,01_试点医院/中山大学附属第一医院/照片/李易娟-儿科ICU-主任医师-中山大学附属第一医院.jpg,103981,5e8f549aae55c9d21ea041001c691a602892f59c7675e0a83ba63d17b49d68d3,480,480,FULL_FETCH,
梁玉坚,https://www.fahsysu.org.cn/node/33151,实采,,https://www.fahsysu.org.cn/sites/1h.prod.sysucloud1.sysu.edu.cn/files/styles/focal_point_480/public/2024-05/%E5%84%BF%E7%A7%91ICU%20%E6%A2%81%E7%8E%89%E5%9D%9A%20%E5%89%AF%E9%AB%98.jpg?itok=7SeAW-5V,01_试点医院/中山大学附属第一医院/照片/梁玉坚-儿科ICU-副主任医师-中山大学附属第一医院.jpg,150853,3b6d564f594cb89304e13d822a4184c2bae59c58a0ba5f8a51efa87203f73252,480,480,FULL_FETCH,
徐玲玲,https://www.fahsysu.org.cn/node/33069,实采,,https://www.fahsysu.org.cn/sites/1h.prod.sysucloud1.sysu.edu.cn/files/styles/focal_point_480/public/2025-12/%E5%84%BF%E7%A7%91icu_%E5%BE%90%E7%8E%B2%E7%8E%B2_%E5%89%AF%E9%AB%98.jpg?itok=2p6VSbcN,01_试点医院/中山大学附属第一医院/照片/徐玲玲-儿科ICU-副主任医师-中山大学附属第一医院.jpg,135323,afe7158a927efc77f9f28f7eb944f1842d6d39849df9943818cdaf1b29c4c8c0,480,480,FULL_FETCH,
裴中,https://www.fahsysu.org.cn/node/870,失败,无照片容器,,,,,,,FULL_FETCH,"{""detail_http"":200,""detection_feature"":""focal_point_480 引用数=0；医生照片容器缺失；页面 media-img 仅有 5 个 path contains /styles/mini200/ 公共图标"",""excluded_resources"":[{""feature"":""path contains /styles/mini200/"",""reason"":""公共装饰图"",""url"":""https://www.fahsysu.org.cn/sites/1h.prod.sysucloud1.sysu.edu.cn/files/styles/mini200/public/action-9-1-3.png?itok=N7xVlmOY""},{""feature"":""path contains /styles/mini200/"",""reason"":""公共装饰图"",""url"":""https://www.fahsysu.org.cn/sites/1h.prod.sysucloud1.sysu.edu.cn/files/styles/mini200/public/action-9-1-6.png?itok=e9BYn97e""},{""feature"":""path contains /styles/mini200/"",""reason"":""公共装饰图"",""url"":""https://www.fahsysu.org.cn/sites/1h.prod.sysucloud1.sysu.edu.cn/files/styles/mini200/public/action-9-1-1_0.png?itok=lMXpEjLC""},{""feature"":""path contains /styles/mini200/"",""reason"":""公共装饰图"",""url"":""https://www.fahsysu.org.cn/sites/1h.prod.sysucloud1.sysu.edu.cn/files/styles/mini200/public/action-9-2-8.png?itok=XyTEzUHK""},{""feature"":""path contains /styles/mini200/"",""reason"":""公共装饰图"",""url"":""https://www.fahsysu.org.cn/sites/1h.prod.sysucloud1.sysu.edu.cn/files/styles/mini200/public/action-9-1-2_0.png?itok=thPXMwH8""}],""focal_point_480_reference_count"":0,""observed_utc"":""2026-08-18T14:31:52Z"",""resource_urls"":[""https://www.fahsysu.org.cn/sites/1h.prod.sysucloud1.sysu.edu.cn/files/styles/mini200/public/action-9-1-3.png?itok=N7xVlmOY"",""https://www.fahsysu.org.cn/sites/1h.prod.sysucloud1.sysu.edu.cn/files/styles/mini200/public/action-9-1-6.png?itok=e9BYn97e"",""https://www.fahsysu.org.cn/sites/1h.prod.sysucloud1.sysu.edu.cn/files/styles/mini200/public/action-9-1-1_0.png?itok=lMXpEjLC"",""https://www.fahsysu.org.cn/sites/1h.prod.sysucloud1.sysu.edu.cn/files/styles/mini200/public/action-9-2-8.png?itok=XyTEzUHK"",""https://www.fahsysu.org.cn/sites/1h.prod.sysucloud1.sysu.edu.cn/files/styles/mini200/public/action-9-1-2_0.png?itok=thPXMwH8""],""template_signature"":"".other-left .other-media .media-img[data-image-url]""}"
王雪晶,https://www.fahsysu.org.cn/node/37040,实采,,https://www.fahsysu.org.cn/sites/1h.prod.sysucloud1.sysu.edu.cn/files/styles/focal_point_480/public/2025-10/%E7%A5%9E%E7%BB%8F%E7%A7%91_%E7%8E%8B%E9%9B%AA%E6%99%B6_%E6%AD%A3%E9%AB%98.jpg?itok=443cmLhW,01_试点医院/中山大学附属第一医院/照片/王雪晶-神经科-主任医师-中山大学附属第一医院.jpg,132972,67743af0da150393a0d31f7a614c5b62cf9c9dd215948130c09af8283d11e167,480,480,FULL_FETCH,
曾进胜,https://www.fahsysu.org.cn/node/872,实采,,https://www.fahsysu.org.cn/sites/1h.prod.sysucloud1.sysu.edu.cn/files/styles/focal_point_480/public/%E6%9B%BE%E8%BF%9B%E8%83%9C_0.jpg?itok=4k6p1xoW,01_试点医院/中山大学附属第一医院/照片/曾进胜-神经科-主任医师-中山大学附属第一医院.jpg,155010,d208dc62be1c8f7465ea54c6ea2e467f4b2be83aa668793386492daf8a522e86,480,480,FULL_FETCH,
陈裴,https://www.fahsysu.org.cn/node/35659,实采,,https://www.fahsysu.org.cn/sites/1h.prod.sysucloud1.sysu.edu.cn/files/styles/focal_point_480/public/2025-11/%E7%A5%9E%E7%BB%8F%E7%A7%91_%E9%99%88%E8%A3%B4.png?itok=bF8Xx9Sc,01_试点医院/中山大学附属第一医院/照片/陈裴-神经科-副主任医师-中山大学附属第一医院.png,323632,708a37928aa9e04fcde2812b4ed5b22c59b2d2362c9fb98eebc318e1f421eb7b,480,480,FULL_FETCH,
尚文锦,https://www.fahsysu.org.cn/node/38110,实采,,https://www.fahsysu.org.cn/sites/1h.prod.sysucloud1.sysu.edu.cn/files/styles/focal_point_480/public/2026-03/%E7%99%BD%E5%BA%95%E7%85%A7%E7%89%87%EF%BC%88%E5%B0%9A%E6%96%87%E9%94%A6%EF%BC%89%28%E5%8E%8B%E7%BC%A9%29.png?itok=hbANR6PN,01_试点医院/中山大学附属第一医院/照片/尚文锦-神经科-副主任医师-中山大学附属第一医院.png,198984,9c25d6b9484f63763064f5055ed7795e983aeb6b972403638cc59c0f3a62392b,480,480,FULL_FETCH,
周香雪,https://www.fahsysu.org.cn/node/880,实采,,https://www.fahsysu.org.cn/sites/1h.prod.sysucloud1.sysu.edu.cn/files/styles/focal_point_480/public/2026-04/%E7%A5%9E%E7%BB%8F%E7%A7%91-%E5%91%A8%E9%A6%99%E9%9B%AA-%E5%89%AF%E9%AB%98.jpg?itok=F3VcE3wm,01_试点医院/中山大学附属第一医院/照片/周香雪-神经科-副主任医师-中山大学附属第一医院.jpg,171529,358806ef46d80e38f65b552b1662cca294992b2c39c507ab058b2b0daea9284b,480,480,FULL_FETCH,
李洵桦,https://www.fahsysu.org.cn/node/882,实采,,https://www.fahsysu.org.cn/sites/1h.prod.sysucloud1.sysu.edu.cn/files/styles/focal_point_480/public/023345.jpg?itok=7lDWQK5O,01_试点医院/中山大学附属第一医院/照片/李洵桦-神经一科-主任医师-中山大学附属第一医院.jpg,159627,35e534515b4068adadd7b1db2d14b84ad0693962f34bfa14c1e57baad516afd2,480,480,FULL_FETCH,
陈子怡,https://www.fahsysu.org.cn/node/890,实采,,https://www.fahsysu.org.cn/sites/1h.prod.sysucloud1.sysu.edu.cn/files/styles/focal_point_480/public/053826.jpg?itok=ufq8ik2U,01_试点医院/中山大学附属第一医院/照片/陈子怡-神经一科-主任医师-中山大学附属第一医院.jpg,211051,e752167178c6b21fded61023beb620105bb2cad08315f8621cecba48392ca903,480,480,FULL_FETCH,
丁雪冰,https://www.fahsysu.org.cn/node/34899,实采,,https://www.fahsysu.org.cn/sites/1h.prod.sysucloud1.sysu.edu.cn/files/styles/focal_point_480/public/2024-12/%E7%A5%9E%E7%BB%8F%E7%A7%91_%E4%B8%81%E9%9B%AA%E5%86%B0_%E6%AD%A3%E9%AB%98.jpg?itok=mqTSUjoy,01_试点医院/中山大学附属第一医院/照片/丁雪冰-神经一科-主任医师-中山大学附属第一医院.jpg,128919,429a2593bade5703ead329e6a6e0664c5c5a7f85ccba42d6945c22ad7cfde0ea,480,480,FULL_FETCH,
廖松洁,https://www.fahsysu.org.cn/node/875,实采,,https://www.fahsysu.org.cn/sites/1h.prod.sysucloud1.sysu.edu.cn/files/styles/focal_point_480/public/2026-05/%E7%A5%9E%E7%BB%8F%E7%A7%91_%E5%BB%96%E6%9D%BE%E6%B4%81_%E6%AD%A3%E9%AB%98.jpg?itok=0-boA8-0,01_试点医院/中山大学附属第一医院/照片/廖松洁-神经一科-主任医师-中山大学附属第一医院.jpg,140809,0c4710c6d86dd050f1996f38c8c5b2d668eb9f6218dffc515809c5f1edcbea4e,480,480,FULL_FETCH,
吴琪,https://www.fahsysu.org.cn/node/884,实采,,https://www.fahsysu.org.cn/sites/1h.prod.sysucloud1.sysu.edu.cn/files/styles/focal_point_480/public/025622_0.jpg?itok=a6Y9MsSa,01_试点医院/中山大学附属第一医院/照片/吴琪-神经一科-主任医师-中山大学附属第一医院.jpg,248267,f81fbc35d2946085ee83217b8f44f9a50b597ce5c2d7a54a123f68b929451917,480,480,FULL_FETCH,
姚晓黎,https://www.fahsysu.org.cn/node/885,实采,,https://www.fahsysu.org.cn/sites/1h.prod.sysucloud1.sysu.edu.cn/files/styles/focal_point_480/public/030121.jpg?itok=oXmYN9tu,01_试点医院/中山大学附属第一医院/照片/姚晓黎-神经一科-主任医师-中山大学附属第一医院.jpg,168589,6462606e7494609528c12383d3eeec266845b0d058d92e56cc74924e5136bb73,480,480,FULL_FETCH,
张为西,https://www.fahsysu.org.cn/node/887,实采,,https://www.fahsysu.org.cn/sites/1h.prod.sysucloud1.sysu.edu.cn/files/styles/focal_point_480/public/031612.jpg?itok=s_I2Vjk2,01_试点医院/中山大学附属第一医院/照片/张为西-神经一科-主任医师-中山大学附属第一医院.jpg,136815,7e09022f6505994fc65211934058e4625d94be38808a153877058130022e71b2,480,480,FULL_FETCH,
陈定邦,https://www.fahsysu.org.cn/node/889,实采,,https://www.fahsysu.org.cn/sites/1h.prod.sysucloud1.sysu.edu.cn/files/styles/focal_point_480/public/2024-09/%E7%A5%9E%E7%BB%8F%E7%A7%91%E9%99%88%E5%AE%9A%E9%82%A6%E5%89%AF%E4%B8%BB%E4%BB%BB%E5%8C%BB%E5%B8%88.jpg?itok=jqQfbFV3,01_试点医院/中山大学附属第一医院/照片/陈定邦-神经一科-副主任医师-中山大学附属第一医院.jpg,148711,4d58c466e694f86aef258908fee15d0507ee38ff99f715fc44742d57d403827f,480,480,FULL_FETCH,
戴启麟,https://www.fahsysu.org.cn/node/891,实采,,https://www.fahsysu.org.cn/sites/1h.prod.sysucloud1.sysu.edu.cn/files/styles/focal_point_480/public/1148310.1.jpg?itok=OKHn6A9g,01_试点医院/中山大学附属第一医院/照片/戴启麟-神经一科-副主任医师-中山大学附属第一医院.jpg,187895,fe40563c858225b2d017dd0fdba7e603067a708e8c58767a00e881fa350a09dc,480,480,FULL_FETCH,
丰岩清,https://www.fahsysu.org.cn/node/893,实采,,https://www.fahsysu.org.cn/sites/1h.prod.sysucloud1.sysu.edu.cn/files/styles/focal_point_480/public/722170136.jpg?itok=O0_YCw7q,01_试点医院/中山大学附属第一医院/照片/丰岩清-神经一科-副主任医师-中山大学附属第一医院.jpg,156941,fb35da2c4dbc690aa67a3165f8db4eab0d16ff7d1cdb69b103a1f7843e623c00,480,480,FULL_FETCH,
方莹莹,https://www.fahsysu.org.cn/node/892,实采,,https://www.fahsysu.org.cn/sites/1h.prod.sysucloud1.sysu.edu.cn/files/styles/focal_point_480/public/015453.jpg?itok=JYDv_8vs,01_试点医院/中山大学附属第一医院/照片/方莹莹-神经一科-副主任医师-中山大学附属第一医院.jpg,282288,1c76c896af19e3e3f19d6afd6c8fa4abc59bfb81ad195ca1c769521faab52078,480,480,FULL_FETCH,
黄鑫,https://www.fahsysu.org.cn/node/29218,实采,,https://www.fahsysu.org.cn/sites/1h.prod.sysucloud1.sysu.edu.cn/files/styles/focal_point_480/public/2022-06/%E7%A5%9E%E7%BB%8F%E7%A7%91-%E9%BB%84%E9%91%AB-%E5%89%AF%E9%AB%98.jpg?itok=J3A6flsz,01_试点医院/中山大学附属第一医院/照片/黄鑫-神经一科-副主任医师-中山大学附属第一医院.jpg,129654,1bbf867607b2ae8a512f00d87ac5e5e1faa77345332a494f286dcc073f09914f,480,480,FULL_FETCH,
梁颖茵,https://www.fahsysu.org.cn/node/32589,实采,,https://www.fahsysu.org.cn/sites/1h.prod.sysucloud1.sysu.edu.cn/files/styles/focal_point_480/public/2024-02/%E7%A5%9E%E7%BB%8F%E5%86%85%E7%A7%91%E6%A2%81%E9%A2%96%E8%8C%B5%E5%89%AF%E9%AB%98.jpeg?itok=roSLeqqR,01_试点医院/中山大学附属第一医院/照片/梁颖茵-神经一科-副主任医师-中山大学附属第一医院.jpg,141907,5c4a9baa0a9eafbdb84290ca80c7d7ff9500c39684dd31adf0cc24ea604746c3,480,480,FULL_FETCH,
吴超,https://www.fahsysu.org.cn/node/33067,实采,,https://www.fahsysu.org.cn/sites/1h.prod.sysucloud1.sysu.edu.cn/files/styles/focal_point_480/public/2024-05/%E7%A5%9E%E7%BB%8F%E7%A7%91%2B%E5%90%B4%E8%B6%85%2B%E5%89%AF%E9%AB%98.jpg?itok=h6v_qOse,01_试点医院/中山大学附属第一医院/照片/吴超-神经一科-副主任医师-中山大学附属第一医院.jpg,127833,b955132d1290ec495bc4934b6324e815da4185ae819939eca9441a3bb8404d4c,480,480,FULL_FETCH,
冼文彪,https://www.fahsysu.org.cn/node/33114,实采,,https://www.fahsysu.org.cn/sites/1h.prod.sysucloud1.sysu.edu.cn/files/styles/focal_point_480/public/2024-05/%E7%A5%9E%E7%BB%8F%E4%B8%80%E7%A7%91%2B%E5%86%BC%E6%96%87%E5%BD%AA%2B%E5%89%AF%E9%AB%98.jpg?itok=AVh27g52,01_试点医院/中山大学附属第一医院/照片/冼文彪-神经一科-副主任医师-中山大学附属第一医院.jpg,144431,69e5ba44806f980202e0145c545f4eb937d994e54567674cfee27065ea9b48e0,480,480,FULL_FETCH,
郑一帆,https://www.fahsysu.org.cn/node/33062,失败,详情不可达,,,,,,,FULL_FETCH,"{""detail_http"":200,""detection_feature"":""页面引用唯一 focal_point_480；照片资源不可达；#1 2026-08-18T14:32:01Z HTTP 404 text/html | #2 2026-08-18T14:32:32Z HTTP 404 text/html | #3 2026-08-18T14:33:02Z HTTP 404 text/html"",""excluded_resources"":[],""focal_point_480_reference_count"":1,""observed_utc"":""2026-08-18T14:33:02Z"",""resource_urls"":[""https://www.fahsysu.org.cn/sites/1h.prod.sysucloud1.sysu.edu.cn/files/styles/focal_point_480/public/2024-05/%E7%A5%9E%E7%BB%8F%E7%A7%91%2B%E9%83%91%E4%B8%80%E5%B8%86%2B%E5%89%AF%E9%AB%98%20%E4%BF%AE%E6%94%B9%E5%90%8E.jpg?itok=uhaRMs26""],""template_signature"":"".other-left .other-media .media-img[data-image-url]""}"
黄海威,https://www.fahsysu.org.cn/node/896,实采,,https://www.fahsysu.org.cn/sites/1h.prod.sysucloud1.sysu.edu.cn/files/styles/focal_point_480/public/022436.jpg?itok=8jUx3tCT,01_试点医院/中山大学附属第一医院/照片/黄海威-神经二科（脑血管病专科）-主任医师-中山大学附属第一医院.jpg,244600,a4fa0f3721dc297ed0ae640562ca13a340201ad59587af4a2d4d5f141813ecdb,480,480,FULL_FETCH,
洪华,https://www.fahsysu.org.cn/node/895,实采,,https://www.fahsysu.org.cn/sites/1h.prod.sysucloud1.sysu.edu.cn/files/styles/focal_point_480/public/020959.jpg?itok=dDvj5muB,01_试点医院/中山大学附属第一医院/照片/洪华-神经二科（脑血管病专科）-主任医师-中山大学附属第一医院.jpg,182109,5b0e9392306b77cb26289e44fedd6fa3099bc6fdcf3abec434564fa082f4c735,480,480,FULL_FETCH,
刘刚,https://www.fahsysu.org.cn/node/20863,实采,,https://www.fahsysu.org.cn/sites/1h.prod.sysucloud1.sysu.edu.cn/files/styles/focal_point_480/public/2025-04/%E7%A5%9E%E7%BB%8F%E5%84%BF%E7%A7%91_%E5%88%98%E5%88%9A_%E6%AD%A3%E9%AB%98_%E4%BF%AE%E6%94%B9%E7%99%BD%E5%BA%95.jpg?itok=nlLOThZb,01_试点医院/中山大学附属第一医院/照片/刘刚-神经二科（脑血管病专科）-主任医师-中山大学附属第一医院.jpg,160400,4a98b2308ea2b072ad7b7b63fa538f1cb8c6cfd20634235ae0aec2383938de9c,480,480,FULL_FETCH,
李玲,https://www.fahsysu.org.cn/node/35738,实采,,https://www.fahsysu.org.cn/sites/1h.prod.sysucloud1.sysu.edu.cn/files/styles/focal_point_480/public/2026-05/%E7%A5%9E%E7%BB%8F%E5%86%85%E7%A7%91_%E6%9D%8E%E7%8E%B2_%E6%95%99%E6%8E%88.jpg?itok=TEwHGxEp,01_试点医院/中山大学附属第一医院/照片/李玲-神经二科（脑血管病专科）-主任医师-中山大学附属第一医院.jpg,130154,2765f1a71ff230b5455e1b3027ea6d7b263bc0b0642942cef52edd091b962e55,480,480,FULL_FETCH,
盛文利,https://www.fahsysu.org.cn/node/898,实采,,https://www.fahsysu.org.cn/sites/1h.prod.sysucloud1.sysu.edu.cn/files/styles/focal_point_480/public/024734.jpg?itok=rYBMq9-1,01_试点医院/中山大学附属第一医院/照片/盛文利-神经二科（脑血管病专科）-主任医师-中山大学附属第一医院.jpg,188518,53d38a3c4dc06313d5ae420aefc76aef543bc3ed0192b24a7cc12f3d1cb35a53,480,480,FULL_FETCH,
陶玉倩,https://www.fahsysu.org.cn/node/899,实采,,https://www.fahsysu.org.cn/sites/1h.prod.sysucloud1.sysu.edu.cn/files/styles/focal_point_480/public/025207.jpg?itok=OiIjNauO,01_试点医院/中山大学附属第一医院/照片/陶玉倩-神经二科（脑血管病专科）-主任医师-中山大学附属第一医院.jpg,162962,47d205de8c9e255fde3b1d39569afdc6043b097623b489cb20f86b3a183ab8db,480,480,FULL_FETCH,
邢世会,https://www.fahsysu.org.cn/node/877,实采,,https://www.fahsysu.org.cn/sites/1h.prod.sysucloud1.sysu.edu.cn/files/styles/focal_point_480/public/2026-06/13425616398645655.png?itok=0kw44rcE,01_试点医院/中山大学附属第一医院/照片/邢世会-神经二科（脑血管病专科）-主任医师-中山大学附属第一医院.png,226808,9116c14d8a98eb81b4167482e749cb159aa858de0f756f376ac57e012e85808e,480,480,FULL_FETCH,
余剑,https://www.fahsysu.org.cn/node/900,实采,,https://www.fahsysu.org.cn/sites/1h.prod.sysucloud1.sysu.edu.cn/files/styles/focal_point_480/public/2025-03/%E7%A5%9E%E7%BB%8F%E7%A7%91_%E4%BD%99%E5%89%91_%E6%AD%A3%E9%AB%98.jpg?itok=Wfz2NOZ1,01_试点医院/中山大学附属第一医院/照片/余剑-神经二科（脑血管病专科）-主任医师-中山大学附属第一医院.jpg,168753,98df64c5422a73d05d5a572b5421597ee376cd15cbb9c8aae92a12236a0c7346,480,480,FULL_FETCH,
张健,https://www.fahsysu.org.cn/node/878,实采,,https://www.fahsysu.org.cn/sites/1h.prod.sysucloud1.sysu.edu.cn/files/styles/focal_point_480/public/024150.jpg?itok=TPzSg4m2,01_试点医院/中山大学附属第一医院/照片/张健-神经二科（脑血管病专科）-主任医师-中山大学附属第一医院.jpg,144706,1b4200cbec3a0439d73cb5abd4412c1b5cd6247a50b35076b954e0bb570828a9,480,480,FULL_FETCH,
陈歆然,https://www.fahsysu.org.cn/node/35586,实采,,https://www.fahsysu.org.cn/sites/1h.prod.sysucloud1.sysu.edu.cn/files/styles/focal_point_480/public/2025-04/%E7%A5%9E%E7%BB%8F%E7%A7%91-%E9%99%88%E6%AD%86%E7%84%B6-%E5%89%AF%E9%AB%98.jpg?itok=BfXpAJZ8,01_试点医院/中山大学附属第一医院/照片/陈歆然-神经二科（脑血管病专科）-副主任医师-中山大学附属第一医院.jpg,141387,7bd1381922fe632dc90346fbe69debe4b50480ca04252fffab6c033810834c10,480,480,FULL_FETCH,
党超,https://www.fahsysu.org.cn/node/873,实采,,https://www.fahsysu.org.cn/sites/1h.prod.sysucloud1.sysu.edu.cn/files/styles/focal_point_480/public/2026-03/%E7%A5%9E%E7%BB%8F%E7%A7%91_%E5%85%9A%E8%B6%85_%E5%89%AF%E9%AB%98.jpg?itok=Y3aTKZBZ,01_试点医院/中山大学附属第一医院/照片/党超-神经二科（脑血管病专科）-副主任医师-中山大学附属第一医院.jpg,135334,ae8bcaad950777f1af027c7bb9683de7f34cf6553283c4578ab7b90946bc5143,480,480,FULL_FETCH,
林健雯,https://www.fahsysu.org.cn/node/902,失败,无照片容器,,,,,,,FULL_FETCH,"{""detail_http"":200,""detection_feature"":""focal_point_480 引用数=0；医生照片容器缺失；页面 media-img 仅有 5 个 path contains /styles/mini200/ 公共图标"",""excluded_resources"":[{""feature"":""path contains /styles/mini200/"",""reason"":""公共装饰图"",""url"":""https://www.fahsysu.org.cn/sites/1h.prod.sysucloud1.sysu.edu.cn/files/styles/mini200/public/action-9-1-3.png?itok=N7xVlmOY""},{""feature"":""path contains /styles/mini200/"",""reason"":""公共装饰图"",""url"":""https://www.fahsysu.org.cn/sites/1h.prod.sysucloud1.sysu.edu.cn/files/styles/mini200/public/action-9-1-6.png?itok=e9BYn97e""},{""feature"":""path contains /styles/mini200/"",""reason"":""公共装饰图"",""url"":""https://www.fahsysu.org.cn/sites/1h.prod.sysucloud1.sysu.edu.cn/files/styles/mini200/public/action-9-1-1_0.png?itok=lMXpEjLC""},{""feature"":""path contains /styles/mini200/"",""reason"":""公共装饰图"",""url"":""https://www.fahsysu.org.cn/sites/1h.prod.sysucloud1.sysu.edu.cn/files/styles/mini200/public/action-9-2-8.png?itok=XyTEzUHK""},{""feature"":""path contains /styles/mini200/"",""reason"":""公共装饰图"",""url"":""https://www.fahsysu.org.cn/sites/1h.prod.sysucloud1.sysu.edu.cn/files/styles/mini200/public/action-9-1-2_0.png?itok=thPXMwH8""}],""focal_point_480_reference_count"":0,""observed_utc"":""2026-08-18T14:33:07Z"",""resource_urls"":[""https://www.fahsysu.org.cn/sites/1h.prod.sysucloud1.sysu.edu.cn/files/styles/mini200/public/action-9-1-3.png?itok=N7xVlmOY"",""https://www.fahsysu.org.cn/sites/1h.prod.sysucloud1.sysu.edu.cn/files/styles/mini200/public/action-9-1-6.png?itok=e9BYn97e"",""https://www.fahsysu.org.cn/sites/1h.prod.sysucloud1.sysu.edu.cn/files/styles/mini200/public/action-9-1-1_0.png?itok=lMXpEjLC"",""https://www.fahsysu.org.cn/sites/1h.prod.sysucloud1.sysu.edu.cn/files/styles/mini200/public/action-9-2-8.png?itok=XyTEzUHK"",""https://www.fahsysu.org.cn/sites/1h.prod.sysucloud1.sysu.edu.cn/files/styles/mini200/public/action-9-1-2_0.png?itok=thPXMwH8""],""template_signature"":"".other-left .other-media .media-img[data-image-url]""}"
李骄星,https://www.fahsysu.org.cn/node/20881,实采,,https://www.fahsysu.org.cn/sites/1h.prod.sysucloud1.sysu.edu.cn/files/styles/focal_point_480/public/%E6%9D%8E%E9%AA%84%E6%98%9F.jpg?itok=AyhZKDDs,01_试点医院/中山大学附属第一医院/照片/李骄星-神经二科（脑血管病专科）-副主任医师-中山大学附属第一医院.jpg,142587,930a0dcd4b178564455991ae27b7e7d0ebe631c6c8f30e54eff24dffe1d5e625,480,480,FULL_FETCH,
林少英,https://www.fahsysu.org.cn/node/36940,实采,,https://www.fahsysu.org.cn/sites/1h.prod.sysucloud1.sysu.edu.cn/files/styles/focal_point_480/public/2025-09/%E7%A5%9E%E7%BB%8F%E7%A7%91_%E6%9E%97%E5%B0%91%E8%8B%B1_%E5%89%AF%E9%AB%98.jpg?itok=ZX9RzSeE,01_试点医院/中山大学附属第一医院/照片/林少英-神经二科（脑血管病专科）-副主任技师-中山大学附属第一医院.jpg,152673,3a01d875ba0c58e501b179bb732b7a25a7eb8482e95363e4fa5f37035dc7667f,480,480,FULL_FETCH,
欧紫琳,https://www.fahsysu.org.cn/node/29069,实采,,https://www.fahsysu.org.cn/sites/1h.prod.sysucloud1.sysu.edu.cn/files/styles/focal_point_480/public/2026-04/%E7%A5%9E%E7%BB%8F%E7%A7%91_%E6%AC%A7%E7%B4%AB%E7%90%B3.jpg?itok=8d7Tls2G,01_试点医院/中山大学附属第一医院/照片/欧紫琳-神经二科（脑血管病专科）-副主任医师-中山大学附属第一医院.jpg,130594,9376c3055e686a67d80af459f62d2a601298b8b19a457a9541edefd8d2842bfd,480,480,FULL_FETCH,
王莹,https://www.fahsysu.org.cn/node/876,实采,,https://www.fahsysu.org.cn/sites/1h.prod.sysucloud1.sysu.edu.cn/files/styles/focal_point_480/public/033717.jpg?itok=jc49TwMZ,01_试点医院/中山大学附属第一医院/照片/王莹-神经二科（脑血管病专科）-副主任医师-中山大学附属第一医院.jpg,188561,fa83093bb9896e477807d1124f3862b00ca89f39d101d72222ea831840686cd7,480,480,FULL_FETCH,
曾缨,https://www.fahsysu.org.cn/node/903,实采,,https://www.fahsysu.org.cn/sites/1h.prod.sysucloud1.sysu.edu.cn/files/styles/focal_point_480/public/115929.jpg?itok=Y9wiziDI,01_试点医院/中山大学附属第一医院/照片/曾缨-神经二科（脑血管病专科）-副主任医师-中山大学附属第一医院.jpg,128437,33771fd245bc1fea8cb00075692ec8a890d58bbaaca9f8457df2971110915bd7,480,480,FULL_FETCH,
范玉华,https://www.fahsysu.org.cn/node/904,实采,,https://www.fahsysu.org.cn/sites/1h.prod.sysucloud1.sysu.edu.cn/files/styles/focal_point_480/public/2025-09/%E7%A5%9E%E7%BB%8F%E4%B8%89%E7%A7%91_%E8%8C%83%E7%8E%89%E5%8D%8E%E5%A4%A7%E4%B8%80%E5%AF%B8%E7%85%A7%E7%89%87.jpg?itok=Nv9AWAxu,01_试点医院/中山大学附属第一医院/照片/范玉华-神经三科（神经功能专科）-主任医师-中山大学附属第一医院.jpg,144307,7d8b9db1a44ea754c89da252330263b2b6fe795238210d1d2a3aee06d5baf6ba,480,480,FULL_FETCH,
李晶晶,https://www.fahsysu.org.cn/node/901,实采,,https://www.fahsysu.org.cn/sites/1h.prod.sysucloud1.sysu.edu.cn/files/styles/focal_point_480/public/2026-03/%E7%A5%9E%E7%BB%8F%E4%B8%89%E7%A7%91%E6%9D%8E%E6%99%B6%E6%99%B6%E6%AD%A3%E9%AB%98%28%E5%8E%8B%E7%BC%A9%29.jpg?itok=eit3jrsE,01_试点医院/中山大学附属第一医院/照片/李晶晶-神经三科（神经功能专科）-主任医师-中山大学附属第一医院.jpg,145976,dab830a3b7b91c88195681c6c37435d6bc4d9954739e01000629c69436de23c0,480,480,FULL_FETCH,
倪冠中,https://www.fahsysu.org.cn/node/29032,实采,,https://www.fahsysu.org.cn/sites/1h.prod.sysucloud1.sysu.edu.cn/files/styles/focal_point_480/public/2026-05/%E7%85%A7%E7%89%87-%E7%A5%9E%E7%BB%8F%E7%A7%91-%E5%80%AA%E5%86%A0%E4%B8%AD.jpg?itok=B3pEsgEl,01_试点医院/中山大学附属第一医院/照片/倪冠中-神经三科（神经功能专科）-副主任医师-中山大学附属第一医院.jpg,124183,e9fa69b64426529dbf1a0ca834f6eff0c8f42d0b3056da6b3eb2badeaa21d4ea,480,480,FULL_FETCH,
谭双全,https://www.fahsysu.org.cn/node/26414,实采,,https://www.fahsysu.org.cn/sites/1h.prod.sysucloud1.sysu.edu.cn/files/styles/focal_point_480/public/%E7%A5%9E%E7%BB%8F%E7%A7%91%E8%B0%AD%E5%8F%8C%E5%85%A8%E5%89%AF%E9%AB%98.jpg?itok=xHioHrei,01_试点医院/中山大学附属第一医院/照片/谭双全-神经三科（神经功能专科）-副主任医师-中山大学附属第一医院.jpg,154595,9515da8666bbc16d69b0957c1eff6c9ce6c4f8fba3bc1c12208ff0c549c890d8,480,480,FULL_FETCH,
陈玲,https://www.fahsysu.org.cn/node/869,实采,,https://www.fahsysu.org.cn/sites/1h.prod.sysucloud1.sysu.edu.cn/files/styles/focal_point_480/public/105749_0.jpg?itok=E5Yd8c2A,01_试点医院/中山大学附属第一医院/照片/陈玲-神经科ICU-主任医师-中山大学附属第一医院.jpg,282510,623c66566f0477ec03d843624a8fdc2df9797a1bea03f675873efbb9dcecf3cd,480,480,FULL_FETCH,
冯慧宇,https://www.fahsysu.org.cn/node/881,实采,,https://www.fahsysu.org.cn/sites/1h.prod.sysucloud1.sysu.edu.cn/files/styles/focal_point_480/public/2026-02/%E7%A5%9E%E7%BB%8Ficu_%E5%86%AF%E6%85%A7%E5%AE%87.jpg?itok=xWvul1bA,01_试点医院/中山大学附属第一医院/照片/冯慧宇-神经科ICU-主任医师-中山大学附属第一医院.jpg,191476,ec088aac582704e108248adea1af68bc8332a8ff3257db149ec7a4a3ff5d7194,480,480,FULL_FETCH,
冯黎,https://www.fahsysu.org.cn/node/33066,实采,,https://www.fahsysu.org.cn/sites/1h.prod.sysucloud1.sysu.edu.cn/files/styles/focal_point_480/public/2026-04/%E7%A5%9E%E7%BB%8Ficu_%E5%86%AF%E9%BB%8E.jpg?itok=-I0jYiMB,01_试点医院/中山大学附属第一医院/照片/冯黎-神经科ICU-副主任医师-中山大学附属第一医院.jpg,178127,ba9b3083f65d5edeca43c92cae42d40b7f22c7342dd72e5af5aa2bdea72ef821,480,480,FULL_FETCH,
孙逊沙,https://www.fahsysu.org.cn/node/20882,实采,,https://www.fahsysu.org.cn/sites/1h.prod.sysucloud1.sysu.edu.cn/files/styles/focal_point_480/public/%E5%AD%99%E9%80%8A%E6%B2%99.jpg?itok=Pt6GycQG,01_试点医院/中山大学附属第一医院/照片/孙逊沙-神经科ICU-副主任医师-中山大学附属第一医院.jpg,167421,f6bedc51759d13a7ce669e3391e7d91e8ab88ae37f177fe9ff7996521d5db4ad,480,480,FULL_FETCH,
王海燕,https://www.fahsysu.org.cn/node/33032,实采,,https://www.fahsysu.org.cn/sites/1h.prod.sysucloud1.sysu.edu.cn/files/styles/focal_point_480/public/2024-04/%E7%8E%8B%E6%B5%B7%E7%87%95%E7%85%A7%E7%89%87.jpg?itok=0QomV7B9,01_试点医院/中山大学附属第一医院/照片/王海燕-神经科ICU-副主任医师-中山大学附属第一医院.jpg,117824,b9181efa7af8e10b3bb7b0794a3fedc15a54b33e0f7c2162eb063a0a49308983,480,480,FULL_FETCH,
周鸿雁,https://www.fahsysu.org.cn/node/879,实采,,https://www.fahsysu.org.cn/sites/1h.prod.sysucloud1.sysu.edu.cn/files/styles/focal_point_480/public/085027.jpg?itok=zghsx_0Q,01_试点医院/中山大学附属第一医院/照片/周鸿雁-神经科ICU-主任医师-中山大学附属第一医院.jpg,166299,bfc8d1d1dad21dea0292f8dd97832a5096925f0ccc44a156456e3e29e50c7865,480,480,FULL_FETCH,
崔立谦,https://www.fahsysu.org.cn/node/906,实采,,https://www.fahsysu.org.cn/sites/1h.prod.sysucloud1.sysu.edu.cn/files/styles/focal_point_480/public/2025-04/%E4%B8%B4%E5%BA%8A%E5%BF%83%E7%90%86%E7%A7%91_%E5%B4%94%E7%AB%8B%E8%B0%A6_%E4%B8%BB%E4%BB%BB%E5%8C%BB%E5%B8%88.jpg?itok=Bo67vChu,01_试点医院/中山大学附属第一医院/照片/崔立谦-临床心理科（门诊）-主任医师-中山大学附属第一医院.jpg,148450,1363db9d5b1140a54c5b85dc59e3510d778f391c1ae4d2818bee7fb009b08fb6,480,480,FULL_FETCH,
陈艺莉,https://www.fahsysu.org.cn/node/910,实采,,https://www.fahsysu.org.cn/sites/1h.prod.sysucloud1.sysu.edu.cn/files/styles/focal_point_480/public/2023-07/%E5%BF%83%E5%86%85%E7%A7%91%20%E9%99%88%E8%89%BA%E8%8E%89%20%E6%AD%A3%E9%AB%98.jpg?itok=R_4ACAPH,01_试点医院/中山大学附属第一医院/照片/陈艺莉-心血管内科-主任医师-中山大学附属第一医院.jpg,141236,34211e5eb0730891ada49bac54e7aecbde6210e5eb5c755fcae51831cdd38860,480,480,FULL_FETCH,
马虹,https://www.fahsysu.org.cn/node/907,实采,,https://www.fahsysu.org.cn/sites/1h.prod.sysucloud1.sysu.edu.cn/files/styles/focal_point_480/public/%E9%A9%AC%E8%99%B9_0.jpg?itok=zqjnhK2r,01_试点医院/中山大学附属第一医院/照片/马虹-心血管内科-主任医师-中山大学附属第一医院.jpg,170589,226f6b244dac24ae580bc5f2e0b04d02db46096710db3fd8800ab4e8b80350d7,480,480,FULL_FETCH,
王琴梅,https://www.fahsysu.org.cn/node/909,失败,无照片容器,,,,,,,FULL_FETCH,"{""detail_http"":200,""detection_feature"":""focal_point_480 引用数=0；医生照片容器缺失；页面 media-img 仅有 5 个 path contains /styles/mini200/ 公共图标"",""excluded_resources"":[{""feature"":""path contains /styles/mini200/"",""reason"":""公共装饰图"",""url"":""https://www.fahsysu.org.cn/sites/1h.prod.sysucloud1.sysu.edu.cn/files/styles/mini200/public/action-9-1-3.png?itok=N7xVlmOY""},{""feature"":""path contains /styles/mini200/"",""reason"":""公共装饰图"",""url"":""https://www.fahsysu.org.cn/sites/1h.prod.sysucloud1.sysu.edu.cn/files/styles/mini200/public/action-9-1-6.png?itok=e9BYn97e""},{""feature"":""path contains /styles/mini200/"",""reason"":""公共装饰图"",""url"":""https://www.fahsysu.org.cn/sites/1h.prod.sysucloud1.sysu.edu.cn/files/styles/mini200/public/action-9-1-1_0.png?itok=lMXpEjLC""},{""feature"":""path contains /styles/mini200/"",""reason"":""公共装饰图"",""url"":""https://www.fahsysu.org.cn/sites/1h.prod.sysucloud1.sysu.edu.cn/files/styles/mini200/public/action-9-2-8.png?itok=XyTEzUHK""},{""feature"":""path contains /styles/mini200/"",""reason"":""公共装饰图"",""url"":""https://www.fahsysu.org.cn/sites/1h.prod.sysucloud1.sysu.edu.cn/files/styles/mini200/public/action-9-1-2_0.png?itok=thPXMwH8""}],""focal_point_480_reference_count"":0,""observed_utc"":""2026-08-18T14:33:15Z"",""resource_urls"":[""https://www.fahsysu.org.cn/sites/1h.prod.sysucloud1.sysu.edu.cn/files/styles/mini200/public/action-9-1-3.png?itok=N7xVlmOY"",""https://www.fahsysu.org.cn/sites/1h.prod.sysucloud1.sysu.edu.cn/files/styles/mini200/public/action-9-1-6.png?itok=e9BYn97e"",""https://www.fahsysu.org.cn/sites/1h.prod.sysucloud1.sysu.edu.cn/files/styles/mini200/public/action-9-1-1_0.png?itok=lMXpEjLC"",""https://www.fahsysu.org.cn/sites/1h.prod.sysucloud1.sysu.edu.cn/files/styles/mini200/public/action-9-2-8.png?itok=XyTEzUHK"",""https://www.fahsysu.org.cn/sites/1h.prod.sysucloud1.sysu.edu.cn/files/styles/mini200/public/action-9-1-2_0.png?itok=thPXMwH8""],""template_signature"":"".other-left .other-media .media-img[data-image-url]""}"
姚凤娟,https://www.fahsysu.org.cn/node/5595,失败,无照片容器,,,,,,,FULL_FETCH,"{""detail_http"":200,""detection_feature"":""focal_point_480 引用数=0；医生照片容器缺失；页面 media-img 仅有 5 个 path contains /styles/mini200/ 公共图标"",""excluded_resources"":[{""feature"":""path contains /styles/mini200/"",""reason"":""公共装饰图"",""url"":""https://www.fahsysu.org.cn/sites/1h.prod.sysucloud1.sysu.edu.cn/files/styles/mini200/public/action-9-1-3.png?itok=N7xVlmOY""},{""feature"":""path contains /styles/mini200/"",""reason"":""公共装饰图"",""url"":""https://www.fahsysu.org.cn/sites/1h.prod.sysucloud1.sysu.edu.cn/files/styles/mini200/public/action-9-1-6.png?itok=e9BYn97e""},{""feature"":""path contains /styles/mini200/"",""reason"":""公共装饰图"",""url"":""https://www.fahsysu.org.cn/sites/1h.prod.sysucloud1.sysu.edu.cn/files/styles/mini200/public/action-9-1-1_0.png?itok=lMXpEjLC""},{""feature"":""path contains /styles/mini200/"",""reason"":""公共装饰图"",""url"":""https://www.fahsysu.org.cn/sites/1h.prod.sysucloud1.sysu.edu.cn/files/styles/mini200/public/action-9-2-8.png?itok=XyTEzUHK""},{""feature"":""path contains /styles/mini200/"",""reason"":""公共装饰图"",""url"":""https://www.fahsysu.org.cn/sites/1h.prod.sysucloud1.sysu.edu.cn/files/styles/mini200/public/action-9-1-2_0.png?itok=thPXMwH8""}],""focal_point_480_reference_count"":0,""observed_utc"":""2026-08-18T14:33:16Z"",""resource_urls"":[""https://www.fahsysu.org.cn/sites/1h.prod.sysucloud1.sysu.edu.cn/files/styles/mini200/public/action-9-1-3.png?itok=N7xVlmOY"",""https://www.fahsysu.org.cn/sites/1h.prod.sysucloud1.sysu.edu.cn/files/styles/mini200/public/action-9-1-6.png?itok=e9BYn97e"",""https://www.fahsysu.org.cn/sites/1h.prod.sysucloud1.sysu.edu.cn/files/styles/mini200/public/action-9-1-1_0.png?itok=lMXpEjLC"",""https://www.fahsysu.org.cn/sites/1h.prod.sysucloud1.sysu.edu.cn/files/styles/mini200/public/action-9-2-8.png?itok=XyTEzUHK"",""https://www.fahsysu.org.cn/sites/1h.prod.sysucloud1.sysu.edu.cn/files/styles/mini200/public/action-9-1-2_0.png?itok=thPXMwH8""],""template_signature"":"".other-left .other-media .media-img[data-image-url]""}"
黄涌,https://www.fahsysu.org.cn/node/912,实采,,https://www.fahsysu.org.cn/sites/1h.prod.sysucloud1.sysu.edu.cn/files/styles/focal_point_480/public/085441_0.jpg?itok=Rnr2ywZi,01_试点医院/中山大学附属第一医院/照片/黄涌-心血管内科-副主任医师-中山大学附属第一医院.jpg,174185,14bd50a9dc639a22510d1aa63abe88d83d76e9835f7596f80325065311612050,480,480,FULL_FETCH,
罗劲华,https://www.fahsysu.org.cn/node/36851,实采,,https://www.fahsysu.org.cn/sites/1h.prod.sysucloud1.sysu.edu.cn/files/styles/focal_point_480/public/2025-09/%E5%BF%83%E5%86%85%E7%A7%91_%E7%BD%97%E5%8A%B2%E5%8D%8E.jpg?itok=ts45MKiu,01_试点医院/中山大学附属第一医院/照片/罗劲华-心血管内科-副主任医师-中山大学附属第一医院.jpg,174207,dcaea79974abaf34a53c25a82d84ccce646ac6c3eac8fe1cecac551f95a02c6d,480,480,FULL_FETCH,
郑东诞,https://www.fahsysu.org.cn/node/914,实采,,https://www.fahsysu.org.cn/sites/1h.prod.sysucloud1.sysu.edu.cn/files/styles/focal_point_480/public/040133.jpg?itok=9gKvqdRc,01_试点医院/中山大学附属第一医院/照片/郑东诞-心血管内科-副主任医师-中山大学附属第一医院.jpg,152509,7ee9102155a48aeb8778bacd2afc00eacd207e7d4171d645b49f69292f502c8b,480,480,FULL_FETCH,
董吁钢,https://www.fahsysu.org.cn/node/915,实采,,https://www.fahsysu.org.cn/sites/1h.prod.sysucloud1.sysu.edu.cn/files/styles/focal_point_480/public/%E8%91%A3%E5%90%81%E9%92%A2.jpg?itok=_MBZEkKf,01_试点医院/中山大学附属第一医院/照片/董吁钢-心内一科-主任医师-中山大学附属第一医院.jpg,159735,3e31c665c6bcce49c834d0b0d9d4a390c8dd5600782dd72d441d7a34045076b8,480,480,FULL_FETCH,
黄至斌,https://www.fahsysu.org.cn/node/918,实采,,https://www.fahsysu.org.cn/sites/1h.prod.sysucloud1.sysu.edu.cn/files/styles/focal_point_480/public/031030.jpg?itok=FJxQxlxS,01_试点医院/中山大学附属第一医院/照片/黄至斌-心内一科-主任医师-中山大学附属第一医院.jpg,146428,1bdee6b83db0aaf5d87b7e4c7bf6a1808bcac83a2240416411876166e4757f26,480,480,FULL_FETCH,
罗初凡,https://www.fahsysu.org.cn/node/16991,实采,,https://www.fahsysu.org.cn/sites/1h.prod.sysucloud1.sysu.edu.cn/files/styles/focal_point_480/public/%E7%BD%97%E5%88%9D%E5%87%A1.jpg?itok=wWLzapjP,01_试点医院/中山大学附属第一医院/照片/罗初凡-心内一科-主任医师-中山大学附属第一医院.jpg,143563,dfd0a978999398062c31cc0ef27d9afed65a920d22d6d523c5cf4f9f1ac2dabd,480,480,FULL_FETCH,
廖新学,https://www.fahsysu.org.cn/node/919,实采,,https://www.fahsysu.org.cn/sites/1h.prod.sysucloud1.sysu.edu.cn/files/styles/focal_point_480/public/2023-03/%E5%BF%83%E5%86%85%E7%A7%91%20%E5%BB%96%E6%96%B0%E5%AD%A6%20%E6%AD%A3%E9%AB%98.jpg?itok=YamBmlH1,01_试点医院/中山大学附属第一医院/照片/廖新学-心内一科-主任医师-中山大学附属第一医院.png,193124,bfb4c88637f0da1dca3ba1e5559c8d68db55904d618efea4bf0aa2836b3f10d5,480,480,FULL_FETCH,
唐安丽,https://www.fahsysu.org.cn/node/920,实采,,https://www.fahsysu.org.cn/sites/1h.prod.sysucloud1.sysu.edu.cn/files/styles/focal_point_480/public/084930.jpg?itok=turWZHJc,01_试点医院/中山大学附属第一医院/照片/唐安丽-心内一科-主任医师-中山大学附属第一医院.jpg,167938,a41e4f18f02e9b611b7c5e7d0b34bd715541189e4764fa72c790937741dad434,480,480,FULL_FETCH,
吴杏,https://www.fahsysu.org.cn/node/928,失败,无照片容器,,,,,,,FULL_FETCH,"{""detail_http"":200,""detection_feature"":""focal_point_480 引用数=0；医生照片容器缺失；页面 media-img 仅有 5 个 path contains /styles/mini200/ 公共图标"",""excluded_resources"":[{""feature"":""path contains /styles/mini200/"",""reason"":""公共装饰图"",""url"":""https://www.fahsysu.org.cn/sites/1h.prod.sysucloud1.sysu.edu.cn/files/styles/mini200/public/action-9-1-3.png?itok=N7xVlmOY""},{""feature"":""path contains /styles/mini200/"",""reason"":""公共装饰图"",""url"":""https://www.fahsysu.org.cn/sites/1h.prod.sysucloud1.sysu.edu.cn/files/styles/mini200/public/action-9-1-6.png?itok=e9BYn97e""},{""feature"":""path contains /styles/mini200/"",""reason"":""公共装饰图"",""url"":""https://www.fahsysu.org.cn/sites/1h.prod.sysucloud1.sysu.edu.cn/files/styles/mini200/public/action-9-1-1_0.png?itok=lMXpEjLC""},{""feature"":""path contains /styles/mini200/"",""reason"":""公共装饰图"",""url"":""https://www.fahsysu.org.cn/sites/1h.prod.sysucloud1.sysu.edu.cn/files/styles/mini200/public/action-9-2-8.png?itok=XyTEzUHK""},{""feature"":""path contains /styles/mini200/"",""reason"":""公共装饰图"",""url"":""https://www.fahsysu.org.cn/sites/1h.prod.sysucloud1.sysu.edu.cn/files/styles/mini200/public/action-9-1-2_0.png?itok=thPXMwH8""}],""focal_point_480_reference_count"":0,""observed_utc"":""2026-08-18T14:33:20Z"",""resource_urls"":[""https://www.fahsysu.org.cn/sites/1h.prod.sysucloud1.sysu.edu.cn/files/styles/mini200/public/action-9-1-3.png?itok=N7xVlmOY"",""https://www.fahsysu.org.cn/sites/1h.prod.sysucloud1.sysu.edu.cn/files/styles/mini200/public/action-9-1-6.png?itok=e9BYn97e"",""https://www.fahsysu.org.cn/sites/1h.prod.sysucloud1.sysu.edu.cn/files/styles/mini200/public/action-9-1-1_0.png?itok=lMXpEjLC"",""https://www.fahsysu.org.cn/sites/1h.prod.sysucloud1.sysu.edu.cn/files/styles/mini200/public/action-9-2-8.png?itok=XyTEzUHK"",""https://www.fahsysu.org.cn/sites/1h.prod.sysucloud1.sysu.edu.cn/files/styles/mini200/public/action-9-1-2_0.png?itok=thPXMwH8""],""template_signature"":"".other-left .other-media .media-img[data-image-url]""}"
王礼春,https://www.fahsysu.org.cn/node/941,实采,,https://www.fahsysu.org.cn/sites/1h.prod.sysucloud1.sysu.edu.cn/files/styles/focal_point_480/public/033128.jpg?itok=1IF_RW-m,01_试点医院/中山大学附属第一医院/照片/王礼春-心内一科-主任医师-中山大学附属第一医院.jpg,155694,223a16d4bacb34c027a9044e44b82faae0fe720df6adf55ea795197fec2bf547,480,480,FULL_FETCH,
杨达雅,https://www.fahsysu.org.cn/node/23544,实采,,https://www.fahsysu.org.cn/sites/1h.prod.sysucloud1.sysu.edu.cn/files/styles/focal_point_480/public/2023-04/%E5%BF%83%E5%86%85%E7%A7%91%20%E6%9D%A8%E8%BE%BE%E9%9B%85%20%E5%89%AF%E9%AB%98%EF%BC%882023.04.12%EF%BC%89%E4%BF%AE%E6%94%B9%E7%99%BD%E5%BA%95.jpg?itok=edRzbCrp,01_试点医院/中山大学附属第一医院/照片/杨达雅-心内一科-主任医师-中山大学附属第一医院.jpg,146333,3ea4051827389aa3460689514704cd6482df76ed74eb7a8d2ddc6e539bb34fb2,480,480,FULL_FETCH,
庄晓东,https://www.fahsysu.org.cn/node/929,实采,,https://www.fahsysu.org.cn/sites/1h.prod.sysucloud1.sysu.edu.cn/files/styles/focal_point_480/public/2023-03/%E5%BF%83%E5%86%85%E4%B8%80%E7%A7%91-%E5%BA%84%E6%99%93%E4%B8%9C-%E5%89%AF%E9%AB%98.jpg?itok=yXvsT2Jx,01_试点医院/中山大学附属第一医院/照片/庄晓东-心内一科-主任医师-中山大学附属第一医院.jpg,138683,97a9ce515cd70a00be587eacdebbd4de47b7922fcd563d4e0921195f8181c384,480,480,FULL_FETCH,
冯冲,https://www.fahsysu.org.cn/node/36850,实采,,https://www.fahsysu.org.cn/sites/1h.prod.sysucloud1.sysu.edu.cn/files/styles/focal_point_480/public/2025-09/%E5%BF%83%E5%86%85%E4%B8%80%E7%A7%91_%E5%86%AF%E5%86%B2.jpg?itok=f7gJf19f,01_试点医院/中山大学附属第一医院/照片/冯冲-心内一科-副主任医师-中山大学附属第一医院.jpg,181460,4e636d0de2d2c1026c326bfcde9a6014ce88e76fb9274e092354d4314fb7ebc9,480,480,FULL_FETCH,
郭玥,https://www.fahsysu.org.cn/node/33149,实采,,https://www.fahsysu.org.cn/sites/1h.prod.sysucloud1.sysu.edu.cn/files/styles/focal_point_480/public/2024-05/%E5%BF%83%E8%A1%80%E7%AE%A1%E5%86%85%E7%A7%91%2B%E9%83%AD%E7%8E%A5%2B%E5%89%AF%E4%B8%BB%E4%BB%BB%E5%8C%BB%E5%B8%88.jpg?itok=hxTYJH5L,01_试点医院/中山大学附属第一医院/照片/郭玥-心内一科-副主任医师-中山大学附属第一医院.jpg,139109,e58bbb744f606b930a7b34e17931d2f9d855cf283b631ad7edbbadaba73376ce,480,480,FULL_FETCH,
黄煜,https://www.fahsysu.org.cn/node/923,失败,无照片容器,,,,,,,FULL_FETCH,"{""detail_http"":200,""detection_feature"":""focal_point_480 引用数=0；医生照片容器缺失；页面 media-img 仅有 5 个 path contains /styles/mini200/ 公共图标"",""excluded_resources"":[{""feature"":""path contains /styles/mini200/"",""reason"":""公共装饰图"",""url"":""https://www.fahsysu.org.cn/sites/1h.prod.sysucloud1.sysu.edu.cn/files/styles/mini200/public/action-9-1-3.png?itok=N7xVlmOY""},{""feature"":""path contains /styles/mini200/"",""reason"":""公共装饰图"",""url"":""https://www.fahsysu.org.cn/sites/1h.prod.sysucloud1.sysu.edu.cn/files/styles/mini200/public/action-9-1-6.png?itok=e9BYn97e""},{""feature"":""path contains /styles/mini200/"",""reason"":""公共装饰图"",""url"":""https://www.fahsysu.org.cn/sites/1h.prod.sysucloud1.sysu.edu.cn/files/styles/mini200/public/action-9-1-1_0.png?itok=lMXpEjLC""},{""feature"":""path contains /styles/mini200/"",""reason"":""公共装饰图"",""url"":""https://www.fahsysu.org.cn/sites/1h.prod.sysucloud1.sysu.edu.cn/files/styles/mini200/public/action-9-2-8.png?itok=XyTEzUHK""},{""feature"":""path contains /styles/mini200/"",""reason"":""公共装饰图"",""url"":""https://www.fahsysu.org.cn/sites/1h.prod.sysucloud1.sysu.edu.cn/files/styles/mini200/public/action-9-1-2_0.png?itok=thPXMwH8""}],""focal_point_480_reference_count"":0,""observed_utc"":""2026-08-18T14:33:22Z"",""resource_urls"":[""https://www.fahsysu.org.cn/sites/1h.prod.sysucloud1.sysu.edu.cn/files/styles/mini200/public/action-9-1-3.png?itok=N7xVlmOY"",""https://www.fahsysu.org.cn/sites/1h.prod.sysucloud1.sysu.edu.cn/files/styles/mini200/public/action-9-1-6.png?itok=e9BYn97e"",""https://www.fahsysu.org.cn/sites/1h.prod.sysucloud1.sysu.edu.cn/files/styles/mini200/public/action-9-1-1_0.png?itok=lMXpEjLC"",""https://www.fahsysu.org.cn/sites/1h.prod.sysucloud1.sysu.edu.cn/files/styles/mini200/public/action-9-2-8.png?itok=XyTEzUHK"",""https://www.fahsysu.org.cn/sites/1h.prod.sysucloud1.sysu.edu.cn/files/styles/mini200/public/action-9-1-2_0.png?itok=thPXMwH8""],""template_signature"":"".other-left .other-media .media-img[data-image-url]""}"
江竞舟,https://www.fahsysu.org.cn/node/35915,实采,,https://www.fahsysu.org.cn/sites/1h.prod.sysucloud1.sysu.edu.cn/files/styles/focal_point_480/public/2025-05/%E5%BF%83%E8%A1%80%E7%AE%A1%E5%86%85%E7%A7%91%E6%B1%9F%E7%AB%9E%E8%88%9F%E5%89%AF%E4%B8%BB%E4%BB%BB%E5%8C%BB%E5%B8%88.jpg?itok=62n0pDur,01_试点医院/中山大学附属第一医院/照片/江竞舟-心内一科-副主任医师-中山大学附属第一医院.jpg,131753,af94bcec41ecc49cc9f12f051a02d377a195142d21e470b40263ce0015ccaf68,480,480,FULL_FETCH,
卢贵华,https://www.fahsysu.org.cn/node/25427,实采,,https://www.fahsysu.org.cn/sites/1h.prod.sysucloud1.sysu.edu.cn/files/styles/focal_point_480/public/%E7%99%BD%E5%BA%95%E5%A4%A7%E4%B8%80%E5%AF%B8.jpeg?itok=CM5xSTNs,01_试点医院/中山大学附属第一医院/照片/卢贵华-心内一科-副主任医师-中山大学附属第一医院.jpg,171054,8dee1e132511f729dfa128728d754428d8b40fc464d3cd04a968b9ee1d05a5e9,480,480,FULL_FETCH,
冷秀玉,https://www.fahsysu.org.cn/node/924,实采,,https://www.fahsysu.org.cn/sites/1h.prod.sysucloud1.sysu.edu.cn/files/styles/focal_point_480/public/2022-08/%E5%BF%83%E5%86%85%E7%A7%91%20%E5%86%B7%E7%A7%80%E7%8E%89.jpg?itok=G4qBRUYX,01_试点医院/中山大学附属第一医院/照片/冷秀玉-心内一科-副主任医师-中山大学附属第一医院.jpg,160417,1794c607312c1f8925fc32981fa79ad92f2c6dfd2905b6c7611ed4904df5ff54,480,480,FULL_FETCH,
熊振宇,https://www.fahsysu.org.cn/node/38081,实采,,https://www.fahsysu.org.cn/sites/1h.prod.sysucloud1.sysu.edu.cn/files/styles/focal_point_480/public/2026-02/%E5%BF%83%E5%86%85%E4%B8%80%E7%A7%91_%E7%86%8A%E6%8C%AF%E5%AE%87.jpg?itok=ilSdEU64,01_试点医院/中山大学附属第一医院/照片/熊振宇-心内一科-副主任医师-中山大学附属第一医院.jpg,151928,30f73964b8f16f4b86478449b4b7a1fd1339fc3ce74846eb9a56dc3d7c07b4c7,480,480,FULL_FETCH,
曾武涛,https://www.fahsysu.org.cn/node/922,实采,,https://www.fahsysu.org.cn/sites/1h.prod.sysucloud1.sysu.edu.cn/files/styles/focal_point_480/public/115042.jpg?itok=Kq3lZu1T,01_试点医院/中山大学附属第一医院/照片/曾武涛-心内一科-副主任医师-中山大学附属第一医院.jpg,134568,d9880398ae4c3e0aa4721a076bd6d5c981fed270d06145b1011e3c2e6cdb101b,480,480,FULL_FETCH,
赵静静,https://www.fahsysu.org.cn/node/29450,实采,,https://www.fahsysu.org.cn/sites/1h.prod.sysucloud1.sysu.edu.cn/files/styles/focal_point_480/public/2022-07/%E5%BF%83%E5%86%85%E4%B8%80%E7%A7%91%20%E8%B5%B5%E9%9D%99%E9%9D%99%20%E5%89%AF%E9%AB%98%20.jpg?itok=nfD59PyB,01_试点医院/中山大学附属第一医院/照片/赵静静-心内一科-副主任医师-中山大学附属第一医院.jpg,157063,ebe2e75d21e6cf8d1b2884a60bcac01367e0e89926cd66e0964c0c70ff75afdd,480,480,FULL_FETCH,
李怡,https://www.fahsysu.org.cn/node/945,失败,无照片容器,,,,,,,FULL_FETCH,"{""detail_http"":200,""detection_feature"":""focal_point_480 引用数=0；医生照片容器缺失；页面 media-img 仅有 5 个 path contains /styles/mini200/ 公共图标"",""excluded_resources"":[{""feature"":""path contains /styles/mini200/"",""reason"":""公共装饰图"",""url"":""https://www.fahsysu.org.cn/sites/1h.prod.sysucloud1.sysu.edu.cn/files/styles/mini200/public/action-9-1-3.png?itok=N7xVlmOY""},{""feature"":""path contains /styles/mini200/"",""reason"":""公共装饰图"",""url"":""https://www.fahsysu.org.cn/sites/1h.prod.sysucloud1.sysu.edu.cn/files/styles/mini200/public/action-9-1-6.png?itok=e9BYn97e""},{""feature"":""path contains /styles/mini200/"",""reason"":""公共装饰图"",""url"":""https://www.fahsysu.org.cn/sites/1h.prod.sysucloud1.sysu.edu.cn/files/styles/mini200/public/action-9-1-1_0.png?itok=lMXpEjLC""},{""feature"":""path contains /styles/mini200/"",""reason"":""公共装饰图"",""url"":""https://www.fahsysu.org.cn/sites/1h.prod.sysucloud1.sysu.edu.cn/files/styles/mini200/public/action-9-2-8.png?itok=XyTEzUHK""},{""feature"":""path contains /styles/mini200/"",""reason"":""公共装饰图"",""url"":""https://www.fahsysu.org.cn/sites/1h.prod.sysucloud1.sysu.edu.cn/files/styles/mini200/public/action-9-1-2_0.png?itok=thPXMwH8""}],""focal_point_480_reference_count"":0,""observed_utc"":""2026-08-18T14:33:25Z"",""resource_urls"":[""https://www.fahsysu.org.cn/sites/1h.prod.sysucloud1.sysu.edu.cn/files/styles/mini200/public/action-9-1-3.png?itok=N7xVlmOY"",""https://www.fahsysu.org.cn/sites/1h.prod.sysucloud1.sysu.edu.cn/files/styles/mini200/public/action-9-1-6.png?itok=e9BYn97e"",""https://www.fahsysu.org.cn/sites/1h.prod.sysucloud1.sysu.edu.cn/files/styles/mini200/public/action-9-1-1_0.png?itok=lMXpEjLC"",""https://www.fahsysu.org.cn/sites/1h.prod.sysucloud1.sysu.edu.cn/files/styles/mini200/public/action-9-2-8.png?itok=XyTEzUHK"",""https://www.fahsysu.org.cn/sites/1h.prod.sysucloud1.sysu.edu.cn/files/styles/mini200/public/action-9-1-2_0.png?itok=thPXMwH8""],""template_signature"":"".other-left .other-media .media-img[data-image-url]""}"
龙明,https://www.fahsysu.org.cn/node/946,实采,,https://www.fahsysu.org.cn/sites/1h.prod.sysucloud1.sysu.edu.cn/files/styles/focal_point_480/public/2025-04/%E9%BE%99%E6%98%8E_%E5%89%AF%E4%B8%BB%E4%BB%BB%E5%8C%BB%E5%B8%88%EF%BC%88%E4%BF%AE%EF%BC%89.png?itok=ezh_bCgj,01_试点医院/中山大学附属第一医院/照片/龙明-心内二科（心介科）-主任医师-中山大学附属第一医院.png,130747,70356dfae0f0a9a09293bb653de57880f99f935df1328c41f65f100449036dda,480,480,FULL_FETCH,
马跃东,https://www.fahsysu.org.cn/node/925,实采,,https://www.fahsysu.org.cn/sites/1h.prod.sysucloud1.sysu.edu.cn/files/styles/focal_point_480/public/083509.jpg?itok=5pTB925H,01_试点医院/中山大学附属第一医院/照片/马跃东-心内二科（心介科）-主任医师-中山大学附属第一医院.jpg,106842,c90f524329f2c838ba7385fb4f8907a7311050365e3076355074fec998890373,480,480,FULL_FETCH,
彭龙云,https://www.fahsysu.org.cn/node/926,实采,,https://www.fahsysu.org.cn/sites/1h.prod.sysucloud1.sysu.edu.cn/files/styles/focal_point_480/public/032832.jpg?itok=rvwsRVQc,01_试点医院/中山大学附属第一医院/照片/彭龙云-心内二科（心介科）-主任医师-中山大学附属第一医院.jpg,176259,75e683b04748bef2ce23ac0ece4ce6502d4fc5dd8cd386276de0efd69fa471e3,480,480,FULL_FETCH,
胡承恒,https://www.fahsysu.org.cn/node/944,实采,,https://www.fahsysu.org.cn/sites/1h.prod.sysucloud1.sysu.edu.cn/files/styles/focal_point_480/public/114400.png?itok=-zEbWq6E,01_试点医院/中山大学附属第一医院/照片/胡承恒-心内二科（心介科）-副主任医师-中山大学附属第一医院.png,45422,d5bcdd2fffce45a98f616e3cd11dacdff9206756924d61f035c15437ca1df89f,480,480,FULL_FETCH,
胡洵,https://www.fahsysu.org.cn/node/29234,实采,,https://www.fahsysu.org.cn/sites/1h.prod.sysucloud1.sysu.edu.cn/files/styles/focal_point_480/public/2022-06/%E5%BF%83%E5%86%85%E4%BA%8C%E7%A7%91%20%E8%83%A1%E6%B4%B5%20%E5%89%AF%E9%AB%98.jpg?itok=vfFdY-P7,01_试点医院/中山大学附属第一医院/照片/胡洵-心内二科（心介科）-副主任医师-中山大学附属第一医院.jpg,140248,2245145234e396564059a6d5d3b3d53aad170a1040215c965d7b8d78e48fe080,480,480,FULL_FETCH,
刘岗,https://www.fahsysu.org.cn/node/31090,实采,,https://www.fahsysu.org.cn/sites/1h.prod.sysucloud1.sysu.edu.cn/files/styles/focal_point_480/public/2023-06/%E5%BF%83%E8%A1%80%E7%AE%A1%E5%86%85%E7%A7%91%20%E5%88%98%E5%B2%97%20%E5%89%AF%E9%AB%98.jpg?itok=vT-SneFY,01_试点医院/中山大学附属第一医院/照片/刘岗-心内二科（心介科）-副主任医师-中山大学附属第一医院.jpg,147670,b8d000f6c43cb6969c00a6160943a74f48eb7a51da839733e29fce33dbcb6d23,480,480,FULL_FETCH,
麦炜颐,https://www.fahsysu.org.cn/node/930,实采,,https://www.fahsysu.org.cn/sites/1h.prod.sysucloud1.sysu.edu.cn/files/styles/focal_point_480/public/111539.jpg?itok=x-d08cnr,01_试点医院/中山大学附属第一医院/照片/麦炜颐-心内三科（高血压血管病）-主任医师-中山大学附属第一医院.jpg,158283,c00003b8c7fe5e227d5679b1f16f95b7187757370168138ae5ddeb9a4e25b2bf,480,480,FULL_FETCH,
欧志君,https://www.fahsysu.org.cn/node/931,失败,无照片容器,,,,,,,FULL_FETCH,"{""detail_http"":200,""detection_feature"":""focal_point_480 引用数=0；医生照片容器缺失；页面 media-img 仅有 5 个 path contains /styles/mini200/ 公共图标"",""excluded_resources"":[{""feature"":""path contains /styles/mini200/"",""reason"":""公共装饰图"",""url"":""https://www.fahsysu.org.cn/sites/1h.prod.sysucloud1.sysu.edu.cn/files/styles/mini200/public/action-9-1-3.png?itok=N7xVlmOY""},{""feature"":""path contains /styles/mini200/"",""reason"":""公共装饰图"",""url"":""https://www.fahsysu.org.cn/sites/1h.prod.sysucloud1.sysu.edu.cn/files/styles/mini200/public/action-9-1-6.png?itok=e9BYn97e""},{""feature"":""path contains /styles/mini200/"",""reason"":""公共装饰图"",""url"":""https://www.fahsysu.org.cn/sites/1h.prod.sysucloud1.sysu.edu.cn/files/styles/mini200/public/action-9-1-1_0.png?itok=lMXpEjLC""},{""feature"":""path contains /styles/mini200/"",""reason"":""公共装饰图"",""url"":""https://www.fahsysu.org.cn/sites/1h.prod.sysucloud1.sysu.edu.cn/files/styles/mini200/public/action-9-2-8.png?itok=XyTEzUHK""},{""feature"":""path contains /styles/mini200/"",""reason"":""公共装饰图"",""url"":""https://www.fahsysu.org.cn/sites/1h.prod.sysucloud1.sysu.edu.cn/files/styles/mini200/public/action-9-1-2_0.png?itok=thPXMwH8""}],""focal_point_480_reference_count"":0,""observed_utc"":""2026-08-18T14:33:28Z"",""resource_urls"":[""https://www.fahsysu.org.cn/sites/1h.prod.sysucloud1.sysu.edu.cn/files/styles/mini200/public/action-9-1-3.png?itok=N7xVlmOY"",""https://www.fahsysu.org.cn/sites/1h.prod.sysucloud1.sysu.edu.cn/files/styles/mini200/public/action-9-1-6.png?itok=e9BYn97e"",""https://www.fahsysu.org.cn/sites/1h.prod.sysucloud1.sysu.edu.cn/files/styles/mini200/public/action-9-1-1_0.png?itok=lMXpEjLC"",""https://www.fahsysu.org.cn/sites/1h.prod.sysucloud1.sysu.edu.cn/files/styles/mini200/public/action-9-2-8.png?itok=XyTEzUHK"",""https://www.fahsysu.org.cn/sites/1h.prod.sysucloud1.sysu.edu.cn/files/styles/mini200/public/action-9-1-2_0.png?itok=thPXMwH8""],""template_signature"":"".other-left .other-media .media-img[data-image-url]""}"
陶军,https://www.fahsysu.org.cn/node/932,实采,,https://www.fahsysu.org.cn/sites/1h.prod.sysucloud1.sysu.edu.cn/files/styles/focal_point_480/public/2023-06/%E9%99%B6%E5%86%9B-%E7%99%BD%E5%A4%A7%E8%A4%82.jpg?itok=wEb5NOwJ,01_试点医院/中山大学附属第一医院/照片/陶军-心内三科（高血压血管病）-主任医师-中山大学附属第一医院.jpg,154769,5b8facc0d0d7ad83defdc4a03f420c8bba50467fcf63ec320fc81e3c7dd768c3,480,480,FULL_FETCH,
夏文豪,https://www.fahsysu.org.cn/node/934,实采,,https://www.fahsysu.org.cn/sites/1h.prod.sysucloud1.sysu.edu.cn/files/styles/focal_point_480/public/102913.jpg?itok=BiknWzOF,01_试点医院/中山大学附属第一医院/照片/夏文豪-心内三科（高血压血管病）-主任医师-中山大学附属第一医院.jpg,151003,2e54cb6335ab508f12499b49a0e01d99a8405557c5f94887a52d22d2212f2e10,480,480,FULL_FETCH,
何江,https://www.fahsysu.org.cn/node/38071,实采,,https://www.fahsysu.org.cn/sites/1h.prod.sysucloud1.sysu.edu.cn/files/styles/focal_point_480/public/2026-03/%E9%AB%98%E8%A1%80%E5%8E%8B%E8%A1%80%E7%AE%A1%E7%97%85%E7%A7%91_%E4%BD%95%E6%B1%9F_%E5%89%AF%E9%AB%98%28%E5%8E%8B%E7%BC%A9%29.jpg?itok=mSUi8dlt,01_试点医院/中山大学附属第一医院/照片/何江-心内三科（高血压血管病）-副主任医师-中山大学附属第一医院.jpg,154100,143c0e22345c63b8744a4cb7b3d4c0ee34e0971aa02b063824b980397cf12098,480,480,FULL_FETCH,
苏晨,https://www.fahsysu.org.cn/node/927,实采,,https://www.fahsysu.org.cn/sites/1h.prod.sysucloud1.sysu.edu.cn/files/styles/focal_point_480/public/2025-08/%E5%BF%83%E5%86%85%E7%A7%91_%E8%8B%8F%E6%99%A8_%E5%89%AF%E9%AB%98.jpg?itok=4KPVQeps,01_试点医院/中山大学附属第一医院/照片/苏晨-心内三科（高血压血管病）-副主任医师-中山大学附属第一医院.jpg,122253,10b1c8b5e24e2acb7c5f0c8e1a24d7f43ce2afcfde27aed9bb91a4d27f27119d,480,480,FULL_FETCH,
徐诗岳,https://www.fahsysu.org.cn/node/31145,实采,,https://www.fahsysu.org.cn/sites/1h.prod.sysucloud1.sysu.edu.cn/files/styles/focal_point_480/public/2023-07/%E5%BF%83%E5%86%85%E7%A7%91%20%E5%BE%90%E8%AF%97%E5%B2%B3%20%E5%89%AF%E9%AB%98-%E8%AF%81%E4%BB%B6%E7%85%A7%20%E7%99%BD%E5%BA%95%E4%BF%AE%E6%94%B9%E7%A8%BF.JPG?itok=mQKQQrFt,01_试点医院/中山大学附属第一医院/照片/徐诗岳-心内三科（高血压血管病）-副主任医师-中山大学附属第一医院.jpg,159118,901eb84930f869de2ccea18561850a99c2f0d12fec6930639b59c042034f0876,480,480,FULL_FETCH,
张小宇,https://www.fahsysu.org.cn/node/29083,实采,,https://www.fahsysu.org.cn/sites/1h.prod.sysucloud1.sysu.edu.cn/files/styles/focal_point_480/public/2022-05/%E5%BF%83%E5%86%85%E4%B8%89%E7%A7%91%20%E5%BC%A0%E5%B0%8F%E5%AE%87%20%E5%89%AF%E9%AB%98.jpg?itok=LNBdeNCv,01_试点医院/中山大学附属第一医院/照片/张小宇-心内三科（高血压血管病）-副主任医师-中山大学附属第一医院.jpg,135472,a53f4e313a82dc8a05be37b20322aa351b33d5d19d0529e7207c6dd7db4acd16,480,480,FULL_FETCH,
张焰,https://www.fahsysu.org.cn/node/13569,实采,,https://www.fahsysu.org.cn/sites/1h.prod.sysucloud1.sysu.edu.cn/files/styles/focal_point_480/public/2025-03/%E5%BF%83%E8%A1%80%E7%AE%A1%E5%BA%B7%E5%A4%8D%E7%A7%91%E5%BC%A0%E7%84%B02025.jpg?itok=0Nlh1sn-,01_试点医院/中山大学附属第一医院/照片/张焰-心内五科（心血管康复科）-主任医师-中山大学附属第一医院.jpg,183391,6c137372fe6e4ae40f6bd37dc7a9429b4b36472f434a27d8e5496062d51c75e5,480,480,FULL_FETCH,
何建桂,https://www.fahsysu.org.cn/node/939,实采,,https://www.fahsysu.org.cn/sites/1h.prod.sysucloud1.sysu.edu.cn/files/styles/focal_point_480/public/112046.jpg?itok=HmzAp-BB,01_试点医院/中山大学附属第一医院/照片/何建桂-心内六科（CCU）-主任医师-中山大学附属第一医院.jpg,230378,1f7fae49a09e8735fe7d91421b45b519ebb256f3f8f348febc03dc519b91f64b,480,480,FULL_FETCH,
柳俊,https://www.fahsysu.org.cn/node/940,失败,无照片容器,,,,,,,FULL_FETCH,"{""detail_http"":200,""detection_feature"":""focal_point_480 引用数=0；医生照片容器缺失；页面 media-img 仅有 5 个 path contains /styles/mini200/ 公共图标"",""excluded_resources"":[{""feature"":""path contains /styles/mini200/"",""reason"":""公共装饰图"",""url"":""https://www.fahsysu.org.cn/sites/1h.prod.sysucloud1.sysu.edu.cn/files/styles/mini200/public/action-9-1-3.png?itok=N7xVlmOY""},{""feature"":""path contains /styles/mini200/"",""reason"":""公共装饰图"",""url"":""https://www.fahsysu.org.cn/sites/1h.prod.sysucloud1.sysu.edu.cn/files/styles/mini200/public/action-9-1-6.png?itok=e9BYn97e""},{""feature"":""path contains /styles/mini200/"",""reason"":""公共装饰图"",""url"":""https://www.fahsysu.org.cn/sites/1h.prod.sysucloud1.sysu.edu.cn/files/styles/mini200/public/action-9-1-1_0.png?itok=lMXpEjLC""},{""feature"":""path contains /styles/mini200/"",""reason"":""公共装饰图"",""url"":""https://www.fahsysu.org.cn/sites/1h.prod.sysucloud1.sysu.edu.cn/files/styles/mini200/public/action-9-2-8.png?itok=XyTEzUHK""},{""feature"":""path contains /styles/mini200/"",""reason"":""公共装饰图"",""url"":""https://www.fahsysu.org.cn/sites/1h.prod.sysucloud1.sysu.edu.cn/files/styles/mini200/public/action-9-1-2_0.png?itok=thPXMwH8""}],""focal_point_480_reference_count"":0,""observed_utc"":""2026-08-18T14:33:33Z"",""resource_urls"":[""https://www.fahsysu.org.cn/sites/1h.prod.sysucloud1.sysu.edu.cn/files/styles/mini200/public/action-9-1-3.png?itok=N7xVlmOY"",""https://www.fahsysu.org.cn/sites/1h.prod.sysucloud1.sysu.edu.cn/files/styles/mini200/public/action-9-1-6.png?itok=e9BYn97e"",""https://www.fahsysu.org.cn/sites/1h.prod.sysucloud1.sysu.edu.cn/files/styles/mini200/public/action-9-1-1_0.png?itok=lMXpEjLC"",""https://www.fahsysu.org.cn/sites/1h.prod.sysucloud1.sysu.edu.cn/files/styles/mini200/public/action-9-2-8.png?itok=XyTEzUHK"",""https://www.fahsysu.org.cn/sites/1h.prod.sysucloud1.sysu.edu.cn/files/styles/mini200/public/action-9-1-2_0.png?itok=thPXMwH8""],""template_signature"":"".other-left .other-media .media-img[data-image-url]""}"
刘晨,https://www.fahsysu.org.cn/node/32844,实采,,https://www.fahsysu.org.cn/sites/1h.prod.sysucloud1.sysu.edu.cn/files/styles/focal_point_480/public/2024-04/%E5%BF%83%E5%86%85%E5%85%AD%E7%A7%91%20%E5%88%98%E6%99%A8%20%E5%89%AF%E9%AB%98%EF%BC%88%E7%BB%8F%E6%B2%9F%E9%80%9A%E6%8C%89%E5%8E%9F%E7%85%A7%E7%89%87%EF%BC%89.jpg?itok=h-7N98Xc,01_试点医院/中山大学附属第一医院/照片/刘晨-心内六科（CCU）-主任医师-中山大学附属第一医院.jpg,122399,dd7c6d338bab3bfcd1154806fb63e1b095a25b4b89daa4f420ca63a534a5d2f5,480,480,FULL_FETCH,
吴德熙,https://www.fahsysu.org.cn/node/30375,实采,,https://www.fahsysu.org.cn/sites/1h.prod.sysucloud1.sysu.edu.cn/files/styles/focal_point_480/public/2026-06/%E5%BF%83%E5%86%85%E7%A7%91_%E5%90%B4%E5%BE%B7%E7%86%99_%E6%AD%A3%E9%AB%98.jpg?itok=ycCyJFku,01_试点医院/中山大学附属第一医院/照片/吴德熙-心内六科（CCU）-主任医师-中山大学附属第一医院.jpg,152330,daf63a62c8c3c05d882eac2abe8803daa70ee631dc5046d96f76b77808e155f1,480,480,FULL_FETCH,
吴素华,https://www.fahsysu.org.cn/node/942,实采,,https://www.fahsysu.org.cn/sites/1h.prod.sysucloud1.sysu.edu.cn/files/styles/focal_point_480/public/111008.jpg?itok=gWSeHq1R,01_试点医院/中山大学附属第一医院/照片/吴素华-心内六科（CCU）-主任医师-中山大学附属第一医院.jpg,203943,32a34e7871b51c413bb18f39572ac0b12c5f6f44afbad7ae63fa15f0d1dc6025,480,480,FULL_FETCH,
董玢,https://www.fahsysu.org.cn/node/38129,实采,,https://www.fahsysu.org.cn/sites/1h.prod.sysucloud1.sysu.edu.cn/files/styles/focal_point_480/public/2026-03/%E5%BF%83%E5%86%85%E5%85%AD%E7%A7%91ccu_%E8%91%A3%E7%8E%A2.jpg?itok=ar27OL4W,01_试点医院/中山大学附属第一医院/照片/董玢-心内六科（CCU）-副主任医师-中山大学附属第一医院.jpg,116997,e803c2aebff8774bbe6b06292df9556b288ebaf459be1c0ead2f45cc1bca1088,480,480,FULL_FETCH,
黄沛森,https://www.fahsysu.org.cn/node/38087,实采,,https://www.fahsysu.org.cn/sites/1h.prod.sysucloud1.sysu.edu.cn/files/styles/focal_point_480/public/2026-02/%E5%BF%83%E8%A1%80%E7%AE%A1%E5%86%85%E7%A7%91%E6%95%99%E6%8E%88-%E9%BB%84%E6%B2%9B%E6%A3%AE-%E5%89%AF%E9%AB%98.jpg?itok=eS6WNy1z,01_试点医院/中山大学附属第一医院/照片/黄沛森-心内六科（CCU）-副主任医师-中山大学附属第一医院.jpg,142482,b5028adde6b75ee94f3422bb410187ccceddaf86c6b033449d8114dca9f520fa,480,480,FULL_FETCH,
纪程程,https://www.fahsysu.org.cn/node/38473,实采,,https://www.fahsysu.org.cn/sites/1h.prod.sysucloud1.sysu.edu.cn/files/styles/focal_point_480/public/2026-04/%E7%BA%AA%E7%A8%8B%E7%A8%8B.jpg?itok=K9bJxVhO,01_试点医院/中山大学附属第一医院/照片/纪程程-心内六科（CCU）-副主任医师-中山大学附属第一医院.jpg,146686,b9445e53cd9b8ee32dedfb36c3448241b44dbf19d78dc32f09dac86f48d88b00,480,480,FULL_FETCH,
魏方菲,https://www.fahsysu.org.cn/node/35628,实采,,https://www.fahsysu.org.cn/sites/1h.prod.sysucloud1.sysu.edu.cn/files/styles/focal_point_480/public/2025-04/%E5%BF%83%E5%86%85%E5%85%AD%E7%A7%91_%E9%AD%8F%E6%96%B9%E8%8F%B2_%E5%89%AF%E9%AB%98.jpg?itok=eWYYLrJD,01_试点医院/中山大学附属第一医院/照片/魏方菲-心内六科（CCU）-副主任医师-中山大学附属第一医院.jpg,158330,54725c797d05bb543942f82367b7bae803a6d8a35c220fab417d8dc2f75b2952,480,480,FULL_FETCH,
吴泽璇,https://www.fahsysu.org.cn/node/35080,实采,,https://www.fahsysu.org.cn/sites/1h.prod.sysucloud1.sysu.edu.cn/files/styles/focal_point_480/public/2025-02/%E5%BF%83%E8%A1%80%E7%AE%A1%E5%86%85%E7%A7%91_%E5%90%B4%E6%B3%BD%E7%92%87_%E5%89%AF%E9%AB%98_%E4%BF%AE%E6%94%B9%E7%99%BD%E5%BA%95.jpg?itok=tFMAHOLZ,01_试点医院/中山大学附属第一医院/照片/吴泽璇-心内六科（CCU）-副主任医师-中山大学附属第一医院.jpg,137049,09221bc88208c860a0cbba983a2776eb6c107fcea3688c370f21b3a85e70c617,480,480,FULL_FETCH,
薛睿聪,https://www.fahsysu.org.cn/node/28386,实采,,https://www.fahsysu.org.cn/sites/1h.prod.sysucloud1.sysu.edu.cn/files/styles/focal_point_480/public/2026-02/%E5%BF%83%E5%86%85%E5%85%AD%E7%A7%91%EF%BC%88ccu%EF%BC%89_%E8%96%9B%E7%9D%BF%E8%81%AA_%28%E5%8E%8B%E7%BC%A9%E5%90%8E%29.jpg?itok=snPiyudt,01_试点医院/中山大学附属第一医院/照片/薛睿聪-心内六科（CCU）-副主任医师-中山大学附属第一医院.jpg,163616,997fa2b3c073e1a3619257c68da4525669c26add30c9f804f9406c05fd3c635a,480,480,FULL_FETCH,
朱文根,https://www.fahsysu.org.cn/node/38540,实采,,https://www.fahsysu.org.cn/sites/1h.prod.sysucloud1.sysu.edu.cn/files/styles/focal_point_480/public/2026-04/%E5%BF%83%E5%86%85%E7%A7%91%E6%9C%B1%E6%96%87%E6%A0%B9_%E5%89%AF%E9%AB%98.jpg?itok=b5iLMU3k,01_试点医院/中山大学附属第一医院/照片/朱文根-心内六科（CCU）-副主任医师-中山大学附属第一医院.jpg,160585,791e84823ab33d68e6436eb9bcdc4f167eaecf25f48c389a0c9549e39c6bc088,480,480,FULL_FETCH,
李淑娟,https://www.fahsysu.org.cn/node/25429,实采,,https://www.fahsysu.org.cn/sites/1h.prod.sysucloud1.sysu.edu.cn/files/styles/focal_point_480/public/%E5%BF%83%E5%84%BF%E7%A7%91-%E6%9D%8E%E6%B7%91%E5%A8%9F-%E5%89%AF%E9%AB%98.jpeg?itok=F8n6S9B9,01_试点医院/中山大学附属第一医院/照片/李淑娟-心血管儿科-主任医师-中山大学附属第一医院.jpg,171546,6273bde8366e3335fdfdfadc1e1ff923aeacce11d68ebc38b7cb042e7f1e521c,480,480,FULL_FETCH,
覃有振,https://www.fahsysu.org.cn/node/935,实采,,https://www.fahsysu.org.cn/sites/1h.prod.sysucloud1.sysu.edu.cn/files/styles/focal_point_480/public/024137.jpg?itok=f4x7ylW_,01_试点医院/中山大学附属第一医院/照片/覃有振-心血管儿科-主任医师-中山大学附属第一医院.jpg,144220,4d8585aa896d8eeb565ec35d9eb228e936df53dd7a111976e5e171db2daa0c4e,480,480,FULL_FETCH,
王慧深,https://www.fahsysu.org.cn/node/936,实采,,https://www.fahsysu.org.cn/sites/1h.prod.sysucloud1.sysu.edu.cn/files/styles/focal_point_480/public/113632%20%281%29.jpg?itok=PwQzYG9Q,01_试点医院/中山大学附属第一医院/照片/王慧深-心血管儿科-主任医师-中山大学附属第一医院.jpg,204125,f1b6782a073f55995967645788837c1dafdfe6dedf1a5030ac7d9b03ac89537c,480,480,FULL_FETCH,
巴宏军,https://www.fahsysu.org.cn/node/39252,实采,,https://www.fahsysu.org.cn/sites/1h.prod.sysucloud1.sysu.edu.cn/files/styles/focal_point_480/public/2026-07/%E5%BF%83%E8%A1%80%E7%AE%A1%E5%84%BF%E7%A7%91_%E5%B7%B4%E5%AE%8F%E5%86%9B_%E5%89%AF%E4%B8%BB%E4%BB%BB%E5%8C%BB%E5%B8%88.jpg?itok=s0LxjeyP,01_试点医院/中山大学附属第一医院/照片/巴宏军-心血管儿科-副主任医师-中山大学附属第一医院.jpg,163273,4c422474a03553d745ea459cd03b7169d15c673a3a5d937650d94ef2c70be70f,480,480,FULL_FETCH,
朱玲,https://www.fahsysu.org.cn/node/938,实采,,https://www.fahsysu.org.cn/sites/1h.prod.sysucloud1.sysu.edu.cn/files/styles/focal_point_480/public/2023-03/%E5%BF%83%E8%A1%80%E7%AE%A1%E5%84%BF%E7%A7%91%20%E6%9C%B1%E7%8E%B2%20%E5%89%AF%E9%AB%98%EF%BC%88%E5%AE%98%E7%BD%91%EF%BC%89.jpg?itok=NiXe9cl_,01_试点医院/中山大学附属第一医院/照片/朱玲-心血管儿科-副主任医师-中山大学附属第一医院.jpg,134823,4494fd2d88ac025cd29f34d9636c0032aa17abe0e7d421b723b966347054c6b9,480,480,FULL_FETCH,
陈光献,https://www.fahsysu.org.cn/node/947,实采,,https://www.fahsysu.org.cn/sites/1h.prod.sysucloud1.sysu.edu.cn/files/styles/focal_point_480/public/2023-12/1.jpg?itok=-g8weiBE,01_试点医院/中山大学附属第一医院/照片/陈光献-心脏外科-主任医师-中山大学附属第一医院.jpg,119266,dd09f2b7d0d48a1700dddcfe52aac561569fad024bc32142c41df05987271553,480,480,FULL_FETCH,
梁孟亚,https://www.fahsysu.org.cn/node/5537,实采,,https://www.fahsysu.org.cn/sites/1h.prod.sysucloud1.sysu.edu.cn/files/styles/focal_point_480/public/2023-03/%E5%BF%83%E8%A1%80%E7%AE%A1%E5%8C%BB%E5%AD%A6%E9%83%A8%20%E6%A2%81%E5%AD%9F%E4%BA%9A%20%E5%89%AF%E4%B8%BB%E4%BB%BB%E5%8C%BB%E5%B8%88.jpg?itok=FKhYPoGL,01_试点医院/中山大学附属第一医院/照片/梁孟亚-心脏外科-主任医师-中山大学附属第一医院.jpg,119917,4a1160e03e2ef069f8256afdcc6f2e9a9d937894f796452e80a779bce20c2b49,480,480,FULL_FETCH,
区景松,https://www.fahsysu.org.cn/node/23546,实采,,https://www.fahsysu.org.cn/sites/1h.prod.sysucloud1.sysu.edu.cn/files/styles/focal_point_480/public/2023-06/%E5%8C%BA%E6%99%AF%E6%9D%BE-%E7%99%BD%E5%A4%A7%E8%A4%82.jpg?itok=Dbhy-2Wl,01_试点医院/中山大学附属第一医院/照片/区景松-心脏外科-主任医师-中山大学附属第一医院.jpg,154778,b66e2879bb292fa79c82c47b15f395ad7f9158d609dbb18ff7bd22ba694db3be,480,480,FULL_FETCH,
吴钟凯,https://www.fahsysu.org.cn/node/949,实采,,https://www.fahsysu.org.cn/sites/1h.prod.sysucloud1.sysu.edu.cn/files/styles/focal_point_480/public/%E5%90%B4%E9%92%9F%E5%87%AF.jpg?itok=jazwqeR8,01_试点医院/中山大学附属第一医院/照片/吴钟凯-心脏外科-主任医师-中山大学附属第一医院.jpg,166166,3412c52c4417b3891ece71f1a122a408f822df1ec9afdcc8747bc7827801422c,480,480,FULL_FETCH,
徐颖琦,https://www.fahsysu.org.cn/node/950,实采,,https://www.fahsysu.org.cn/sites/1h.prod.sysucloud1.sysu.edu.cn/files/styles/focal_point_480/public/013829.jpg?itok=aWabvQMi,01_试点医院/中山大学附属第一医院/照片/徐颖琦-心脏外科-主任医师-中山大学附属第一医院.jpg,190878,db9e25bb9682a3dd798bf184f041ed6e57022fb97a3f1b878c1d15c4457da9a7,480,480,FULL_FETCH,
殷胜利,https://www.fahsysu.org.cn/node/952,实采,,https://www.fahsysu.org.cn/sites/1h.prod.sysucloud1.sysu.edu.cn/files/styles/focal_point_480/public/013938.jpg?itok=FVFdoeuF,01_试点医院/中山大学附属第一医院/照片/殷胜利-心脏外科-主任医师-中山大学附属第一医院.jpg,150954,8d515c740daf9468cfa4b861d6485c54da6191bf92122ddef120312d7794b7fc,480,480,FULL_FETCH,
姚尖平,https://www.fahsysu.org.cn/node/951,实采,,https://www.fahsysu.org.cn/sites/1h.prod.sysucloud1.sysu.edu.cn/files/styles/focal_point_480/public/2024-12/%E5%BF%83%E8%84%8F%E5%A4%96%E7%A7%91_%E5%A7%9A%E5%B0%96%E5%B9%B3_%E6%AD%A3%E9%AB%98.jpg?itok=_4XsQ0lo,01_试点医院/中山大学附属第一医院/照片/姚尖平-心脏外科-主任医师-中山大学附属第一医院.jpg,126500,e080471eb9fa3030856cadc5f9248b9f443aad4fe21b87b070f852171974a671,480,480,FULL_FETCH,
张希,https://www.fahsysu.org.cn/node/953,实采,,https://www.fahsysu.org.cn/sites/1h.prod.sysucloud1.sysu.edu.cn/files/styles/focal_point_480/public/%E5%BC%A0%E5%B8%8C.jpg?itok=9EEeeNrY,01_试点医院/中山大学附属第一医院/照片/张希-心脏外科-主任医师-中山大学附属第一医院.jpg,160014,71924b762c539037edf3fa71dfe985953189f70eee1267a4c4250916094e8a1f,480,480,FULL_FETCH,
熊迈,https://www.fahsysu.org.cn/node/5538,实采,,https://www.fahsysu.org.cn/sites/1h.prod.sysucloud1.sysu.edu.cn/files/styles/focal_point_480/public/013704.jpg?itok=YizNaV4O,01_试点医院/中山大学附属第一医院/照片/熊迈-心脏外科-副主任医师-中山大学附属第一医院.jpg,175333,55da2dd4ffbee1747baa173374649676e52c11ad9a4304fa1ca68f9123432224,480,480,FULL_FETCH,
许哲,https://www.fahsysu.org.cn/node/25512,实采,,https://www.fahsysu.org.cn/sites/1h.prod.sysucloud1.sysu.edu.cn/files/styles/focal_point_480/public/%E5%BF%83%E8%84%8F%E5%A4%96%E7%A7%91-%E8%AE%B8%E5%93%B2-%E5%89%AF%E9%AB%98_2345%E7%9C%8B%E5%9B%BE%E7%8E%8B%281%29.jpg?itok=y6iWXKr7,01_试点医院/中山大学附属第一医院/照片/许哲-心脏外科-副主任医师-中山大学附属第一医院.jpg,171045,d21dd663bdab02f55304e3b71f52052e0615ddd3937cfabc80f24d80f8e617f7,480,480,FULL_FETCH,
周立,https://www.fahsysu.org.cn/node/23547,实采,,https://www.fahsysu.org.cn/sites/1h.prod.sysucloud1.sysu.edu.cn/files/styles/focal_point_480/public/043336.jpg?itok=-GLP5ugx,01_试点医院/中山大学附属第一医院/照片/周立-心脏外科-副主任医师-中山大学附属第一医院.jpg,172957,afa0e6184cbac10fa80077dc6cc8bc2117f6bfece09e98033eb02f3268933dbf,480,480,FULL_FETCH,
荣健,https://www.fahsysu.org.cn/node/943,实采,,https://www.fahsysu.org.cn/sites/1h.prod.sysucloud1.sysu.edu.cn/files/styles/focal_point_480/public/2022-07/1%E5%AF%B8.jpeg?itok=JTklVLPv,01_试点医院/中山大学附属第一医院/照片/荣健-体外循环科-主任医师-中山大学附属第一医院.jpg,189245,380fe42b52d80f4d4bf45701a2a41bdaaa0d005c1ec0b0c84508e4a0b1f8ebd6,480,480,FULL_FETCH,
黄勇,https://www.fahsysu.org.cn/node/31409,实采,,https://www.fahsysu.org.cn/sites/1h.prod.sysucloud1.sysu.edu.cn/files/styles/focal_point_480/public/2023-08/%E9%BB%84%E5%8B%87.jpg?itok=k8aJsJsn,01_试点医院/中山大学附属第一医院/照片/黄勇-急诊科-主任医师-中山大学附属第一医院.jpg,140719,1402647cfdd8cfc5c60fd8d425c94bb5f07c16c2894966efb366b9f729279ecb,480,480,FULL_FETCH,
荆小莉,https://www.fahsysu.org.cn/node/5756,实采,,https://www.fahsysu.org.cn/sites/1h.prod.sysucloud1.sysu.edu.cn/files/styles/focal_point_480/public/115437.jpg?itok=kYMRFs4B,01_试点医院/中山大学附属第一医院/照片/荆小莉-急诊科-主任医师-中山大学附属第一医院.jpg,225384,8c6bc75a6af541c411f001399b07b7475850ca49a34af0f13a9b654245b334f3,480,480,FULL_FETCH,
刘江辉,https://www.fahsysu.org.cn/node/20880,实采,,https://www.fahsysu.org.cn/sites/1h.prod.sysucloud1.sysu.edu.cn/files/styles/focal_point_480/public/%E5%88%98%E6%B1%9F%E8%BE%89.jpg?itok=3reBfSM4,01_试点医院/中山大学附属第一医院/照片/刘江辉-急诊科-主任医师-中山大学附属第一医院.jpg,131887,178a67023332d8069177336bf2d7f5add76e12953015f82aebe4d76e22096ed1,480,480,FULL_FETCH,
刘志豪,https://www.fahsysu.org.cn/node/31405,实采,,https://www.fahsysu.org.cn/sites/1h.prod.sysucloud1.sysu.edu.cn/files/styles/focal_point_480/public/2025-09/%E5%85%A8%E7%A7%91%E5%8C%BB%E5%AD%A6%E7%A7%91%E5%88%98%E5%BF%97%E8%B1%AA%E4%B8%BB%E4%BB%BB%E5%8C%BB%E5%B8%88.jpg?itok=QQWpu3b7,01_试点医院/中山大学附属第一医院/照片/刘志豪-急诊科-主任医师-中山大学附属第一医院.jpg,183122,489b595452763ce0a8b8457bc4055153f13e00da149e509dd1d6fd4ea9c73047,480,480,FULL_FETCH,
魏红艳,https://www.fahsysu.org.cn/node/31406,实采,,https://www.fahsysu.org.cn/sites/1h.prod.sysucloud1.sysu.edu.cn/files/styles/focal_point_480/public/2023-08/%E9%AD%8F%E7%BA%A2%E8%89%B3.jpg?itok=W0v3uziT,01_试点医院/中山大学附属第一医院/照片/魏红艳-急诊科-主任医师-中山大学附属第一医院.jpg,134563,c87816bed18a3c4b7ff095976e22b4270f698dabe56dee2962c532c922e70b3f,480,480,FULL_FETCH,
王科科,https://www.fahsysu.org.cn/node/31410,实采,,https://www.fahsysu.org.cn/sites/1h.prod.sysucloud1.sysu.edu.cn/files/styles/focal_point_480/public/2023-08/%E7%8E%8B%E7%A7%91%E7%A7%91.jpg?itok=nuUQZhlX,01_试点医院/中山大学附属第一医院/照片/王科科-急诊科-主任医师-中山大学附属第一医院.jpg,160164,b819130037678cf57b73cd364eb63a337ccd819e44580a69579334fe55639a4d,480,480,FULL_FETCH,
徐嘉,https://www.fahsysu.org.cn/node/31442,实采,,https://www.fahsysu.org.cn/sites/1h.prod.sysucloud1.sysu.edu.cn/files/styles/focal_point_480/public/2023-08/%E5%BE%90%E5%98%89_0.jpg?itok=wjb6wxm9,01_试点医院/中山大学附属第一医院/照片/徐嘉-急诊科-主任医师-中山大学附属第一医院.jpg,191796,65032e9dc89a53c06a2f78dbb53ac0f34136cf8540fdf251bad3b653ecbe0159,480,480,FULL_FETCH,
杨震,https://www.fahsysu.org.cn/node/933,实采,,https://www.fahsysu.org.cn/sites/1h.prod.sysucloud1.sysu.edu.cn/files/styles/focal_point_480/public/2023-08/%E6%80%A5%E8%AF%8A%E5%86%85%E7%A7%91%20%E6%9D%A8%E9%9C%87%20%E6%AD%A3%E9%AB%98.jpg?itok=XcJSY6l2,01_试点医院/中山大学附属第一医院/照片/杨震-急诊科-主任医师-中山大学附属第一医院.jpg,130044,fa797c46bbf2f7d9afc196dd075f322511adbd87a64eaa99b4dd35c1a8690388,480,480,FULL_FETCH,
詹红,https://www.fahsysu.org.cn/node/5761,实采,,https://www.fahsysu.org.cn/sites/1h.prod.sysucloud1.sysu.edu.cn/files/styles/focal_point_480/public/051701.jpg?itok=McyxqffW,01_试点医院/中山大学附属第一医院/照片/詹红-急诊科-主任医师-中山大学附属第一医院.jpg,147739,b589b16fe6c4402f91d0377260d2c3b417eac26dcb79d5e635182e45fffeb87f,480,480,FULL_FETCH,
黄应雄,https://www.fahsysu.org.cn/node/35584,实采,,https://www.fahsysu.org.cn/sites/1h.prod.sysucloud1.sysu.edu.cn/files/styles/focal_point_480/public/2025-04/%E6%80%A5%E8%AF%8A%E7%A7%91_%E9%BB%84%E5%BA%94%E9%9B%84_%E5%89%AF%E9%AB%98.jpg?itok=-y9mDJSE,01_试点医院/中山大学附属第一医院/照片/黄应雄-急诊科-副主任医师-中山大学附属第一医院.jpg,149623,2b2af700da49242bc0ef89529ae83360c0ddb05fb690e1c909fd283fc1a6588f,480,480,FULL_FETCH,
廖瑾莉,https://www.fahsysu.org.cn/node/31441,实采,,https://www.fahsysu.org.cn/sites/1h.prod.sysucloud1.sysu.edu.cn/files/styles/focal_point_480/public/2023-08/%E5%BB%96%E7%91%BE%E8%8E%89.jpg?itok=evLHzPJQ,01_试点医院/中山大学附属第一医院/照片/廖瑾莉-急诊科-副主任医师-中山大学附属第一医院.jpg,143687,57f6aeb5184e4be2dbc64a5427ae0621b9ecb5510ec6d8ab2d39d1bd02f1d234,480,480,FULL_FETCH,
梁艳冰,https://www.fahsysu.org.cn/node/5762,失败,无照片容器,,,,,,,FULL_FETCH,"{""detail_http"":200,""detection_feature"":""focal_point_480 引用数=0；医生照片容器缺失；页面 media-img 仅有 5 个 path contains /styles/mini200/ 公共图标"",""excluded_resources"":[{""feature"":""path contains /styles/mini200/"",""reason"":""公共装饰图"",""url"":""https://www.fahsysu.org.cn/sites/1h.prod.sysucloud1.sysu.edu.cn/files/styles/mini200/public/action-9-1-3.png?itok=N7xVlmOY""},{""feature"":""path contains /styles/mini200/"",""reason"":""公共装饰图"",""url"":""https://www.fahsysu.org.cn/sites/1h.prod.sysucloud1.sysu.edu.cn/files/styles/mini200/public/action-9-1-6.png?itok=e9BYn97e""},{""feature"":""path contains /styles/mini200/"",""reason"":""公共装饰图"",""url"":""https://www.fahsysu.org.cn/sites/1h.prod.sysucloud1.sysu.edu.cn/files/styles/mini200/public/action-9-1-1_0.png?itok=lMXpEjLC""},{""feature"":""path contains /styles/mini200/"",""reason"":""公共装饰图"",""url"":""https://www.fahsysu.org.cn/sites/1h.prod.sysucloud1.sysu.edu.cn/files/styles/mini200/public/action-9-2-8.png?itok=XyTEzUHK""},{""feature"":""path contains /styles/mini200/"",""reason"":""公共装饰图"",""url"":""https://www.fahsysu.org.cn/sites/1h.prod.sysucloud1.sysu.edu.cn/files/styles/mini200/public/action-9-1-2_0.png?itok=thPXMwH8""}],""focal_point_480_reference_count"":0,""observed_utc"":""2026-08-18T14:33:49Z"",""resource_urls"":[""https://www.fahsysu.org.cn/sites/1h.prod.sysucloud1.sysu.edu.cn/files/styles/mini200/public/action-9-1-3.png?itok=N7xVlmOY"",""https://www.fahsysu.org.cn/sites/1h.prod.sysucloud1.sysu.edu.cn/files/styles/mini200/public/action-9-1-6.png?itok=e9BYn97e"",""https://www.fahsysu.org.cn/sites/1h.prod.sysucloud1.sysu.edu.cn/files/styles/mini200/public/action-9-1-1_0.png?itok=lMXpEjLC"",""https://www.fahsysu.org.cn/sites/1h.prod.sysucloud1.sysu.edu.cn/files/styles/mini200/public/action-9-2-8.png?itok=XyTEzUHK"",""https://www.fahsysu.org.cn/sites/1h.prod.sysucloud1.sysu.edu.cn/files/styles/mini200/public/action-9-1-2_0.png?itok=thPXMwH8""],""template_signature"":"".other-left .other-media .media-img[data-image-url]""}"
叶子,https://www.fahsysu.org.cn/node/31407,实采,,https://www.fahsysu.org.cn/sites/1h.prod.sysucloud1.sysu.edu.cn/files/styles/focal_point_480/public/2023-08/%E5%8F%B6%E5%AD%90%20%E7%9B%B8%E7%89%87.jpg?itok=UHNBhWA2,01_试点医院/中山大学附属第一医院/照片/叶子-急诊科-副主任医师-中山大学附属第一医院.jpg,173414,348f345be8d7c2c2ec9a644db45a8dfa6809b2d120f363d612177b6a5cd0a98b,480,480,FULL_FETCH,
郑梓煜,https://www.fahsysu.org.cn/node/31408,实采,,https://www.fahsysu.org.cn/sites/1h.prod.sysucloud1.sysu.edu.cn/files/styles/focal_point_480/public/2023-08/%E9%83%91%E6%A2%93%E7%85%9C.jpg?itok=S1CeDrWL,01_试点医院/中山大学附属第一医院/照片/郑梓煜-急诊科-副主任医师-中山大学附属第一医院.jpg,146404,7d30d285bc4bb7377242405cc316a747af641198541ce37221c3d362660b6a72,480,480,FULL_FETCH,
包勇,https://www.fahsysu.org.cn/node/5830,实采,,https://www.fahsysu.org.cn/sites/1h.prod.sysucloud1.sysu.edu.cn/files/styles/focal_point_480/public/2023-03/%E6%94%BE%E5%B0%84%E6%B2%BB%E7%96%97%E7%A7%91%20%E5%8C%85%E5%8B%87%20%E6%AD%A3%E9%AB%98.jpg?itok=9FDG-llQ,01_试点医院/中山大学附属第一医院/照片/包勇-放射治疗科-主任医师-中山大学附属第一医院.jpg,129473,b71bef4099a441c5348a9b1180ba272478b038102742854802fe27bd0c844042,480,480,FULL_FETCH,
陈勇,https://www.fahsysu.org.cn/node/5837,实采,,https://www.fahsysu.org.cn/sites/1h.prod.sysucloud1.sysu.edu.cn/files/styles/focal_point_480/public/2024-04/%E9%99%88%E5%8B%87.jpg?itok=zTK3v19Y,01_试点医院/中山大学附属第一医院/照片/陈勇-放射治疗科-主任医师-中山大学附属第一医院.jpg,105524,644198836ec25bd016de91f9c270edfd14a67ac91ec4733dd87a79e4dcaf5b15,480,480,FULL_FETCH,
彭振维,https://www.fahsysu.org.cn/node/5833,实采,,https://www.fahsysu.org.cn/sites/1h.prod.sysucloud1.sysu.edu.cn/files/styles/focal_point_480/public/045319.jpg?itok=LoYvOMKV,01_试点医院/中山大学附属第一医院/照片/彭振维-放射治疗科-主任医师-中山大学附属第一医院.jpg,152297,0d18c56f0146bc39b106c22221d8f8e5e95ead88a9e308996cdfb50ae698c521,480,480,FULL_FETCH,
任玉峰,https://www.fahsysu.org.cn/node/5834,实采,,https://www.fahsysu.org.cn/sites/1h.prod.sysucloud1.sysu.edu.cn/files/styles/focal_point_480/public/031958.jpg?itok=Ijkd1HGp,01_试点医院/中山大学附属第一医院/照片/任玉峰-放射治疗科-主任医师-中山大学附属第一医院.jpg,157453,d530da7a3c4863b9a7fa48c79c6966a22c96574a5a15aa718b1be6e14b53a2e8,480,480,FULL_FETCH,
王岩,https://www.fahsysu.org.cn/node/5836,实采,,https://www.fahsysu.org.cn/sites/1h.prod.sysucloud1.sysu.edu.cn/files/styles/focal_point_480/public/115438.jpg?itok=lRUnMtf-,01_试点医院/中山大学附属第一医院/照片/王岩-放射治疗科-主任医师-中山大学附属第一医院.jpg,226999,695304d4e0eecfe2caa2dd993c3066f812037994a104d6bb19e03b418bcbabac,480,480,FULL_FETCH,
毕月,https://www.fahsysu.org.cn/node/38145,实采,,https://www.fahsysu.org.cn/sites/1h.prod.sysucloud1.sysu.edu.cn/files/styles/focal_point_480/public/2026-03/%E6%94%BE%E5%B0%84%E6%B2%BB%E7%96%97%E7%A7%91_%E6%AF%95%E6%9C%88_%E5%89%AF%E4%B8%BB%E4%BB%BB%E5%8C%BB%E5%B8%88.jpg?itok=S1wH7d2F,01_试点医院/中山大学附属第一医院/照片/毕月-放射治疗科-副主任医师-中山大学附属第一医院.jpg,202623,4a83eb0338e4158d70a5f030c689bd412427914bf0b782075ee69175ec64ab23,480,480,FULL_FETCH,
陈瑞莞,https://www.fahsysu.org.cn/node/5831,实采,,https://www.fahsysu.org.cn/sites/1h.prod.sysucloud1.sysu.edu.cn/files/styles/focal_point_480/public/092556.jpg?itok=GqbmysWa,01_试点医院/中山大学附属第一医院/照片/陈瑞莞-放射治疗科-副主任医师-中山大学附属第一医院.jpg,163475,0d2a01610ca8967abfc00699c8fdbd90ab145f525aaa970dc671381fc42d4e84,480,480,FULL_FETCH,
何潇芳,https://www.fahsysu.org.cn/node/38113,实采,,https://www.fahsysu.org.cn/sites/1h.prod.sysucloud1.sysu.edu.cn/files/styles/focal_point_480/public/2026-03/%E6%94%BE%E5%B0%84%E6%B2%BB%E7%96%97%E7%A7%91-%E4%BD%95%E6%BD%87%E8%8A%B3-%E5%89%AF%E9%AB%98.jpg?itok=VOY1pgtA,01_试点医院/中山大学附属第一医院/照片/何潇芳-放射治疗科-副主任医师-中山大学附属第一医院.jpg,161912,7c1711e188e8540b145f45b80b463171d33066df0b55586c4841fda12a80927c,480,480,FULL_FETCH,
牛绍清,https://www.fahsysu.org.cn/node/33085,失败,详情不可达,,,,,,,FULL_FETCH,"{""detail_http"":200,""detection_feature"":""页面引用唯一 focal_point_480；照片资源不可达；#1 2026-08-18T14:33:54Z HTTP 404 text/html | #2 2026-08-18T14:34:25Z HTTP 404 text/html | #3 2026-08-18T14:34:55Z HTTP 404 text/html"",""excluded_resources"":[],""focal_point_480_reference_count"":1,""observed_utc"":""2026-08-18T14:34:55Z"",""resource_urls"":[""https://www.fahsysu.org.cn/sites/1h.prod.sysucloud1.sysu.edu.cn/files/styles/focal_point_480/public/2024-05/%E6%94%BE%E5%B0%84%E6%B2%BB%E7%96%97%E7%A7%91%2B%E7%89%9B%E7%BB%8D%E6%B8%85%2B%E5%89%AF%E9%AB%98%20%E4%BF%AE%E6%94%B9%E7%99%BD%E5%BA%95.jpg?itok=rCoJQIv5""],""template_signature"":"".other-left .other-media .media-img[data-image-url]""}"
彭芳,https://www.fahsysu.org.cn/node/5832,失败,详情不可达,,,,,,,FULL_FETCH,"{""detail_http"":200,""detection_feature"":""页面引用唯一 focal_point_480；照片资源不可达；#1 2026-08-18T14:34:56Z HTTP 500 text/html | #2 2026-08-18T14:35:26Z HTTP 500 text/html | #3 2026-08-18T14:35:56Z HTTP 500 text/html"",""excluded_resources"":[],""focal_point_480_reference_count"":1,""observed_utc"":""2026-08-18T14:35:56Z"",""resource_urls"":[""https://www.fahsysu.org.cn/sites/1h.prod.sysucloud1.sysu.edu.cn/files/styles/focal_point_480/public/093552.jpg?itok=20fhOGPO""],""template_signature"":"".other-left .other-media .media-img[data-image-url]""}"
沈国平,https://www.fahsysu.org.cn/node/5835,实采,,https://www.fahsysu.org.cn/sites/1h.prod.sysucloud1.sysu.edu.cn/files/styles/focal_point_480/public/2024-04/%E8%82%BF%E7%98%A4%E6%94%BE%E5%B0%84%E6%B2%BB%E7%96%97%E7%A7%91%20%E6%B2%88%E5%9B%BD%E5%B9%B3%20%E5%89%AF%E9%AB%98.jpg?itok=hrQobnUo,01_试点医院/中山大学附属第一医院/照片/沈国平-放射治疗科-副主任医师-中山大学附属第一医院.jpg,161784,8699ff847b3762491708b51c5f04df2cd4db3b4c1f408ceb2afb6f41f3c1591b,480,480,FULL_FETCH,
王成涛,https://www.fahsysu.org.cn/node/31088,实采,,https://www.fahsysu.org.cn/sites/1h.prod.sysucloud1.sysu.edu.cn/files/styles/focal_point_480/public/2023-06/%E6%94%BE%E5%B0%84%E6%B2%BB%E7%96%97%E7%A7%91-%E7%8E%8B%E6%88%90%E6%B6%9B-%E5%89%AF%E9%AB%98%20%E5%AE%98%E7%BD%91.jpg?itok=Nff6WQbs,01_试点医院/中山大学附属第一医院/照片/王成涛-放射治疗科-副主任医师-中山大学附属第一医院.jpg,129984,057eab8d440f7ab87b3cf8cb7ee3f6116552e07b4390b6babfe500a8d4c02f7b,480,480,FULL_FETCH,
韦广滟,https://www.fahsysu.org.cn/node/38114,实采,,https://www.fahsysu.org.cn/sites/1h.prod.sysucloud1.sysu.edu.cn/files/styles/focal_point_480/public/2026-03/%E6%94%BE%E5%B0%84%E6%B2%BB%E7%96%97%E7%A7%91_%E9%9F%A6%E5%B9%BF%E6%BB%9F.jpeg?itok=lqzymReO,01_试点医院/中山大学附属第一医院/照片/韦广滟-放射治疗科-副主任医师-中山大学附属第一医院.jpg,163298,2803b3b2a8159edc68ab2ac96f87078e2ee719ee28b396faa1cae3979163a9ca,480,480,FULL_FETCH,
吴双,https://www.fahsysu.org.cn/node/35695,实采,,https://www.fahsysu.org.cn/sites/1h.prod.sysucloud1.sysu.edu.cn/files/styles/focal_point_480/public/2025-04/%E5%BE%AE%E4%BF%A1%E5%9B%BE%E7%89%87_20250416175316.jpg?itok=6LeJl5U6,01_试点医院/中山大学附属第一医院/照片/吴双-放射治疗科-副主任医师-中山大学附属第一医院.jpg,140430,de2d339d23fa98d00a0e3a701c4ef8ef2960bb54e2530c1f20a367749525a450,480,480,FULL_FETCH,
王雪涔,https://www.fahsysu.org.cn/node/38116,实采,,https://www.fahsysu.org.cn/sites/1h.prod.sysucloud1.sysu.edu.cn/files/styles/focal_point_480/public/2026-03/%E6%94%BE%E5%B0%84%E6%B2%BB%E7%96%97%E7%A7%91_%E7%8E%8B%E9%9B%AA%E6%B6%94_%E5%89%AF%E9%AB%98%28%E5%8E%8B%E7%BC%A9%29.png?itok=gBXTIHsS,01_试点医院/中山大学附属第一医院/照片/王雪涔-放射治疗科-副主任医师-中山大学附属第一医院.png,337418,e5a9067c08d0d8455ad6db979bc9c8ef002b3f9998448dcba186e0fd64e2ce14,480,480,FULL_FETCH,
张群,https://www.fahsysu.org.cn/node/29320,实采,,https://www.fahsysu.org.cn/sites/1h.prod.sysucloud1.sysu.edu.cn/files/styles/focal_point_480/public/2022-07/%E6%94%BE%E5%B0%84%E6%B2%BB%E7%96%97%E7%A7%91%E5%BC%A0%E7%BE%A4-%E5%89%AF%E9%AB%981%E5%AF%B8%E7%85%A7%E7%89%87.jpg?itok=c7G50vqE,01_试点医院/中山大学附属第一医院/照片/张群-放射治疗科-副主任医师-中山大学附属第一医院.jpg,130086,a50c2f3a69c7c111f3f22c43e5b2f9d5acaa447758d1e854f5e5a78277ccafa0,480,480,FULL_FETCH,
龙健婷,https://www.fahsysu.org.cn/node/5828,实采,,https://www.fahsysu.org.cn/sites/1h.prod.sysucloud1.sysu.edu.cn/files/styles/focal_point_480/public/%E7%85%A7%E7%89%87-%E9%BE%99%E5%81%A5%E5%A9%B7.jpg?itok=tOEi5YEf,01_试点医院/中山大学附属第一医院/照片/龙健婷-肿瘤科-主任医师-中山大学附属第一医院.jpg,103385,33dfd0a2e6b7567868517a0955bf5dc5362e7ecf1752e128ce05f7c77af82844,480,480,FULL_FETCH,
许丽霞,https://www.fahsysu.org.cn/node/25473,实采,,https://www.fahsysu.org.cn/sites/1h.prod.sysucloud1.sysu.edu.cn/files/styles/focal_point_480/public/2022-07/%E7%99%BD%E5%BA%95%E8%AF%81%E4%BB%B6%E7%85%A7-%E8%AE%B8%E4%B8%BD%E9%9C%9E-2022.jpg?itok=qiCFnVoH,01_试点医院/中山大学附属第一医院/照片/许丽霞-肿瘤科-主任医师-中山大学附属第一医院.png,270922,2923de39835c084e53146d864046e4be24046e446cb0e9c550b954bd92223f25,480,480,FULL_FETCH,
张家兴,https://www.fahsysu.org.cn/node/5829,实采,,https://www.fahsysu.org.cn/sites/1h.prod.sysucloud1.sysu.edu.cn/files/styles/focal_point_480/public/2025-05/%E8%82%BF%E7%98%A4%E7%A7%91_%E5%BC%A0%E5%AE%B6%E5%85%B4_%E6%AD%A3%E9%AB%98_%E4%BF%AE%E6%94%B9%E7%99%BD%E5%BA%95.jpg?itok=CTWlZ_Zy,01_试点医院/中山大学附属第一医院/照片/张家兴-肿瘤科-主任医师-中山大学附属第一医院.jpg,176325,04f8cacab67a3f942ef50ee77bf88765b8b35450b8d30efff5ed54c649dbe661,480,480,FULL_FETCH,
陈翠,https://www.fahsysu.org.cn/node/31146,实采,,https://www.fahsysu.org.cn/sites/1h.prod.sysucloud1.sysu.edu.cn/files/styles/focal_point_480/public/2023-07/%E8%82%BF%E7%98%A4%E7%A7%91%E9%99%88%E7%BF%A0%E5%89%AF%E9%AB%98.jpg?itok=xYPEvf-c,01_试点医院/中山大学附属第一医院/照片/陈翠-肿瘤科-副主任医师-中山大学附属第一医院.jpg,129371,8585a177ae31293c446b57d626c6baedb465908d4807dcc3237bca6ac4a7a2d5,480,480,FULL_FETCH,
陈凯,https://www.fahsysu.org.cn/node/35592,实采,,https://www.fahsysu.org.cn/sites/1h.prod.sysucloud1.sysu.edu.cn/files/styles/focal_point_480/public/2025-04/%E8%82%BF%E7%98%A4%E7%A7%91_%E9%99%88%E5%87%AF_%E5%89%AF%E9%AB%98.jpg?itok=yDL88Uv_,01_试点医院/中山大学附属第一医院/照片/陈凯-肿瘤科-副主任医师-中山大学附属第一医院.jpg,122564,dd68e92ce2e669f7e9463b74ec697acaa3317d79af1494e238349367e278a5f9,480,480,FULL_FETCH,
戴强生,https://www.fahsysu.org.cn/node/5827,实采,,https://www.fahsysu.org.cn/sites/1h.prod.sysucloud1.sysu.edu.cn/files/styles/focal_point_480/public/091623.jpg?itok=8Lz1Y76k,01_试点医院/中山大学附属第一医院/照片/戴强生-肿瘤科-副主任医师-中山大学附属第一医院.jpg,186904,49a1c8f25a4894f3fa441426c11d91d7f9280b975337151037287e07f3298048,480,480,FULL_FETCH,
花蕊熙,https://www.fahsysu.org.cn/node/25605,实采,,https://www.fahsysu.org.cn/sites/1h.prod.sysucloud1.sysu.edu.cn/files/styles/focal_point_480/public/2023-08/%E8%82%BF%E7%98%A4%E7%A7%91%20%E8%8A%B1%E8%95%8A%E7%86%99%20%E5%89%AF%E4%B8%BB%E4%BB%BB%E5%8C%BB%E5%B8%88%EF%BC%88%E7%99%BD%E5%BA%95%EF%BC%89.jpg?itok=VrtNkPj_,01_试点医院/中山大学附属第一医院/照片/花蕊熙-肿瘤科-副主任医师-中山大学附属第一医院.jpg,129624,9034a0d43331fed4411feef04dc802eb565924706ab482dde8e9f8ceb5bae6fe,480,480,FULL_FETCH,
何潇芳,https://www.fahsysu.org.cn/node/38613,失败,无照片容器,,,,,,,FULL_FETCH,"{""detail_http"":200,""detection_feature"":""focal_point_480 引用数=0；医生照片容器缺失；页面 media-img 仅有 5 个 path contains /styles/mini200/ 公共图标"",""excluded_resources"":[{""feature"":""path contains /styles/mini200/"",""reason"":""公共装饰图"",""url"":""https://www.fahsysu.org.cn/sites/1h.prod.sysucloud1.sysu.edu.cn/files/styles/mini200/public/action-9-1-3.png?itok=N7xVlmOY""},{""feature"":""path contains /styles/mini200/"",""reason"":""公共装饰图"",""url"":""https://www.fahsysu.org.cn/sites/1h.prod.sysucloud1.sysu.edu.cn/files/styles/mini200/public/action-9-1-6.png?itok=e9BYn97e""},{""feature"":""path contains /styles/mini200/"",""reason"":""公共装饰图"",""url"":""https://www.fahsysu.org.cn/sites/1h.prod.sysucloud1.sysu.edu.cn/files/styles/mini200/public/action-9-1-1_0.png?itok=lMXpEjLC""},{""feature"":""path contains /styles/mini200/"",""reason"":""公共装饰图"",""url"":""https://www.fahsysu.org.cn/sites/1h.prod.sysucloud1.sysu.edu.cn/files/styles/mini200/public/action-9-2-8.png?itok=XyTEzUHK""},{""feature"":""path contains /styles/mini200/"",""reason"":""公共装饰图"",""url"":""https://www.fahsysu.org.cn/sites/1h.prod.sysucloud1.sysu.edu.cn/files/styles/mini200/public/action-9-1-2_0.png?itok=thPXMwH8""}],""focal_point_480_reference_count"":0,""observed_utc"":""2026-08-18T14:36:02Z"",""resource_urls"":[""https://www.fahsysu.org.cn/sites/1h.prod.sysucloud1.sysu.edu.cn/files/styles/mini200/public/action-9-1-3.png?itok=N7xVlmOY"",""https://www.fahsysu.org.cn/sites/1h.prod.sysucloud1.sysu.edu.cn/files/styles/mini200/public/action-9-1-6.png?itok=e9BYn97e"",""https://www.fahsysu.org.cn/sites/1h.prod.sysucloud1.sysu.edu.cn/files/styles/mini200/public/action-9-1-1_0.png?itok=lMXpEjLC"",""https://www.fahsysu.org.cn/sites/1h.prod.sysucloud1.sysu.edu.cn/files/styles/mini200/public/action-9-2-8.png?itok=XyTEzUHK"",""https://www.fahsysu.org.cn/sites/1h.prod.sysucloud1.sysu.edu.cn/files/styles/mini200/public/action-9-1-2_0.png?itok=thPXMwH8""],""template_signature"":"".other-left .other-media .media-img[data-image-url]""}"
汪芳,https://www.fahsysu.org.cn/node/38108,实采,,https://www.fahsysu.org.cn/sites/1h.prod.sysucloud1.sysu.edu.cn/files/styles/focal_point_480/public/2026-03/%E8%82%BF%E7%98%A4%E7%A7%91-%E6%B1%AA%E8%8A%B3-%E5%89%AF%E4%B8%BB%E4%BB%BB%E5%8C%BB%E5%B8%88.jpg?itok=zffSb8Th,01_试点医院/中山大学附属第一医院/照片/汪芳-肿瘤科-副主任医师-中山大学附属第一医院.jpg,113050,d117b34bec1b4163300f3cd9598c15beeb1c28424798ca66ac5bd66a90779545,480,480,FULL_FETCH,
叶文,https://www.fahsysu.org.cn/node/31147,实采,,https://www.fahsysu.org.cn/sites/1h.prod.sysucloud1.sysu.edu.cn/files/styles/focal_point_480/public/2023-07/%E8%82%BF%E7%98%A4%E7%A7%91-%E5%8F%B6%E6%96%87-%E5%89%AF%E9%AB%98.jpg?itok=EA_lkdZH,01_试点医院/中山大学附属第一医院/照片/叶文-肿瘤科-副主任医师-中山大学附属第一医院.jpg,184557,2286ff59d0740915b07b5151a019df56d98ef732c3a2332f48a39f5a9763ff74,480,480,FULL_FETCH,
张梦萍,https://www.fahsysu.org.cn/node/28258,实采,,https://www.fahsysu.org.cn/sites/1h.prod.sysucloud1.sysu.edu.cn/files/styles/focal_point_480/public/2022-01/%E8%82%BF%E7%98%A4%E4%B8%AD%E5%BF%83%E8%82%BF%E7%98%A4%E7%A7%91%20%E5%BC%A0%E6%A2%A6%E8%90%8D%20%E5%89%AF%E9%AB%98.jpeg?itok=pRglJ6Hz,01_试点医院/中山大学附属第一医院/照片/张梦萍-肿瘤科-副主任医师-中山大学附属第一医院.jpg,182097,48d53d119bb0521b945a8a41043a6610248b56a398e6944dbb708ae6e73704a0,480,480,FULL_FETCH,
郑胄三,https://www.fahsysu.org.cn/node/35705,实采,,https://www.fahsysu.org.cn/sites/1h.prod.sysucloud1.sysu.edu.cn/files/styles/focal_point_480/public/2025-04/%E8%82%BF%E7%98%A4%E7%A7%91-%E9%83%91%E8%83%84%E4%B8%89-%E5%89%AF%E9%AB%98.jpg?itok=zC4-DPjk,01_试点医院/中山大学附属第一医院/照片/郑胄三-肿瘤科-副主任医师-中山大学附属第一医院.jpg,158038,24e9cb4512830f4eca6a965e3a5daaf4201943a11a94d791b6076f03aefc5e6e,480,480,FULL_FETCH,
成艳美,https://www.fahsysu.org.cn/node/34804,实采,,https://www.fahsysu.org.cn/sites/1h.prod.sysucloud1.sysu.edu.cn/files/styles/focal_point_480/public/2024-12/%E5%BF%83%E8%83%B8%E5%A4%96%E7%A7%91icu_%E6%88%90%E8%89%B3%E7%BE%8E_%E5%89%AF%E9%AB%98.png?itok=ASVUWMrP,01_试点医院/中山大学附属第一医院/照片/成艳美-心胸外科ICU-副主任医师-中山大学附属第一医院.png,194710,a497bad894afb4e5625660b14e0f3331821d30daed3629fad48af546148c8409,480,480,FULL_FETCH,
王翠苹,https://www.fahsysu.org.cn/node/33314,实采,,https://www.fahsysu.org.cn/sites/1h.prod.sysucloud1.sysu.edu.cn/files/styles/focal_point_480/public/2024-05/%E7%8E%8B%E7%BF%A0%E8%8B%B9.jpg?itok=WX0smqcq,01_试点医院/中山大学附属第一医院/照片/王翠苹-心胸外科ICU-副主任医师-中山大学附属第一医院.jpg,123604,c3f1c1e2e35b91e62003f1017862bdcd7d29750af14581f95983ac756a67b5da,480,480,FULL_FETCH,
杨嵩,https://www.fahsysu.org.cn/node/33035,失败,照片资源不可达,,,,,,,FULL_FLICKER_PROBE_REUSE,"{""aggregate_rounds"":[{""detail_state"":"""",""detail_status"":200,""error"":"""",""home_status"":200,""photo_bytes"":0,""photo_sha256"":"""",""photo_state"":""照片资源不可达"",""photo_status"":404,""round"":1,""start_utc"":""2026-08-18T13:59:34Z""},{""detail_state"":"""",""detail_status"":200,""error"":"""",""home_status"":200,""photo_bytes"":0,""photo_sha256"":"""",""photo_state"":""照片资源不可达"",""photo_status"":404,""round"":2,""start_utc"":""2026-08-18T14:00:34Z""},{""detail_state"":"""",""detail_status"":200,""error"":"""",""home_status"":200,""photo_bytes"":0,""photo_sha256"":"""",""photo_state"":""照片资源不可达"",""photo_status"":404,""round"":3,""start_utc"":""2026-08-18T14:01:34Z""},{""detail_state"":"""",""detail_status"":200,""error"":"""",""home_status"":200,""photo_bytes"":0,""photo_sha256"":"""",""photo_state"":""照片资源不可达"",""photo_status"":404,""round"":4,""start_utc"":""2026-08-18T14:02:34Z""},{""detail_state"":"""",""detail_status"":200,""error"":"""",""home_status"":200,""photo_bytes"":0,""photo_sha256"":"""",""photo_state"":""照片资源不可达"",""photo_status"":404,""round"":5,""start_utc"":""2026-08-18T14:03:34Z""}],""detail_http"":200,""detection_feature"":""官网悬空引用：详情页 HTTP 200、页面引用唯一 focal_point_480；执行时点 3 次尝试后，5 轮聚合均未取得照片；owner 复测资源 HTTP 404"",""excluded_resources"":[],""focal_point_480_reference_count"":1,""observed_utc"":""2026-08-18T14:03:34Z"",""owner_ruling"":""https://github.com/nancywrayg57-jpg/doctor-data-collection/pull/72#issuecomment-5328766700"",""resource_urls"":[""https://www.fahsysu.org.cn/sites/1h.prod.sysucloud1.sysu.edu.cn/files/styles/focal_point_480/public/2024-04/%E5%BF%83%E8%83%B8%E5%A4%96%E7%A7%91ICU%2B%E6%9D%A8%E5%B5%A9%2B%E5%89%AF%E9%AB%98.jpg?itok=D371glCK""],""template_signature"":"".other-left .other-media .media-img[data-image-url]""}"
陈泽雄,https://www.fahsysu.org.cn/node/5715,实采,,https://www.fahsysu.org.cn/sites/1h.prod.sysucloud1.sysu.edu.cn/files/styles/focal_point_480/public/2024-08/%E4%B8%AD%E5%8C%BB%E7%A7%91_%E9%99%88%E6%B3%BD%E9%9B%84_%E6%AD%A3%E9%AB%98_%E4%BF%AE%E6%94%B9%E7%A8%BF.jpg?itok=xHyiDcJl,01_试点医院/中山大学附属第一医院/照片/陈泽雄-中医科-主任医师-中山大学附属第一医院.jpg,192110,31229b0559bdb2b9ea20dcbf987a52e322626898bfe0765dd43434c02f929492,480,480,FULL_FETCH,
金明华,https://www.fahsysu.org.cn/node/5724,实采,,https://www.fahsysu.org.cn/sites/1h.prod.sysucloud1.sysu.edu.cn/files/styles/focal_point_480/public/064533.jpg?itok=HL10fHsB,01_试点医院/中山大学附属第一医院/照片/金明华-中医科-主任医师-中山大学附属第一医院.jpg,221932,8b498e1bb55eaa4b9127cb43aee172f7f22f43c3cdfe2b9c187931786e500625,480,480,FULL_FETCH,
李琼,https://www.fahsysu.org.cn/node/5716,实采,,https://www.fahsysu.org.cn/sites/1h.prod.sysucloud1.sysu.edu.cn/files/styles/focal_point_480/public/2024-09/%E6%9D%8E%E7%90%BC%E6%95%99%E6%8E%88%E5%A4%A7%E4%B8%80%E5%AF%B8.jpg?itok=7DanEklM,01_试点医院/中山大学附属第一医院/照片/李琼-中医科-主任医师-中山大学附属第一医院.jpg,142243,229af4cd057550a729170cbf7a1de32c0fa6f61c21f85f6f2c75d91c6fb8bf9c,480,480,FULL_FETCH,
伍新林,https://www.fahsysu.org.cn/node/5719,实采,,https://www.fahsysu.org.cn/sites/1h.prod.sysucloud1.sysu.edu.cn/files/styles/focal_point_480/public/2026-01/%E4%B8%AD%E5%8C%BB%E7%A7%91_%E4%BC%8D%E6%96%B0%E6%9E%97_%E6%AD%A3%E9%AB%98.jpg?itok=AhyGVUY0,01_试点医院/中山大学附属第一医院/照片/伍新林-中医科-主任医师-中山大学附属第一医院.jpg,122530,47586de2ad0e5ca92b44dfcd9d3c772df5a593e2fb98efcffad3ad0d5778e8d6,480,480,FULL_FETCH,
张诗军,https://www.fahsysu.org.cn/node/5720,实采,,https://www.fahsysu.org.cn/sites/1h.prod.sysucloud1.sysu.edu.cn/files/styles/focal_point_480/public/2026-03/%E4%B8%AD%E5%8C%BB%E7%A7%91_%E5%BC%A0%E8%AF%97%E5%86%9B_%E6%AD%A3%E9%AB%98.jpg?itok=736jR1zw,01_试点医院/中山大学附属第一医院/照片/张诗军-中医科-主任医师-中山大学附属第一医院.jpg,157151,e9c3cdfe316dd581cdd3cf1b70dd7e1dc654aaf1ea158e8279dec7ca6e47ffe0,480,480,FULL_FETCH,
陈树清,https://www.fahsysu.org.cn/node/20875,实采,,https://www.fahsysu.org.cn/sites/1h.prod.sysucloud1.sysu.edu.cn/files/styles/focal_point_480/public/%E4%B8%AD%E5%8C%BB%E6%AD%A3%E9%AA%A8%E7%A7%91%20%E9%99%88%E6%A0%91%E6%B8%85%20%E5%89%AF%E9%AB%98.jpg?itok=JsYn6QmP,01_试点医院/中山大学附属第一医院/照片/陈树清-中医科-副主任医师-中山大学附属第一医院.jpg,104487,a6e87e3ae3b415d48255fecb9b5344de691afdee2b5c44a3520b85d81d9648ea,480,480,FULL_FETCH,
邓伟,https://www.fahsysu.org.cn/node/20876,失败,无照片容器,,,,,,,FULL_FETCH,"{""detail_http"":200,""detection_feature"":""focal_point_480 引用数=0；医生照片容器缺失；页面 media-img 仅有 5 个 path contains /styles/mini200/ 公共图标"",""excluded_resources"":[{""feature"":""path contains /styles/mini200/"",""reason"":""公共装饰图"",""url"":""https://www.fahsysu.org.cn/sites/1h.prod.sysucloud1.sysu.edu.cn/files/styles/mini200/public/action-9-1-3.png?itok=N7xVlmOY""},{""feature"":""path contains /styles/mini200/"",""reason"":""公共装饰图"",""url"":""https://www.fahsysu.org.cn/sites/1h.prod.sysucloud1.sysu.edu.cn/files/styles/mini200/public/action-9-1-6.png?itok=e9BYn97e""},{""feature"":""path contains /styles/mini200/"",""reason"":""公共装饰图"",""url"":""https://www.fahsysu.org.cn/sites/1h.prod.sysucloud1.sysu.edu.cn/files/styles/mini200/public/action-9-1-1_0.png?itok=lMXpEjLC""},{""feature"":""path contains /styles/mini200/"",""reason"":""公共装饰图"",""url"":""https://www.fahsysu.org.cn/sites/1h.prod.sysucloud1.sysu.edu.cn/files/styles/mini200/public/action-9-2-8.png?itok=XyTEzUHK""},{""feature"":""path contains /styles/mini200/"",""reason"":""公共装饰图"",""url"":""https://www.fahsysu.org.cn/sites/1h.prod.sysucloud1.sysu.edu.cn/files/styles/mini200/public/action-9-1-2_0.png?itok=thPXMwH8""}],""focal_point_480_reference_count"":0,""observed_utc"":""2026-08-18T14:36:09Z"",""resource_urls"":[""https://www.fahsysu.org.cn/sites/1h.prod.sysucloud1.sysu.edu.cn/files/styles/mini200/public/action-9-1-3.png?itok=N7xVlmOY"",""https://www.fahsysu.org.cn/sites/1h.prod.sysucloud1.sysu.edu.cn/files/styles/mini200/public/action-9-1-6.png?itok=e9BYn97e"",""https://www.fahsysu.org.cn/sites/1h.prod.sysucloud1.sysu.edu.cn/files/styles/mini200/public/action-9-1-1_0.png?itok=lMXpEjLC"",""https://www.fahsysu.org.cn/sites/1h.prod.sysucloud1.sysu.edu.cn/files/styles/mini200/public/action-9-2-8.png?itok=XyTEzUHK"",""https://www.fahsysu.org.cn/sites/1h.prod.sysucloud1.sysu.edu.cn/files/styles/mini200/public/action-9-1-2_0.png?itok=thPXMwH8""],""template_signature"":"".other-left .other-media .media-img[data-image-url]""}"
黄春莲,https://www.fahsysu.org.cn/node/5722,实采,,https://www.fahsysu.org.cn/sites/1h.prod.sysucloud1.sysu.edu.cn/files/styles/focal_point_480/public/101417.jpg?itok=hWD42pR4,01_试点医院/中山大学附属第一医院/照片/黄春莲-中医科-副主任医师-中山大学附属第一医院.jpg,212748,2694f32b4a09e1a49d45feb69e0ad0dae8f0863c3512c55e8e16cc0a4c318fe2,480,480,FULL_FETCH,
黄颖娟,https://www.fahsysu.org.cn/node/5723,实采,,https://www.fahsysu.org.cn/sites/1h.prod.sysucloud1.sysu.edu.cn/files/styles/focal_point_480/public/101450.jpg?itok=jB1fsE19,01_试点医院/中山大学附属第一医院/照片/黄颖娟-中医科-副主任医师-中山大学附属第一医院.jpg,172096,5f0378151f26f3f87f8f59f69f33be97ee457ce6689b4bd637f2552761908a7e,480,480,FULL_FETCH,
林佑武,https://www.fahsysu.org.cn/node/5726,实采,,https://www.fahsysu.org.cn/sites/1h.prod.sysucloud1.sysu.edu.cn/files/styles/focal_point_480/public/064834.jpg?itok=d8Bh0QV2,01_试点医院/中山大学附属第一医院/照片/林佑武-中医科-副主任医师-中山大学附属第一医院.jpg,169385,5fb5447585bdd8a216dae271589ebe50045382e8a794e238387fa5ea41c723ae,480,480,FULL_FETCH,
刘嘉辉,https://www.fahsysu.org.cn/node/29052,实采,,https://www.fahsysu.org.cn/sites/1h.prod.sysucloud1.sysu.edu.cn/files/styles/focal_point_480/public/2022-05/%E4%B8%AD%E5%8C%BB%E7%A7%91%20%E5%88%98%E5%98%89%E8%BE%89%20%E7%99%BD%E5%BA%95%E8%AF%81%E4%BB%B6%E7%85%A7.jpg?itok=w80D752Y,01_试点医院/中山大学附属第一医院/照片/刘嘉辉-中医科-副主任医师-中山大学附属第一医院.jpg,132705,ad79ffe249f3950762aa4df5108403da486def4146285376ae254cd0609e33d7,480,480,FULL_FETCH,
孟君,https://www.fahsysu.org.cn/node/5727,实采,,https://www.fahsysu.org.cn/sites/1h.prod.sysucloud1.sysu.edu.cn/files/styles/focal_point_480/public/100921.jpg?itok=zLtZfjvr,01_试点医院/中山大学附属第一医院/照片/孟君-中医科-副主任医师-中山大学附属第一医院.jpg,124438,82882c08026fdb57f7a4270f451600e769ba499554ec64191f3bfc9456819d1f,480,480,FULL_FETCH,
孙保国,https://www.fahsysu.org.cn/node/5728,实采,,https://www.fahsysu.org.cn/sites/1h.prod.sysucloud1.sysu.edu.cn/files/styles/focal_point_480/public/2026-04/%E4%B8%AD%E5%8C%BB%E7%A7%91_%E5%AD%99%E4%BF%9D%E5%9B%BD.jpg?itok=pKHLhEdq,01_试点医院/中山大学附属第一医院/照片/孙保国-中医科-副主任医师-中山大学附属第一医院.jpg,166278,d315e39dbc3127e903ca11ab3c99db21ca696690331902ad17d70fefe5294509,480,480,FULL_FETCH,
谭畅,https://www.fahsysu.org.cn/node/5729,实采,,https://www.fahsysu.org.cn/sites/1h.prod.sysucloud1.sysu.edu.cn/files/styles/focal_point_480/public/101120.jpg?itok=eq9CEI5d,01_试点医院/中山大学附属第一医院/照片/谭畅-中医科-副主任医师-中山大学附属第一医院.jpg,224888,9a086229d04fb0ef624466591a8863c93ae77581119d128466ffa02cff096783,480,480,FULL_FETCH,
韦志辉,https://www.fahsysu.org.cn/node/5730,实采,,https://www.fahsysu.org.cn/sites/1h.prod.sysucloud1.sysu.edu.cn/files/styles/focal_point_480/public/105332.jpg?itok=5Y06gB3H,01_试点医院/中山大学附属第一医院/照片/韦志辉-中医科-副主任医师-中山大学附属第一医院.jpg,202306,fed1d8e01ef6ddc087fad5e4cc6d35df39c9241f24b072537cc12dbc82c77949,480,480,FULL_FETCH,
吴国珍,https://www.fahsysu.org.cn/node/20864,实采,,https://www.fahsysu.org.cn/sites/1h.prod.sysucloud1.sysu.edu.cn/files/styles/focal_point_480/public/%E5%90%B4%E5%9B%BD%E7%8F%8D.jpg?itok=vrVEqGBv,01_试点医院/中山大学附属第一医院/照片/吴国珍-中医科-副主任医师-中山大学附属第一医院.jpg,173618,1da836f957600d896ccdb2fe79c52a7209f73b9727c637931e1a47773b3c4517,480,480,FULL_FETCH,
汪园园,https://www.fahsysu.org.cn/node/38070,实采,,https://www.fahsysu.org.cn/sites/1h.prod.sysucloud1.sysu.edu.cn/files/styles/focal_point_480/public/2026-02/%E4%B8%AD%E5%8C%BB%E7%A7%91_%E6%B1%AA%E5%9B%AD%E5%9B%AD_%E5%89%AF%E4%B8%BB%E4%BB%BB%E5%8C%BB%E5%B8%88.jpg?itok=JGuyA_D_,01_试点医院/中山大学附属第一医院/照片/汪园园-中医科-副主任医师-中山大学附属第一医院.jpg,83756,bbd7e9fc7c08f7d60ef88e12b942aced0b44672ba1fb067ab704fd96c0ca7e9b,480,480,FULL_FETCH,
周厚明,https://www.fahsysu.org.cn/node/25423,实采,,https://www.fahsysu.org.cn/sites/1h.prod.sysucloud1.sysu.edu.cn/files/styles/focal_point_480/public/%E4%B8%AD%E5%8C%BB%E6%AD%A3%E9%AA%A8%E7%A7%91%20%E5%91%A8%E5%8E%9A%E6%98%8E%20%E5%89%AF%E4%B8%BB%E4%BB%BB%E5%8C%BB%E5%B8%88_0.jpg?itok=BRb__yXj,01_试点医院/中山大学附属第一医院/照片/周厚明-中医科-副主任医师-中山大学附属第一医院.jpg,161917,21b98f51e6df2f019e7944adb26b5c79ea98b1f5b33fb4e229bfbaaf8071dae1,480,480,FULL_FETCH,
陈木开,https://www.fahsysu.org.cn/node/5735,实采,,https://www.fahsysu.org.cn/sites/1h.prod.sysucloud1.sysu.edu.cn/files/styles/focal_point_480/public/030128-1.jpg?itok=hZYyLu5-,01_试点医院/中山大学附属第一医院/照片/陈木开-皮肤科-主任医师-中山大学附属第一医院.jpg,275015,aeb251fda66482860c66a24c8e6a9a189cf4b3122e12454fa3ad662fa48f9d3a,480,480,FULL_FETCH,
韩建德,https://www.fahsysu.org.cn/node/5736,实采,,https://www.fahsysu.org.cn/sites/1h.prod.sysucloud1.sysu.edu.cn/files/styles/focal_point_480/public/124542.jpg?itok=sDyAtMdS,01_试点医院/中山大学附属第一医院/照片/韩建德-皮肤科-主任医师-中山大学附属第一医院.jpg,139961,0679d7a2272b731f49c12cb792e4cc50423a754f9b91c9fe930d8ef780130d86,480,480,FULL_FETCH,
罗迪青,https://www.fahsysu.org.cn/node/5737,实采,,https://www.fahsysu.org.cn/sites/1h.prod.sysucloud1.sysu.edu.cn/files/styles/focal_point_480/public/2025-08/%E7%9A%AE%E8%82%A4%E7%A7%91_%E7%BD%97%E8%BF%AA%E9%9D%92_%E6%AD%A3%E9%AB%98.jpg?itok=l3OHGYC0,01_试点医院/中山大学附属第一医院/照片/罗迪青-皮肤科-主任医师-中山大学附属第一医院.jpg,167544,c8a0b2fa35f149cdcb8c2e2a72b3c9518d8b011e7f30917d6d86f62745cb5908,480,480,FULL_FETCH,
陈小红,https://www.fahsysu.org.cn/node/5741,实采,,https://www.fahsysu.org.cn/sites/1h.prod.sysucloud1.sysu.edu.cn/files/styles/focal_point_480/public/115755.jpg?itok=NFJW5AH4,01_试点医院/中山大学附属第一医院/照片/陈小红-皮肤科-副主任医师-中山大学附属第一医院.jpg,156753,f48fcbab2eb85fe2effbd88862d9e818c8f065567ff25468c1c4cc78f8fe6ea1,480,480,FULL_FETCH,
廖绮曼,https://www.fahsysu.org.cn/node/5744,实采,,https://www.fahsysu.org.cn/sites/1h.prod.sysucloud1.sysu.edu.cn/files/styles/focal_point_480/public/024302.jpg?itok=gbTMgGac,01_试点医院/中山大学附属第一医院/照片/廖绮曼-皮肤科-副主任医师-中山大学附属第一医院.jpg,141945,150fd0e4865b034d073a6e402f1bf87c4cdf42e97eaee9e65e8d2b80937a5c74,480,480,FULL_FETCH,
刘隽华,https://www.fahsysu.org.cn/node/28714,实采,,https://www.fahsysu.org.cn/sites/1h.prod.sysucloud1.sysu.edu.cn/files/styles/focal_point_480/public/2026-08/%E5%BE%AE%E4%BF%A1%E5%9B%BE%E7%89%87_20260812225330_530_14.jpg?itok=5ipvaRSP,01_试点医院/中山大学附属第一医院/照片/刘隽华-皮肤科-副主任医师-中山大学附属第一医院.jpg,159267,faa1a803080027d1301c19e2baeeec701e09c919067b37d244cc9368c0fc7e87,480,480,FULL_FETCH,
马春光,https://www.fahsysu.org.cn/node/29212,实采,,https://www.fahsysu.org.cn/sites/1h.prod.sysucloud1.sysu.edu.cn/files/styles/focal_point_480/public/2022-06/%E7%9A%AE%E8%82%A4%E7%A7%91%E9%A9%AC%E6%98%A5%E5%85%89-%E5%89%AF%E9%AB%98.jpg?itok=A41hDsnw,01_试点医院/中山大学附属第一医院/照片/马春光-皮肤科-副主任医师-中山大学附属第一医院.jpg,119183,117c70b4b16d23a1c3239599ae8a91158923c6b3f9fb0bdf57e8ad12c7a452e8,480,480,FULL_FETCH,
唐旭华,https://www.fahsysu.org.cn/node/31141,实采,,https://www.fahsysu.org.cn/sites/1h.prod.sysucloud1.sysu.edu.cn/files/styles/focal_point_480/public/2023-07/%E7%9A%AE%E8%82%A4%E7%A7%91%20%E5%94%90%E6%97%AD%E5%8D%8E%20%E5%89%AF%E4%B8%BB%E4%BB%BB%E5%8C%BB%E5%B8%88.jpg?itok=yNzmnXnJ,01_试点医院/中山大学附属第一医院/照片/唐旭华-皮肤科-副主任医师-中山大学附属第一医院.jpg,167890,b818d3b3751116e1defc3a21f00f47cdb6db13399a2b9688870174945282d8e8,480,480,FULL_FETCH,
叶艳婷,https://www.fahsysu.org.cn/node/33309,实采,,https://www.fahsysu.org.cn/sites/1h.prod.sysucloud1.sysu.edu.cn/files/styles/focal_point_480/public/2024-05/%E7%9A%AE%E8%82%A4%E7%A7%91%20%E5%8F%B6%E8%89%B3%E5%A9%B7%20%E5%89%AF%E9%AB%98.jpg?itok=d5ZBgkkl,01_试点医院/中山大学附属第一医院/照片/叶艳婷-皮肤科-副主任医师-中山大学附属第一医院.jpg,140026,4dc39ecb41340c742e153458179e10b97a0beb2a8102e3c8e5a20feda3b9b96d,480,480,FULL_FETCH,
周晖,https://www.fahsysu.org.cn/node/5747,实采,,https://www.fahsysu.org.cn/sites/1h.prod.sysucloud1.sysu.edu.cn/files/styles/focal_point_480/public/2025-03/%E7%9A%AE%E8%82%A4%E7%A7%91_%E5%91%A8%E6%99%96_%E5%89%AF%E4%B8%BB%E4%BB%BB%E5%8C%BB%E5%B8%88.jpg?itok=jgF4Q1bF,01_试点医院/中山大学附属第一医院/照片/周晖-皮肤科-副主任医师-中山大学附属第一医院.jpg,135964,99f148d6e9142c0002f9652e54911d5b390e6a2682363179032372f30fa4959c,480,480,FULL_FETCH,
赵玉昆,https://www.fahsysu.org.cn/node/34932,实采,,https://www.fahsysu.org.cn/sites/1h.prod.sysucloud1.sysu.edu.cn/files/styles/focal_point_480/public/2025-01/%E7%9A%AE%E8%82%A4%E7%A7%91-%E8%B5%B5%E7%8E%89%E6%98%86-%E5%89%AF%E9%AB%98.jpg?itok=_3JYss8h,01_试点医院/中山大学附属第一医院/照片/赵玉昆-皮肤科-副主任医师-中山大学附属第一医院.jpg,146340,5fc8c33a5a781653ab1ad11881ee606fcdb013ca264694c36c7314313eb3df2f,480,480,FULL_FETCH,
陈曦,https://www.fahsysu.org.cn/node/5796,实采,,https://www.fahsysu.org.cn/sites/1h.prod.sysucloud1.sysu.edu.cn/files/styles/focal_point_480/public/091925.jpg?itok=xr3vqvde,01_试点医院/中山大学附属第一医院/照片/陈曦-康复医学科-主任医师-中山大学附属第一医院.jpg,157558,4dcccda8e963e1d889d7c6848acb27ead933896e5bb0f1c2425469f0f5971f01,480,480,FULL_FETCH,
陈少贞,https://www.fahsysu.org.cn/node/30753,实采,,https://www.fahsysu.org.cn/sites/1h.prod.sysucloud1.sysu.edu.cn/files/styles/focal_point_480/public/2023-04/%E5%BA%B7%E5%A4%8D%E5%8C%BB%E5%AD%A6%E7%A7%91%E9%99%88%E5%B0%91%E8%B4%9E%E6%AD%A3%E9%AB%98.png?itok=-XE2qz1v,01_试点医院/中山大学附属第一医院/照片/陈少贞-康复医学科-主任技师-中山大学附属第一医院.png,167877,a7a8aff1634eabeef4d932bc21e95c1132aaffcb02a955fc8e871ec9c0701ffb,480,480,FULL_FETCH,
刘汉军,https://www.fahsysu.org.cn/node/5800,实采,,https://www.fahsysu.org.cn/sites/1h.prod.sysucloud1.sysu.edu.cn/files/styles/focal_point_480/public/060742.jpg?itok=BYteGS2i,01_试点医院/中山大学附属第一医院/照片/刘汉军-康复医学科-研究员-中山大学附属第一医院.jpg,183426,bfbc2b64d8559f6967ba802e4fb6029aeab39fc0f35560c99a8cf4bcc2d6a564,480,480,FULL_FETCH,
刘鹏,https://www.fahsysu.org.cn/node/5801,实采,,https://www.fahsysu.org.cn/sites/1h.prod.sysucloud1.sysu.edu.cn/files/styles/focal_point_480/public/2024-05/%E5%BA%B7%E5%A4%8D%E5%8C%BB%E5%AD%A6%E7%A7%91%E5%88%98%E9%B9%8F%E6%95%99%E6%8E%88%E3%80%81%E4%B8%BB%E4%BB%BB%E5%8C%BB%E5%B8%88.jpg?itok=QQoZs01V,01_试点医院/中山大学附属第一医院/照片/刘鹏-康复医学科-主任医师-中山大学附属第一医院.jpg,158658,994adfeb63a93615d03b43217ffe82a856b974146982915be6637d924aa96367,480,480,FULL_FETCH,
王楚怀,https://www.fahsysu.org.cn/node/5802,实采,,https://www.fahsysu.org.cn/sites/1h.prod.sysucloud1.sysu.edu.cn/files/styles/focal_point_480/public/2025-07/%E5%BA%B7%E5%A4%8D%E5%8C%BB%E5%AD%A6%E7%A7%91_%E7%8E%8B%E6%A5%9A%E6%80%80%E6%95%99%E6%8E%88%281%29.jpg?itok=0n9H6vVD,01_试点医院/中山大学附属第一医院/照片/王楚怀-康复医学科-主任医师-中山大学附属第一医院.jpg,148205,f29ed3e7cdd068ee74faa4ee43497e3af90b211793d3beb1c78e95bf183f66f8,480,480,FULL_FETCH,
赵江莉,https://www.fahsysu.org.cn/node/38214,实采,,https://www.fahsysu.org.cn/sites/1h.prod.sysucloud1.sysu.edu.cn/files/styles/focal_point_480/public/2026-03/%E5%BA%B7%E5%A4%8D%E5%8C%BB%E5%AD%A6%E7%A7%91_%E8%B5%B5%E6%B1%9F%E8%8E%89_%E4%B8%BB%E4%BB%BB%E6%B2%BB%E7%96%97%E5%B8%88%EF%BC%88%E6%AD%A3%E9%AB%98%EF%BC%89.jpg?itok=iVZFI1Zu,01_试点医院/中山大学附属第一医院/照片/赵江莉-康复医学科-主任技师-中山大学附属第一医院.jpg,127138,b648cd9f10299a300e97aded6010a352f08c8e7aab65aad3f50c3a2a7ffbb2b3,480,480,FULL_FETCH,
丁明晖,https://www.fahsysu.org.cn/node/5803,实采,,https://www.fahsysu.org.cn/sites/1h.prod.sysucloud1.sysu.edu.cn/files/styles/focal_point_480/public/093526.jpg?itok=4LPlHGYP,01_试点医院/中山大学附属第一医院/照片/丁明晖-康复医学科-副主任医师-中山大学附属第一医院.jpg,206178,38c77fa2269f7b09c82cd9fbda0d19e9dfb095b184575c9fae88f4deb8c1a081,480,480,FULL_FETCH,
韩秀兰,https://www.fahsysu.org.cn/node/36160,实采,,https://www.fahsysu.org.cn/sites/1h.prod.sysucloud1.sysu.edu.cn/files/styles/focal_point_480/public/2025-06/%E5%BE%AE%E4%BF%A1%E5%9B%BE%E7%89%87_20221120001150.jpg?itok=NIKbWdVp,01_试点医院/中山大学附属第一医院/照片/韩秀兰-康复医学科-副主任技师-中山大学附属第一医院.jpg,142698,85a20ed9213d9ec8f54da973b1a1c9ac50df7c5d71b8506580ccd813ecf7fb64,480,480,FULL_FETCH,
江沁,https://www.fahsysu.org.cn/node/33228,实采,,https://www.fahsysu.org.cn/sites/1h.prod.sysucloud1.sysu.edu.cn/files/styles/focal_point_480/public/2024-05/%E5%BA%B7%E5%A4%8D%E5%8C%BB%E5%AD%A6%E7%A7%91%20%E6%B1%9F%E6%B2%81%20%E5%89%AF%E9%AB%98.jpg?itok=A5v7WlpK,01_试点医院/中山大学附属第一医院/照片/江沁-康复医学科-副主任技师-中山大学附属第一医院.jpg,114103,40f291c887d69c828d786ea9b390b9ec2035faff27b31de6f236900b44e84f1c,480,480,FULL_FETCH,
梁崎,https://www.fahsysu.org.cn/node/34219,失败,无照片容器,,,,,,,FULL_FETCH,"{""detail_http"":200,""detection_feature"":""focal_point_480 引用数=0；医生照片容器缺失；页面 media-img 仅有 5 个 path contains /styles/mini200/ 公共图标"",""excluded_resources"":[{""feature"":""path contains /styles/mini200/"",""reason"":""公共装饰图"",""url"":""https://www.fahsysu.org.cn/sites/1h.prod.sysucloud1.sysu.edu.cn/files/styles/mini200/public/action-9-1-3.png?itok=N7xVlmOY""},{""feature"":""path contains /styles/mini200/"",""reason"":""公共装饰图"",""url"":""https://www.fahsysu.org.cn/sites/1h.prod.sysucloud1.sysu.edu.cn/files/styles/mini200/public/action-9-1-6.png?itok=e9BYn97e""},{""feature"":""path contains /styles/mini200/"",""reason"":""公共装饰图"",""url"":""https://www.fahsysu.org.cn/sites/1h.prod.sysucloud1.sysu.edu.cn/files/styles/mini200/public/action-9-1-1_0.png?itok=lMXpEjLC""},{""feature"":""path contains /styles/mini200/"",""reason"":""公共装饰图"",""url"":""https://www.fahsysu.org.cn/sites/1h.prod.sysucloud1.sysu.edu.cn/files/styles/mini200/public/action-9-2-8.png?itok=XyTEzUHK""},{""feature"":""path contains /styles/mini200/"",""reason"":""公共装饰图"",""url"":""https://www.fahsysu.org.cn/sites/1h.prod.sysucloud1.sysu.edu.cn/files/styles/mini200/public/action-9-1-2_0.png?itok=thPXMwH8""}],""focal_point_480_reference_count"":0,""observed_utc"":""2026-08-18T14:36:22Z"",""resource_urls"":[""https://www.fahsysu.org.cn/sites/1h.prod.sysucloud1.sysu.edu.cn/files/styles/mini200/public/action-9-1-3.png?itok=N7xVlmOY"",""https://www.fahsysu.org.cn/sites/1h.prod.sysucloud1.sysu.edu.cn/files/styles/mini200/public/action-9-1-6.png?itok=e9BYn97e"",""https://www.fahsysu.org.cn/sites/1h.prod.sysucloud1.sysu.edu.cn/files/styles/mini200/public/action-9-1-1_0.png?itok=lMXpEjLC"",""https://www.fahsysu.org.cn/sites/1h.prod.sysucloud1.sysu.edu.cn/files/styles/mini200/public/action-9-2-8.png?itok=XyTEzUHK"",""https://www.fahsysu.org.cn/sites/1h.prod.sysucloud1.sysu.edu.cn/files/styles/mini200/public/action-9-1-2_0.png?itok=thPXMwH8""],""template_signature"":"".other-left .other-media .media-img[data-image-url]""}"
李咏雪,https://www.fahsysu.org.cn/node/33461,失败,详情不可达,,,,,,,FULL_FETCH,"{""detail_http"":200,""detection_feature"":""页面引用唯一 focal_point_480；照片资源不可达；#1 2026-08-18T14:36:24Z HTTP 404 text/html | #2 2026-08-18T14:36:54Z HTTP 404 text/html | #3 2026-08-18T14:37:25Z HTTP 404 text/html"",""excluded_resources"":[],""focal_point_480_reference_count"":1,""observed_utc"":""2026-08-18T14:37:25Z"",""resource_urls"":[""https://www.fahsysu.org.cn/sites/1h.prod.sysucloud1.sysu.edu.cn/files/styles/focal_point_480/public/2024-06/%E5%BA%B7%E5%A4%8D%E5%8C%BB%E5%AD%A6%E7%A7%91%2B%E6%9D%8E%E5%92%8F%E9%9B%AA%2B%E5%89%AF%E9%AB%98%20%E5%8E%8B%E7%BC%A9.jpg?itok=x04w_RAv""],""template_signature"":"".other-left .other-media .media-img[data-image-url]""}"
冷雁,https://www.fahsysu.org.cn/node/31102,失败,详情不可达,,,,,,,FULL_FETCH,"{""detail_http"":200,""detection_feature"":""页面引用唯一 focal_point_480；照片资源不可达；#1 2026-08-18T14:37:25Z HTTP 404 text/html | #2 2026-08-18T14:37:56Z HTTP 404 text/html | #3 2026-08-18T14:38:26Z HTTP 404 text/html"",""excluded_resources"":[],""focal_point_480_reference_count"":1,""observed_utc"":""2026-08-18T14:38:26Z"",""resource_urls"":[""https://www.fahsysu.org.cn/sites/1h.prod.sysucloud1.sysu.edu.cn/files/styles/focal_point_480/public/2023-07/%E5%BA%B7%E5%A4%8D%E5%8C%BB%E5%AD%A6%E7%A7%91%2B%E5%86%B7%E9%9B%81%2B%E5%89%AF%E9%AB%98%20%E7%99%BD%E5%BA%95%E4%BF%AE%E6%94%B9%E7%89%88.jpg?itok=XNASUawb""],""template_signature"":"".other-left .other-media .media-img[data-image-url]""}"
吴秀勤,https://www.fahsysu.org.cn/node/33224,实采,,https://www.fahsysu.org.cn/sites/1h.prod.sysucloud1.sysu.edu.cn/files/styles/focal_point_480/public/2024-05/%E5%BA%B7%E5%A4%8D%E5%8C%BB%E5%AD%A6%E7%A7%91-%E5%90%B4%E7%A7%80%E5%8B%A4-%E5%89%AF%E9%AB%98.jpg?itok=Hd92sAOt,01_试点医院/中山大学附属第一医院/照片/吴秀勤-康复医学科-副主任医师-中山大学附属第一医院.jpg,179731,0d486d6a47fcdc0f5da3c549a7a71b091e86c5ba6cde5ad0465c5ad609d84d07,480,480,FULL_FETCH,
张桂芳,https://www.fahsysu.org.cn/node/36204,实采,,https://www.fahsysu.org.cn/sites/1h.prod.sysucloud1.sysu.edu.cn/files/styles/focal_point_480/public/2025-06/%E5%BA%B7%E5%A4%8D%E5%8C%BB%E5%AD%A6%E7%A7%91_%E5%BC%A0%E6%A1%82%E8%8A%B3_%E5%89%AF%E9%AB%98.jpg?itok=uoNanZnK,01_试点医院/中山大学附属第一医院/照片/张桂芳-康复医学科-副主任技师-中山大学附属第一医院.jpg,213583,4e995578985c1134408aa530cd68867e8cc75d934409a6a554d3946cafa108c2,480,480,FULL_FETCH,
张珊珊,https://www.fahsysu.org.cn/node/35683,实采,,https://www.fahsysu.org.cn/sites/1h.prod.sysucloud1.sysu.edu.cn/files/styles/focal_point_480/public/2026-06/%E5%BA%B7%E5%A4%8D%E5%8C%BB%E5%AD%A6%E7%A7%91_%E5%BC%A0%E7%8F%8A%E7%8F%8A_%E5%89%AF%E4%B8%BB%E4%BB%BB%E5%8C%BB%E5%B8%88.jpg?itok=nDwaixvn,01_试点医院/中山大学附属第一医院/照片/张珊珊-康复医学科-副主任医师-中山大学附属第一医院.jpg,125354,529206b34170bbc5d3e63c24043e01aa42578b59ef94df708f85fa0974ac3308,480,480,FULL_FETCH,
张思韵,https://www.fahsysu.org.cn/node/38126,实采,,https://www.fahsysu.org.cn/sites/1h.prod.sysucloud1.sysu.edu.cn/files/styles/focal_point_480/public/2026-03/%E5%BA%B7%E5%A4%8D%E7%A7%91%E5%BC%A0%E6%80%9D%E9%9F%B5%E5%89%AF%E4%B8%BB%E4%BB%BB%E5%8C%BB%E5%B8%88.jpg?itok=lxBq_y_R,01_试点医院/中山大学附属第一医院/照片/张思韵-康复医学科-副主任医师-中山大学附属第一医院.jpg,169958,db5beb26d71a74daf4790a47586894f1ad1df66bacc0b14324be34ca8f5cb4c6,480,480,FULL_FETCH,
张洲,https://www.fahsysu.org.cn/node/33153,实采,,https://www.fahsysu.org.cn/sites/1h.prod.sysucloud1.sysu.edu.cn/files/styles/focal_point_480/public/2024-05/%E5%BA%B7%E5%A4%8D%E6%B2%BB%E7%96%97%E7%A7%91%20%E5%BC%A0%E6%B4%B2%20%E5%89%AF%E9%AB%98%20%E4%BF%AE%E6%94%B9%E7%99%BD%E5%BA%95.jpg?itok=cpun8xot,01_试点医院/中山大学附属第一医院/照片/张洲-康复医学科-副主任技师-中山大学附属第一医院.jpg,149954,3e6c35df17cc5f85f05a9e6c8ff3b11a6171f5e072d81a20e3489067c26944b9,480,480,FULL_FETCH,
初建平,https://www.fahsysu.org.cn/node/5554,实采,,https://www.fahsysu.org.cn/sites/1h.prod.sysucloud1.sysu.edu.cn/files/styles/focal_point_480/public/2023-10/%E6%94%BE%E5%B0%84%E8%AF%8A%E6%96%AD%E7%A7%91%E5%88%9D%E5%BB%BA%E5%B9%B3%2B%E6%AD%A3%E9%AB%98%20%E4%BF%AE%E6%94%B9%E7%99%BD%E5%BA%95.jpg?itok=BG_J-_P2,01_试点医院/中山大学附属第一医院/照片/初建平-放射诊断专科-主任医师-中山大学附属第一医院.jpg,135724,c01114305a4b1090bdf10179eca0ea83fad3508ec8ecf45cf85d106a97d00e15,480,480,FULL_FETCH,
冯仕庭,https://www.fahsysu.org.cn/node/5562,失败,详情不可达,,,,,,,FULL_FETCH,"{""detail_http"":200,""detection_feature"":""页面引用唯一 focal_point_480；照片资源不可达；#1 2026-08-18T14:38:29Z HTTP 404 text/html | #2 2026-08-18T14:38:59Z HTTP 404 text/html | #3 2026-08-18T14:39:30Z HTTP 404 text/html"",""excluded_resources"":[],""focal_point_480_reference_count"":1,""observed_utc"":""2026-08-18T14:39:30Z"",""resource_urls"":[""https://www.fahsysu.org.cn/sites/1h.prod.sysucloud1.sysu.edu.cn/files/styles/focal_point_480/public/2023-10/%E6%94%BE%E5%B0%84%E8%AF%8A%E6%96%AD%E7%A7%91%E5%86%AF%E4%BB%95%E5%BA%AD%2B%E6%AD%A3%E9%AB%98.jpg?itok=Wa6evvP6""],""template_signature"":"".other-left .other-media .media-img[data-image-url]""}"
范淼,https://www.fahsysu.org.cn/node/5561,实采,,https://www.fahsysu.org.cn/sites/1h.prod.sysucloud1.sysu.edu.cn/files/styles/focal_point_480/public/030746.jpg?itok=QXoLuRky,01_试点医院/中山大学附属第一医院/照片/范淼-放射诊断专科-主任医师-中山大学附属第一医院.jpg,144442,cbeba562a660cdcef6d78613b20c259e29291e6b555abdde72488df4a7e3b1c4,480,480,FULL_FETCH,
关键,https://www.fahsysu.org.cn/node/31701,实采,,https://www.fahsysu.org.cn/sites/1h.prod.sysucloud1.sysu.edu.cn/files/styles/focal_point_480/public/2023-10/%E6%94%BE%E5%B0%84%E8%AF%8A%E6%96%AD%E7%A7%91%E5%85%B3%E9%94%AE%EF%BC%88%E5%89%AF%E9%AB%98%EF%BC%89.jpg?itok=lmmlpobb,01_试点医院/中山大学附属第一医院/照片/关键-放射诊断专科-主任医师-中山大学附属第一医院.jpg,151574,369e5671bfd7b3d6cc1cc89bd82e42c77224a66ac812c5c9e8270bd628041234,480,480,FULL_FETCH,
郭燕,https://www.fahsysu.org.cn/node/5563,实采,,https://www.fahsysu.org.cn/sites/1h.prod.sysucloud1.sysu.edu.cn/files/styles/focal_point_480/public/2023-10/%E6%94%BE%E5%B0%84%E8%AF%8A%E6%96%AD%E7%A7%91%E9%83%AD%E7%87%95%2B%E6%AD%A3%E9%AB%98.jpg?itok=Nd-QSZea,01_试点医院/中山大学附属第一医院/照片/郭燕-放射诊断专科-主任医师-中山大学附属第一医院.jpg,129391,1718ad4ca55e66c705a9f6deb9c9ee6793d6cd917e81c603b5c6d8474bcea3fc,480,480,FULL_FETCH,
李向民,https://www.fahsysu.org.cn/node/5564,实采,,https://www.fahsysu.org.cn/sites/1h.prod.sysucloud1.sysu.edu.cn/files/styles/focal_point_480/public/2023-10/%E6%94%BE%E5%B0%84%E8%AF%8A%E6%96%AD%E7%A7%91%E6%9D%8E%E5%90%91%E6%B0%91%E6%AD%A3%E9%AB%98.jpg?itok=xZg3NqO-,01_试点医院/中山大学附属第一医院/照片/李向民-放射诊断专科-主任医师-中山大学附属第一医院.jpg,134309,2b05ff6367420c9f88a2bab9bf8f157598a2f63e96f8ee942b7a7e1bda667973,480,480,FULL_FETCH,
罗宴吉,https://www.fahsysu.org.cn/node/31699,实采,,https://www.fahsysu.org.cn/sites/1h.prod.sysucloud1.sysu.edu.cn/files/styles/focal_point_480/public/2023-10/%E6%94%BE%E5%B0%84%E8%AF%8A%E6%96%AD%E7%A7%91%E7%BD%97%E5%AE%B4%E5%90%89%E5%89%AF%E9%AB%98.jpg?itok=_ueJNrL2,01_试点医院/中山大学附属第一医院/照片/罗宴吉-放射诊断专科-主任医师-中山大学附属第一医院.jpg,113788,6a39a454ff59257ee6dd14df5736ff433c1488b8a748514fb621cd2d165c5af0,480,480,FULL_FETCH,
孟悛非,https://www.fahsysu.org.cn/node/31687,实采,,https://www.fahsysu.org.cn/sites/1h.prod.sysucloud1.sysu.edu.cn/files/styles/focal_point_480/public/2023-10/%E5%AD%9F%E6%82%9B%E9%9D%9E%20%E7%99%BD%E5%BA%95.jpg?itok=3GcFvSHS,01_试点医院/中山大学附属第一医院/照片/孟悛非-放射诊断专科-教授-中山大学附属第一医院.jpg,148178,d896b355fd3278240a20e1c4330e19afc3fb538ae948c0602ce4277f4b079e79,480,480,FULL_FETCH,
彭振鹏,https://www.fahsysu.org.cn/node/31702,实采,,https://www.fahsysu.org.cn/sites/1h.prod.sysucloud1.sysu.edu.cn/files/styles/focal_point_480/public/2023-10/%E6%94%BE%E5%B0%84%E8%AF%8A%E6%96%AD%E7%A7%91%E5%BD%AD%E6%8C%AF%E9%B9%8F%EF%BC%88%E6%AD%A3%E9%AB%98%EF%BC%89.jpg?itok=owjnBZZ-,01_试点医院/中山大学附属第一医院/照片/彭振鹏-放射诊断专科-主任医师-中山大学附属第一医院.jpg,193688,3e435181eb8a4ad4c9a13551f4fdcbaedd5f33a463f0b475765e2b8f78507e81,480,480,FULL_FETCH,
沈冰奇,https://www.fahsysu.org.cn/node/5558,实采,,https://www.fahsysu.org.cn/sites/1h.prod.sysucloud1.sysu.edu.cn/files/styles/focal_point_480/public/2023-10/%E6%B2%88%E5%86%B0%E5%A5%87%20%E7%99%BD%E5%BA%95.jpg?itok=O1K0gJrA,01_试点医院/中山大学附属第一医院/照片/沈冰奇-放射诊断专科-主任医师-中山大学附属第一医院.jpg,127213,b8eefaaae1b57a1a3c0e25ad370c164da024d37a9831fb0ca0939a0860ebb5a7,480,480,FULL_FETCH,
孙灿辉,https://www.fahsysu.org.cn/node/5567,实采,,https://www.fahsysu.org.cn/sites/1h.prod.sysucloud1.sysu.edu.cn/files/styles/focal_point_480/public/2023-08/%E6%94%BE%E5%B0%84%E8%AF%8A%E6%96%AD%E7%A7%91%20%E5%AD%99%E7%81%BF%E8%BE%89%20%E4%B8%BB%E4%BB%BB%E5%8C%BB%E5%B8%88%20%E7%99%BD%E5%BA%95%E7%85%A7.jpg?itok=d_f5tG57,01_试点医院/中山大学附属第一医院/照片/孙灿辉-放射诊断专科-主任医师-中山大学附属第一医院.jpg,163107,0b7e6367dbfa4fac177be5ffbbd54c3da6e98a5473a7dc1c798a564702deb1cb,480,480,FULL_FETCH,
王焕军,https://www.fahsysu.org.cn/node/31691,实采,,https://www.fahsysu.org.cn/sites/1h.prod.sysucloud1.sysu.edu.cn/files/styles/focal_point_480/public/2023-10/%E6%94%BE%E5%B0%84%E8%AF%8A%E6%96%AD%E7%A7%91%E7%8E%8B%E7%84%95%E5%86%9B%E5%89%AF%E9%AB%98.jpg?itok=TLQKDQY9,01_试点医院/中山大学附属第一医院/照片/王焕军-放射诊断专科-主任医师-中山大学附属第一医院.jpg,123544,4b2cc964a0f9fe75992affe4855611b3f6b663c6dbd9bb8ffb6d58c4e20b0935,480,480,FULL_FETCH,
余深平,https://www.fahsysu.org.cn/node/5570,实采,,https://www.fahsysu.org.cn/sites/1h.prod.sysucloud1.sysu.edu.cn/files/styles/focal_point_480/public/030117.jpg?itok=OQ6Nlwyy,01_试点医院/中山大学附属第一医院/照片/余深平-放射诊断专科-主任医师-中山大学附属第一医院.jpg,244532,a769df61cb8cb1491b533c2e740dfe9edc812a69344b01f774b6ec438105f40b,480,480,FULL_FETCH,
杨有优,https://www.fahsysu.org.cn/node/5568,实采,,https://www.fahsysu.org.cn/sites/1h.prod.sysucloud1.sysu.edu.cn/files/styles/focal_point_480/public/2023-10/%E6%94%BE%E5%B0%84%E8%AF%8A%E6%96%AD%E7%A7%91%E6%9D%A8%E6%9C%89%E4%BC%98%E6%AD%A3%E9%AB%98.jpg?itok=Z5jo2RW1,01_试点医院/中山大学附属第一医院/照片/杨有优-放射诊断专科-主任医师-中山大学附属第一医院.jpg,180398,d03d74d29312326f3f8e871d01c0f31dfda49376401a5ae673362b7491829203,480,480,FULL_FETCH,
杨智云,https://www.fahsysu.org.cn/node/5569,实采,,https://www.fahsysu.org.cn/sites/1h.prod.sysucloud1.sysu.edu.cn/files/styles/focal_point_480/public/2023-10/%E6%94%BE%E5%B0%84%E8%AF%8A%E6%96%AD%E7%A7%91%20%E6%9D%A8%E6%99%BA%E4%BA%91%20%E7%99%BD%E5%BA%95.jpg?itok=B3raPgLc,01_试点医院/中山大学附属第一医院/照片/杨智云-放射诊断专科-主任医师-中山大学附属第一医院.jpg,85977,ab4fa74c46a31a5656ec72a98e205c7af53a7159293212524644d6fbd1fb1547,480,480,FULL_FETCH,
郑可国,https://www.fahsysu.org.cn/node/5571,实采,,https://www.fahsysu.org.cn/sites/1h.prod.sysucloud1.sysu.edu.cn/files/styles/focal_point_480/public/035151.jpg?itok=y2uU2OqE,01_试点医院/中山大学附属第一医院/照片/郑可国-放射诊断专科-主任医师-中山大学附属第一医院.jpg,226049,7a89d9343829aa657c767978c4d5398bcdb2f7afe8516c1d36ecdd2dff4ce2bc,480,480,FULL_FETCH,
张小玲,https://www.fahsysu.org.cn/node/31694,实采,,https://www.fahsysu.org.cn/sites/1h.prod.sysucloud1.sysu.edu.cn/files/styles/focal_point_480/public/2023-10/%E6%94%BE%E5%B0%84%E8%AF%8A%E6%96%AD%E7%A7%91%E5%BC%A0%E5%B0%8F%E7%8E%B2%EF%BC%88%E5%89%AF%E9%AB%98%EF%BC%89.jpg?itok=YKdt-wmm,01_试点医院/中山大学附属第一医院/照片/张小玲-放射诊断专科-主任医师-中山大学附属第一医院.jpg,158531,83a88c65bf05be4e0baaac372cc55722a8d2026af36874d71b6e803538f3fe96,480,480,FULL_FETCH,
张朝晖,https://www.fahsysu.org.cn/node/5559,实采,,https://www.fahsysu.org.cn/sites/1h.prod.sysucloud1.sysu.edu.cn/files/styles/focal_point_480/public/2023-10/%E5%BC%A0%E6%9C%9D%E6%99%96%20%E7%99%BD%E5%BA%95.jpg?itok=TR2wAwdq,01_试点医院/中山大学附属第一医院/照片/张朝晖-放射诊断专科-主任医师-中山大学附属第一医院.jpg,141974,cce0b6b95674103bc3edcca1acf9e241000c4897edff31e1428d08d7adc2eba1,480,480,FULL_FETCH,
邝健谊,https://www.fahsysu.org.cn/node/5556,失败,无照片容器,,,,,,,FULL_FETCH,"{""detail_http"":200,""detection_feature"":""focal_point_480 引用数=0；医生照片容器缺失；页面 media-img 仅有 5 个 path contains /styles/mini200/ 公共图标"",""excluded_resources"":[{""feature"":""path contains /styles/mini200/"",""reason"":""公共装饰图"",""url"":""https://www.fahsysu.org.cn/sites/1h.prod.sysucloud1.sysu.edu.cn/files/styles/mini200/public/action-9-1-3.png?itok=N7xVlmOY""},{""feature"":""path contains /styles/mini200/"",""reason"":""公共装饰图"",""url"":""https://www.fahsysu.org.cn/sites/1h.prod.sysucloud1.sysu.edu.cn/files/styles/mini200/public/action-9-1-6.png?itok=e9BYn97e""},{""feature"":""path contains /styles/mini200/"",""reason"":""公共装饰图"",""url"":""https://www.fahsysu.org.cn/sites/1h.prod.sysucloud1.sysu.edu.cn/files/styles/mini200/public/action-9-1-1_0.png?itok=lMXpEjLC""},{""feature"":""path contains /styles/mini200/"",""reason"":""公共装饰图"",""url"":""https://www.fahsysu.org.cn/sites/1h.prod.sysucloud1.sysu.edu.cn/files/styles/mini200/public/action-9-2-8.png?itok=XyTEzUHK""},{""feature"":""path contains /styles/mini200/"",""reason"":""公共装饰图"",""url"":""https://www.fahsysu.org.cn/sites/1h.prod.sysucloud1.sysu.edu.cn/files/styles/mini200/public/action-9-1-2_0.png?itok=thPXMwH8""}],""focal_point_480_reference_count"":0,""observed_utc"":""2026-08-18T14:39:37Z"",""resource_urls"":[""https://www.fahsysu.org.cn/sites/1h.prod.sysucloud1.sysu.edu.cn/files/styles/mini200/public/action-9-1-3.png?itok=N7xVlmOY"",""https://www.fahsysu.org.cn/sites/1h.prod.sysucloud1.sysu.edu.cn/files/styles/mini200/public/action-9-1-6.png?itok=e9BYn97e"",""https://www.fahsysu.org.cn/sites/1h.prod.sysucloud1.sysu.edu.cn/files/styles/mini200/public/action-9-1-1_0.png?itok=lMXpEjLC"",""https://www.fahsysu.org.cn/sites/1h.prod.sysucloud1.sysu.edu.cn/files/styles/mini200/public/action-9-2-8.png?itok=XyTEzUHK"",""https://www.fahsysu.org.cn/sites/1h.prod.sysucloud1.sysu.edu.cn/files/styles/mini200/public/action-9-1-2_0.png?itok=thPXMwH8""],""template_signature"":"".other-left .other-media .media-img[data-image-url]""}"
江利,https://www.fahsysu.org.cn/node/5555,实采,,https://www.fahsysu.org.cn/sites/1h.prod.sysucloud1.sysu.edu.cn/files/styles/focal_point_480/public/2023-10/%E6%94%BE%E5%B0%84%E8%AF%8A%E6%96%AD%E7%A7%91%E6%B1%9F%E5%88%A9%2B%E5%89%AF%E9%AB%98.jpg?itok=7wLqIejK,01_试点医院/中山大学附属第一医院/照片/江利-放射诊断专科-副主任医师-中山大学附属第一医院.jpg,123943,eaf1ebc0ebaa09e708ec6c10db7a5d79eee5d3c61b03ff713615592292649e3e,480,480,FULL_FETCH,
李雪华,https://www.fahsysu.org.cn/node/31686,实采,,https://www.fahsysu.org.cn/sites/1h.prod.sysucloud1.sysu.edu.cn/files/styles/focal_point_480/public/2023-10/%E6%94%BE%E5%B0%84%E8%AF%8A%E6%96%AD%E7%A7%91%E6%9D%8E%E9%9B%AA%E5%8D%8E%E5%89%AF%E9%AB%98.jpg?itok=CyTNXEcx,01_试点医院/中山大学附属第一医院/照片/李雪华-放射诊断专科-副主任医师-中山大学附属第一医院.jpg,135117,fb272367cca1a804f1fd592e6029d503cd101b82bd5b66be65c73c83d3390ee2,480,480,FULL_FETCH,
王霁朏,https://www.fahsysu.org.cn/node/38312,实采,,https://www.fahsysu.org.cn/sites/1h.prod.sysucloud1.sysu.edu.cn/files/styles/focal_point_480/public/2026-03/%E6%94%BE%E5%B0%84%E8%AF%8A%E6%96%AD%E4%B8%93%E7%A7%91_%E7%8E%8B%E9%9C%81%E6%9C%8F_%E5%89%AF%E9%AB%98%28%E5%8E%8B%E7%BC%A9%29.jpg?itok=WcpMiv9G,01_试点医院/中山大学附属第一医院/照片/王霁朏-放射诊断专科-副主任医师-中山大学附属第一医院.jpg,149206,410c42d943b661574528267cdd7b43380c58b3eed244bfdf1facb34bb4a60566,480,480,FULL_FETCH,
赵静,https://www.fahsysu.org.cn/node/31688,实采,,https://www.fahsysu.org.cn/sites/1h.prod.sysucloud1.sysu.edu.cn/files/styles/focal_point_480/public/2023-10/%E6%94%BE%E5%B0%84%E8%AF%8A%E6%96%AD%E7%A7%91%E8%B5%B5%E9%9D%99%E5%89%AF%E9%AB%98_0.jpg?itok=QaZZwJ62,01_试点医院/中山大学附属第一医院/照片/赵静-放射诊断专科-副主任医师-中山大学附属第一医院.jpg,153485,dfb63a345fa0b5e6618634cb69ef319de734e8787e089a359c44ab55c397116f,480,480,FULL_FETCH,
黄勇慧,https://www.fahsysu.org.cn/node/5573,失败,无照片容器,,,,,,,FULL_FETCH,"{""detail_http"":200,""detection_feature"":""focal_point_480 引用数=0；医生照片容器缺失；页面 media-img 仅有 5 个 path contains /styles/mini200/ 公共图标"",""excluded_resources"":[{""feature"":""path contains /styles/mini200/"",""reason"":""公共装饰图"",""url"":""https://www.fahsysu.org.cn/sites/1h.prod.sysucloud1.sysu.edu.cn/files/styles/mini200/public/action-9-1-3.png?itok=N7xVlmOY""},{""feature"":""path contains /styles/mini200/"",""reason"":""公共装饰图"",""url"":""https://www.fahsysu.org.cn/sites/1h.prod.sysucloud1.sysu.edu.cn/files/styles/mini200/public/action-9-1-6.png?itok=e9BYn97e""},{""feature"":""path contains /styles/mini200/"",""reason"":""公共装饰图"",""url"":""https://www.fahsysu.org.cn/sites/1h.prod.sysucloud1.sysu.edu.cn/files/styles/mini200/public/action-9-1-1_0.png?itok=lMXpEjLC""},{""feature"":""path contains /styles/mini200/"",""reason"":""公共装饰图"",""url"":""https://www.fahsysu.org.cn/sites/1h.prod.sysucloud1.sysu.edu.cn/files/styles/mini200/public/action-9-2-8.png?itok=XyTEzUHK""},{""feature"":""path contains /styles/mini200/"",""reason"":""公共装饰图"",""url"":""https://www.fahsysu.org.cn/sites/1h.prod.sysucloud1.sysu.edu.cn/files/styles/mini200/public/action-9-1-2_0.png?itok=thPXMwH8""}],""focal_point_480_reference_count"":0,""observed_utc"":""2026-08-18T14:39:39Z"",""resource_urls"":[""https://www.fahsysu.org.cn/sites/1h.prod.sysucloud1.sysu.edu.cn/files/styles/mini200/public/action-9-1-3.png?itok=N7xVlmOY"",""https://www.fahsysu.org.cn/sites/1h.prod.sysucloud1.sysu.edu.cn/files/styles/mini200/public/action-9-1-6.png?itok=e9BYn97e"",""https://www.fahsysu.org.cn/sites/1h.prod.sysucloud1.sysu.edu.cn/files/styles/mini200/public/action-9-1-1_0.png?itok=lMXpEjLC"",""https://www.fahsysu.org.cn/sites/1h.prod.sysucloud1.sysu.edu.cn/files/styles/mini200/public/action-9-2-8.png?itok=XyTEzUHK"",""https://www.fahsysu.org.cn/sites/1h.prod.sysucloud1.sysu.edu.cn/files/styles/mini200/public/action-9-1-2_0.png?itok=thPXMwH8""],""template_signature"":"".other-left .other-media .media-img[data-image-url]""}"
向贤宏,https://www.fahsysu.org.cn/node/5578,实采,,https://www.fahsysu.org.cn/sites/1h.prod.sysucloud1.sysu.edu.cn/files/styles/focal_point_480/public/2025-04/%E6%94%BE%E5%B0%84%E4%BB%8B%E5%85%A5%E7%A7%91_%E5%90%91%E8%B4%A4%E5%AE%8F_%E6%AD%A3%E9%AB%98%28%E5%8E%8B%E7%BC%A9%29.jpg?itok=UwHsO6FL,01_试点医院/中山大学附属第一医院/照片/向贤宏-放射介入专科-主任医师-中山大学附属第一医院.jpg,155832,2ae92dc3ba8ea538e36d4797ca21f27c08a2b119ca53a56a5d0830864d1be7f3,480,480,FULL_FETCH,
杨建勇,https://www.fahsysu.org.cn/node/5574,实采,,https://www.fahsysu.org.cn/sites/1h.prod.sysucloud1.sysu.edu.cn/files/styles/focal_point_480/public/%E6%9D%A8%E5%BB%BA%E5%8B%87.jpg?itok=Nl5WBqkV,01_试点医院/中山大学附属第一医院/照片/杨建勇-放射介入专科-教授-中山大学附属第一医院.jpg,161235,a65d12cea9e440a2ee27c45f5532bfefe89b660647087e050ebdf016f8625a7c,480,480,FULL_FETCH,
庄文权,https://www.fahsysu.org.cn/node/5575,实采,,https://www.fahsysu.org.cn/sites/1h.prod.sysucloud1.sysu.edu.cn/files/styles/focal_point_480/public/025850_0.jpg?itok=TMN3aw-Q,01_试点医院/中山大学附属第一医院/照片/庄文权-放射介入专科-主任医师-中山大学附属第一医院.jpg,148011,8606e89c8ac561e951d0e7a00b8dc45d5e961410b37ba182dc722d8286f67b0c,480,480,FULL_FETCH,
郭文波,https://www.fahsysu.org.cn/node/5576,失败,无照片容器,,,,,,,FULL_FETCH,"{""detail_http"":200,""detection_feature"":""focal_point_480 引用数=0；医生照片容器缺失；页面 media-img 仅有 5 个 path contains /styles/mini200/ 公共图标"",""excluded_resources"":[{""feature"":""path contains /styles/mini200/"",""reason"":""公共装饰图"",""url"":""https://www.fahsysu.org.cn/sites/1h.prod.sysucloud1.sysu.edu.cn/files/styles/mini200/public/action-9-1-3.png?itok=N7xVlmOY""},{""feature"":""path contains /styles/mini200/"",""reason"":""公共装饰图"",""url"":""https://www.fahsysu.org.cn/sites/1h.prod.sysucloud1.sysu.edu.cn/files/styles/mini200/public/action-9-1-6.png?itok=e9BYn97e""},{""feature"":""path contains /styles/mini200/"",""reason"":""公共装饰图"",""url"":""https://www.fahsysu.org.cn/sites/1h.prod.sysucloud1.sysu.edu.cn/files/styles/mini200/public/action-9-1-1_0.png?itok=lMXpEjLC""},{""feature"":""path contains /styles/mini200/"",""reason"":""公共装饰图"",""url"":""https://www.fahsysu.org.cn/sites/1h.prod.sysucloud1.sysu.edu.cn/files/styles/mini200/public/action-9-2-8.png?itok=XyTEzUHK""},{""feature"":""path contains /styles/mini200/"",""reason"":""公共装饰图"",""url"":""https://www.fahsysu.org.cn/sites/1h.prod.sysucloud1.sysu.edu.cn/files/styles/mini200/public/action-9-1-2_0.png?itok=thPXMwH8""}],""focal_point_480_reference_count"":0,""observed_utc"":""2026-08-18T14:39:41Z"",""resource_urls"":[""https://www.fahsysu.org.cn/sites/1h.prod.sysucloud1.sysu.edu.cn/files/styles/mini200/public/action-9-1-3.png?itok=N7xVlmOY"",""https://www.fahsysu.org.cn/sites/1h.prod.sysucloud1.sysu.edu.cn/files/styles/mini200/public/action-9-1-6.png?itok=e9BYn97e"",""https://www.fahsysu.org.cn/sites/1h.prod.sysucloud1.sysu.edu.cn/files/styles/mini200/public/action-9-1-1_0.png?itok=lMXpEjLC"",""https://www.fahsysu.org.cn/sites/1h.prod.sysucloud1.sysu.edu.cn/files/styles/mini200/public/action-9-2-8.png?itok=XyTEzUHK"",""https://www.fahsysu.org.cn/sites/1h.prod.sysucloud1.sysu.edu.cn/files/styles/mini200/public/action-9-1-2_0.png?itok=thPXMwH8""],""template_signature"":"".other-left .other-media .media-img[data-image-url]""}"
林润,https://www.fahsysu.org.cn/node/25408,实采,,https://www.fahsysu.org.cn/sites/1h.prod.sysucloud1.sysu.edu.cn/files/styles/focal_point_480/public/%E6%94%BE%E5%B0%84%E4%BB%8B%E5%85%A5%E7%A7%91%20%E6%9E%97%E6%B6%A6%20%E5%89%AF%E4%B8%BB%E4%BB%BB%E5%8C%BB%E5%B8%88.jpg?itok=04ePwLrr,01_试点医院/中山大学附属第一医院/照片/林润-放射介入专科-副主任医师-中山大学附属第一医院.jpg,116663,f6a0daf9b771fd99c08d8f70f75ca0b675874603db1a2ef9d14c48beef861285,480,480,FULL_FETCH,
谭国胜,https://www.fahsysu.org.cn/node/5577,实采,,https://www.fahsysu.org.cn/sites/1h.prod.sysucloud1.sysu.edu.cn/files/styles/focal_point_480/public/092237.jpg?itok=gJ7Lj72m,01_试点医院/中山大学附属第一医院/照片/谭国胜-放射介入专科-副主任医师-中山大学附属第一医院.jpg,180461,314675bb028f3e0411cb5388d27589cfac2ccc17d70d23199c5656ae08b44c9c,480,480,FULL_FETCH,
范文哲,https://www.fahsysu.org.cn/node/5580,实采,,https://www.fahsysu.org.cn/sites/1h.prod.sysucloud1.sysu.edu.cn/files/styles/focal_point_480/public/042447.jpg?itok=tBMtKM99,01_试点医院/中山大学附属第一医院/照片/范文哲-肿瘤介入科-主任医师-中山大学附属第一医院.jpg,158620,a4848828574b2605b2889a0e6242af19ab40361bf667e9fbfdf3768266a0d30f,480,480,FULL_FETCH,
王于,https://www.fahsysu.org.cn/node/5581,实采,,https://www.fahsysu.org.cn/sites/1h.prod.sysucloud1.sysu.edu.cn/files/styles/focal_point_480/public/2026-06/%E8%82%BF%E7%98%A4%E4%BB%8B%E5%85%A5%E7%A7%91_%E7%8E%8B%E4%BA%8E.jpg?itok=TSLDDv5H,01_试点医院/中山大学附属第一医院/照片/王于-肿瘤介入科-主任医师-中山大学附属第一医院.jpg,155693,dad4aaf1f2d5cf761bff8c380326794663d54e9cd29850c12ab7e3cdae7fa490,480,480,FULL_FETCH,
吴艳琴,https://www.fahsysu.org.cn/node/35812,实采,,https://www.fahsysu.org.cn/sites/1h.prod.sysucloud1.sysu.edu.cn/files/styles/focal_point_480/public/2025-05/%E8%82%BF%E7%98%A4%E4%BB%8B%E5%85%A5%E7%A7%91_%E5%90%B4%E8%89%B3%E7%90%B4_%E5%89%AF%E9%AB%98_%E7%99%BD%E5%BA%95.jpg?itok=CXdwk8zP,01_试点医院/中山大学附属第一医院/照片/吴艳琴-肿瘤介入科-副主任医师-中山大学附属第一医院.jpg,151359,1f4f94a93ae4374c0a6b2b45011a74edfe297a131539d4f168f612bdd11c023a,480,480,FULL_FETCH,
姚望,https://www.fahsysu.org.cn/node/33148,实采,,https://www.fahsysu.org.cn/sites/1h.prod.sysucloud1.sysu.edu.cn/files/styles/focal_point_480/public/2024-05/%E8%82%BF%E7%98%A4%E4%BB%8B%E5%85%A5%E7%A7%91%20%E5%A7%9A%E6%9C%9B%20%E5%89%AF%E9%AB%98%20%E4%BF%AE%E6%94%B9%E7%99%BD%E5%BA%95.JPG?itok=gqBNB9Vv,01_试点医院/中山大学附属第一医院/照片/姚望-肿瘤介入科-副主任医师-中山大学附属第一医院.jpg,127704,9a609d11ca10906d626fc075dcd4de8152cb0681636902c0617e937d35441a1a,480,480,FULL_FETCH,
赵月,https://www.fahsysu.org.cn/node/35648,实采,,https://www.fahsysu.org.cn/sites/1h.prod.sysucloud1.sysu.edu.cn/files/styles/focal_point_480/public/2025-04/%E8%82%BF%E7%98%A4%E4%BB%8B%E5%85%A5%E7%A7%91-%E8%B5%B5%E6%9C%88-%E5%89%AF%E9%AB%98.jpg?itok=XRlZd9p9,01_试点医院/中山大学附属第一医院/照片/赵月-肿瘤介入科-副主任医师-中山大学附属第一医院.jpg,123439,3e558cfa6f833718b1378efef5a83895a30f42de97e1adbb51b712dad2dac457,480,480,FULL_FETCH,
王晓燕,https://www.fahsysu.org.cn/node/30518,实采,,https://www.fahsysu.org.cn/sites/1h.prod.sysucloud1.sysu.edu.cn/files/styles/focal_point_480/public/2023-03/%E6%A0%B8%E5%8C%BB%E5%AD%A6%20%E7%8E%8B%E6%99%93%E7%87%95%20%E5%89%AF%E9%AB%98.jpg?itok=MPD2T1a7,01_试点医院/中山大学附属第一医院/照片/王晓燕-核医学科-主任医师-中山大学附属第一医院.jpg,130508,cedf3e005d6baba31a23390cfffbe48f4033b9933508fdceef463b05e125c74f,480,480,FULL_FETCH,
张祥松,https://www.fahsysu.org.cn/node/5548,失败,无照片容器,,,,,,,FULL_FETCH,"{""detail_http"":200,""detection_feature"":""focal_point_480 引用数=0；医生照片容器缺失；页面 media-img 仅有 5 个 path contains /styles/mini200/ 公共图标"",""excluded_resources"":[{""feature"":""path contains /styles/mini200/"",""reason"":""公共装饰图"",""url"":""https://www.fahsysu.org.cn/sites/1h.prod.sysucloud1.sysu.edu.cn/files/styles/mini200/public/action-9-1-3.png?itok=N7xVlmOY""},{""feature"":""path contains /styles/mini200/"",""reason"":""公共装饰图"",""url"":""https://www.fahsysu.org.cn/sites/1h.prod.sysucloud1.sysu.edu.cn/files/styles/mini200/public/action-9-1-6.png?itok=e9BYn97e""},{""feature"":""path contains /styles/mini200/"",""reason"":""公共装饰图"",""url"":""https://www.fahsysu.org.cn/sites/1h.prod.sysucloud1.sysu.edu.cn/files/styles/mini200/public/action-9-1-1_0.png?itok=lMXpEjLC""},{""feature"":""path contains /styles/mini200/"",""reason"":""公共装饰图"",""url"":""https://www.fahsysu.org.cn/sites/1h.prod.sysucloud1.sysu.edu.cn/files/styles/mini200/public/action-9-2-8.png?itok=XyTEzUHK""},{""feature"":""path contains /styles/mini200/"",""reason"":""公共装饰图"",""url"":""https://www.fahsysu.org.cn/sites/1h.prod.sysucloud1.sysu.edu.cn/files/styles/mini200/public/action-9-1-2_0.png?itok=thPXMwH8""}],""focal_point_480_reference_count"":0,""observed_utc"":""2026-08-18T14:39:44Z"",""resource_urls"":[""https://www.fahsysu.org.cn/sites/1h.prod.sysucloud1.sysu.edu.cn/files/styles/mini200/public/action-9-1-3.png?itok=N7xVlmOY"",""https://www.fahsysu.org.cn/sites/1h.prod.sysucloud1.sysu.edu.cn/files/styles/mini200/public/action-9-1-6.png?itok=e9BYn97e"",""https://www.fahsysu.org.cn/sites/1h.prod.sysucloud1.sysu.edu.cn/files/styles/mini200/public/action-9-1-1_0.png?itok=lMXpEjLC"",""https://www.fahsysu.org.cn/sites/1h.prod.sysucloud1.sysu.edu.cn/files/styles/mini200/public/action-9-2-8.png?itok=XyTEzUHK"",""https://www.fahsysu.org.cn/sites/1h.prod.sysucloud1.sysu.edu.cn/files/styles/mini200/public/action-9-1-2_0.png?itok=thPXMwH8""],""template_signature"":"".other-left .other-media .media-img[data-image-url]""}"
陈丹云,https://www.fahsysu.org.cn/node/5549,实采,,https://www.fahsysu.org.cn/sites/1h.prod.sysucloud1.sysu.edu.cn/files/styles/focal_point_480/public/104739.jpg?itok=4D4EHdVx,01_试点医院/中山大学附属第一医院/照片/陈丹云-核医学科-副主任医师-中山大学附属第一医院.jpg,229430,ef63ce16df86b5a16b30ae8b063b6569610f3a3c20f9e9afbe1d0f9d01ec472a,480,480,FULL_FETCH,
陈维安,https://www.fahsysu.org.cn/node/5550,实采,,https://www.fahsysu.org.cn/sites/1h.prod.sysucloud1.sysu.edu.cn/files/styles/focal_point_480/public/2023-02/%E6%A0%B8%E5%8C%BB%E5%AD%A6%E7%A7%91%20%E9%99%88%E7%BB%B4%E5%AE%89%20%E5%89%AF%E9%AB%98.jpg?itok=EsHbasGJ,01_试点医院/中山大学附属第一医院/照片/陈维安-核医学科-副主任医师-中山大学附属第一医院.jpg,184059,1d1a9395db85e56e1510b789d855f4cf24f8c4dc4dec92629979856f073b575b,480,480,FULL_FETCH,
岳殿超,https://www.fahsysu.org.cn/node/5553,实采,,https://www.fahsysu.org.cn/sites/1h.prod.sysucloud1.sysu.edu.cn/files/styles/focal_point_480/public/110131.jpg?itok=smeTPrxh,01_试点医院/中山大学附属第一医院/照片/岳殿超-核医学科-副主任医师-中山大学附属第一医院.jpg,175034,634a7d1df6c476a1e89a7f8e59320fe8617325cfef2b1c16e49a0ed65204abd1,480,480,FULL_FETCH,
陈立达,https://www.fahsysu.org.cn/node/25889,实采,,https://www.fahsysu.org.cn/sites/1h.prod.sysucloud1.sysu.edu.cn/files/styles/focal_point_480/public/%E8%B6%85%E5%A3%B0%E5%8C%BB%E5%AD%A6%E7%A7%91%20%E9%99%88%E7%AB%8B%E8%BE%BE%20%E5%89%AF%E9%AB%98.jpg?itok=oztoYQIC,01_试点医院/中山大学附属第一医院/照片/陈立达-超声医学科-主任医师-中山大学附属第一医院.jpg,139558,c342f1868e225f6be2edcc3ed95d82e4121f4abb08f2c85a4956ba3c8e01abdc,480,480,FULL_FETCH,
陈淑玲,https://www.fahsysu.org.cn/node/32032,实采,,https://www.fahsysu.org.cn/sites/1h.prod.sysucloud1.sysu.edu.cn/files/styles/focal_point_480/public/2023-11/%E8%B6%85%E5%A3%B0%E5%8C%BB%E5%AD%A6%E7%A7%91%20%E9%99%88%E6%B7%91%E7%8E%B2%20%E5%89%AF%E9%AB%98_%E7%BC%A9%E5%B0%8F.jpg?itok=MWMwKThf,01_试点医院/中山大学附属第一医院/照片/陈淑玲-超声医学科-主任医师-中山大学附属第一医院.jpg,194735,9b1ece9ee250e27d1c60c212a1d38f2d166534f000b45b51c15a2fcd735abcd9,480,480,FULL_FETCH,
匡铭,https://www.fahsysu.org.cn/node/5582,实采,,https://www.fahsysu.org.cn/sites/1h.prod.sysucloud1.sysu.edu.cn/files/styles/focal_point_480/public/023501.jpg?itok=aHcszXot,01_试点医院/中山大学附属第一医院/照片/匡铭-超声医学科-主任医师-中山大学附属第一医院.jpg,202851,8b3bea78bb87014cc6e137b8bf37b46be4df36988148aa0510b496e8fe18a198,480,480,FULL_FETCH,
刘东红,https://www.fahsysu.org.cn/node/5583,实采,,https://www.fahsysu.org.cn/sites/1h.prod.sysucloud1.sysu.edu.cn/files/styles/focal_point_480/public/2025-01/%E8%B6%85%E5%A3%B0%E5%8C%BB%E5%AD%A6%E7%A7%91_%E5%88%98%E4%B8%9C%E7%BA%A2_%E6%AD%A3%E9%AB%98_%E4%BF%AE%E6%94%B9%E7%99%BD%E5%BA%95.jpg?itok=A0a3r8ga,01_试点医院/中山大学附属第一医院/照片/刘东红-超声医学科-主任医师-中山大学附属第一医院.jpg,134615,e4ceb1895a7c5b131801ece6aafed01ced580073a6fefb586acf115adc6273a0,480,480,FULL_FETCH,
梁瑾瑜,https://www.fahsysu.org.cn/node/5589,实采,,https://www.fahsysu.org.cn/sites/1h.prod.sysucloud1.sysu.edu.cn/files/styles/focal_point_480/public/2024-05/%E6%A2%81%E7%91%BE%E7%91%9C%E7%99%BD%E5%BA%95%E7%85%A7%E7%89%87.jpg?itok=HnkQvnRD,01_试点医院/中山大学附属第一医院/照片/梁瑾瑜-超声医学科-主任医师-中山大学附属第一医院.jpg,119270,849ed930f717bce044163b0c112f6999ba7ee082b09e24096e6ef992b52121a9,480,480,FULL_FETCH,
王竹,https://www.fahsysu.org.cn/node/5593,实采,,https://www.fahsysu.org.cn/sites/1h.prod.sysucloud1.sysu.edu.cn/files/styles/focal_point_480/public/043213.jpg?itok=6OZxvFDf,01_试点医院/中山大学附属第一医院/照片/王竹-超声医学科-主任医师-中山大学附属第一医院.jpg,111400,8b33b63559f32281b3ba28816c0d0f9497dbe3c43dd90460cef896b22c32cdb5,480,480,FULL_FETCH,
王伟,https://www.fahsysu.org.cn/node/5592,实采,,https://www.fahsysu.org.cn/sites/1h.prod.sysucloud1.sysu.edu.cn/files/styles/focal_point_480/public/102254_0.jpg?itok=yQg953N9,01_试点医院/中山大学附属第一医院/照片/王伟-超声医学科-主任医师-中山大学附属第一医院.jpg,159585,8e3bf735aff8e92842e9fb17383b3c655ff0a4e4b935196e557df9c090daa7f6,480,480,FULL_FETCH,
谢红宁,https://www.fahsysu.org.cn/node/5585,实采,,https://www.fahsysu.org.cn/sites/1h.prod.sysucloud1.sysu.edu.cn/files/styles/focal_point_480/public/2025-09/%E8%B6%85%E5%A3%B0%E5%8C%BB%E5%AD%A6%E7%A7%91_%E8%B0%A2%E7%BA%A2%E5%AE%81%EF%BC%88%E6%AD%A3%E9%AB%98%EF%BC%89.jpg?itok=duWktu8E,01_试点医院/中山大学附属第一医院/照片/谢红宁-超声医学科-主任医师-中山大学附属第一医院.jpg,121820,db339ee002ceaf501ace2ad71e18df570eceaeab72e3d3fdf0922d7dcf1bdaff,480,480,FULL_FETCH,
徐明,https://www.fahsysu.org.cn/node/20891,实采,,https://www.fahsysu.org.cn/sites/1h.prod.sysucloud1.sysu.edu.cn/files/styles/focal_point_480/public/042547_0.jpg?itok=9zwZ05FQ,01_试点医院/中山大学附属第一医院/照片/徐明-超声医学科-主任医师-中山大学附属第一医院.jpg,158436,032898d32e90d436e5de8ee8d2a08967bac6c599145051670ae2df28a919e358,480,480,FULL_FETCH,
谢晓华,https://www.fahsysu.org.cn/node/5594,实采,,https://www.fahsysu.org.cn/sites/1h.prod.sysucloud1.sysu.edu.cn/files/styles/focal_point_480/public/022956.jpg?itok=6iODTgWJ,01_试点医院/中山大学附属第一医院/照片/谢晓华-超声医学科-主任医师-中山大学附属第一医院.jpg,150224,0095fe084452d8df5e2cc65a2a950e7ec93ac3da48ecdd9da09d57da99946cc6,480,480,FULL_FETCH,
谢晓燕,https://www.fahsysu.org.cn/node/5586,实采,,https://www.fahsysu.org.cn/sites/1h.prod.sysucloud1.sysu.edu.cn/files/styles/focal_point_480/public/%E8%B0%A2%E6%99%93%E7%87%95_0.jpg?itok=dHe-FVOX,01_试点医院/中山大学附属第一医院/照片/谢晓燕-超声医学科-主任医师-中山大学附属第一医院.jpg,174654,150cebd31b6806efeedaf08ba93794774727747b03297741ae9e37363847f99c,480,480,FULL_FETCH,
郑艳玲,https://www.fahsysu.org.cn/node/5596,实采,,https://www.fahsysu.org.cn/sites/1h.prod.sysucloud1.sysu.edu.cn/files/styles/focal_point_480/public/2024-03/%E9%83%91%E8%89%B3%E7%8E%B2_%E7%BC%A9%E5%B0%8F.jpg?itok=YUjQwYTQ,01_试点医院/中山大学附属第一医院/照片/郑艳玲-超声医学科-主任医师-中山大学附属第一医院.jpg,186694,f0621cf59a9020368a21ae900ebae7fab6b0ebd88af45b33219381574ece0984,480,480,FULL_FETCH,
程美清,https://www.fahsysu.org.cn/node/38734,实采,,https://www.fahsysu.org.cn/sites/1h.prod.sysucloud1.sysu.edu.cn/files/styles/focal_point_480/public/2026-05/%E7%A8%8B%E7%BE%8E%E6%B8%85%E5%A4%A7%E4%B8%80%E5%AF%B8%E7%99%BD%E5%BA%95.jpg?itok=Sy0f2UF5,01_试点医院/中山大学附属第一医院/照片/程美清-超声医学科-副主任医师-中山大学附属第一医院.jpg,115611,29453f0ac71e57dcd734f4c621b0b216d5ba19d09ec92860f647b202ecab419b,480,480,FULL_FETCH,
陈瑜君,https://www.fahsysu.org.cn/node/31956,实采,,https://www.fahsysu.org.cn/sites/1h.prod.sysucloud1.sysu.edu.cn/files/styles/focal_point_480/public/2024-09/%E9%99%88%E7%91%9C%E5%90%9B_%E5%B7%A5%E4%BD%9C%E7%85%A7_%E7%99%BD%E5%BA%95.jpg?itok=IOLVTxtT,01_试点医院/中山大学附属第一医院/照片/陈瑜君-超声医学科-副主任医师-中山大学附属第一医院.jpg,111670,7f2f5b378e03ca751ada0f33cbc2b02eb8cbce73c5106adc5158a9d3b7242986,480,480,FULL_FETCH,
段妤,https://www.fahsysu.org.cn/node/38208,实采,,https://www.fahsysu.org.cn/sites/1h.prod.sysucloud1.sysu.edu.cn/files/styles/focal_point_480/public/2026-03/%E8%B6%85%E5%A3%B0%E5%8C%BB%E5%AD%A6%E7%A7%91_%E6%AE%B5%E5%A6%A4_%E5%89%AF%E4%B8%BB%E4%BB%BB%E5%8C%BB%E5%B8%88.jpg?itok=-sSmbOkx,01_试点医院/中山大学附属第一医院/照片/段妤-超声医学科-副主任医师-中山大学附属第一医院.jpg,141727,f0136dee78149a8c53a78970fbc1fc29c78f1bc58e197bfd55b490471c048132,480,480,FULL_FETCH,
黄光亮,https://www.fahsysu.org.cn/node/5587,实采,,https://www.fahsysu.org.cn/sites/1h.prod.sysucloud1.sysu.edu.cn/files/styles/focal_point_480/public/101050.jpg?itok=krGtRJ8i,01_试点医院/中山大学附属第一医院/照片/黄光亮-超声医学科-副主任医师-中山大学附属第一医院.jpg,190117,a7ea24c97fbacf7afbec10954ea05b5d6813df504429a1c5fa525d9babe5e1b8,480,480,FULL_FETCH,
胡航通,https://www.fahsysu.org.cn/node/38806,实采,,https://www.fahsysu.org.cn/sites/1h.prod.sysucloud1.sysu.edu.cn/files/styles/focal_point_480/public/2026-05/%E8%B6%85%E5%A3%B0%E5%8C%BB%E5%AD%A6%E7%A7%91_%E8%83%A1%E8%88%AA%E9%80%9A_%E5%89%AF%E9%AB%98%28%E5%8E%8B%E7%BC%A9%29.png?itok=OH6Q6dt9,01_试点医院/中山大学附属第一医院/照片/胡航通-超声医学科-副主任医师-中山大学附属第一医院.png,177778,3aa74597717bf5fe12d7c3d572acbaf52cc4b3ab1152f6cc43813682f045d96f,480,480,FULL_FETCH,
刘保娴,https://www.fahsysu.org.cn/node/32232,实采,,https://www.fahsysu.org.cn/sites/1h.prod.sysucloud1.sysu.edu.cn/files/styles/focal_point_480/public/2023-12/%E8%B6%85%E5%A3%B0%E5%8C%BB%E5%AD%A6%E7%A7%91%20%E5%88%98%E4%BF%9D%E5%A8%B4%20%E5%89%AF%E9%AB%98.jpg?itok=g4hJHRqK,01_试点医院/中山大学附属第一医院/照片/刘保娴-超声医学科-副主任医师-中山大学附属第一医院.jpg,165784,217b692091d02544f8e44908737c2f7233ea21422abb117c335cbb6831ab510a,480,480,FULL_FETCH,
刘丽,https://www.fahsysu.org.cn/node/5591,实采,,https://www.fahsysu.org.cn/sites/1h.prod.sysucloud1.sysu.edu.cn/files/styles/focal_point_480/public/2025-10/%E8%B6%85%E5%A3%B0%E5%8C%BB%E5%AD%A6%E7%A7%91_%E5%88%98%E4%B8%BD_%E5%89%AF%E9%AB%98_%282%29.jpeg?itok=dATOK_rp,01_试点医院/中山大学附属第一医院/照片/刘丽-超声医学科-副主任医师-中山大学附属第一医院.jpg,192141,ae04d98ce2c7ff76f2e71a4f5cf91aec2efa7328118ede1a45795524c1ab6067,480,480,FULL_FETCH,
雷婷,https://www.fahsysu.org.cn/node/33214,实采,,https://www.fahsysu.org.cn/sites/1h.prod.sysucloud1.sysu.edu.cn/files/styles/focal_point_480/public/2025-06/%E8%B6%85%E5%A3%B0%E5%8C%BB%E5%AD%A6%E7%A7%91_%E9%9B%B7%E5%A9%B7_%E5%89%AF%E9%AB%98.jpg?itok=JOB8Q4yy,01_试点医院/中山大学附属第一医院/照片/雷婷-超声医学科-副主任医师-中山大学附属第一医院.jpg,169413,17efb20dc5e55d2d8bdba9e1f005d262f4ccc035f31bba4d37ee21d132451a90,480,480,FULL_FETCH,
李薇,https://www.fahsysu.org.cn/node/29084,实采,,https://www.fahsysu.org.cn/sites/1h.prod.sysucloud1.sysu.edu.cn/files/styles/focal_point_480/public/2024-05/%E8%B6%85%E5%A3%B0%E5%8C%BB%E5%AD%A6%E7%A7%91%20%E6%9D%8E%E8%96%87%20%E5%89%AF%E9%AB%98%20%E4%BF%AE%E6%94%B9%E7%99%BD%E5%BA%95.jpg?itok=gJ3thpOa,01_试点医院/中山大学附属第一医院/照片/李薇-超声医学科-副主任医师-中山大学附属第一医院.jpg,162684,ab49275d4e978d539de02fea7d47efaf413473ed8a6ab8b357c2ad5187be2038,480,480,FULL_FETCH,
李晓菊,https://www.fahsysu.org.cn/node/38176,实采,,https://www.fahsysu.org.cn/sites/1h.prod.sysucloud1.sysu.edu.cn/files/styles/focal_point_480/public/2026-03/%E8%B6%85%E5%A3%B0%E5%8C%BB%E5%AD%A6%E7%A7%91_%E6%9D%8E%E6%99%93%E8%8F%8A_%E5%89%AF%E9%AB%98.jpg?itok=0VDp0wfH,01_试点医院/中山大学附属第一医院/照片/李晓菊-超声医学科-副主任医师-中山大学附属第一医院.jpg,135105,4f0eb62604caadfb9eec03ad836bad85bd2cc8f46a1cd175a265846a1ff1927d,480,480,FULL_FETCH,
阮思敏,https://www.fahsysu.org.cn/node/38936,实采,,https://www.fahsysu.org.cn/sites/1h.prod.sysucloud1.sysu.edu.cn/files/styles/focal_point_480/public/2026-06/%E8%B6%85%E5%A3%B0%E5%8C%BB%E5%AD%A6%E7%A7%91_%E9%98%AE%E6%80%9D%E6%95%8F_%E5%89%AF%E9%AB%98.jpg?itok=xEe9J_i4,01_试点医院/中山大学附属第一医院/照片/阮思敏-超声医学科-副主任医师-中山大学附属第一医院.jpg,134674,b87644058b9acf7d136b71178cd0520139802527dd8c0aeaf973e3ae3ea0c96b,480,480,FULL_FETCH,
佟文娟,https://www.fahsysu.org.cn/node/38757,实采,,https://www.fahsysu.org.cn/sites/1h.prod.sysucloud1.sysu.edu.cn/files/styles/focal_point_480/public/2026-05/%E8%B6%85%E5%A3%B0%E5%8C%BB%E5%AD%A6%E7%A7%91_%E4%BD%9F%E6%96%87%E5%A8%9F_%E5%89%AF%E9%AB%98.jpg?itok=rgBgDzcG,01_试点医院/中山大学附属第一医院/照片/佟文娟-超声医学科-副主任医师-中山大学附属第一医院.jpg,180783,88f5a5b66e1884c2c5094980fe3028dff79be3283a9be1583ed9b66108c0a01d,480,480,FULL_FETCH,
谭洋,https://www.fahsysu.org.cn/node/38152,实采,,https://www.fahsysu.org.cn/sites/1h.prod.sysucloud1.sysu.edu.cn/files/styles/focal_point_480/public/2026-03/%E8%B6%85%E5%A3%B0%E5%8C%BB%E5%AD%A6%E7%A7%91_%E8%B0%AD%E6%B4%8B.jpg?itok=bWi6rQSC,01_试点医院/中山大学附属第一医院/照片/谭洋-超声医学科-副主任医师-中山大学附属第一医院.jpg,156204,973b12ba911427f852be2a474a904062e09c91df006aa576aa38af2b609789f5,480,480,FULL_FETCH,
庄博文,https://www.fahsysu.org.cn/node/29158,实采,,https://www.fahsysu.org.cn/sites/1h.prod.sysucloud1.sysu.edu.cn/files/styles/focal_point_480/public/2022-06/%E5%BA%84%E5%8D%9A%E6%96%87.jpg?itok=N6o_VPzQ,01_试点医院/中山大学附属第一医院/照片/庄博文-超声医学科-副主任医师-中山大学附属第一医院.jpg,148121,92403e87710caf74c45be599235051e6ec3021b4bb0328aa353513150ab33d3d,480,480,FULL_FETCH,
郑巧,https://www.fahsysu.org.cn/node/36784,实采,,https://www.fahsysu.org.cn/sites/1h.prod.sysucloud1.sysu.edu.cn/files/styles/focal_point_480/public/2025-09/%E8%B6%85%E5%A3%B0%E5%8C%BB%E5%AD%A6%E7%A7%91_%E9%83%91%E5%B7%A7%EF%BC%88%E5%89%AF%E9%AB%98%EF%BC%89.jpg?itok=4cv1BoGV,01_试点医院/中山大学附属第一医院/照片/郑巧-超声医学科-副主任医师-中山大学附属第一医院.png,198338,a2c68e677731befe25e2ee9c358092244765787519f68b76d2379f2104a8fe0d,480,480,FULL_FETCH,
张晓儿,https://www.fahsysu.org.cn/node/33352,实采,,https://www.fahsysu.org.cn/sites/1h.prod.sysucloud1.sysu.edu.cn/files/styles/focal_point_480/public/2024-05/%E8%B6%85%E5%A3%B0%E5%8C%BB%E5%AD%A6%E7%A7%91-%E5%BC%A0%E6%99%93%E5%84%BF-%E5%89%AF%E9%AB%98%20%E7%99%BD%E5%BA%95%E4%BF%AE%E6%94%B9.JPG?itok=WSxrOka-,01_试点医院/中山大学附属第一医院/照片/张晓儿-超声医学科-副主任医师-中山大学附属第一医院.jpg,125578,eeaa60383c5684764419060e57207ba71c49fd83b5026a218b71fc78cc7e7484,480,480,FULL_FETCH,
林满霞,https://www.fahsysu.org.cn/node/20890,实采,,https://www.fahsysu.org.cn/sites/1h.prod.sysucloud1.sysu.edu.cn/files/styles/focal_point_480/public/031034.jpg?itok=ubnH3nQI,01_试点医院/中山大学附属第一医院/照片/林满霞-介入超声专科-主任医师-中山大学附属第一医院.jpg,147061,604eece876ca890ddd5a050a6645252830c8afc669fba77af2159c784c53302e,480,480,FULL_FETCH,
黄通毅,https://www.fahsysu.org.cn/node/38693,实采,,https://www.fahsysu.org.cn/sites/1h.prod.sysucloud1.sysu.edu.cn/files/styles/focal_point_480/public/2026-05/%E8%B6%85%E5%A3%B0%E5%8C%BB%E5%AD%A6%E7%A7%91-%E9%BB%84%E9%80%9A%E6%AF%85-%E5%89%AF%E9%AB%98-%E7%99%BD%E5%BA%95%E7%85%A7%E7%89%87.jpg?itok=DQmsxBDJ,01_试点医院/中山大学附属第一医院/照片/黄通毅-介入超声专科-副主任医师-中山大学附属第一医院.jpg,120683,294011aaa74fa3c76c926a9aa5b9afaa42bd6d9eb4086f5d9d2d8e1d22c205d5,480,480,FULL_FETCH,
刘敏,https://www.fahsysu.org.cn/node/25838,实采,,https://www.fahsysu.org.cn/sites/1h.prod.sysucloud1.sysu.edu.cn/files/styles/focal_point_480/public/%E5%8C%BB%E5%AD%A6%E6%A3%80%E9%AA%8C%E7%A7%91%20%E5%88%98%E6%95%8F%20%E6%AD%A3%E9%AB%98.jpg?itok=gcE1X9fA,01_试点医院/中山大学附属第一医院/照片/刘敏-医学检验科-主任技师-中山大学附属第一医院.jpg,137954,11bfb0b79e3edff3cb73237ed47c9437bcff3895402c5efd74b31671447298e6,480,480,FULL_FETCH,
欧阳涓,https://www.fahsysu.org.cn/node/25887,实采,,https://www.fahsysu.org.cn/sites/1h.prod.sysucloud1.sysu.edu.cn/files/styles/focal_point_480/public/%E6%AC%A7%E9%98%B3%E6%B6%931.jpg?itok=jB6kuF9M,01_试点医院/中山大学附属第一医院/照片/欧阳涓-医学检验科-主任技师-中山大学附属第一医院.jpg,136980,15fb4e7b587a47ab2b7098580b662c0fc33be05f56f8507f21d49db03864cbb5,480,480,FULL_FETCH,
陈培松,https://www.fahsysu.org.cn/node/5840,实采,,https://www.fahsysu.org.cn/sites/1h.prod.sysucloud1.sysu.edu.cn/files/styles/focal_point_480/public/112128.jpg?itok=prF92IHc,01_试点医院/中山大学附属第一医院/照片/陈培松-医学检验科-副主任技师-中山大学附属第一医院.jpg,167723,5dd1a1eb7acbb6e490e47c90b7c42b6d792ecac1d6e7daf70c2971a5a976e3a0,480,480,FULL_FETCH,
陈文芳,https://www.fahsysu.org.cn/node/5804,失败,无照片容器,,,,,,,FULL_FETCH,"{""detail_http"":200,""detection_feature"":""focal_point_480 引用数=0；医生照片容器缺失；页面 media-img 仅有 5 个 path contains /styles/mini200/ 公共图标"",""excluded_resources"":[{""feature"":""path contains /styles/mini200/"",""reason"":""公共装饰图"",""url"":""https://www.fahsysu.org.cn/sites/1h.prod.sysucloud1.sysu.edu.cn/files/styles/mini200/public/action-9-1-3.png?itok=N7xVlmOY""},{""feature"":""path contains /styles/mini200/"",""reason"":""公共装饰图"",""url"":""https://www.fahsysu.org.cn/sites/1h.prod.sysucloud1.sysu.edu.cn/files/styles/mini200/public/action-9-1-6.png?itok=e9BYn97e""},{""feature"":""path contains /styles/mini200/"",""reason"":""公共装饰图"",""url"":""https://www.fahsysu.org.cn/sites/1h.prod.sysucloud1.sysu.edu.cn/files/styles/mini200/public/action-9-1-1_0.png?itok=lMXpEjLC""},{""feature"":""path contains /styles/mini200/"",""reason"":""公共装饰图"",""url"":""https://www.fahsysu.org.cn/sites/1h.prod.sysucloud1.sysu.edu.cn/files/styles/mini200/public/action-9-2-8.png?itok=XyTEzUHK""},{""feature"":""path contains /styles/mini200/"",""reason"":""公共装饰图"",""url"":""https://www.fahsysu.org.cn/sites/1h.prod.sysucloud1.sysu.edu.cn/files/styles/mini200/public/action-9-1-2_0.png?itok=thPXMwH8""}],""focal_point_480_reference_count"":0,""observed_utc"":""2026-08-18T14:40:00Z"",""resource_urls"":[""https://www.fahsysu.org.cn/sites/1h.prod.sysucloud1.sysu.edu.cn/files/styles/mini200/public/action-9-1-3.png?itok=N7xVlmOY"",""https://www.fahsysu.org.cn/sites/1h.prod.sysucloud1.sysu.edu.cn/files/styles/mini200/public/action-9-1-6.png?itok=e9BYn97e"",""https://www.fahsysu.org.cn/sites/1h.prod.sysucloud1.sysu.edu.cn/files/styles/mini200/public/action-9-1-1_0.png?itok=lMXpEjLC"",""https://www.fahsysu.org.cn/sites/1h.prod.sysucloud1.sysu.edu.cn/files/styles/mini200/public/action-9-2-8.png?itok=XyTEzUHK"",""https://www.fahsysu.org.cn/sites/1h.prod.sysucloud1.sysu.edu.cn/files/styles/mini200/public/action-9-1-2_0.png?itok=thPXMwH8""],""template_signature"":"".other-left .other-media .media-img[data-image-url]""}"
韩安家,https://www.fahsysu.org.cn/node/5805,实采,,https://www.fahsysu.org.cn/sites/1h.prod.sysucloud1.sysu.edu.cn/files/styles/focal_point_480/public/031833.jpg?itok=fYyRdD1d,01_试点医院/中山大学附属第一医院/照片/韩安家-病理科-主任医师-中山大学附属第一医院.jpg,147973,05896034dbc46ae15db50e4fd2a74bc480909fce1ddaa2f1fdee2d3d75240460,480,480,FULL_FETCH,
彭挺生,https://www.fahsysu.org.cn/node/5808,实采,,https://www.fahsysu.org.cn/sites/1h.prod.sysucloud1.sysu.edu.cn/files/styles/focal_point_480/public/104440.jpg?itok=B-1t82sc,01_试点医院/中山大学附属第一医院/照片/彭挺生-病理科-主任医师-中山大学附属第一医院.jpg,208855,45c1e35e62b0a135138a9d3981dbf4c9156d6349b5c695ec30ba213ec1c7d304,480,480,FULL_FETCH,
王芬,https://www.fahsysu.org.cn/node/5816,实采,,https://www.fahsysu.org.cn/sites/1h.prod.sysucloud1.sysu.edu.cn/files/styles/focal_point_480/public/114236.jpg?itok=iHgzO2Rn,01_试点医院/中山大学附属第一医院/照片/王芬-病理科-主任医师-中山大学附属第一医院.jpg,125861,fb0fac035734ca9758418f0a9b73ee5c3be6f7bee013da6cb6dc4a1401e0770a,480,480,FULL_FETCH,
王连唐,https://www.fahsysu.org.cn/node/5809,实采,,https://www.fahsysu.org.cn/sites/1h.prod.sysucloud1.sysu.edu.cn/files/styles/focal_point_480/public/%E7%8E%8B%E8%BF%9E%E5%94%90.jpg?itok=4LeLrQyX,01_试点医院/中山大学附属第一医院/照片/王连唐-病理科-教授-中山大学附属第一医院.jpg,177871,990bfbb16f7e74790c057ff346e815328e54a7d074414af1294a95507b8fe88d,480,480,FULL_FETCH,
余俐,https://www.fahsysu.org.cn/node/5812,实采,,https://www.fahsysu.org.cn/sites/1h.prod.sysucloud1.sysu.edu.cn/files/styles/focal_point_480/public/041102.jpg?itok=6wmdDwiO,01_试点医院/中山大学附属第一医院/照片/余俐-病理科-主任医师-中山大学附属第一医院.jpg,139270,1d28fa9ce4264b3ce1b30f723920ea77ba7c4510777d223e4251c36fd0543c54,480,480,FULL_FETCH,
刘大伟,https://www.fahsysu.org.cn/node/30447,实采,,https://www.fahsysu.org.cn/sites/1h.prod.sysucloud1.sysu.edu.cn/files/styles/focal_point_480/public/2023-03/%E7%97%85%E7%90%86%E7%A7%91%20%E5%88%98%E5%A4%A7%E4%BC%9F%20%E5%89%AF%E4%B8%BB%E4%BB%BB%E5%8C%BB%E5%B8%88.jpg?itok=XdIgO_el,01_试点医院/中山大学附属第一医院/照片/刘大伟-病理科-副主任医师-中山大学附属第一医院.jpg,152110,822a07d807247feb15d26dc6ef119ad23de931f292688fba7b6686124e9821cc,480,480,FULL_FETCH,
邸宇琴,https://www.fahsysu.org.cn/node/38127,实采,,https://www.fahsysu.org.cn/sites/1h.prod.sysucloud1.sysu.edu.cn/files/styles/focal_point_480/public/2026-03/%E5%88%86%E5%AD%90%E8%AF%8A%E6%96%AD%E4%B8%8E%E5%9F%BA%E5%9B%A0%E6%A3%80%E6%B5%8B%E4%B8%AD%E5%BF%83_%E9%82%B8%E5%AE%87%E7%90%B4_%E5%89%AF%E9%AB%98.jpg?itok=PRKL6c2w,01_试点医院/中山大学附属第一医院/照片/邸宇琴-分子诊断与基因检测中心-副研究员-中山大学附属第一医院.jpg,163072,665431d36727f11e06462329639968f1a714bf94f984f193f946eec9829dd551,480,480,FULL_FETCH,
陈杰,https://www.fahsysu.org.cn/node/30465,实采,,https://www.fahsysu.org.cn/sites/1h.prod.sysucloud1.sysu.edu.cn/files/styles/focal_point_480/public/2023-03/%E9%99%88%E6%9D%B0%E7%85%A7%E7%89%87%EF%BC%88%E4%BF%AE%E6%94%B9%EF%BC%89.jpg?itok=ApQr4LzD,01_试点医院/中山大学附属第一医院/照片/陈杰-药学部-主任药师-中山大学附属第一医院.jpg,105921,5802287890b3e7eaffab2a4920c1e746bba66afd0e71793bb6e678b52a57c899,480,480,FULL_FETCH,
陈攀,https://www.fahsysu.org.cn/node/30466,实采,,https://www.fahsysu.org.cn/sites/1h.prod.sysucloud1.sysu.edu.cn/files/styles/focal_point_480/public/2026-02/%E8%8D%AF%E5%AD%A6%E9%83%A8_%E9%99%88%E6%94%80_%E6%AD%A3%E9%AB%98.jpeg?itok=PjO6Uvrm,01_试点医院/中山大学附属第一医院/照片/陈攀-药学部-主任药师-中山大学附属第一医院.jpg,146935,7061cdb982c91610dc10e3baa72e97b64589028e817d54a36b466fb9fd2deea0,480,480,FULL_FETCH,
黎曙霞,https://www.fahsysu.org.cn/node/5817,实采,,https://www.fahsysu.org.cn/sites/1h.prod.sysucloud1.sysu.edu.cn/files/styles/focal_point_480/public/2023-03/%E9%BB%8E%E6%9B%99%E9%9C%9E%E7%85%A7%E7%89%87%EF%BC%88%E4%BF%AE%E6%94%B9%EF%BC%89.jpg?itok=yBkAaVWA,01_试点医院/中山大学附属第一医院/照片/黎曙霞-药学部-主任药师-中山大学附属第一医院.jpg,129500,beb8627df9e73b2731d1bda5fc74cc56707b306c9b0f0219453e1d90784deda9,480,480,FULL_FETCH,
唐欲博,https://www.fahsysu.org.cn/node/30467,实采,,https://www.fahsysu.org.cn/sites/1h.prod.sysucloud1.sysu.edu.cn/files/styles/focal_point_480/public/2023-03/%E8%8D%AF%E5%AD%A6%E9%83%A8%20%E5%94%90%E6%AC%B2%E5%8D%9A%20%E5%89%AF%E9%AB%98%EF%BC%88%E4%BF%AE%E6%94%B9%EF%BC%89.jpg?itok=vatM4_bk,01_试点医院/中山大学附属第一医院/照片/唐欲博-药学部-副主任药师-中山大学附属第一医院.jpg,97599,9c32ee43f06e0061f9936305a24cfad4c0372c814b67fde69809a834038b8117,480,480,FULL_FETCH,
夏延哲,https://www.fahsysu.org.cn/node/33213,实采,,https://www.fahsysu.org.cn/sites/1h.prod.sysucloud1.sysu.edu.cn/files/styles/focal_point_480/public/2024-05/%E8%8D%AF%E5%AD%A6%E9%83%A8%20%E5%A4%8F%E5%BB%B6%E5%93%B2%20%E5%89%AF%E4%B8%BB%E4%BB%BB%E8%8D%AF%E5%B8%88%20%E4%BF%AE%E6%94%B9%E7%99%BD%E5%BA%95.jpg?itok=TE0BV8hz,01_试点医院/中山大学附属第一医院/照片/夏延哲-药学部-副主任药师-中山大学附属第一医院.jpg,118676,4918b7bf26d2814b117bb77e6224fdc9a45843dc4f6adcb19d44b99987bc68ff,480,480,FULL_FETCH,
曾嘉炜,https://www.fahsysu.org.cn/node/30468,实采,,https://www.fahsysu.org.cn/sites/1h.prod.sysucloud1.sysu.edu.cn/files/styles/focal_point_480/public/2024-08/%E8%8D%AF%E5%AD%A6%E9%83%A8_%E6%9B%BE%E5%98%89%E7%82%9C_%E5%89%AF%E9%AB%98.jpg?itok=dkznPI8t,01_试点医院/中山大学附属第一医院/照片/曾嘉炜-药学部-副主任药师-中山大学附属第一医院.jpg,183810,72979e7adfeb1d0b8a2e229e572555cd9fb7216c942200972451099b2855ed4d,480,480,FULL_FETCH,
赵丽岩,https://www.fahsysu.org.cn/node/30469,失败,详情不可达,,,,,,,FULL_FETCH,"{""detail_http"":200,""detection_feature"":""页面引用唯一 focal_point_480；照片资源不可达；#1 2026-08-18T14:40:07Z HTTP 404 text/html | #2 2026-08-18T14:40:37Z HTTP 404 text/html | #3 2026-08-18T14:41:08Z HTTP 404 text/html"",""excluded_resources"":[],""focal_point_480_reference_count"":1,""observed_utc"":""2026-08-18T14:41:08Z"",""resource_urls"":[""https://www.fahsysu.org.cn/sites/1h.prod.sysucloud1.sysu.edu.cn/files/styles/focal_point_480/public/2023-03/%E8%8D%AF%E5%AD%A6%E9%83%A8%2B%E8%B5%B5%E4%B8%BD%E5%B2%A9%2B%E5%89%AF%E9%AB%98.jpg?itok=u-C5PDZu""],""template_signature"":"".other-left .other-media .media-img[data-image-url]""}"
隋昳,https://www.fahsysu.org.cn/node/29817,实采,,https://www.fahsysu.org.cn/sites/1h.prod.sysucloud1.sysu.edu.cn/files/styles/focal_point_480/public/2022-10/%E9%9A%8B%E6%98%B31x-%E7%99%BD%E5%BA%95_%E7%9C%8B%E5%9B%BE%E7%8E%8B%EF%BC%88%E5%B0%8F%EF%BC%89.jpg?itok=Wl7yMBY0,01_试点医院/中山大学附属第一医院/照片/隋昳-临床营养科-副研究员-中山大学附属第一医院.jpg,179811,5c7f43725d6f61871ed1d015297f577226ca8754513e4a4721d92f4d64e4c99e,480,480,FULL_FETCH,
王妍,https://www.fahsysu.org.cn/node/23548,实采,,https://www.fahsysu.org.cn/sites/1h.prod.sysucloud1.sysu.edu.cn/files/styles/focal_point_480/public/2025-12/%E5%81%A5%E5%BA%B7%E7%AE%A1%E7%90%86%E4%B8%AD%E5%BF%83_%E7%8E%8B%E5%A6%8D_%E5%89%AF%E9%AB%98.jpg?itok=BXXbOgxu,01_试点医院/中山大学附属第一医院/照片/王妍-健康管理中心-副主任医师-中山大学附属第一医院.jpg,155221,fa2431b67e259b0149d0bc75b011bcebcf8d7b762a9432a54d6b21d1539dde0d,480,480,FULL_FETCH,
张亚东,https://www.fahsysu.org.cn/node/25337,实采,,https://www.fahsysu.org.cn/sites/1h.prod.sysucloud1.sysu.edu.cn/files/styles/focal_point_480/public/%E5%BC%A0%E4%BA%9A%E4%B8%9C%20%E7%94%B7%E7%A7%91%20%E5%89%AF%E4%B8%BB%E4%BB%BB%E5%8C%BB%E5%B8%88.jpg?itok=eqPdyz-8,01_试点医院/中山大学附属第一医院/照片/张亚东-健康管理中心-副主任医师-中山大学附属第一医院.jpg,176345,4160f79c0492ea30d5a9e88b0a7e07211392ed0c1cb8b390d10785ded8f938ed,480,480,FULL_FETCH,
何文,https://www.fahsysu.org.cn/node/5540,实采,,https://www.fahsysu.org.cn/sites/1h.prod.sysucloud1.sysu.edu.cn/files/styles/focal_point_480/public/061853.jpg?itok=0EfWNUhE,01_试点医院/中山大学附属第一医院/照片/何文-特需一科（老年病科）-主任医师-中山大学附属第一医院.jpg,189203,206f16629d11131192fd0f5bc7ebb3d4ffbef3a40c8403e426ce938aa29e8371,480,480,FULL_FETCH,
元刚,https://www.fahsysu.org.cn/node/5541,实采,,https://www.fahsysu.org.cn/sites/1h.prod.sysucloud1.sysu.edu.cn/files/styles/focal_point_480/public/110650.jpg?itok=ZxvkJt1V,01_试点医院/中山大学附属第一医院/照片/元刚-特需一科（老年病科）-主任医师-中山大学附属第一医院.jpg,158015,15c51abab480c7c146996d82b8108aca28c4737dbbbda1f7716ae5756f858370,480,480,FULL_FETCH,
劳敏曦,https://www.fahsysu.org.cn/node/25416,实采,,https://www.fahsysu.org.cn/sites/1h.prod.sysucloud1.sysu.edu.cn/files/styles/focal_point_480/public/2026-04/%E5%86%85%E7%A7%91%EF%BC%88%E8%80%81%E5%B9%B4%E5%8C%BB%E5%AD%A6%E7%A7%91_%E7%89%B9%E9%9C%80%E5%8C%BB%E7%96%97%E4%B8%AD%E5%BF%83%EF%BC%89_%E5%8A%B3%E6%95%8F%E6%9B%A6_%E5%89%AF%E9%AB%98.jpg?itok=hWsJRpqx,01_试点医院/中山大学附属第一医院/照片/劳敏曦-特需一科（老年病科）-副主任医师-中山大学附属第一医院.jpg,127668,9064fa43407357a0af20f2aeec4fde070fbb0199da72920f958ef3a83fafb8ea,480,480,FULL_FETCH,
邵奕嘉,https://www.fahsysu.org.cn/node/35681,实采,,https://www.fahsysu.org.cn/sites/1h.prod.sysucloud1.sysu.edu.cn/files/styles/focal_point_480/public/2025-04/%E7%89%B9%E9%9C%80%E4%B8%80%E7%A7%91%EF%BC%88%E8%80%81%E5%B9%B4%E5%8C%BB%E5%AD%A6%E7%A7%91%EF%BC%89_%E9%82%B5%E5%A5%95%E5%98%89-%E5%89%AF%E4%B8%BB%E4%BB%BB%E5%8C%BB%E5%B8%88.jpg?itok=jS83TlBD,01_试点医院/中山大学附属第一医院/照片/邵奕嘉-特需一科（老年病科）-副主任医师-中山大学附属第一医院.jpg,131124,d28273059500a4c035b4ed47eb0ca5c95d83bcd3050c910f305b0a3981aa6975,480,480,FULL_FETCH,
吴芳,https://www.fahsysu.org.cn/node/32703,实采,,https://www.fahsysu.org.cn/sites/1h.prod.sysucloud1.sysu.edu.cn/files/styles/focal_point_480/public/2025-11/%E4%B8%AD%E5%B1%B1%E4%B8%80%E9%99%A2_%E5%90%B4%E8%8A%B3.jpg?itok=UOgJzrRS,01_试点医院/中山大学附属第一医院/照片/吴芳-特需一科（老年病科）-副主任医师-中山大学附属第一医院.jpg,114983,74b7e21a0a565676bbac86fab326c826e7309fe06a037c62dacb9e7c56172617,480,480,FULL_FETCH,
张玲,https://www.fahsysu.org.cn/node/29299,实采,,https://www.fahsysu.org.cn/sites/1h.prod.sysucloud1.sysu.edu.cn/files/styles/focal_point_480/public/2022-06/%E7%89%B9%E9%9C%80%E4%B8%80%E5%8C%BA%EF%BC%88%E8%80%81%E5%B9%B4%E7%97%85%E7%A7%91%EF%BC%89-%E5%BC%A0%E7%8E%B2-%E5%89%AF%E9%AB%98.jpg?itok=aosevhyA,01_试点医院/中山大学附属第一医院/照片/张玲-特需一科（老年病科）-副主任医师-中山大学附属第一医院.jpg,87744,01d66ee73cb52c168f6c9af1ee8714bb70a23c8c6e9d2dd8f795a340ea28f868,480,480,FULL_FETCH,
丁美琳,https://www.fahsysu.org.cn/node/36759,实采,,https://www.fahsysu.org.cn/sites/1h.prod.sysucloud1.sysu.edu.cn/files/styles/focal_point_480/public/2025-09/%E6%99%AE%E5%86%85%E7%A7%91_%E4%B8%81%E7%BE%8E%E7%90%B3.jpg?itok=J7O8uoXX,01_试点医院/中山大学附属第一医院/照片/丁美琳-特需二科-主任医师-中山大学附属第一医院.jpg,122155,c3a09467145d4696b58d85185927c696bff7cd089898a66d755bfb24009448e6,480,480,FULL_FETCH,
李进,https://www.fahsysu.org.cn/node/29070,实采,,https://www.fahsysu.org.cn/sites/1h.prod.sysucloud1.sysu.edu.cn/files/styles/focal_point_480/public/2022-05/%E6%9D%8E%E8%BF%9B%E7%9B%B8%E7%89%87.jpg?itok=rQAU84xM,01_试点医院/中山大学附属第一医院/照片/李进-特需二科-副主任医师-中山大学附属第一医院.jpg,146735,7f806c7988dea6be280341bfa7c1dbecdce645557ea9ffc560f53703a50f75af,480,480,FULL_FETCH,
苏磊,https://www.fahsysu.org.cn/node/25837,实采,,https://www.fahsysu.org.cn/sites/1h.prod.sysucloud1.sysu.edu.cn/files/styles/focal_point_480/public/%E8%80%81%E5%B9%B4%E7%A7%91-%E8%8B%8F%E7%A3%8A-%E5%89%AF%E4%B8%BB%E4%BB%BB%E5%8C%BB%E5%B8%88.jpg?itok=rfsioxyx,01_试点医院/中山大学附属第一医院/照片/苏磊-特需二科-副主任医师-中山大学附属第一医院.jpg,209668,f03e169e8428e46c2b6b91e61af9125856cbf1ff7026441406c248e32ccd0a90,480,480,FULL_FETCH,
陈锡林,https://www.fahsysu.org.cn/node/657,实采,,https://www.fahsysu.org.cn/sites/1h.prod.sysucloud1.sysu.edu.cn/files/styles/focal_point_480/public/115614_0.jpg?itok=eA3Qq10h,01_试点医院/中山大学附属第一医院/照片/陈锡林-特需三科-副主任医师-中山大学附属第一医院.jpg,181887,d2686718bc3225e6f1795710b5a1d528c0e52e14323956e1b76e3b605361132d,480,480,FULL_FETCH,
黄展鹏,https://www.fahsysu.org.cn/node/29542,实采,,https://www.fahsysu.org.cn/sites/1h.prod.sysucloud1.sysu.edu.cn/files/styles/focal_point_480/public/2022-08/%E7%B2%BE%E5%87%86%E5%8C%BB%E5%AD%A6%E7%A0%94%E7%A9%B6%E9%99%A2%20%E9%BB%84%E5%B1%95%E9%B9%8F.jpg?itok=xH1QlOrw,01_试点医院/中山大学附属第一医院/照片/黄展鹏-转化医学研究中心-研究员-中山大学附属第一医院.jpg,145025,148221171000402a1053cce125548bca5278bdf27d628d063b68bb6b7b3b4d4d,480,480,FULL_FETCH,
纪卫东,https://www.fahsysu.org.cn/node/5820,实采,,https://www.fahsysu.org.cn/sites/1h.prod.sysucloud1.sysu.edu.cn/files/styles/focal_point_480/public/040527.jpg?itok=gqDOQPGm,01_试点医院/中山大学附属第一医院/照片/纪卫东-转化医学研究中心-研究员-中山大学附属第一医院.jpg,232256,1aee1aaefe8ba227188820aad0e053d3c0d02ef9e63eda9292b9b47e48fe6afd,480,480,FULL_FETCH,
林水宾,https://www.fahsysu.org.cn/node/5821,实采,,https://www.fahsysu.org.cn/sites/1h.prod.sysucloud1.sysu.edu.cn/files/styles/focal_point_480/public/2024-08/%E6%9E%97%E6%B0%B4%E5%AE%BE_%E4%B8%AD%E5%B1%B1%E5%A4%A7%E5%AD%A6%281%29.png?itok=BE3U3QTU,01_试点医院/中山大学附属第一医院/照片/林水宾-转化医学研究中心-研究员-中山大学附属第一医院.png,229997,82cfe1c8ae931376251e2058df04373b5edd72a7ffba994071f486c49c4e92a2,480,480,FULL_FETCH,
徐彩霞,https://www.fahsysu.org.cn/node/5824,实采,,https://www.fahsysu.org.cn/sites/1h.prod.sysucloud1.sysu.edu.cn/files/styles/focal_point_480/public/040413.jpg?itok=nDLcJcL2,01_试点医院/中山大学附属第一医院/照片/徐彩霞-转化医学研究中心-研究员-中山大学附属第一医院.jpg,131851,eb43bfcfb8349b32fc4655e5aeab626af87b8fa2b0da6811454b593d7e5068d2,480,480,FULL_FETCH,
杨蜀岚,https://www.fahsysu.org.cn/node/5823,实采,,https://www.fahsysu.org.cn/sites/1h.prod.sysucloud1.sysu.edu.cn/files/styles/focal_point_480/public/105943.jpg?itok=DgDcyP4R,01_试点医院/中山大学附属第一医院/照片/杨蜀岚-转化医学研究中心-研究员-中山大学附属第一医院.jpg,167526,4b821a0eb6b758c02f90f31de610ce3fe81de030a458c52c302c750c167922a3,480,480,FULL_FETCH,
邵兰,https://www.fahsysu.org.cn/node/5822,实采,,https://www.fahsysu.org.cn/sites/1h.prod.sysucloud1.sysu.edu.cn/files/styles/focal_point_480/public/035822.jpg?itok=mU1m-Ku7,01_试点医院/中山大学附属第一医院/照片/邵兰-转化医学研究中心-研究员-中山大学附属第一医院.jpg,172213,2b2cd113e50a14a5019db915471ce0449374706465f57e4f41cecb1210c1c824,480,480,FULL_FETCH,
王子洋,https://www.fahsysu.org.cn/node/38111,实采,,https://www.fahsysu.org.cn/sites/1h.prod.sysucloud1.sysu.edu.cn/files/styles/focal_point_480/public/2026-03/%E8%BD%AC%E5%8C%96%E5%8C%BB%E5%AD%A6%E7%A0%94%E7%A9%B6%E4%B8%AD%E5%BF%83_%E7%8E%8B%E5%AD%90%E6%B4%8B_%E5%89%AF%E9%AB%98.jpg?itok=PNkqmbYb,01_试点医院/中山大学附属第一医院/照片/王子洋-转化医学研究中心-副研究员-中山大学附属第一医院.jpg,155016,201ec1689347f17a0a30c2a5dbcd9230b460b0d613f2594e0de857a3f0b9b9a8,480,480,FULL_FETCH,
张灿峰,https://www.fahsysu.org.cn/node/38122,实采,,https://www.fahsysu.org.cn/sites/1h.prod.sysucloud1.sysu.edu.cn/files/styles/focal_point_480/public/2026-03/%E8%BD%AC%E5%8C%96%E5%8C%BB%E5%AD%A6%E7%A0%94%E7%A9%B6%E4%B8%AD%E5%BF%83_%E5%BC%A0%E7%81%BF%E5%B3%B0_%E5%89%AF%E7%A0%94%E7%A9%B6%E5%91%98.jpg?itok=IxrdHnnh,01_试点医院/中山大学附属第一医院/照片/张灿峰-转化医学研究中心-副研究员-中山大学附属第一医院.jpg,136315,fe3f7c090a59a41504a4d4a35301180ec8fc1dc7718fcbd8e5c1256a598f5d06,480,480,FULL_FETCH,
