姓名,来源链接,状态,失败三态,照片链接,照片文件,字节数,SHA-256,宽,高,错误证据
医学教育,https://www.sysucc.org.cn/taxonomy/term/267,不适用,,,,,,,,来源非医生详情页，照片不适用
张玉晶,https://www.sysucc.org.cn/node/1664,实采,,https://www.sysucc.org.cn/sites/cc.prod.sysucloud2.sysu.edu.cn/files/styles/media_2_3_400_600/public/2023-03/zhangyujing-flk-202303.jpg?itok=qKl-dvbf,01_试点医院/中山大学肿瘤防治中心/照片/张玉晶-未标注-未标注-中山大学肿瘤防治中心.jpg,187622,d535a3de0a295263257412edd98e598cbd6963b693c7df4c1598a8c5e5537145,400,600,
丘惠娟,https://www.sysucc.org.cn/node/3768,实采,,https://www.sysucc.org.cn/sites/cc.prod.sysucloud2.sysu.edu.cn/files/styles/media_2_3_400_600/public/2023-04/qiuhuijuan-zyk-202304.jpg?itok=StUSWZpM,01_试点医院/中山大学肿瘤防治中心/照片/丘惠娟-中医科-副主任医师-中山大学肿瘤防治中心.jpg,188222,714dfe170f00245033f9210f89e971819e35a983b7391d802f7fdf3434edf115,400,600,
张蓓,https://www.sysucc.org.cn/node/3773,实采,,https://www.sysucc.org.cn/sites/cc.prod.sysucloud2.sysu.edu.cn/files/styles/media_2_3_400_600/public/2023-03/zhangbei-zhzyk-202303.jpg?itok=pjLX1l1m,01_试点医院/中山大学肿瘤防治中心/照片/张蓓-中医科-主任医师-中山大学肿瘤防治中心.jpg,162778,d31a996e2d5d53095c2200ef8ae992ec0501244d1b598d81d2a5f3cffcc78ceb,400,600,
戎煜明,https://www.sysucc.org.cn/node/3776,实采,,https://www.sysucc.org.cn/sites/cc.prod.sysucloud2.sysu.edu.cn/files/styles/media_2_3_400_600/public/2023-04/rongliming-zyk-202304.jpg?itok=o7AixnT0,01_试点医院/中山大学肿瘤防治中心/照片/戎煜明-中医科-副主任医师-中山大学肿瘤防治中心.jpg,207149,8c1e5d495e66c0be3618895e8312875f286c7eacec0b1eba64b1530388dc4252,400,600,
柯斌,https://www.sysucc.org.cn/node/3777,实采,,https://www.sysucc.org.cn/sites/cc.prod.sysucloud2.sysu.edu.cn/files/styles/media_2_3_400_600/public/2023-04/kebin-zyk-202304.jpg?itok=4M5749SP,01_试点医院/中山大学肿瘤防治中心/照片/柯斌-中医科-主任医师-中山大学肿瘤防治中心.jpg,205360,4722a5937cd3c9c5a3dda1cb4af9c9ed09e2e622869e7a57af625c35a385d6fb,400,600,
欧阳华强,https://www.sysucc.org.cn/node/6681,实采,,https://www.sysucc.org.cn/sites/cc.prod.sysucloud2.sysu.edu.cn/files/styles/media_2_3_400_600/public/2023-12/%E6%AC%A7%E9%98%B3%E5%8D%8E%E5%BC%BA..png?itok=35OEukLh,01_试点医院/中山大学肿瘤防治中心/照片/欧阳华强-中医科-副主任医师-中山大学肿瘤防治中心.png,233372,d7af0dddb9e6305db58f35481f7b634222ed33d1720b5ba1a0de1548f7ffbc4d,400,600,
范腾,https://www.sysucc.org.cn/node/8022,实采,,https://www.sysucc.org.cn/sites/cc.prod.sysucloud2.sysu.edu.cn/files/styles/media_2_3_400_600/public/2024-04/%E8%8C%83%E8%85%BEV2.png?itok=bogfpJYa,01_试点医院/中山大学肿瘤防治中心/照片/范腾-中医科-副主任医师-中山大学肿瘤防治中心.png,219160,98f7f25bdec482ec4210fedfa521cb52bdea92af46c75cf45472ee5b2572b08f,400,600,
阚钧,https://www.sysucc.org.cn/node/6488,实采,,https://www.sysucc.org.cn/sites/cc.prod.sysucloud2.sysu.edu.cn/files/styles/media_2_3_400_600/public/2023-07/3.png?itok=5Cu2aOiG,01_试点医院/中山大学肿瘤防治中心/照片/阚钧-中医科-副主任医师-中山大学肿瘤防治中心.png,177244,e5eee3ce361e089b07027cc039f9433129205b34fc52a7435e0c0fb39ff4b47f,400,600,
陈平,https://www.sysucc.org.cn/node/3778,实采,,https://www.sysucc.org.cn/sites/cc.prod.sysucloud2.sysu.edu.cn/files/styles/media_2_3_400_600/public/2026-06/%E9%99%88%E5%B9%B3.png?itok=vVF40yPS,01_试点医院/中山大学肿瘤防治中心/照片/陈平-中医科-副主任医师-中山大学肿瘤防治中心.png,292419,b7075a237beb4262a3c58e3a1bb87ce8c5bde780ffbc05dcbeb45d97d3b1c6dc,400,600,
陈徐贤,https://www.sysucc.org.cn/node/3774,实采,,https://www.sysucc.org.cn/sites/cc.prod.sysucloud2.sysu.edu.cn/files/styles/media_2_3_400_600/public/2023-04/chenxuxian-zyk-202304.jpg?itok=zeVeyMIM,01_试点医院/中山大学肿瘤防治中心/照片/陈徐贤-中医科-副主任医师-中山大学肿瘤防治中心.jpg,184717,3a551e8968757e6e2a19c233380710573cfa80aa01d9bbdc009a0a86caa85573,400,600,
黄国贤,https://www.sysucc.org.cn/node/3775,实采,,https://www.sysucc.org.cn/sites/cc.prod.sysucloud2.sysu.edu.cn/files/styles/media_2_3_400_600/public/2023-04/huangguoxian-zyk-202304.jpg?itok=DMMS5VBi,01_试点医院/中山大学肿瘤防治中心/照片/黄国贤-中医科-主任医师-中山大学肿瘤防治中心.jpg,190573,2914394beda0a0ef6f01cd7404baef512de4cd7b947b7a55e3f64bb7a7de429c,400,600,
黄圆圆,https://www.sysucc.org.cn/node/3769,实采,,https://www.sysucc.org.cn/sites/cc.prod.sysucloud2.sysu.edu.cn/files/styles/media_2_3_400_600/public/2025-04/%E9%BB%84%E5%9C%86%E5%9C%86.jpg?itok=GKIw1l2j,01_试点医院/中山大学肿瘤防治中心/照片/黄圆圆-中医科-主任医师-中山大学肿瘤防治中心.png,196241,587e10726ff648ff18901d42d7231f3f6b1f5d4d468bfc5007f3d740ee7de3ad,400,600,
黄金圣,https://www.sysucc.org.cn/node/3779,实采,,https://www.sysucc.org.cn/sites/cc.prod.sysucloud2.sysu.edu.cn/files/styles/media_2_3_400_600/public/2023-04/huangjinsheng-zyk-202304.jpg?itok=0NlIBU9K,01_试点医院/中山大学肿瘤防治中心/照片/黄金圣-中医科-副主任医师-中山大学肿瘤防治中心.jpg,201678,e955e8b1365a1dcb1bb1499d6c49a8edafde4b9a963aae90fc08c842f7fa8aae,400,600,
叶文锋,https://www.sysucc.org.cn/node/3927,实采,,https://www.sysucc.org.cn/sites/cc.prod.sysucloud2.sysu.edu.cn/files/styles/media_2_3_400_600/public/import_images/UploadFiles/expert/prouct_2014_1_22_SVU7CU3Q.jpg?itok=gvPl8eKM,01_试点医院/中山大学肿瘤防治中心/照片/叶文锋-临床营养科-副主任医师-中山大学肿瘤防治中心.jpg,110986,c7083325fd0e6d82ce8def6cf57b5ed38da9f4682815208bd556a875ac4bab7e,400,600,
吴锡文,https://www.sysucc.org.cn/node/12740,实采,,https://www.sysucc.org.cn/sites/cc.prod.sysucloud2.sysu.edu.cn/files/styles/media_2_3_400_600/public/2026-05/%E5%90%B4%E9%94%A1%E6%96%87.jpg?itok=i2dpTSNg,01_试点医院/中山大学肿瘤防治中心/照片/吴锡文-临床营养科-副主任医师-中山大学肿瘤防治中心.jpg,222682,d70b9799fcdb36458b48837e547bacf56774c5432055b1c7c565b3297b61fbc7,400,600,
韩宏裕,https://www.sysucc.org.cn/node/3928,实采,,https://www.sysucc.org.cn/sites/cc.prod.sysucloud2.sysu.edu.cn/files/styles/media_2_3_400_600/public/import_images/UploadFiles/expert/prouct_2014_1_22_YN2POQHO.jpg?itok=tj2zuhLL,01_试点医院/中山大学肿瘤防治中心/照片/韩宏裕-临床营养科-主任医师-中山大学肿瘤防治中心.jpg,178772,e6c022d6b5f34331abb37b9cd1a61731f919848a58cf7d606dc731acaf2de4f6,400,600,
肖祥胜,https://www.sysucc.org.cn/node/3741,实采,,https://www.sysucc.org.cn/sites/cc.prod.sysucloud2.sysu.edu.cn/files/styles/media_2_3_400_600/public/2023-03/xiaoxiangsheng-rxk-202303.jpg?itok=j6jXKHro,01_试点医院/中山大学肿瘤防治中心/照片/肖祥胜-乳腺科-主任医师-中山大学肿瘤防治中心.jpg,182065,d184329d6212df4da9d70f8f2a83308ba2171d9207ea45c3bf8a2713a4e5946d,400,600,
刘鹏,https://www.sysucc.org.cn/node/3742,实采,,https://www.sysucc.org.cn/sites/cc.prod.sysucloud2.sysu.edu.cn/files/styles/media_2_3_400_600/public/2023-04/liupeng-rxk-202304.jpg?itok=viWCt7S0,01_试点医院/中山大学肿瘤防治中心/照片/刘鹏-乳腺科-主任医师-中山大学肿瘤防治中心.jpg,226582,d18ed20fe78a27b3ff6089e516bc8025e865f6d04e0b4d1cb75e6e93a6914213,400,600,
双泽宇,https://www.sysucc.org.cn/node/3746,实采,,https://www.sysucc.org.cn/sites/cc.prod.sysucloud2.sysu.edu.cn/files/styles/media_2_3_400_600/public/2023-03/shuangzeyu-rxk-202303.jpg?itok=i0pTouRG,01_试点医院/中山大学肿瘤防治中心/照片/双泽宇-乳腺科-副主任医师-中山大学肿瘤防治中心.jpg,172710,15e115ab42920a8a54cd486bd549b2b243cb07efc483eeb32fa356c57c12a747,400,600,
叶锋,https://www.sysucc.org.cn/node/6565,失败,详情不可达,,,,,,,照片资源 HTTP 404
吴浩,https://www.sysucc.org.cn/node/8129,实采,,https://www.sysucc.org.cn/sites/cc.prod.sysucloud2.sysu.edu.cn/files/styles/media_2_3_400_600/public/2024-05/%E5%90%B4%E6%B5%A9V2.jpg?itok=iFiH0ROr,01_试点医院/中山大学肿瘤防治中心/照片/吴浩-乳腺科-副主任医师-中山大学肿瘤防治中心.jpg,189167,cf6c1a9298c2923d76e700a7b8d5b9bd10102aff415307755e020c118b13749e,400,600,
唐军,https://www.sysucc.org.cn/node/3738,实采,,https://www.sysucc.org.cn/sites/cc.prod.sysucloud2.sysu.edu.cn/files/styles/media_2_3_400_600/public/2023-03/tangjun-rxk-202303.jpg?itok=i5UPRKKH,01_试点医院/中山大学肿瘤防治中心/照片/唐军-乳腺科-主任医师-中山大学肿瘤防治中心.jpg,167691,60883fa5565dda8d082652435fea1777f20af76f87ad78bcb0d1b96ec069a4e8,400,600,
孔亚楠,https://www.sysucc.org.cn/node/3745,实采,,https://www.sysucc.org.cn/sites/cc.prod.sysucloud2.sysu.edu.cn/files/styles/media_2_3_400_600/public/2023-03/kongyanan-rxk-202303.jpg?itok=UpfszPlm,01_试点医院/中山大学肿瘤防治中心/照片/孔亚楠-乳腺科-主任医师-中山大学肿瘤防治中心.jpg,163762,b9d1fcd5e625d93bc42b08597a977e5ab363e1a49145fc391bf898d5acf82686,400,600,
李宁,https://www.sysucc.org.cn/node/3748,实采,,https://www.sysucc.org.cn/sites/cc.prod.sysucloud2.sysu.edu.cn/files/styles/media_2_3_400_600/public/2023-03/lining-rxk-202303.jpg?itok=24uEQEPl,01_试点医院/中山大学肿瘤防治中心/照片/李宁-乳腺科-副主任医师-中山大学肿瘤防治中心.jpg,173739,fe442a78717b021de37a170ab19555b9020f0c3af41d9c9068dff3e7447926e9,400,600,
李星,https://www.sysucc.org.cn/node/3749,实采,,https://www.sysucc.org.cn/sites/cc.prod.sysucloud2.sysu.edu.cn/files/styles/media_2_3_400_600/public/2024-12/%E6%9D%8E%E6%98%9FV1.png?itok=krHQoBuN,01_试点医院/中山大学肿瘤防治中心/照片/李星-乳腺科-副主任医师-中山大学肿瘤防治中心.png,163292,67872b9df29e20d40f4ed9eb3d19730f073a55d7c8186f181cfa9faefc313e9d,400,600,
杨安力,https://www.sysucc.org.cn/node/3747,实采,,https://www.sysucc.org.cn/sites/cc.prod.sysucloud2.sysu.edu.cn/files/styles/media_2_3_400_600/public/2023-03/yanganli-rxk-202303_0.jpg?itok=yeOTr7AE,01_试点医院/中山大学肿瘤防治中心/照片/杨安力-乳腺科-副主任医师-中山大学肿瘤防治中心.jpg,183418,97cead01ba5bcaa778df23f2bfced35fc24fbdd8d813ddd2a3e0f153b3acb996,400,600,
梁格豪,https://www.sysucc.org.cn/node/9759,实采,,https://www.sysucc.org.cn/sites/cc.prod.sysucloud2.sysu.edu.cn/files/styles/media_2_3_400_600/public/2025-04/%E6%A2%81%E6%A0%BC%E8%B1%AA.jpg?itok=_tNtPSmN,01_试点医院/中山大学肿瘤防治中心/照片/梁格豪-乳腺科-副主任医师-中山大学肿瘤防治中心.jpg,107785,22521aee92de0f3a9a8c20c2bbe4bf828dc2f229e267fb4bfe67ec0c2f349041,400,600,
熊震充,https://www.sysucc.org.cn/node/8487,实采,,https://www.sysucc.org.cn/sites/cc.prod.sysucloud2.sysu.edu.cn/files/styles/media_2_3_400_600/public/2025-06/%E7%86%8A%E9%9C%87%E5%85%85.jpg?itok=LTMyyHbV,01_试点医院/中山大学肿瘤防治中心/照片/熊震充-乳腺科-副主任医师-中山大学肿瘤防治中心.jpg,127040,a73822bfc705e31533047288b21ed89b04d23a0469fdc44ed023bbd2ec2d298b,400,600,
王曦,https://www.sysucc.org.cn/node/3737,实采,,https://www.sysucc.org.cn/sites/cc.prod.sysucloud2.sysu.edu.cn/files/styles/media_2_3_400_600/public/2023-03/wangxi-rxk-202303.jpg?itok=ZGIh1zWO,01_试点医院/中山大学肿瘤防治中心/照片/王曦-乳腺科-主任医师-中山大学肿瘤防治中心.jpg,172196,52b37cde74666375bcdf08bf0626db149dd00573abedff077abf9646eb7975ca,400,600,
王瑾,https://www.sysucc.org.cn/node/3743,实采,,https://www.sysucc.org.cn/sites/cc.prod.sysucloud2.sysu.edu.cn/files/styles/media_2_3_400_600/public/2023-03/wangjin-rxk-202303.jpg?itok=a-tIMk_T,01_试点医院/中山大学肿瘤防治中心/照片/王瑾-乳腺科-主任医师-中山大学肿瘤防治中心.jpg,222964,8288e4ffa1c79f7fd52d802a6b7f8778d116f2e04db315f7f8ed4086849de0bc,400,600,
谢小明,https://www.sysucc.org.cn/node/3736,实采,,https://www.sysucc.org.cn/sites/cc.prod.sysucloud2.sysu.edu.cn/files/styles/media_2_3_400_600/public/2023-03/xiexiaoming-rxk-202303.jpg?itok=YPkVQMPP,01_试点医院/中山大学肿瘤防治中心/照片/谢小明-乳腺科-主任医师-中山大学肿瘤防治中心.jpg,202100,024321267a47d672d9034ef75f191942a188d7b271ff8428b4a64033d00f6c58,400,600,
谢新华,https://www.sysucc.org.cn/node/3744,实采,,https://www.sysucc.org.cn/sites/cc.prod.sysucloud2.sysu.edu.cn/files/styles/media_2_3_400_600/public/2023-03/xiexinhua-rxk-202303.jpg?itok=pOMnK3kl,01_试点医院/中山大学肿瘤防治中心/照片/谢新华-乳腺科-主任医师-中山大学肿瘤防治中心.jpg,185311,12406400adcc5a0199bd7f4ffcfca4526f6de21bd820c9bc80543acd02af3600,400,600,
韦尉东,https://www.sysucc.org.cn/node/3740,实采,,https://www.sysucc.org.cn/sites/cc.prod.sysucloud2.sysu.edu.cn/files/styles/media_2_3_400_600/public/import_images/UploadFiles/expert/prouct_2014_6_27_NXMVXWBC.jpg?itok=f9oZyd1v,01_试点医院/中山大学肿瘤防治中心/照片/韦尉东-乳腺科-主任医师-中山大学肿瘤防治中心.jpg,122847,59fab8e6489b06869763e81202706d72023d0299623a41d64bfe6a97f3f5a072,400,600,
孙斐斐,https://www.sysucc.org.cn/node/3805,实采,,https://www.sysucc.org.cn/sites/cc.prod.sysucloud2.sysu.edu.cn/files/styles/media_2_3_400_600/public/2023-03/sunfeifei-etzlk-202303.jpg?itok=gxwpKNbR,01_试点医院/中山大学肿瘤防治中心/照片/孙斐斐-儿童肿瘤科-副主任医师-中山大学肿瘤防治中心.jpg,211636,ab60f05bbdef57ce92665153df74c2478f14f826cccc68ec623f0dd4be7bf53f,400,600,
张翼鷟,https://www.sysucc.org.cn/node/3800,实采,,https://www.sysucc.org.cn/sites/cc.prod.sysucloud2.sysu.edu.cn/files/styles/media_2_3_400_600/public/2023-03/zhangyizhuo-etzlk-202303.jpg?itok=6w-up3rS,01_试点医院/中山大学肿瘤防治中心/照片/张翼鷟-儿童肿瘤科-主任医师-中山大学肿瘤防治中心.jpg,208499,e0678a83043c6d89f2110554562713370b331e69f602fadd870aabbfacc48e24,400,600,
朱佳,https://www.sysucc.org.cn/node/3802,实采,,https://www.sysucc.org.cn/sites/cc.prod.sysucloud2.sysu.edu.cn/files/styles/media_2_3_400_600/public/2023-03/zhujia-etzlk-202303.jpg?itok=rHxgNPHF,01_试点医院/中山大学肿瘤防治中心/照片/朱佳-儿童肿瘤科-副主任医师-中山大学肿瘤防治中心.jpg,186066,4712418ceeaac60323149225fe30288d9f4789c49545a9211b273eb03750dc14,400,600,
王娟,https://www.sysucc.org.cn/node/3806,实采,,https://www.sysucc.org.cn/sites/cc.prod.sysucloud2.sysu.edu.cn/files/styles/media_2_3_400_600/public/2023-03/wangjuan-etzlk-202303.jpg?itok=_xxRG7S-,01_试点医院/中山大学肿瘤防治中心/照片/王娟-儿童肿瘤科-副主任医师-中山大学肿瘤防治中心.jpg,209985,3af8a78904b5086b8608dc28f511ba515a2b5fce755067e6e480aab474258677,400,600,
甄子俊,https://www.sysucc.org.cn/node/3801,实采,,https://www.sysucc.org.cn/sites/cc.prod.sysucloud2.sysu.edu.cn/files/styles/media_2_3_400_600/public/2023-03/zhenzijun-etzlk-202303.jpg?itok=x8w5IX7N,01_试点医院/中山大学肿瘤防治中心/照片/甄子俊-儿童肿瘤科-主任医师-中山大学肿瘤防治中心.jpg,166530,11d7729b07ac811e3072729ce5a82019e8ff3f2532c5035f9e71a80742833ede,400,600,
路素英,https://www.sysucc.org.cn/node/3803,实采,,https://www.sysucc.org.cn/sites/cc.prod.sysucloud2.sysu.edu.cn/files/styles/media_2_3_400_600/public/2023-03/lusuying-etzlk-202303.jpg?itok=84kaxEOH,01_试点医院/中山大学肿瘤防治中心/照片/路素英-儿童肿瘤科-副主任医师-中山大学肿瘤防治中心.jpg,210085,ac18583c2c80199f6802a159b1a91de9be2940bf80a891c086449cb8512919be,400,600,
阙旖,https://www.sysucc.org.cn/node/3804,实采,,https://www.sysucc.org.cn/sites/cc.prod.sysucloud2.sysu.edu.cn/files/styles/media_2_3_400_600/public/2026-03/%E9%98%99%E6%97%96.jpg?itok=TWBa3zqV,01_试点医院/中山大学肿瘤防治中心/照片/阙旖-儿童肿瘤科-副主任医师-中山大学肿瘤防治中心.jpg,184553,4ed2ff87193cb94de3970781b15c3e5e1a104339690a6f6bcebaa839095fa88c,400,600,
任超,https://www.sysucc.org.cn/node/1515,实采,,https://www.sysucc.org.cn/sites/cc.prod.sysucloud2.sysu.edu.cn/files/styles/media_2_3_400_600/public/2023-04/renchao-nk-202304.jpg?itok=cSsSjof8,01_试点医院/中山大学肿瘤防治中心/照片/任超-内科-副主任医师-中山大学肿瘤防治中心.jpg,187799,5f2eb332698a549773f1355b60ef3d7505665586e2f6989d4dbb0193e16d1742,400,600,
何明明,https://www.sysucc.org.cn/node/1519,实采,,https://www.sysucc.org.cn/sites/cc.prod.sysucloud2.sysu.edu.cn/files/styles/media_2_3_400_600/public/2024-12/%E4%BD%95%E6%98%8E%E6%98%8E%EF%BC%88%E8%A3%81%E5%89%AA%EF%BC%89.jpg?itok=d7agcIhA,01_试点医院/中山大学肿瘤防治中心/照片/何明明-内科-副主任医师-中山大学肿瘤防治中心.jpg,176652,5ed4f8f255e03a1ab9bf7ea85707e2000607406155b03e7722fd0df6b45c7093,400,600,
侯雪,https://www.sysucc.org.cn/node/1501,实采,,https://www.sysucc.org.cn/sites/cc.prod.sysucloud2.sysu.edu.cn/files/styles/media_2_3_400_600/public/2024-12/12.10%20%E4%BE%AF%E9%9B%AA.JPG?itok=rndCETgD,01_试点医院/中山大学肿瘤防治中心/照片/侯雪-内科-主任医师-中山大学肿瘤防治中心.jpg,206461,b547df02ded885bb336aeb570815d1ce6329bd5c0b684f1e8a6e4365fc10a095,400,600,
关文龙,https://www.sysucc.org.cn/node/6099,实采,,https://www.sysucc.org.cn/sites/cc.prod.sysucloud2.sysu.edu.cn/files/styles/media_2_3_400_600/public/2023-04/guanwenlong-nk-202304_0.jpg?itok=Fiwu6nJC,01_试点医院/中山大学肿瘤防治中心/照片/关文龙-内科-副主任医师-中山大学肿瘤防治中心.jpg,191252,70049393cb5d03644316b49c295de05d015e24aedb87d3df09989d91beb65e7f,400,600,
刘俊玲,https://www.sysucc.org.cn/node/1495,实采,,https://www.sysucc.org.cn/sites/cc.prod.sysucloud2.sysu.edu.cn/files/styles/media_2_3_400_600/public/2023-04/liujunling-nk-202304.jpg?itok=S6fQrtzB,01_试点医院/中山大学肿瘤防治中心/照片/刘俊玲-内科-副主任医师-中山大学肿瘤防治中心.jpg,159013,2f3e09d4b61dc089da6518db53bf418f7b863beace6122acc5b5bd604f54ac40,400,600,
刘盼盼,https://www.sysucc.org.cn/node/1504,实采,,https://www.sysucc.org.cn/sites/cc.prod.sysucloud2.sysu.edu.cn/files/styles/media_2_3_400_600/public/2023-04/liupanpan-nk-202304.jpg?itok=zr0kuylw,01_试点医院/中山大学肿瘤防治中心/照片/刘盼盼-内科-主任医师-中山大学肿瘤防治中心.jpg,213978,e2b24241833f4da727e9b230db38d01bd137963ffc16869594d52ce3b6f01989,400,600,
史艳侠,https://www.sysucc.org.cn/node/1477,实采,,https://www.sysucc.org.cn/sites/cc.prod.sysucloud2.sysu.edu.cn/files/styles/media_2_3_400_600/public/2023-03/shiyanxia-nk-202303.jpg?itok=lMpUtcBk,01_试点医院/中山大学肿瘤防治中心/照片/史艳侠-内科-主任医师-中山大学肿瘤防治中心.jpg,205898,de710d8a5dbc83a83e56343cddb2080d9b3666f761bc2794cc89e3d4a5de602e,400,600,
周华强,https://www.sysucc.org.cn/node/8018,实采,,https://www.sysucc.org.cn/sites/cc.prod.sysucloud2.sysu.edu.cn/files/styles/media_2_3_400_600/public/2024-04/4.30%20%E5%91%A8%E5%8D%8E%E5%BC%BA.jpg?itok=73x_n8J3,01_试点医院/中山大学肿瘤防治中心/照片/周华强-内科-副主任医师-中山大学肿瘤防治中心.jpg,178016,180fa196c7db7893f565237b93090caebacb93f095d4bd43b28b19a389480b1c,400,600,
周婷,https://www.sysucc.org.cn/node/1520,实采,,https://www.sysucc.org.cn/sites/cc.prod.sysucloud2.sysu.edu.cn/files/styles/media_2_3_400_600/public/2023-04/zhouting-nk-202304.jpg?itok=iHtTltgn,01_试点医院/中山大学肿瘤防治中心/照片/周婷-内科-副主任医师-中山大学肿瘤防治中心.jpg,198529,aa4e35152af2e08bdac55c05701a86b310b6fc215dad18293058e0bbe638b843,400,600,
周宁宁,https://www.sysucc.org.cn/node/1488,实采,,https://www.sysucc.org.cn/sites/cc.prod.sysucloud2.sysu.edu.cn/files/styles/media_2_3_400_600/public/2023-04/zhouningning-nk-202304.jpg?itok=FhhUTR0u,01_试点医院/中山大学肿瘤防治中心/照片/周宁宁-内科-主任医师-中山大学肿瘤防治中心.jpg,175791,50c544e14a4e9be2c6e34d8c7e99e641b551d865dd284bf09ee46deab96eaeec,400,600,
夏奕,https://www.sysucc.org.cn/node/1492,实采,,https://www.sysucc.org.cn/sites/cc.prod.sysucloud2.sysu.edu.cn/files/styles/media_2_3_400_600/public/2023-03/xiayi-nk-202303.jpg?itok=OU77vE9k,01_试点医院/中山大学肿瘤防治中心/照片/夏奕-内科-主任医师-中山大学肿瘤防治中心.jpg,167694,c6aeed1f41ca7600c569b0c8dad0cb319e914288297f90f82216319d0e6f2f2e,400,600,
夏雯,https://www.sysucc.org.cn/node/1506,实采,,https://www.sysucc.org.cn/sites/cc.prod.sysucloud2.sysu.edu.cn/files/styles/media_2_3_400_600/public/2023-04/xiawen-nk-202304.jpg?itok=cDcJaBPN,01_试点医院/中山大学肿瘤防治中心/照片/夏雯-内科-主任医师-中山大学肿瘤防治中心.jpg,220363,7c17ee0062b4b73f412ba6083bb4e4688ba249336fad091d150b279578258e8a,400,600,
孙鹏,https://www.sysucc.org.cn/node/1513,实采,,https://www.sysucc.org.cn/sites/cc.prod.sysucloud2.sysu.edu.cn/files/styles/media_2_3_400_600/public/2023-04/sunpeng-nk-202304.jpg?itok=xU9tFSWB,01_试点医院/中山大学肿瘤防治中心/照片/孙鹏-内科-副主任医师-中山大学肿瘤防治中心.jpg,170288,3bd82e26227761068b0cc8b476d06f72bfa3a5ba411f0bdc9a5109f5ea0fde75,400,600,
安欣,https://www.sysucc.org.cn/node/1503,实采,,https://www.sysucc.org.cn/sites/cc.prod.sysucloud2.sysu.edu.cn/files/styles/media_2_3_400_600/public/2025-11/%E5%AE%89%E6%AC%A3V3.png?itok=OozbLLsm,01_试点医院/中山大学肿瘤防治中心/照片/安欣-内科-主任医师-中山大学肿瘤防治中心.png,160916,db54a92e09fc4721c25b2a9f3f27816723960f813fd367b08b5d7d8d8cff9bfe,400,600,
张东生,https://www.sysucc.org.cn/node/1481,实采,,https://www.sysucc.org.cn/sites/cc.prod.sysucloud2.sysu.edu.cn/files/styles/media_2_3_400_600/public/2023-03/zhangdongsheng-nk-202303.jpg?itok=HhSCw5st,01_试点医院/中山大学肿瘤防治中心/照片/张东生-内科-主任医师-中山大学肿瘤防治中心.jpg,186567,f6cfec0273267b66215ce0b37ef79f00117e0ac3e6fdefcc0b323f9bf465e82f,400,600,
张亚雄,https://www.sysucc.org.cn/node/1639,实采,,https://www.sysucc.org.cn/sites/cc.prod.sysucloud2.sysu.edu.cn/files/styles/media_2_3_400_600/public/2023-04/zhangyaxiong-nk-202304.jpg?itok=fk3v9EyE,01_试点医院/中山大学肿瘤防治中心/照片/张亚雄-内科-副主任医师-中山大学肿瘤防治中心.jpg,205660,13e8b205d49e289fd98df831643796ac758b91a649137069a028b2afa148a7de,400,600,
张力,https://www.sysucc.org.cn/node/1474,实采,,https://www.sysucc.org.cn/sites/cc.prod.sysucloud2.sysu.edu.cn/files/styles/media_2_3_400_600/public/2023-03/zhangli-nk-202303.jpg?itok=GBtWp2vK,01_试点医院/中山大学肿瘤防治中心/照片/张力-内科-主任医师-中山大学肿瘤防治中心.jpg,197988,a4a0c73512ab0de0059c1fb6aaca524d19f111dd486c4c71c66e93d02b543721,400,600,
张玄烨,https://www.sysucc.org.cn/node/1511,实采,,https://www.sysucc.org.cn/sites/cc.prod.sysucloud2.sysu.edu.cn/files/styles/media_2_3_400_600/public/2023-04/zhangxuanye-nk-202304.jpg?itok=I70iiALt,01_试点医院/中山大学肿瘤防治中心/照片/张玄烨-内科-副主任医师-中山大学肿瘤防治中心.jpg,192544,4a97d06ad084ca580446328234e9eab2c7b33f936fcb729079ebb64d54576b43,400,600,
张阳,https://www.sysucc.org.cn/node/6899,实采,,https://www.sysucc.org.cn/sites/cc.prod.sysucloud2.sysu.edu.cn/files/styles/media_2_3_400_600/public/2025-02/%E5%BC%A0%E9%98%B3.jpg?itok=Vix2iEOh,01_试点医院/中山大学肿瘤防治中心/照片/张阳-内科-副主任医师-中山大学肿瘤防治中心.jpg,181957,08935fb6c87546eeb503491971d14e2d230c1eb8ed17b6da778468f678611581,400,600,
徐瑞华,https://www.sysucc.org.cn/node/1473,实采,,https://www.sysucc.org.cn/sites/cc.prod.sysucloud2.sysu.edu.cn/files/styles/media_2_3_400_600/public/2023-03/xuruihua-nk-202303.jpg?itok=hHtqxyXi,01_试点医院/中山大学肿瘤防治中心/照片/徐瑞华-内科-教授-中山大学肿瘤防治中心.jpg,165464,0e621e02c807f3e65829ed36154e9c785307a0709fe78fb9508b4034571be2a8,400,600,
徐菲,https://www.sysucc.org.cn/node/1496,实采,,https://www.sysucc.org.cn/sites/cc.prod.sysucloud2.sysu.edu.cn/files/styles/media_2_3_400_600/public/2023-04/xufei-nk-202304.jpg?itok=wb4QT5Ql,01_试点医院/中山大学肿瘤防治中心/照片/徐菲-内科-主任医师-中山大学肿瘤防治中心.jpg,171721,13a6cb7b7134c98a5ec91772df12adf56b91089c81c718fc1435e3d4469bf7db,400,600,
方文峰,https://www.sysucc.org.cn/node/1489,实采,,https://www.sysucc.org.cn/sites/cc.prod.sysucloud2.sysu.edu.cn/files/styles/media_2_3_400_600/public/2026-01/%E6%96%B9%E6%96%87%E5%B3%B0V1.jpg?itok=FZ2M6HrZ,01_试点医院/中山大学肿瘤防治中心/照片/方文峰-内科-主任医师-中山大学肿瘤防治中心.jpg,98791,ac92ec0d7e8d4ee82b41ea12aad9cfea872aed8758f09266da7c941f27976e2b,400,600,
李宇红,https://www.sysucc.org.cn/node/1482,实采,,https://www.sysucc.org.cn/sites/cc.prod.sysucloud2.sysu.edu.cn/files/styles/media_2_3_400_600/public/2023-03/liyuhong-nk-202303.jpg?itok=g_cJG5HX,01_试点医院/中山大学肿瘤防治中心/照片/李宇红-内科-主任医师-中山大学肿瘤防治中心.jpg,204763,4332f50359fd31f40f71752bf0801c427ebfff651b9ec2c63f2ffa824b910031,400,600,
李志铭,https://www.sysucc.org.cn/node/1483,实采,,https://www.sysucc.org.cn/sites/cc.prod.sysucloud2.sysu.edu.cn/files/styles/media_2_3_400_600/public/2023-03/lizhiming-nk-202303.jpg?itok=SweMzoKd,01_试点医院/中山大学肿瘤防治中心/照片/李志铭-内科-教授-中山大学肿瘤防治中心.jpg,181882,cd4d0a4646dcbe221336edc310059d79d0616c01c77d6918c3a088bd4a87ba1d,400,600,
杨云鹏,https://www.sysucc.org.cn/node/1490,实采,,https://www.sysucc.org.cn/sites/cc.prod.sysucloud2.sysu.edu.cn/files/styles/media_2_3_400_600/public/2023-03/yangyunpeng-nk-202303.jpg?itok=02Z_YDg6,01_试点医院/中山大学肿瘤防治中心/照片/杨云鹏-内科-主任医师-中山大学肿瘤防治中心.jpg,192311,502cf2cbfea6dba001edce0bb29d1b7d0ea7f1c07e9545ae760e237669a22632,400,600,
林桐榆,https://www.sysucc.org.cn/node/1487,实采,,https://www.sysucc.org.cn/sites/cc.prod.sysucloud2.sysu.edu.cn/files/styles/media_2_3_400_600/public/import_images/UploadFiles/expert/prouct_2015_5_8_2GG1HXH8.jpg?itok=pOLXN85t,01_试点医院/中山大学肿瘤防治中心/照片/林桐榆-内科-主任医师-中山大学肿瘤防治中心.jpg,121615,befdf1f09a10a00c99117a75f0952a6b1897dc0d77bbeedd48e1c418c4665046,400,600,
梁颖,https://www.sysucc.org.cn/node/1494,实采,,https://www.sysucc.org.cn/sites/cc.prod.sysucloud2.sysu.edu.cn/files/styles/media_2_3_400_600/public/import_images/UploadFiles/expert/prouct_2015_8_25_57BY7QEW.jpg?itok=lJccLfQX,01_试点医院/中山大学肿瘤防治中心/照片/梁颖-内科-副主任医师-中山大学肿瘤防治中心.jpg,188720,4cf4717154735d80a8951181c9491b8b8db0a0641c489bfcbfd07bb568f605ac,400,600,
毕锡文,https://www.sysucc.org.cn/node/1500,实采,,https://www.sysucc.org.cn/sites/cc.prod.sysucloud2.sysu.edu.cn/files/styles/media_2_3_400_600/public/import_images/upload/users/1/20190319/bixiwen_55745.jpg?itok=XVuQa-_L,01_试点医院/中山大学肿瘤防治中心/照片/毕锡文-内科-副主任医师-中山大学肿瘤防治中心.jpg,98253,a5cc0068e8525ff640126b23ae46621465bc88dd49902f43c97ef1127848bd38,400,600,
洪少东,https://www.sysucc.org.cn/node/1509,实采,,https://www.sysucc.org.cn/sites/cc.prod.sysucloud2.sysu.edu.cn/files/styles/media_2_3_400_600/public/2023-10/%E6%B4%AA%E5%B0%91%E4%B8%9C.png?itok=xIq_KOr_,01_试点医院/中山大学肿瘤防治中心/照片/洪少东-内科-副主任医师-中山大学肿瘤防治中心.png,181129,39e66866c95b4156341055bf3e60e14192428d4e9d2353b392bd1f123e06272f,400,600,
洪若熙,https://www.sysucc.org.cn/node/1508,实采,,https://www.sysucc.org.cn/sites/cc.prod.sysucloud2.sysu.edu.cn/files/styles/media_2_3_400_600/public/2023-04/hongruoxi-nk-202304.jpg?itok=yyJoLMfs,01_试点医院/中山大学肿瘤防治中心/照片/洪若熙-内科-主任医师-中山大学肿瘤防治中心.jpg,210942,3748f0b52d286c434b29b467e035632063ce90ce5b306edbda87dca4b3f71f3d,400,600,
王宇,https://www.sysucc.org.cn/node/1516,实采,,https://www.sysucc.org.cn/sites/cc.prod.sysucloud2.sysu.edu.cn/files/styles/media_2_3_400_600/public/2023-04/wangyu-nk-202304.jpg?itok=OChxZ2x4,01_试点医院/中山大学肿瘤防治中心/照片/王宇-内科-副主任医师-中山大学肿瘤防治中心.jpg,178822,c70f97e54d8d3c95df4f004bdb32301c3317be93e2002fc5cb7e680f69828d95,400,600,
王峰,https://www.sysucc.org.cn/node/1476,实采,,https://www.sysucc.org.cn/sites/cc.prod.sysucloud2.sysu.edu.cn/files/styles/media_2_3_400_600/public/2023-03/wangfeng-nk-202303.jpg?itok=MsKxbESd,01_试点医院/中山大学肿瘤防治中心/照片/王峰-内科-主任医师-中山大学肿瘤防治中心.jpg,209267,a4141825a88fb2f61eef2b75809b76f0fa1cc75bc9fdaafac07da53210be195d,400,600,
王德深,https://www.sysucc.org.cn/node/1505,实采,,https://www.sysucc.org.cn/sites/cc.prod.sysucloud2.sysu.edu.cn/files/styles/media_2_3_400_600/public/2023-04/wangdeshen-nk-202304.jpg?itok=BET-bqL4,01_试点医院/中山大学肿瘤防治中心/照片/王德深-内科-主任医师-中山大学肿瘤防治中心.jpg,185239,b4ab2066a46ddc70f0ef2b550da58b498d146b4106d5ea8dc28e423a7345a9fc,400,600,
王志强,https://www.sysucc.org.cn/node/1498,实采,,https://www.sysucc.org.cn/sites/cc.prod.sysucloud2.sysu.edu.cn/files/styles/media_2_3_400_600/public/2025-09/%E7%8E%8B%E5%BF%97%E5%BC%BA.jpg?itok=yxZTvuHl,01_试点医院/中山大学肿瘤防治中心/照片/王志强-内科-主任医师-中山大学肿瘤防治中心.jpg,166260,4c536cd5da0545686aba0eb0cbc1583a5933acfac867cf1e20236519e7a3bce5,400,600,
王树森,https://www.sysucc.org.cn/node/1479,实采,,https://www.sysucc.org.cn/sites/cc.prod.sysucloud2.sysu.edu.cn/files/styles/media_2_3_400_600/public/2023-03/wangshusen-nk-202303.jpg?itok=-8K8QYET,01_试点医院/中山大学肿瘤防治中心/照片/王树森-内科-主任医师-中山大学肿瘤防治中心.jpg,204713,fa545318179c21b94c3a8338fd31d602802733e32aeb5de214882c89e65fb306,400,600,
王梓贤,https://www.sysucc.org.cn/node/1517,实采,,https://www.sysucc.org.cn/sites/cc.prod.sysucloud2.sysu.edu.cn/files/styles/media_2_3_400_600/public/2023-04/wangzixian-nk-202304.jpg?itok=pSRIxkJb,01_试点医院/中山大学肿瘤防治中心/照片/王梓贤-内科-副主任医师-中山大学肿瘤防治中心.jpg,193968,03c929e5a35ec03ac570b86b48ddab03d416b44b5aad5f067faae76c1a4c958d,400,600,
王潇潇,https://www.sysucc.org.cn/node/1510,实采,,https://www.sysucc.org.cn/sites/cc.prod.sysucloud2.sysu.edu.cn/files/styles/media_2_3_400_600/public/2023-04/wangxiaoxiao-nk-202304.jpg?itok=2wbQAXXM,01_试点医院/中山大学肿瘤防治中心/照片/王潇潇-内科-副主任医师-中山大学肿瘤防治中心.jpg,183365,85f7708b77ff5936ef77cde38abcafdd8c0ad21c2a5e408f5ff091aa9f2077d8,400,600,
王英男,https://www.sysucc.org.cn/node/10437,实采,,https://www.sysucc.org.cn/sites/cc.prod.sysucloud2.sysu.edu.cn/files/styles/media_2_3_400_600/public/2026-02/%E7%8E%8B%E8%8B%B1%E7%94%B7V1.jpg?itok=AXEkjdM7,01_试点医院/中山大学肿瘤防治中心/照片/王英男-内科-副主任医师-中山大学肿瘤防治中心.jpg,207695,f7ccc39a9dab9744f05a0009d57c13493482dc98950ae5dcd8cc2b6ca91acecc,400,600,
王钊,https://www.sysucc.org.cn/node/8017,实采,,https://www.sysucc.org.cn/sites/cc.prod.sysucloud2.sysu.edu.cn/files/styles/media_2_3_400_600/public/2024-04/%E5%86%85%E7%A7%91%20%E7%8E%8B%E9%92%8AV1.jpg?itok=soshzenY,01_试点医院/中山大学肿瘤防治中心/照片/王钊-内科-副主任医师-中山大学肿瘤防治中心.jpg,200260,2aac844a66191a3d193d73bdcae2790faf92891d95a6b6dd8fee59ff476be751,400,600,
王风华,https://www.sysucc.org.cn/node/1485,实采,,https://www.sysucc.org.cn/sites/cc.prod.sysucloud2.sysu.edu.cn/files/styles/media_2_3_400_600/public/2023-03/wangfenghua-nk-202303.jpg?itok=pj9CPVxO,01_试点医院/中山大学肿瘤防治中心/照片/王风华-内科-主任医师-中山大学肿瘤防治中心.jpg,195848,8fda3b62ae1a761f1a8e4e394e3e5b8a653a5f90bf40fdc5f33e7699b2a60921,400,600,
田小朋,https://www.sysucc.org.cn/node/1521,实采,,https://www.sysucc.org.cn/sites/cc.prod.sysucloud2.sysu.edu.cn/files/styles/media_2_3_400_600/public/2023-04/tianxiaopeng-nk-202304.jpg?itok=RBO4Nm1d,01_试点医院/中山大学肿瘤防治中心/照片/田小朋-内科-主任医师-中山大学肿瘤防治中心.jpg,200653,2f345adfa5e76bb1b3f4b1e2e0773a19d1d1337330bdc80f459456a27ff92146,400,600,
白冰,https://www.sysucc.org.cn/node/1518,实采,,https://www.sysucc.org.cn/sites/cc.prod.sysucloud2.sysu.edu.cn/files/styles/media_2_3_400_600/public/2023-04/baibing-nk-202304.jpg?itok=IEXbC3QT,01_试点医院/中山大学肿瘤防治中心/照片/白冰-内科-副主任医师-中山大学肿瘤防治中心.jpg,200605,ba7087cb931b4703e6491532f74a9e67ffcadf3439487603298f47dbd0c49739,400,600,
聂蔓,https://www.sysucc.org.cn/node/1638,实采,,https://www.sysucc.org.cn/sites/cc.prod.sysucloud2.sysu.edu.cn/files/styles/media_2_3_400_600/public/import_images/upload/users/1/20221019/nieman202210_43099.jpg?itok=HX2JrrDC,01_试点医院/中山大学肿瘤防治中心/照片/聂蔓-内科-副主任医师-中山大学肿瘤防治中心.jpg,146015,ecd9a25a4d921b82017cca69272c29bb933cb86e77f35d6fb9e3a1aecdd27193,400,600,
蔡清清,https://www.sysucc.org.cn/node/1478,实采,,https://www.sysucc.org.cn/sites/cc.prod.sysucloud2.sysu.edu.cn/files/styles/media_2_3_400_600/public/2023-03/caiqingqing-nk-202303.jpg?itok=iOrXO67D,01_试点医院/中山大学肿瘤防治中心/照片/蔡清清-内科-主任医师-中山大学肿瘤防治中心.jpg,175082,3def6fab8372e43dbc8121d0c70494452041baa257a9ef9f04ac16e877bb8258,400,600,
薛聪,https://www.sysucc.org.cn/node/1507,实采,,https://www.sysucc.org.cn/sites/cc.prod.sysucloud2.sysu.edu.cn/files/styles/media_2_3_400_600/public/2023-04/xuecong-nk-202304.jpg?itok=2F5vYWpD,01_试点医院/中山大学肿瘤防治中心/照片/薛聪-内科-副主任医师-中山大学肿瘤防治中心.jpg,202173,272dfd5f36102c2416728dbdbadaaa4c6ef3aa2d75e0aef47f4ce2504af83187,400,600,
袁中玉,https://www.sysucc.org.cn/node/1484,实采,,https://www.sysucc.org.cn/sites/cc.prod.sysucloud2.sysu.edu.cn/files/styles/media_2_3_400_600/public/2023-03/yuanzhongyu-nk-202303.jpg?itok=hW--QfnW,01_试点医院/中山大学肿瘤防治中心/照片/袁中玉-内科-主任医师-中山大学肿瘤防治中心.jpg,196069,4d6e9c5450ad216fec2ec01f7bc19791e7a4bff9d76bbb1b1d58e1c9d62da45b,400,600,
赵媛媛,https://www.sysucc.org.cn/node/1499,实采,,https://www.sysucc.org.cn/sites/cc.prod.sysucloud2.sysu.edu.cn/files/styles/media_2_3_400_600/public/2023-04/zhaoyuanyuan-nk-202304.jpg?itok=HmsonX0s,01_试点医院/中山大学肿瘤防治中心/照片/赵媛媛-内科-主任医师-中山大学肿瘤防治中心.jpg,203604,8797c50e9aa313bd13c9243c92dbe48151a3aab7d60073030ddd82959f8e3d56,400,600,
赵珅,https://www.sysucc.org.cn/node/1522,实采,,https://www.sysucc.org.cn/sites/cc.prod.sysucloud2.sysu.edu.cn/files/styles/media_2_3_400_600/public/import_images/upload/users/1/20220315/zhaoshen202203_29006.jpg?itok=J51ZKlQb,01_试点医院/中山大学肿瘤防治中心/照片/赵珅-内科-副主任医师-中山大学肿瘤防治中心.jpg,135465,7e40c5d1a6f677221d450fe870ba8a3f0549c65e5f87c2e063d51ac70343790a,400,600,
邱妙珍,https://www.sysucc.org.cn/node/1502,实采,,https://www.sysucc.org.cn/sites/cc.prod.sysucloud2.sysu.edu.cn/files/styles/media_2_3_400_600/public/2023-04/qiumiaozhen-nk-202304.jpg?itok=JfhGbvBF,01_试点医院/中山大学肿瘤防治中心/照片/邱妙珍-内科-主任医师-中山大学肿瘤防治中心.jpg,164299,ea97d52aa5b3682daa02eda81ec02c1f33933c48cc90221d73b52c6a48bc443a,400,600,
郑秋帆,https://www.sysucc.org.cn/node/6938,实采,,https://www.sysucc.org.cn/sites/cc.prod.sysucloud2.sysu.edu.cn/files/styles/media_2_3_400_600/public/2023-10/%E4%B8%AA%E4%BA%BA%E7%85%A7%20%E7%99%BD%E5%A4%A7%E8%A4%82.jpg?itok=J3zfFE7n,01_试点医院/中山大学肿瘤防治中心/照片/郑秋帆-内科-副主任医师-中山大学肿瘤防治中心.jpg,175260,b600ed488368d2545be89defcd343b4bac759a2ecc46e1206c0e0e0a1d8c3dc9,400,600,
金颖,https://www.sysucc.org.cn/node/1514,实采,,https://www.sysucc.org.cn/sites/cc.prod.sysucloud2.sysu.edu.cn/files/styles/media_2_3_400_600/public/2023-04/jinying-nk-202304.jpg?itok=M3lag-dg,01_试点医院/中山大学肿瘤防治中心/照片/金颖-内科-主任医师-中山大学肿瘤防治中心.jpg,228119,88532c367eba29c27fa704cff043d10beb64ccb93db4289a8c0e2598317fe9b2,400,600,
陈丽昆,https://www.sysucc.org.cn/node/1480,实采,,https://www.sysucc.org.cn/sites/cc.prod.sysucloud2.sysu.edu.cn/files/styles/media_2_3_400_600/public/2023-03/chenlikun-nk-202303.jpg?itok=5LQW4P4t,01_试点医院/中山大学肿瘤防治中心/照片/陈丽昆-内科-主任医师-中山大学肿瘤防治中心.jpg,214490,1835caaf5dacced5c4eccdcde3da292cafd75c63b2dbde9db061159689e5037f,400,600,
陈港,https://www.sysucc.org.cn/node/1633,实采,,https://www.sysucc.org.cn/sites/cc.prod.sysucloud2.sysu.edu.cn/files/styles/media_2_3_400_600/public/2026-01/%E9%99%88%E6%B8%AF.jpg?itok=VoTzP0f9,01_试点医院/中山大学肿瘤防治中心/照片/陈港-内科-副主任医师-中山大学肿瘤防治中心.jpg,154131,74761e5998790a144558efa43b59f45fae96d3981e87083d67aa2a04ed4c6d30,400,600,
陈美婷,https://www.sysucc.org.cn/node/1634,实采,,https://www.sysucc.org.cn/sites/cc.prod.sysucloud2.sysu.edu.cn/files/styles/media_2_3_400_600/public/import_images/upload/users/1/20220516/chenmeiting202205_22104.jpg?itok=YfetOSJ0,01_试点医院/中山大学肿瘤防治中心/照片/陈美婷-内科-副主任医师-中山大学肿瘤防治中心.jpg,141738,a8e01826ab583abb2a8b6934e3ad41ebe06b2e1ea63ec85083c2617044f5e207,400,600,
骆卉妍,https://www.sysucc.org.cn/node/1491,实采,,https://www.sysucc.org.cn/sites/cc.prod.sysucloud2.sysu.edu.cn/files/styles/media_2_3_400_600/public/2023-03/luohuiyan-nk-202303.jpg?itok=0_RLumhg,01_试点医院/中山大学肿瘤防治中心/照片/骆卉妍-内科-主任医师-中山大学肿瘤防治中心.jpg,206751,121f9655b686178d3e5e9df8ea6b749a27d78fc9acc414ce040e3e208c50432a,400,600,
高岩,https://www.sysucc.org.cn/node/6442,实采,,https://www.sysucc.org.cn/sites/cc.prod.sysucloud2.sysu.edu.cn/files/styles/media_2_3_400_600/public/2023-07/2.%E5%86%85%E7%A7%91%2B%E9%AB%98%E5%B2%A9%2BB01726%20%E5%A4%A7%E5%9B%BE.jpg?itok=TsEa7gtt,01_试点医院/中山大学肿瘤防治中心/照片/高岩-内科-副主任医师-中山大学肿瘤防治中心.jpg,202854,3bb3228b4d31d65c8548cc90e8bbaf30b46dc491aa69c95d2f84f56635bd4874,400,600,
魏小丽,https://www.sysucc.org.cn/node/1512,实采,,https://www.sysucc.org.cn/sites/cc.prod.sysucloud2.sysu.edu.cn/files/styles/media_2_3_400_600/public/2023-04/weixiaoli-nk-202304.jpg?itok=NsgMEeSy,01_试点医院/中山大学肿瘤防治中心/照片/魏小丽-内科-副主任医师-中山大学肿瘤防治中心.jpg,200311,e1fce78180ed102465f530733906d06558da8c1babba41239737a17019c0a027,400,600,
黄嘉佳,https://www.sysucc.org.cn/node/1497,实采,,https://www.sysucc.org.cn/sites/cc.prod.sysucloud2.sysu.edu.cn/files/styles/media_2_3_400_600/public/2023-04/huangjiajia-nk-202304.jpg?itok=uIv2HW9e,01_试点医院/中山大学肿瘤防治中心/照片/黄嘉佳-内科-主任医师-中山大学肿瘤防治中心.jpg,174610,51a97726736c6359a6b4b0736a154167ce5ba74fe087a15168f574d4f3110865,400,600,
黄岩,https://www.sysucc.org.cn/node/1486,实采,,https://www.sysucc.org.cn/sites/cc.prod.sysucloud2.sysu.edu.cn/files/styles/media_2_3_400_600/public/2023-03/huangyan-nk-202303.jpg?itok=8V6rxQae,01_试点医院/中山大学肿瘤防治中心/照片/黄岩-内科-主任医师-中山大学肿瘤防治中心.jpg,192803,82667b0f885d2f2dde2359872ea503b7a8159ff507bd820ae899b3dd6f697925,400,600,
黄慧强,https://www.sysucc.org.cn/node/1475,实采,,https://www.sysucc.org.cn/sites/cc.prod.sysucloud2.sysu.edu.cn/files/styles/media_2_3_400_600/public/2023-03/huanghuiqiang-nk-202303.jpg?itok=5RyXJ8Z3,01_试点医院/中山大学肿瘤防治中心/照片/黄慧强-内科-主任医师-中山大学肿瘤防治中心.jpg,183450,1d8aa4e9df8e227ccb3439bb957ef105bf0c8430d038f5b98731daa375a2507f,400,600,
黄河,https://www.sysucc.org.cn/node/1493,实采,,https://www.sysucc.org.cn/sites/cc.prod.sysucloud2.sysu.edu.cn/files/styles/media_2_3_400_600/public/2023-03/huanghe-nk-202303.jpg?itok=EaIydp5T,01_试点医院/中山大学肿瘤防治中心/照片/黄河-内科-主任医师-中山大学肿瘤防治中心.jpg,172736,34a9903b0a3b14a3568e76aae1b43aa3ea94e8f602a6cc7430ecb478cd59ed61,400,600,
单宏波,https://www.sysucc.org.cn/node/3908,实采,,https://www.sysucc.org.cn/sites/cc.prod.sysucloud2.sysu.edu.cn/files/styles/media_2_3_400_600/public/import_images/UploadFiles/expert/prouct_2014_1_17_6IZOP93I.jpg?itok=YuHlsGMs,01_试点医院/中山大学肿瘤防治中心/照片/单宏波-内镜科-主任医师-中山大学肿瘤防治中心.jpg,135584,234355a86d855e029e770df3b18e5e8aabe205573ec8f52d5b83cc0d6b1a7c45,400,600,
张蓉,https://www.sysucc.org.cn/node/3907,实采,,https://www.sysucc.org.cn/sites/cc.prod.sysucloud2.sysu.edu.cn/files/styles/media_2_3_400_600/public/import_images/UploadFiles/expert/prouct_2014_4_22_HR2CQEV3.jpg?itok=K9emFnNH,01_试点医院/中山大学肿瘤防治中心/照片/张蓉-内镜科-主任医师-中山大学肿瘤防治中心.jpg,191813,de9cfe339b063eb71fa8920d282e96f1b1e6e83d12aa2721c83af753f50c5fdb,400,600,
徐国良,https://www.sysucc.org.cn/node/3905,实采,,https://www.sysucc.org.cn/sites/cc.prod.sysucloud2.sysu.edu.cn/files/styles/media_2_3_400_600/public/import_images/UploadFiles/expert/prouct_2014_1_17_T0FSWFSP.jpg?itok=Bv0F-Nw_,01_试点医院/中山大学肿瘤防治中心/照片/徐国良-内镜科-主任医师-中山大学肿瘤防治中心.jpg,133585,0c3d2698d72513104dfbf19ddf324ba1dbdf59e6da51f81c154ebf3c7231f281,400,600,
李茵,https://www.sysucc.org.cn/node/3911,实采,,https://www.sysucc.org.cn/sites/cc.prod.sysucloud2.sysu.edu.cn/files/styles/media_2_3_400_600/public/import_images/upload/users/1/20220810/liyin202208_39556.jpg?itok=fn-aoUsx,01_试点医院/中山大学肿瘤防治中心/照片/李茵-内镜科-副主任医师-中山大学肿瘤防治中心.jpg,136094,edbc299ede861bf492d24f34ac704d6e4b8f137e584b52abe784d674a6a6a06f,400,600,
林世永,https://www.sysucc.org.cn/node/3915,实采,,https://www.sysucc.org.cn/sites/cc.prod.sysucloud2.sysu.edu.cn/files/styles/media_2_3_400_600/public/import_images/upload/users/1/20220810/linshiyong202208_61469.jpg?itok=2SVweUJK,01_试点医院/中山大学肿瘤防治中心/照片/林世永-内镜科-副主任医师-中山大学肿瘤防治中心.jpg,132572,9548514855d67d22fa8d6d5dca568d85c8a098110d8e562c34bef3b5bc73a111,400,600,
王国宝,https://www.sysucc.org.cn/node/3912,实采,,https://www.sysucc.org.cn/sites/cc.prod.sysucloud2.sysu.edu.cn/files/styles/media_2_3_400_600/public/import_images/upload/users/1/20220810/wangguobao202208_66896.jpg?itok=mv0Vb6-b,01_试点医院/中山大学肿瘤防治中心/照片/王国宝-内镜科-副主任医师-中山大学肿瘤防治中心.jpg,133736,20c502c683f6d91c346fa48aa6b571924d101483dc3989aca0b1e7d53d575b9b,400,600,
白坤昊,https://www.sysucc.org.cn/node/3921,实采,,https://www.sysucc.org.cn/sites/cc.prod.sysucloud2.sysu.edu.cn/files/styles/media_2_3_400_600/public/import_images/upload/users/1/20220810/baikunhao202208_51777.jpg?itok=j6C1UK-G,01_试点医院/中山大学肿瘤防治中心/照片/白坤昊-内镜科-副主任医师-中山大学肿瘤防治中心.jpg,143622,e78b3fc36925a5b72a5931bb279349158e7fdc0e2195219a8e22fe28de2260e1,400,600,
罗广裕,https://www.sysucc.org.cn/node/3909,实采,,https://www.sysucc.org.cn/sites/cc.prod.sysucloud2.sysu.edu.cn/files/styles/media_2_3_400_600/public/import_images/upload/users/1/20220810/luoguangyu202208_64246.jpg?itok=B2cbLkf5,01_试点医院/中山大学肿瘤防治中心/照片/罗广裕-内镜科-主任医师-中山大学肿瘤防治中心.jpg,130835,18d776c6ba979c88539354439474cf902deef580f90e6dcf71e9cb2d4c8f9296,400,600,
贺龙君,https://www.sysucc.org.cn/node/3914,实采,,https://www.sysucc.org.cn/sites/cc.prod.sysucloud2.sysu.edu.cn/files/styles/media_2_3_400_600/public/import_images/upload/users/1/20210622/helongjun202106_18560.jpg?itok=voxBKY-Z,01_试点医院/中山大学肿瘤防治中心/照片/贺龙君-内镜科-副主任医师-中山大学肿瘤防治中心.jpg,131838,0be10ecfe430b2648adbbd6f066c12afe077f878b7521902aeef01a1e506367d,400,600,
高晓燕,https://www.sysucc.org.cn/node/3910,实采,,https://www.sysucc.org.cn/sites/cc.prod.sysucloud2.sysu.edu.cn/files/styles/media_2_3_400_600/public/import_images/UploadFiles/expert/prouct_2014_1_22_5Y3HJZZX.jpg?itok=LIcjyC8Z,01_试点医院/中山大学肿瘤防治中心/照片/高晓燕-内镜科-副主任医师-中山大学肿瘤防治中心.jpg,144087,ea20acf9a9d8452c0b3edb2bb84d5ee77e6f7da9e9f2049dbb0e4e52b43a8cb1,400,600,
黄春雨,https://www.sysucc.org.cn/node/3913,实采,,https://www.sysucc.org.cn/sites/cc.prod.sysucloud2.sysu.edu.cn/files/styles/media_2_3_400_600/public/import_images/upload/users/1/20220810/huangchunyu202208_10986.jpg?itok=JEGbYX9R,01_试点医院/中山大学肿瘤防治中心/照片/黄春雨-内镜科-副主任医师-中山大学肿瘤防治中心.jpg,147545,7ad289795de9347e5d536207801b73b69dda6cec3500ebc7f25e6712379dfa2b,400,600,
黎建军,https://www.sysucc.org.cn/node/3906,实采,,https://www.sysucc.org.cn/sites/cc.prod.sysucloud2.sysu.edu.cn/files/styles/media_2_3_400_600/public/import_images/upload/users/1/20201109/lijianjun202011_78800.jpg?itok=xoA63xuj,01_试点医院/中山大学肿瘤防治中心/照片/黎建军-内镜科-主任医师-中山大学肿瘤防治中心.jpg,137577,dd0102ec9197b64634a5cb0e74cfaab407845b7d568a64dd6a779ae7bba91a22,400,600,
刘学奎,https://www.sysucc.org.cn/node/3598,实采,,https://www.sysucc.org.cn/sites/cc.prod.sysucloud2.sysu.edu.cn/files/styles/media_2_3_400_600/public/2023-03/liuxuekui-tjk-202303.jpg?itok=lJoEb2vq,01_试点医院/中山大学肿瘤防治中心/照片/刘学奎-头颈科-主任医师-中山大学肿瘤防治中心.jpg,213205,4e5cbd65400f0d456d96aa3ce2557abfcf798c80e760ae54ba3992632272bcea,400,600,
刘巍巍,https://www.sysucc.org.cn/node/3601,实采,,https://www.sysucc.org.cn/sites/cc.prod.sysucloud2.sysu.edu.cn/files/styles/media_2_3_400_600/public/2023-04/liuweiwei-tjk-202304.jpg?itok=ZC41y1v9,01_试点医院/中山大学肿瘤防治中心/照片/刘巍巍-头颈科-主任医师-中山大学肿瘤防治中心.jpg,179523,1a441834f0853ce11f2977c449aa5e14d1138af645cb95dd48301d9454d4cbb4,400,600,
吴桐,https://www.sysucc.org.cn/node/10098,实采,,https://www.sysucc.org.cn/sites/cc.prod.sysucloud2.sysu.edu.cn/files/styles/media_2_3_400_600/public/2025-05/%E5%90%B4%E6%A1%90%403x.jpg?itok=WnVJVlXB,01_试点医院/中山大学肿瘤防治中心/照片/吴桐-头颈科-副主任医师-中山大学肿瘤防治中心.jpg,127725,37bb2beebcfd7f4a7c5d444e1aab176ccabe8c9e46fae1e9ce20497594468ba9,400,600,
吴迪,https://www.sysucc.org.cn/node/8172,实采,,https://www.sysucc.org.cn/sites/cc.prod.sysucloud2.sysu.edu.cn/files/styles/media_2_3_400_600/public/2024-05/%E5%90%B4%E8%BF%AAV2.png?itok=rKTa_wGy,01_试点医院/中山大学肿瘤防治中心/照片/吴迪-头颈科-副主任医师-中山大学肿瘤防治中心.png,232246,98d7996312603b4e862551f02cb56fd12012cd2a394e59f6155547bf4310dca2,400,600,
宋明,https://www.sysucc.org.cn/node/3596,实采,,https://www.sysucc.org.cn/sites/cc.prod.sysucloud2.sysu.edu.cn/files/styles/media_2_3_400_600/public/2023-03/songming-tjk-202303.jpg?itok=KkhzI3bn,01_试点医院/中山大学肿瘤防治中心/照片/宋明-头颈科-主任医师-中山大学肿瘤防治中心.jpg,182330,bd4fb1f6a954e41a43e9908e4b3ef749ffa89c2e7a4f16834e17b894d71ac846,400,600,
张诠,https://www.sysucc.org.cn/node/3595,实采,,https://www.sysucc.org.cn/sites/cc.prod.sysucloud2.sysu.edu.cn/files/styles/media_2_3_400_600/public/2023-03/zhangquan-tjk-202303.jpg?itok=1768Y3PB,01_试点医院/中山大学肿瘤防治中心/照片/张诠-头颈科-主任医师-中山大学肿瘤防治中心.jpg,177461,e05a7f6f6aa0b21ddf4eaa8784c0803ff594b5bd623a01f0c3337626e98911ec,400,600,
李秋梨,https://www.sysucc.org.cn/node/3604,实采,,https://www.sysucc.org.cn/sites/cc.prod.sysucloud2.sysu.edu.cn/files/styles/media_2_3_400_600/public/2023-04/liqiuli-tjk-202304.jpg?itok=KZENhfu8,01_试点医院/中山大学肿瘤防治中心/照片/李秋梨-头颈科-副主任医师-中山大学肿瘤防治中心.jpg,211224,ab18934c5c494fd8cd81343e138c6b3435e4d92b54e5b4f2d8ddf863087e47f6,400,600,
欧阳电,https://www.sysucc.org.cn/node/3603,实采,,https://www.sysucc.org.cn/sites/cc.prod.sysucloud2.sysu.edu.cn/files/styles/media_2_3_400_600/public/2023-04/ouyangdian-tjk-202304.jpg?itok=YQPM1OoH,01_试点医院/中山大学肿瘤防治中心/照片/欧阳电-头颈科-副主任医师-中山大学肿瘤防治中心.jpg,177744,0e9792257408bad5223007c6eaf67fd7186b37660226be85f12510fa50fa8b2a,400,600,
苏旋,https://www.sysucc.org.cn/node/3606,实采,,https://www.sysucc.org.cn/sites/cc.prod.sysucloud2.sysu.edu.cn/files/styles/media_2_3_400_600/public/2023-04/suxuan-tjk-202304.jpg?itok=OwqPDzh_,01_试点医院/中山大学肿瘤防治中心/照片/苏旋-头颈科-副主任医师-中山大学肿瘤防治中心.jpg,198095,93f2294a5b534e85427601680386a70fc8b8342dfa1cd1c57314fd4cad09fadd,400,600,
陈伟超,https://www.sysucc.org.cn/node/6447,实采,,https://www.sysucc.org.cn/sites/cc.prod.sysucloud2.sysu.edu.cn/files/styles/media_2_3_400_600/public/2023-07/8.%E5%A4%B4%E9%A2%88%E7%A7%91%2B%E9%99%88%E4%BC%9F%E8%B6%85%2BB01165%20%E5%A4%A7%E5%9B%BE.jpg?itok=kpdv_8ql,01_试点医院/中山大学肿瘤防治中心/照片/陈伟超-头颈科-副主任医师-中山大学肿瘤防治中心.jpg,201655,445e745af40d9b175db976c2dcbdfc44a4f7effde2d1de056db04431fc741c60,400,600,
陈文宽,https://www.sysucc.org.cn/node/3600,实采,,https://www.sysucc.org.cn/sites/cc.prod.sysucloud2.sysu.edu.cn/files/styles/media_2_3_400_600/public/2023-03/chenwenkuan-tjk-202303.jpg?itok=DxyJlX3c,01_试点医院/中山大学肿瘤防治中心/照片/陈文宽-头颈科-主任医师-中山大学肿瘤防治中心.jpg,177786,b93cb7aa4098d78c0fcee181535628e24c487a9aebaa1995269a032d6026411a,400,600,
陈树伟,https://www.sysucc.org.cn/node/3605,实采,,https://www.sysucc.org.cn/sites/cc.prod.sysucloud2.sysu.edu.cn/files/styles/media_2_3_400_600/public/2023-03/chenshuwei-tjk-202303.jpg?itok=3hyL2rpY,01_试点医院/中山大学肿瘤防治中心/照片/陈树伟-头颈科-主任医师-中山大学肿瘤防治中心.jpg,195135,39ea91c72f819eff53670c081eb5145715e3df83c425277887eeb5272ac65030,400,600,
陈艳峰,https://www.sysucc.org.cn/node/3602,实采,,https://www.sysucc.org.cn/sites/cc.prod.sysucloud2.sysu.edu.cn/files/styles/media_2_3_400_600/public/2023-04/chenyanfeng-tjk-202304.jpg?itok=Pz9R9d7k,01_试点医院/中山大学肿瘤防治中心/照片/陈艳峰-头颈科-主任医师-中山大学肿瘤防治中心.jpg,177436,c1219c902056ebc6dc1157397200e91ca9ec758850ea645f1c83f2e71e77c40a,400,600,
杨安奎,https://www.sysucc.org.cn/node/3594,实采,,https://www.sysucc.org.cn/sites/cc.prod.sysucloud2.sysu.edu.cn/files/styles/media_2_3_400_600/public/2023-03/yangankui-tjk-202303.jpg?itok=t904kZ80,01_试点医院/中山大学肿瘤防治中心/照片/杨安奎-头颈肿瘤的诊断和综合治疗-主任医师-中山大学肿瘤防治中心.jpg,186033,55bf8e0e30dde7be572dee6dd18dfc0ea89787d29dca728f0250dc2fd784de43,400,600,
郭朱明,https://www.sysucc.org.cn/node/3597,实采,,https://www.sysucc.org.cn/sites/cc.prod.sysucloud2.sysu.edu.cn/files/styles/media_2_3_400_600/public/2023-03/guozhuming-tjk-202303.jpg?itok=sVWkpci3,01_试点医院/中山大学肿瘤防治中心/照片/郭朱明-头颈肿瘤的诊断和综合治疗-主任医师-中山大学肿瘤防治中心.jpg,186699,9db7682e542795cab480339fbd0ce7bc293930fbe2df137ad9791083c8e51c2a,400,600,
万挺,https://www.sysucc.org.cn/node/3704,实采,,https://www.sysucc.org.cn/sites/cc.prod.sysucloud2.sysu.edu.cn/files/styles/media_2_3_400_600/public/import_images/upload/users/1/20220509/wanting202205_90616.jpg?itok=DRtiGF0E,01_试点医院/中山大学肿瘤防治中心/照片/万挺-妇科-副主任医师-中山大学肿瘤防治中心.jpg,127035,bc2ffa06b6efdfc9f94324d99928df0c20b013cce86336b051d362e04083bb89,400,600,
冯艳玲,https://www.sysucc.org.cn/node/3702,实采,,https://www.sysucc.org.cn/sites/cc.prod.sysucloud2.sysu.edu.cn/files/styles/media_2_3_400_600/public/2026-05/%E5%86%AF%E8%89%B3%E7%8E%B2.jpg?itok=MhERVF-I,01_试点医院/中山大学肿瘤防治中心/照片/冯艳玲-妇科-副主任医师-中山大学肿瘤防治中心.jpg,174615,4eea26f84f9619d2e5628649a4aac9b7148934fd7d4dca0725d3101c2b99d2ae,400,600,
刘国臣,https://www.sysucc.org.cn/node/6445,实采,,https://www.sysucc.org.cn/sites/cc.prod.sysucloud2.sysu.edu.cn/files/styles/media_2_3_400_600/public/2023-07/5.%E5%A6%87%E7%A7%91%2B%E5%88%98%E5%9B%BD%E8%87%A3%2B106006%E5%A4%A7%E5%9B%BE.jpg?itok=Epx2Lm_V,01_试点医院/中山大学肿瘤防治中心/照片/刘国臣-妇科-副主任医师-中山大学肿瘤防治中心.jpg,195330,2a57680a6f49e5fa74758134afc6ee14f1b335d11a0c1df3bbfeb3e5ad3b4f99,400,600,
刘继红,https://www.sysucc.org.cn/node/3691,实采,,https://www.sysucc.org.cn/sites/cc.prod.sysucloud2.sysu.edu.cn/files/styles/media_2_3_400_600/public/2023-03/liujihong-fk-202303.jpg?itok=2ByFBmUg,01_试点医院/中山大学肿瘤防治中心/照片/刘继红-妇科-主任医师-中山大学肿瘤防治中心.jpg,178747,d89fe362f0381a8431895fc2cbeb1b506d7ca57a81b3b274f1d93e3eba895a87,400,600,
周云,https://www.sysucc.org.cn/node/7358,失败,详情不可达,,,,,,,照片资源 HTTP 404
夏小燕,https://www.sysucc.org.cn/node/3701,失败,占位图,,,,,,,照片为占位图（暂无图片），留空；GIF 28519 bytes，灰底占比 88.60%，路径 /sites/cc.prod.sysucloud2.sysu.edu.cn/files/styles/media_2_3_400_600/public/import_images/nopic.gif
孟一帆,https://www.sysucc.org.cn/node/10125,实采,,https://www.sysucc.org.cn/sites/cc.prod.sysucloud2.sysu.edu.cn/files/styles/media_2_3_400_600/public/2025-06/%E5%AD%9F%E4%B8%80%E5%B8%861.jpg?itok=gHOnE_QJ,01_试点医院/中山大学肿瘤防治中心/照片/孟一帆-妇科-副主任医师-中山大学肿瘤防治中心.jpg,209877,9b0843df509f057243c6c2b60faabc54e29ce61466976623a5a93fc59cf8c014,400,600,
张彦娜,https://www.sysucc.org.cn/node/3695,实采,,https://www.sysucc.org.cn/sites/cc.prod.sysucloud2.sysu.edu.cn/files/styles/media_2_3_400_600/public/2023-03/zhangyanna-fk-202303.jpg?itok=14bEGwE8,01_试点医院/中山大学肿瘤防治中心/照片/张彦娜-妇科-主任医师-中山大学肿瘤防治中心.jpg,202742,d8152126ad2e7e690d748e833c4c4fadaed8f8f19ec8dd3652095692b1c4ee1e,400,600,
李俊东,https://www.sysucc.org.cn/node/3692,实采,,https://www.sysucc.org.cn/sites/cc.prod.sysucloud2.sysu.edu.cn/files/styles/media_2_3_400_600/public/2023-03/lijundong-fk-202303.jpg?itok=Rwt9DCnq,01_试点医院/中山大学肿瘤防治中心/照片/李俊东-妇科-主任医师-中山大学肿瘤防治中心.jpg,183210,3d465028f1791f612b6505a20641ff0aecb1eebada0d56df0298646406ae199f,400,600,
李艳芳,https://www.sysucc.org.cn/node/3693,实采,,https://www.sysucc.org.cn/sites/cc.prod.sysucloud2.sysu.edu.cn/files/styles/media_2_3_400_600/public/2023-03/liyanfang-fk-202303.jpg?itok=ywRvu9nP,01_试点医院/中山大学肿瘤防治中心/照片/李艳芳-妇科-主任医师-中山大学肿瘤防治中心.jpg,175732,6881b161d54a778d5ffd15469656cf47f1e7ef3f165d449ae1703cc16f14fa4b,400,600,
杨帆,https://www.sysucc.org.cn/node/6901,实采,,https://www.sysucc.org.cn/sites/cc.prod.sysucloud2.sysu.edu.cn/files/styles/media_2_3_400_600/public/2023-10/%E6%9D%A8%E5%B8%86.png?itok=yTom7Yjb,01_试点医院/中山大学肿瘤防治中心/照片/杨帆-妇科-副主任医师-中山大学肿瘤防治中心.png,194205,c7657f2f0340ce64f77bad5ee7d0cc13b0f890ae67591e8f6f6815bbd580526a,400,600,
涂画,https://www.sysucc.org.cn/node/3703,实采,,https://www.sysucc.org.cn/sites/cc.prod.sysucloud2.sysu.edu.cn/files/styles/media_2_3_400_600/public/2023-01/tuhua202301.jpg?itok=rXLc4Qpl,01_试点医院/中山大学肿瘤防治中心/照片/涂画-妇科-主任医师-中山大学肿瘤防治中心.jpg,127028,04c52656af226067e63e32fa26ba0a8d7f798822191aacfd348cd623be4a73fa,400,600,
熊樱,https://www.sysucc.org.cn/node/3696,实采,,https://www.sysucc.org.cn/sites/cc.prod.sysucloud2.sysu.edu.cn/files/styles/media_2_3_400_600/public/2023-03/xiongying-fk-202303.jpg?itok=4ElD94OD,01_试点医院/中山大学肿瘤防治中心/照片/熊樱-妇科-主任医师-中山大学肿瘤防治中心.jpg,191786,1323a4b2b1170af9b5e1896f4b6e122fa6d0036ed2e55a181fbb19b29edf1094,400,600,
王寅,https://www.sysucc.org.cn/node/6900,实采,,https://www.sysucc.org.cn/sites/cc.prod.sysucloud2.sysu.edu.cn/files/styles/media_2_3_400_600/public/2025-03/%E7%8E%8B%E5%AF%85.jpg?itok=eWEc5T7-,01_试点医院/中山大学肿瘤防治中心/照片/王寅-妇科-副主任医师-中山大学肿瘤防治中心.jpg,203614,8c17e03f08d9b0025a7029faf36a0ff1183a2071ee907e1b877a204f2c7dd79f,400,600,
蓝春燕,https://www.sysucc.org.cn/node/3698,实采,,https://www.sysucc.org.cn/sites/cc.prod.sysucloud2.sysu.edu.cn/files/styles/media_2_3_400_600/public/2023-03/lanchunyan-fk-202303.jpg?itok=gZIq3wNO,01_试点医院/中山大学肿瘤防治中心/照片/蓝春燕-妇科-主任医师-中山大学肿瘤防治中心.jpg,201455,47eef209d4c39b1d32ce1a8408af03ae25f4e9064822786606b771763b6183d7,400,600,
蔡光瑶,https://www.sysucc.org.cn/node/11090,实采,,https://www.sysucc.org.cn/sites/cc.prod.sysucloud2.sysu.edu.cn/files/styles/media_2_3_400_600/public/2025-10/%E8%94%A1%E5%85%89%E7%91%B6V1.png?itok=1UCmV8_x,01_试点医院/中山大学肿瘤防治中心/照片/蔡光瑶-妇科-副主任医师-中山大学肿瘤防治中心.png,288893,da8ae4e290e720291fe384191494751452109525e614ed31ef929eaf641f6f4f,400,600,
郑敏,https://www.sysucc.org.cn/node/3694,实采,,https://www.sysucc.org.cn/sites/cc.prod.sysucloud2.sysu.edu.cn/files/styles/media_2_3_400_600/public/2023-03/zhengmin-fk-202303.jpg?itok=k06Dva6V,01_试点医院/中山大学肿瘤防治中心/照片/郑敏-妇科-主任医师-中山大学肿瘤防治中心.jpg,177356,138c3509333befe2f7e5ec5867933ed7df3c6b790208c3365fdb2f8a73eb2fbb,400,600,
顾海风,https://www.sysucc.org.cn/node/3705,实采,,https://www.sysucc.org.cn/sites/cc.prod.sysucloud2.sysu.edu.cn/files/styles/media_2_3_400_600/public/import_images/upload/users/1/20220509/guhaifeng202205_90603.jpg?itok=yErSZ3J9,01_试点医院/中山大学肿瘤防治中心/照片/顾海风-妇科-副主任医师-中山大学肿瘤防治中心.jpg,118863,ab479ad14e1709c9fc1eb6f6aba5ca9fdb9b18987df481e3d338037d355a6228,400,600,
魏薇,https://www.sysucc.org.cn/node/8001,实采,,https://www.sysucc.org.cn/sites/cc.prod.sysucloud2.sysu.edu.cn/files/styles/media_2_3_400_600/public/2024-04/%E9%AD%8F%E8%96%87V2.jpg?itok=9j9ajd1M,01_试点医院/中山大学肿瘤防治中心/照片/魏薇-妇科-副主任医师-中山大学肿瘤防治中心.jpg,121793,7182ee2889b90913127b874c2d264358f776aab7854c7269f13fd650e6fba8f9,400,600,
黄欣,https://www.sysucc.org.cn/node/3697,实采,,https://www.sysucc.org.cn/sites/cc.prod.sysucloud2.sysu.edu.cn/files/styles/media_2_3_400_600/public/2023-03/huangxin-fk-202303.jpg?itok=m2fKa7Q2,01_试点医院/中山大学肿瘤防治中心/照片/黄欣-妇科-主任医师-中山大学肿瘤防治中心.jpg,209410,60169e5a817d1061a138d13fc2fcd21385e62a2c6c4a2b180675bf7d2ae0b5a2,400,600,
黄永文,https://www.sysucc.org.cn/node/3700,实采,,https://www.sysucc.org.cn/sites/cc.prod.sysucloud2.sysu.edu.cn/files/styles/media_2_3_400_600/public/2025-04/%E9%BB%84%E6%B0%B8%E6%96%87.jpg?itok=mI3ACd_1,01_试点医院/中山大学肿瘤防治中心/照片/黄永文-妇科-主任医师-中山大学肿瘤防治中心.jpg,220035,7671952381d8ea51cf6321d028a9bcc6e9f57c759a4d3ec10b9ceaa694a907eb,400,600,
黄鹤,https://www.sysucc.org.cn/node/3699,实采,,https://www.sysucc.org.cn/sites/cc.prod.sysucloud2.sysu.edu.cn/files/styles/media_2_3_400_600/public/import_images/upload/users/1/20220228/huanghe202202_54594.jpg?itok=pTXcv_Uf,01_试点医院/中山大学肿瘤防治中心/照片/黄鹤-妇科-主任医师-中山大学肿瘤防治中心.jpg,163870,26d8674f100981c4a52d7e6503adee3bc10fc8a8c83c5a8584c8a0b96f384f89,400,600,
廖振尔,https://www.sysucc.org.cn/node/3941,实采,,https://www.sysucc.org.cn/sites/cc.prod.sysucloud2.sysu.edu.cn/files/styles/media_2_3_400_600/public/import_images/UploadFiles/expert/prouct_2014_1_17_Y3YRKE0G.jpg?itok=hdWutMxC,01_试点医院/中山大学肿瘤防治中心/照片/廖振尔-常见肿瘤的早期发现-主任医师-中山大学肿瘤防治中心.jpg,121688,60c33cb163bb101ff6b16c37f681e654d50c2f5f5e22a611002086a3a536cc8d,400,600,
伍尧泮,https://www.sysucc.org.cn/node/3838,实采,,https://www.sysucc.org.cn/sites/cc.prod.sysucloud2.sysu.edu.cn/files/styles/media_2_3_400_600/public/import_images/UploadFiles/expert/prouct_2014_1_21_MYU3M6TH.jpg?itok=lXwNWsUX,01_试点医院/中山大学肿瘤防治中心/照片/伍尧泮-影像科-主任医师-中山大学肿瘤防治中心.jpg,124130,6ad4bd3c8db637490940523a746f3f89e50ab295ba21a4daa3432841ec4a691b,400,600,
何妮,https://www.sysucc.org.cn/node/3853,失败,无照片容器,,,,,,,无照片容器
刘立志,https://www.sysucc.org.cn/node/3841,实采,,https://www.sysucc.org.cn/sites/cc.prod.sysucloud2.sysu.edu.cn/files/styles/media_2_3_400_600/public/import_images/UploadFiles/expert/prouct_2014_1_17_UDBWR6UI.jpg?itok=nA_x4L5v,01_试点医院/中山大学肿瘤防治中心/照片/刘立志-影像科-主任医师-中山大学肿瘤防治中心.jpg,134878,87254bb9843dd29266900d7e921b4419cd07876dd10ae2c7f70ebbb8a05e7f89,400,600,
卓水清,https://www.sysucc.org.cn/node/3852,实采,,https://www.sysucc.org.cn/sites/cc.prod.sysucloud2.sysu.edu.cn/files/styles/media_2_3_400_600/public/import_images/upload/users/1/20200911/zhuoshuiqing202009_10690.jpg?itok=Q2NbsddT,01_试点医院/中山大学肿瘤防治中心/照片/卓水清-影像科-副主任技师-中山大学肿瘤防治中心.jpg,127558,c7e7372121ad24ee3e9d11ec62f1564f41217f94e1443d3e1dcb598911249d4a,400,600,
吕晓飞,https://www.sysucc.org.cn/node/3848,实采,,https://www.sysucc.org.cn/sites/cc.prod.sysucloud2.sysu.edu.cn/files/styles/media_2_3_400_600/public/2026-03/%E5%90%95%E6%99%93%E9%A3%9E1.jpg?itok=1WMgsCHR,01_试点医院/中山大学肿瘤防治中心/照片/吕晓飞-影像科-主任医师-中山大学肿瘤防治中心.jpg,207194,2a3d15d0b424a4b071844bbde81cd0eeef4958e2d1e51179b5212efb64c6b24c,400,600,
张卫东,https://www.sysucc.org.cn/node/3842,实采,,https://www.sysucc.org.cn/sites/cc.prod.sysucloud2.sysu.edu.cn/files/styles/media_2_3_400_600/public/import_images/UploadFiles/expert/prouct_2016_3_28_ZU4H8FOU.jpg?itok=2Fdk3h-x,01_试点医院/中山大学肿瘤防治中心/照片/张卫东-影像科-主任医师-中山大学肿瘤防治中心.jpg,151913,1c2ce0c4d7eb67517baea3d21419a721b2b376b118839f2b4ff7f9b0753d95e6,400,600,
张嵘,https://www.sysucc.org.cn/node/3837,实采,,https://www.sysucc.org.cn/sites/cc.prod.sysucloud2.sysu.edu.cn/files/styles/media_2_3_400_600/public/import_images/UploadFiles/expert/prouct_2014_1_17_AFT2K0ZE.jpg?itok=ZcHV0pTb,01_试点医院/中山大学肿瘤防治中心/照片/张嵘-影像科-主任医师-中山大学肿瘤防治中心.jpg,168486,43e5654dc1e50685d1c4a30d43824e8a91b7ac191272526d14cab8dcc0229442,400,600,
李琼,https://www.sysucc.org.cn/node/3854,失败,无照片容器,,,,,,,无照片容器
李立,https://www.sysucc.org.cn/node/3840,实采,,https://www.sysucc.org.cn/sites/cc.prod.sysucloud2.sysu.edu.cn/files/styles/media_2_3_400_600/public/import_images/UploadFiles/expert/prouct_2014_1_17_LT7NPS1A.jpg?itok=fDshJ3FZ,01_试点医院/中山大学肿瘤防治中心/照片/李立-影像科-主任医师-中山大学肿瘤防治中心.jpg,131015,df7ddd35d08fd112588dd3101c94a56728c5fd11ef2cb0ab942e80ecc1595a91,400,600,
李贻卓,https://www.sysucc.org.cn/node/3846,实采,,https://www.sysucc.org.cn/sites/cc.prod.sysucloud2.sysu.edu.cn/files/styles/media_2_3_400_600/public/import_images/UploadFiles/expert/prouct_2014_1_17_TY8QWOLA.jpg?itok=Vhqy54y4,01_试点医院/中山大学肿瘤防治中心/照片/李贻卓-影像科-主任医师-中山大学肿瘤防治中心.jpg,133261,ac268d25c7d410df9f0d13db98478c0478b02a2043413413b205608438cb80bf,400,600,
沈静娴,https://www.sysucc.org.cn/node/3843,实采,,https://www.sysucc.org.cn/sites/cc.prod.sysucloud2.sysu.edu.cn/files/styles/media_2_3_400_600/public/import_images/UploadFiles/expert/prouct_2015_2_25_E3EKCPWV.jpg?itok=I-fYeY6A,01_试点医院/中山大学肿瘤防治中心/照片/沈静娴-影像科-主任医师-中山大学肿瘤防治中心.jpg,177241,07f7727993b4d8d5bdd8bada6952abb8a707505fa64167ec4ffc6225e8c36d12,400,600,
田丽,https://www.sysucc.org.cn/node/3851,实采,,https://www.sysucc.org.cn/sites/cc.prod.sysucloud2.sysu.edu.cn/files/styles/media_2_3_400_600/public/import_images/upload/users/1/20200911/tianli202009_40916.jpg?itok=zGV7n7vy,01_试点医院/中山大学肿瘤防治中心/照片/田丽-影像科-副主任医师-中山大学肿瘤防治中心.jpg,114107,f7f92ab67c79fdc20363965b9688931e3de3c8e34ac7b1722d452734ec3d2230,400,600,
莫运仙,https://www.sysucc.org.cn/node/3849,失败,无照片容器,,,,,,,无照片容器
蒋新华,https://www.sysucc.org.cn/node/3850,实采,,https://www.sysucc.org.cn/sites/cc.prod.sysucloud2.sysu.edu.cn/files/styles/media_2_3_400_600/public/import_images/upload/users/1/20200911/jiangxinhua202009_63504.jpg?itok=LvB4Gfrd,01_试点医院/中山大学肿瘤防治中心/照片/蒋新华-影像科-副主任医师-中山大学肿瘤防治中心.jpg,159950,5014c704a18a3c54b15382b3a1f551bc183f60548f16b56015c7d8a549af59fd,400,600,
蔡培强,https://www.sysucc.org.cn/node/3847,实采,,https://www.sysucc.org.cn/sites/cc.prod.sysucloud2.sysu.edu.cn/files/styles/media_2_3_400_600/public/import_images/UploadFiles/expert/prouct_2015_2_25_MTCJQOWA.jpg?itok=CJiyp4X8,01_试点医院/中山大学肿瘤防治中心/照片/蔡培强-影像科-主任医师-中山大学肿瘤防治中心.jpg,134759,647127fce83e12826ffbca1380c06233227719b28b08bbca2f45cfe9aff08b5d,400,600,
谢传淼,https://www.sysucc.org.cn/node/3836,实采,,https://www.sysucc.org.cn/sites/cc.prod.sysucloud2.sysu.edu.cn/files/styles/media_2_3_400_600/public/2026-04/%E8%B0%A2%E4%BC%A0%E6%B7%BC1.jpg?itok=vcy02zpd,01_试点医院/中山大学肿瘤防治中心/照片/谢传淼-影像科-主任医师-中山大学肿瘤防治中心.jpg,203885,ade5872a6ac8de9fb090cf1b82a8a2db71fe7408e6d6256db0856f5af10d4c4e,400,600,
郑列,https://www.sysucc.org.cn/node/3844,实采,,https://www.sysucc.org.cn/sites/cc.prod.sysucloud2.sysu.edu.cn/files/styles/media_2_3_400_600/public/import_images/UploadFiles/expert/prouct_2014_1_21_T4IRITHU.jpg?itok=e7zRP11E,01_试点医院/中山大学肿瘤防治中心/照片/郑列-影像科-主任医师-中山大学肿瘤防治中心.jpg,133846,6a079ecf1765c7071573e22e1ad498767fb7afcb367324b5a89e6c64fd21502a,400,600,
阮超美,https://www.sysucc.org.cn/node/3845,实采,,https://www.sysucc.org.cn/sites/cc.prod.sysucloud2.sysu.edu.cn/files/styles/media_2_3_400_600/public/import_images/UploadFiles/expert/2011_6_14_48313_16503.jpg?itok=2tmmBSo5,01_试点医院/中山大学肿瘤防治中心/照片/阮超美-影像科-副主任医师-中山大学肿瘤防治中心.jpg,130046,e8fcebe5dad45d08b6ab2b8f81b0d6680914ae91686b7bb304e321b473aa3a5a,400,600,
吕衍春,https://www.sysucc.org.cn/node/3839,实采,,https://www.sysucc.org.cn/sites/cc.prod.sysucloud2.sysu.edu.cn/files/styles/media_2_3_400_600/public/2025-06/%E5%90%95%E8%A1%8D%E6%98%A5.jpg?itok=AYAITNkG,01_试点医院/中山大学肿瘤防治中心/照片/吕衍春-影像诊断-主任医师-中山大学肿瘤防治中心.jpg,196797,0eb861cb6e48a0eccbec4882273789f1106a7f39c402376d7efbbc07bd98cfed,400,600,
吕宁,https://www.sysucc.org.cn/node/3759,实采,,https://www.sysucc.org.cn/sites/cc.prod.sysucloud2.sysu.edu.cn/files/styles/media_2_3_400_600/public/2023-04/lvning-wcjrzlk-202304.jpg?itok=dtW11LrH,01_试点医院/中山大学肿瘤防治中心/照片/吕宁-微创介入治疗科-主任医师-中山大学肿瘤防治中心.jpg,178093,19365ff94aebffbe80d392935b18ed94678ae9640eb16a5230d865880ad0c21f,400,600,
吴沛宏,https://www.sysucc.org.cn/node/3750,实采,,https://www.sysucc.org.cn/sites/cc.prod.sysucloud2.sysu.edu.cn/files/styles/media_2_3_400_600/public/import_images/UploadFiles/expert/prouct_2014_1_17_XXGXSBED.jpg?itok=kaCkone6,01_试点医院/中山大学肿瘤防治中心/照片/吴沛宏-微创介入治疗科-一级主任医师-中山大学肿瘤防治中心.jpg,135570,eec3c96e4c7b3ec03e0139ca45a1a5b52cf0650f8710851ba125551beeae5875,400,600,
左孟轩,https://www.sysucc.org.cn/node/5084,实采,,https://www.sysucc.org.cn/sites/cc.prod.sysucloud2.sysu.edu.cn/files/styles/media_2_3_400_600/public/2023-04/zuomengxuan-wcjrzlk-202304.jpg?itok=xC-AwUxg,01_试点医院/中山大学肿瘤防治中心/照片/左孟轩-微创介入治疗科-副主任医师-中山大学肿瘤防治中心.jpg,175507,db0b82cfe715cd6e76b1126951f20a4e9097c2ccc01d881d5a2784e4a365c05e,400,600,
张天奇,https://www.sysucc.org.cn/node/6471,实采,,https://www.sysucc.org.cn/sites/cc.prod.sysucloud2.sysu.edu.cn/files/styles/media_2_3_400_600/public/2023-07/%E5%BC%A0%E5%A4%A9%E5%A5%87_3.jpg?itok=A5Us61be,01_试点医院/中山大学肿瘤防治中心/照片/张天奇-微创介入治疗科-副主任医师-中山大学肿瘤防治中心.jpg,169871,c51f8ad0f9256129de20114c8055d3c8f0b205b51a0c48bfba001134743cdaea,400,600,
张福君,https://www.sysucc.org.cn/node/3752,实采,,https://www.sysucc.org.cn/sites/cc.prod.sysucloud2.sysu.edu.cn/files/styles/media_2_3_400_600/public/2023-04/zhangfujun-wcjrzlk-202304.jpg?itok=7qtcW2CH,01_试点医院/中山大学肿瘤防治中心/照片/张福君-微创介入治疗科-主任医师-中山大学肿瘤防治中心.jpg,181350,19c0eecf42ce1e926e7da278de940bfd0ea9c934d17a2c58fd80f9411c5259bb,400,600,
曹飞,https://www.sysucc.org.cn/node/8057,实采,,https://www.sysucc.org.cn/sites/cc.prod.sysucloud2.sysu.edu.cn/files/styles/media_2_3_400_600/public/2024-05/%E6%9B%B9%E9%A3%9EV2.jpg?itok=Ity3fp3q,01_试点医院/中山大学肿瘤防治中心/照片/曹飞-微创介入治疗科-副主任医师-中山大学肿瘤防治中心.jpg,171152,07536878c8fbe34beb1112b2a04d77af6b65a159d6fb3e79f669ccb8e02a1b6c,400,600,
李旺,https://www.sysucc.org.cn/node/3758,实采,,https://www.sysucc.org.cn/sites/cc.prod.sysucloud2.sysu.edu.cn/files/styles/media_2_3_400_600/public/2023-04/liwang-wcjrzlk-202304.jpg?itok=G9rYwK_7,01_试点医院/中山大学肿瘤防治中心/照片/李旺-微创介入治疗科-主任医师-中山大学肿瘤防治中心.jpg,190798,e1be29943995f49e79b9145586a5b65cfa5de78b1dd0bd4e4d0ffa71c56a5732,400,600,
林乐涛,https://www.sysucc.org.cn/node/9135,实采,,https://www.sysucc.org.cn/sites/cc.prod.sysucloud2.sysu.edu.cn/files/styles/media_2_3_400_600/public/2025-02/%E6%9E%97%E4%B9%90%E6%B6%9B01.jpg?itok=NFlGE3OF,01_试点医院/中山大学肿瘤防治中心/照片/林乐涛-微创介入治疗科-副主任医师-中山大学肿瘤防治中心.jpg,219856,6c3588d9d013b9f796e0d0b3d33a93e04109e3d73134758809db7fdfd31c0c7d,400,600,
江艺泉,https://www.sysucc.org.cn/node/9772,实采,,https://www.sysucc.org.cn/sites/cc.prod.sysucloud2.sysu.edu.cn/files/styles/media_2_3_400_600/public/2026-03/%E6%B1%9F%E8%89%BA%E6%B3%89V1.png?itok=qYkaOR7O,01_试点医院/中山大学肿瘤防治中心/照片/江艺泉-微创介入治疗科-副主任医师-中山大学肿瘤防治中心.png,220493,6100d86d6b987aaeb7a2e8f9ddbfbf7f9101d0de3c32c01683f3e1e2f2048a80,400,600,
沈露俊,https://www.sysucc.org.cn/node/3760,实采,,https://www.sysucc.org.cn/sites/cc.prod.sysucloud2.sysu.edu.cn/files/styles/media_2_3_400_600/public/2023-04/shenlujun-wcjrzlk-202304.jpg?itok=uyGWDnOp,01_试点医院/中山大学肿瘤防治中心/照片/沈露俊-微创介入治疗科-副主任医师-中山大学肿瘤防治中心.jpg,165206,a3c09354563e1a24432df3818d1f5dd39dec28a0e93c462c93d41aa0791a4e89,400,600,
范卫君,https://www.sysucc.org.cn/node/3753,实采,,https://www.sysucc.org.cn/sites/cc.prod.sysucloud2.sysu.edu.cn/files/styles/media_2_3_400_600/public/2023-04/fanweijun-wcjrzlk-202304.jpg?itok=w0qdW4r0,01_试点医院/中山大学肿瘤防治中心/照片/范卫君-微创介入治疗科-主任医师-中山大学肿瘤防治中心.jpg,193392,fe6e4850be4f19eaccc050932ae1d9c0ce2f69459c7ba0173643f7bdb8145661,400,600,
赵明,https://www.sysucc.org.cn/node/3754,实采,,https://www.sysucc.org.cn/sites/cc.prod.sysucloud2.sysu.edu.cn/files/styles/media_2_3_400_600/public/2023-08/%E8%B5%B5%E6%98%8E.jpg?itok=MhUb6ZUK,01_试点医院/中山大学肿瘤防治中心/照片/赵明-微创介入治疗科-主任医师-中山大学肿瘤防治中心.jpg,136590,0768afbef91c869a7c89432ff9deda775bb40a81fa937c0e8580e6056b8617a8,400,600,
陈奇峰,https://www.sysucc.org.cn/node/10435,实采,,https://www.sysucc.org.cn/sites/cc.prod.sysucloud2.sysu.edu.cn/files/styles/media_2_3_400_600/public/2025-07/%E9%99%88%E5%A5%87%E5%B3%B01.png?itok=odHR9D_h,01_试点医院/中山大学肿瘤防治中心/照片/陈奇峰-微创介入治疗科-副主任医师-中山大学肿瘤防治中心.png,265852,47c7cb1c38a0aec522383843872f38e69db6c88576579a5712f81be9124daec6,400,600,
韩雪,https://www.sysucc.org.cn/node/12338,实采,,https://www.sysucc.org.cn/sites/cc.prod.sysucloud2.sysu.edu.cn/files/styles/media_2_3_400_600/public/2026-04/%E9%9F%A9%E9%9B%AA.jpg?itok=WjIE1rU7,01_试点医院/中山大学肿瘤防治中心/照片/韩雪-微创介入治疗科-副主任医师-中山大学肿瘤防治中心.jpg,152127,d4d90f58ee5edb3c9248e08033917bd8b70639002b2af44eaac1eb9e534fdb9e,400,600,
高飞,https://www.sysucc.org.cn/node/3756,实采,,https://www.sysucc.org.cn/sites/cc.prod.sysucloud2.sysu.edu.cn/files/styles/media_2_3_400_600/public/2023-04/gaofei-wcjrzlk-202304.jpg?itok=CAlJ__OL,01_试点医院/中山大学肿瘤防治中心/照片/高飞-微创介入治疗科-主任医师-中山大学肿瘤防治中心.jpg,174881,29a9a6f7ebb2d99fbcd4d4982a9eb1b8f2d64496d0af8a52c808417ea7578b29,400,600,
黄子林,https://www.sysucc.org.cn/node/3755,实采,,https://www.sysucc.org.cn/sites/cc.prod.sysucloud2.sysu.edu.cn/files/styles/media_2_3_400_600/public/2023-04/huangzilin-wcjrzlk-202304.jpg?itok=izDzw_3N,01_试点医院/中山大学肿瘤防治中心/照片/黄子林-微创介入治疗科-主任医师-中山大学肿瘤防治中心.jpg,185065,7e5775cf7eac6de162c32c277fd7d50cecbe784235ae16080004c5d6b0f2ab08,400,600,
黄职妹,https://www.sysucc.org.cn/node/3762,实采,,https://www.sysucc.org.cn/sites/cc.prod.sysucloud2.sysu.edu.cn/files/styles/media_2_3_400_600/public/2023-04/huangzhimei-wcjrzlk-202304.jpg?itok=wedGFtlX,01_试点医院/中山大学肿瘤防治中心/照片/黄职妹-微创介入治疗科-副主任医师-中山大学肿瘤防治中心.jpg,184801,b3c93e4bf094682e7fa792fb56651d06e5ddb29278bde21eb9da304e2e280c97,400,600,
黄金华,https://www.sysucc.org.cn/node/3751,实采,,https://www.sysucc.org.cn/sites/cc.prod.sysucloud2.sysu.edu.cn/files/styles/media_2_3_400_600/public/2023-04/huangjinhua-wcjrzlk-202304.jpg?itok=75oqSMNk,01_试点医院/中山大学肿瘤防治中心/照片/黄金华-微创介入治疗科-主任医师-中山大学肿瘤防治中心.jpg,196893,7da0d56eac2f5123776016021d46665bc33619c4b757ee10b601dc21dfdf4e87,400,600,
何伟雄,https://www.sysucc.org.cn/node/3827,实采,,https://www.sysucc.org.cn/sites/cc.prod.sysucloud2.sysu.edu.cn/files/styles/media_2_3_400_600/public/import_images/UploadFiles/expert/prouct_2013_4_2_OVT5E00U.jpg?itok=kun_ONNe,01_试点医院/中山大学肿瘤防治中心/照片/何伟雄-手术麻醉科-副主任医师-中山大学肿瘤防治中心.jpg,128462,71ef2d71b61689110bcbf707259783f499388a929a097dfaa7953fb031d20d1e,400,600,
卢雅立,https://www.sysucc.org.cn/node/3829,实采,,https://www.sysucc.org.cn/sites/cc.prod.sysucloud2.sysu.edu.cn/files/styles/media_2_3_400_600/public/import_images/UploadFiles/expert/prouct_2015_2_25_V9MPRVZ8.jpg?itok=3kTV_vyi,01_试点医院/中山大学肿瘤防治中心/照片/卢雅立-手术麻醉科-副主任医师-中山大学肿瘤防治中心.jpg,120814,abafa244765bc775d6b52848a420715d05b0b8342506158d00225b11cd89bb6c,400,600,
操隆辉,https://www.sysucc.org.cn/node/3831,实采,,https://www.sysucc.org.cn/sites/cc.prod.sysucloud2.sysu.edu.cn/files/styles/media_2_3_400_600/public/import_images/upload/users/1/20210224/caolonghui202102_56309.jpg?itok=Czix0GdE,01_试点医院/中山大学肿瘤防治中心/照片/操隆辉-手术麻醉科-主任医师-中山大学肿瘤防治中心.jpg,132346,69ff6650b84fdb3e47798908344fb9b1c25cdde8e5aa0f9b3444beb0c1b67d64,400,600,
曾维安,https://www.sysucc.org.cn/node/3817,实采,,https://www.sysucc.org.cn/sites/cc.prod.sysucloud2.sysu.edu.cn/files/styles/media_2_3_400_600/public/2025-04/%E6%9B%BE%E7%BB%B4%E5%AE%89.png?itok=ojVy3FoJ,01_试点医院/中山大学肿瘤防治中心/照片/曾维安-手术麻醉科-一级主任医师-中山大学肿瘤防治中心.png,317437,9ca1f12b0887701db191929535dee51b2b80756cda64311ca71a8dd9abdc04cc,400,600,
李伟,https://www.sysucc.org.cn/node/3818,实采,,https://www.sysucc.org.cn/sites/cc.prod.sysucloud2.sysu.edu.cn/files/styles/media_2_3_400_600/public/2023-04/liwei-ssmzk-202304.jpg?itok=ev3BBRnx,01_试点医院/中山大学肿瘤防治中心/照片/李伟-手术麻醉科-主任医师-中山大学肿瘤防治中心.jpg,186726,ffeb37e1d3e95082a19bad4ba38e7d330241c3dd9aec2300dfa0296aa5c2371a,400,600,
李强,https://www.sysucc.org.cn/node/3820,实采,,https://www.sysucc.org.cn/sites/cc.prod.sysucloud2.sysu.edu.cn/files/styles/media_2_3_400_600/public/import_images/upload/users/80/20190329/%E6%9D%8E%E5%BC%BA1_%E5%89%AF%E6%9C%AC_75872.jpg?itok=6BR7_zA3,01_试点医院/中山大学肿瘤防治中心/照片/李强-手术麻醉科-主任医师-中山大学肿瘤防治中心.jpg,136125,8665ea62ba9a8575343ab569e79e6f1bad3de3da81c6deec6977da2322728243,400,600,
李永春,https://www.sysucc.org.cn/node/12635,实采,,https://www.sysucc.org.cn/sites/cc.prod.sysucloud2.sysu.edu.cn/files/styles/media_2_3_400_600/public/2026-05/%E6%9D%8E%E6%B0%B8%E6%98%A51.jpg?itok=_1uFf0TE,01_试点医院/中山大学肿瘤防治中心/照片/李永春-手术麻醉科-副主任医师-中山大学肿瘤防治中心.jpg,194650,251a95568ec704f86693546127301a212f47f329939dcf123103f8f2a86e0331,400,600,
林文前,https://www.sysucc.org.cn/node/3819,实采,,https://www.sysucc.org.cn/sites/cc.prod.sysucloud2.sysu.edu.cn/files/styles/media_2_3_400_600/public/2023-04/linwenqian-ssmzk-202304.jpg?itok=hzvJfl2J,01_试点医院/中山大学肿瘤防治中心/照片/林文前-手术麻醉科-主任医师-中山大学肿瘤防治中心.jpg,194797,80d446e31234e8eb035f00cb69cde51bf613981a8bffb2bd9484362b2ebcc88b,400,600,
欧阳汉栋,https://www.sysucc.org.cn/node/3833,实采,,https://www.sysucc.org.cn/sites/cc.prod.sysucloud2.sysu.edu.cn/files/styles/media_2_3_400_600/public/import_images/upload/users/1/20210224/ouyanghandong202102_90779.jpg?itok=MHDdvovn,01_试点医院/中山大学肿瘤防治中心/照片/欧阳汉栋-手术麻醉科-主任医师-中山大学肿瘤防治中心.jpg,149843,8c41399d4a7c1dc509183d0cbf3c6e563cd8362f0bd9135518a9ab2ba58064a3,400,600,
温丽丽,https://www.sysucc.org.cn/node/3832,实采,,https://www.sysucc.org.cn/sites/cc.prod.sysucloud2.sysu.edu.cn/files/styles/media_2_3_400_600/public/import_images/upload/users/1/20210224/wenlili202102_89040.jpg?itok=BrR_jbwc,01_试点医院/中山大学肿瘤防治中心/照片/温丽丽-手术麻醉科-副主任医师-中山大学肿瘤防治中心.jpg,128734,a2f605387b940d0fde165d047db49eedede486d135728f3a144e28421c01adee,400,600,
王剑,https://www.sysucc.org.cn/node/3830,实采,,https://www.sysucc.org.cn/sites/cc.prod.sysucloud2.sysu.edu.cn/files/styles/media_2_3_400_600/public/import_images/upload/users/1/20210226/wangjian202102_29630.jpg?itok=2mW2ykDc,01_试点医院/中山大学肿瘤防治中心/照片/王剑-手术麻醉科-副主任医师-中山大学肿瘤防治中心.jpg,144121,f11934f297bc3ad1b16665a55fbb7e2c169d34119f94957e017d9831b653a7e3,400,600,
王培宗,https://www.sysucc.org.cn/node/10591,实采,,https://www.sysucc.org.cn/sites/cc.prod.sysucloud2.sysu.edu.cn/files/styles/media_2_3_400_600/public/2025-08/%E7%8E%8B%E5%9F%B9%E5%AE%971.jpg?itok=VdpqP8ps,01_试点医院/中山大学肿瘤防治中心/照片/王培宗-手术麻醉科-副主任医师-中山大学肿瘤防治中心.jpg,221023,35fb4e8133b2ed78eb01cb7d7dbf03a2d249bb486f9d1bd5f245a95ac6b14127,400,600,
王旭东,https://www.sysucc.org.cn/node/3826,实采,,https://www.sysucc.org.cn/sites/cc.prod.sysucloud2.sysu.edu.cn/files/styles/media_2_3_400_600/public/import_images/upload/users/1/20210226/wangxudong202102_45911.jpg?itok=e9Efwtwj,01_试点医院/中山大学肿瘤防治中心/照片/王旭东-手术麻醉科-副主任医师-中山大学肿瘤防治中心.jpg,144657,060af80837d697466551b59aa01864cae397c452f1f1173c4ecb017f6c925b07,400,600,
谢敬敦,https://www.sysucc.org.cn/node/3823,实采,,https://www.sysucc.org.cn/sites/cc.prod.sysucloud2.sysu.edu.cn/files/styles/media_2_3_400_600/public/import_images/upload/users/1/20210224/xiejingdun202102_81221.jpg?itok=2HXOufxi,01_试点医院/中山大学肿瘤防治中心/照片/谢敬敦-手术麻醉科-主任医师-中山大学肿瘤防治中心.jpg,129372,032f94ff09f1e6654decd8d84f91b22be220e029bf2365da109ba5a79b1242ec,400,600,
谢曼修,https://www.sysucc.org.cn/node/6861,实采,,https://www.sysucc.org.cn/sites/cc.prod.sysucloud2.sysu.edu.cn/files/styles/media_2_3_400_600/public/2023-10/%E8%B0%A2%E6%9B%BC%E4%BF%AE1.png?itok=4HfD4zDq,01_试点医院/中山大学肿瘤防治中心/照片/谢曼修-手术麻醉科-副主任医师-中山大学肿瘤防治中心.png,259440,5fed402e5bfd59a84f92a73f560203b7672fe5be26b7e7619cc0300cc53e437f,400,600,
谭红鹰,https://www.sysucc.org.cn/node/3828,实采,,https://www.sysucc.org.cn/sites/cc.prod.sysucloud2.sysu.edu.cn/files/styles/media_2_3_400_600/public/import_images/upload/users/1/20210224/tanhongying202102_61281.jpg?itok=JzZPk_Ch,01_试点医院/中山大学肿瘤防治中心/照片/谭红鹰-手术麻醉科-副主任医师-中山大学肿瘤防治中心.jpg,144781,95172f719a5671c661d2efe2ab1a51957df7f99e468dea36f0af54eddc343d6b,400,600,
赖仁纯,https://www.sysucc.org.cn/node/3821,实采,,https://www.sysucc.org.cn/sites/cc.prod.sysucloud2.sysu.edu.cn/files/styles/media_2_3_400_600/public/import_images/upload/users/80/20190329/%E8%B5%96%E4%BB%81%E7%BA%AF2_%E5%89%AF%E6%9C%AC_51821.jpg?itok=8jsIuiih,01_试点医院/中山大学肿瘤防治中心/照片/赖仁纯-手术麻醉科-主任医师-中山大学肿瘤防治中心.jpg,134638,3892ccd3dc14be9cc0f38f64aa0a7f425b994238edb49b10df5bed7a46ba0e6c,400,600,
赖洁兰,https://www.sysucc.org.cn/node/3835,实采,,https://www.sysucc.org.cn/sites/cc.prod.sysucloud2.sysu.edu.cn/files/styles/media_2_3_400_600/public/2023-10/5.jpg?itok=6UU94KGj,01_试点医院/中山大学肿瘤防治中心/照片/赖洁兰-手术麻醉科-副主任医师-中山大学肿瘤防治中心.jpg,175838,19ce1ea5d8981472f8ac861d4b91281addce191552e194435289bc5b054405c1,400,600,
邢蔚,https://www.sysucc.org.cn/node/3825,实采,,https://www.sysucc.org.cn/sites/cc.prod.sysucloud2.sysu.edu.cn/files/styles/media_2_3_400_600/public/import_images/UploadFiles/expert/prouct_2016_3_24_JSNBL1G8.jpg?itok=SXcd3yHF,01_试点医院/中山大学肿瘤防治中心/照片/邢蔚-手术麻醉科-主任医师-中山大学肿瘤防治中心.jpg,170876,ff2ab9a932ce7cc83d98a284b8135cc42347ae0419d66d531afea20b22aa79cf,400,600,
郭娜,https://www.sysucc.org.cn/node/8377,实采,,https://www.sysucc.org.cn/sites/cc.prod.sysucloud2.sysu.edu.cn/files/styles/media_2_3_400_600/public/2024-07/%E9%83%AD%E5%A8%9CV2.jpg?itok=hnPsRKqr,01_试点医院/中山大学肿瘤防治中心/照片/郭娜-手术麻醉科-副主任医师-中山大学肿瘤防治中心.jpg,135694,6eab3000d350a0d679969733fc5d66151f15ee2bc16a9083d0b6ef8281ab9d3d,400,600,
钟伟强,https://www.sysucc.org.cn/node/6444,实采,,https://www.sysucc.org.cn/sites/cc.prod.sysucloud2.sysu.edu.cn/files/styles/media_2_3_400_600/public/2023-07/4.%E9%92%9F%E4%BC%9F%E5%BC%BA%E6%89%8B%E6%9C%AF%E9%BA%BB%E9%86%89%E7%A7%91%E5%89%AF%E4%B8%BB%E4%BB%BB%E5%8C%BB%E5%B8%88B01652.jpeg?itok=Jw692vhX,01_试点医院/中山大学肿瘤防治中心/照片/钟伟强-手术麻醉科-副主任医师-中山大学肿瘤防治中心.jpg,135554,f88be6b015504585290e659cda4a9426f74575aaa7ce635d227d4ea80d261ffc,400,600,
陈东泰,https://www.sysucc.org.cn/node/3834,实采,,https://www.sysucc.org.cn/sites/cc.prod.sysucloud2.sysu.edu.cn/files/styles/media_2_3_400_600/public/2023-03/chendongtai-ssmzk-202303.jpg?itok=1_RQV0rx,01_试点医院/中山大学肿瘤防治中心/照片/陈东泰-手术麻醉科-副主任医师-中山大学肿瘤防治中心.jpg,203450,a1647d97dc52e2b6d4950a00eb7d219c433a63fcfb2f8c383d41cbba3e9ef27d,400,600,
黄婉,https://www.sysucc.org.cn/node/3824,实采,,https://www.sysucc.org.cn/sites/cc.prod.sysucloud2.sysu.edu.cn/files/styles/media_2_3_400_600/public/import_images/upload/users/1/20210224/huangwan202102_41464.jpg?itok=UMo-0b42,01_试点医院/中山大学肿瘤防治中心/照片/黄婉-手术麻醉科-副主任医师-中山大学肿瘤防治中心.jpg,122454,b043f07a0b2329601ffbd742c2abb4b0bb7b5fe3ecca0e2da64e71edb0a71d1e,400,600,
曹新平,https://www.sysucc.org.cn/node/1683,实采,,https://www.sysucc.org.cn/sites/cc.prod.sysucloud2.sysu.edu.cn/files/styles/media_2_3_400_600/public/2023-04/caoxinping-flk-202304.jpg?itok=upZrHZR4,01_试点医院/中山大学肿瘤防治中心/照片/曹新平-放疗科-主任医师-中山大学肿瘤防治中心.jpg,185431,7e965b6349c5eeb1a49204e8c4889eb305812297785470db08076ab34344a15b,400,600,
习勉,https://www.sysucc.org.cn/node/1681,实采,,https://www.sysucc.org.cn/sites/cc.prod.sysucloud2.sysu.edu.cn/files/styles/media_2_3_400_600/public/2023-04/ximian-flk-202304.jpg?itok=heWrsl-H,01_试点医院/中山大学肿瘤防治中心/照片/习勉-放疗科-主任医师-中山大学肿瘤防治中心.jpg,173825,1e87d57a6300822c55971d878469ed0095ceaa4535c0a7b55f5658ae5bfc9ef8,400,600,
何振宇,https://www.sysucc.org.cn/node/1665,实采,,https://www.sysucc.org.cn/sites/cc.prod.sysucloud2.sysu.edu.cn/files/styles/media_2_3_400_600/public/2023-04/hezhenyu-flk-202304.jpg?itok=al1iy6A2,01_试点医院/中山大学肿瘤防治中心/照片/何振宇-放疗科-主任医师-中山大学肿瘤防治中心.jpg,179758,520c8bde9b4dfef8d42bbe9bb43b8c21534680928753bfbf6d91d99d3cc6594a,400,600,
何立儒,https://www.sysucc.org.cn/node/1678,实采,,https://www.sysucc.org.cn/sites/cc.prod.sysucloud2.sysu.edu.cn/files/styles/media_2_3_400_600/public/2023-04/heliru-flk-202304.jpg?itok=BAmDANG3,01_试点医院/中山大学肿瘤防治中心/照片/何立儒-放疗科-主任医师-中山大学肿瘤防治中心.jpg,210528,bb16062c4c3c8945d82946ad00a5f9949208948f95c142c8c6ed9123d2119833,400,600,
刘孟忠,https://www.sysucc.org.cn/node/1662,实采,,https://www.sysucc.org.cn/sites/cc.prod.sysucloud2.sysu.edu.cn/files/styles/media_2_3_400_600/public/2023-03/liumengzhong-flk-202303.jpg?itok=vLDHJIK_,01_试点医院/中山大学肿瘤防治中心/照片/刘孟忠-放疗科-主任医师-中山大学肿瘤防治中心.jpg,178300,4c880a7250d60f0220a8cfaa60beffb006bc3ffb71d47378e4b64b61bf776c38,400,600,
刘慧(小),https://www.sysucc.org.cn/node/1658,实采,,https://www.sysucc.org.cn/sites/cc.prod.sysucloud2.sysu.edu.cn/files/styles/media_2_3_400_600/public/2023-03/liuhui-flk-202303.jpg?itok=o5Zc9whD,01_试点医院/中山大学肿瘤防治中心/照片/刘慧(小)-放疗科-主任医师-中山大学肿瘤防治中心.jpg,187321,6eb50db01ede234a05dc741719a905359a70e66517cf165b219c1a9dcd8188b4,400,600,
刘方杰,https://www.sysucc.org.cn/node/8257,实采,,https://www.sysucc.org.cn/sites/cc.prod.sysucloud2.sysu.edu.cn/files/styles/media_2_3_400_600/public/2024-06/%E5%88%98%E6%96%B9%E6%9D%B0.JPG?itok=y-c78e3H,01_试点医院/中山大学肿瘤防治中心/照片/刘方杰-放疗科-副主任医师-中山大学肿瘤防治中心.jpg,196322,1923931437abc2735b77f93e127d6fa45876a481df185fd409c574dc9e9359dc,400,600,
刘施亮,https://www.sysucc.org.cn/node/1713,实采,,https://www.sysucc.org.cn/sites/cc.prod.sysucloud2.sysu.edu.cn/files/styles/media_2_3_400_600/public/import_images/upload/users/1/20220424/liushiliang202204_68538.jpg?itok=3XrtOnFh,01_试点医院/中山大学肿瘤防治中心/照片/刘施亮-放疗科-副主任医师-中山大学肿瘤防治中心.jpg,150531,f8a04241bae6d760524969f0d2c715ce5c011d63216c3ad08b95f635ad2e0330,400,600,
刘洋,https://www.sysucc.org.cn/node/1723,实采,,https://www.sysucc.org.cn/sites/cc.prod.sysucloud2.sysu.edu.cn/files/styles/media_2_3_400_600/public/import_images/upload/users/1/20210304/liuyang202103_80650.jpg?itok=j7AnJz7o,01_试点医院/中山大学肿瘤防治中心/照片/刘洋-放疗科-副主任医师-中山大学肿瘤防治中心.jpg,148521,eca05da62d916ac811cf65fcfcf1f2141c9bfb3eec787231c94bdcb392c4c878,400,600,
刘睿奇,https://www.sysucc.org.cn/node/6216,实采,,https://www.sysucc.org.cn/sites/cc.prod.sysucloud2.sysu.edu.cn/files/styles/media_2_3_400_600/public/2023-05/liuruiqi-flk-202305.jpg?itok=q6bPWFnd,01_试点医院/中山大学肿瘤防治中心/照片/刘睿奇-放疗科-副主任医师-中山大学肿瘤防治中心.jpg,149337,70dbf84d8ce0536b4424585c82a8a72f5de741c2cdbeda55a97605d7c1540cd0,400,600,
刘红英,https://www.sysucc.org.cn/node/1691,实采,,https://www.sysucc.org.cn/sites/cc.prod.sysucloud2.sysu.edu.cn/files/styles/media_2_3_400_600/public/import_images/UploadFiles/expert/prouct_2014_1_17_YUGPPX22.jpg?itok=s7pjuEqI,01_试点医院/中山大学肿瘤防治中心/照片/刘红英-放疗科-副主任医师-中山大学肿瘤防治中心.jpg,150601,47cc16551f6ca7703498e65d2881f25eb8495d7984650f374089c9adff38971e,400,600,
刘需,https://www.sysucc.org.cn/node/1722,实采,,https://www.sysucc.org.cn/sites/cc.prod.sysucloud2.sysu.edu.cn/files/styles/media_2_3_400_600/public/import_images/upload/users/1/20220408/liuxu202204_99508.jpg?itok=6QgYbjZd,01_试点医院/中山大学肿瘤防治中心/照片/刘需-放疗科-副主任医师-中山大学肿瘤防治中心.jpg,147413,500811c16eed8f2ebbfd25f94c84fcb0220634c2d373205fc63f89c6be572eb3,400,600,
卢丽霞,https://www.sysucc.org.cn/node/1673,实采,,https://www.sysucc.org.cn/sites/cc.prod.sysucloud2.sysu.edu.cn/files/styles/media_2_3_400_600/public/2023-04/lulixia-flk-202304.jpg?itok=dTyVzXAh,01_试点医院/中山大学肿瘤防治中心/照片/卢丽霞-放疗科-主任医师-中山大学肿瘤防治中心.jpg,199507,c8cf7f884b4a00cd5c2031621ba0541992dbc26b2e11ae482165141ac5f7556e,400,600,
叶伟军,https://www.sysucc.org.cn/node/1689,实采,,https://www.sysucc.org.cn/sites/cc.prod.sysucloud2.sysu.edu.cn/files/styles/media_2_3_400_600/public/import_images/UploadFiles/expert/prouct_2014_1_17_HP19EE9Y.jpg?itok=v4B7Kp8U,01_试点医院/中山大学肿瘤防治中心/照片/叶伟军-放疗科-副主任医师-中山大学肿瘤防治中心.jpg,123292,37fdb7eb1e2ecae157c62e11a8ab37d6ec48a6db3a5a69ee7b184706ceffc6eb,400,600,
吕佳蔚,https://www.sysucc.org.cn/node/9637,实采,,https://www.sysucc.org.cn/sites/cc.prod.sysucloud2.sysu.edu.cn/files/styles/media_2_3_400_600/public/2026-02/%E5%90%95%E4%BD%B3%E8%94%9A.jpg?itok=b4YzkfBO,01_试点医院/中山大学肿瘤防治中心/照片/吕佳蔚-放疗科-副主任医师-中山大学肿瘤防治中心.jpg,212074,0fd6ae5d3a3216dd099cbbd43105b547a13f4f0e06a97d1ce50ce02161247560,400,600,
吴少雄,https://www.sysucc.org.cn/node/1666,实采,,https://www.sysucc.org.cn/sites/cc.prod.sysucloud2.sysu.edu.cn/files/styles/media_2_3_400_600/public/2023-03/wushaoxiong-flk-202303.jpg?itok=hIzu9wUD,01_试点医院/中山大学肿瘤防治中心/照片/吴少雄-放疗科-主任医师-中山大学肿瘤防治中心.jpg,175479,6647cf0d3bea429fae7f21155808d816e3d1de42fb7c5a2b0aa22efac69a148c,400,600,
周冠群,https://www.sysucc.org.cn/node/1718,实采,,https://www.sysucc.org.cn/sites/cc.prod.sysucloud2.sysu.edu.cn/files/styles/media_2_3_400_600/public/2023-10/%E6%94%BE%E7%96%97%E7%A7%91%2B%E5%91%A8%E5%86%A0%E7%BE%A4%2BB01741%20%E5%A4%A7%E5%9B%BE.jpg?itok=VP7QEuyw,01_试点医院/中山大学肿瘤防治中心/照片/周冠群-放疗科-主任医师-中山大学肿瘤防治中心.jpg,218750,34515a07da2a89b1d0895cb7926e45e40e1c49f691ec2e08a09cb93797887661,400,600,
唐玲珑,https://www.sysucc.org.cn/node/1677,实采,,https://www.sysucc.org.cn/sites/cc.prod.sysucloud2.sysu.edu.cn/files/styles/media_2_3_400_600/public/2023-04/tanglinglong-flk-202304.jpg?itok=Y-wf-94J,01_试点医院/中山大学肿瘤防治中心/照片/唐玲珑-放疗科-主任医师-中山大学肿瘤防治中心.jpg,208986,05bd7f26803bb5c6401c9e0935b0cf634d69ba92a5d09ab75646457bf4019605,400,600,
夏云飞,https://www.sysucc.org.cn/node/1656,实采,,https://www.sysucc.org.cn/sites/cc.prod.sysucloud2.sysu.edu.cn/files/styles/media_2_3_400_600/public/import_images/UploadFiles/expert/prouct_2014_1_17_CJME9V0R.jpg?itok=nNOZL5u2,01_试点医院/中山大学肿瘤防治中心/照片/夏云飞-放疗科-主任医师-中山大学肿瘤防治中心.jpg,135525,059e7d22c09c6596ba7a7a595d86c672890d1fa990e56f341e135f5b3f3900ab,400,600,
孙家媛,https://www.sysucc.org.cn/node/1701,实采,,https://www.sysucc.org.cn/sites/cc.prod.sysucloud2.sysu.edu.cn/files/styles/media_2_3_400_600/public/import_images/upload/users/1/20211123/sunjiayuan202111_55664.jpg?itok=B8NXVX9G,01_试点医院/中山大学肿瘤防治中心/照片/孙家媛-放疗科-副主任医师-中山大学肿瘤防治中心.jpg,146244,7f7deb4dfbd71ea974183f17ea7c77b5f192511bee585915d758f003d506b1ab,400,600,
孙颖,https://www.sysucc.org.cn/node/1654,实采,,https://www.sysucc.org.cn/sites/cc.prod.sysucloud2.sysu.edu.cn/files/styles/media_2_3_400_600/public/2025-12/%E5%AD%99%E9%A2%96251219.jpg?itok=u6IkNbjV,01_试点医院/中山大学肿瘤防治中心/照片/孙颖-放疗科-主任医师-中山大学肿瘤防治中心.jpg,106114,bf0ec4c509213f6f0504924f6df132086b25696ab504d3f0e64b21679a9e1770,400,600,
常晖,https://www.sysucc.org.cn/node/1705,实采,,https://www.sysucc.org.cn/sites/cc.prod.sysucloud2.sysu.edu.cn/files/styles/media_2_3_400_600/public/2023-04/changhui-flk-202304.jpg?itok=tU5Qz69m,01_试点医院/中山大学肿瘤防治中心/照片/常晖-放疗科-副主任医师-中山大学肿瘤防治中心.jpg,203731,d4ee0a994575f54c3bce2132af3121a4dd96fdea85468ea7026e4f4dc0628a22,400,600,
张媛,https://www.sysucc.org.cn/node/6443,实采,,https://www.sysucc.org.cn/sites/cc.prod.sysucloud2.sysu.edu.cn/files/styles/media_2_3_400_600/public/2023-07/3.%E5%BC%A0%E5%AA%9B.jpeg?itok=SPe0u-Nv,01_试点医院/中山大学肿瘤防治中心/照片/张媛-放疗科-副主任医师-中山大学肿瘤防治中心.jpg,125171,e899e964873ae3ae4e41ed0a9dff421370f127502f7f19124b4ab8559c4146b1,400,600,
徐骋,https://www.sysucc.org.cn/node/1716,实采,,https://www.sysucc.org.cn/sites/cc.prod.sysucloud2.sysu.edu.cn/files/styles/media_2_3_400_600/public/import_images/upload/users/1/20210816/xucheng202108_44772.jpg?itok=YMIaDbxy,01_试点医院/中山大学肿瘤防治中心/照片/徐骋-放疗科-副主任医师-中山大学肿瘤防治中心.jpg,147183,b6f857cbf583b7729caab396e141fefd6fadb1c862e8d4173b88232f1208e61d,400,600,
曾智帆,https://www.sysucc.org.cn/node/1688,实采,,https://www.sysucc.org.cn/sites/cc.prod.sysucloud2.sysu.edu.cn/files/styles/media_2_3_400_600/public/import_images/UploadFiles/expert/prouct_2013_4_10_BSJUQ4NW.jpg?itok=BTxqD0Sg,01_试点医院/中山大学肿瘤防治中心/照片/曾智帆-放疗科-副主任医师-中山大学肿瘤防治中心.jpg,150801,62b90682109489c1bd27788bb43534fc5c39a62dbf6a6d617ac0f54be9fb854c,400,600,
李凤岩,https://www.sysucc.org.cn/node/1690,实采,,https://www.sysucc.org.cn/sites/cc.prod.sysucloud2.sysu.edu.cn/files/styles/media_2_3_400_600/public/2024-05/%E6%9D%8E%E5%87%A4%E5%B2%A9%2BB00082%20%20V2.png?itok=zI0p6zV3,01_试点医院/中山大学肿瘤防治中心/照片/李凤岩-放疗科-主任医师-中山大学肿瘤防治中心.png,171356,9a2b25352c080d6837099fcf124570c98c971271efbf08d86178819af9ddc8a5,400,600,
李巧巧,https://www.sysucc.org.cn/node/1693,实采,,https://www.sysucc.org.cn/sites/cc.prod.sysucloud2.sysu.edu.cn/files/styles/media_2_3_400_600/public/2026-06/%E6%9D%8E%E5%B7%A7%E5%B7%A7.png?itok=BAbtL85g,01_试点医院/中山大学肿瘤防治中心/照片/李巧巧-放疗科-主任医师-中山大学肿瘤防治中心.png,255818,27a1bb857047029b945aa0bb00c57e74ee5f6057e5bff938144da1cba528dca6,400,600,
李文斐,https://www.sysucc.org.cn/node/1711,实采,,https://www.sysucc.org.cn/sites/cc.prod.sysucloud2.sysu.edu.cn/files/styles/media_2_3_400_600/public/import_images/upload/users/1/20210721/liwenfei202107_96240.jpg?itok=kZSMPjmS,01_试点医院/中山大学肿瘤防治中心/照片/李文斐-放疗科-副主任医师-中山大学肿瘤防治中心.jpg,134362,f6763c733baf9ba6496b2e8c804e2fb8c4a1933221f8687c7be1fab9fec212aa,400,600,
李绮雯,https://www.sysucc.org.cn/node/1702,实采,,https://www.sysucc.org.cn/sites/cc.prod.sysucloud2.sysu.edu.cn/files/styles/media_2_3_400_600/public/import_images/upload/users/1/20210622/liqiwen202106_87052.jpg?itok=z2r_mCOk,01_试点医院/中山大学肿瘤防治中心/照片/李绮雯-放疗科-副主任医师-中山大学肿瘤防治中心.jpg,138716,24632eabddcc680a2e9fd3756335b0fbfa6d379c4cf4cee1989d3b76a7e20b99,400,600,
杜晓京,https://www.sysucc.org.cn/node/6349,实采,,https://www.sysucc.org.cn/sites/cc.prod.sysucloud2.sysu.edu.cn/files/styles/media_2_3_400_600/public/2023-06/duxiaojing-flk-202306.jpg?itok=2Up41CJB,01_试点医院/中山大学肿瘤防治中心/照片/杜晓京-放疗科-主任医师-中山大学肿瘤防治中心.jpg,192611,b6c8fe3181938769d9190e14d209e69f47985d542b3d179946cf7f2e981cb2a0,400,600,
林丽,https://www.sysucc.org.cn/node/1712,实采,,https://www.sysucc.org.cn/sites/cc.prod.sysucloud2.sysu.edu.cn/files/styles/media_2_3_400_600/public/import_images/upload/users/1/20220424/linli202204_52826.jpg?itok=gyT132ec,01_试点医院/中山大学肿瘤防治中心/照片/林丽-放疗科-副主任医师-中山大学肿瘤防治中心.jpg,145912,a2d5dadb1523ab41a714c32486234bee9b986978ac002d9c7bfe42a2485e657d,400,600,
林焕新,https://www.sysucc.org.cn/node/1657,实采,,https://www.sysucc.org.cn/sites/cc.prod.sysucloud2.sysu.edu.cn/files/styles/media_2_3_400_600/public/2023-03/linhuanxin-flk-202303.jpg?itok=RpwrBi6s,01_试点医院/中山大学肿瘤防治中心/照片/林焕新-放疗科-主任医师-中山大学肿瘤防治中心.jpg,189753,029c99ba5e4f967930b412f07f9b4fc646d6e89fb33408ac219e122dff63f2b8,400,600,
欧阳普云,https://www.sysucc.org.cn/node/1724,实采,,https://www.sysucc.org.cn/sites/cc.prod.sysucloud2.sysu.edu.cn/files/styles/media_2_3_400_600/public/import_images/upload/users/1/20210825/ouyangpuyun202108_61175.jpg?itok=Uw8qkcEY,01_试点医院/中山大学肿瘤防治中心/照片/欧阳普云-放疗科-副主任医师-中山大学肿瘤防治中心.jpg,145109,b92361add9d6d02477dc78c00d47ef738225075b6a18cfbff9d05b21ea4e1daf,400,600,
欧阳翼,https://www.sysucc.org.cn/node/1714,实采,,https://www.sysucc.org.cn/sites/cc.prod.sysucloud2.sysu.edu.cn/files/styles/media_2_3_400_600/public/import_images/upload/users/1/20200507/ouyangyi_29861.jpg?itok=QxHSfhyk,01_试点医院/中山大学肿瘤防治中心/照片/欧阳翼-放疗科-副主任医师-中山大学肿瘤防治中心.jpg,137712,6748df6b962421544126994e0b28a8783032d729219e9e5496a7971a5b767414,400,600,
毛燕萍,https://www.sysucc.org.cn/node/1679,实采,,https://www.sysucc.org.cn/sites/cc.prod.sysucloud2.sysu.edu.cn/files/styles/media_2_3_400_600/public/2023-04/maoyanping-flk-202304.jpg?itok=4kxFN0IX,01_试点医院/中山大学肿瘤防治中心/照片/毛燕萍-放疗科-主任医师-中山大学肿瘤防治中心.jpg,195500,28f4e8b65355c9bc06123750dd53b27c3a158c4390dee0aa85172869cb397779,400,600,
王俏镟,https://www.sysucc.org.cn/node/6461,实采,,https://www.sysucc.org.cn/sites/cc.prod.sysucloud2.sysu.edu.cn/files/styles/media_2_3_400_600/public/2023-07/%E5%9B%BE%E7%89%871_0.png?itok=iEi2oGhL,01_试点医院/中山大学肿瘤防治中心/照片/王俏镟-放疗科-副主任医师-中山大学肿瘤防治中心.png,304095,6a6162c98434e9e5c3c0b6324c1109710c8b6899dfa22b446cbd917bca5c43bb,400,600,
王大权,https://www.sysucc.org.cn/node/7470,实采,,https://www.sysucc.org.cn/sites/cc.prod.sysucloud2.sysu.edu.cn/files/styles/media_2_3_400_600/public/2023-12/%E7%8E%8B%E5%A4%A7%E6%9D%83-%E7%85%A7%E7%89%87.jpg?itok=cNyuEY_K,01_试点医院/中山大学肿瘤防治中心/照片/王大权-放疗科-副主任医师-中山大学肿瘤防治中心.jpg,136903,2436ea6c8b3fb470066c283c2043a53d14ef4473c8a081a55f88466c97df23b7,400,600,
祝喻甲,https://www.sysucc.org.cn/node/1700,实采,,https://www.sysucc.org.cn/sites/cc.prod.sysucloud2.sysu.edu.cn/files/styles/media_2_3_400_600/public/import_images/upload/users/1/20180716/zhuyujia_56243.jpg?itok=-mOtaqt3,01_试点医院/中山大学肿瘤防治中心/照片/祝喻甲-放疗科-副主任医师-中山大学肿瘤防治中心.jpg,130054,50b7940a947c237fa4051acfde599de7eb1c0d00247f45861111d2bcfef3e7d6,400,600,
罗伟,https://www.sysucc.org.cn/node/1667,实采,,https://www.sysucc.org.cn/sites/cc.prod.sysucloud2.sysu.edu.cn/files/styles/media_2_3_400_600/public/2023-04/luowei-flk-202304.jpg?itok=jBwBhFXO,01_试点医院/中山大学肿瘤防治中心/照片/罗伟-放疗科-主任医师-中山大学肿瘤防治中心.jpg,187506,736dcbf97d939b63089b78fa61dcd6d98baa1d5f1bd6f76b626e539bfbba623c,400,600,
肖巍魏,https://www.sysucc.org.cn/node/1682,实采,,https://www.sysucc.org.cn/sites/cc.prod.sysucloud2.sysu.edu.cn/files/styles/media_2_3_400_600/public/2023-04/xiaoweiwei-flk-202304.jpg?itok=aRfw9Q_D,01_试点医院/中山大学肿瘤防治中心/照片/肖巍魏-放疗科-主任医师-中山大学肿瘤防治中心.jpg,197627,bd10e145a4971829ef58013037223f7f724cc2948615b55f1808f8e471d7f7a0,400,600,
胡伟汉,https://www.sysucc.org.cn/node/1668,实采,,https://www.sysucc.org.cn/sites/cc.prod.sysucloud2.sysu.edu.cn/files/styles/media_2_3_400_600/public/2023-04/huweihan-flk-202304.jpg?itok=Vot-3fTE,01_试点医院/中山大学肿瘤防治中心/照片/胡伟汉-放疗科-主任医师-中山大学肿瘤防治中心.jpg,193971,2b1fdbeceb0841303baa2f778b4aeb2779998db26ce80dceda53d01e0b8dd22c,400,600,
胡永红,https://www.sysucc.org.cn/node/1671,实采,,https://www.sysucc.org.cn/sites/cc.prod.sysucloud2.sysu.edu.cn/files/styles/media_2_3_400_600/public/import_images/UploadFiles/expert/prouct_2016_2_3_4XF1PKYM.jpg?itok=oyLq2EHb,01_试点医院/中山大学肿瘤防治中心/照片/胡永红-放疗科-主任医师-中山大学肿瘤防治中心.jpg,134467,dac984eed7d264fd994cacde54fc64ac264b096dac0f317cf399702a13d81d50,400,600,
苏勇,https://www.sysucc.org.cn/node/1669,实采,,https://www.sysucc.org.cn/sites/cc.prod.sysucloud2.sysu.edu.cn/files/styles/media_2_3_400_600/public/2023-04/suyong-flk-202304.jpg?itok=5jbKqgja,01_试点医院/中山大学肿瘤防治中心/照片/苏勇-放疗科-主任医师-中山大学肿瘤防治中心.jpg,179781,ecb1296ee36745bc84bf2ef2c29bf96300a50e36fedaa54a1329ea79b0cddab4,400,600,
董百强,https://www.sysucc.org.cn/node/8486,实采,,https://www.sysucc.org.cn/sites/cc.prod.sysucloud2.sysu.edu.cn/files/styles/media_2_3_400_600/public/2024-08/%E8%91%A3%E7%99%BE%E5%BC%BA.jpg?itok=iG50OhBK,01_试点医院/中山大学肿瘤防治中心/照片/董百强-放疗科-副主任医师-中山大学肿瘤防治中心.jpg,196264,e9f55a9ff0f300fb314dfd6d320d335b5999a9af279a7c8904f36d2e98f572c5,400,600,
蔡玲,https://www.sysucc.org.cn/node/1674,实采,,https://www.sysucc.org.cn/sites/cc.prod.sysucloud2.sysu.edu.cn/files/styles/media_2_3_400_600/public/2023-04/cailing-flk-202304.jpg?itok=vzp1vBSD,01_试点医院/中山大学肿瘤防治中心/照片/蔡玲-放疗科-主任医师-中山大学肿瘤防治中心.jpg,172510,102072d71f085698eecaf11dddd29ac54103c6eed0c4a47709b5ba2d8be35d46,400,600,
谢方云,https://www.sysucc.org.cn/node/1663,实采,,https://www.sysucc.org.cn/sites/cc.prod.sysucloud2.sysu.edu.cn/files/styles/media_2_3_400_600/public/2023-04/xiefangyun-flk-202304.jpg?itok=qt1xdfIY,01_试点医院/中山大学肿瘤防治中心/照片/谢方云-放疗科-主任医师-中山大学肿瘤防治中心.jpg,182492,28ede9b2746d55b80e14c50c898b0543a4aa5fd90cc490ee70c0369fce8e3bf6,400,600,
赵磊,https://www.sysucc.org.cn/node/1717,实采,,https://www.sysucc.org.cn/sites/cc.prod.sysucloud2.sysu.edu.cn/files/styles/media_2_3_400_600/public/import_images/upload/users/1/20190319/zhaolei_68178.jpg?itok=KdIDbQat,01_试点医院/中山大学肿瘤防治中心/照片/赵磊-放疗科-主任医师-中山大学肿瘤防治中心.jpg,114387,aa53d079b354a579cd9921effbe54ade09a695401ab7dab09dc327ead2856fb2,400,600,
邓美玲,https://www.sysucc.org.cn/node/1709,实采,,https://www.sysucc.org.cn/sites/cc.prod.sysucloud2.sysu.edu.cn/files/styles/media_2_3_400_600/public/import_images/upload/users/1/20210622/dengmeiling202106_49050.jpg?itok=XwlZX__n,01_试点医院/中山大学肿瘤防治中心/照片/邓美玲-放疗科-副主任医师-中山大学肿瘤防治中心.jpg,139062,618f9e1a75b209bc59cdcc04c10dc01f8239e7cfc60144c8d3464c7b91555edc,400,600,
邱波,https://www.sysucc.org.cn/node/1715,实采,,https://www.sysucc.org.cn/sites/cc.prod.sysucloud2.sysu.edu.cn/files/styles/media_2_3_400_600/public/2024-02/%E6%94%BE%E7%96%97%E7%A7%91%20%E5%89%AF%E9%AB%98%20%E9%82%B1%E6%B3%A2.jpg?itok=OQn9MyWs,01_试点医院/中山大学肿瘤防治中心/照片/邱波-放疗科-主任医师-中山大学肿瘤防治中心.jpg,167343,1f735a60352f60145e2f4bdf4418dce3c3229cd677f7f89e9d9cc91b68d00a45,400,600,
郭蕊,https://www.sysucc.org.cn/node/1710,实采,,https://www.sysucc.org.cn/sites/cc.prod.sysucloud2.sysu.edu.cn/files/styles/media_2_3_400_600/public/import_images/upload/users/1/20211105/guorui202111_42329.jpg?itok=95wrDlHw,01_试点医院/中山大学肿瘤防治中心/照片/郭蕊-放疗科-主任医师-中山大学肿瘤防治中心.jpg,157862,34b4979cc5d882ca1d8b3aabf2e84be7c653365e228e367ad3cd6791f6638ec8,400,600,
陈佛平,https://www.sysucc.org.cn/node/6455,实采,,https://www.sysucc.org.cn/sites/cc.prod.sysucloud2.sysu.edu.cn/files/styles/media_2_3_400_600/public/2023-07/77.png?itok=Td2nFhAi,01_试点医院/中山大学肿瘤防治中心/照片/陈佛平-放疗科-副主任医师-中山大学肿瘤防治中心.png,216223,30e656be5b1d2f0ca21269cb7b78496ef38c3d83e07fe60a0d020d8c3c5a5b3f,400,600,
陈凯,https://www.sysucc.org.cn/node/5764,实采,,https://www.sysucc.org.cn/sites/cc.prod.sysucloud2.sysu.edu.cn/files/styles/media_2_3_400_600/public/2023-03/chenkai-flk-202303.jpg?itok=nsF5fxUX,01_试点医院/中山大学肿瘤防治中心/照片/陈凯-放疗科-主任医师-中山大学肿瘤防治中心.jpg,228740,499062bf803563d8729cac7d124dd53b12aa84e78ad2285e4035403fd6eccb02,400,600,
陈媛媛,https://www.sysucc.org.cn/node/1687,实采,,https://www.sysucc.org.cn/sites/cc.prod.sysucloud2.sysu.edu.cn/files/styles/media_2_3_400_600/public/import_images/upload/users/1/20210322/chenyuanyuan202103_35584.jpg?itok=3rGhFMEH,01_试点医院/中山大学肿瘤防治中心/照片/陈媛媛-放疗科-主任医师-中山大学肿瘤防治中心.jpg,118942,dcd1666059d9de0f7200bd0929be0cfabbf65e9c2bc56debc01159242be67dbf,400,600,
陈宝清,https://www.sysucc.org.cn/node/1706,实采,,https://www.sysucc.org.cn/sites/cc.prod.sysucloud2.sysu.edu.cn/files/styles/media_2_3_400_600/public/import_images/upload/users/1/20220425/chenbaoqing202204_23346.jpg?itok=CFWYYMHZ,01_试点医院/中山大学肿瘤防治中心/照片/陈宝清-放疗科-副主任医师-中山大学肿瘤防治中心.jpg,133170,4d14a152979118e58619db0c78e42294a84603c76b82507e20f4794fb60bb4c5,400,600,
陈明,https://www.sysucc.org.cn/node/1655,实采,,https://www.sysucc.org.cn/sites/cc.prod.sysucloud2.sysu.edu.cn/files/styles/media_2_3_400_600/public/import_images/upload/users/1/20210318/chenming202103_97029.jpg?itok=au3ZH0iJ,01_试点医院/中山大学肿瘤防治中心/照片/陈明-放疗科-教授-中山大学肿瘤防治中心.jpg,154060,02cbeb78ff2bb6783a5f99c37623a7d18e6e608a4704cb00d5fb8695f6dd59d2,400,600,
陈春燕,https://www.sysucc.org.cn/node/1699,实采,,https://www.sysucc.org.cn/sites/cc.prod.sysucloud2.sysu.edu.cn/files/styles/media_2_3_400_600/public/2024-04/%E9%99%88%E6%98%A5%E7%87%95V1.jpg?itok=nmEeqLZd,01_试点医院/中山大学肿瘤防治中心/照片/陈春燕-放疗科-主任医师-中山大学肿瘤防治中心.jpg,207921,a3bf76a221ce9269c4a597a5ca949b59ca9d363ec6426998f59fc51500e36f86,400,600,
陈晨,https://www.sysucc.org.cn/node/1720,实采,,https://www.sysucc.org.cn/sites/cc.prod.sysucloud2.sysu.edu.cn/files/styles/media_2_3_400_600/public/import_images/upload/users/1/20211105/chenchen202111_51817.jpg?itok=WiJ1t3Vc,01_试点医院/中山大学肿瘤防治中心/照片/陈晨-放疗科-副主任医师-中山大学肿瘤防治中心.jpg,134242,d09fc84d0f77c815a0d53e36842fe6397bd0d7b7687b85dea0e29a7b84b581d3,400,600,
陈磊,https://www.sysucc.org.cn/node/1707,实采,,https://www.sysucc.org.cn/sites/cc.prod.sysucloud2.sysu.edu.cn/files/styles/media_2_3_400_600/public/2024-05/%E9%99%88%2BB01563V%21_0.jpg?itok=8_a7a5nb,01_试点医院/中山大学肿瘤防治中心/照片/陈磊-放疗科-主任医师-中山大学肿瘤防治中心.jpg,128744,54ddf903a172618c361a872166d61a344016c830f894f4b4e868d5f122d2bc2c,400,600,
陈雨沛,https://www.sysucc.org.cn/node/1708,实采,,https://www.sysucc.org.cn/sites/cc.prod.sysucloud2.sysu.edu.cn/files/styles/media_2_3_400_600/public/2025-04/%E9%99%88%E9%9B%A8%E6%B2%9B1.jpg?itok=4t6GZiw_,01_试点医院/中山大学肿瘤防治中心/照片/陈雨沛-放疗科-主任医师-中山大学肿瘤防治中心.jpg,216378,760b767dd2310aab4f37d52ef24c7ebfece89971e930415cf33813952c558c78,400,600,
陶亚岚,https://www.sysucc.org.cn/node/1725,实采,,https://www.sysucc.org.cn/sites/cc.prod.sysucloud2.sysu.edu.cn/files/styles/media_2_3_400_600/public/import_images/upload/users/1/20220117/taoyalan202201_77136.jpg?itok=ENnw1G3T,01_试点医院/中山大学肿瘤防治中心/照片/陶亚岚-放疗科-副主任医师-中山大学肿瘤防治中心.jpg,138253,43e2bda284475d68caedf7c56a33bf697b97d12e6b8ab02cac60a24abd7fcbde,400,600,
霍蓝青,https://www.sysucc.org.cn/node/8578,实采,,https://www.sysucc.org.cn/sites/cc.prod.sysucloud2.sysu.edu.cn/files/styles/media_2_3_400_600/public/2024-08/%E9%9C%8D%E8%93%9D%E9%9D%92V2.jpg?itok=21x5yr1p,01_试点医院/中山大学肿瘤防治中心/照片/霍蓝青-放疗科-副主任医师-中山大学肿瘤防治中心.jpg,180995,f0ff79ee6025cf5c6b914d1f4eca0e900ae1d5d5d76a1ae3a80357428b85a439,400,600,
韩非,https://www.sysucc.org.cn/node/1670,实采,,https://www.sysucc.org.cn/sites/cc.prod.sysucloud2.sysu.edu.cn/files/styles/media_2_3_400_600/public/2023-03/hanfei-flk-202303.jpg?itok=_D376ViB,01_试点医院/中山大学肿瘤防治中心/照片/韩非-放疗科-主任医师-中山大学肿瘤防治中心.jpg,189992,a4e66848646597464da950e549dae3c194dccfb71d98c66c009be236ab38bc3c,400,600,
马骏,https://www.sysucc.org.cn/node/1653,实采,,https://www.sysucc.org.cn/sites/cc.prod.sysucloud2.sysu.edu.cn/files/styles/media_2_3_400_600/public/2024-01/%E9%A9%AC%E9%AA%8F%E9%99%A2%E5%A3%AB.jpg?itok=7EQvZafp,01_试点医院/中山大学肿瘤防治中心/照片/马骏-放疗科-主任医师-中山大学肿瘤防治中心.jpg,228490,8c6a05dcb3b04600628128c03d223b8cec8690a6693348d402195f931aec2820,400,600,
高剑铭,https://www.sysucc.org.cn/node/1692,实采,,https://www.sysucc.org.cn/sites/cc.prod.sysucloud2.sysu.edu.cn/files/styles/media_2_3_400_600/public/2023-10/%E6%94%BE%E7%96%97%E7%A7%91%2B%E9%AB%98%E5%89%91%E9%93%AD%20B01034%20%E5%A4%A7%E5%9B%BE.jpg?itok=_OSllIud,01_试点医院/中山大学肿瘤防治中心/照片/高剑铭-放疗科-副主任医师-中山大学肿瘤防治中心.jpg,210827,7295b23e90dd0acc919da82b5ead3a01779e03f3e2609bc4ae79a4da1f9820d7,400,600,
高远红,https://www.sysucc.org.cn/node/1659,实采,,https://www.sysucc.org.cn/sites/cc.prod.sysucloud2.sysu.edu.cn/files/styles/media_2_3_400_600/public/2023-03/gaoyuanhong-flk-202303.jpg?itok=ARMoVJ99,01_试点医院/中山大学肿瘤防治中心/照片/高远红-放疗科-主任医师-中山大学肿瘤防治中心.jpg,209313,4a11f06aa8b897ae459403ed85dfce969047f56585ef2908517379ff449ece63,400,600,
黄晓丹,https://www.sysucc.org.cn/node/6666,实采,,https://www.sysucc.org.cn/sites/cc.prod.sysucloud2.sysu.edu.cn/files/styles/media_2_3_400_600/public/2024-04/%E9%BB%84%E6%99%93%E4%B8%B9V3.png?itok=oo6aeZX9,01_试点医院/中山大学肿瘤防治中心/照片/黄晓丹-放疗科-副主任医师-中山大学肿瘤防治中心.png,283363,bc2928988e90bc6ab92e903c1a6f61f724dcad2d7faedc4950d89cc056a428db,400,600,
黄莹,https://www.sysucc.org.cn/node/1680,实采,,https://www.sysucc.org.cn/sites/cc.prod.sysucloud2.sysu.edu.cn/files/styles/media_2_3_400_600/public/2023-04/huangying-flk-202304.jpg?itok=PW0XMhI1,01_试点医院/中山大学肿瘤防治中心/照片/黄莹-放疗科-主任医师-中山大学肿瘤防治中心.jpg,184540,217b7c7f69e74ca99e4b5ed458464d9d5c73b4cc1f6e295d4236e65b65762bea,400,600,
邓婷,https://www.sysucc.org.cn/node/3706,实采,,https://www.sysucc.org.cn/sites/cc.prod.sysucloud2.sysu.edu.cn/files/styles/media_2_3_400_600/public/import_images/upload/users/1/20220222/dengting202202_98963.jpg?itok=ApPY1qZL,01_试点医院/中山大学肿瘤防治中心/照片/邓婷-未标注-副主任医师-中山大学肿瘤防治中心.jpg,129509,b7c124ee855b00b33c77dfff1c0c1ed64732b72c2ffe3f616b2763d164946c06,400,600,
张伟光,https://www.sysucc.org.cn/node/3892,实采,,https://www.sysucc.org.cn/sites/cc.prod.sysucloud2.sysu.edu.cn/files/styles/media_2_3_400_600/public/import_images/upload/users/74/20210715/%E5%85%89%E8%80%81%E5%B8%88.webp_68437.jpg?itok=5vTcwxJj,01_试点医院/中山大学肿瘤防治中心/照片/张伟光-核医学科-副主任技师-中山大学肿瘤防治中心.jpg,119296,edcd869971132121384168562c3d4c7cefcaa5530805f2e9234490e88ff1f6d9,400,600,
林晓平,https://www.sysucc.org.cn/node/7556,实采,,https://www.sysucc.org.cn/sites/cc.prod.sysucloud2.sysu.edu.cn/files/styles/media_2_3_400_600/public/2025-04/%E6%9E%97%E6%99%93%E5%B9%B3.png?itok=uHy-Vv57,01_试点医院/中山大学肿瘤防治中心/照片/林晓平-核医学科-主任医师-中山大学肿瘤防治中心.jpg,98195,987f8c7d3763235b65dc5a8b5a37ab6c748e60544f414bc54c946cd2c0e916f2,400,600,
樊卫,https://www.sysucc.org.cn/node/3890,实采,,https://www.sysucc.org.cn/sites/cc.prod.sysucloud2.sysu.edu.cn/files/styles/media_2_3_400_600/public/import_images/UploadFiles/expert/prouct_2014_1_17_KD7B90G3.jpg?itok=c4wl_5WI,01_试点医院/中山大学肿瘤防治中心/照片/樊卫-核医学科-主任医师-中山大学肿瘤防治中心.jpg,138255,8e5f4b2df753fe0239a3d3d830be2959046e75598505623d6944e65041f3c006,400,600,
胡莹莹,https://www.sysucc.org.cn/node/8175,实采,,https://www.sysucc.org.cn/sites/cc.prod.sysucloud2.sysu.edu.cn/files/styles/media_2_3_400_600/public/2024-05/%E8%83%A1%E8%8E%B9%E8%8E%B9.jpg?itok=FSekpOW9,01_试点医院/中山大学肿瘤防治中心/照片/胡莹莹-核医学科-副主任医师-中山大学肿瘤防治中心.jpg,225303,c1fcba0eca03f29c71ff80d82db8b632a60a09a8e48136e39d5a76d7848511a7,400,600,
何霞,https://www.sysucc.org.cn/node/13431,实采,,https://www.sysucc.org.cn/sites/cc.prod.sysucloud2.sysu.edu.cn/files/styles/media_2_3_400_600/public/2026-07/%E4%BD%95%E9%9C%9E-%E7%85%A7%E7%89%87.jpg?itok=7vxedyIq,01_试点医院/中山大学肿瘤防治中心/照片/何霞-检验科-副主任技师-中山大学肿瘤防治中心.jpg,105021,2bc3f13c5e7129785f81d8d9063cc475e594da6066efea5604ba80a880d72993,400,600,
刘万里,https://www.sysucc.org.cn/node/3874,实采,,https://www.sysucc.org.cn/sites/cc.prod.sysucloud2.sysu.edu.cn/files/styles/media_2_3_400_600/public/2023-04/liuwanli-jyk-202304.jpg?itok=zb79aNwB,01_试点医院/中山大学肿瘤防治中心/照片/刘万里-检验科-主任技师-中山大学肿瘤防治中心.jpg,174056,41c0067b8a17049b20f4ba8aac592a7925d2a721a827bffdffffb45baf3bc1a1,400,600,
刘晓华,https://www.sysucc.org.cn/node/3888,实采,,https://www.sysucc.org.cn/sites/cc.prod.sysucloud2.sysu.edu.cn/files/styles/media_2_3_400_600/public/import_images/upload/users/1/20220614/liuxiaohua202206_23094.jpg?itok=tLXGYNH1,01_试点医院/中山大学肿瘤防治中心/照片/刘晓华-检验科-副主任技师-中山大学肿瘤防治中心.jpg,110246,7ae2348b3172be2b47130b682bd68f0139c8462148c8e5ae5647ddcd33c25d72,400,600,
刘纹,https://www.sysucc.org.cn/node/3887,实采,,https://www.sysucc.org.cn/sites/cc.prod.sysucloud2.sysu.edu.cn/files/styles/media_2_3_400_600/public/2023-04/liuwen-jyk-202304.jpg?itok=CnnyjH16,01_试点医院/中山大学肿瘤防治中心/照片/刘纹-检验科-副主任技师-中山大学肿瘤防治中心.jpg,227438,624c22a01f9be2dccadf1b837eca3e1b62edf597632a551de464f3a92ee4a428,400,600,
吴兴平,https://www.sysucc.org.cn/node/3878,实采,,https://www.sysucc.org.cn/sites/cc.prod.sysucloud2.sysu.edu.cn/files/styles/media_2_3_400_600/public/2023-04/wuxingping-jyk-202304.jpg?itok=YE4l_oc4,01_试点医院/中山大学肿瘤防治中心/照片/吴兴平-检验科-副主任技师-中山大学肿瘤防治中心.jpg,186469,0803caed03b1034d488af69dd835f8350ba079fe80d11fb66219576f635a6631,400,600,
张琳,https://www.sysucc.org.cn/node/3883,实采,,https://www.sysucc.org.cn/sites/cc.prod.sysucloud2.sysu.edu.cn/files/styles/media_2_3_400_600/public/2023-04/zhanglin-jyk-202304.jpg?itok=_p9PxyY8,01_试点医院/中山大学肿瘤防治中心/照片/张琳-检验科-主任技师-中山大学肿瘤防治中心.jpg,219718,ee1690f0121f005b960f87d8ae2bcdcdc2183288a15f713a7218cca3415784ed,400,600,
戴淑琴,https://www.sysucc.org.cn/node/3875,实采,,https://www.sysucc.org.cn/sites/cc.prod.sysucloud2.sysu.edu.cn/files/styles/media_2_3_400_600/public/2023-04/daishuqin-jyk-202304.jpg?itok=uGpZujDY,01_试点医院/中山大学肿瘤防治中心/照片/戴淑琴-检验科-主任技师-中山大学肿瘤防治中心.jpg,180927,be2f355d59633a26fc0d63916ef0233cc6c88838554f6078036b6804fb9c03fe,400,600,
李健沛,https://www.sysucc.org.cn/node/3885,实采,,https://www.sysucc.org.cn/sites/cc.prod.sysucloud2.sysu.edu.cn/files/styles/media_2_3_400_600/public/import_images/upload/users/1/20220614/lijianpei202206_81562.jpg?itok=nAWvXzTg,01_试点医院/中山大学肿瘤防治中心/照片/李健沛-检验科-副主任技师-中山大学肿瘤防治中心.jpg,109450,7b88f3f3019853ef40a5115ba73630c20864d63d8b2dafc79482ba70e516f047,400,600,
林月好,https://www.sysucc.org.cn/node/3876,实采,,https://www.sysucc.org.cn/sites/cc.prod.sysucloud2.sysu.edu.cn/files/styles/media_2_3_400_600/public/2023-04/linyuehao-jyk-202304.jpg?itok=o0Uyb8tq,01_试点医院/中山大学肿瘤防治中心/照片/林月好-检验科-副主任技师-中山大学肿瘤防治中心.jpg,181010,3ab659a2cc8a248a8cd9821ab48f1f2aad65db90942c81234abb67229b8a40ee,400,600,
池沛冬,https://www.sysucc.org.cn/node/3882,实采,,https://www.sysucc.org.cn/sites/cc.prod.sysucloud2.sysu.edu.cn/files/styles/media_2_3_400_600/public/2023-04/chipeidong-jyk-202304.jpg?itok=dDHU11Zd,01_试点医院/中山大学肿瘤防治中心/照片/池沛冬-检验科-主任技师-中山大学肿瘤防治中心.jpg,194020,55d307498d6277c74c0756dde6a47dc37ffc3067ceb30240b18c43306c3d83a4,400,600,
王雪萍,https://www.sysucc.org.cn/node/13430,实采,,https://www.sysucc.org.cn/sites/cc.prod.sysucloud2.sysu.edu.cn/files/styles/media_2_3_400_600/public/2026-07/%E7%8E%8B%E9%9B%AA%E8%90%8D-%E7%85%A7%E7%89%87.jpg?itok=2MgFk-Jc,01_试点医院/中山大学肿瘤防治中心/照片/王雪萍-检验科-副主任技师-中山大学肿瘤防治中心.jpg,263682,bb9a494356f95749ffbf14889dbb64058bafbc3a9da52808b6d99f94d7eff77f,400,600,
罗敏,https://www.sysucc.org.cn/node/12181,实采,,https://www.sysucc.org.cn/sites/cc.prod.sysucloud2.sysu.edu.cn/files/styles/media_2_3_400_600/public/2026-03/%E7%BD%97%E6%95%8F.png?itok=4nUQkDqz,01_试点医院/中山大学肿瘤防治中心/照片/罗敏-检验科-副研究员-中山大学肿瘤防治中心.png,207298,ca64c7c3c4bb962396f0079a4458ad6e34cb230a508f73c85aace660c26679ef,400,600,
罗耀凌,https://www.sysucc.org.cn/node/3881,实采,,https://www.sysucc.org.cn/sites/cc.prod.sysucloud2.sysu.edu.cn/files/styles/media_2_3_400_600/public/2023-04/luoyaoling-jyk-202304.jpg?itok=tT2Mm0AI,01_试点医院/中山大学肿瘤防治中心/照片/罗耀凌-检验科-副主任技师-中山大学肿瘤防治中心.jpg,176354,feffc7e56ad3c1f056a9e691730d02ef3d0a4a213dc9f4bca4ea486766fff77e,400,600,
邝妙欢,https://www.sysucc.org.cn/node/3879,实采,,https://www.sysucc.org.cn/sites/cc.prod.sysucloud2.sysu.edu.cn/files/styles/media_2_3_400_600/public/2023-04/kuangmiaohuan-jyk-202304.jpg?itok=TDKQG5Wb,01_试点医院/中山大学肿瘤防治中心/照片/邝妙欢-检验科-副主任技师-中山大学肿瘤防治中心.jpg,172201,a3183b02a439dc96085bca002ed3c585caf6093015eef823d0cdf9a3e160f8a5,400,600,
邢珊,https://www.sysucc.org.cn/node/13429,实采,,https://www.sysucc.org.cn/sites/cc.prod.sysucloud2.sysu.edu.cn/files/styles/media_2_3_400_600/public/2026-07/%E9%82%A2%E7%8F%8A-%E7%85%A7%E7%89%87.jpg?itok=okVJIujD,01_试点医院/中山大学肿瘤防治中心/照片/邢珊-检验科-副主任技师-中山大学肿瘤防治中心.jpg,114540,2168ff80c548c5833b4a4c6a4d1e5006c981d71949aee2fc734eb770f74a43dc,400,600,
郑炘,https://www.sysucc.org.cn/node/3889,实采,,https://www.sysucc.org.cn/sites/cc.prod.sysucloud2.sysu.edu.cn/files/styles/media_2_3_400_600/public/2023-04/zhengxin-jyk-202304.jpg?itok=I614HNUw,01_试点医院/中山大学肿瘤防治中心/照片/郑炘-检验科-副主任技师-中山大学肿瘤防治中心.jpg,149747,fde4e8db652a0caf57caf8fdce0507d263f415398456857b7d646488f83dfee4,400,600,
钟茜,https://www.sysucc.org.cn/node/12088,实采,,https://www.sysucc.org.cn/sites/cc.prod.sysucloud2.sysu.edu.cn/files/styles/media_2_3_400_600/public/2026-03/%E6%9D%8E%E5%B0%8F%E8%BE%89.png?itok=xB8So0cu,01_试点医院/中山大学肿瘤防治中心/照片/钟茜-检验科-研究员-中山大学肿瘤防治中心.png,291078,017e9b7523a4778fae1de7bcc6d4bb0abb0cd400c275ab48da0347ef3e0ca5cb,400,600,
陈树林,https://www.sysucc.org.cn/node/3886,实采,,https://www.sysucc.org.cn/sites/cc.prod.sysucloud2.sysu.edu.cn/files/styles/media_2_3_400_600/public/2023-04/chenshulin-jyk-202304.jpg?itok=9vwh0V7g,01_试点医院/中山大学肿瘤防治中心/照片/陈树林-检验科-副主任技师-中山大学肿瘤防治中心.jpg,144733,31f2b97e92d792deb2d407bbb9053ba51bee57c5b06789bc55d8fa26f39cb451,400,600,
陈浩,https://www.sysucc.org.cn/node/3884,实采,,https://www.sysucc.org.cn/sites/cc.prod.sysucloud2.sysu.edu.cn/files/styles/media_2_3_400_600/public/2023-04/chenhao-jyk-202304.jpg?itok=vmnJFKlf,01_试点医院/中山大学肿瘤防治中心/照片/陈浩-检验科-副主任技师-中山大学肿瘤防治中心.jpg,180764,5bd061a5311dd48108ca71bdfb84d519fb30b083630b66459b480bade9fcb9bb,400,600,
秦自科,https://www.sysucc.org.cn/node/3723,实采,,https://www.sysucc.org.cn/sites/cc.prod.sysucloud2.sysu.edu.cn/files/styles/media_2_3_400_600/public/2024-12/%E7%A7%A6%E8%87%AA%E7%A7%91.png?itok=k2CUBgP9,01_试点医院/中山大学肿瘤防治中心/照片/秦自科-泌尿外科-主任医师-中山大学肿瘤防治中心.png,205692,8ed2d4967472eeb1ff354986ea029dda86b784de7b21869637f115e097bc3232,400,600,
刘卓炜,https://www.sysucc.org.cn/node/3720,实采,,https://www.sysucc.org.cn/sites/cc.prod.sysucloud2.sysu.edu.cn/files/styles/media_2_3_400_600/public/2023-03/liuzhuowei-mnwk-202303.jpg?itok=o_PncJq1,01_试点医院/中山大学肿瘤防治中心/照片/刘卓炜-泌尿外科-一级主任医师-中山大学肿瘤防治中心.jpg,188412,8ea9c7ae22c01c2e8ec059e044b8581ab69995cd4daf3c5a314c39a1f8014c29,400,600,
刘振华,https://www.sysucc.org.cn/node/9133,实采,,https://www.sysucc.org.cn/sites/cc.prod.sysucloud2.sysu.edu.cn/files/styles/media_2_3_400_600/public/2025-02/%E5%88%98%E6%8C%AF%E5%8D%8E%E2%91%A0.png?itok=OVaHfN8t,01_试点医院/中山大学肿瘤防治中心/照片/刘振华-泌尿外科-副主任医师-中山大学肿瘤防治中心.png,181648,f6a7f54bec88a0ae60bf59b06cf74038c14b52abbc240dc1019d8d3c0255ae3f,400,600,
危文素,https://www.sysucc.org.cn/node/8772,实采,,https://www.sysucc.org.cn/sites/cc.prod.sysucloud2.sysu.edu.cn/files/styles/media_2_3_400_600/public/2024-10/10.29%20%E5%8D%B1%E6%96%87%E7%B4%A0.jpg?itok=hNtfBDa2,01_试点医院/中山大学肿瘤防治中心/照片/危文素-泌尿外科-副主任医师-中山大学肿瘤防治中心.jpg,116695,41d0a8c0c037acdad930ca3cc4fe7bd2d019310473c874a334aaae62976548fe,400,600,
叶云林,https://www.sysucc.org.cn/node/3731,实采,,https://www.sysucc.org.cn/sites/cc.prod.sysucloud2.sysu.edu.cn/files/styles/media_2_3_400_600/public/import_images/upload/users/1/20210622/yeyunlin202106_82180.jpg?itok=clcuZfFQ,01_试点医院/中山大学肿瘤防治中心/照片/叶云林-泌尿外科-副主任医师-中山大学肿瘤防治中心.jpg,155006,c9fe16aa9bba68e54b030d75ecd5a409af2836cba135eb486a221d6e60856d5f,400,600,
吴志明,https://www.sysucc.org.cn/node/3730,实采,,https://www.sysucc.org.cn/sites/cc.prod.sysucloud2.sysu.edu.cn/files/styles/media_2_3_400_600/public/import_images/upload/users/1/20220507/wuzhiming202205_16791.jpg?itok=vAijfxQ6,01_试点医院/中山大学肿瘤防治中心/照片/吴志明-泌尿外科-主任医师-中山大学肿瘤防治中心.jpg,141948,b39c28f75d1d8cd00e04a0552a413f1b7749288b67485fe354a30f5c1f1f47e2,400,600,
周芳坚,https://www.sysucc.org.cn/node/3721,实采,,https://www.sysucc.org.cn/sites/cc.prod.sysucloud2.sysu.edu.cn/files/styles/media_2_3_400_600/public/2023-03/zhoufangjian-mnwk-202303.jpg?itok=AqQPWAxN,01_试点医院/中山大学肿瘤防治中心/照片/周芳坚-泌尿外科-主任医师-中山大学肿瘤防治中心.jpg,176528,cc7b986fdaa5fbf2d7c5f6e6c7886f13d9d37e0003b7e4418696ccbe956eb56f,400,600,
尧凯,https://www.sysucc.org.cn/node/3724,实采,,https://www.sysucc.org.cn/sites/cc.prod.sysucloud2.sysu.edu.cn/files/styles/media_2_3_400_600/public/2023-03/yaokai-mnwk-202303.jpg?itok=lHVBb-LF,01_试点医院/中山大学肿瘤防治中心/照片/尧凯-泌尿外科-主任医师-中山大学肿瘤防治中心.jpg,204682,a73e8c97684d21fd8a7ce9111d40e3a3c2f6bcd9ff8fc0ed5d2137bc49fe47a7,400,600,
张志凌,https://www.sysucc.org.cn/node/3726,实采,,https://www.sysucc.org.cn/sites/cc.prod.sysucloud2.sysu.edu.cn/files/styles/media_2_3_400_600/public/2023-03/zhangzhiling-mnwk-202303.jpg?itok=5wio8g7L,01_试点医院/中山大学肿瘤防治中心/照片/张志凌-泌尿外科-主任医师-中山大学肿瘤防治中心.jpg,218181,cfd9b7be494131ed602d0257c2dcaae83a85e6aa144039dbfd12150fadbf9b11,400,600,
李向东,https://www.sysucc.org.cn/node/3732,实采,,https://www.sysucc.org.cn/sites/cc.prod.sysucloud2.sysu.edu.cn/files/styles/media_2_3_400_600/public/import_images/upload/users/1/20210622/lixiangdong202106_21099.jpg?itok=RsSVzs4k,01_试点医院/中山大学肿瘤防治中心/照片/李向东-泌尿外科-主任医师-中山大学肿瘤防治中心.jpg,135113,1d63130b928ffb0c90717172b590c4b0e3df97be7c3841ee5a80770be5047da0,400,600,
李志勇,https://www.sysucc.org.cn/node/6437,实采,,https://www.sysucc.org.cn/sites/cc.prod.sysucloud2.sysu.edu.cn/files/styles/media_2_3_400_600/public/2023-07/%E6%9D%8E%E5%BF%97%E5%8B%87.png?itok=RRi4GEwD,01_试点医院/中山大学肿瘤防治中心/照片/李志勇-泌尿外科-副主任医师-中山大学肿瘤防治中心.png,204380,907c588a52773318f046f5a2648062ec6b4d39ef727dc3b8d204b33004bd60c9,400,600,
李永红,https://www.sysucc.org.cn/node/3725,实采,,https://www.sysucc.org.cn/sites/cc.prod.sysucloud2.sysu.edu.cn/files/styles/media_2_3_400_600/public/2023-03/liyonghong-mnwk-202303.jpg?itok=sZizpO1P,01_试点医院/中山大学肿瘤防治中心/照片/李永红-泌尿外科-主任医师-中山大学肿瘤防治中心.jpg,191853,baf63c769092e02c0e77cb77418c61ac6139ebe6bd55f9a6e3249621b3f17ba9,400,600,
王骏,https://www.sysucc.org.cn/node/10096,实采,,https://www.sysucc.org.cn/sites/cc.prod.sysucloud2.sysu.edu.cn/files/styles/media_2_3_400_600/public/2025-05/%E7%8E%8B%E9%AA%8F1.jpg?itok=0ij1O8OF,01_试点医院/中山大学肿瘤防治中心/照片/王骏-泌尿外科-副主任医师-中山大学肿瘤防治中心.jpg,130122,a3657e4b75bc859d5f39ad1aa62305a755e7822cb15214b3ff5516d3afe9461c,400,600,
董培,https://www.sysucc.org.cn/node/3728,实采,,https://www.sysucc.org.cn/sites/cc.prod.sysucloud2.sysu.edu.cn/files/styles/media_2_3_400_600/public/2026-05/%E8%91%A3%E5%9F%B91.jpg?itok=06exXU9z,01_试点医院/中山大学肿瘤防治中心/照片/董培-泌尿外科-主任医师-中山大学肿瘤防治中心.jpg,206554,f3eb40a12f947f19de1594613ee27ff4d36d8e3affea3fd686d497c5199186f3,400,600,
蒋丽娟,https://www.sysucc.org.cn/node/3735,实采,,https://www.sysucc.org.cn/sites/cc.prod.sysucloud2.sysu.edu.cn/files/styles/media_2_3_400_600/public/import_images/upload/users/1/20211105/jianglijuan202111_28812.jpg?itok=eRLx3omw,01_试点医院/中山大学肿瘤防治中心/照片/蒋丽娟-泌尿外科-副主任医师-中山大学肿瘤防治中心.jpg,123040,3c162a1c50677c1ac4f7856b4a62e7a707e4e10ce02ab864c30cb2fc465b223f,400,600,
郭胜杰,https://www.sysucc.org.cn/node/3729,实采,,https://www.sysucc.org.cn/sites/cc.prod.sysucloud2.sysu.edu.cn/files/styles/media_2_3_400_600/public/import_images/upload/users/1/20180806/guoshengjie_41280.jpg?itok=QLrd3hzm,01_试点医院/中山大学肿瘤防治中心/照片/郭胜杰-泌尿外科-主任医师-中山大学肿瘤防治中心.jpg,123404,bfa8492acc7620fb39a0c95de8f0e1ccfcd6818be32cc657de43325b1c044fa1,400,600,
陈东,https://www.sysucc.org.cn/node/3727,实采,,https://www.sysucc.org.cn/sites/cc.prod.sysucloud2.sysu.edu.cn/files/styles/media_2_3_400_600/public/import_images/upload/users/1/20210810/chendong202108_77306.jpg?itok=VoiEDSpt,01_试点医院/中山大学肿瘤防治中心/照片/陈东-泌尿外科-副主任医师-中山大学肿瘤防治中心.jpg,129388,091206f9adbf1d50810cf814fb20b262b55864cf7eb25a3bd41592e5d62a39c0,400,600,
韩辉,https://www.sysucc.org.cn/node/3722,实采,,https://www.sysucc.org.cn/sites/cc.prod.sysucloud2.sysu.edu.cn/files/styles/media_2_3_400_600/public/2023-03/hanhui-mnwk-202303.jpg?itok=jqKS9HME,01_试点医院/中山大学肿瘤防治中心/照片/韩辉-泌尿外科-主任医师-中山大学肿瘤防治中心.jpg,211062,b487b79e145cfaac6c271aad2e06727941f2acae77639d122011764eb67abe94,400,600,
张湘衡,https://www.sysucc.org.cn/node/3711,实采,,https://www.sysucc.org.cn/sites/cc.prod.sysucloud2.sysu.edu.cn/files/styles/media_2_3_400_600/public/2023-04/zhangxiangheng-sjwk-202304.jpg?itok=umoUx23Q,01_试点医院/中山大学肿瘤防治中心/照片/张湘衡-熟练掌握显微手术和内镜手术-副主任医师-中山大学肿瘤防治中心.jpg,198696,735b79173b0b8fd5c6901009e392b58451a8163d212da75f6dd03e5435e2ebef,400,600,
丁娅,https://www.sysucc.org.cn/node/3787,实采,,https://www.sysucc.org.cn/sites/cc.prod.sysucloud2.sysu.edu.cn/files/styles/media_2_3_400_600/public/2023-04/dingya-swzlzx-202304.jpg?itok=nEpnb3-0,01_试点医院/中山大学肿瘤防治中心/照片/丁娅-生物治疗中心-副主任医师-中山大学肿瘤防治中心.jpg,192203,f1a0fb4833de1da3dc8495f99d9115592b8b6753b7927750cac3adac3dd94df5,400,600,
夏建川,https://www.sysucc.org.cn/node/3781,实采,,https://www.sysucc.org.cn/sites/cc.prod.sysucloud2.sysu.edu.cn/files/styles/media_2_3_400_600/public/2023-03/xiajianchuan-swzlzx-202303.jpg?itok=YiziUGXZ,01_试点医院/中山大学肿瘤防治中心/照片/夏建川-生物治疗中心-教授-中山大学肿瘤防治中心.jpg,172012,c1e9383171fb11bb0d3f28859da42a5a741f09a126e74aaac57fddf749b091bb,400,600,
张星,https://www.sysucc.org.cn/node/3783,实采,,https://www.sysucc.org.cn/sites/cc.prod.sysucloud2.sysu.edu.cn/files/styles/media_2_3_400_600/public/2023-03/zhangxing-swzlzx-202303.jpg?itok=jBfsflON,01_试点医院/中山大学肿瘤防治中心/照片/张星-生物治疗中心-主任医师-中山大学肿瘤防治中心.jpg,210483,6fd023164da12f79db7416cf4db60041d37f873385d6803e72f1a548eb7ff8cf,400,600,
张晓实,https://www.sysucc.org.cn/node/3782,实采,,https://www.sysucc.org.cn/sites/cc.prod.sysucloud2.sysu.edu.cn/files/styles/media_2_3_400_600/public/2023-03/zhangxiaoshi-swzlzx-202303.jpg?itok=R68jFgjB,01_试点医院/中山大学肿瘤防治中心/照片/张晓实-生物治疗中心-教授-中山大学肿瘤防治中心.jpg,215202,82fe3e0b615d1761c6d2a8f689493dd9669671905fdc851b43fe5345c4613fef,400,600,
彭瑞清,https://www.sysucc.org.cn/node/3786,实采,,https://www.sysucc.org.cn/sites/cc.prod.sysucloud2.sysu.edu.cn/files/styles/media_2_3_400_600/public/2023-04/pengruiqing-swzlzx-202304.jpg?itok=pmQC1wFQ,01_试点医院/中山大学肿瘤防治中心/照片/彭瑞清-生物治疗中心-副主任医师-中山大学肿瘤防治中心.jpg,180640,b7bfc929bfd78675d6eee5d3939528146e6f1957f5f18b4e544c3c73451bc082,400,600,
文习之,https://www.sysucc.org.cn/node/3791,实采,,https://www.sysucc.org.cn/sites/cc.prod.sysucloud2.sysu.edu.cn/files/styles/media_2_3_400_600/public/2023-04/wenxizhi-swzlzx-202304.jpg?itok=WSZVP-z1,01_试点医院/中山大学肿瘤防治中心/照片/文习之-生物治疗中心-副主任医师-中山大学肿瘤防治中心.jpg,194359,d185167b24e4375d12091caa8bd8f86ca66f935035be6c62aec4c7e1547f60b3,400,600,
李丹丹,https://www.sysucc.org.cn/node/3788,实采,,https://www.sysucc.org.cn/sites/cc.prod.sysucloud2.sysu.edu.cn/files/styles/media_2_3_400_600/public/2023-04/lidandan-swzlzx-202304.jpg?itok=yrVB8vDC,01_试点医院/中山大学肿瘤防治中心/照片/李丹丹-生物治疗中心-主任医师-中山大学肿瘤防治中心.jpg,175117,821df70d0570eef3b237f466df79acf1aaa36c84321dde36cf388fa591be740e,400,600,
李婧婧,https://www.sysucc.org.cn/node/5060,实采,,https://www.sysucc.org.cn/sites/cc.prod.sysucloud2.sysu.edu.cn/files/styles/media_2_3_400_600/public/2023-04/lijingjing-swzlzx-202304.jpg?itok=rDs7tZ9c,01_试点医院/中山大学肿瘤防治中心/照片/李婧婧-生物治疗中心-副主任医师-中山大学肿瘤防治中心.jpg,182296,9b736019875fd034582f36936855be828d9cdb2048cb9a474582a442395a80fa,400,600,
李疆,https://www.sysucc.org.cn/node/3784,实采,,https://www.sysucc.org.cn/sites/cc.prod.sysucloud2.sysu.edu.cn/files/styles/media_2_3_400_600/public/2023-03/lijiang-swzlzx-202303.jpg?itok=8dHXcEOd,01_试点医院/中山大学肿瘤防治中心/照片/李疆-生物治疗中心-助理研究员-中山大学肿瘤防治中心.jpg,204149,4d343247096aab144a12144a1257743baf8be172e0a026f591bf4b15327c2703,400,600,
杨静,https://www.sysucc.org.cn/node/11362,实采,,https://www.sysucc.org.cn/sites/cc.prod.sysucloud2.sysu.edu.cn/files/styles/media_2_3_400_600/public/2025-11/%E6%9D%A8%E9%9D%99.jpg?itok=Yf--KWMw,01_试点医院/中山大学肿瘤防治中心/照片/杨静-生物治疗中心-副主任医师-中山大学肿瘤防治中心.jpg,200289,7388727df1378346dfdb782542947c3c25c8e27e94e5bbb8f2823e90b8d0164f,400,600,
潘求忠,https://www.sysucc.org.cn/node/3790,实采,,https://www.sysucc.org.cn/sites/cc.prod.sysucloud2.sysu.edu.cn/files/styles/media_2_3_400_600/public/2023-04/panqiuzhong-swzlzx-202304.jpg?itok=P8CAlYUm,01_试点医院/中山大学肿瘤防治中心/照片/潘求忠-生物治疗中心-副主任医师-中山大学肿瘤防治中心.jpg,172323,adb6176f308350933caa0f598fcf5c3ac1ffc889e9fa123e90d4400e9a8143c6,400,600,
翁德胜,https://www.sysucc.org.cn/node/3785,实采,,https://www.sysucc.org.cn/sites/cc.prod.sysucloud2.sysu.edu.cn/files/styles/media_2_3_400_600/public/2023-03/wengdesheng-swzlzx-202303.jpg?itok=il2ky11o,01_试点医院/中山大学肿瘤防治中心/照片/翁德胜-生物治疗中心-主任医师-中山大学肿瘤防治中心.jpg,193256,f64b15d344a9bbb3241051fcee4ff40b6f24565ca9961d7ce863c3e4c492309e,400,600,
赵靖靖,https://www.sysucc.org.cn/node/3789,实采,,https://www.sysucc.org.cn/sites/cc.prod.sysucloud2.sysu.edu.cn/files/styles/media_2_3_400_600/public/2023-04/zhaojingjing-swzlzx-202304.jpg?itok=i-dqvpaZ,01_试点医院/中山大学肿瘤防治中心/照片/赵靖靖-生物治疗中心-主任医师-中山大学肿瘤防治中心.jpg,169030,50c819e340be576d8218b511b5d657c36f975c05e7eecda6242a100c103f01e4,400,600,
郑利民,https://www.sysucc.org.cn/node/1542,实采,,https://www.sysucc.org.cn/sites/cc.prod.sysucloud2.sysu.edu.cn/files/styles/media_2_3_400_600/public/import_images/UploadFiles/expert/prouct_2015_4_27_BVQ8F8AW.jpg?itok=5zHCpP-F,01_试点医院/中山大学肿瘤防治中心/照片/郑利民-生物治疗中心-教授-中山大学肿瘤防治中心.jpg,143221,cc119d061599bbf3d14aac25b439c17270cbe11efed3b12e8d0a2abb49036f26,400,600,
云径平,https://www.sysucc.org.cn/node/3855,实采,,https://www.sysucc.org.cn/sites/cc.prod.sysucloud2.sysu.edu.cn/files/styles/media_2_3_400_600/public/import_images/upload/users/1/20210811/yunjingping202108_14083.jpg?itok=zRV4_5Q-,01_试点医院/中山大学肿瘤防治中心/照片/云径平-病理科-主任医师-中山大学肿瘤防治中心.jpg,133688,063dc469dc235f8779b60cc8c2731fbbed5c6740ab79a315129a4514aaba1ada,400,600,
何洁华,https://www.sysucc.org.cn/node/3858,实采,,https://www.sysucc.org.cn/sites/cc.prod.sysucloud2.sysu.edu.cn/files/styles/media_2_3_400_600/public/import_images/upload/users/1/20210811/hejiehua202108_80502.jpg?itok=TLb5J1Td,01_试点医院/中山大学肿瘤防治中心/照片/何洁华-病理科-主任医师-中山大学肿瘤防治中心.jpg,135184,29204ea76f6c345da63685ae2d039758f488250c8474b054ab16ccad4de9e970,400,600,
凌逸虹,https://www.sysucc.org.cn/node/9264,实采,,https://www.sysucc.org.cn/sites/cc.prod.sysucloud2.sysu.edu.cn/files/styles/media_2_3_400_600/public/2025-02/%E5%87%8C%E9%80%B8%E8%99%B9.jpg?itok=U5LIN89S,01_试点医院/中山大学肿瘤防治中心/照片/凌逸虹-病理科-副主任医师-中山大学肿瘤防治中心.jpg,242070,228cbd5f381e9aa4dcb61ce92515596868c43a65422e99cb07dec9485063e305,400,600,
刘莉莉,https://www.sysucc.org.cn/node/3869,实采,,https://www.sysucc.org.cn/sites/cc.prod.sysucloud2.sysu.edu.cn/files/styles/media_2_3_400_600/public/import_images/upload/users/1/20210816/liulili202108_29848.jpg?itok=iK2SBmSH,01_试点医院/中山大学肿瘤防治中心/照片/刘莉莉-病理科-副主任医师-中山大学肿瘤防治中心.jpg,147363,ce1eba52b74da843dd04b82c983aa70540b5b5169cf0a57f18110b7ae501859d,400,600,
向锦,https://www.sysucc.org.cn/node/3864,实采,,https://www.sysucc.org.cn/sites/cc.prod.sysucloud2.sysu.edu.cn/files/styles/media_2_3_400_600/public/import_images/upload/users/1/20210811/xiangjin202108_20373.jpg?itok=7XwTXi0X,01_试点医院/中山大学肿瘤防治中心/照片/向锦-病理科-副主任医师-中山大学肿瘤防治中心.jpg,136222,bbce8a11379e23a77cd6c3c45a8db1d775ef6cc128b53fd78ef0d1c5bad81a1b,400,600,
吴秋良,https://www.sysucc.org.cn/node/3859,实采,,https://www.sysucc.org.cn/sites/cc.prod.sysucloud2.sysu.edu.cn/files/styles/media_2_3_400_600/public/import_images/upload/users/1/20210811/wuqiuliang202108_61572.jpg?itok=MeBmRjvC,01_试点医院/中山大学肿瘤防治中心/照片/吴秋良-病理科-主任医师-中山大学肿瘤防治中心.jpg,141061,a797a95cf9616f0cccaaa28fd94a9436ec29ee964d05db3416d2d6014dd6044d,400,600,
奚少彦,https://www.sysucc.org.cn/node/3872,实采,,https://www.sysucc.org.cn/sites/cc.prod.sysucloud2.sysu.edu.cn/files/styles/media_2_3_400_600/public/import_images/upload/users/1/20210816/xishaoyan202108_40933.jpg?itok=wjkiJk0f,01_试点医院/中山大学肿瘤防治中心/照片/奚少彦-病理科-副主任医师-中山大学肿瘤防治中心.jpg,137111,efeb236ccbf3ab4dbf73a27b6c87a5c762b151314893613476254c0492d65f5a,400,600,
孙鹏,https://www.sysucc.org.cn/node/3871,实采,,https://www.sysucc.org.cn/sites/cc.prod.sysucloud2.sysu.edu.cn/files/styles/media_2_3_400_600/public/import_images/upload/users/1/20210816/sunpeng202108_41130.jpg?itok=a2M-kBfp,01_试点医院/中山大学肿瘤防治中心/照片/孙鹏-病理科-副主任医师-中山大学肿瘤防治中心.jpg,139075,a04a5ebe813c9c1e35fe9cf722fb839275462ba045e804b79f38e7983d6ad3da,400,600,
张惠忠,https://www.sysucc.org.cn/node/3857,实采,,https://www.sysucc.org.cn/sites/cc.prod.sysucloud2.sysu.edu.cn/files/styles/media_2_3_400_600/public/import_images/upload/users/1/20210811/zhanghuizhong202108_55223.jpg?itok=9f6S8FUP,01_试点医院/中山大学肿瘤防治中心/照片/张惠忠-病理科-主任医师-中山大学肿瘤防治中心.jpg,146744,799dbbd7e76112b7f067bad41545be888fc877677b999d7d0b2562085040786a,400,600,
张迎春,https://www.sysucc.org.cn/node/3866,实采,,https://www.sysucc.org.cn/sites/cc.prod.sysucloud2.sysu.edu.cn/files/styles/media_2_3_400_600/public/import_images/upload/users/1/20210816/zhangyingchun202108_78741.jpg?itok=-cKqI_O8,01_试点医院/中山大学肿瘤防治中心/照片/张迎春-病理科-副教授-中山大学肿瘤防治中心.jpg,134279,53df857c21fb3fc90507ba5b5a224ff76b466f2c990c207d7f49de3a22074e1e,400,600,
张静,https://www.sysucc.org.cn/node/3860,实采,,https://www.sysucc.org.cn/sites/cc.prod.sysucloud2.sysu.edu.cn/files/styles/media_2_3_400_600/public/import_images/upload/users/1/20210811/zhangjing202108_63846.jpg?itok=H1Ua7Wjh,01_试点医院/中山大学肿瘤防治中心/照片/张静-病理科-主任医师-中山大学肿瘤防治中心.jpg,138237,a0e8a07c4373581ec74d0e8cd2b705cfa42c1afda73dec945cacc3f5ee8ada3b,400,600,
曹云,https://www.sysucc.org.cn/node/3861,实采,,https://www.sysucc.org.cn/sites/cc.prod.sysucloud2.sysu.edu.cn/files/styles/media_2_3_400_600/public/import_images/upload/users/1/20210811/caoyun202108_74003.jpg?itok=nY4KJwDs,01_试点医院/中山大学肿瘤防治中心/照片/曹云-病理科-主任医师-中山大学肿瘤防治中心.jpg,138033,42430e9ccf8d89293d28633ca7766899b35516a55577dc3465e143444873c610,400,600,
曾敬,https://www.sysucc.org.cn/node/3865,实采,,https://www.sysucc.org.cn/sites/cc.prod.sysucloud2.sysu.edu.cn/files/styles/media_2_3_400_600/public/import_images/upload/users/1/20210811/zengjing202108_40967.jpg?itok=gFT7fyXT,01_试点医院/中山大学肿瘤防治中心/照片/曾敬-病理科-副主任医师-中山大学肿瘤防治中心.jpg,126637,61b86d9ceddaf2b2067fdfbb52fcd9c658d9838a69b568c37b09d90c192bdd11,400,600,
林素暇,https://www.sysucc.org.cn/node/3863,实采,,https://www.sysucc.org.cn/sites/cc.prod.sysucloud2.sysu.edu.cn/files/styles/media_2_3_400_600/public/import_images/upload/users/1/20210811/linsuxia202108_47219.jpg?itok=4JWlYcub,01_试点医院/中山大学肿瘤防治中心/照片/林素暇-病理科-副主任医师-中山大学肿瘤防治中心.jpg,141806,97fd31fc4022ecdf61a3d240bf762c68392cbabc155d9afabdb8009ed8ac77ce,400,600,
梁建中,https://www.sysucc.org.cn/node/3868,实采,,https://www.sysucc.org.cn/sites/cc.prod.sysucloud2.sysu.edu.cn/files/styles/media_2_3_400_600/public/import_images/upload/users/1/20210816/liangjianzhong202108_63318.jpg?itok=-nEUIXQ8,01_试点医院/中山大学肿瘤防治中心/照片/梁建中-病理科-副主任技师-中山大学肿瘤防治中心.jpg,143254,a55ac970e1a7b22a4e74757656ed24694964ad81d141dd8fddfa0f7ec4867038,400,600,
罗容珍,https://www.sysucc.org.cn/node/3862,实采,,https://www.sysucc.org.cn/sites/cc.prod.sysucloud2.sysu.edu.cn/files/styles/media_2_3_400_600/public/import_images/upload/users/1/20210811/luorongzhen202108_96988.jpg?itok=EX-lEo_3,01_试点医院/中山大学肿瘤防治中心/照片/罗容珍-病理科-主任医师-中山大学肿瘤防治中心.jpg,135903,f1396c8635eb0d010a31d08ba4e3ee19d828bdd10876a02632f1e1002a935e35,400,600,
肖永波,https://www.sysucc.org.cn/node/3873,实采,,https://www.sysucc.org.cn/sites/cc.prod.sysucloud2.sysu.edu.cn/files/styles/media_2_3_400_600/public/import_images/upload/users/1/20211215/xiaoyongbo202112_91365.jpg?itok=rV4O_AY4,01_试点医院/中山大学肿瘤防治中心/照片/肖永波-病理科-副主任技师-中山大学肿瘤防治中心.jpg,143574,ab07954fac0c75ca4d8e88f67609b4c200236d74ef94b36217d03ec8545f702a,400,600,
蔡木炎,https://www.sysucc.org.cn/node/3867,实采,,https://www.sysucc.org.cn/sites/cc.prod.sysucloud2.sysu.edu.cn/files/styles/media_2_3_400_600/public/import_images/upload/users/1/20220613/caimuyan202206_63472.jpg?itok=CYLHhINT,01_试点医院/中山大学肿瘤防治中心/照片/蔡木炎-病理科-主任医师-中山大学肿瘤防治中心.jpg,166314,a0f69e5f7551b150d0f15f3c3d06d91573919e3f91028c1bc6c1c5232eae57c1,400,600,
谢丹,https://www.sysucc.org.cn/node/1541,实采,,https://www.sysucc.org.cn/sites/cc.prod.sysucloud2.sysu.edu.cn/files/styles/media_2_3_400_600/public/import_images/upload/users/1/20210811/xiedan202108_23295.jpg?itok=wDFiEwMg,01_试点医院/中山大学肿瘤防治中心/照片/谢丹-病理科-教授-中山大学肿瘤防治中心.jpg,144067,e4a7e4f0d5996902f73a0a283bee75a07eaacaba04edbbcf01f8334cdcdc3988,400,600,
饶慧兰,https://www.sysucc.org.cn/node/3856,实采,,https://www.sysucc.org.cn/sites/cc.prod.sysucloud2.sysu.edu.cn/files/styles/media_2_3_400_600/public/import_images/upload/users/1/20210811/raohuilan202108_76069.jpg?itok=ME8aZv1F,01_试点医院/中山大学肿瘤防治中心/照片/饶慧兰-病理科-主任医师-中山大学肿瘤防治中心.jpg,147615,4ea3d7b6b5745c6903e480fc27dd80e1c7873cda4ffb1f0a321801bb0a9301d7,400,600,
黄雨华,https://www.sysucc.org.cn/node/3870,实采,,https://www.sysucc.org.cn/sites/cc.prod.sysucloud2.sysu.edu.cn/files/styles/media_2_3_400_600/public/import_images/upload/users/1/20210816/huangyuhua202108_49682.jpg?itok=-InJH3Sc,01_试点医院/中山大学肿瘤防治中心/照片/黄雨华-病理科-副主任医师-中山大学肿瘤防治中心.jpg,128645,f11424318530032850dd41b9ee63a34332200e3c73f4871854354f61a21e55b0,400,600,
何振强,https://www.sysucc.org.cn/node/3718,实采,,https://www.sysucc.org.cn/sites/cc.prod.sysucloud2.sysu.edu.cn/files/styles/media_2_3_400_600/public/2024-05/%E4%BD%95%E6%8C%AF%E5%BC%BAV2.png?itok=s3S8FSse,01_试点医院/中山大学肿瘤防治中心/照片/何振强-神经外科-副主任医师-中山大学肿瘤防治中心.png,184106,82d5d25e744e49a62dc7d4bc64be9fc1833a94de32f24a25f4178e501570d7ca,400,600,
张继,https://www.sysucc.org.cn/node/3717,实采,,https://www.sysucc.org.cn/sites/cc.prod.sysucloud2.sysu.edu.cn/files/styles/media_2_3_400_600/public/2023-04/zhangji-sjwk-202304.jpg?itok=VKXDTKPh,01_试点医院/中山大学肿瘤防治中心/照片/张继-神经外科-主任医师-中山大学肿瘤防治中心.jpg,216327,60e2447ca840fb8213b21c66dad49d4d355fc195ba9d0fd821950123e71f321b,400,600,
杨群英,https://www.sysucc.org.cn/node/3712,实采,,https://www.sysucc.org.cn/sites/cc.prod.sysucloud2.sysu.edu.cn/files/styles/media_2_3_400_600/public/2023-04/yangqunying-sjwk-202304.jpg?itok=5sHBowB8,01_试点医院/中山大学肿瘤防治中心/照片/杨群英-神经外科-主任医师-中山大学肿瘤防治中心.jpg,174509,252c8a2c3a24776fbf28c8065905f4885331de60c88e47ba67397e43a22c87a2,400,600,
林富华,https://www.sysucc.org.cn/node/6479,实采,,https://www.sysucc.org.cn/sites/cc.prod.sysucloud2.sysu.edu.cn/files/styles/media_2_3_400_600/public/2023-07/1.jpg?itok=A7Q3ePGq,01_试点医院/中山大学肿瘤防治中心/照片/林富华-神经外科-副主任医师-中山大学肿瘤防治中心.jpg,217808,a573c9f016ca84a098cd28a2f7655310f3e555cf956b0192e03e6bcd0e7a69b9,400,600,
柯超,https://www.sysucc.org.cn/node/3713,实采,,https://www.sysucc.org.cn/sites/cc.prod.sysucloud2.sysu.edu.cn/files/styles/media_2_3_400_600/public/2023-04/kechao-sjwk-202304.jpg?itok=cdt8r8EW,01_试点医院/中山大学肿瘤防治中心/照片/柯超-神经外科-副主任医师-中山大学肿瘤防治中心.jpg,177963,5b6e71e4b5bd6df05ae6babf43a9c79e02735fdda011cd7022c8afde9fc64dd1,400,600,
段昊,https://www.sysucc.org.cn/node/6435,实采,,https://www.sysucc.org.cn/sites/cc.prod.sysucloud2.sysu.edu.cn/files/styles/media_2_3_400_600/public/2024-05/%E6%AE%B5%E6%98%8A.jpg?itok=rJ8I2W7Y,01_试点医院/中山大学肿瘤防治中心/照片/段昊-神经外科-副主任医师-中山大学肿瘤防治中心.jpg,125648,1b6a23af91b91f34efa10956ba905ef59e456dff8a0f5d97287ffad0fbcde00b,400,600,
牟永告,https://www.sysucc.org.cn/node/3708,实采,,https://www.sysucc.org.cn/sites/cc.prod.sysucloud2.sysu.edu.cn/files/styles/media_2_3_400_600/public/2023-03/muyonggao-sjwk-202303.jpg?itok=LakXhEkP,01_试点医院/中山大学肿瘤防治中心/照片/牟永告-神经外科-一级主任医师-中山大学肿瘤防治中心.jpg,171725,1ef5a7f23580dfa2af787cd3146d4f20622e2cc8698e16419d7cb9f6b4b1a297,400,600,
王翦,https://www.sysucc.org.cn/node/3709,实采,,https://www.sysucc.org.cn/sites/cc.prod.sysucloud2.sysu.edu.cn/files/styles/media_2_3_400_600/public/2023-03/wangjian-sjwk-202303.jpg?itok=P408qR-e,01_试点医院/中山大学肿瘤防治中心/照片/王翦-神经外科-主任医师-中山大学肿瘤防治中心.jpg,183415,be04a57def0fe4bfc62c7d42494798496bb3c9bfb089b3eca915d52a07011581,400,600,
蒋小兵,https://www.sysucc.org.cn/node/3716,实采,,https://www.sysucc.org.cn/sites/cc.prod.sysucloud2.sysu.edu.cn/files/styles/media_2_3_400_600/public/2023-04/jiangxiaobing-sjwk-202304.jpg?itok=Z5YHBTef,01_试点医院/中山大学肿瘤防治中心/照片/蒋小兵-神经外科-主任医师-中山大学肿瘤防治中心.jpg,168091,8e43eca831cd20bfecaa6dad17228c2d84bbd87a3447f005a73bbf65609ecc04,400,600,
赛克,https://www.sysucc.org.cn/node/3710,实采,,https://www.sysucc.org.cn/sites/cc.prod.sysucloud2.sysu.edu.cn/files/styles/media_2_3_400_600/public/2023-03/saike-sjwk-202303.jpg?itok=SqOuIy-k,01_试点医院/中山大学肿瘤防治中心/照片/赛克-神经外科-主任医师-中山大学肿瘤防治中心.jpg,215614,096a2d638b8b0ad2b8e31a38d3ffb3f153e25f42ac14d45058a892fe2ba56ec1,400,600,
郭琤琤,https://www.sysucc.org.cn/node/3714,实采,,https://www.sysucc.org.cn/sites/cc.prod.sysucloud2.sysu.edu.cn/files/styles/media_2_3_400_600/public/2023-04/guochengcheng-sjwk-202304.jpg?itok=hqcd2Ovk,01_试点医院/中山大学肿瘤防治中心/照片/郭琤琤-神经外科-主任医师-中山大学肿瘤防治中心.jpg,172295,b88b3a760f5eb4d7728ecead51547e541d05f041a1201d27bc205581355aeab0,400,600,
钟升,https://www.sysucc.org.cn/node/10052,实采,,https://www.sysucc.org.cn/sites/cc.prod.sysucloud2.sysu.edu.cn/files/styles/media_2_3_400_600/public/2025-05/%E9%92%9F%E5%8D%87%403x.png?itok=7FanzIhX,01_试点医院/中山大学肿瘤防治中心/照片/钟升-神经外科-副主任医师-中山大学肿瘤防治中心.png,238631,4354f7f53f876a981058f91622ce86673c0948f55b2b10ba5906ad8770ee6851,400,600,
陈忠平,https://www.sysucc.org.cn/node/3707,实采,,https://www.sysucc.org.cn/sites/cc.prod.sysucloud2.sysu.edu.cn/files/styles/media_2_3_400_600/public/2023-03/chenzhongping-sjwk-202303.jpg?itok=6oipiDyu,01_试点医院/中山大学肿瘤防治中心/照片/陈忠平-神经外科-主任医师-中山大学肿瘤防治中心.jpg,192658,4d7f56ec6b6aca37584f2799449bbce505ed630622c74c02f83eb1912df52f1a,400,600,
陈银生,https://www.sysucc.org.cn/node/3715,实采,,https://www.sysucc.org.cn/sites/cc.prod.sysucloud2.sysu.edu.cn/files/styles/media_2_3_400_600/public/2023-04/chenyinsheng-sjwk-202304.jpg?itok=wj1TUvUW,01_试点医院/中山大学肿瘤防治中心/照片/陈银生-神经外科-主任医师-中山大学肿瘤防治中心.jpg,166910,ff107f37ddd678c5852f0dde7f3683f823cdba1670eff0f227fdc13e597e218f,400,600,
丁培荣,https://www.sysucc.org.cn/node/3680,实采,,https://www.sysucc.org.cn/sites/cc.prod.sysucloud2.sysu.edu.cn/files/styles/media_2_3_400_600/public/2023-03/dingpeirong-jzck-202303.jpg?itok=DBiAd_a_,01_试点医院/中山大学肿瘤防治中心/照片/丁培荣-结直肠科-主任医师-中山大学肿瘤防治中心.jpg,200545,06475f689bea962a7b267971369f8a34358fe996bf20d1b6b445d89d88663fe5,400,600,
万德森,https://www.sysucc.org.cn/node/3679,实采,,https://www.sysucc.org.cn/sites/cc.prod.sysucloud2.sysu.edu.cn/files/styles/media_2_3_400_600/public/2023-03/wandesen-jzck-202303.jpg?itok=TbHKLaVZ,01_试点医院/中山大学肿瘤防治中心/照片/万德森-结直肠科-主任医师-中山大学肿瘤防治中心.jpg,201562,04af307a54547d876f2e6359538be7c788633e37123f85aebd4c9bc82685ad35,400,600,
伍小军,https://www.sysucc.org.cn/node/3682,实采,,https://www.sysucc.org.cn/sites/cc.prod.sysucloud2.sysu.edu.cn/files/styles/media_2_3_400_600/public/2023-03/wuxiaojun-jzck-202303_0.jpg?itok=pb6UQB1h,01_试点医院/中山大学肿瘤防治中心/照片/伍小军-结直肠科-主任医师-中山大学肿瘤防治中心.jpg,192197,908456f25a37770ee3397244484cedb61ad4fe619898ae40f31fdbb304117992,400,600,
侯振林,https://www.sysucc.org.cn/node/10583,实采,,https://www.sysucc.org.cn/sites/cc.prod.sysucloud2.sysu.edu.cn/files/styles/media_2_3_400_600/public/2025-08/%E4%BE%AF%E6%8C%AF%E6%9E%971.png?itok=pfxdVQZU,01_试点医院/中山大学肿瘤防治中心/照片/侯振林-结直肠科-副主任医师-中山大学肿瘤防治中心.png,182197,2b1234c883f2b436772b7efa2eee849b4c6936448eb836dd9d53073a41e2d379,400,600,
卢震海,https://www.sysucc.org.cn/node/3681,实采,,https://www.sysucc.org.cn/sites/cc.prod.sysucloud2.sysu.edu.cn/files/styles/media_2_3_400_600/public/2023-03/luzhenhai-jzck-202303.jpg?itok=5x9T3Cio,01_试点医院/中山大学肿瘤防治中心/照片/卢震海-结直肠科-主任医师-中山大学肿瘤防治中心.jpg,190553,59b210b3c914155f1d639c15c11913b006ab2fe789573981b9675e0ec870bce2,400,600,
周驰,https://www.sysucc.org.cn/node/10215,实采,,https://www.sysucc.org.cn/sites/cc.prod.sysucloud2.sysu.edu.cn/files/styles/media_2_3_400_600/public/2025-06/%E5%91%A8%E9%A9%B0.jpg?itok=s6Gito-O,01_试点医院/中山大学肿瘤防治中心/照片/周驰-结直肠科-副主任医师-中山大学肿瘤防治中心.jpg,186975,43e48041ad7d88292e9b6ee64d2e9415677f46f93cab4c598d6e80b625e341ab,400,600,
唐京华,https://www.sysucc.org.cn/node/3689,实采,,https://www.sysucc.org.cn/sites/cc.prod.sysucloud2.sysu.edu.cn/files/styles/media_2_3_400_600/public/import_images/upload/users/1/20220921/tangjinghua202209_24712.jpg?itok=v2mSya1z,01_试点医院/中山大学肿瘤防治中心/照片/唐京华-结直肠科-副主任医师-中山大学肿瘤防治中心.jpg,121374,56955a34f46ad04a36106f30b2e591ce6fd258c2c162aeaed08ebc5141345407,400,600,
姜武,https://www.sysucc.org.cn/node/3688,实采,,https://www.sysucc.org.cn/sites/cc.prod.sysucloud2.sysu.edu.cn/files/styles/media_2_3_400_600/public/2026-02/%E5%A7%9C%E6%AD%A6V3.jpg?itok=BglKceWl,01_试点医院/中山大学肿瘤防治中心/照片/姜武-结直肠科-主任医师-中山大学肿瘤防治中心.jpg,213242,1d900e329581503ac497293c7f13b04200d1becd4caf01b9f052a1370d6f5511,400,600,
孔令亨,https://www.sysucc.org.cn/node/3686,实采,,https://www.sysucc.org.cn/sites/cc.prod.sysucloud2.sysu.edu.cn/files/styles/media_2_3_400_600/public/import_images/UploadFiles/expert/prouct_2013_4_17_9DPVG349.jpg?itok=BChSxeI2,01_试点医院/中山大学肿瘤防治中心/照片/孔令亨-结直肠科-副主任医师-中山大学肿瘤防治中心.jpg,133678,0de636ca09e87d4c29f078a9fba58cf78cdad240ca80637a13938008043ef4d9,400,600,
张荣欣,https://www.sysucc.org.cn/node/3684,实采,,https://www.sysucc.org.cn/sites/cc.prod.sysucloud2.sysu.edu.cn/files/styles/media_2_3_400_600/public/import_images/upload/users/1/20200504/zhangrongxin_15328.jpg?itok=tGIt01FH,01_试点医院/中山大学肿瘤防治中心/照片/张荣欣-结直肠科-主任医师-中山大学肿瘤防治中心.jpg,140744,445f32b3b3578a82fdf8d5379e54906845d54f1f7237e53f3e5961633ea5f263,400,600,
彭健宏,https://www.sysucc.org.cn/node/6531,实采,,https://www.sysucc.org.cn/sites/cc.prod.sysucloud2.sysu.edu.cn/files/styles/media_2_3_400_600/public/2023-07/%E5%BE%AE%E4%BF%A1%E5%9B%BE%E7%89%87_20230721172621_%E5%89%AF%E6%9C%AC.jpg?itok=4zUljYsF,01_试点医院/中山大学肿瘤防治中心/照片/彭健宏-结直肠科-副主任医师-中山大学肿瘤防治中心.jpg,196881,b726c7c50fb9c8c7045bcfe2fb762359fe1508ab8404c2ad3aba171215329483,400,600,
李力人,https://www.sysucc.org.cn/node/3678,实采,,https://www.sysucc.org.cn/sites/cc.prod.sysucloud2.sysu.edu.cn/files/styles/media_2_3_400_600/public/2023-03/liliren-jzck-202303.jpg?itok=QCbgPT4_,01_试点医院/中山大学肿瘤防治中心/照片/李力人-结直肠科-主任医师-中山大学肿瘤防治中心.jpg,184053,0e1c45a2d519c3dd26021f75dc3916cb72d916ad34cfa1d3c2e00823f21fc582,400,600,
李原,https://www.sysucc.org.cn/node/5967,实采,,https://www.sysucc.org.cn/sites/cc.prod.sysucloud2.sysu.edu.cn/files/styles/media_2_3_400_600/public/2023-04/liyuan-jzck-202304.jpg?itok=MJI-2Wzx,01_试点医院/中山大学肿瘤防治中心/照片/李原-结直肠科-副主任医师-中山大学肿瘤防治中心.jpg,198817,4da30885bdc3a3570d4f8c529c4f09fe94f8f3b3f931b068ba6706d076f8840d,400,600,
李聪,https://www.sysucc.org.cn/node/3685,实采,,https://www.sysucc.org.cn/sites/cc.prod.sysucloud2.sysu.edu.cn/files/styles/media_2_3_400_600/public/import_images/upload/users/1/20210622/licong202106_84102.jpg?itok=mDE9q76W,01_试点医院/中山大学肿瘤防治中心/照片/李聪-结直肠科-副主任医师-中山大学肿瘤防治中心.jpg,154935,da6aa98bf0a12950a8d1ad043ef417ccc4527ba26ea9ba0aa2aa86508c9e4f0c,400,600,
林俊忠,https://www.sysucc.org.cn/node/3683,实采,,https://www.sysucc.org.cn/sites/cc.prod.sysucloud2.sysu.edu.cn/files/styles/media_2_3_400_600/public/2026-03/%E6%9E%97%E4%BF%8A%E5%BF%A01.jpg?itok=exH3Iy7p,01_试点医院/中山大学肿瘤防治中心/照片/林俊忠-结直肠科-主任医师-中山大学肿瘤防治中心.jpg,196127,6072903eee5ab0f889b2b8e06b0ce27a93d079085fa29a4371739d62be6d58b6,400,600,
潘志忠,https://www.sysucc.org.cn/node/3676,实采,,https://www.sysucc.org.cn/sites/cc.prod.sysucloud2.sysu.edu.cn/files/styles/media_2_3_400_600/public/2023-03/panzhizhong-jzck-202303.jpg?itok=-1QA0WUQ,01_试点医院/中山大学肿瘤防治中心/照片/潘志忠-结直肠科-主任医师-中山大学肿瘤防治中心.jpg,184472,89953573dc8d4d0f6bba243f206dd5438cc25f3f1dde276ee308da9dc72fed40,400,600,
王福龙,https://www.sysucc.org.cn/node/9739,实采,,https://www.sysucc.org.cn/sites/cc.prod.sysucloud2.sysu.edu.cn/files/styles/media_2_3_400_600/public/2025-04/%E7%8E%8B%E7%A6%8F%E9%BE%991.jpg?itok=4-6K-FFl,01_试点医院/中山大学肿瘤防治中心/照片/王福龙-结直肠科-副主任医师-中山大学肿瘤防治中心.jpg,193009,671eea99c7a538634b92eda4989a28d512ece9d1c8c22a95b9d029928493cee2,400,600,
肖斌毅,https://www.sysucc.org.cn/node/8256,实采,,https://www.sysucc.org.cn/sites/cc.prod.sysucloud2.sysu.edu.cn/files/styles/media_2_3_400_600/public/2025-09/%E8%82%96%E6%96%8C%E6%AF%85.png?itok=6t7GPn01,01_试点医院/中山大学肿瘤防治中心/照片/肖斌毅-结直肠科-副主任医师-中山大学肿瘤防治中心.png,279654,7a91bd50d3477f2825bfbcae248f50f41b2c87dca8e2b757cbc27ae99414abb0,400,600,
范文华,https://www.sysucc.org.cn/node/3687,失败,详情不可达,,,,,,,照片资源 HTTP 404
陈功,https://www.sysucc.org.cn/node/3677,实采,,https://www.sysucc.org.cn/sites/cc.prod.sysucloud2.sysu.edu.cn/files/styles/media_2_3_400_600/public/2023-03/chengong-jzck-202303.jpg?itok=uqmVDHNV,01_试点医院/中山大学肿瘤防治中心/照片/陈功-结直肠科-主任医师-中山大学肿瘤防治中心.jpg,185560,1be942c5da3615af8de2772fbeb6fbf111ac9ad787387ddbb8a67d552d5186a3,400,600,
韩凯,https://www.sysucc.org.cn/node/3690,实采,,https://www.sysucc.org.cn/sites/cc.prod.sysucloud2.sysu.edu.cn/files/styles/media_2_3_400_600/public/2024-07/%E9%9F%A9%E5%87%AFV1.jpg?itok=nOg2Q8J-,01_试点医院/中山大学肿瘤防治中心/照片/韩凯-结直肠科-副主任医师-中山大学肿瘤防治中心.jpg,176569,044b7a312e1ab593084f2b5e19a4e9e9390adeb7cc15fcc68fdd7d67f85c7147,400,600,
何文卓,https://www.sysucc.org.cn/node/3772,实采,,https://www.sysucc.org.cn/sites/cc.prod.sysucloud2.sysu.edu.cn/files/styles/media_2_3_400_600/public/2023-04/hewenzhuo-zhk-202304.jpg?itok=hCXMFsrI,01_试点医院/中山大学肿瘤防治中心/照片/何文卓-综合科-副主任医师-中山大学肿瘤防治中心.jpg,180608,671f819dfec39547256b36492902b19ce99f6c84ecff4f279489a01e637cb0d1,400,600,
刘寿生,https://www.sysucc.org.cn/node/3771,实采,,https://www.sysucc.org.cn/sites/cc.prod.sysucloud2.sysu.edu.cn/files/styles/media_2_3_400_600/public/2023-04/liushousheng-zhk-202304.jpg?itok=UzIYFmbw,01_试点医院/中山大学肿瘤防治中心/照片/刘寿生-综合科-副主任医师-中山大学肿瘤防治中心.jpg,172290,18500b73f7398231828bfc4a15eea65c4e525596ae1fc01078dd17be41686ebf,400,600,
周溢鑫,https://www.sysucc.org.cn/node/6446,实采,,https://www.sysucc.org.cn/sites/cc.prod.sysucloud2.sysu.edu.cn/files/styles/media_2_3_400_600/public/2023-07/6.%E7%BB%BC%E5%90%88%E7%A7%91%2B%E5%91%A8%E6%BA%A2%E9%91%AB%2B106336%20%E5%A4%A7%E5%9B%BE_1.jpg?itok=XxNZHO_z,01_试点医院/中山大学肿瘤防治中心/照片/周溢鑫-综合科-主任医师-中山大学肿瘤防治中心.jpg,170023,5005852c0b9c9bb1cb173c5e5d3411ac8762afa8264f4fe44ce9ded69af8cf7b,400,600,
夏良平,https://www.sysucc.org.cn/node/3763,实采,,https://www.sysucc.org.cn/sites/cc.prod.sysucloud2.sysu.edu.cn/files/styles/media_2_3_400_600/public/2023-04/xialiangping-zhk-202304.jpg?itok=bv_TZP6O,01_试点医院/中山大学肿瘤防治中心/照片/夏良平-综合科-主任医师-中山大学肿瘤防治中心.jpg,171202,385802e54cc00b6b106ce8418de6e1bf8790ab80ed6bd04ad59f6e13e6784d01,400,600,
彭柔君,https://www.sysucc.org.cn/node/3765,实采,,https://www.sysucc.org.cn/sites/cc.prod.sysucloud2.sysu.edu.cn/files/styles/media_2_3_400_600/public/2023-04/pengroujun-zhk-202304.jpg?itok=hrxEoQ1G,01_试点医院/中山大学肿瘤防治中心/照片/彭柔君-综合科-主任医师-中山大学肿瘤防治中心.jpg,173589,f0e1cd0dedf96f97bb269843d64c4cc80159e7833d4a2b0aee3da760cc30e39d,400,600,
权琦,https://www.sysucc.org.cn/node/6733,实采,,https://www.sysucc.org.cn/sites/cc.prod.sysucloud2.sysu.edu.cn/files/styles/media_2_3_400_600/public/2023-09/%E6%9D%83%E7%90%A6.png?itok=ZAKdRrfV,01_试点医院/中山大学肿瘤防治中心/照片/权琦-综合科-副主任医师-中山大学肿瘤防治中心.png,205568,a391222cfa88f0e8fbbb14e84a02a4533594c7cda7a2fdbe02a2010d3ce6dfd1,400,600,
白龙,https://www.sysucc.org.cn/node/3770,实采,,https://www.sysucc.org.cn/sites/cc.prod.sysucloud2.sysu.edu.cn/files/styles/media_2_3_400_600/public/2026-04/%E7%99%BD%E9%BE%991.jpg?itok=Y5Jg2-ca,01_试点医院/中山大学肿瘤防治中心/照片/白龙-综合科-副主任医师-中山大学肿瘤防治中心.jpg,181401,43c142ed596d074c6a64ac55621c40bf89c7e6a51e840043311f6d3b0ffd9c9c,400,600,
董军,https://www.sysucc.org.cn/node/6448,实采,,https://www.sysucc.org.cn/sites/cc.prod.sysucloud2.sysu.edu.cn/files/styles/media_2_3_400_600/public/2023-07/%E8%91%A3%E5%86%9B.jpg?itok=ugp06IAj,01_试点医院/中山大学肿瘤防治中心/照片/董军-综合科-副主任医师-中山大学肿瘤防治中心.png,227260,29f9b234f756cbfcb2a29bc17d072969d083619c247b3882a5eb99dda597e4a6,400,600,
蔡修宇,https://www.sysucc.org.cn/node/3766,实采,,https://www.sysucc.org.cn/sites/cc.prod.sysucloud2.sysu.edu.cn/files/styles/media_2_3_400_600/public/2023-04/caixiuyu-zhk-202304.jpg?itok=PWKXZYuJ,01_试点医院/中山大学肿瘤防治中心/照片/蔡修宇-综合科-主任医师-中山大学肿瘤防治中心.jpg,179791,e8eb2ed18f732ad05f0648d217380d1eee4554e351a40cfa6eea00569301579e,400,600,
郭桂芳,https://www.sysucc.org.cn/node/3764,实采,,https://www.sysucc.org.cn/sites/cc.prod.sysucloud2.sysu.edu.cn/files/styles/media_2_3_400_600/public/2023-04/guoguifang-zhk-202304.jpg?itok=l3KlvFQv,01_试点医院/中山大学肿瘤防治中心/照片/郭桂芳-综合科-主任医师-中山大学肿瘤防治中心.jpg,203177,da186fd5688bc95290fc799dba84deef19593d7a5f951754da062e2df8ba9194,400,600,
邱际亮,https://www.sysucc.org.cn/node/3645,实采,,https://www.sysucc.org.cn/sites/cc.prod.sysucloud2.sysu.edu.cn/files/styles/media_2_3_400_600/public/import_images/upload/users/1/20210301/qiujiliang202103_39667.jpg?itok=Inj0wN4w,01_试点医院/中山大学肿瘤防治中心/照片/邱际亮-肝脏外科-副主任医师-中山大学肿瘤防治中心.jpg,153558,79e097a24cb86aea95623ac0fec46df01c423ef931807fc7990306c32050199e,400,600,
何伟,https://www.sysucc.org.cn/node/3647,实采,,https://www.sysucc.org.cn/sites/cc.prod.sysucloud2.sysu.edu.cn/files/styles/media_2_3_400_600/public/import_images/upload/users/1/20211214/hewei20211214_26472.jpg?itok=TLt7B6mE,01_试点医院/中山大学肿瘤防治中心/照片/何伟-肝脏外科-副主任医师-中山大学肿瘤防治中心.jpg,121100,4b6afa5dba12bd17c8a231d4879224b1e63cefce815eff48206c1839326941ff,400,600,
元云飞,https://www.sysucc.org.cn/node/3633,实采,,https://www.sysucc.org.cn/sites/cc.prod.sysucloud2.sysu.edu.cn/files/styles/media_2_3_400_600/public/2025-03/%E5%85%83%E4%BA%91%E9%A3%9E%20%E7%9B%B8%E7%89%87%202024.JPG?itok=v5JAVbL6,01_试点医院/中山大学肿瘤防治中心/照片/元云飞-肝脏外科-一级主任医师-中山大学肿瘤防治中心.jpg,209093,11c31fd558278507d8c2c90b286fcf03ee0ff852222ab2d678dec56d98d8aa6a,400,600,
周仲国,https://www.sysucc.org.cn/node/3641,实采,,https://www.sysucc.org.cn/sites/cc.prod.sysucloud2.sysu.edu.cn/files/styles/media_2_3_400_600/public/2023-03/zhouzhongguo-gzwk-202303.jpg?itok=MurOyAiu,01_试点医院/中山大学肿瘤防治中心/照片/周仲国-肝脏外科-主任医师-中山大学肿瘤防治中心.jpg,197214,4ff27e07bb95414cec83c0720c23dfd12df216a1c933348bf4e5704b4a4c17fe,400,600,
张耀军,https://www.sysucc.org.cn/node/3640,实采,,https://www.sysucc.org.cn/sites/cc.prod.sysucloud2.sysu.edu.cn/files/styles/media_2_3_400_600/public/import_images/UploadFiles/expert/prouct_2014_3_3_KKEXLEQE.jpg?itok=lNfgyZx6,01_试点医院/中山大学肿瘤防治中心/照片/张耀军-肝脏外科-主任医师-中山大学肿瘤防治中心.jpg,128526,25c1df0c2e1761c541406000b955c5418e7295e7e467b2d0d6b2701050f0f047,400,600,
徐立,https://www.sysucc.org.cn/node/3636,实采,,https://www.sysucc.org.cn/sites/cc.prod.sysucloud2.sysu.edu.cn/files/styles/media_2_3_400_600/public/2023-03/xuli-gzwk-202303.jpg?itok=nYGhEqDx,01_试点医院/中山大学肿瘤防治中心/照片/徐立-肝脏外科-主任医师-中山大学肿瘤防治中心.jpg,189613,47fdb73d6e87eb3e537f5f2018640b08a4247c9d97af102383a1bf29ba923203,400,600,
李启炯,https://www.sysucc.org.cn/node/3644,实采,,https://www.sysucc.org.cn/sites/cc.prod.sysucloud2.sysu.edu.cn/files/styles/media_2_3_400_600/public/import_images/upload/users/1/20200930/liqijiong202009_38011.jpg?itok=079mPCtb,01_试点医院/中山大学肿瘤防治中心/照片/李启炯-肝脏外科-副主任医师-中山大学肿瘤防治中心.jpg,120105,71ed5e6687d17cccb792e941fabe67575ef41163a9b319a5f320e30c415c13ac,400,600,
李少华,https://www.sysucc.org.cn/node/3643,实采,,https://www.sysucc.org.cn/sites/cc.prod.sysucloud2.sysu.edu.cn/files/styles/media_2_3_400_600/public/import_images/upload/users/1/20200530/lishaohua_91771.jpg?itok=S2KiYU50,01_试点医院/中山大学肿瘤防治中心/照片/李少华-肝脏外科-副主任医师-中山大学肿瘤防治中心.jpg,123101,610497d382424c8a838624e047ee11a74ca65f02a3e60f40fd35619c3e655b4b,400,600,
李斌奎,https://www.sysucc.org.cn/node/3638,实采,,https://www.sysucc.org.cn/sites/cc.prod.sysucloud2.sysu.edu.cn/files/styles/media_2_3_400_600/public/2023-03/libinkui-gzwk-202303.jpg?itok=nnxys4s6,01_试点医院/中山大学肿瘤防治中心/照片/李斌奎-肝脏外科-主任医师-中山大学肿瘤防治中心.jpg,185651,4ae24a884fae15294c67400b4eaf271bb906bc94866c5a6cb44aa9cb296f0c29,400,600,
王骏成,https://www.sysucc.org.cn/node/8255,实采,,https://www.sysucc.org.cn/sites/cc.prod.sysucloud2.sysu.edu.cn/files/styles/media_2_3_400_600/public/2024-06/%E7%8E%8B%E9%AA%8F%E6%88%90.jpg?itok=nMqHqPqk,01_试点医院/中山大学肿瘤防治中心/照片/王骏成-肝脏外科-副主任医师-中山大学肿瘤防治中心.jpg,194410,075cfd1f17a4ef2eaf6361082618772a50e69dfef38b5e119bd74026cbc7a8f2,400,600,
石明,https://www.sysucc.org.cn/node/3635,实采,,https://www.sysucc.org.cn/sites/cc.prod.sysucloud2.sysu.edu.cn/files/styles/media_2_3_400_600/public/2023-03/shiming-gzwk-202303.jpg?itok=iFBH7rcr,01_试点医院/中山大学肿瘤防治中心/照片/石明-肝脏外科-主任医师-中山大学肿瘤防治中心.jpg,196597,41b584a95cd81fc01c8e990478ad631fd67e9ce8fc4615f6f5d4ea81495bb7df,400,600,
胡丹旦,https://www.sysucc.org.cn/node/3646,实采,,https://www.sysucc.org.cn/sites/cc.prod.sysucloud2.sysu.edu.cn/files/styles/media_2_3_400_600/public/2026-07/%E8%83%A1%E4%B8%B9%E6%97%A6.png?itok=YIplkPCv,01_试点医院/中山大学肿瘤防治中心/照片/胡丹旦-肝脏外科-副主任医师-中山大学肿瘤防治中心.png,258784,7d493ad8b89ea0cba7708319fefe94ac25dd342263a7cf307acc342b808e55ef,400,600,
赵荣策,https://www.sysucc.org.cn/node/9078,实采,,https://www.sysucc.org.cn/sites/cc.prod.sysucloud2.sysu.edu.cn/files/styles/media_2_3_400_600/public/2025-02/%E8%B5%B5%E8%8D%A3%E7%AD%96.jpg?itok=fI257flA,01_试点医院/中山大学肿瘤防治中心/照片/赵荣策-肝脏外科-副主任医师-中山大学肿瘤防治中心.jpg,216010,c08714d411d9e44c2614cc038b170bed78c5962a838103b3f0679221bde30218,400,600,
郑云,https://www.sysucc.org.cn/node/3637,实采,,https://www.sysucc.org.cn/sites/cc.prod.sysucloud2.sysu.edu.cn/files/styles/media_2_3_400_600/public/import_images/UploadFiles/expert/prouct_2015_5_22_HU3AIF1H.jpg?itok=SUkuH7E4,01_试点医院/中山大学肿瘤防治中心/照片/郑云-肝脏外科-主任医师-中山大学肿瘤防治中心.jpg,127165,eb1fa004aefe083925f9c72af8329505857f48ce28c1a5ebb9361e6c6731ad95,400,600,
郭荣平,https://www.sysucc.org.cn/node/3634,实采,,https://www.sysucc.org.cn/sites/cc.prod.sysucloud2.sysu.edu.cn/files/styles/media_2_3_400_600/public/2023-03/guorongping-gzwk-202303.jpg?itok=OfEjAiOD,01_试点医院/中山大学肿瘤防治中心/照片/郭荣平-肝脏外科-主任医师-中山大学肿瘤防治中心.jpg,217739,79f867775e8f8b2b0b8303a7d6671619808fdd392e3712132162b0e4d0cf430d,400,600,
陈敏山,https://www.sysucc.org.cn/node/3632,实采,,https://www.sysucc.org.cn/sites/cc.prod.sysucloud2.sysu.edu.cn/files/styles/media_2_3_400_600/public/2023-03/chenminshan-gzwk-202303.jpg?itok=nHLt-vUY,01_试点医院/中山大学肿瘤防治中心/照片/陈敏山-肝脏外科-主任医师-中山大学肿瘤防治中心.jpg,159068,3b41b1ffe5777c9f0682fd573a99dc99ad7053721a3f8ed97c1cbe74a2a8e0b4,400,600,
韦玮,https://www.sysucc.org.cn/node/3639,实采,,https://www.sysucc.org.cn/sites/cc.prod.sysucloud2.sysu.edu.cn/files/styles/media_2_3_400_600/public/2023-03/weiwei-gzwk-202303.jpg?itok=ez0J8Bqc,01_试点医院/中山大学肿瘤防治中心/照片/韦玮-肝脏外科-主任医师-中山大学肿瘤防治中心.jpg,189054,96ce61239720a94cc3122734b6c1a3c75f621ecb5dff1957dd374153967d371c,400,600,
丁超,https://www.sysucc.org.cn/node/7369,实采,,https://www.sysucc.org.cn/sites/cc.prod.sysucloud2.sysu.edu.cn/files/styles/media_2_3_400_600/public/2023-12/%E4%B8%81%E8%B6%85..png?itok=gwmhnbwm,01_试点医院/中山大学肿瘤防治中心/照片/丁超-胃外科-副主任医师-中山大学肿瘤防治中心.png,122919,b7ecd1206d8f82e5f28191abe2b01d4cdafe24067d54a61dd0b9f4a432efc415,400,600,
关远祥,https://www.sysucc.org.cn/node/3664,实采,,https://www.sysucc.org.cn/sites/cc.prod.sysucloud2.sysu.edu.cn/files/styles/media_2_3_400_600/public/import_images/upload/users/1/20180116/guanyuanxiang_16674.jpg?itok=_w2gwijq,01_试点医院/中山大学肿瘤防治中心/照片/关远祥-胃外科-副主任医师-中山大学肿瘤防治中心.jpg,119252,1b5ba3c45af1c43d2e9b5431d315d449733705588acf0e50541f97caa063a6c0,400,600,
刘文武,https://www.sysucc.org.cn/node/8009,实采,,https://www.sysucc.org.cn/sites/cc.prod.sysucloud2.sysu.edu.cn/files/styles/media_2_3_400_600/public/2024-04/%E5%88%98%E6%96%87%E6%AD%A6.JPG?itok=s-JRogi4,01_试点医院/中山大学肿瘤防治中心/照片/刘文武-胃外科-副主任医师-中山大学肿瘤防治中心.jpg,182117,aa07dd3b3532fef86eb3c1d041c24a9a708c420f777de8c7efd356e0dc8bdeea,400,600,
周志伟,https://www.sysucc.org.cn/node/3654,实采,,https://www.sysucc.org.cn/sites/cc.prod.sysucloud2.sysu.edu.cn/files/styles/media_2_3_400_600/public/2023-03/zhouzhiwei-wwk-202303.jpg?itok=k5BY9MBf,01_试点医院/中山大学肿瘤防治中心/照片/周志伟-胃外科-主任医师-中山大学肿瘤防治中心.jpg,192814,0d6b1860b9917d217f52409a4eb30803cc89c460c68dd58cba3ce513bbdd40dc,400,600,
孙晓卫,https://www.sysucc.org.cn/node/3657,实采,,https://www.sysucc.org.cn/sites/cc.prod.sysucloud2.sysu.edu.cn/files/styles/media_2_3_400_600/public/2023-03/sunxiaowei-wwk-202303.jpg?itok=TPjciO8W,01_试点医院/中山大学肿瘤防治中心/照片/孙晓卫-胃外科-主任医师-中山大学肿瘤防治中心.jpg,188792,996d8471e7bedf61616c646dbc481cd9de44bfb9e26c75d01ff3a3f7205c62c8,400,600,
李元方,https://www.sysucc.org.cn/node/3659,实采,,https://www.sysucc.org.cn/sites/cc.prod.sysucloud2.sysu.edu.cn/files/styles/media_2_3_400_600/public/2025-12/%E6%9D%8E%E5%85%83%E6%96%B9%202850%403x.png?itok=wmv39HEC,01_试点医院/中山大学肿瘤防治中心/照片/李元方-胃外科-主任医师-中山大学肿瘤防治中心.png,205624,487f7f49d82b7d883f2f515d75eb40b8b308b14d32a011fde377cf42ae8809a6,400,600,
梁垚,https://www.sysucc.org.cn/node/3663,实采,,https://www.sysucc.org.cn/sites/cc.prod.sysucloud2.sysu.edu.cn/files/styles/media_2_3_400_600/public/2026-02/%E6%A2%81%E5%9E%9AV2.png?itok=Jqua9MJO,01_试点医院/中山大学肿瘤防治中心/照片/梁垚-胃外科-主任医师-中山大学肿瘤防治中心.png,315008,9d4119574979eb336d1c4d9a982c5dad43f15ab51180c2dcfe1ce375363f1235,400,600,
王玮,https://www.sysucc.org.cn/node/3662,实采,,https://www.sysucc.org.cn/sites/cc.prod.sysucloud2.sysu.edu.cn/files/styles/media_2_3_400_600/public/2026-04/%E7%8E%8B%E7%8E%AE1.png?itok=A1UrpLZK,01_试点医院/中山大学肿瘤防治中心/照片/王玮-胃外科-主任医师-中山大学肿瘤防治中心.png,184326,0cc702a8c8bf9f2a8f59d4cf924fb07a77398aa5324a5f01fe4e131db9cadcaa,400,600,
聂润聪,https://www.sysucc.org.cn/node/6430,实采,,https://www.sysucc.org.cn/sites/cc.prod.sysucloud2.sysu.edu.cn/files/styles/media_2_3_400_600/public/2024-04/%E8%81%82%E6%B6%A6%E8%81%AA.jpg?itok=WchJ3Yxl,01_试点医院/中山大学肿瘤防治中心/照片/聂润聪-胃外科-副主任医师-中山大学肿瘤防治中心.jpg,192538,887bd71e0f9ff6458d84912b2e20c0412a3508293295e7d8bb9d17a6cc1f2083,400,600,
袁庶强,https://www.sysucc.org.cn/node/3660,实采,,https://www.sysucc.org.cn/sites/cc.prod.sysucloud2.sysu.edu.cn/files/styles/media_2_3_400_600/public/2024-05/%E8%A2%81%E5%BA%B6%E5%BC%BA.jpg?itok=pkXUXBSv,01_试点医院/中山大学肿瘤防治中心/照片/袁庶强-胃外科-主任医师-中山大学肿瘤防治中心.jpg,126144,a5addc2a041b241ccb298521be27f9ff5b280aec2f608e6e838df318bbfd1955,400,600,
邱海波,https://www.sysucc.org.cn/node/3661,实采,,https://www.sysucc.org.cn/sites/cc.prod.sysucloud2.sysu.edu.cn/files/styles/media_2_3_400_600/public/2024-05/%E9%82%B1%E6%B5%B7%E6%B3%A2V2.jpg?itok=2pvSqLdI,01_试点医院/中山大学肿瘤防治中心/照片/邱海波-胃外科-主任医师-中山大学肿瘤防治中心.jpg,201778,f93e8218a4e9c9d4e63190a71bf08a8ebfb7851435ecf947aef34cb6c45c8747,400,600,
陈映波,https://www.sysucc.org.cn/node/3655,实采,,https://www.sysucc.org.cn/sites/cc.prod.sysucloud2.sysu.edu.cn/files/styles/media_2_3_400_600/public/2023-03/chenyingbo-wwk-202303.jpg?itok=FEjcOzpZ,01_试点医院/中山大学肿瘤防治中心/照片/陈映波-胃外科-主任医师-中山大学肿瘤防治中心.jpg,205543,e7d686522a5b5b09b72ea2ec202190e9c0c6e0a82faf68e34f48087a92772959,400,600,
陈永明,https://www.sysucc.org.cn/node/3665,实采,,https://www.sysucc.org.cn/sites/cc.prod.sysucloud2.sysu.edu.cn/files/styles/media_2_3_400_600/public/import_images/upload/users/1/20181030/chenyongming_91270.jpg?itok=nJI3rogN,01_试点医院/中山大学肿瘤防治中心/照片/陈永明-胃外科-副主任医师-中山大学肿瘤防治中心.jpg,113807,bb75859a64bedfae93fb03addb6fd7648e13af7fc9fcde78d4e691bf34ead37d,400,600,
何朝滨,https://www.sysucc.org.cn/node/9648,实采,,https://www.sysucc.org.cn/sites/cc.prod.sysucloud2.sysu.edu.cn/files/styles/media_2_3_400_600/public/2025-04/%E6%AD%A3%E8%A3%85%E7%85%A7_%E4%BD%95%E6%9C%9D%E6%BB%A8.jpg?itok=Mz8LmaRy,01_试点医院/中山大学肿瘤防治中心/照片/何朝滨-胰胆外科-副主任医师-中山大学肿瘤防治中心.jpg,150720,42abe7c7fe17279e9ce1e61a7604d5617b830b2eaeb162be8fb68564cd470f15,400,600,
劳向明,https://www.sysucc.org.cn/node/3651,实采,,https://www.sysucc.org.cn/sites/cc.prod.sysucloud2.sysu.edu.cn/files/styles/media_2_3_400_600/public/2023-04/laoxiangming-ydwk-202304.jpg?itok=l09Vcg3Z,01_试点医院/中山大学肿瘤防治中心/照片/劳向明-胰胆外科-主任医师-中山大学肿瘤防治中心.jpg,181790,06b37b7d3cd07c03706188b5c9dcc9a6974b1e2cb4f357693d23cda7431823a5,400,600,
崔伯康,https://www.sysucc.org.cn/node/3652,实采,,https://www.sysucc.org.cn/sites/cc.prod.sysucloud2.sysu.edu.cn/files/styles/media_2_3_400_600/public/2023-04/cuibokang-ydwk-202304.jpg?itok=rTh6lmAG,01_试点医院/中山大学肿瘤防治中心/照片/崔伯康-胰胆外科-副主任医师-中山大学肿瘤防治中心.jpg,185156,931946317f37a7483aa4e5c0cdeed66afc9fd78567cacd2a6400d155a7190f01,400,600,
李升平,https://www.sysucc.org.cn/node/3649,实采,,https://www.sysucc.org.cn/sites/cc.prod.sysucloud2.sysu.edu.cn/files/styles/media_2_3_400_600/public/2023-04/lishengping-ydwk-202304.jpg?itok=0NBggudb,01_试点医院/中山大学肿瘤防治中心/照片/李升平-胰胆外科-主任医师-中山大学肿瘤防治中心.jpg,176307,cb19257e16a6c0745f2367d9dd541b3fbf897dca509e28afb05147946bbb401b,400,600,
林小军,https://www.sysucc.org.cn/node/3650,实采,,https://www.sysucc.org.cn/sites/cc.prod.sysucloud2.sysu.edu.cn/files/styles/media_2_3_400_600/public/2023-04/linxiaojun-ydwk-202304.jpg?itok=63lmwkJs,01_试点医院/中山大学肿瘤防治中心/照片/林小军-胰胆外科-主任医师-中山大学肿瘤防治中心.jpg,171998,9b0cc00f1ac85a037bc0a838ba034a107eaf5789d970743a55e8e24e85b7f0c5,400,600,
王俊,https://www.sysucc.org.cn/node/3653,实采,,https://www.sysucc.org.cn/sites/cc.prod.sysucloud2.sysu.edu.cn/files/styles/media_2_3_400_600/public/2023-04/wangjun-ydwk-202304.jpg?itok=t2AebGNn,01_试点医院/中山大学肿瘤防治中心/照片/王俊-胰胆外科-副主任医师-中山大学肿瘤防治中心.jpg,184610,29183460b66cd5b56a18db795fcbfa3b5402e0ef6f86f0f800ebdd6732875a4b,400,600,
魏然,https://www.sysucc.org.cn/node/8083,实采,,https://www.sysucc.org.cn/sites/cc.prod.sysucloud2.sysu.edu.cn/files/styles/media_2_3_400_600/public/2024-05/%E9%AD%8F%E7%84%B6V3.jpg?itok=LjHhy_dc,01_试点医院/中山大学肿瘤防治中心/照片/魏然-胰胆外科-副主任医师-中山大学肿瘤防治中心.jpg,138674,758f4bd9eb5ecf8bf5e4ee3f8c892f2f148c873ce5251ee654dd2ec9bd43dcb1,400,600,
傅剑华,https://www.sysucc.org.cn/node/3611,实采,,https://www.sysucc.org.cn/sites/cc.prod.sysucloud2.sysu.edu.cn/files/styles/media_2_3_400_600/public/2023-03/fujianhua-xk-202303.jpg?itok=UY9o6eiT,01_试点医院/中山大学肿瘤防治中心/照片/傅剑华-胸科-主任医师-中山大学肿瘤防治中心.jpg,171687,39d306e71b5565e212f446ff84f1342709a6b14295be27738bca98a6513ba8b2,400,600,
傅夏宇,https://www.sysucc.org.cn/node/8450,实采,,https://www.sysucc.org.cn/sites/cc.prod.sysucloud2.sysu.edu.cn/files/styles/media_2_3_400_600/public/2024-07/%E5%82%85%E5%A4%8F%E5%AE%87V1.png?itok=Fa5Ypx9-,01_试点医院/中山大学肿瘤防治中心/照片/傅夏宇-胸科-副主任医师-中山大学肿瘤防治中心.png,241006,077da1a2172f66e4df31cca1f5d1fc212cb42576e89ead50e2caed74420770d4,400,600,
冷长森,https://www.sysucc.org.cn/node/6477,实采,,https://www.sysucc.org.cn/sites/cc.prod.sysucloud2.sysu.edu.cn/files/styles/media_2_3_400_600/public/2024-06/%E5%86%B7%E9%95%BF%E6%A3%AEV1.jpg?itok=qlL5ErZ6,01_试点医院/中山大学肿瘤防治中心/照片/冷长森-胸科-副主任医师-中山大学肿瘤防治中心.jpg,205676,e696f88c175f910c3b207c83f79ce6776de9945d2491f1f95befb234cefb3ee6,400,600,
刘乾文,https://www.sysucc.org.cn/node/3626,实采,,https://www.sysucc.org.cn/sites/cc.prod.sysucloud2.sysu.edu.cn/files/styles/media_2_3_400_600/public/2023-04/liuqianwen-xk-202304.jpg?itok=I6PyD3s0,01_试点医院/中山大学肿瘤防治中心/照片/刘乾文-胸科-主任医师-中山大学肿瘤防治中心.jpg,187518,fe636e736986e02715a8ab42d1a7eb1c506e57a184b5ac9fbd94024090014e7d,400,600,
区伟,https://www.sysucc.org.cn/node/3623,实采,,https://www.sysucc.org.cn/sites/cc.prod.sysucloud2.sysu.edu.cn/files/styles/media_2_3_400_600/public/2023-04/ouwei-xk-202304.jpg?itok=vVL2H8_W,01_试点医院/中山大学肿瘤防治中心/照片/区伟-胸科-副主任医师-中山大学肿瘤防治中心.jpg,174007,925ec6ea1044e57b6b29e6416d79f011e665588aad825475bcc7fa9a556b682d,400,600,
张兰军,https://www.sysucc.org.cn/node/7371,实采,,https://www.sysucc.org.cn/sites/cc.prod.sysucloud2.sysu.edu.cn/files/styles/media_2_3_400_600/public/2023-12/%E5%BE%AE%E4%BF%A1%E5%9B%BE%E7%89%87_20231219160258_%E5%89%AF%E6%9C%AC.jpg?itok=PDjgqa-p,01_试点医院/中山大学肿瘤防治中心/照片/张兰军-胸科-主任医师-中山大学肿瘤防治中心.jpg,246221,f0a7c2b78b09ee4be1590c1d414977b7fa81aafc7d6269e9f968e6eb29105796,400,600,
张旭,https://www.sysucc.org.cn/node/3618,实采,,https://www.sysucc.org.cn/sites/cc.prod.sysucloud2.sysu.edu.cn/files/styles/media_2_3_400_600/public/2023-03/zhangxu-xk-202303.jpg?itok=jDh3tgZL,01_试点医院/中山大学肿瘤防治中心/照片/张旭-胸科-主任医师-中山大学肿瘤防治中心.jpg,184227,239293324682d0cc62d1c5fbe63e29444fb67657ad894b94f2e9db4dd4008087,400,600,
戎铁华,https://www.sysucc.org.cn/node/4663,实采,,https://www.sysucc.org.cn/sites/cc.prod.sysucloud2.sysu.edu.cn/files/styles/media_2_3_400_600/public/2023-01/rongtiehua.jpg?itok=acHEiuPi,01_试点医院/中山大学肿瘤防治中心/照片/戎铁华-胸科-主任医师-中山大学肿瘤防治中心.jpg,161589,8978b45961b9267e6a197ebcfec5d8a9d04e1c3594207f37b0250681606ea43d,400,600,
朱志华,https://www.sysucc.org.cn/node/3624,实采,,https://www.sysucc.org.cn/sites/cc.prod.sysucloud2.sysu.edu.cn/files/styles/media_2_3_400_600/public/2023-04/zhuzhihua-xk-202304.jpg?itok=AE_DXuKx,01_试点医院/中山大学肿瘤防治中心/照片/朱志华-胸科-副研究员-中山大学肿瘤防治中心.jpg,164212,91d1216a19e6fd9047008f9a5e901a24ae04950488b5e7a43324a61986afc8fa,400,600,
李小东,https://www.sysucc.org.cn/node/3622,实采,,https://www.sysucc.org.cn/sites/cc.prod.sysucloud2.sysu.edu.cn/files/styles/media_2_3_400_600/public/2023-04/lixiaodong-xk-202304.jpg?itok=I7CieEzB,01_试点医院/中山大学肿瘤防治中心/照片/李小东-胸科-副主任医师-中山大学肿瘤防治中心.jpg,173278,8eae12c29cc3371ba101760f60f4fc97cfd300e83621c78036d3d2cc23c70736,400,600,
杨寒,https://www.sysucc.org.cn/node/6898,实采,,https://www.sysucc.org.cn/sites/cc.prod.sysucloud2.sysu.edu.cn/files/styles/media_2_3_400_600/public/2023-10/%E8%83%B8%E7%A7%91%2B%E6%9D%A8%E5%AF%92%2Bb01533%20%E5%A4%A7%E5%9B%BE.jpg?itok=W6hqEs8f,01_试点医院/中山大学肿瘤防治中心/照片/杨寒-胸科-主任医师-中山大学肿瘤防治中心.jpg,185893,8efc5d483d7fe072965a34656b982e6c29e7087089bcf192bf07d55de9ee6ab4,400,600,
杨弘,https://www.sysucc.org.cn/node/3620,实采,,https://www.sysucc.org.cn/sites/cc.prod.sysucloud2.sysu.edu.cn/files/styles/media_2_3_400_600/public/2023-03/yanghong-xk-202303.jpg?itok=Fh4f9zlj,01_试点医院/中山大学肿瘤防治中心/照片/杨弘-胸科-未标注-中山大学肿瘤防治中心.jpg,182881,262f8b8ba459ec22e890f226275dae436eeaa4981c28490a06eab14041826e1c,400,600,
杨浩贤,https://www.sysucc.org.cn/node/3612,实采,,https://www.sysucc.org.cn/sites/cc.prod.sysucloud2.sysu.edu.cn/files/styles/media_2_3_400_600/public/2023-03/yanghaoxian-xk-202303.jpg?itok=tJcKDHpJ,01_试点医院/中山大学肿瘤防治中心/照片/杨浩贤-胸科-主任医师-中山大学肿瘤防治中心.jpg,173502,87014e9ada74581f415fcd4a8a5adfa72889c49cb06da362ff437e79029ce808,400,600,
林勇斌,https://www.sysucc.org.cn/node/3625,实采,,https://www.sysucc.org.cn/sites/cc.prod.sysucloud2.sysu.edu.cn/files/styles/media_2_3_400_600/public/2023-04/linyongbin-xk-202304.jpg?itok=OEzRq-4F,01_试点医院/中山大学肿瘤防治中心/照片/林勇斌-胸科-主任医师-中山大学肿瘤防治中心.jpg,180292,b4cc2c9d49c21b8345e56cb8493c0f697f9edc2bf01e0375ab1a2c37fe3bbd3d,400,600,
林鹏,https://www.sysucc.org.cn/node/3610,实采,,https://www.sysucc.org.cn/sites/cc.prod.sysucloud2.sysu.edu.cn/files/styles/media_2_3_400_600/public/2023-03/linpeng-xk-202303.jpg?itok=dVr2hmYv,01_试点医院/中山大学肿瘤防治中心/照片/林鹏-胸科-主任医师-中山大学肿瘤防治中心.jpg,197304,2837dd2a2e7d0b7c980eb67ef437d2964ba96d6aee92b84fb982ce6af0b0ebf7,400,600,
温浙盛,https://www.sysucc.org.cn/node/3615,实采,,https://www.sysucc.org.cn/sites/cc.prod.sysucloud2.sysu.edu.cn/files/styles/media_2_3_400_600/public/2023-03/wenzhesheng-xk-202303.jpg?itok=6JrXvv1G,01_试点医院/中山大学肿瘤防治中心/照片/温浙盛-胸科-主任医师-中山大学肿瘤防治中心.jpg,180381,9ddced26b7e9322bff367f3f69336797779ac25bef8dae51b79fe1210b135f37,400,600,
王军业,https://www.sysucc.org.cn/node/3616,实采,,https://www.sysucc.org.cn/sites/cc.prod.sysucloud2.sysu.edu.cn/files/styles/media_2_3_400_600/public/2023-07/%E5%9B%BE%E7%89%871.png?itok=He3IgVqt,01_试点医院/中山大学肿瘤防治中心/照片/王军业-胸科-主任医师-中山大学肿瘤防治中心.png,273921,59872ebe3720ab19f0d12b44d710628eacfdd41bf59865453ec606b5160b77df,400,600,
王思愚,https://www.sysucc.org.cn/node/3613,实采,,https://www.sysucc.org.cn/sites/cc.prod.sysucloud2.sysu.edu.cn/files/styles/media_2_3_400_600/public/2023-03/wangsiyu-xk-202303.jpg?itok=hAuL-1M3,01_试点医院/中山大学肿瘤防治中心/照片/王思愚-胸科-主任医师-中山大学肿瘤防治中心.jpg,164694,f1597ad15ee461a5a60f828afbad896c677992d82f57f0d1974eb417aa9118c4,400,600,
王欣,https://www.sysucc.org.cn/node/3614,实采,,https://www.sysucc.org.cn/sites/cc.prod.sysucloud2.sysu.edu.cn/files/styles/media_2_3_400_600/public/2023-03/wangxin-xk-202303.jpg?itok=eHjbyrjo,01_试点医院/中山大学肿瘤防治中心/照片/王欣-胸科-主任医师-中山大学肿瘤防治中心.jpg,174661,e8a7cd2251805ff08c4d6559880d969cf2350afad5b9270697ef3941e1f62735,400,600,
罗孔嘉,https://www.sysucc.org.cn/node/3627,实采,,https://www.sysucc.org.cn/sites/cc.prod.sysucloud2.sysu.edu.cn/files/styles/media_2_3_400_600/public/2023-04/luokongjia-xk-202304.jpg?itok=CKFmGzfw,01_试点医院/中山大学肿瘤防治中心/照片/罗孔嘉-胸科-主任医师-中山大学肿瘤防治中心.jpg,177423,30cde18b466d44cd82f85d8c2aa7ffabc56a23ef6a3ce98731af7a5f79dfb198,400,600,
胡祎,https://www.sysucc.org.cn/node/3621,实采,,https://www.sysucc.org.cn/sites/cc.prod.sysucloud2.sysu.edu.cn/files/styles/media_2_3_400_600/public/import_images/UploadFiles/expert/prouct_2014_1_17_077QUXGO.jpg?itok=Tq18FpHE,01_试点医院/中山大学肿瘤防治中心/照片/胡祎-胸科-主任医师-中山大学肿瘤防治中心.jpg,125866,1d4eddc8bf31aec1fbc89d1e6ce48be1c070fbb004ab6ab21fe7a6b094f69d75,400,600,
苏晓东,https://www.sysucc.org.cn/node/3619,实采,,https://www.sysucc.org.cn/sites/cc.prod.sysucloud2.sysu.edu.cn/files/styles/media_2_3_400_600/public/2023-03/suxiaodong-xk-202303.jpg?itok=snNXtOfY,01_试点医院/中山大学肿瘤防治中心/照片/苏晓东-胸科-主任医师-中山大学肿瘤防治中心.jpg,200597,0fea29c9e47fe28a7d2bb85fad7acf3ad85283bc11bd13c2811e2222ee64e9d8,400,600,
赵泽锐,https://www.sysucc.org.cn/node/3628,实采,,https://www.sysucc.org.cn/sites/cc.prod.sysucloud2.sysu.edu.cn/files/styles/media_2_3_400_600/public/2023-04/zhaozerui-xk-202304.jpg?itok=ggu3x3Lx,01_试点医院/中山大学肿瘤防治中心/照片/赵泽锐-胸科-副主任医师-中山大学肿瘤防治中心.jpg,202446,681ef81bfa8ec3b74534d0059dae15886efd94df67f6e357bef530395a722390,400,600,
陈友芳,https://www.sysucc.org.cn/node/3631,实采,,https://www.sysucc.org.cn/sites/cc.prod.sysucloud2.sysu.edu.cn/files/styles/media_2_3_400_600/public/2025-04/%E9%99%88%E5%8F%8B%E8%8A%B3v.png?itok=NGiV2FUp,01_试点医院/中山大学肿瘤防治中心/照片/陈友芳-胸科-副主任医师-中山大学肿瘤防治中心.png,277050,216442903d41574f6a13ac8c49678124f382b10c4b29ec581746eeaa284b2f91,400,600,
陈骏英,https://www.sysucc.org.cn/node/3630,实采,,https://www.sysucc.org.cn/sites/cc.prod.sysucloud2.sysu.edu.cn/files/styles/media_2_3_400_600/public/2024-06/%E9%99%88%E9%AA%8F%E8%8B%B16.7.jpg?itok=7-0wMU_W,01_试点医院/中山大学肿瘤防治中心/照片/陈骏英-胸科-副主任医师-中山大学肿瘤防治中心.jpg,179195,7bb76a64c0c6c540d4efa76139d9ab7dc95dddddf5d1d39047f95011b23b0d81,400,600,
马国伟,https://www.sysucc.org.cn/node/3617,实采,,https://www.sysucc.org.cn/sites/cc.prod.sysucloud2.sysu.edu.cn/files/styles/media_2_3_400_600/public/2023-03/maguowei-xk-202303.jpg?itok=DAGQ_GLm,01_试点医院/中山大学肿瘤防治中心/照片/马国伟-胸科-主任医师-中山大学肿瘤防治中心.jpg,171688,4f19c84c2ec011c3df2a2a40a32797719876d0a6164509505ec444b69bd03154,400,600,
龙浩,https://www.sysucc.org.cn/node/3609,实采,,https://www.sysucc.org.cn/sites/cc.prod.sysucloud2.sysu.edu.cn/files/styles/media_2_3_400_600/public/2023-03/longhao-xk-202303.jpg?itok=5agmgPTk,01_试点医院/中山大学肿瘤防治中心/照片/龙浩-胸科-主任医师-中山大学肿瘤防治中心.jpg,202148,8c02c3d848edbbb159ec3ca7dff2a74a9df915eb834f6b3fcd0ebe32fd052976,400,600,
刘澍,https://www.sysucc.org.cn/node/6423,实采,,https://www.sysucc.org.cn/sites/cc.prod.sysucloud2.sysu.edu.cn/files/styles/media_2_3_400_600/public/2023-06/liushu-yxb-202306.jpg?itok=RZuEtyQ4,01_试点医院/中山大学肿瘤防治中心/照片/刘澍-药学部-副主任药师-中山大学肿瘤防治中心.jpg,172043,c84501a370eb03517145a1d7571e68e9f37961c6f2897d5f47d57e2690fca66b,400,600,
刘韬,https://www.sysucc.org.cn/node/3923,实采,,https://www.sysucc.org.cn/sites/cc.prod.sysucloud2.sysu.edu.cn/files/styles/media_2_3_400_600/public/2023-04/liutao-yxb-202304.jpg?itok=-ojSr1yV,01_试点医院/中山大学肿瘤防治中心/照片/刘韬-药学部-主任药师-中山大学肿瘤防治中心.jpg,190723,c3da58514895d13a2af02ccf427103b53a65770569542800669b152434bbf2b0,400,600,
房财富,https://www.sysucc.org.cn/node/6552,实采,,https://www.sysucc.org.cn/sites/cc.prod.sysucloud2.sysu.edu.cn/files/styles/media_2_3_400_600/public/2023-07/7%20%E6%88%BF%E8%B4%A2%E5%AF%8C%E7%85%A7%E7%89%87.jpg?itok=uTaaHydl,01_试点医院/中山大学肿瘤防治中心/照片/房财富-药学部-副主任药师-中山大学肿瘤防治中心.jpg,159188,bbf1fc64fcc5c8c2aaa2ed3236f3f5db5c876e72c519a97c8add6c132f0fb9f8,400,600,
梁蔚婷,https://www.sysucc.org.cn/node/3926,实采,,https://www.sysucc.org.cn/sites/cc.prod.sysucloud2.sysu.edu.cn/files/styles/media_2_3_400_600/public/import_images/upload/users/1/20211025/liangweiting202110_79069.jpg?itok=R4FoiEmk,01_试点医院/中山大学肿瘤防治中心/照片/梁蔚婷-药学部-副主任药师-中山大学肿瘤防治中心.jpg,146595,c2dbba90ec21badcd0d79b00391dc382345da22365ce48878be502c25b05e614,400,600,
陈倩超,https://www.sysucc.org.cn/node/3925,实采,,https://www.sysucc.org.cn/sites/cc.prod.sysucloud2.sysu.edu.cn/files/styles/media_2_3_400_600/public/2023-04/chenqianchao-yxb-202304.jpg?itok=wGUWls6I,01_试点医院/中山大学肿瘤防治中心/照片/陈倩超-药学部-副主任药师-中山大学肿瘤防治中心.jpg,177533,12fa70af82c40513ff354dfb81b602c8d677727e6eaf8b1d2bdc23751425c2a3,400,600,
陈卓佳,https://www.sysucc.org.cn/node/3924,实采,,https://www.sysucc.org.cn/sites/cc.prod.sysucloud2.sysu.edu.cn/files/styles/media_2_3_400_600/public/2023-04/chenzhuojia-yxb-202304.jpg?itok=TVVGPJK2,01_试点医院/中山大学肿瘤防治中心/照片/陈卓佳-药学部-主任药师-中山大学肿瘤防治中心.jpg,192352,592c3501620cc46eecbf38979e2d283d7714dae38d80edfe23775389d046ce0e,400,600,
黄红兵,https://www.sysucc.org.cn/node/3922,实采,,https://www.sysucc.org.cn/sites/cc.prod.sysucloud2.sysu.edu.cn/files/styles/media_2_3_400_600/public/2023-04/huanghongbing-yxb-202304.jpg?itok=Rf7O7cIQ,01_试点医院/中山大学肿瘤防治中心/照片/黄红兵-药学部-主任药师-中山大学肿瘤防治中心.jpg,210145,cf8d28e617aeb71e1f54d559a463fcd3147a7f2ab8152b5eda4159c5084ffb3e,400,600,
吴秉毅,https://www.sysucc.org.cn/node/3793,实采,,https://www.sysucc.org.cn/sites/cc.prod.sysucloud2.sysu.edu.cn/files/styles/media_2_3_400_600/public/2023-04/wubingyi-xyzlk-202304.jpg?itok=KDM19F04,01_试点医院/中山大学肿瘤防治中心/照片/吴秉毅-血液肿瘤科-主任医师-中山大学肿瘤防治中心.jpg,163582,a7cd1fc393bf4712d4295c828f9b5269ff6febbf0dbe2eae0b5076ef701729b5,400,600,
夏忠军,https://www.sysucc.org.cn/node/3795,实采,,https://www.sysucc.org.cn/sites/cc.prod.sysucloud2.sysu.edu.cn/files/styles/media_2_3_400_600/public/2023-04/xiazhongjun-xyzlk-202304.jpg?itok=a1jWIC9q,01_试点医院/中山大学肿瘤防治中心/照片/夏忠军-血液肿瘤科-副主任医师-中山大学肿瘤防治中心.jpg,182399,c1eb82d91d0e2f04c3fd122dbacdb89ae433952cce2ff200a88ce0a49e7fb829,400,600,
宋远斌,https://www.sysucc.org.cn/node/6470,实采,,https://www.sysucc.org.cn/sites/cc.prod.sysucloud2.sysu.edu.cn/files/styles/media_2_3_400_600/public/2023-07/%E5%AE%8B%E8%BF%9C%E6%96%8C.jpg?itok=8V5Oy_bC,01_试点医院/中山大学肿瘤防治中心/照片/宋远斌-血液肿瘤科-副主任医师-中山大学肿瘤防治中心.jpg,126865,873340a17a2ddd06573ae2405c6ac081b69a88d647c16746fe784f6c90daecbd,400,600,
崔莹莹,https://www.sysucc.org.cn/node/6489,实采,,https://www.sysucc.org.cn/sites/cc.prod.sysucloud2.sysu.edu.cn/files/styles/media_2_3_400_600/public/2024-05/%E5%B4%94%E8%8E%B9%E8%8E%B9V2_0.jpg?itok=bL5qKLln,01_试点医院/中山大学肿瘤防治中心/照片/崔莹莹-血液肿瘤科-副主任医师-中山大学肿瘤防治中心.jpg,223721,fceb8205dd80c0d36429a256bfbd92f39a6c5b9eb186e398443094eb48ac2543,400,600,
戴钰俊,https://www.sysucc.org.cn/node/6441,实采,,https://www.sysucc.org.cn/sites/cc.prod.sysucloud2.sysu.edu.cn/files/styles/media_2_3_400_600/public/2023-07/1.%E6%88%B4%E9%92%B0%E4%BF%8A.png?itok=LyPBYShX,01_试点医院/中山大学肿瘤防治中心/照片/戴钰俊-血液肿瘤科-副主任医师-中山大学肿瘤防治中心.png,172080,4506030699d3f998dba066dd709019d0694c59ad1aed77c3b865a1d088fa12a1,400,600,
李雪萍,https://www.sysucc.org.cn/node/9742,实采,,https://www.sysucc.org.cn/sites/cc.prod.sysucloud2.sysu.edu.cn/files/styles/media_2_3_400_600/public/2025-04/%E6%9D%8E%E9%9B%AA%E8%90%8D%403x_0.jpg?itok=dn_qsvA3,01_试点医院/中山大学肿瘤防治中心/照片/李雪萍-血液肿瘤科-副主任医师-中山大学肿瘤防治中心.jpg,108139,38e15e8438663ca312f097f0f38f924ac51edf4e24ac020855e5b9663741645c,400,600,
束玲玲,https://www.sysucc.org.cn/node/6481,实采,,https://www.sysucc.org.cn/sites/cc.prod.sysucloud2.sysu.edu.cn/files/styles/media_2_3_400_600/public/2026-02/%E6%9D%9F%E7%8E%B2%E7%8E%B2V.png?itok=9hltYKlW,01_试点医院/中山大学肿瘤防治中心/照片/束玲玲-血液肿瘤科-副主任医师-中山大学肿瘤防治中心.png,213054,145a31605a2719428046e944606287c12a3ffab0caf05a98095145b8248a3be4,400,600,
梁洋,https://www.sysucc.org.cn/node/3792,实采,,https://www.sysucc.org.cn/sites/cc.prod.sysucloud2.sysu.edu.cn/files/styles/media_2_3_400_600/public/2023-03/liangyang-xyzlk-202303.jpg?itok=vGlcUlf5,01_试点医院/中山大学肿瘤防治中心/照片/梁洋-血液肿瘤科-主任医师-中山大学肿瘤防治中心.jpg,206530,ad5c65fd25b1fd5ba38929a90c5bc8fc4bcd07b0b0125e3e1c3f31afe5e6a236,400,600,
王华,https://www.sysucc.org.cn/node/3796,实采,,https://www.sysucc.org.cn/sites/cc.prod.sysucloud2.sysu.edu.cn/files/styles/media_2_3_400_600/public/2023-04/wanghua-xyzlk-202304.jpg?itok=_xQv9FBE,01_试点医院/中山大学肿瘤防治中心/照片/王华-血液肿瘤科-副主任医师-中山大学肿瘤防治中心.jpg,181705,6d2c2e1d91db4412e5dbe06f5baf2164e18a016c6e9d967a40f83efc14d66416,400,600,
王维达,https://www.sysucc.org.cn/node/6480,实采,,https://www.sysucc.org.cn/sites/cc.prod.sysucloud2.sysu.edu.cn/files/styles/media_2_3_400_600/public/2023-07/%E5%9B%BE%E7%89%871_1.png?itok=YtB_b3Jj,01_试点医院/中山大学肿瘤防治中心/照片/王维达-血液肿瘤科-副主任医师-中山大学肿瘤防治中心.png,249145,b60e47597e2c8e67b8ada61bf4804468237d42eea38b78b3a12b4caedd661427,400,600,
王韵,https://www.sysucc.org.cn/node/3797,实采,,https://www.sysucc.org.cn/sites/cc.prod.sysucloud2.sysu.edu.cn/files/styles/media_2_3_400_600/public/2023-07/%E5%9B%BE%E7%89%872.png?itok=7Mp4f_l4,01_试点医院/中山大学肿瘤防治中心/照片/王韵-血液肿瘤科-副主任医师-中山大学肿瘤防治中心.png,187634,592646e395bb57979046051796b15e629c5bc678d27439c9d7e82e7fe09850e1,400,600,
刘丽珍,https://www.sysucc.org.cn/node/3901,实采,,https://www.sysucc.org.cn/sites/cc.prod.sysucloud2.sysu.edu.cn/files/styles/media_2_3_400_600/public/import_images/UploadFiles/expert/prouct_2014_1_17_M7SD0ISM.jpg?itok=qz8bSdDo,01_试点医院/中山大学肿瘤防治中心/照片/刘丽珍-超声科-副主任医师-中山大学肿瘤防治中心.jpg,165915,3108333c7eeef3626c7585d962a70ddcb7d081158382c925f0ee40329f8a33bc,400,600,
刘敏,https://www.sysucc.org.cn/node/6668,实采,,https://www.sysucc.org.cn/sites/cc.prod.sysucloud2.sysu.edu.cn/files/styles/media_2_3_400_600/public/2023-08/%E5%88%98%E6%95%8F.jpg?itok=2VdxSQ-P,01_试点医院/中山大学肿瘤防治中心/照片/刘敏-超声科-副主任医师-中山大学肿瘤防治中心.jpg,234100,23b2851634439121dc22b1d0c95e31ed8c2bf823d400ac88177d95d032e62382,400,600,
刘玉博,https://www.sysucc.org.cn/node/8251,实采,,https://www.sysucc.org.cn/sites/cc.prod.sysucloud2.sysu.edu.cn/files/styles/media_2_3_400_600/public/2024-06/%E5%88%98%E7%8E%89%E5%8D%9AV1.jpg?itok=Y2V6Y3s8,01_试点医院/中山大学肿瘤防治中心/照片/刘玉博-超声科-副主任医师-中山大学肿瘤防治中心.jpg,162420,cfd7f9284209e34a70e1642d26a349f6744abc6b71b7099de0805a360b02bee6,400,600,
刘隆忠,https://www.sysucc.org.cn/node/3898,实采,,https://www.sysucc.org.cn/sites/cc.prod.sysucloud2.sysu.edu.cn/files/styles/media_2_3_400_600/public/2023-02/liulongzhong202302.jpg?itok=CqNM7LP_,01_试点医院/中山大学肿瘤防治中心/照片/刘隆忠-超声科-主任医师-中山大学肿瘤防治中心.jpg,129603,5a3d5ed34fc81afea593c9d344719c8774182411d8bbbf77d445f222994e7823,400,600,
周建华,https://www.sysucc.org.cn/node/3894,实采,,https://www.sysucc.org.cn/sites/cc.prod.sysucloud2.sysu.edu.cn/files/styles/media_2_3_400_600/public/2024-01/ea422354e49d300fcd82ab1f56a5d6a_%E5%89%AF%E6%9C%AC.jpg?itok=E8Q83vSt,01_试点医院/中山大学肿瘤防治中心/照片/周建华-超声科-主任医师-中山大学肿瘤防治中心.jpg,197309,60c1d3ff2a76bd80d75d79e00679cbdca5fb09357394ea27b2ce3edabb237b5d,400,600,
张丽媛,https://www.sysucc.org.cn/node/3902,实采,,https://www.sysucc.org.cn/sites/cc.prod.sysucloud2.sysu.edu.cn/files/styles/media_2_3_400_600/public/import_images/UploadFiles/expert/prouct_2015_6_25_NY4IZDTP.jpg?itok=z3R4OFmj,01_试点医院/中山大学肿瘤防治中心/照片/张丽媛-超声科-副主任技师-中山大学肿瘤防治中心.jpg,193193,6eb468838028cb54b28c5a824a739c35f0664ce650ac5a99783148ac000be6c3,400,600,
彭盛,https://www.sysucc.org.cn/node/10353,实采,,https://www.sysucc.org.cn/sites/cc.prod.sysucloud2.sysu.edu.cn/files/styles/media_2_3_400_600/public/2025-07/%E5%BD%AD%E7%9B%9B2.jpg?itok=nFH4Me1Q,01_试点医院/中山大学肿瘤防治中心/照片/彭盛-超声科-副主任医师-中山大学肿瘤防治中心.jpg,221699,fcc0220ff0484fd47bbf9b86a3f1d9d7b6cafcaf6d94d31652ad67e65b529cd6,400,600,
李安华,https://www.sysucc.org.cn/node/3893,实采,,https://www.sysucc.org.cn/sites/cc.prod.sysucloud2.sysu.edu.cn/files/styles/media_2_3_400_600/public/import_images/UploadFiles/expert/prouct_2014_1_17_NEOVDUP8.jpg?itok=QTCmf8GO,01_试点医院/中山大学肿瘤防治中心/照片/李安华-超声科-主任医师-中山大学肿瘤防治中心.jpg,147222,41954a150f59cb0bcb133c182a66ab824ae82b37e57fe285e8037d9eb24233ef,400,600,
林僖,https://www.sysucc.org.cn/node/3895,实采,,https://www.sysucc.org.cn/sites/cc.prod.sysucloud2.sysu.edu.cn/files/styles/media_2_3_400_600/public/import_images/UploadFiles/expert/prouct_2015_9_18_DXFV65H6.jpg?itok=TrHIcfDV,01_试点医院/中山大学肿瘤防治中心/照片/林僖-超声科-主任医师-中山大学肿瘤防治中心.jpg,156150,2fad78f871bb44f6a8a40f75813b1abea1f31df1ee67b56a3a1d52414c034028,400,600,
王建伟,https://www.sysucc.org.cn/node/3903,实采,,https://www.sysucc.org.cn/sites/cc.prod.sysucloud2.sysu.edu.cn/files/styles/media_2_3_400_600/public/import_images/upload/users/1/20210722/wangjianwei202107_30602.jpg?itok=woJJqPFW,01_试点医院/中山大学肿瘤防治中心/照片/王建伟-超声科-副主任医师-中山大学肿瘤防治中心.jpg,132973,432da0934c43f49b18acb76daac37f921639120fe12bb49a69930ed5a0db58f2,400,600,
裴小青,https://www.sysucc.org.cn/node/3896,实采,,https://www.sysucc.org.cn/sites/cc.prod.sysucloud2.sysu.edu.cn/files/styles/media_2_3_400_600/public/2025-12/%E8%A3%B4%E5%B0%8F%E9%9D%92.jpg?itok=NVFXkZaV,01_试点医院/中山大学肿瘤防治中心/照片/裴小青-超声科-主任医师-中山大学肿瘤防治中心.jpg,148912,095b399da97e64d3029899dc24bb14152b69bcc678ef18ea69498cac8f084d77,400,600,
邹如海,https://www.sysucc.org.cn/node/3897,实采,,https://www.sysucc.org.cn/sites/cc.prod.sysucloud2.sysu.edu.cn/files/styles/media_2_3_400_600/public/import_images/upload/users/1/20220809/zouruhai202208_94205.jpg?itok=GBHp8xvN,01_试点医院/中山大学肿瘤防治中心/照片/邹如海-超声科-主任医师-中山大学肿瘤防治中心.jpg,135844,8f7cdb18029f8a18f3e5a51545c2f3d16aad9f4e7de84bc7a2d46e209726a1fe,400,600,
郑玮,https://www.sysucc.org.cn/node/3904,实采,,https://www.sysucc.org.cn/sites/cc.prod.sysucloud2.sysu.edu.cn/files/styles/media_2_3_400_600/public/import_images/upload/users/1/20210726/zhengwei202107_82167.jpg?itok=BPhCAflB,01_试点医院/中山大学肿瘤防治中心/照片/郑玮-超声科-副主任医师-中山大学肿瘤防治中心.jpg,140256,a5b8836205a24333aeed317e87a3634fe18fbd33bd897f7e8ec13b9d831122d6,400,600,
郭智兴,https://www.sysucc.org.cn/node/6525,实采,,https://www.sysucc.org.cn/sites/cc.prod.sysucloud2.sysu.edu.cn/files/styles/media_2_3_400_600/public/2023-08/%E8%B6%85%E5%A3%B0%E5%BF%83%E7%94%B5%E7%A7%91%2B%E9%83%AD%E6%99%BA%E5%85%B4%2BB01624%20%E5%A4%A7%E5%9B%BE_%E5%89%AF%E6%9C%AC.jpg?itok=dk8nwXPI,01_试点医院/中山大学肿瘤防治中心/照片/郭智兴-超声科-副主任医师-中山大学肿瘤防治中心.jpg,187158,a8bc8ade07bb9fe8c368a8848de23dfd44eee02876961b0d8c6b1ed2733986cd,400,600,
韩峰,https://www.sysucc.org.cn/node/3899,实采,,https://www.sysucc.org.cn/sites/cc.prod.sysucloud2.sysu.edu.cn/files/styles/media_2_3_400_600/public/import_images/upload/users/75/20170927/%E9%9F%A9%E5%B3%B0_18963_22533.jpg?itok=h5YUlSVM,01_试点医院/中山大学肿瘤防治中心/照片/韩峰-超声科-主任医师-中山大学肿瘤防治中心.jpg,136595,4a2398677e0ed5758e52a1508bd40bfdca9dc24cb2c968b56d3aa3fcfe1d6174,400,600,
黎剑,https://www.sysucc.org.cn/node/3900,实采,,https://www.sysucc.org.cn/sites/cc.prod.sysucloud2.sysu.edu.cn/files/styles/media_2_3_400_600/public/import_images/upload/users/1/20210609/lijian202106_27590.jpg?itok=6nSVzOTl,01_试点医院/中山大学肿瘤防治中心/照片/黎剑-超声科-主任医师-中山大学肿瘤防治中心.jpg,134272,13b101c3885f13e50b7cf1ba052736136508a41fb3d26690f032aea197ddc1f9,400,600,
何新荣,https://www.sysucc.org.cn/node/3813,实采,,https://www.sysucc.org.cn/sites/cc.prod.sysucloud2.sysu.edu.cn/files/styles/media_2_3_400_600/public/2026-08/6.%E4%BD%95%E6%96%B0%E8%8D%A3%20%E5%89%AF%E4%B8%BB%E4%BB%BB%E5%8C%BB%E5%B8%88.png?itok=0fXG330E,01_试点医院/中山大学肿瘤防治中心/照片/何新荣-重症医学科-副主任医师-中山大学肿瘤防治中心.png,209693,5da7ce5c816357ee6f9f2ffca8d351634e19a739b16a7ca1c8543f4a8f27cdb2,400,600,
娄宁,https://www.sysucc.org.cn/node/3809,实采,,https://www.sysucc.org.cn/sites/cc.prod.sysucloud2.sysu.edu.cn/files/styles/media_2_3_400_600/public/2023-04/louning-zzyxk-202304.jpg?itok=zEN34InI,01_试点医院/中山大学肿瘤防治中心/照片/娄宁-重症医学科-主任医师-中山大学肿瘤防治中心.jpg,185051,f8b3fd22856970299b88504dbdfe452f5d48ddef477d924d2fb67feb7ba16c34,400,600,
廖伟,https://www.sysucc.org.cn/node/3814,实采,,https://www.sysucc.org.cn/sites/cc.prod.sysucloud2.sysu.edu.cn/files/styles/media_2_3_400_600/public/2026-08/7.%E5%BB%96%E4%BC%9F%20%E5%89%AF%E4%B8%BB%E4%BB%BB%E5%8C%BB%E5%B8%88%E3%80%81%E7%A1%95%E5%A3%AB%E7%94%9F%E5%AF%BC%E5%B8%88.jpg?itok=QNmQkZ4I,01_试点医院/中山大学肿瘤防治中心/照片/廖伟-重症医学科-副主任医师-中山大学肿瘤防治中心.jpg,125364,0cc46f5c9ccdee7a35dd0f920e0330c24cde1f59fb34899fc1df09c7d1e1e87b,400,600,
方翼,https://www.sysucc.org.cn/node/3811,实采,,https://www.sysucc.org.cn/sites/cc.prod.sysucloud2.sysu.edu.cn/files/styles/media_2_3_400_600/public/import_images/UploadFiles/expert/prouct_2014_1_22_BNZ8MGTU.jpg?itok=0COt9ofJ,01_试点医院/中山大学肿瘤防治中心/照片/方翼-重症医学科-副主任医师-中山大学肿瘤防治中心.jpg,147438,dd60d68151dce62374af7b70157ebcf4a5e529c2f8755bea4c9f729ac8e16c5e,400,600,
曹训,https://www.sysucc.org.cn/node/3815,实采,,https://www.sysucc.org.cn/sites/cc.prod.sysucloud2.sysu.edu.cn/files/styles/media_2_3_400_600/public/2026-08/14.%E6%9B%B9%E8%AE%AD%20%E5%89%AF%E4%B8%BB%E4%BB%BB%E5%8C%BB%E5%B8%88.jpg?itok=t_WsJ4Vf,01_试点医院/中山大学肿瘤防治中心/照片/曹训-重症医学科-副主任医师-中山大学肿瘤防治中心.jpg,151446,ce4835b0ec1d062ed7a3a447614a42d49210688b0bd03b446852d73cb7d8545f,400,600,
李欢,https://www.sysucc.org.cn/node/12823,实采,,https://www.sysucc.org.cn/sites/cc.prod.sysucloud2.sysu.edu.cn/files/styles/media_2_3_400_600/public/2023-04/lihuan-yygrglk-202304.jpg?itok=EhDLLU6j,01_试点医院/中山大学肿瘤防治中心/照片/李欢-重症医学科-副主任医师-中山大学肿瘤防治中心.jpg,197414,c0429152371ee20e7fdcae50fd1dcf34a7a7ca00cd3d020e8e82c92699faa687,400,600,
汪道峰,https://www.sysucc.org.cn/node/3810,实采,,https://www.sysucc.org.cn/sites/cc.prod.sysucloud2.sysu.edu.cn/files/styles/media_2_3_400_600/public/import_images/UploadFiles/expert/prouct_2014_1_22_PSJHF1VG.jpg?itok=x-rwfJkb,01_试点医院/中山大学肿瘤防治中心/照片/汪道峰-重症医学科-副主任医师-中山大学肿瘤防治中心.jpg,136672,c4866b97f7d4d1bce78c8720ff6b7e28d9776ffdcf198ba8bc5a231caf987c00,400,600,
赵擎宇,https://www.sysucc.org.cn/node/3808,实采,,https://www.sysucc.org.cn/sites/cc.prod.sysucloud2.sysu.edu.cn/files/styles/media_2_3_400_600/public/2023-04/zhaoqingyu-zzyxk-202304.jpg?itok=ER8170mD,01_试点医院/中山大学肿瘤防治中心/照片/赵擎宇-重症医学科-主任医师-中山大学肿瘤防治中心.jpg,192818,5afda278f37141408cd734c5c888f0ea1ab16f4166775458f4bf938e3a709d33,400,600,
顾葆春,https://www.sysucc.org.cn/node/3812,实采,,https://www.sysucc.org.cn/sites/cc.prod.sysucloud2.sysu.edu.cn/files/styles/media_2_3_400_600/public/import_images/UploadFiles/expert/prouct_2016_4_1_5PYGX5SE.jpg?itok=okfAjH0l,01_试点医院/中山大学肿瘤防治中心/照片/顾葆春-重症医学科-副主任医师-中山大学肿瘤防治中心.jpg,133204,6ecef493d8660fe0416fbaaa150e77b284b8196cca832247dece93a35d9b10d8,400,600,
马刚,https://www.sysucc.org.cn/node/3807,实采,,https://www.sysucc.org.cn/sites/cc.prod.sysucloud2.sysu.edu.cn/files/styles/media_2_3_400_600/public/2023-04/magang-zzyxk-202304.jpg?itok=qntJFItj,01_试点医院/中山大学肿瘤防治中心/照片/马刚-重症医学科-主任医师-中山大学肿瘤防治中心.jpg,187135,9816ac3fc8bcb90f388d323544d748ebc140dc3fe1e1bfe756362fb73614fc35,400,600,
严岳,https://www.sysucc.org.cn/node/3944,实采,,https://www.sysucc.org.cn/sites/cc.prod.sysucloud2.sysu.edu.cn/files/styles/media_2_3_400_600/public/import_images/upload/users/1/20210715/yanyue202107_62968.jpg?itok=ajl5sHty,01_试点医院/中山大学肿瘤防治中心/照片/严岳-防癌体检健康管理中心-副主任医师-中山大学肿瘤防治中心.jpg,129408,526e41af6fbd334eb210184f875c10a8ee06684a647d5564b443081308eb7115,400,600,
刘宇英,https://www.sysucc.org.cn/node/3942,实采,,https://www.sysucc.org.cn/sites/cc.prod.sysucloud2.sysu.edu.cn/files/styles/media_2_3_400_600/public/import_images/UploadFiles/expert/prouct_2015_6_10_TFWSAVI6.jpg?itok=cunt9xEZ,01_试点医院/中山大学肿瘤防治中心/照片/刘宇英-防癌体检健康管理中心-主任护师-中山大学肿瘤防治中心.jpg,145733,6dfe85b16a49d7994585b4703dbbc4e8dc44233693fc77403063265e91ce12f4,400,600,
李艳红,https://www.sysucc.org.cn/node/3943,实采,,https://www.sysucc.org.cn/sites/cc.prod.sysucloud2.sysu.edu.cn/files/styles/media_2_3_400_600/public/2024-04/%E4%BD%93%E6%A3%80%E4%B8%AD%E5%BF%83-%E6%9D%8E%E8%89%B3%E7%BA%A2%E6%8A%A4%E9%95%BF%E7%85%A7%E7%89%87.jpg?itok=tqKlb0SI,01_试点医院/中山大学肿瘤防治中心/照片/李艳红-防癌体检健康管理中心-副主任护师-中山大学肿瘤防治中心.jpg,142532,ec7875ed9859c579054bd6c3e29bad9712fc03d068684aad2494fcd1ec016905,400,600,
谢传波,https://www.sysucc.org.cn/node/3945,实采,,https://www.sysucc.org.cn/sites/cc.prod.sysucloud2.sysu.edu.cn/files/styles/media_2_3_400_600/public/2024-04/1.jpg?itok=hyTYgjXL,01_试点医院/中山大学肿瘤防治中心/照片/谢传波-防癌体检健康管理中心-副主任医师-中山大学肿瘤防治中心.jpg,141068,115bf308b544f20c7f8f3c56af58cb4db5ea110240454b66cf7809ecdc475220,400,600,
卢金昌,https://www.sysucc.org.cn/node/3671,实采,,https://www.sysucc.org.cn/sites/cc.prod.sysucloud2.sysu.edu.cn/files/styles/media_2_3_400_600/public/2023-03/lujinchang-gyrzzk-202303.jpg?itok=huaIJTHi,01_试点医院/中山大学肿瘤防治中心/照片/卢金昌-骨与软组织科-主任医师-中山大学肿瘤防治中心.jpg,204817,1f145d47e47b04691b2ecb561b4c2ae9400f916fc5a2fb28f028dc98455ecd68,400,600,
唐清连,https://www.sysucc.org.cn/node/3670,实采,,https://www.sysucc.org.cn/sites/cc.prod.sysucloud2.sysu.edu.cn/files/styles/media_2_3_400_600/public/2023-03/tangqinglian-gyrzzk-202303.jpg?itok=UAaEP1yO,01_试点医院/中山大学肿瘤防治中心/照片/唐清连-骨与软组织科-主任医师-中山大学肿瘤防治中心.jpg,165756,082d66df92c3b59663be313ac0dc1e04207dbeecd47c55362f663d24112e1a29,400,600,
朱小军,https://www.sysucc.org.cn/node/3672,实采,,https://www.sysucc.org.cn/sites/cc.prod.sysucloud2.sysu.edu.cn/files/styles/media_2_3_400_600/public/2023-03/zhuxiaojun-gyrzzk-202303.jpg?itok=XQ2Fzx13,01_试点医院/中山大学肿瘤防治中心/照片/朱小军-骨与软组织科-副主任医师-中山大学肿瘤防治中心.jpg,195370,f414d1834e1c5014fcd59827760bf8f39beedc08f7cfdfb74fbe241999ab7843,400,600,
王晋,https://www.sysucc.org.cn/node/3669,实采,,https://www.sysucc.org.cn/sites/cc.prod.sysucloud2.sysu.edu.cn/files/styles/media_2_3_400_600/public/2023-03/wangjin-gyrzzk-202303.jpg?itok=p4_ulD35,01_试点医院/中山大学肿瘤防治中心/照片/王晋-骨与软组织科-教授-中山大学肿瘤防治中心.jpg,182146,b552ff85fc3fa184b4d3616253e1f0d43add1df3b4d334f32d9c06f5bf8d1cde,400,600,
郭灵,https://www.sysucc.org.cn/node/1528,实采,,https://www.sysucc.org.cn/sites/cc.prod.sysucloud2.sysu.edu.cn/files/styles/media_2_3_400_600/public/2023-03/guoling-byk-202303.jpg?itok=garn4jhY,01_试点医院/中山大学肿瘤防治中心/照片/郭灵-鼻咽科-主任医师-中山大学肿瘤防治中心.jpg,214493,37bf94296793d0951275dd4299d367fce98c56c194bc4dd6bd4c6c17968f42c2,400,600,
刘丽婷,https://www.sysucc.org.cn/node/1646,实采,,https://www.sysucc.org.cn/sites/cc.prod.sysucloud2.sysu.edu.cn/files/styles/media_2_3_400_600/public/2023-04/liuliting-byk-202304.jpg?itok=IJnyR5hA,01_试点医院/中山大学肿瘤防治中心/照片/刘丽婷-鼻咽科-主任医师-中山大学肿瘤防治中心.jpg,204702,2406bd598d9f81be64ca5f7cb16afe32986efd37da34ae892c2972cbc36f37ce,400,600,
刘赛兰,https://www.sysucc.org.cn/node/6500,实采,,https://www.sysucc.org.cn/sites/cc.prod.sysucloud2.sysu.edu.cn/files/styles/media_2_3_400_600/public/2023-07/%E5%BE%AE%E4%BF%A1%E5%9B%BE%E7%89%87_20230717095810.jpg?itok=Oe9CUzpU,01_试点医院/中山大学肿瘤防治中心/照片/刘赛兰-鼻咽科-副主任医师-中山大学肿瘤防治中心.jpg,152369,9c24f77606649e84b433806f784c8536c44b1627fc373e0624eb4a7ac18889e5,400,600,
华贻军,https://www.sysucc.org.cn/node/1644,实采,,https://www.sysucc.org.cn/sites/cc.prod.sysucloud2.sysu.edu.cn/files/styles/media_2_3_400_600/public/2023-04/huayijun-byk-202304.jpg?itok=lwyb7_KN,01_试点医院/中山大学肿瘤防治中心/照片/华贻军-鼻咽科-主任医师-中山大学肿瘤防治中心.jpg,195830,3d060818b346cc081afa63c46dfa045efd025adb482663a382a8bbe4f77dd11e,400,600,
向燕群,https://www.sysucc.org.cn/node/1530,实采,,https://www.sysucc.org.cn/sites/cc.prod.sysucloud2.sysu.edu.cn/files/styles/media_2_3_400_600/public/2023-03/xiangyanqun-byk-202303.jpg?itok=QAT4jLGl,01_试点医院/中山大学肿瘤防治中心/照片/向燕群-鼻咽科-主任医师-中山大学肿瘤防治中心.jpg,181625,16007249f4618e7a18d41ede896b6eea8aeeaff826e8e3262b853cf1a3e1d358,400,600,
吕星,https://www.sysucc.org.cn/node/1642,实采,,https://www.sysucc.org.cn/sites/cc.prod.sysucloud2.sysu.edu.cn/files/styles/media_2_3_400_600/public/2023-03/lvxing-byk-202303.jpg?itok=9nI21RBl,01_试点医院/中山大学肿瘤防治中心/照片/吕星-鼻咽科-主任医师-中山大学肿瘤防治中心.jpg,174101,d58d8825db800a48a71c8931d90e040cb2e039861d634575d8b047fbaa0c6b6d,400,600,
唐林泉,https://www.sysucc.org.cn/node/1650,实采,,https://www.sysucc.org.cn/sites/cc.prod.sysucloud2.sysu.edu.cn/files/styles/media_2_3_400_600/public/2023-04/tanglinquan-byk-202304.jpg?itok=Xp0XCRmA,01_试点医院/中山大学肿瘤防治中心/照片/唐林泉-鼻咽科-主任医师-中山大学肿瘤防治中心.jpg,200014,76ddb521b5cdf811a07ed63db2cb9b2248d3d81d8fd0a5066eb03d4730dbe4d0,400,600,
夏伟雄,https://www.sysucc.org.cn/node/1643,实采,,https://www.sysucc.org.cn/sites/cc.prod.sysucloud2.sysu.edu.cn/files/styles/media_2_3_400_600/public/2023-04/xiaweixiong-byk-202304.jpg?itok=fGCdamS0,01_试点医院/中山大学肿瘤防治中心/照片/夏伟雄-鼻咽科-主任医师-中山大学肿瘤防治中心.jpg,200168,9ed37eb10ce5191ab98b48d2afef6c37454aa5b3d4974e99911a4e2e8338f00b,400,600,
孙蕊,https://www.sysucc.org.cn/node/1533,实采,,https://www.sysucc.org.cn/sites/cc.prod.sysucloud2.sysu.edu.cn/files/styles/media_2_3_400_600/public/2023-04/sunrui-byk-202304.jpg?itok=AaeA6oh_,01_试点医院/中山大学肿瘤防治中心/照片/孙蕊-鼻咽科-主任医师-中山大学肿瘤防治中心.jpg,191817,b4a50e3a70a3df3b6d8084cca375e9b271eb640e388f8d3d004d64541c4bf1d7,400,600,
曹卡加,https://www.sysucc.org.cn/node/1527,实采,,https://www.sysucc.org.cn/sites/cc.prod.sysucloud2.sysu.edu.cn/files/styles/media_2_3_400_600/public/2023-03/caokajia-byk-202303.jpg?itok=MmZk81pj,01_试点医院/中山大学肿瘤防治中心/照片/曹卡加-鼻咽科-主任医师-中山大学肿瘤防治中心.jpg,179066,3d85f4c362b74c522f51fdf7aab49251b59b95741a342d940f4679a24512ff66,400,600,
杨琦,https://www.sysucc.org.cn/node/6351,实采,,https://www.sysucc.org.cn/sites/cc.prod.sysucloud2.sysu.edu.cn/files/styles/media_2_3_400_600/public/2023-06/yangqi-byk-202306.jpg?itok=pJEK25c6,01_试点医院/中山大学肿瘤防治中心/照片/杨琦-鼻咽科-副主任医师-中山大学肿瘤防治中心.jpg,152485,93ffb10cf863d6f0db26adf0038c3486e814019b34463b19c0dd98c40db28b38,400,600,
梁虎,https://www.sysucc.org.cn/node/1649,实采,,https://www.sysucc.org.cn/sites/cc.prod.sysucloud2.sysu.edu.cn/files/styles/media_2_3_400_600/public/import_images/upload/users/1/20220518/lianghu202205_45158.jpg?itok=kwIbMd4Q,01_试点医院/中山大学肿瘤防治中心/照片/梁虎-鼻咽科-副主任医师-中山大学肿瘤防治中心.jpg,137878,f3670add3c5ed65ef03f40b089e1ecbd9849f902a757165d45af004932a0f7ab,400,600,
王琳,https://www.sysucc.org.cn/node/1645,实采,,https://www.sysucc.org.cn/sites/cc.prod.sysucloud2.sysu.edu.cn/files/styles/media_2_3_400_600/public/2023-04/wanglin-byk-202304.jpg?itok=R6so0sME,01_试点医院/中山大学肿瘤防治中心/照片/王琳-鼻咽科-主任医师-中山大学肿瘤防治中心.jpg,210504,28955a10f5c78a7672190d48878d9d6bdd97083e5489868dc63b7f13f0ee65ed,400,600,
罗东华,https://www.sysucc.org.cn/node/1641,实采,,https://www.sysucc.org.cn/sites/cc.prod.sysucloud2.sysu.edu.cn/files/styles/media_2_3_400_600/public/2023-04/luodonghua-byk-202304.jpg?itok=nYs_Hyuj,01_试点医院/中山大学肿瘤防治中心/照片/罗东华-鼻咽科-主任医师-中山大学肿瘤防治中心.jpg,172477,4c127fa7382b18e30c2adc34f97391187defd7a8c202db1e3ae91c7bd0d96305,400,600,
苗菁菁,https://www.sysucc.org.cn/node/9722,实采,,https://www.sysucc.org.cn/sites/cc.prod.sysucloud2.sysu.edu.cn/files/styles/media_2_3_400_600/public/2026-02/%E8%8B%97%E8%8F%81%E8%8F%81.png?itok=MPcsUJX9,01_试点医院/中山大学肿瘤防治中心/照片/苗菁菁-鼻咽科-副主任医师-中山大学肿瘤防治中心.png,185912,73bf609807a0bad2a03c2c12e3111245bcd9e359fcc5720cc42b2b22120e9fcb,400,600,
莫浩元,https://www.sysucc.org.cn/node/1529,实采,,https://www.sysucc.org.cn/sites/cc.prod.sysucloud2.sysu.edu.cn/files/styles/media_2_3_400_600/public/2023-03/mohaoyuan-byk-202303.jpg?itok=epEk0I85,01_试点医院/中山大学肿瘤防治中心/照片/莫浩元-鼻咽科-主任医师-中山大学肿瘤防治中心.jpg,181949,b44c474f4154974471a86e4dc758e883abcc6f1065ce29ef05815f879159f23a,400,600,
赵充,https://www.sysucc.org.cn/node/1526,实采,,https://www.sysucc.org.cn/sites/cc.prod.sysucloud2.sysu.edu.cn/files/styles/media_2_3_400_600/public/2023-03/zhaochong-byk-202303.jpg?itok=Jy6I_B8t,01_试点医院/中山大学肿瘤防治中心/照片/赵充-鼻咽科-主任医师-中山大学肿瘤防治中心.jpg,206336,1227a346d2497baa51d7cd135be1992f2d442291bf326359a7b49340d0621a91,400,600,
邱枋,https://www.sysucc.org.cn/node/1640,实采,,https://www.sysucc.org.cn/sites/cc.prod.sysucloud2.sysu.edu.cn/files/styles/media_2_3_400_600/public/2023-04/qiufang-byk-202304.jpg?itok=T_gM38Tj,01_试点医院/中山大学肿瘤防治中心/照片/邱枋-鼻咽科-副主任医师-中山大学肿瘤防治中心.jpg,173452,42d10108ce43e7d937d516d37cfd0866d4c841e83e47011e44b60d8d60ddfc9d,400,600,
邹雄,https://www.sysucc.org.cn/node/7691,实采,,https://www.sysucc.org.cn/sites/cc.prod.sysucloud2.sysu.edu.cn/files/styles/media_2_3_400_600/public/2024-02/%E4%B8%BB%E6%B2%BB%E5%8C%BB%E5%B8%88%20%E9%82%B9%E9%9B%84.png?itok=msQiNTGF,01_试点医院/中山大学肿瘤防治中心/照片/邹雄-鼻咽科-副主任医师-中山大学肿瘤防治中心.png,254939,147826af86db394c076cf584a3926f36d35cc8581a665c7f584006f2b5afa056,400,600,
郭姗姗,https://www.sysucc.org.cn/node/1647,实采,,https://www.sysucc.org.cn/sites/cc.prod.sysucloud2.sysu.edu.cn/files/styles/media_2_3_400_600/public/2023-04/guoshanshan-byk-202304.jpg?itok=3lWy47H2,01_试点医院/中山大学肿瘤防治中心/照片/郭姗姗-鼻咽科-副主任医师-中山大学肿瘤防治中心.jpg,219331,5b506782d9f90f7eb5189c604abe9d7b28da4fcd5e3db53ae7e6833c01fd36fb,400,600,
郭翔,https://www.sysucc.org.cn/node/1523,实采,,https://www.sysucc.org.cn/sites/cc.prod.sysucloud2.sysu.edu.cn/files/styles/media_2_3_400_600/public/2023-03/guoxiang-byk-202303.jpg?itok=yPbmC7YD,01_试点医院/中山大学肿瘤防治中心/照片/郭翔-鼻咽科-主任医师-中山大学肿瘤防治中心.jpg,178913,149bbd3f137acbcb48b1589b0124091fb2c0e41faa310ca077c70725e0d18e18,400,600,
陈明远,https://www.sysucc.org.cn/node/1525,实采,,https://www.sysucc.org.cn/sites/cc.prod.sysucloud2.sysu.edu.cn/files/styles/media_2_3_400_600/public/2023-03/chenmingyuan-byk-202303.jpg?itok=6r2bvjx4,01_试点医院/中山大学肿瘤防治中心/照片/陈明远-鼻咽科-主任医师-中山大学肿瘤防治中心.jpg,167137,eac1a76a0d012569ab9395cbe3d5ded8eeb454b88c3e3a0d46d56f6c228250d6,400,600,
陈秋燕,https://www.sysucc.org.cn/node/1531,实采,,https://www.sysucc.org.cn/sites/cc.prod.sysucloud2.sysu.edu.cn/files/styles/media_2_3_400_600/public/2023-03/chenqiuyan-byk-202303.jpg?itok=gJjsHOts,01_试点医院/中山大学肿瘤防治中心/照片/陈秋燕-鼻咽科-主任医师-中山大学肿瘤防治中心.jpg,225939,7ef2c4c6a8879d1e7564bc071f2d2dd67f0725e11fd974a0b6aec5edda3a8176,400,600,
麦海强,https://www.sysucc.org.cn/node/1524,实采,,https://www.sysucc.org.cn/sites/cc.prod.sysucloud2.sysu.edu.cn/files/styles/media_2_3_400_600/public/2023-03/maihaiqiang-byk-202303.jpg?itok=c8N65CVu,01_试点医院/中山大学肿瘤防治中心/照片/麦海强-鼻咽科-主任医师-中山大学肿瘤防治中心.jpg,206495,0fd553ccfd345f77f1f3b9b9deb671501c911cbee037a93b703337781836ef3e,400,600,
黄培钰,https://www.sysucc.org.cn/node/1532,实采,,https://www.sysucc.org.cn/sites/cc.prod.sysucloud2.sysu.edu.cn/files/styles/media_2_3_400_600/public/import_images/UploadFiles/expert/prouct_2014_1_20_EIXRLHAA.jpg?itok=ib4yPR3x,01_试点医院/中山大学肿瘤防治中心/照片/黄培钰-鼻咽科-主任医师-中山大学肿瘤防治中心.jpg,118771,4dc4a1a0f758dd3d15ec8d8694cebb1f376010ee44efff103bb40234670844d8,400,600,
