医院,详情ID,姓名,来源链接,对账分类,失败分类,原异常提示,新异常提示,复测UTC,照片原始引用,照片传输URL,照片引用数,判定特征,详情HTTP,请求证据,照片链接,照片文件,声明格式,实际格式,字节数,SHA-256,宽,高
广东省妇幼保健院,35069,贾杰,https://www.e3861.com/keshizhuanjia/zhuanjiajieshao/35069.html,更新留痕,占位图,科室需人工复核；详情正文为空或未识别,科室需人工复核；详情正文为空或未识别；官网本人职业照补录失败：占位图,2026-08-19T17:41:10.299550Z,https://wx.e3861.com/sfyAdmin/Images/Default/doct.png,,1,详情照片位命中显式 default/placeholder 门禁；页面共享 /uploads/ 图为预约二维码，按 known-SHA 排除,200,"[{""content_type"":""text/html; charset=utf-8"",""final_url"":""https://www.e3861.com/keshizhuanjia/zhuanjiajieshao/35069.html"",""method"":""GET"",""response_bytes"":31092,""started_utc"":""2026-08-19T17:41:09.929943Z"",""status"":200,""url"":""https://www.e3861.com/keshizhuanjia/zhuanjiajieshao/35069.html""}]",,,,,,,,
广东省妇幼保健院,33030,袁超,https://www.e3861.com/keshizhuanjia/zhuanjiajieshao/33030.html,更新留痕,占位图,,官网本人职业照补录失败：占位图,2026-08-19T17:41:11.130067Z,https://wx.e3861.com/sfyAdmin/Images/Default/doct.png,,1,详情照片位命中显式 default/placeholder 门禁；页面共享 /uploads/ 图为预约二维码，按 known-SHA 排除,200,"[{""content_type"":""text/html; charset=utf-8"",""final_url"":""https://www.e3861.com/keshizhuanjia/zhuanjiajieshao/33030.html"",""method"":""GET"",""response_bytes"":31500,""started_utc"":""2026-08-19T17:41:10.933006Z"",""status"":200,""url"":""https://www.e3861.com/keshizhuanjia/zhuanjiajieshao/33030.html""}]",,,,,,,,
广东省妇幼保健院,32456,秦克旺,https://www.e3861.com/keshizhuanjia/zhuanjiajieshao/32456.html,更新留痕,占位图,,官网本人职业照补录失败：占位图,2026-08-19T17:41:12.144957Z,https://wx.e3861.com/sfyAdmin/Images/Default/doct.png,,1,详情照片位命中显式 default/placeholder 门禁；页面共享 /uploads/ 图为预约二维码，按 known-SHA 排除,200,"[{""content_type"":""text/html; charset=utf-8"",""final_url"":""https://www.e3861.com/keshizhuanjia/zhuanjiajieshao/32456.html"",""method"":""GET"",""response_bytes"":32377,""started_utc"":""2026-08-19T17:41:11.933205Z"",""status"":200,""url"":""https://www.e3861.com/keshizhuanjia/zhuanjiajieshao/32456.html""}]",,,,,,,,
广东省妇幼保健院,35073,陈佳,https://www.e3861.com/keshizhuanjia/zhuanjiajieshao/35073.html,更新留痕,占位图,科室需人工复核；详情正文为空或未识别,科室需人工复核；详情正文为空或未识别；官网本人职业照补录失败：占位图,2026-08-19T17:41:13.144283Z,https://wx.e3861.com/sfyAdmin/Images/Default/doct.png,,1,详情照片位命中显式 default/placeholder 门禁；页面共享 /uploads/ 图为预约二维码，按 known-SHA 排除,200,"[{""content_type"":""text/html; charset=utf-8"",""final_url"":""https://www.e3861.com/keshizhuanjia/zhuanjiajieshao/35073.html"",""method"":""GET"",""response_bytes"":31092,""started_utc"":""2026-08-19T17:41:12.942097Z"",""status"":200,""url"":""https://www.e3861.com/keshizhuanjia/zhuanjiajieshao/35073.html""}]",,,,,,,,
广东省妇幼保健院,33098,许芳,https://www.e3861.com/keshizhuanjia/zhuanjiajieshao/33098.html,更新留痕,占位图,,官网本人职业照补录失败：占位图,2026-08-19T17:41:14.138039Z,https://wx.e3861.com/sfyAdmin/Images/Default/doct.png,,1,详情照片位命中显式 default/placeholder 门禁；页面共享 /uploads/ 图为预约二维码，按 known-SHA 排除,200,"[{""content_type"":""text/html; charset=utf-8"",""final_url"":""https://www.e3861.com/keshizhuanjia/zhuanjiajieshao/33098.html"",""method"":""GET"",""response_bytes"":31286,""started_utc"":""2026-08-19T17:41:13.940488Z"",""status"":200,""url"":""https://www.e3861.com/keshizhuanjia/zhuanjiajieshao/33098.html""}]",,,,,,,,
广东省妇幼保健院,32596,杨思慧,https://www.e3861.com/keshizhuanjia/zhuanjiajieshao/32596.html,更新留痕,占位图,详情正文为空或未识别,详情正文为空或未识别；官网本人职业照补录失败：占位图,2026-08-19T17:41:15.137896Z,https://wx.e3861.com/sfyAdmin/Images/Default/doct.png,,1,详情照片位命中显式 default/placeholder 门禁；页面共享 /uploads/ 图为预约二维码，按 known-SHA 排除,200,"[{""content_type"":""text/html; charset=utf-8"",""final_url"":""https://www.e3861.com/keshizhuanjia/zhuanjiajieshao/32596.html"",""method"":""GET"",""response_bytes"":31150,""started_utc"":""2026-08-19T17:41:14.935033Z"",""status"":200,""url"":""https://www.e3861.com/keshizhuanjia/zhuanjiajieshao/32596.html""}]",,,,,,,,
广东省妇幼保健院,32819,刁友涛,https://www.e3861.com/keshizhuanjia/zhuanjiajieshao/32819.html,更新留痕,占位图,,官网本人职业照补录失败：占位图,2026-08-19T17:41:16.124245Z,https://wx.e3861.com/sfyAdmin/Images/Default/doct.png,,1,详情照片位命中显式 default/placeholder 门禁；页面共享 /uploads/ 图为预约二维码，按 known-SHA 排除,200,"[{""content_type"":""text/html; charset=utf-8"",""final_url"":""https://www.e3861.com/keshizhuanjia/zhuanjiajieshao/32819.html"",""method"":""GET"",""response_bytes"":32337,""started_utc"":""2026-08-19T17:41:15.933265Z"",""status"":200,""url"":""https://www.e3861.com/keshizhuanjia/zhuanjiajieshao/32819.html""}]",,,,,,,,
广东省妇幼保健院,35005,张静,https://www.e3861.com/keshizhuanjia/zhuanjiajieshao/35005.html,更新留痕,占位图,详情正文为空或未识别,详情正文为空或未识别；官网本人职业照补录失败：占位图,2026-08-19T17:41:17.143801Z,https://wx.e3861.com/sfyAdmin/Images/Default/doct.png,,1,详情照片位命中显式 default/placeholder 门禁；页面共享 /uploads/ 图为预约二维码，按 known-SHA 排除,200,"[{""content_type"":""text/html; charset=utf-8"",""final_url"":""https://www.e3861.com/keshizhuanjia/zhuanjiajieshao/35005.html"",""method"":""GET"",""response_bytes"":31135,""started_utc"":""2026-08-19T17:41:16.944087Z"",""status"":200,""url"":""https://www.e3861.com/keshizhuanjia/zhuanjiajieshao/35005.html""}]",,,,,,,,
广东省妇幼保健院,35075,胡克,https://www.e3861.com/keshizhuanjia/zhuanjiajieshao/35075.html,更新留痕,占位图,科室需人工复核,科室需人工复核；官网本人职业照补录失败：占位图,2026-08-19T17:41:18.139511Z,https://wx.e3861.com/sfyAdmin/Images/Default/doct.png,,1,详情照片位命中显式 default/placeholder 门禁；页面共享 /uploads/ 图为预约二维码，按 known-SHA 排除,200,"[{""content_type"":""text/html; charset=utf-8"",""final_url"":""https://www.e3861.com/keshizhuanjia/zhuanjiajieshao/35075.html"",""method"":""GET"",""response_bytes"":31330,""started_utc"":""2026-08-19T17:41:17.937292Z"",""status"":200,""url"":""https://www.e3861.com/keshizhuanjia/zhuanjiajieshao/35075.html""}]",,,,,,,,
广东省妇幼保健院,32920,田秀秀,https://www.e3861.com/keshizhuanjia/zhuanjiajieshao/32920.html,更新留痕,占位图,详情正文为空或未识别,详情正文为空或未识别；官网本人职业照补录失败：占位图,2026-08-19T17:41:19.125926Z,https://wx.e3861.com/sfyAdmin/Images/Default/doct.png,,1,详情照片位命中显式 default/placeholder 门禁；页面共享 /uploads/ 图为预约二维码，按 known-SHA 排除,200,"[{""content_type"":""text/html; charset=utf-8"",""final_url"":""https://www.e3861.com/keshizhuanjia/zhuanjiajieshao/32920.html"",""method"":""GET"",""response_bytes"":31144,""started_utc"":""2026-08-19T17:41:18.933740Z"",""status"":200,""url"":""https://www.e3861.com/keshizhuanjia/zhuanjiajieshao/32920.html""}]",,,,,,,,
广东省妇幼保健院,32923,金璟,https://www.e3861.com/keshizhuanjia/zhuanjiajieshao/32923.html,更新留痕,占位图,详情正文为空或未识别,详情正文为空或未识别；官网本人职业照补录失败：占位图,2026-08-19T17:41:20.129116Z,https://wx.e3861.com/sfyAdmin/Images/Default/doct.png,,1,详情照片位命中显式 default/placeholder 门禁；页面共享 /uploads/ 图为预约二维码，按 known-SHA 排除,200,"[{""content_type"":""text/html; charset=utf-8"",""final_url"":""https://www.e3861.com/keshizhuanjia/zhuanjiajieshao/32923.html"",""method"":""GET"",""response_bytes"":31120,""started_utc"":""2026-08-19T17:41:19.939471Z"",""status"":200,""url"":""https://www.e3861.com/keshizhuanjia/zhuanjiajieshao/32923.html""}]",,,,,,,,
广东省妇幼保健院,32957,周柏序,https://www.e3861.com/keshizhuanjia/zhuanjiajieshao/32957.html,更新留痕,占位图,详情正文为空或未识别,详情正文为空或未识别；官网本人职业照补录失败：占位图,2026-08-19T17:41:21.150650Z,https://wx.e3861.com/sfyAdmin/Images/Default/doct.png,,1,详情照片位命中显式 default/placeholder 门禁；页面共享 /uploads/ 图为预约二维码，按 known-SHA 排除,200,"[{""content_type"":""text/html; charset=utf-8"",""final_url"":""https://www.e3861.com/keshizhuanjia/zhuanjiajieshao/32957.html"",""method"":""GET"",""response_bytes"":31144,""started_utc"":""2026-08-19T17:41:20.942138Z"",""status"":200,""url"":""https://www.e3861.com/keshizhuanjia/zhuanjiajieshao/32957.html""}]",,,,,,,,
广东省妇幼保健院,32919,耿新明,https://www.e3861.com/keshizhuanjia/zhuanjiajieshao/32919.html,更新留痕,占位图,,官网本人职业照补录失败：占位图,2026-08-19T17:41:22.141911Z,https://wx.e3861.com/sfyAdmin/Images/Default/doct.png,,1,详情照片位命中显式 default/placeholder 门禁；页面共享 /uploads/ 图为预约二维码，按 known-SHA 排除,200,"[{""content_type"":""text/html; charset=utf-8"",""final_url"":""https://www.e3861.com/keshizhuanjia/zhuanjiajieshao/32919.html"",""method"":""GET"",""response_bytes"":32192,""started_utc"":""2026-08-19T17:41:21.945348Z"",""status"":200,""url"":""https://www.e3861.com/keshizhuanjia/zhuanjiajieshao/32919.html""}]",,,,,,,,
广东省妇幼保健院,32489,叶志球,https://www.e3861.com/keshizhuanjia/zhuanjiajieshao/32489.html,更新留痕,占位图,,官网本人职业照补录失败：占位图,2026-08-19T17:41:23.169713Z,https://wx.e3861.com/sfyAdmin/Images/Default/doct.png,,1,详情照片位命中显式 default/placeholder 门禁；页面共享 /uploads/ 图为预约二维码，按 known-SHA 排除,200,"[{""content_type"":""text/html; charset=utf-8"",""final_url"":""https://www.e3861.com/keshizhuanjia/zhuanjiajieshao/32489.html"",""method"":""GET"",""response_bytes"":34868,""started_utc"":""2026-08-19T17:41:22.955737Z"",""status"":200,""url"":""https://www.e3861.com/keshizhuanjia/zhuanjiajieshao/32489.html""}]",,,,,,,,
广东省妇幼保健院,32495,叶宁,https://www.e3861.com/keshizhuanjia/zhuanjiajieshao/32495.html,更新留痕,占位图,,官网本人职业照补录失败：占位图,2026-08-19T17:41:24.148816Z,https://wx.e3861.com/sfyAdmin/Images/Default/doct.png,,1,详情照片位命中显式 default/placeholder 门禁；页面共享 /uploads/ 图为预约二维码，按 known-SHA 排除,200,"[{""content_type"":""text/html; charset=utf-8"",""final_url"":""https://www.e3861.com/keshizhuanjia/zhuanjiajieshao/32495.html"",""method"":""GET"",""response_bytes"":31713,""started_utc"":""2026-08-19T17:41:23.955742Z"",""status"":200,""url"":""https://www.e3861.com/keshizhuanjia/zhuanjiajieshao/32495.html""}]",,,,,,,,
广东省妇幼保健院,32841,陈宇翔,https://www.e3861.com/keshizhuanjia/zhuanjiajieshao/32841.html,更新留痕,占位图,,官网本人职业照补录失败：占位图,2026-08-19T17:41:25.147052Z,https://wx.e3861.com/sfyAdmin/Images/Default/doct.png,,1,详情照片位命中显式 default/placeholder 门禁；页面共享 /uploads/ 图为预约二维码，按 known-SHA 排除,200,"[{""content_type"":""text/html; charset=utf-8"",""final_url"":""https://www.e3861.com/keshizhuanjia/zhuanjiajieshao/32841.html"",""method"":""GET"",""response_bytes"":33141,""started_utc"":""2026-08-19T17:41:24.946156Z"",""status"":200,""url"":""https://www.e3861.com/keshizhuanjia/zhuanjiajieshao/32841.html""}]",,,,,,,,
广东省妇幼保健院,32656,辛婧蕾,https://www.e3861.com/keshizhuanjia/zhuanjiajieshao/32656.html,更新留痕,占位图,,官网本人职业照补录失败：占位图,2026-08-19T17:41:26.132462Z,https://wx.e3861.com/sfyAdmin/Images/Default/doct.png,,1,详情照片位命中显式 default/placeholder 门禁；页面共享 /uploads/ 图为预约二维码，按 known-SHA 排除,200,"[{""content_type"":""text/html; charset=utf-8"",""final_url"":""https://www.e3861.com/keshizhuanjia/zhuanjiajieshao/32656.html"",""method"":""GET"",""response_bytes"":32391,""started_utc"":""2026-08-19T17:41:25.945346Z"",""status"":200,""url"":""https://www.e3861.com/keshizhuanjia/zhuanjiajieshao/32656.html""}]",,,,,,,,
广东省妇幼保健院,32843,贺俊成,https://www.e3861.com/keshizhuanjia/zhuanjiajieshao/32843.html,更新留痕,占位图,,官网本人职业照补录失败：占位图,2026-08-19T17:41:27.176584Z,https://wx.e3861.com/sfyAdmin/Images/Default/doct.png,,1,详情照片位命中显式 default/placeholder 门禁；页面共享 /uploads/ 图为预约二维码，按 known-SHA 排除,200,"[{""content_type"":""text/html; charset=utf-8"",""final_url"":""https://www.e3861.com/keshizhuanjia/zhuanjiajieshao/32843.html"",""method"":""GET"",""response_bytes"":32072,""started_utc"":""2026-08-19T17:41:26.960725Z"",""status"":200,""url"":""https://www.e3861.com/keshizhuanjia/zhuanjiajieshao/32843.html""}]",,,,,,,,
广东省妇幼保健院,35077,宋匀韵,https://www.e3861.com/keshizhuanjia/zhuanjiajieshao/35077.html,更新留痕,占位图,科室需人工复核；详情正文为空或未识别,科室需人工复核；详情正文为空或未识别；官网本人职业照补录失败：占位图,2026-08-19T17:41:28.172595Z,https://wx.e3861.com/sfyAdmin/Images/Default/doct.png,,1,详情照片位命中显式 default/placeholder 门禁；页面共享 /uploads/ 图为预约二维码，按 known-SHA 排除,200,"[{""content_type"":""text/html; charset=utf-8"",""final_url"":""https://www.e3861.com/keshizhuanjia/zhuanjiajieshao/35077.html"",""method"":""GET"",""response_bytes"":31113,""started_utc"":""2026-08-19T17:41:27.968002Z"",""status"":200,""url"":""https://www.e3861.com/keshizhuanjia/zhuanjiajieshao/35077.html""}]",,,,,,,,
广东省妇幼保健院,32639,谭春玲,https://www.e3861.com/keshizhuanjia/zhuanjiajieshao/32639.html,更新留痕,占位图,详情正文为空或未识别,详情正文为空或未识别；官网本人职业照补录失败：占位图,2026-08-19T17:41:29.191009Z,https://wx.e3861.com/sfyAdmin/Images/Default/doct.png,,1,详情照片位命中显式 default/placeholder 门禁；页面共享 /uploads/ 图为预约二维码，按 known-SHA 排除,200,"[{""content_type"":""text/html; charset=utf-8"",""final_url"":""https://www.e3861.com/keshizhuanjia/zhuanjiajieshao/32639.html"",""method"":""GET"",""response_bytes"":31867,""started_utc"":""2026-08-19T17:41:28.969005Z"",""status"":200,""url"":""https://www.e3861.com/keshizhuanjia/zhuanjiajieshao/32639.html""}]",,,,,,,,
广东省妇幼保健院,32721,曾曼曼,https://www.e3861.com/keshizhuanjia/zhuanjiajieshao/32721.html,更新留痕,占位图,,官网本人职业照补录失败：占位图,2026-08-19T17:41:30.190441Z,https://wx.e3861.com/sfyAdmin/Images/Default/doct.png,,1,详情照片位命中显式 default/placeholder 门禁；页面共享 /uploads/ 图为预约二维码，按 known-SHA 排除,200,"[{""content_type"":""text/html; charset=utf-8"",""final_url"":""https://www.e3861.com/keshizhuanjia/zhuanjiajieshao/32721.html"",""method"":""GET"",""response_bytes"":31406,""started_utc"":""2026-08-19T17:41:29.970060Z"",""status"":200,""url"":""https://www.e3861.com/keshizhuanjia/zhuanjiajieshao/32721.html""}]",,,,,,,,
广东省妇幼保健院,34518,李恺,https://www.e3861.com/keshizhuanjia/zhuanjiajieshao/34518.html,更新留痕,占位图,,官网本人职业照补录失败：占位图,2026-08-19T17:41:31.158333Z,https://wx.e3861.com/sfyAdmin/Images/Default/doct.png,,1,详情照片位命中显式 default/placeholder 门禁；页面共享 /uploads/ 图为预约二维码，按 known-SHA 排除,200,"[{""content_type"":""text/html; charset=utf-8"",""final_url"":""https://www.e3861.com/keshizhuanjia/zhuanjiajieshao/34518.html"",""method"":""GET"",""response_bytes"":31296,""started_utc"":""2026-08-19T17:41:30.970513Z"",""status"":200,""url"":""https://www.e3861.com/keshizhuanjia/zhuanjiajieshao/34518.html""}]",,,,,,,,
广东省妇幼保健院,33127,袁玉美,https://www.e3861.com/keshizhuanjia/zhuanjiajieshao/33127.html,更新留痕,占位图,,官网本人职业照补录失败：占位图,2026-08-19T17:41:32.164282Z,https://wx.e3861.com/sfyAdmin/Images/Default/doct.png,,1,详情照片位命中显式 default/placeholder 门禁；页面共享 /uploads/ 图为预约二维码，按 known-SHA 排除,200,"[{""content_type"":""text/html; charset=utf-8"",""final_url"":""https://www.e3861.com/keshizhuanjia/zhuanjiajieshao/33127.html"",""method"":""GET"",""response_bytes"":31403,""started_utc"":""2026-08-19T17:41:31.968386Z"",""status"":200,""url"":""https://www.e3861.com/keshizhuanjia/zhuanjiajieshao/33127.html""}]",,,,,,,,
广东省妇幼保健院,35035,罗威娜,https://www.e3861.com/keshizhuanjia/zhuanjiajieshao/35035.html,更新留痕,占位图,详情正文为空或未识别,详情正文为空或未识别；官网本人职业照补录失败：占位图,2026-08-19T17:41:33.175656Z,https://wx.e3861.com/sfyAdmin/Images/Default/doct.png,,1,详情照片位命中显式 default/placeholder 门禁；页面共享 /uploads/ 图为预约二维码，按 known-SHA 排除,200,"[{""content_type"":""text/html; charset=utf-8"",""final_url"":""https://www.e3861.com/keshizhuanjia/zhuanjiajieshao/35035.html"",""method"":""GET"",""response_bytes"":31138,""started_utc"":""2026-08-19T17:41:32.974058Z"",""status"":200,""url"":""https://www.e3861.com/keshizhuanjia/zhuanjiajieshao/35035.html""}]",,,,,,,,
广东省妇幼保健院,33033,吴亚男,https://www.e3861.com/keshizhuanjia/zhuanjiajieshao/33033.html,更新留痕,占位图,,官网本人职业照补录失败：占位图,2026-08-19T17:41:34.189497Z,https://wx.e3861.com/sfyAdmin/Images/Default/doct.png,,1,详情照片位命中显式 default/placeholder 门禁；页面共享 /uploads/ 图为预约二维码，按 known-SHA 排除,200,"[{""content_type"":""text/html; charset=utf-8"",""final_url"":""https://www.e3861.com/keshizhuanjia/zhuanjiajieshao/33033.html"",""method"":""GET"",""response_bytes"":31780,""started_utc"":""2026-08-19T17:41:33.972817Z"",""status"":200,""url"":""https://www.e3861.com/keshizhuanjia/zhuanjiajieshao/33033.html""}]",,,,,,,,
广东省妇幼保健院,33214,陈勇,https://www.e3861.com/keshizhuanjia/zhuanjiajieshao/33214.html,更新留痕,占位图,详情正文为空或未识别,详情正文为空或未识别；官网本人职业照补录失败：占位图,2026-08-19T17:41:35.181911Z,https://wx.e3861.com/sfyAdmin/Images/Default/doct.png,,1,详情照片位命中显式 default/placeholder 门禁；页面共享 /uploads/ 图为预约二维码，按 known-SHA 排除,200,"[{""content_type"":""text/html; charset=utf-8"",""final_url"":""https://www.e3861.com/keshizhuanjia/zhuanjiajieshao/33214.html"",""method"":""GET"",""response_bytes"":31139,""started_utc"":""2026-08-19T17:41:34.972200Z"",""status"":200,""url"":""https://www.e3861.com/keshizhuanjia/zhuanjiajieshao/33214.html""}]",,,,,,,,
广东省妇幼保健院,32946,曾莹莹,https://www.e3861.com/keshizhuanjia/zhuanjiajieshao/32946.html,更新留痕,占位图,详情正文为空或未识别,详情正文为空或未识别；官网本人职业照补录失败：占位图,2026-08-19T17:41:36.191307Z,https://wx.e3861.com/sfyAdmin/Images/Default/doct.png,,1,详情照片位命中显式 default/placeholder 门禁；页面共享 /uploads/ 图为预约二维码，按 known-SHA 排除,200,"[{""content_type"":""text/html; charset=utf-8"",""final_url"":""https://www.e3861.com/keshizhuanjia/zhuanjiajieshao/32946.html"",""method"":""GET"",""response_bytes"":31147,""started_utc"":""2026-08-19T17:41:35.976363Z"",""status"":200,""url"":""https://www.e3861.com/keshizhuanjia/zhuanjiajieshao/32946.html""}]",,,,,,,,
广东省妇幼保健院,32707,朱晓勤,https://www.e3861.com/keshizhuanjia/zhuanjiajieshao/32707.html,更新留痕,占位图,,官网本人职业照补录失败：占位图,2026-08-19T17:41:37.198249Z,https://wx.e3861.com/sfyAdmin/Images/Default/doct.png,,1,详情照片位命中显式 default/placeholder 门禁；页面共享 /uploads/ 图为预约二维码，按 known-SHA 排除,200,"[{""content_type"":""text/html; charset=utf-8"",""final_url"":""https://www.e3861.com/keshizhuanjia/zhuanjiajieshao/32707.html"",""method"":""GET"",""response_bytes"":31305,""started_utc"":""2026-08-19T17:41:36.984643Z"",""status"":200,""url"":""https://www.e3861.com/keshizhuanjia/zhuanjiajieshao/32707.html""}]",,,,,,,,
广东省妇幼保健院,33056,郭甜,https://www.e3861.com/keshizhuanjia/zhuanjiajieshao/33056.html,更新留痕,占位图,,官网本人职业照补录失败：占位图,2026-08-19T17:41:38.210726Z,https://wx.e3861.com/sfyAdmin/Images/Default/doct.png,,1,详情照片位命中显式 default/placeholder 门禁；页面共享 /uploads/ 图为预约二维码，按 known-SHA 排除,200,"[{""content_type"":""text/html; charset=utf-8"",""final_url"":""https://www.e3861.com/keshizhuanjia/zhuanjiajieshao/33056.html"",""method"":""GET"",""response_bytes"":31484,""started_utc"":""2026-08-19T17:41:37.979149Z"",""status"":200,""url"":""https://www.e3861.com/keshizhuanjia/zhuanjiajieshao/33056.html""}]",,,,,,,,
广东省妇幼保健院,33130,孙丽娟,https://www.e3861.com/keshizhuanjia/zhuanjiajieshao/33130.html,更新留痕,占位图,详情正文为空或未识别,详情正文为空或未识别；官网本人职业照补录失败：占位图,2026-08-19T17:41:39.204031Z,https://wx.e3861.com/sfyAdmin/Images/Default/doct.png,,1,详情照片位命中显式 default/placeholder 门禁；页面共享 /uploads/ 图为预约二维码，按 known-SHA 排除,200,"[{""content_type"":""text/html; charset=utf-8"",""final_url"":""https://www.e3861.com/keshizhuanjia/zhuanjiajieshao/33130.html"",""method"":""GET"",""response_bytes"":31198,""started_utc"":""2026-08-19T17:41:38.978749Z"",""status"":200,""url"":""https://www.e3861.com/keshizhuanjia/zhuanjiajieshao/33130.html""}]",,,,,,,,
广东省妇幼保健院,35079,黄珊,https://www.e3861.com/keshizhuanjia/zhuanjiajieshao/35079.html,更新留痕,占位图,科室需人工复核；详情正文为空或未识别,科室需人工复核；详情正文为空或未识别；官网本人职业照补录失败：占位图,2026-08-19T17:41:40.196658Z,https://wx.e3861.com/sfyAdmin/Images/Default/doct.png,,1,详情照片位命中显式 default/placeholder 门禁；页面共享 /uploads/ 图为预约二维码，按 known-SHA 排除,200,"[{""content_type"":""text/html; charset=utf-8"",""final_url"":""https://www.e3861.com/keshizhuanjia/zhuanjiajieshao/35079.html"",""method"":""GET"",""response_bytes"":31095,""started_utc"":""2026-08-19T17:41:39.984403Z"",""status"":200,""url"":""https://www.e3861.com/keshizhuanjia/zhuanjiajieshao/35079.html""}]",,,,,,,,
广东省妇幼保健院,33135,黎静,https://www.e3861.com/keshizhuanjia/zhuanjiajieshao/33135.html,更新留痕,占位图,详情正文为空或未识别,详情正文为空或未识别；官网本人职业照补录失败：占位图,2026-08-19T17:41:41.188254Z,https://wx.e3861.com/sfyAdmin/Images/Default/doct.png,,1,详情照片位命中显式 default/placeholder 门禁；页面共享 /uploads/ 图为预约二维码，按 known-SHA 排除,200,"[{""content_type"":""text/html; charset=utf-8"",""final_url"":""https://www.e3861.com/keshizhuanjia/zhuanjiajieshao/33135.html"",""method"":""GET"",""response_bytes"":31602,""started_utc"":""2026-08-19T17:41:40.979361Z"",""status"":200,""url"":""https://www.e3861.com/keshizhuanjia/zhuanjiajieshao/33135.html""}]",,,,,,,,
广东省妇幼保健院,32528,谢丹宇,https://www.e3861.com/keshizhuanjia/zhuanjiajieshao/32528.html,更新留痕,占位图,,官网本人职业照补录失败：占位图,2026-08-19T17:41:42.230876Z,https://wx.e3861.com/sfyAdmin/Images/Default/doct.png,,1,详情照片位命中显式 default/placeholder 门禁；页面共享 /uploads/ 图为预约二维码，按 known-SHA 排除,200,"[{""content_type"":""text/html; charset=utf-8"",""final_url"":""https://www.e3861.com/keshizhuanjia/zhuanjiajieshao/32528.html"",""method"":""GET"",""response_bytes"":31759,""started_utc"":""2026-08-19T17:41:41.986108Z"",""status"":200,""url"":""https://www.e3861.com/keshizhuanjia/zhuanjiajieshao/32528.html""}]",,,,,,,,
广东省妇幼保健院,32704,李伟涛,https://www.e3861.com/keshizhuanjia/zhuanjiajieshao/32704.html,更新留痕,占位图,详情正文为空或未识别,详情正文为空或未识别；官网本人职业照补录失败：占位图,2026-08-19T17:41:43.183546Z,https://wx.e3861.com/sfyAdmin/Images/Default/doct.png,,1,详情照片位命中显式 default/placeholder 门禁；页面共享 /uploads/ 图为预约二维码，按 known-SHA 排除,200,"[{""content_type"":""text/html; charset=utf-8"",""final_url"":""https://www.e3861.com/keshizhuanjia/zhuanjiajieshao/32704.html"",""method"":""GET"",""response_bytes"":31324,""started_utc"":""2026-08-19T17:41:42.979290Z"",""status"":200,""url"":""https://www.e3861.com/keshizhuanjia/zhuanjiajieshao/32704.html""}]",,,,,,,,
广东省妇幼保健院,32863,陈华佳,https://www.e3861.com/keshizhuanjia/zhuanjiajieshao/32863.html,更新留痕,占位图,,官网本人职业照补录失败：占位图,2026-08-19T17:41:44.190793Z,https://wx.e3861.com/sfyAdmin/Images/Default/doct.png,,1,详情照片位命中显式 default/placeholder 门禁；页面共享 /uploads/ 图为预约二维码，按 known-SHA 排除,200,"[{""content_type"":""text/html; charset=utf-8"",""final_url"":""https://www.e3861.com/keshizhuanjia/zhuanjiajieshao/32863.html"",""method"":""GET"",""response_bytes"":31208,""started_utc"":""2026-08-19T17:41:43.981484Z"",""status"":200,""url"":""https://www.e3861.com/keshizhuanjia/zhuanjiajieshao/32863.html""}]",,,,,,,,
广东省妇幼保健院,32864,黄丽林,https://www.e3861.com/keshizhuanjia/zhuanjiajieshao/32864.html,更新留痕,占位图,,官网本人职业照补录失败：占位图,2026-08-19T17:41:45.179190Z,https://wx.e3861.com/sfyAdmin/Images/Default/doct.png,,1,详情照片位命中显式 default/placeholder 门禁；页面共享 /uploads/ 图为预约二维码，按 known-SHA 排除,200,"[{""content_type"":""text/html; charset=utf-8"",""final_url"":""https://www.e3861.com/keshizhuanjia/zhuanjiajieshao/32864.html"",""method"":""GET"",""response_bytes"":32037,""started_utc"":""2026-08-19T17:41:44.985813Z"",""status"":200,""url"":""https://www.e3861.com/keshizhuanjia/zhuanjiajieshao/32864.html""}]",,,,,,,,
广东省妇幼保健院,35105,祝娟,https://www.e3861.com/keshizhuanjia/zhuanjiajieshao/35105.html,更新留痕,占位图,详情正文为空或未识别,详情正文为空或未识别；官网本人职业照补录失败：占位图,2026-08-19T17:41:46.202451Z,https://wx.e3861.com/sfyAdmin/Images/Default/doct.png,,1,详情照片位命中显式 default/placeholder 门禁；页面共享 /uploads/ 图为预约二维码，按 known-SHA 排除,200,"[{""content_type"":""text/html; charset=utf-8"",""final_url"":""https://www.e3861.com/keshizhuanjia/zhuanjiajieshao/35105.html"",""method"":""GET"",""response_bytes"":31132,""started_utc"":""2026-08-19T17:41:45.990698Z"",""status"":200,""url"":""https://www.e3861.com/keshizhuanjia/zhuanjiajieshao/35105.html""}]",,,,,,,,
广东省妇幼保健院,32858,胡华芸,https://www.e3861.com/keshizhuanjia/zhuanjiajieshao/32858.html,更新留痕,占位图,,官网本人职业照补录失败：占位图,2026-08-19T17:41:47.175172Z,https://wx.e3861.com/sfyAdmin/Images/Default/doct.png,,1,详情照片位命中显式 default/placeholder 门禁；页面共享 /uploads/ 图为预约二维码，按 known-SHA 排除,200,"[{""content_type"":""text/html; charset=utf-8"",""final_url"":""https://www.e3861.com/keshizhuanjia/zhuanjiajieshao/32858.html"",""method"":""GET"",""response_bytes"":34577,""started_utc"":""2026-08-19T17:41:46.983279Z"",""status"":200,""url"":""https://www.e3861.com/keshizhuanjia/zhuanjiajieshao/32858.html""}]",,,,,,,,
广东省妇幼保健院,35229,杨致远,https://www.e3861.com/keshizhuanjia/zhuanjiajieshao/35229.html,更新留痕,占位图,详情正文为空或未识别,详情正文为空或未识别；官网本人职业照补录失败：占位图,2026-08-19T17:41:48.181412Z,https://wx.e3861.com/sfyAdmin/Images/Default/doct.png,,1,详情照片位命中显式 default/placeholder 门禁；页面共享 /uploads/ 图为预约二维码，按 known-SHA 排除,200,"[{""content_type"":""text/html; charset=utf-8"",""final_url"":""https://www.e3861.com/keshizhuanjia/zhuanjiajieshao/35229.html"",""method"":""GET"",""response_bytes"":31141,""started_utc"":""2026-08-19T17:41:47.979960Z"",""status"":200,""url"":""https://www.e3861.com/keshizhuanjia/zhuanjiajieshao/35229.html""}]",,,,,,,,
广东省妇幼保健院,32524,陈燕,https://www.e3861.com/keshizhuanjia/zhuanjiajieshao/32524.html,更新留痕,占位图,科室需人工复核；详情正文为空或未识别,科室需人工复核；详情正文为空或未识别；官网本人职业照补录失败：占位图,2026-08-19T17:41:49.188890Z,https://wx.e3861.com/sfyAdmin/Images/Default/doct.png,,1,详情照片位命中显式 default/placeholder 门禁；页面共享 /uploads/ 图为预约二维码，按 known-SHA 排除,200,"[{""content_type"":""text/html; charset=utf-8"",""final_url"":""https://www.e3861.com/keshizhuanjia/zhuanjiajieshao/32524.html"",""method"":""GET"",""response_bytes"":31130,""started_utc"":""2026-08-19T17:41:48.993221Z"",""status"":200,""url"":""https://www.e3861.com/keshizhuanjia/zhuanjiajieshao/32524.html""}]",,,,,,,,
广东省妇幼保健院,34859,刘环,https://www.e3861.com/keshizhuanjia/zhuanjiajieshao/34859.html,更新留痕,占位图,详情正文为空或未识别,详情正文为空或未识别；官网本人职业照补录失败：占位图,2026-08-19T17:41:50.189205Z,https://wx.e3861.com/sfyAdmin/Images/Default/doct.png,,1,详情照片位命中显式 default/placeholder 门禁；页面共享 /uploads/ 图为预约二维码，按 known-SHA 排除,200,"[{""content_type"":""text/html; charset=utf-8"",""final_url"":""https://www.e3861.com/keshizhuanjia/zhuanjiajieshao/34859.html"",""method"":""GET"",""response_bytes"":31134,""started_utc"":""2026-08-19T17:41:49.999787Z"",""status"":200,""url"":""https://www.e3861.com/keshizhuanjia/zhuanjiajieshao/34859.html""}]",,,,,,,,
广东省妇幼保健院,32948,钟彩娟,https://www.e3861.com/keshizhuanjia/zhuanjiajieshao/32948.html,更新留痕,占位图,详情正文为空或未识别,详情正文为空或未识别；官网本人职业照补录失败：占位图,2026-08-19T17:41:51.183243Z,https://wx.e3861.com/sfyAdmin/Images/Default/doct.png,,1,详情照片位命中显式 default/placeholder 门禁；页面共享 /uploads/ 图为预约二维码，按 known-SHA 排除,200,"[{""content_type"":""text/html; charset=utf-8"",""final_url"":""https://www.e3861.com/keshizhuanjia/zhuanjiajieshao/32948.html"",""method"":""GET"",""response_bytes"":31730,""started_utc"":""2026-08-19T17:41:50.996077Z"",""status"":200,""url"":""https://www.e3861.com/keshizhuanjia/zhuanjiajieshao/32948.html""}]",,,,,,,,
广东省妇幼保健院,32930,刘务贞,https://www.e3861.com/keshizhuanjia/zhuanjiajieshao/32930.html,更新留痕,占位图,详情正文为空或未识别,详情正文为空或未识别；官网本人职业照补录失败：占位图,2026-08-19T17:41:52.189851Z,https://wx.e3861.com/sfyAdmin/Images/Default/doct.png,,1,详情照片位命中显式 default/placeholder 门禁；页面共享 /uploads/ 图为预约二维码，按 known-SHA 排除,200,"[{""content_type"":""text/html; charset=utf-8"",""final_url"":""https://www.e3861.com/keshizhuanjia/zhuanjiajieshao/32930.html"",""method"":""GET"",""response_bytes"":31480,""started_utc"":""2026-08-19T17:41:51.996248Z"",""status"":200,""url"":""https://www.e3861.com/keshizhuanjia/zhuanjiajieshao/32930.html""}]",,,,,,,,
广东省妇幼保健院,33007,刘颖,https://www.e3861.com/keshizhuanjia/zhuanjiajieshao/33007.html,更新留痕,占位图,同名待甄别,同名待甄别；官网本人职业照补录失败：占位图,2026-08-19T17:41:53.188636Z,https://wx.e3861.com/sfyAdmin/Images/Default/doct.png,,1,详情照片位命中显式 default/placeholder 门禁；页面共享 /uploads/ 图为预约二维码，按 known-SHA 排除,200,"[{""content_type"":""text/html; charset=utf-8"",""final_url"":""https://www.e3861.com/keshizhuanjia/zhuanjiajieshao/33007.html"",""method"":""GET"",""response_bytes"":31404,""started_utc"":""2026-08-19T17:41:53.001885Z"",""status"":200,""url"":""https://www.e3861.com/keshizhuanjia/zhuanjiajieshao/33007.html""}]",,,,,,,,
广东省妇幼保健院,33014,王艳丽,https://www.e3861.com/keshizhuanjia/zhuanjiajieshao/33014.html,更新留痕,占位图,详情正文为空或未识别,详情正文为空或未识别；官网本人职业照补录失败：占位图,2026-08-19T17:41:54.200222Z,https://wx.e3861.com/sfyAdmin/Images/Default/doct.png,,1,详情照片位命中显式 default/placeholder 门禁；页面共享 /uploads/ 图为预约二维码，按 known-SHA 排除,200,"[{""content_type"":""text/html; charset=utf-8"",""final_url"":""https://www.e3861.com/keshizhuanjia/zhuanjiajieshao/33014.html"",""method"":""GET"",""response_bytes"":31176,""started_utc"":""2026-08-19T17:41:53.998822Z"",""status"":200,""url"":""https://www.e3861.com/keshizhuanjia/zhuanjiajieshao/33014.html""}]",,,,,,,,
广东省妇幼保健院,32932,刘佳慧,https://www.e3861.com/keshizhuanjia/zhuanjiajieshao/32932.html,更新留痕,占位图,详情正文为空或未识别,详情正文为空或未识别；官网本人职业照补录失败：占位图,2026-08-19T17:41:55.196548Z,https://wx.e3861.com/sfyAdmin/Images/Default/doct.png,,1,详情照片位命中显式 default/placeholder 门禁；页面共享 /uploads/ 图为预约二维码，按 known-SHA 排除,200,"[{""content_type"":""text/html; charset=utf-8"",""final_url"":""https://www.e3861.com/keshizhuanjia/zhuanjiajieshao/32932.html"",""method"":""GET"",""response_bytes"":31668,""started_utc"":""2026-08-19T17:41:54.996150Z"",""status"":200,""url"":""https://www.e3861.com/keshizhuanjia/zhuanjiajieshao/32932.html""}]",,,,,,,,
广东省妇幼保健院,33181,蓝国豪,https://www.e3861.com/keshizhuanjia/zhuanjiajieshao/33181.html,更新留痕,占位图,详情正文为空或未识别,详情正文为空或未识别；官网本人职业照补录失败：占位图,2026-08-19T17:41:56.195780Z,https://wx.e3861.com/sfyAdmin/Images/Default/doct.png,,1,详情照片位命中显式 default/placeholder 门禁；页面共享 /uploads/ 图为预约二维码，按 known-SHA 排除,200,"[{""content_type"":""text/html; charset=utf-8"",""final_url"":""https://www.e3861.com/keshizhuanjia/zhuanjiajieshao/33181.html"",""method"":""GET"",""response_bytes"":31668,""started_utc"":""2026-08-19T17:41:56.007060Z"",""status"":200,""url"":""https://www.e3861.com/keshizhuanjia/zhuanjiajieshao/33181.html""}]",,,,,,,,
广东省妇幼保健院,32931,李国豪,https://www.e3861.com/keshizhuanjia/zhuanjiajieshao/32931.html,更新留痕,占位图,详情正文为空或未识别,详情正文为空或未识别；官网本人职业照补录失败：占位图,2026-08-19T17:41:57.194294Z,https://wx.e3861.com/sfyAdmin/Images/Default/doct.png,,1,详情照片位命中显式 default/placeholder 门禁；页面共享 /uploads/ 图为预约二维码，按 known-SHA 排除,200,"[{""content_type"":""text/html; charset=utf-8"",""final_url"":""https://www.e3861.com/keshizhuanjia/zhuanjiajieshao/32931.html"",""method"":""GET"",""response_bytes"":31526,""started_utc"":""2026-08-19T17:41:57.007329Z"",""status"":200,""url"":""https://www.e3861.com/keshizhuanjia/zhuanjiajieshao/32931.html""}]",,,,,,,,
广东省妇幼保健院,32539,徐金龙,https://www.e3861.com/keshizhuanjia/zhuanjiajieshao/32539.html,更新留痕,占位图,,官网本人职业照补录失败：占位图,2026-08-19T17:41:58.224733Z,https://wx.e3861.com/sfyAdmin/Images/Default/doct.png,,1,详情照片位命中显式 default/placeholder 门禁；页面共享 /uploads/ 图为预约二维码，按 known-SHA 排除,200,"[{""content_type"":""text/html; charset=utf-8"",""final_url"":""https://www.e3861.com/keshizhuanjia/zhuanjiajieshao/32539.html"",""method"":""GET"",""response_bytes"":32771,""started_utc"":""2026-08-19T17:41:58.020108Z"",""status"":200,""url"":""https://www.e3861.com/keshizhuanjia/zhuanjiajieshao/32539.html""}]",,,,,,,,
广东省妇幼保健院,32955,马芳,https://www.e3861.com/keshizhuanjia/zhuanjiajieshao/32955.html,更新留痕,占位图,详情正文为空或未识别,详情正文为空或未识别；官网本人职业照补录失败：占位图,2026-08-19T17:41:59.218858Z,https://wx.e3861.com/sfyAdmin/Images/Default/doct.png,,1,详情照片位命中显式 default/placeholder 门禁；页面共享 /uploads/ 图为预约二维码，按 known-SHA 排除,200,"[{""content_type"":""text/html; charset=utf-8"",""final_url"":""https://www.e3861.com/keshizhuanjia/zhuanjiajieshao/32955.html"",""method"":""GET"",""response_bytes"":31350,""started_utc"":""2026-08-19T17:41:59.021675Z"",""status"":200,""url"":""https://www.e3861.com/keshizhuanjia/zhuanjiajieshao/32955.html""}]",,,,,,,,
广东省妇幼保健院,32952,吴自如,https://www.e3861.com/keshizhuanjia/zhuanjiajieshao/32952.html,更新留痕,占位图,详情正文为空或未识别,详情正文为空或未识别；官网本人职业照补录失败：占位图,2026-08-19T17:42:00.189019Z,https://wx.e3861.com/sfyAdmin/Images/Default/doct.png,,1,详情照片位命中显式 default/placeholder 门禁；页面共享 /uploads/ 图为预约二维码，按 known-SHA 排除,200,"[{""content_type"":""text/html; charset=utf-8"",""final_url"":""https://www.e3861.com/keshizhuanjia/zhuanjiajieshao/32952.html"",""method"":""GET"",""response_bytes"":31668,""started_utc"":""2026-08-19T17:42:00.017411Z"",""status"":200,""url"":""https://www.e3861.com/keshizhuanjia/zhuanjiajieshao/32952.html""}]",,,,,,,,
广东省妇幼保健院,35084,张晓玲,https://www.e3861.com/keshizhuanjia/zhuanjiajieshao/35084.html,更新留痕,占位图,科室需人工复核；详情正文为空或未识别,科室需人工复核；详情正文为空或未识别；官网本人职业照补录失败：占位图,2026-08-19T17:42:01.222729Z,https://wx.e3861.com/sfyAdmin/Images/Default/doct.png,,1,详情照片位命中显式 default/placeholder 门禁；页面共享 /uploads/ 图为预约二维码，按 known-SHA 排除,200,"[{""content_type"":""text/html; charset=utf-8"",""final_url"":""https://www.e3861.com/keshizhuanjia/zhuanjiajieshao/35084.html"",""method"":""GET"",""response_bytes"":31113,""started_utc"":""2026-08-19T17:42:01.019465Z"",""status"":200,""url"":""https://www.e3861.com/keshizhuanjia/zhuanjiajieshao/35084.html""}]",,,,,,,,
广东省妇幼保健院,35086,钟隽镌,https://www.e3861.com/keshizhuanjia/zhuanjiajieshao/35086.html,更新留痕,占位图,科室需人工复核；详情正文为空或未识别,科室需人工复核；详情正文为空或未识别；官网本人职业照补录失败：占位图,2026-08-19T17:42:02.228471Z,https://wx.e3861.com/sfyAdmin/Images/Default/doct.png,,1,详情照片位命中显式 default/placeholder 门禁；页面共享 /uploads/ 图为预约二维码，按 known-SHA 排除,200,"[{""content_type"":""text/html; charset=utf-8"",""final_url"":""https://www.e3861.com/keshizhuanjia/zhuanjiajieshao/35086.html"",""method"":""GET"",""response_bytes"":31113,""started_utc"":""2026-08-19T17:42:02.013014Z"",""status"":200,""url"":""https://www.e3861.com/keshizhuanjia/zhuanjiajieshao/35086.html""}]",,,,,,,,
广东省妇幼保健院,33050,池秀芳,https://www.e3861.com/keshizhuanjia/zhuanjiajieshao/33050.html,更新留痕,占位图,详情正文为空或未识别,详情正文为空或未识别；官网本人职业照补录失败：占位图,2026-08-19T17:42:03.213262Z,https://wx.e3861.com/sfyAdmin/Images/Default/doct.png,,1,详情照片位命中显式 default/placeholder 门禁；页面共享 /uploads/ 图为预约二维码，按 known-SHA 排除,200,"[{""content_type"":""text/html; charset=utf-8"",""final_url"":""https://www.e3861.com/keshizhuanjia/zhuanjiajieshao/33050.html"",""method"":""GET"",""response_bytes"":31183,""started_utc"":""2026-08-19T17:42:03.022328Z"",""status"":200,""url"":""https://www.e3861.com/keshizhuanjia/zhuanjiajieshao/33050.html""}]",,,,,,,,
广东省妇幼保健院,35001,熊文雯,https://www.e3861.com/keshizhuanjia/zhuanjiajieshao/35001.html,更新留痕,占位图,详情正文为空或未识别,详情正文为空或未识别；官网本人职业照补录失败：占位图,2026-08-19T17:42:04.239485Z,https://wx.e3861.com/sfyAdmin/Images/Default/doct.png,,1,详情照片位命中显式 default/placeholder 门禁；页面共享 /uploads/ 图为预约二维码，按 known-SHA 排除,200,"[{""content_type"":""text/html; charset=utf-8"",""final_url"":""https://www.e3861.com/keshizhuanjia/zhuanjiajieshao/35001.html"",""method"":""GET"",""response_bytes"":31280,""started_utc"":""2026-08-19T17:42:04.023109Z"",""status"":200,""url"":""https://www.e3861.com/keshizhuanjia/zhuanjiajieshao/35001.html""}]",,,,,,,,
广东省妇幼保健院,32960,徐跃心,https://www.e3861.com/keshizhuanjia/zhuanjiajieshao/32960.html,更新留痕,占位图,详情正文为空或未识别,详情正文为空或未识别；官网本人职业照补录失败：占位图,2026-08-19T17:42:05.216455Z,https://wx.e3861.com/sfyAdmin/Images/Default/doct.png,,1,详情照片位命中显式 default/placeholder 门禁；页面共享 /uploads/ 图为预约二维码，按 known-SHA 排除,200,"[{""content_type"":""text/html; charset=utf-8"",""final_url"":""https://www.e3861.com/keshizhuanjia/zhuanjiajieshao/32960.html"",""method"":""GET"",""response_bytes"":31138,""started_utc"":""2026-08-19T17:42:05.033636Z"",""status"":200,""url"":""https://www.e3861.com/keshizhuanjia/zhuanjiajieshao/32960.html""}]",,,,,,,,
广东省妇幼保健院,32963,麻醉科,https://www.e3861.com/keshizhuanjia/zhuanjiajieshao/32963.html,更新留痕,占位图,详情正文为空或未识别,详情正文为空或未识别；官网本人职业照补录失败：占位图,2026-08-19T17:42:06.213596Z,https://wx.e3861.com/sfyAdmin/Images/Default/doct.png,,1,详情照片位命中显式 default/placeholder 门禁；页面共享 /uploads/ 图为预约二维码，按 known-SHA 排除,200,"[{""content_type"":""text/html; charset=utf-8"",""final_url"":""https://www.e3861.com/keshizhuanjia/zhuanjiajieshao/32963.html"",""method"":""GET"",""response_bytes"":31521,""started_utc"":""2026-08-19T17:42:06.026339Z"",""status"":200,""url"":""https://www.e3861.com/keshizhuanjia/zhuanjiajieshao/32963.html""}]",,,,,,,,
广东省妇幼保健院,32969,妇科急诊,https://www.e3861.com/keshizhuanjia/zhuanjiajieshao/32969.html,更新留痕,占位图,详情正文为空或未识别,详情正文为空或未识别；官网本人职业照补录失败：占位图,2026-08-19T17:42:07.233020Z,https://wx.e3861.com/sfyAdmin/Images/Default/doct.png,,1,详情照片位命中显式 default/placeholder 门禁；页面共享 /uploads/ 图为预约二维码，按 known-SHA 排除,200,"[{""content_type"":""text/html; charset=utf-8"",""final_url"":""https://www.e3861.com/keshizhuanjia/zhuanjiajieshao/32969.html"",""method"":""GET"",""response_bytes"":31156,""started_utc"":""2026-08-19T17:42:07.024967Z"",""status"":200,""url"":""https://www.e3861.com/keshizhuanjia/zhuanjiajieshao/32969.html""}]",,,,,,,,
广东省妇幼保健院,32690,曾瑶琴,https://www.e3861.com/keshizhuanjia/zhuanjiajieshao/32690.html,更新留痕,占位图,,官网本人职业照补录失败：占位图,2026-08-19T17:42:08.239390Z,https://wx.e3861.com/sfyAdmin/Images/Default/doct.png,,1,详情照片位命中显式 default/placeholder 门禁；页面共享 /uploads/ 图为预约二维码，按 known-SHA 排除,200,"[{""content_type"":""text/html; charset=utf-8"",""final_url"":""https://www.e3861.com/keshizhuanjia/zhuanjiajieshao/32690.html"",""method"":""GET"",""response_bytes"":31746,""started_utc"":""2026-08-19T17:42:08.029326Z"",""status"":200,""url"":""https://www.e3861.com/keshizhuanjia/zhuanjiajieshao/32690.html""}]",,,,,,,,
广东省妇幼保健院,33186,产科急诊,https://www.e3861.com/keshizhuanjia/zhuanjiajieshao/33186.html,更新留痕,占位图,详情正文为空或未识别,详情正文为空或未识别；官网本人职业照补录失败：占位图,2026-08-19T17:42:09.216729Z,https://wx.e3861.com/sfyAdmin/Images/Default/doct.png,,1,详情照片位命中显式 default/placeholder 门禁；页面共享 /uploads/ 图为预约二维码，按 known-SHA 排除,200,"[{""content_type"":""text/html; charset=utf-8"",""final_url"":""https://www.e3861.com/keshizhuanjia/zhuanjiajieshao/33186.html"",""method"":""GET"",""response_bytes"":31160,""started_utc"":""2026-08-19T17:42:09.025548Z"",""status"":200,""url"":""https://www.e3861.com/keshizhuanjia/zhuanjiajieshao/33186.html""}]",,,,,,,,
广东省妇幼保健院,32905,董子炎,https://www.e3861.com/keshizhuanjia/zhuanjiajieshao/32905.html,更新留痕,占位图,,官网本人职业照补录失败：占位图,2026-08-19T17:42:10.247521Z,https://wx.e3861.com/sfyAdmin/Images/Default/doct.png,,1,详情照片位命中显式 default/placeholder 门禁；页面共享 /uploads/ 图为预约二维码，按 known-SHA 排除,200,"[{""content_type"":""text/html; charset=utf-8"",""final_url"":""https://www.e3861.com/keshizhuanjia/zhuanjiajieshao/32905.html"",""method"":""GET"",""response_bytes"":31414,""started_utc"":""2026-08-19T17:42:10.027083Z"",""status"":200,""url"":""https://www.e3861.com/keshizhuanjia/zhuanjiajieshao/32905.html""}]",,,,,,,,
广东省妇幼保健院,32555,唐远平,https://www.e3861.com/keshizhuanjia/zhuanjiajieshao/32555.html,更新留痕,占位图,,官网本人职业照补录失败：占位图,2026-08-19T17:42:11.228204Z,https://wx.e3861.com/sfyAdmin/Images/Default/doct.png,,1,详情照片位命中显式 default/placeholder 门禁；页面共享 /uploads/ 图为预约二维码，按 known-SHA 排除,200,"[{""content_type"":""text/html; charset=utf-8"",""final_url"":""https://www.e3861.com/keshizhuanjia/zhuanjiajieshao/32555.html"",""method"":""GET"",""response_bytes"":32094,""started_utc"":""2026-08-19T17:42:11.024943Z"",""status"":200,""url"":""https://www.e3861.com/keshizhuanjia/zhuanjiajieshao/32555.html""}]",,,,,,,,
广东省妇幼保健院,33323,杨寒,https://www.e3861.com/keshizhuanjia/zhuanjiajieshao/33323.html,更新留痕,占位图,详情正文为空或未识别,详情正文为空或未识别；官网本人职业照补录失败：占位图,2026-08-19T17:42:12.273561Z,https://wx.e3861.com/sfyAdmin/Images/Default/doct.png,,1,详情照片位命中显式 default/placeholder 门禁；页面共享 /uploads/ 图为预约二维码，按 known-SHA 排除,200,"[{""content_type"":""text/html; charset=utf-8"",""final_url"":""https://www.e3861.com/keshizhuanjia/zhuanjiajieshao/33323.html"",""method"":""GET"",""response_bytes"":31159,""started_utc"":""2026-08-19T17:42:12.038243Z"",""status"":200,""url"":""https://www.e3861.com/keshizhuanjia/zhuanjiajieshao/33323.html""}]",,,,,,,,
广东省妇幼保健院,32885,胡庆,https://www.e3861.com/keshizhuanjia/zhuanjiajieshao/32885.html,更新留痕,占位图,,官网本人职业照补录失败：占位图,2026-08-19T17:42:13.246940Z,https://wx.e3861.com/sfyAdmin/Images/Default/doct.png,,1,详情照片位命中显式 default/placeholder 门禁；页面共享 /uploads/ 图为预约二维码，按 known-SHA 排除,200,"[{""content_type"":""text/html; charset=utf-8"",""final_url"":""https://www.e3861.com/keshizhuanjia/zhuanjiajieshao/32885.html"",""method"":""GET"",""response_bytes"":32050,""started_utc"":""2026-08-19T17:42:13.038204Z"",""status"":200,""url"":""https://www.e3861.com/keshizhuanjia/zhuanjiajieshao/32885.html""}]",,,,,,,,
广东省妇幼保健院,32581,肖静,https://www.e3861.com/keshizhuanjia/zhuanjiajieshao/32581.html,更新留痕,占位图,详情正文为空或未识别,详情正文为空或未识别；官网本人职业照补录失败：占位图,2026-08-19T17:42:14.248138Z,https://wx.e3861.com/sfyAdmin/Images/Default/doct.png,,1,详情照片位命中显式 default/placeholder 门禁；页面共享 /uploads/ 图为预约二维码，按 known-SHA 排除,200,"[{""content_type"":""text/html; charset=utf-8"",""final_url"":""https://www.e3861.com/keshizhuanjia/zhuanjiajieshao/32581.html"",""method"":""GET"",""response_bytes"":31814,""started_utc"":""2026-08-19T17:42:14.029277Z"",""status"":200,""url"":""https://www.e3861.com/keshizhuanjia/zhuanjiajieshao/32581.html""}]",,,,,,,,
广东省妇幼保健院,33141,刘菡,https://www.e3861.com/keshizhuanjia/zhuanjiajieshao/33141.html,更新留痕,占位图,,官网本人职业照补录失败：占位图,2026-08-19T17:42:15.262602Z,https://wx.e3861.com/sfyAdmin/Images/Default/doct.png,,1,详情照片位命中显式 default/placeholder 门禁；页面共享 /uploads/ 图为预约二维码，按 known-SHA 排除,200,"[{""content_type"":""text/html; charset=utf-8"",""final_url"":""https://www.e3861.com/keshizhuanjia/zhuanjiajieshao/33141.html"",""method"":""GET"",""response_bytes"":31206,""started_utc"":""2026-08-19T17:42:15.030319Z"",""status"":200,""url"":""https://www.e3861.com/keshizhuanjia/zhuanjiajieshao/33141.html""}]",,,,,,,,
广东省妇幼保健院,33018,张海红,https://www.e3861.com/keshizhuanjia/zhuanjiajieshao/33018.html,更新留痕,占位图,,官网本人职业照补录失败：占位图,2026-08-19T17:42:16.215441Z,https://wx.e3861.com/sfyAdmin/Images/Default/doct.png,,1,详情照片位命中显式 default/placeholder 门禁；页面共享 /uploads/ 图为预约二维码，按 known-SHA 排除,200,"[{""content_type"":""text/html; charset=utf-8"",""final_url"":""https://www.e3861.com/keshizhuanjia/zhuanjiajieshao/33018.html"",""method"":""GET"",""response_bytes"":31316,""started_utc"":""2026-08-19T17:42:16.026151Z"",""status"":200,""url"":""https://www.e3861.com/keshizhuanjia/zhuanjiajieshao/33018.html""}]",,,,,,,,
广东省妇幼保健院,32635,许林莉,https://www.e3861.com/keshizhuanjia/zhuanjiajieshao/32635.html,更新留痕,占位图,详情正文为空或未识别,详情正文为空或未识别；官网本人职业照补录失败：占位图,2026-08-19T17:42:17.230432Z,https://wx.e3861.com/sfyAdmin/Images/Default/doct.png,,1,详情照片位命中显式 default/placeholder 门禁；页面共享 /uploads/ 图为预约二维码，按 known-SHA 排除,200,"[{""content_type"":""text/html; charset=utf-8"",""final_url"":""https://www.e3861.com/keshizhuanjia/zhuanjiajieshao/32635.html"",""method"":""GET"",""response_bytes"":31170,""started_utc"":""2026-08-19T17:42:17.025486Z"",""status"":200,""url"":""https://www.e3861.com/keshizhuanjia/zhuanjiajieshao/32635.html""}]",,,,,,,,
广东省妇幼保健院,32924,郑丽蓉,https://www.e3861.com/keshizhuanjia/zhuanjiajieshao/32924.html,更新留痕,占位图,详情正文为空或未识别,详情正文为空或未识别；官网本人职业照补录失败：占位图,2026-08-19T17:42:18.207475Z,https://wx.e3861.com/sfyAdmin/Images/Default/doct.png,,1,详情照片位命中显式 default/placeholder 门禁；页面共享 /uploads/ 图为预约二维码，按 known-SHA 排除,200,"[{""content_type"":""text/html; charset=utf-8"",""final_url"":""https://www.e3861.com/keshizhuanjia/zhuanjiajieshao/32924.html"",""method"":""GET"",""response_bytes"":31138,""started_utc"":""2026-08-19T17:42:18.024115Z"",""status"":200,""url"":""https://www.e3861.com/keshizhuanjia/zhuanjiajieshao/32924.html""}]",,,,,,,,
广东省妇幼保健院,32933,李海婷,https://www.e3861.com/keshizhuanjia/zhuanjiajieshao/32933.html,更新留痕,占位图,详情正文为空或未识别,详情正文为空或未识别；官网本人职业照补录失败：占位图,2026-08-19T17:42:19.247964Z,https://wx.e3861.com/sfyAdmin/Images/Default/doct.png,,1,详情照片位命中显式 default/placeholder 门禁；页面共享 /uploads/ 图为预约二维码，按 known-SHA 排除,200,"[{""content_type"":""text/html; charset=utf-8"",""final_url"":""https://www.e3861.com/keshizhuanjia/zhuanjiajieshao/32933.html"",""method"":""GET"",""response_bytes"":31242,""started_utc"":""2026-08-19T17:42:19.036963Z"",""status"":200,""url"":""https://www.e3861.com/keshizhuanjia/zhuanjiajieshao/32933.html""}]",,,,,,,,
广东省妇幼保健院,32943,吴碧燕,https://www.e3861.com/keshizhuanjia/zhuanjiajieshao/32943.html,更新留痕,占位图,详情正文为空或未识别,详情正文为空或未识别；官网本人职业照补录失败：占位图,2026-08-19T17:42:20.207451Z,https://wx.e3861.com/sfyAdmin/Images/Default/doct.png,,1,详情照片位命中显式 default/placeholder 门禁；页面共享 /uploads/ 图为预约二维码，按 known-SHA 排除,200,"[{""content_type"":""text/html; charset=utf-8"",""final_url"":""https://www.e3861.com/keshizhuanjia/zhuanjiajieshao/32943.html"",""method"":""GET"",""response_bytes"":31525,""started_utc"":""2026-08-19T17:42:20.025999Z"",""status"":200,""url"":""https://www.e3861.com/keshizhuanjia/zhuanjiajieshao/32943.html""}]",,,,,,,,
广东省妇幼保健院,32698,鲁灵龙,https://www.e3861.com/keshizhuanjia/zhuanjiajieshao/32698.html,更新留痕,占位图,,官网本人职业照补录失败：占位图,2026-08-19T17:42:21.248577Z,https://wx.e3861.com/sfyAdmin/Images/Default/doct.png,,1,详情照片位命中显式 default/placeholder 门禁；页面共享 /uploads/ 图为预约二维码，按 known-SHA 排除,200,"[{""content_type"":""text/html; charset=utf-8"",""final_url"":""https://www.e3861.com/keshizhuanjia/zhuanjiajieshao/32698.html"",""method"":""GET"",""response_bytes"":31781,""started_utc"":""2026-08-19T17:42:21.035669Z"",""status"":200,""url"":""https://www.e3861.com/keshizhuanjia/zhuanjiajieshao/32698.html""}]",,,,,,,,
广东省妇幼保健院,32865,徐建锋,https://www.e3861.com/keshizhuanjia/zhuanjiajieshao/32865.html,更新留痕,占位图,,官网本人职业照补录失败：占位图,2026-08-19T17:42:22.240363Z,https://wx.e3861.com/sfyAdmin/Images/Default/doct.png,,1,详情照片位命中显式 default/placeholder 门禁；页面共享 /uploads/ 图为预约二维码，按 known-SHA 排除,200,"[{""content_type"":""text/html; charset=utf-8"",""final_url"":""https://www.e3861.com/keshizhuanjia/zhuanjiajieshao/32865.html"",""method"":""GET"",""response_bytes"":31619,""started_utc"":""2026-08-19T17:42:22.029016Z"",""status"":200,""url"":""https://www.e3861.com/keshizhuanjia/zhuanjiajieshao/32865.html""}]",,,,,,,,
广东省妇幼保健院,34721,刘翠兰,https://www.e3861.com/keshizhuanjia/zhuanjiajieshao/34721.html,更新留痕,占位图,详情正文为空或未识别,详情正文为空或未识别；官网本人职业照补录失败：占位图,2026-08-19T17:42:23.224350Z,https://wx.e3861.com/sfyAdmin/Images/Default/doct.png,,1,详情照片位命中显式 default/placeholder 门禁；页面共享 /uploads/ 图为预约二维码，按 known-SHA 排除,200,"[{""content_type"":""text/html; charset=utf-8"",""final_url"":""https://www.e3861.com/keshizhuanjia/zhuanjiajieshao/34721.html"",""method"":""GET"",""response_bytes"":31144,""started_utc"":""2026-08-19T17:42:23.024328Z"",""status"":200,""url"":""https://www.e3861.com/keshizhuanjia/zhuanjiajieshao/34721.html""}]",,,,,,,,
广东省妇幼保健院,32866,刘岚,https://www.e3861.com/keshizhuanjia/zhuanjiajieshao/32866.html,更新留痕,占位图,,官网本人职业照补录失败：占位图,2026-08-19T17:42:24.229337Z,https://wx.e3861.com/sfyAdmin/Images/Default/doct.png,,1,详情照片位命中显式 default/placeholder 门禁；页面共享 /uploads/ 图为预约二维码，按 known-SHA 排除,200,"[{""content_type"":""text/html; charset=utf-8"",""final_url"":""https://www.e3861.com/keshizhuanjia/zhuanjiajieshao/32866.html"",""method"":""GET"",""response_bytes"":32001,""started_utc"":""2026-08-19T17:42:24.033021Z"",""status"":200,""url"":""https://www.e3861.com/keshizhuanjia/zhuanjiajieshao/32866.html""}]",,,,,,,,
广东省妇幼保健院,32702,徐海南,https://www.e3861.com/keshizhuanjia/zhuanjiajieshao/32702.html,更新留痕,占位图,详情正文为空或未识别,详情正文为空或未识别；官网本人职业照补录失败：占位图,2026-08-19T17:42:25.228927Z,https://wx.e3861.com/sfyAdmin/Images/Default/doct.png,,1,详情照片位命中显式 default/placeholder 门禁；页面共享 /uploads/ 图为预约二维码，按 known-SHA 排除,200,"[{""content_type"":""text/html; charset=utf-8"",""final_url"":""https://www.e3861.com/keshizhuanjia/zhuanjiajieshao/32702.html"",""method"":""GET"",""response_bytes"":31198,""started_utc"":""2026-08-19T17:42:25.033605Z"",""status"":200,""url"":""https://www.e3861.com/keshizhuanjia/zhuanjiajieshao/32702.html""}]",,,,,,,,
广东省妇幼保健院,32464,高薇薇,https://www.e3861.com/keshizhuanjia/zhuanjiajieshao/32464.html,更新留痕,占位图,,官网本人职业照补录失败：占位图,2026-08-19T17:42:26.260360Z,https://wx.e3861.com/sfyAdmin/Images/Default/doct.png,,1,详情照片位命中显式 default/placeholder 门禁；页面共享 /uploads/ 图为预约二维码，按 known-SHA 排除,200,"[{""content_type"":""text/html; charset=utf-8"",""final_url"":""https://www.e3861.com/keshizhuanjia/zhuanjiajieshao/32464.html"",""method"":""GET"",""response_bytes"":31302,""started_utc"":""2026-08-19T17:42:26.026555Z"",""status"":200,""url"":""https://www.e3861.com/keshizhuanjia/zhuanjiajieshao/32464.html""}]",,,,,,,,
广东省妇幼保健院,32703,吴巧,https://www.e3861.com/keshizhuanjia/zhuanjiajieshao/32703.html,更新留痕,占位图,详情正文为空或未识别,详情正文为空或未识别；官网本人职业照补录失败：占位图,2026-08-19T17:42:27.225834Z,https://wx.e3861.com/sfyAdmin/Images/Default/doct.png,,1,详情照片位命中显式 default/placeholder 门禁；页面共享 /uploads/ 图为预约二维码，按 known-SHA 排除,200,"[{""content_type"":""text/html; charset=utf-8"",""final_url"":""https://www.e3861.com/keshizhuanjia/zhuanjiajieshao/32703.html"",""method"":""GET"",""response_bytes"":31602,""started_utc"":""2026-08-19T17:42:27.027089Z"",""status"":200,""url"":""https://www.e3861.com/keshizhuanjia/zhuanjiajieshao/32703.html""}]",,,,,,,,
广东省妇幼保健院,35092,卢启明,https://www.e3861.com/keshizhuanjia/zhuanjiajieshao/35092.html,更新留痕,占位图,科室需人工复核；详情正文为空或未识别,科室需人工复核；详情正文为空或未识别；官网本人职业照补录失败：占位图,2026-08-19T17:42:28.240929Z,https://wx.e3861.com/sfyAdmin/Images/Default/doct.png,,1,详情照片位命中显式 default/placeholder 门禁；页面共享 /uploads/ 图为预约二维码，按 known-SHA 排除,200,"[{""content_type"":""text/html; charset=utf-8"",""final_url"":""https://www.e3861.com/keshizhuanjia/zhuanjiajieshao/35092.html"",""method"":""GET"",""response_bytes"":31104,""started_utc"":""2026-08-19T17:42:28.038703Z"",""status"":200,""url"":""https://www.e3861.com/keshizhuanjia/zhuanjiajieshao/35092.html""}]",,,,,,,,
广东省妇幼保健院,32711,欧阳菲,https://www.e3861.com/keshizhuanjia/zhuanjiajieshao/32711.html,更新留痕,占位图,详情正文为空或未识别,详情正文为空或未识别；官网本人职业照补录失败：占位图,2026-08-19T17:42:29.261880Z,https://wx.e3861.com/sfyAdmin/Images/Default/doct.png,,1,详情照片位命中显式 default/placeholder 门禁；页面共享 /uploads/ 图为预约二维码，按 known-SHA 排除,200,"[{""content_type"":""text/html; charset=utf-8"",""final_url"":""https://www.e3861.com/keshizhuanjia/zhuanjiajieshao/32711.html"",""method"":""GET"",""response_bytes"":31144,""started_utc"":""2026-08-19T17:42:29.052727Z"",""status"":200,""url"":""https://www.e3861.com/keshizhuanjia/zhuanjiajieshao/32711.html""}]",,,,,,,,
广东省妇幼保健院,33034,漆冬梅,https://www.e3861.com/keshizhuanjia/zhuanjiajieshao/33034.html,更新留痕,占位图,,官网本人职业照补录失败：占位图,2026-08-19T17:42:30.258675Z,https://wx.e3861.com/sfyAdmin/Images/Default/doct.png,,1,详情照片位命中显式 default/placeholder 门禁；页面共享 /uploads/ 图为预约二维码，按 known-SHA 排除,200,"[{""content_type"":""text/html; charset=utf-8"",""final_url"":""https://www.e3861.com/keshizhuanjia/zhuanjiajieshao/33034.html"",""method"":""GET"",""response_bytes"":31403,""started_utc"":""2026-08-19T17:42:30.042417Z"",""status"":200,""url"":""https://www.e3861.com/keshizhuanjia/zhuanjiajieshao/33034.html""}]",,,,,,,,
广东省妇幼保健院,33134,何裕,https://www.e3861.com/keshizhuanjia/zhuanjiajieshao/33134.html,更新留痕,占位图,同名待甄别,同名待甄别；官网本人职业照补录失败：占位图,2026-08-19T17:42:31.243742Z,https://wx.e3861.com/sfyAdmin/Images/Default/doct.png,,1,详情照片位命中显式 default/placeholder 门禁；页面共享 /uploads/ 图为预约二维码，按 known-SHA 排除,200,"[{""content_type"":""text/html; charset=utf-8"",""final_url"":""https://www.e3861.com/keshizhuanjia/zhuanjiajieshao/33134.html"",""method"":""GET"",""response_bytes"":31506,""started_utc"":""2026-08-19T17:42:31.040114Z"",""status"":200,""url"":""https://www.e3861.com/keshizhuanjia/zhuanjiajieshao/33134.html""}]",,,,,,,,
广东省妇幼保健院,33202,杨小乐,https://www.e3861.com/keshizhuanjia/zhuanjiajieshao/33202.html,更新留痕,占位图,详情正文为空或未识别,详情正文为空或未识别；官网本人职业照补录失败：占位图,2026-08-19T17:42:32.255124Z,https://wx.e3861.com/sfyAdmin/Images/Default/doct.png,,1,详情照片位命中显式 default/placeholder 门禁；页面共享 /uploads/ 图为预约二维码，按 known-SHA 排除,200,"[{""content_type"":""text/html; charset=utf-8"",""final_url"":""https://www.e3861.com/keshizhuanjia/zhuanjiajieshao/33202.html"",""method"":""GET"",""response_bytes"":31144,""started_utc"":""2026-08-19T17:42:32.055184Z"",""status"":200,""url"":""https://www.e3861.com/keshizhuanjia/zhuanjiajieshao/33202.html""}]",,,,,,,,
广东省妇幼保健院,33025,陈秋蓉,https://www.e3861.com/keshizhuanjia/zhuanjiajieshao/33025.html,更新留痕,占位图,详情正文为空或未识别,详情正文为空或未识别；官网本人职业照补录失败：占位图,2026-08-19T17:42:33.278828Z,https://wx.e3861.com/sfyAdmin/Images/Default/doct.png,,1,详情照片位命中显式 default/placeholder 门禁；页面共享 /uploads/ 图为预约二维码，按 known-SHA 排除,200,"[{""content_type"":""text/html; charset=utf-8"",""final_url"":""https://www.e3861.com/keshizhuanjia/zhuanjiajieshao/33025.html"",""method"":""GET"",""response_bytes"":31144,""started_utc"":""2026-08-19T17:42:33.064553Z"",""status"":200,""url"":""https://www.e3861.com/keshizhuanjia/zhuanjiajieshao/33025.html""}]",,,,,,,,
广东省妇幼保健院,32706,李海洋,https://www.e3861.com/keshizhuanjia/zhuanjiajieshao/32706.html,更新留痕,占位图,,官网本人职业照补录失败：占位图,2026-08-19T17:42:34.257711Z,https://wx.e3861.com/sfyAdmin/Images/Default/doct.png,,1,详情照片位命中显式 default/placeholder 门禁；页面共享 /uploads/ 图为预约二维码，按 known-SHA 排除,200,"[{""content_type"":""text/html; charset=utf-8"",""final_url"":""https://www.e3861.com/keshizhuanjia/zhuanjiajieshao/32706.html"",""method"":""GET"",""response_bytes"":31237,""started_utc"":""2026-08-19T17:42:34.061050Z"",""status"":200,""url"":""https://www.e3861.com/keshizhuanjia/zhuanjiajieshao/32706.html""}]",,,,,,,,
广东省妇幼保健院,34897,潘乐乐,https://www.e3861.com/keshizhuanjia/zhuanjiajieshao/34897.html,更新留痕,占位图,详情正文为空或未识别,详情正文为空或未识别；官网本人职业照补录失败：占位图,2026-08-19T17:42:35.292840Z,https://wx.e3861.com/sfyAdmin/Images/Default/doct.png,,1,详情照片位命中显式 default/placeholder 门禁；页面共享 /uploads/ 图为预约二维码，按 known-SHA 排除,200,"[{""content_type"":""text/html; charset=utf-8"",""final_url"":""https://www.e3861.com/keshizhuanjia/zhuanjiajieshao/34897.html"",""method"":""GET"",""response_bytes"":31174,""started_utc"":""2026-08-19T17:42:35.071714Z"",""status"":200,""url"":""https://www.e3861.com/keshizhuanjia/zhuanjiajieshao/34897.html""}]",,,,,,,,
广东省妇幼保健院,33184,田莹莹,https://www.e3861.com/keshizhuanjia/zhuanjiajieshao/33184.html,更新留痕,占位图,详情正文为空或未识别,详情正文为空或未识别；官网本人职业照补录失败：占位图,2026-08-19T17:42:36.297951Z,https://wx.e3861.com/sfyAdmin/Images/Default/doct.png,,1,详情照片位命中显式 default/placeholder 门禁；页面共享 /uploads/ 图为预约二维码，按 known-SHA 排除,200,"[{""content_type"":""text/html; charset=utf-8"",""final_url"":""https://www.e3861.com/keshizhuanjia/zhuanjiajieshao/33184.html"",""method"":""GET"",""response_bytes"":31192,""started_utc"":""2026-08-19T17:42:36.085442Z"",""status"":200,""url"":""https://www.e3861.com/keshizhuanjia/zhuanjiajieshao/33184.html""}]",,,,,,,,
广东省妇幼保健院,33111,段姣,https://www.e3861.com/keshizhuanjia/zhuanjiajieshao/33111.html,更新留痕,占位图,,官网本人职业照补录失败：占位图,2026-08-19T17:42:37.347157Z,https://wx.e3861.com/sfyAdmin/Images/Default/doct.png,,1,详情照片位命中显式 default/placeholder 门禁；页面共享 /uploads/ 图为预约二维码，按 known-SHA 排除,200,"[{""content_type"":""text/html; charset=utf-8"",""final_url"":""https://www.e3861.com/keshizhuanjia/zhuanjiajieshao/33111.html"",""method"":""GET"",""response_bytes"":31203,""started_utc"":""2026-08-19T17:42:37.091962Z"",""status"":200,""url"":""https://www.e3861.com/keshizhuanjia/zhuanjiajieshao/33111.html""}]",,,,,,,,
广东省妇幼保健院,33002,陈常贤,https://www.e3861.com/keshizhuanjia/zhuanjiajieshao/33002.html,更新留痕,占位图,详情正文为空或未识别,详情正文为空或未识别；官网本人职业照补录失败：占位图,2026-08-19T17:42:38.294596Z,https://wx.e3861.com/sfyAdmin/Images/Default/doct.png,,1,详情照片位命中显式 default/placeholder 门禁；页面共享 /uploads/ 图为预约二维码，按 known-SHA 排除,200,"[{""content_type"":""text/html; charset=utf-8"",""final_url"":""https://www.e3861.com/keshizhuanjia/zhuanjiajieshao/33002.html"",""method"":""GET"",""response_bytes"":31142,""started_utc"":""2026-08-19T17:42:38.093873Z"",""status"":200,""url"":""https://www.e3861.com/keshizhuanjia/zhuanjiajieshao/33002.html""}]",,,,,,,,
广东省妇幼保健院,33154,李远雄,https://www.e3861.com/keshizhuanjia/zhuanjiajieshao/33154.html,更新留痕,占位图,详情正文为空或未识别,详情正文为空或未识别；官网本人职业照补录失败：占位图,2026-08-19T17:42:39.286935Z,https://wx.e3861.com/sfyAdmin/Images/Default/doct.png,,1,详情照片位命中显式 default/placeholder 门禁；页面共享 /uploads/ 图为预约二维码，按 known-SHA 排除,200,"[{""content_type"":""text/html; charset=utf-8"",""final_url"":""https://www.e3861.com/keshizhuanjia/zhuanjiajieshao/33154.html"",""method"":""GET"",""response_bytes"":31142,""started_utc"":""2026-08-19T17:42:39.088478Z"",""status"":200,""url"":""https://www.e3861.com/keshizhuanjia/zhuanjiajieshao/33154.html""}]",,,,,,,,
广东省妇幼保健院,33015,杜惠莹,https://www.e3861.com/keshizhuanjia/zhuanjiajieshao/33015.html,更新留痕,占位图,,官网本人职业照补录失败：占位图,2026-08-19T17:42:40.315721Z,https://wx.e3861.com/sfyAdmin/Images/Default/doct.png,,1,详情照片位命中显式 default/placeholder 门禁；页面共享 /uploads/ 图为预约二维码，按 known-SHA 排除,200,"[{""content_type"":""text/html; charset=utf-8"",""final_url"":""https://www.e3861.com/keshizhuanjia/zhuanjiajieshao/33015.html"",""method"":""GET"",""response_bytes"":31212,""started_utc"":""2026-08-19T17:42:40.097488Z"",""status"":200,""url"":""https://www.e3861.com/keshizhuanjia/zhuanjiajieshao/33015.html""}]",,,,,,,,
广东省妇幼保健院,35099,张嘉雯,https://www.e3861.com/keshizhuanjia/zhuanjiajieshao/35099.html,更新留痕,占位图,详情正文为空或未识别,详情正文为空或未识别；官网本人职业照补录失败：占位图,2026-08-19T17:42:41.300696Z,https://wx.e3861.com/sfyAdmin/Images/Default/doct.png,,1,详情照片位命中显式 default/placeholder 门禁；页面共享 /uploads/ 图为预约二维码，按 known-SHA 排除,200,"[{""content_type"":""text/html; charset=utf-8"",""final_url"":""https://www.e3861.com/keshizhuanjia/zhuanjiajieshao/35099.html"",""method"":""GET"",""response_bytes"":31250,""started_utc"":""2026-08-19T17:42:41.094731Z"",""status"":200,""url"":""https://www.e3861.com/keshizhuanjia/zhuanjiajieshao/35099.html""}]",,,,,,,,
广东省妇幼保健院,32921,陈小莹,https://www.e3861.com/keshizhuanjia/zhuanjiajieshao/32921.html,更新留痕,占位图,详情正文为空或未识别,详情正文为空或未识别；官网本人职业照补录失败：占位图,2026-08-19T17:42:42.302139Z,https://wx.e3861.com/sfyAdmin/Images/Default/doct.png,,1,详情照片位命中显式 default/placeholder 门禁；页面共享 /uploads/ 图为预约二维码，按 known-SHA 排除,200,"[{""content_type"":""text/html; charset=utf-8"",""final_url"":""https://www.e3861.com/keshizhuanjia/zhuanjiajieshao/32921.html"",""method"":""GET"",""response_bytes"":31694,""started_utc"":""2026-08-19T17:42:42.096122Z"",""status"":200,""url"":""https://www.e3861.com/keshizhuanjia/zhuanjiajieshao/32921.html""}]",,,,,,,,
广东省妇幼保健院,33055,付锐剑,https://www.e3861.com/keshizhuanjia/zhuanjiajieshao/33055.html,更新留痕,占位图,,官网本人职业照补录失败：占位图,2026-08-19T17:42:43.294960Z,https://wx.e3861.com/sfyAdmin/Images/Default/doct.png,,1,详情照片位命中显式 default/placeholder 门禁；页面共享 /uploads/ 图为预约二维码，按 known-SHA 排除,200,"[{""content_type"":""text/html; charset=utf-8"",""final_url"":""https://www.e3861.com/keshizhuanjia/zhuanjiajieshao/33055.html"",""method"":""GET"",""response_bytes"":31321,""started_utc"":""2026-08-19T17:42:43.098242Z"",""status"":200,""url"":""https://www.e3861.com/keshizhuanjia/zhuanjiajieshao/33055.html""}]",,,,,,,,
广东省妇幼保健院,32918,彭苏珺,https://www.e3861.com/keshizhuanjia/zhuanjiajieshao/32918.html,更新留痕,占位图,详情正文为空或未识别,详情正文为空或未识别；官网本人职业照补录失败：占位图,2026-08-19T17:42:44.282870Z,https://wx.e3861.com/sfyAdmin/Images/Default/doct.png,,1,详情照片位命中显式 default/placeholder 门禁；页面共享 /uploads/ 图为预约二维码，按 known-SHA 排除,200,"[{""content_type"":""text/html; charset=utf-8"",""final_url"":""https://www.e3861.com/keshizhuanjia/zhuanjiajieshao/32918.html"",""method"":""GET"",""response_bytes"":32084,""started_utc"":""2026-08-19T17:42:44.090211Z"",""status"":200,""url"":""https://www.e3861.com/keshizhuanjia/zhuanjiajieshao/32918.html""}]",,,,,,,,
广东省妇幼保健院,32560,邓文,https://www.e3861.com/keshizhuanjia/zhuanjiajieshao/32560.html,更新留痕,占位图,详情正文为空或未识别,详情正文为空或未识别；官网本人职业照补录失败：占位图,2026-08-19T17:42:45.286162Z,https://wx.e3861.com/sfyAdmin/Images/Default/doct.png,,1,详情照片位命中显式 default/placeholder 门禁；页面共享 /uploads/ 图为预约二维码，按 known-SHA 排除,200,"[{""content_type"":""text/html; charset=utf-8"",""final_url"":""https://www.e3861.com/keshizhuanjia/zhuanjiajieshao/32560.html"",""method"":""GET"",""response_bytes"":32788,""started_utc"":""2026-08-19T17:42:45.094103Z"",""status"":200,""url"":""https://www.e3861.com/keshizhuanjia/zhuanjiajieshao/32560.html""}]",,,,,,,,
广东省妇幼保健院,32582,周林,https://www.e3861.com/keshizhuanjia/zhuanjiajieshao/32582.html,更新留痕,占位图,,官网本人职业照补录失败：占位图,2026-08-19T17:42:46.297018Z,https://wx.e3861.com/sfyAdmin/Images/Default/doct.png,,1,详情照片位命中显式 default/placeholder 门禁；页面共享 /uploads/ 图为预约二维码，按 known-SHA 排除,200,"[{""content_type"":""text/html; charset=utf-8"",""final_url"":""https://www.e3861.com/keshizhuanjia/zhuanjiajieshao/32582.html"",""method"":""GET"",""response_bytes"":31373,""started_utc"":""2026-08-19T17:42:46.086806Z"",""status"":200,""url"":""https://www.e3861.com/keshizhuanjia/zhuanjiajieshao/32582.html""}]",,,,,,,,
广东省妇幼保健院,32725,梁萌梦,https://www.e3861.com/keshizhuanjia/zhuanjiajieshao/32725.html,更新留痕,占位图,详情正文为空或未识别,详情正文为空或未识别；官网本人职业照补录失败：占位图,2026-08-19T17:42:47.284824Z,https://wx.e3861.com/sfyAdmin/Images/Default/doct.png,,1,详情照片位命中显式 default/placeholder 门禁；页面共享 /uploads/ 图为预约二维码，按 known-SHA 排除,200,"[{""content_type"":""text/html; charset=utf-8"",""final_url"":""https://www.e3861.com/keshizhuanjia/zhuanjiajieshao/32725.html"",""method"":""GET"",""response_bytes"":31144,""started_utc"":""2026-08-19T17:42:47.092123Z"",""status"":200,""url"":""https://www.e3861.com/keshizhuanjia/zhuanjiajieshao/32725.html""}]",,,,,,,,
广东省妇幼保健院,33065,陈佩玲,https://www.e3861.com/keshizhuanjia/zhuanjiajieshao/33065.html,更新留痕,占位图,详情正文为空或未识别,详情正文为空或未识别；官网本人职业照补录失败：占位图,2026-08-19T17:42:48.292380Z,https://wx.e3861.com/sfyAdmin/Images/Default/doct.png,,1,详情照片位命中显式 default/placeholder 门禁；页面共享 /uploads/ 图为预约二维码，按 known-SHA 排除,200,"[{""content_type"":""text/html; charset=utf-8"",""final_url"":""https://www.e3861.com/keshizhuanjia/zhuanjiajieshao/33065.html"",""method"":""GET"",""response_bytes"":31248,""started_utc"":""2026-08-19T17:42:48.095351Z"",""status"":200,""url"":""https://www.e3861.com/keshizhuanjia/zhuanjiajieshao/33065.html""}]",,,,,,,,
广东省妇幼保健院,35106,林颖仪,https://www.e3861.com/keshizhuanjia/zhuanjiajieshao/35106.html,更新留痕,占位图,详情正文为空或未识别,详情正文为空或未识别；官网本人职业照补录失败：占位图,2026-08-19T17:42:49.304804Z,https://wx.e3861.com/sfyAdmin/Images/Default/doct.png,,1,详情照片位命中显式 default/placeholder 门禁；页面共享 /uploads/ 图为预约二维码，按 known-SHA 排除,200,"[{""content_type"":""text/html; charset=utf-8"",""final_url"":""https://www.e3861.com/keshizhuanjia/zhuanjiajieshao/35106.html"",""method"":""GET"",""response_bytes"":31150,""started_utc"":""2026-08-19T17:42:49.088016Z"",""status"":200,""url"":""https://www.e3861.com/keshizhuanjia/zhuanjiajieshao/35106.html""}]",,,,,,,,
广东省妇幼保健院,35087,邹静静,https://www.e3861.com/keshizhuanjia/zhuanjiajieshao/35087.html,更新留痕,占位图,详情正文为空或未识别,详情正文为空或未识别；官网本人职业照补录失败：占位图,2026-08-19T17:42:50.367177Z,https://wx.e3861.com/sfyAdmin/Images/Default/doct.png,,1,详情照片位命中显式 default/placeholder 门禁；页面共享 /uploads/ 图为预约二维码，按 known-SHA 排除,200,"[{""content_type"":""text/html; charset=utf-8"",""final_url"":""https://www.e3861.com/keshizhuanjia/zhuanjiajieshao/35087.html"",""method"":""GET"",""response_bytes"":31153,""started_utc"":""2026-08-19T17:42:50.100445Z"",""status"":200,""url"":""https://www.e3861.com/keshizhuanjia/zhuanjiajieshao/35087.html""}]",,,,,,,,
广东省妇幼保健院,32912,孙艳秋,https://www.e3861.com/keshizhuanjia/zhuanjiajieshao/32912.html,更新留痕,占位图,,官网本人职业照补录失败：占位图,2026-08-19T17:42:51.294372Z,https://wx.e3861.com/sfyAdmin/Images/Default/doct.png,,1,详情照片位命中显式 default/placeholder 门禁；页面共享 /uploads/ 图为预约二维码，按 known-SHA 排除,200,"[{""content_type"":""text/html; charset=utf-8"",""final_url"":""https://www.e3861.com/keshizhuanjia/zhuanjiajieshao/32912.html"",""method"":""GET"",""response_bytes"":31812,""started_utc"":""2026-08-19T17:42:51.099720Z"",""status"":200,""url"":""https://www.e3861.com/keshizhuanjia/zhuanjiajieshao/32912.html""}]",,,,,,,,
广东省妇幼保健院,32902,唐珮瑜,https://www.e3861.com/keshizhuanjia/zhuanjiajieshao/32902.html,更新留痕,占位图,,官网本人职业照补录失败：占位图,2026-08-19T17:42:52.295440Z,https://wx.e3861.com/sfyAdmin/Images/Default/doct.png,,1,详情照片位命中显式 default/placeholder 门禁；页面共享 /uploads/ 图为预约二维码，按 known-SHA 排除,200,"[{""content_type"":""text/html; charset=utf-8"",""final_url"":""https://www.e3861.com/keshizhuanjia/zhuanjiajieshao/32902.html"",""method"":""GET"",""response_bytes"":31205,""started_utc"":""2026-08-19T17:42:52.092241Z"",""status"":200,""url"":""https://www.e3861.com/keshizhuanjia/zhuanjiajieshao/32902.html""}]",,,,,,,,
广东省妇幼保健院,32945,张敏,https://www.e3861.com/keshizhuanjia/zhuanjiajieshao/32945.html,更新留痕,占位图,详情正文为空或未识别,详情正文为空或未识别；官网本人职业照补录失败：占位图,2026-08-19T17:42:53.308762Z,https://wx.e3861.com/sfyAdmin/Images/Default/doct.png,,1,详情照片位命中显式 default/placeholder 门禁；页面共享 /uploads/ 图为预约二维码，按 known-SHA 排除,200,"[{""content_type"":""text/html; charset=utf-8"",""final_url"":""https://www.e3861.com/keshizhuanjia/zhuanjiajieshao/32945.html"",""method"":""GET"",""response_bytes"":31152,""started_utc"":""2026-08-19T17:42:53.093916Z"",""status"":200,""url"":""https://www.e3861.com/keshizhuanjia/zhuanjiajieshao/32945.html""}]",,,,,,,,
广东省妇幼保健院,33131,温俊坚,https://www.e3861.com/keshizhuanjia/zhuanjiajieshao/33131.html,更新留痕,占位图,,官网本人职业照补录失败：占位图,2026-08-19T17:42:54.310570Z,https://wx.e3861.com/sfyAdmin/Images/Default/doct.png,,1,详情照片位命中显式 default/placeholder 门禁；页面共享 /uploads/ 图为预约二维码，按 known-SHA 排除,200,"[{""content_type"":""text/html; charset=utf-8"",""final_url"":""https://www.e3861.com/keshizhuanjia/zhuanjiajieshao/33131.html"",""method"":""GET"",""response_bytes"":31223,""started_utc"":""2026-08-19T17:42:54.090412Z"",""status"":200,""url"":""https://www.e3861.com/keshizhuanjia/zhuanjiajieshao/33131.html""}]",,,,,,,,
广东省妇幼保健院,32939,王伟嘉,https://www.e3861.com/keshizhuanjia/zhuanjiajieshao/32939.html,更新留痕,占位图,,官网本人职业照补录失败：占位图,2026-08-19T17:42:55.296981Z,https://wx.e3861.com/sfyAdmin/Images/Default/doct.png,,1,详情照片位命中显式 default/placeholder 门禁；页面共享 /uploads/ 图为预约二维码，按 known-SHA 排除,200,"[{""content_type"":""text/html; charset=utf-8"",""final_url"":""https://www.e3861.com/keshizhuanjia/zhuanjiajieshao/32939.html"",""method"":""GET"",""response_bytes"":31472,""started_utc"":""2026-08-19T17:42:55.089775Z"",""status"":200,""url"":""https://www.e3861.com/keshizhuanjia/zhuanjiajieshao/32939.html""}]",,,,,,,,
广东省妇幼保健院,34871,刘磊,https://www.e3861.com/keshizhuanjia/zhuanjiajieshao/34871.html,更新留痕,占位图,详情正文为空或未识别,详情正文为空或未识别；官网本人职业照补录失败：占位图,2026-08-19T17:42:56.325690Z,https://wx.e3861.com/sfyAdmin/Images/Default/doct.png,,1,详情照片位命中显式 default/placeholder 门禁；页面共享 /uploads/ 图为预约二维码，按 known-SHA 排除,200,"[{""content_type"":""text/html; charset=utf-8"",""final_url"":""https://www.e3861.com/keshizhuanjia/zhuanjiajieshao/34871.html"",""method"":""GET"",""response_bytes"":31120,""started_utc"":""2026-08-19T17:42:56.093502Z"",""status"":200,""url"":""https://www.e3861.com/keshizhuanjia/zhuanjiajieshao/34871.html""}]",,,,,,,,
广东省妇幼保健院,33183,柯宇媚,https://www.e3861.com/keshizhuanjia/zhuanjiajieshao/33183.html,更新留痕,占位图,详情正文为空或未识别,详情正文为空或未识别；官网本人职业照补录失败：占位图,2026-08-19T17:42:57.304627Z,https://wx.e3861.com/sfyAdmin/Images/Default/doct.png,,1,详情照片位命中显式 default/placeholder 门禁；页面共享 /uploads/ 图为预约二维码，按 known-SHA 排除,200,"[{""content_type"":""text/html; charset=utf-8"",""final_url"":""https://www.e3861.com/keshizhuanjia/zhuanjiajieshao/33183.html"",""method"":""GET"",""response_bytes"":31152,""started_utc"":""2026-08-19T17:42:57.089880Z"",""status"":200,""url"":""https://www.e3861.com/keshizhuanjia/zhuanjiajieshao/33183.html""}]",,,,,,,,
广东省妇幼保健院,32961,陈明维,https://www.e3861.com/keshizhuanjia/zhuanjiajieshao/32961.html,更新留痕,占位图,详情正文为空或未识别,详情正文为空或未识别；官网本人职业照补录失败：占位图,2026-08-19T17:42:58.302508Z,https://wx.e3861.com/sfyAdmin/Images/Default/doct.png,,1,详情照片位命中显式 default/placeholder 门禁；页面共享 /uploads/ 图为预约二维码，按 known-SHA 排除,200,"[{""content_type"":""text/html; charset=utf-8"",""final_url"":""https://www.e3861.com/keshizhuanjia/zhuanjiajieshao/32961.html"",""method"":""GET"",""response_bytes"":31138,""started_utc"":""2026-08-19T17:42:58.099938Z"",""status"":200,""url"":""https://www.e3861.com/keshizhuanjia/zhuanjiajieshao/32961.html""}]",,,,,,,,
广东省妇幼保健院,32959,邓应君,https://www.e3861.com/keshizhuanjia/zhuanjiajieshao/32959.html,更新留痕,占位图,详情正文为空或未识别,详情正文为空或未识别；官网本人职业照补录失败：占位图,2026-08-19T17:42:59.308840Z,https://wx.e3861.com/sfyAdmin/Images/Default/doct.png,,1,详情照片位命中显式 default/placeholder 门禁；页面共享 /uploads/ 图为预约二维码，按 known-SHA 排除,200,"[{""content_type"":""text/html; charset=utf-8"",""final_url"":""https://www.e3861.com/keshizhuanjia/zhuanjiajieshao/32959.html"",""method"":""GET"",""response_bytes"":31138,""started_utc"":""2026-08-19T17:42:59.098421Z"",""status"":200,""url"":""https://www.e3861.com/keshizhuanjia/zhuanjiajieshao/32959.html""}]",,,,,,,,
广东省妇幼保健院,32913,田晨,https://www.e3861.com/keshizhuanjia/zhuanjiajieshao/32913.html,更新留痕,占位图,,官网本人职业照补录失败：占位图,2026-08-19T17:43:00.324878Z,https://wx.e3861.com/sfyAdmin/Images/Default/doct.png,,1,详情照片位命中显式 default/placeholder 门禁；页面共享 /uploads/ 图为预约二维码，按 known-SHA 排除,200,"[{""content_type"":""text/html; charset=utf-8"",""final_url"":""https://www.e3861.com/keshizhuanjia/zhuanjiajieshao/32913.html"",""method"":""GET"",""response_bytes"":31911,""started_utc"":""2026-08-19T17:43:00.087267Z"",""status"":200,""url"":""https://www.e3861.com/keshizhuanjia/zhuanjiajieshao/32913.html""}]",,,,,,,,
广东省妇幼保健院,32737,段顺艳,https://www.e3861.com/keshizhuanjia/zhuanjiajieshao/32737.html,更新留痕,占位图,详情正文为空或未识别,详情正文为空或未识别；官网本人职业照补录失败：占位图,2026-08-19T17:43:01.312898Z,https://wx.e3861.com/sfyAdmin/Images/Default/doct.png,,1,详情照片位命中显式 default/placeholder 门禁；页面共享 /uploads/ 图为预约二维码，按 known-SHA 排除,200,"[{""content_type"":""text/html; charset=utf-8"",""final_url"":""https://www.e3861.com/keshizhuanjia/zhuanjiajieshao/32737.html"",""method"":""GET"",""response_bytes"":31150,""started_utc"":""2026-08-19T17:43:01.089394Z"",""status"":200,""url"":""https://www.e3861.com/keshizhuanjia/zhuanjiajieshao/32737.html""}]",,,,,,,,
广东省妇幼保健院,33120,王楚杰,https://www.e3861.com/keshizhuanjia/zhuanjiajieshao/33120.html,更新留痕,占位图,详情正文为空或未识别,详情正文为空或未识别；官网本人职业照补录失败：占位图,2026-08-19T17:43:02.289223Z,https://wx.e3861.com/sfyAdmin/Images/Default/doct.png,,1,详情照片位命中显式 default/placeholder 门禁；页面共享 /uploads/ 图为预约二维码，按 known-SHA 排除,200,"[{""content_type"":""text/html; charset=utf-8"",""final_url"":""https://www.e3861.com/keshizhuanjia/zhuanjiajieshao/33120.html"",""method"":""GET"",""response_bytes"":31180,""started_utc"":""2026-08-19T17:43:02.091442Z"",""status"":200,""url"":""https://www.e3861.com/keshizhuanjia/zhuanjiajieshao/33120.html""}]",,,,,,,,
广东省妇幼保健院,32974,李雨菲,https://www.e3861.com/keshizhuanjia/zhuanjiajieshao/32974.html,更新留痕,占位图,详情正文为空或未识别,详情正文为空或未识别；官网本人职业照补录失败：占位图,2026-08-19T17:43:03.292948Z,https://wx.e3861.com/sfyAdmin/Images/Default/doct.png,,1,详情照片位命中显式 default/placeholder 门禁；页面共享 /uploads/ 图为预约二维码，按 known-SHA 排除,200,"[{""content_type"":""text/html; charset=utf-8"",""final_url"":""https://www.e3861.com/keshizhuanjia/zhuanjiajieshao/32974.html"",""method"":""GET"",""response_bytes"":31141,""started_utc"":""2026-08-19T17:43:03.100088Z"",""status"":200,""url"":""https://www.e3861.com/keshizhuanjia/zhuanjiajieshao/32974.html""}]",,,,,,,,
广东省妇幼保健院,32903,刘梅玉,https://www.e3861.com/keshizhuanjia/zhuanjiajieshao/32903.html,更新留痕,占位图,详情正文为空或未识别,详情正文为空或未识别；官网本人职业照补录失败：占位图,2026-08-19T17:43:04.308817Z,https://wx.e3861.com/sfyAdmin/Images/Default/doct.png,,1,详情照片位命中显式 default/placeholder 门禁；页面共享 /uploads/ 图为预约二维码，按 known-SHA 排除,200,"[{""content_type"":""text/html; charset=utf-8"",""final_url"":""https://www.e3861.com/keshizhuanjia/zhuanjiajieshao/32903.html"",""method"":""GET"",""response_bytes"":31141,""started_utc"":""2026-08-19T17:43:04.089015Z"",""status"":200,""url"":""https://www.e3861.com/keshizhuanjia/zhuanjiajieshao/32903.html""}]",,,,,,,,
广东省妇幼保健院,32953,何佳珊,https://www.e3861.com/keshizhuanjia/zhuanjiajieshao/32953.html,更新留痕,占位图,详情正文为空或未识别,详情正文为空或未识别；官网本人职业照补录失败：占位图,2026-08-19T17:43:05.313390Z,https://wx.e3861.com/sfyAdmin/Images/Default/doct.png,,1,详情照片位命中显式 default/placeholder 门禁；页面共享 /uploads/ 图为预约二维码，按 known-SHA 排除,200,"[{""content_type"":""text/html; charset=utf-8"",""final_url"":""https://www.e3861.com/keshizhuanjia/zhuanjiajieshao/32953.html"",""method"":""GET"",""response_bytes"":31141,""started_utc"":""2026-08-19T17:43:05.089735Z"",""status"":200,""url"":""https://www.e3861.com/keshizhuanjia/zhuanjiajieshao/32953.html""}]",,,,,,,,
广东省妇幼保健院,32925,张彦,https://www.e3861.com/keshizhuanjia/zhuanjiajieshao/32925.html,更新留痕,占位图,详情正文为空或未识别,详情正文为空或未识别；官网本人职业照补录失败：占位图,2026-08-19T17:43:06.292330Z,https://wx.e3861.com/sfyAdmin/Images/Default/doct.png,,1,详情照片位命中显式 default/placeholder 门禁；页面共享 /uploads/ 图为预约二维码，按 known-SHA 排除,200,"[{""content_type"":""text/html; charset=utf-8"",""final_url"":""https://www.e3861.com/keshizhuanjia/zhuanjiajieshao/32925.html"",""method"":""GET"",""response_bytes"":31244,""started_utc"":""2026-08-19T17:43:06.092656Z"",""status"":200,""url"":""https://www.e3861.com/keshizhuanjia/zhuanjiajieshao/32925.html""}]",,,,,,,,
广东省妇幼保健院,32934,王鑫瑶,https://www.e3861.com/keshizhuanjia/zhuanjiajieshao/32934.html,更新留痕,占位图,详情正文为空或未识别,详情正文为空或未识别；官网本人职业照补录失败：占位图,2026-08-19T17:43:07.363516Z,https://wx.e3861.com/sfyAdmin/Images/Default/doct.png,,1,详情照片位命中显式 default/placeholder 门禁；页面共享 /uploads/ 图为预约二维码，按 known-SHA 排除,200,"[{""content_type"":""text/html; charset=utf-8"",""final_url"":""https://www.e3861.com/keshizhuanjia/zhuanjiajieshao/32934.html"",""method"":""GET"",""response_bytes"":31141,""started_utc"":""2026-08-19T17:43:07.094374Z"",""status"":200,""url"":""https://www.e3861.com/keshizhuanjia/zhuanjiajieshao/32934.html""}]",,,,,,,,
广东省妇幼保健院,32563,冯长征,https://www.e3861.com/keshizhuanjia/zhuanjiajieshao/32563.html,更新留痕,占位图,详情正文为空或未识别,详情正文为空或未识别；官网本人职业照补录失败：占位图,2026-08-19T17:43:08.379204Z,https://wx.e3861.com/sfyAdmin/Images/Default/doct.png,,1,详情照片位命中显式 default/placeholder 门禁；页面共享 /uploads/ 图为预约二维码，按 known-SHA 排除,200,"[{""content_type"":""text/html; charset=utf-8"",""final_url"":""https://www.e3861.com/keshizhuanjia/zhuanjiajieshao/32563.html"",""method"":""GET"",""response_bytes"":31167,""started_utc"":""2026-08-19T17:43:08.098269Z"",""status"":200,""url"":""https://www.e3861.com/keshizhuanjia/zhuanjiajieshao/32563.html""}]",,,,,,,,
广东省妇幼保健院,33253,高月华,https://www.e3861.com/keshizhuanjia/zhuanjiajieshao/33253.html,更新留痕,占位图,详情正文为空或未识别,详情正文为空或未识别；官网本人职业照补录失败：占位图,2026-08-19T17:43:09.326419Z,https://wx.e3861.com/sfyAdmin/Images/Default/doct.png,,1,详情照片位命中显式 default/placeholder 门禁；页面共享 /uploads/ 图为预约二维码，按 known-SHA 排除,200,"[{""content_type"":""text/html; charset=utf-8"",""final_url"":""https://www.e3861.com/keshizhuanjia/zhuanjiajieshao/33253.html"",""method"":""GET"",""response_bytes"":31688,""started_utc"":""2026-08-19T17:43:09.099110Z"",""status"":200,""url"":""https://www.e3861.com/keshizhuanjia/zhuanjiajieshao/33253.html""}]",,,,,,,,
广东省妇幼保健院,33042,肖焕舜,https://www.e3861.com/keshizhuanjia/zhuanjiajieshao/33042.html,更新留痕,占位图,详情正文为空或未识别,详情正文为空或未识别；官网本人职业照补录失败：占位图,2026-08-19T17:43:10.352450Z,https://wx.e3861.com/sfyAdmin/Images/Default/doct.png,,1,详情照片位命中显式 default/placeholder 门禁；页面共享 /uploads/ 图为预约二维码，按 known-SHA 排除,200,"[{""content_type"":""text/html; charset=utf-8"",""final_url"":""https://www.e3861.com/keshizhuanjia/zhuanjiajieshao/33042.html"",""method"":""GET"",""response_bytes"":31241,""started_utc"":""2026-08-19T17:43:10.092517Z"",""status"":200,""url"":""https://www.e3861.com/keshizhuanjia/zhuanjiajieshao/33042.html""}]",,,,,,,,
广东省妇幼保健院,32962,蔡诗琴,https://www.e3861.com/keshizhuanjia/zhuanjiajieshao/32962.html,更新留痕,占位图,详情正文为空或未识别,详情正文为空或未识别；官网本人职业照补录失败：占位图,2026-08-19T17:43:11.313233Z,https://wx.e3861.com/sfyAdmin/Images/Default/doct.png,,1,详情照片位命中显式 default/placeholder 门禁；页面共享 /uploads/ 图为预约二维码，按 known-SHA 排除,200,"[{""content_type"":""text/html; charset=utf-8"",""final_url"":""https://www.e3861.com/keshizhuanjia/zhuanjiajieshao/32962.html"",""method"":""GET"",""response_bytes"":31138,""started_utc"":""2026-08-19T17:43:11.098927Z"",""status"":200,""url"":""https://www.e3861.com/keshizhuanjia/zhuanjiajieshao/32962.html""}]",,,,,,,,
广东省妇幼保健院,35847,刘庚英,https://www.e3861.com/keshizhuanjia/zhuanjiajieshao/35847.html,更新留痕,占位图,详情正文为空或未识别,详情正文为空或未识别；官网本人职业照补录失败：占位图,2026-08-19T17:43:12.330660Z,https://wx.e3861.com/sfyAdmin/Images/Default/doct.png,,1,详情照片位命中显式 default/placeholder 门禁；页面共享 /uploads/ 图为预约二维码，按 known-SHA 排除,200,"[{""content_type"":""text/html; charset=utf-8"",""final_url"":""https://www.e3861.com/keshizhuanjia/zhuanjiajieshao/35847.html"",""method"":""GET"",""response_bytes"":31620,""started_utc"":""2026-08-19T17:43:12.092997Z"",""status"":200,""url"":""https://www.e3861.com/keshizhuanjia/zhuanjiajieshao/35847.html""}]",,,,,,,,
广东省妇幼保健院,33188,梁国宽,https://www.e3861.com/keshizhuanjia/zhuanjiajieshao/33188.html,更新留痕,占位图,,官网本人职业照补录失败：占位图,2026-08-19T17:43:13.312921Z,https://wx.e3861.com/sfyAdmin/Images/Default/doct.png,,1,详情照片位命中显式 default/placeholder 门禁；页面共享 /uploads/ 图为预约二维码，按 known-SHA 排除,200,"[{""content_type"":""text/html; charset=utf-8"",""final_url"":""https://www.e3861.com/keshizhuanjia/zhuanjiajieshao/33188.html"",""method"":""GET"",""response_bytes"":31192,""started_utc"":""2026-08-19T17:43:13.096076Z"",""status"":200,""url"":""https://www.e3861.com/keshizhuanjia/zhuanjiajieshao/33188.html""}]",,,,,,,,
广东省妇幼保健院,33185,梁诗琪,https://www.e3861.com/keshizhuanjia/zhuanjiajieshao/33185.html,更新留痕,占位图,详情正文为空或未识别,详情正文为空或未识别；官网本人职业照补录失败：占位图,2026-08-19T17:43:14.298555Z,https://wx.e3861.com/sfyAdmin/Images/Default/doct.png,,1,详情照片位命中显式 default/placeholder 门禁；页面共享 /uploads/ 图为预约二维码，按 known-SHA 排除,200,"[{""content_type"":""text/html; charset=utf-8"",""final_url"":""https://www.e3861.com/keshizhuanjia/zhuanjiajieshao/33185.html"",""method"":""GET"",""response_bytes"":31138,""started_utc"":""2026-08-19T17:43:14.090520Z"",""status"":200,""url"":""https://www.e3861.com/keshizhuanjia/zhuanjiajieshao/33185.html""}]",,,,,,,,
广东省妇幼保健院,32975,温锦尚,https://www.e3861.com/keshizhuanjia/zhuanjiajieshao/32975.html,更新留痕,占位图,详情正文为空或未识别,详情正文为空或未识别；官网本人职业照补录失败：占位图,2026-08-19T17:43:15.304873Z,https://wx.e3861.com/sfyAdmin/Images/Default/doct.png,,1,详情照片位命中显式 default/placeholder 门禁；页面共享 /uploads/ 图为预约二维码，按 known-SHA 排除,200,"[{""content_type"":""text/html; charset=utf-8"",""final_url"":""https://www.e3861.com/keshizhuanjia/zhuanjiajieshao/32975.html"",""method"":""GET"",""response_bytes"":31522,""started_utc"":""2026-08-19T17:43:15.092939Z"",""status"":200,""url"":""https://www.e3861.com/keshizhuanjia/zhuanjiajieshao/32975.html""}]",,,,,,,,
广东省妇幼保健院,33057,黄健雄,https://www.e3861.com/keshizhuanjia/zhuanjiajieshao/33057.html,更新留痕,占位图,详情正文为空或未识别,详情正文为空或未识别；官网本人职业照补录失败：占位图,2026-08-19T17:43:16.285236Z,https://wx.e3861.com/sfyAdmin/Images/Default/doct.png,,1,详情照片位命中显式 default/placeholder 门禁；页面共享 /uploads/ 图为预约二维码，按 known-SHA 排除,200,"[{""content_type"":""text/html; charset=utf-8"",""final_url"":""https://www.e3861.com/keshizhuanjia/zhuanjiajieshao/33057.html"",""method"":""GET"",""response_bytes"":31141,""started_utc"":""2026-08-19T17:43:16.092496Z"",""status"":200,""url"":""https://www.e3861.com/keshizhuanjia/zhuanjiajieshao/33057.html""}]",,,,,,,,
广东省妇幼保健院,33097,余东玲,https://www.e3861.com/keshizhuanjia/zhuanjiajieshao/33097.html,更新留痕,占位图,详情正文为空或未识别,详情正文为空或未识别；官网本人职业照补录失败：占位图,2026-08-19T17:43:17.309311Z,https://wx.e3861.com/sfyAdmin/Images/Default/doct.png,,1,详情照片位命中显式 default/placeholder 门禁；页面共享 /uploads/ 图为预约二维码，按 known-SHA 排除,200,"[{""content_type"":""text/html; charset=utf-8"",""final_url"":""https://www.e3861.com/keshizhuanjia/zhuanjiajieshao/33097.html"",""method"":""GET"",""response_bytes"":31150,""started_utc"":""2026-08-19T17:43:17.094824Z"",""status"":200,""url"":""https://www.e3861.com/keshizhuanjia/zhuanjiajieshao/33097.html""}]",,,,,,,,
广东省妇幼保健院,35083,梁润强,https://www.e3861.com/keshizhuanjia/zhuanjiajieshao/35083.html,更新留痕,占位图,详情正文为空或未识别,详情正文为空或未识别；官网本人职业照补录失败：占位图,2026-08-19T17:43:18.277443Z,https://wx.e3861.com/sfyAdmin/Images/Default/doct.png,,1,详情照片位命中显式 default/placeholder 门禁；页面共享 /uploads/ 图为预约二维码，按 known-SHA 排除,200,"[{""content_type"":""text/html; charset=utf-8"",""final_url"":""https://www.e3861.com/keshizhuanjia/zhuanjiajieshao/35083.html"",""method"":""GET"",""response_bytes"":31153,""started_utc"":""2026-08-19T17:43:18.089303Z"",""status"":200,""url"":""https://www.e3861.com/keshizhuanjia/zhuanjiajieshao/35083.html""}]",,,,,,,,
广东省妇幼保健院,33182,邓惠诗,https://www.e3861.com/keshizhuanjia/zhuanjiajieshao/33182.html,更新留痕,占位图,详情正文为空或未识别,详情正文为空或未识别；官网本人职业照补录失败：占位图,2026-08-19T17:43:19.281868Z,https://wx.e3861.com/sfyAdmin/Images/Default/doct.png,,1,详情照片位命中显式 default/placeholder 门禁；页面共享 /uploads/ 图为预约二维码，按 known-SHA 排除,200,"[{""content_type"":""text/html; charset=utf-8"",""final_url"":""https://www.e3861.com/keshizhuanjia/zhuanjiajieshao/33182.html"",""method"":""GET"",""response_bytes"":31152,""started_utc"":""2026-08-19T17:43:19.088232Z"",""status"":200,""url"":""https://www.e3861.com/keshizhuanjia/zhuanjiajieshao/33182.html""}]",,,,,,,,
广东省妇幼保健院,32736,杨淑梅,https://www.e3861.com/keshizhuanjia/zhuanjiajieshao/32736.html,更新留痕,占位图,详情正文为空或未识别,详情正文为空或未识别；官网本人职业照补录失败：占位图,2026-08-19T17:43:20.305247Z,https://wx.e3861.com/sfyAdmin/Images/Default/doct.png,,1,详情照片位命中显式 default/placeholder 门禁；页面共享 /uploads/ 图为预约二维码，按 known-SHA 排除,200,"[{""content_type"":""text/html; charset=utf-8"",""final_url"":""https://www.e3861.com/keshizhuanjia/zhuanjiajieshao/32736.html"",""method"":""GET"",""response_bytes"":31150,""started_utc"":""2026-08-19T17:43:20.093797Z"",""status"":200,""url"":""https://www.e3861.com/keshizhuanjia/zhuanjiajieshao/32736.html""}]",,,,,,,,
广东省妇幼保健院,33155,李芷茵,https://www.e3861.com/keshizhuanjia/zhuanjiajieshao/33155.html,更新留痕,占位图,详情正文为空或未识别,详情正文为空或未识别；官网本人职业照补录失败：占位图,2026-08-19T17:43:21.297319Z,https://wx.e3861.com/sfyAdmin/Images/Default/doct.png,,1,详情照片位命中显式 default/placeholder 门禁；页面共享 /uploads/ 图为预约二维码，按 known-SHA 排除,200,"[{""content_type"":""text/html; charset=utf-8"",""final_url"":""https://www.e3861.com/keshizhuanjia/zhuanjiajieshao/33155.html"",""method"":""GET"",""response_bytes"":31141,""started_utc"":""2026-08-19T17:43:21.085984Z"",""status"":200,""url"":""https://www.e3861.com/keshizhuanjia/zhuanjiajieshao/33155.html""}]",,,,,,,,
广东省妇幼保健院,33237,钟庆涛,https://www.e3861.com/keshizhuanjia/zhuanjiajieshao/33237.html,更新留痕,占位图,详情正文为空或未识别,详情正文为空或未识别；官网本人职业照补录失败：占位图,2026-08-19T17:43:22.286891Z,https://wx.e3861.com/sfyAdmin/Images/Default/doct.png,,1,详情照片位命中显式 default/placeholder 门禁；页面共享 /uploads/ 图为预约二维码，按 known-SHA 排除,200,"[{""content_type"":""text/html; charset=utf-8"",""final_url"":""https://www.e3861.com/keshizhuanjia/zhuanjiajieshao/33237.html"",""method"":""GET"",""response_bytes"":32110,""started_utc"":""2026-08-19T17:43:22.089958Z"",""status"":200,""url"":""https://www.e3861.com/keshizhuanjia/zhuanjiajieshao/33237.html""}]",,,,,,,,
广东省妇幼保健院,33190,姚逸峰,https://www.e3861.com/keshizhuanjia/zhuanjiajieshao/33190.html,更新留痕,占位图,详情正文为空或未识别,详情正文为空或未识别；官网本人职业照补录失败：占位图,2026-08-19T17:43:23.359961Z,https://wx.e3861.com/sfyAdmin/Images/Default/doct.png,,1,详情照片位命中显式 default/placeholder 门禁；页面共享 /uploads/ 图为预约二维码，按 known-SHA 排除,200,"[{""content_type"":""text/html; charset=utf-8"",""final_url"":""https://www.e3861.com/keshizhuanjia/zhuanjiajieshao/33190.html"",""method"":""GET"",""response_bytes"":31141,""started_utc"":""2026-08-19T17:43:23.087167Z"",""status"":200,""url"":""https://www.e3861.com/keshizhuanjia/zhuanjiajieshao/33190.html""}]",,,,,,,,
广东省妇幼保健院,33246,张永桃,https://www.e3861.com/keshizhuanjia/zhuanjiajieshao/33246.html,更新留痕,占位图,详情正文为空或未识别,详情正文为空或未识别；官网本人职业照补录失败：占位图,2026-08-19T17:43:24.312396Z,https://wx.e3861.com/sfyAdmin/Images/Default/doct.png,,1,详情照片位命中显式 default/placeholder 门禁；页面共享 /uploads/ 图为预约二维码，按 known-SHA 排除,200,"[{""content_type"":""text/html; charset=utf-8"",""final_url"":""https://www.e3861.com/keshizhuanjia/zhuanjiajieshao/33246.html"",""method"":""GET"",""response_bytes"":31192,""started_utc"":""2026-08-19T17:43:24.095047Z"",""status"":200,""url"":""https://www.e3861.com/keshizhuanjia/zhuanjiajieshao/33246.html""}]",,,,,,,,
广东省妇幼保健院,33272,杨云舒,https://www.e3861.com/keshizhuanjia/zhuanjiajieshao/33272.html,更新留痕,占位图,详情正文为空或未识别,详情正文为空或未识别；官网本人职业照补录失败：占位图,2026-08-19T17:43:25.294087Z,https://wx.e3861.com/sfyAdmin/Images/Default/doct.png,,1,详情照片位命中显式 default/placeholder 门禁；页面共享 /uploads/ 图为预约二维码，按 known-SHA 排除,200,"[{""content_type"":""text/html; charset=utf-8"",""final_url"":""https://www.e3861.com/keshizhuanjia/zhuanjiajieshao/33272.html"",""method"":""GET"",""response_bytes"":31504,""started_utc"":""2026-08-19T17:43:25.091855Z"",""status"":200,""url"":""https://www.e3861.com/keshizhuanjia/zhuanjiajieshao/33272.html""}]",,,,,,,,
广东省妇幼保健院,33245,吴青华,https://www.e3861.com/keshizhuanjia/zhuanjiajieshao/33245.html,更新留痕,占位图,详情正文为空或未识别,详情正文为空或未识别；官网本人职业照补录失败：占位图,2026-08-19T17:43:26.304639Z,https://wx.e3861.com/sfyAdmin/Images/Default/doct.png,,1,详情照片位命中显式 default/placeholder 门禁；页面共享 /uploads/ 图为预约二维码，按 known-SHA 排除,200,"[{""content_type"":""text/html; charset=utf-8"",""final_url"":""https://www.e3861.com/keshizhuanjia/zhuanjiajieshao/33245.html"",""method"":""GET"",""response_bytes"":31138,""started_utc"":""2026-08-19T17:43:26.090757Z"",""status"":200,""url"":""https://www.e3861.com/keshizhuanjia/zhuanjiajieshao/33245.html""}]",,,,,,,,
广东省妇幼保健院,34664,李超迪,https://www.e3861.com/keshizhuanjia/zhuanjiajieshao/34664.html,更新留痕,占位图,详情正文为空或未识别,详情正文为空或未识别；官网本人职业照补录失败：占位图,2026-08-19T17:43:27.335331Z,https://wx.e3861.com/sfyAdmin/Images/Default/doct.png,,1,详情照片位命中显式 default/placeholder 门禁；页面共享 /uploads/ 图为预约二维码，按 known-SHA 排除,200,"[{""content_type"":""text/html; charset=utf-8"",""final_url"":""https://www.e3861.com/keshizhuanjia/zhuanjiajieshao/34664.html"",""method"":""GET"",""response_bytes"":31173,""started_utc"":""2026-08-19T17:43:27.100818Z"",""status"":200,""url"":""https://www.e3861.com/keshizhuanjia/zhuanjiajieshao/34664.html""}]",,,,,,,,
广东省妇幼保健院,34857,廖裕兴,https://www.e3861.com/keshizhuanjia/zhuanjiajieshao/34857.html,更新留痕,占位图,详情正文为空或未识别,详情正文为空或未识别；官网本人职业照补录失败：占位图,2026-08-19T17:43:28.310362Z,https://wx.e3861.com/sfyAdmin/Images/Default/doct.png,,1,详情照片位命中显式 default/placeholder 门禁；页面共享 /uploads/ 图为预约二维码，按 known-SHA 排除,200,"[{""content_type"":""text/html; charset=utf-8"",""final_url"":""https://www.e3861.com/keshizhuanjia/zhuanjiajieshao/34857.html"",""method"":""GET"",""response_bytes"":31249,""started_utc"":""2026-08-19T17:43:28.099410Z"",""status"":200,""url"":""https://www.e3861.com/keshizhuanjia/zhuanjiajieshao/34857.html""}]",,,,,,,,
广东省妇幼保健院,34860,廖燕玲,https://www.e3861.com/keshizhuanjia/zhuanjiajieshao/34860.html,更新留痕,占位图,详情正文为空或未识别,详情正文为空或未识别；官网本人职业照补录失败：占位图,2026-08-19T17:43:29.293735Z,https://wx.e3861.com/sfyAdmin/Images/Default/doct.png,,1,详情照片位命中显式 default/placeholder 门禁；页面共享 /uploads/ 图为预约二维码，按 known-SHA 排除,200,"[{""content_type"":""text/html; charset=utf-8"",""final_url"":""https://www.e3861.com/keshizhuanjia/zhuanjiajieshao/34860.html"",""method"":""GET"",""response_bytes"":31933,""started_utc"":""2026-08-19T17:43:29.087853Z"",""status"":200,""url"":""https://www.e3861.com/keshizhuanjia/zhuanjiajieshao/34860.html""}]",,,,,,,,
广东省妇幼保健院,34874,彭妍童,https://www.e3861.com/keshizhuanjia/zhuanjiajieshao/34874.html,更新留痕,占位图,详情正文为空或未识别,详情正文为空或未识别；官网本人职业照补录失败：占位图,2026-08-19T17:43:30.291916Z,https://wx.e3861.com/sfyAdmin/Images/Default/doct.png,,1,详情照片位命中显式 default/placeholder 门禁；页面共享 /uploads/ 图为预约二维码，按 known-SHA 排除,200,"[{""content_type"":""text/html; charset=utf-8"",""final_url"":""https://www.e3861.com/keshizhuanjia/zhuanjiajieshao/34874.html"",""method"":""GET"",""response_bytes"":31735,""started_utc"":""2026-08-19T17:43:30.095552Z"",""status"":200,""url"":""https://www.e3861.com/keshizhuanjia/zhuanjiajieshao/34874.html""}]",,,,,,,,
广东省妇幼保健院,32746,李健梅,https://www.e3861.com/keshizhuanjia/zhuanjiajieshao/32746.html,更新留痕,占位图,详情正文为空或未识别,详情正文为空或未识别；官网本人职业照补录失败：占位图,2026-08-19T17:43:31.320738Z,https://wx.e3861.com/sfyAdmin/Images/Default/doct.png,,1,详情照片位命中显式 default/placeholder 门禁；页面共享 /uploads/ 图为预约二维码，按 known-SHA 排除,200,"[{""content_type"":""text/html; charset=utf-8"",""final_url"":""https://www.e3861.com/keshizhuanjia/zhuanjiajieshao/32746.html"",""method"":""GET"",""response_bytes"":31465,""started_utc"":""2026-08-19T17:43:31.088392Z"",""status"":200,""url"":""https://www.e3861.com/keshizhuanjia/zhuanjiajieshao/32746.html""}]",,,,,,,,
广东省妇幼保健院,34856,刘丹,https://www.e3861.com/keshizhuanjia/zhuanjiajieshao/34856.html,更新留痕,占位图,详情正文为空或未识别,详情正文为空或未识别；官网本人职业照补录失败：占位图,2026-08-19T17:43:32.288551Z,https://wx.e3861.com/sfyAdmin/Images/Default/doct.png,,1,详情照片位命中显式 default/placeholder 门禁；页面共享 /uploads/ 图为预约二维码，按 known-SHA 排除,200,"[{""content_type"":""text/html; charset=utf-8"",""final_url"":""https://www.e3861.com/keshizhuanjia/zhuanjiajieshao/34856.html"",""method"":""GET"",""response_bytes"":31123,""started_utc"":""2026-08-19T17:43:32.087186Z"",""status"":200,""url"":""https://www.e3861.com/keshizhuanjia/zhuanjiajieshao/34856.html""}]",,,,,,,,
广东省妇幼保健院,34875,周钦浩,https://www.e3861.com/keshizhuanjia/zhuanjiajieshao/34875.html,更新留痕,占位图,详情正文为空或未识别,详情正文为空或未识别；官网本人职业照补录失败：占位图,2026-08-19T17:43:33.288494Z,https://wx.e3861.com/sfyAdmin/Images/Default/doct.png,,1,详情照片位命中显式 default/placeholder 门禁；页面共享 /uploads/ 图为预约二维码，按 known-SHA 排除,200,"[{""content_type"":""text/html; charset=utf-8"",""final_url"":""https://www.e3861.com/keshizhuanjia/zhuanjiajieshao/34875.html"",""method"":""GET"",""response_bytes"":31735,""started_utc"":""2026-08-19T17:43:33.102284Z"",""status"":200,""url"":""https://www.e3861.com/keshizhuanjia/zhuanjiajieshao/34875.html""}]",,,,,,,,
广东省妇幼保健院,34873,谭雨欣,https://www.e3861.com/keshizhuanjia/zhuanjiajieshao/34873.html,更新留痕,占位图,详情正文为空或未识别,详情正文为空或未识别；官网本人职业照补录失败：占位图,2026-08-19T17:43:34.316536Z,https://wx.e3861.com/sfyAdmin/Images/Default/doct.png,,1,详情照片位命中显式 default/placeholder 门禁；页面共享 /uploads/ 图为预约二维码，按 known-SHA 排除,200,"[{""content_type"":""text/html; charset=utf-8"",""final_url"":""https://www.e3861.com/keshizhuanjia/zhuanjiajieshao/34873.html"",""method"":""GET"",""response_bytes"":31141,""started_utc"":""2026-08-19T17:43:34.115530Z"",""status"":200,""url"":""https://www.e3861.com/keshizhuanjia/zhuanjiajieshao/34873.html""}]",,,,,,,,
广东省妇幼保健院,35128,黄婷,https://www.e3861.com/keshizhuanjia/zhuanjiajieshao/35128.html,更新留痕,占位图,详情正文为空或未识别,详情正文为空或未识别；官网本人职业照补录失败：占位图,2026-08-19T17:43:35.326272Z,https://wx.e3861.com/sfyAdmin/Images/Default/doct.png,,1,详情照片位命中显式 default/placeholder 门禁；页面共享 /uploads/ 图为预约二维码，按 known-SHA 排除,200,"[{""content_type"":""text/html; charset=utf-8"",""final_url"":""https://www.e3861.com/keshizhuanjia/zhuanjiajieshao/35128.html"",""method"":""GET"",""response_bytes"":31120,""started_utc"":""2026-08-19T17:43:35.111357Z"",""status"":200,""url"":""https://www.e3861.com/keshizhuanjia/zhuanjiajieshao/35128.html""}]",,,,,,,,
广东省妇幼保健院,34914,缪定标,https://www.e3861.com/keshizhuanjia/zhuanjiajieshao/34914.html,更新留痕,占位图,详情正文为空或未识别,详情正文为空或未识别；官网本人职业照补录失败：占位图,2026-08-19T17:43:36.323164Z,https://wx.e3861.com/sfyAdmin/Images/Default/doct.png,,1,详情照片位命中显式 default/placeholder 门禁；页面共享 /uploads/ 图为预约二维码，按 known-SHA 排除,200,"[{""content_type"":""text/html; charset=utf-8"",""final_url"":""https://www.e3861.com/keshizhuanjia/zhuanjiajieshao/34914.html"",""method"":""GET"",""response_bytes"":31948,""started_utc"":""2026-08-19T17:43:36.106154Z"",""status"":200,""url"":""https://www.e3861.com/keshizhuanjia/zhuanjiajieshao/34914.html""}]",,,,,,,,
广东省妇幼保健院,35078,罗辉,https://www.e3861.com/keshizhuanjia/zhuanjiajieshao/35078.html,更新留痕,占位图,详情正文为空或未识别,详情正文为空或未识别；官网本人职业照补录失败：占位图,2026-08-19T17:43:37.306264Z,https://wx.e3861.com/sfyAdmin/Images/Default/doct.png,,1,详情照片位命中显式 default/placeholder 门禁；页面共享 /uploads/ 图为预约二维码，按 known-SHA 排除,200,"[{""content_type"":""text/html; charset=utf-8"",""final_url"":""https://www.e3861.com/keshizhuanjia/zhuanjiajieshao/35078.html"",""method"":""GET"",""response_bytes"":31513,""started_utc"":""2026-08-19T17:43:37.104097Z"",""status"":200,""url"":""https://www.e3861.com/keshizhuanjia/zhuanjiajieshao/35078.html""}]",,,,,,,,
广东省妇幼保健院,35228,王万鹏,https://www.e3861.com/keshizhuanjia/zhuanjiajieshao/35228.html,更新留痕,占位图,详情正文为空或未识别,详情正文为空或未识别；官网本人职业照补录失败：占位图,2026-08-19T17:43:38.333852Z,https://wx.e3861.com/sfyAdmin/Images/Default/doct.png,,1,详情照片位命中显式 default/placeholder 门禁；页面共享 /uploads/ 图为预约二维码，按 known-SHA 排除,200,"[{""content_type"":""text/html; charset=utf-8"",""final_url"":""https://www.e3861.com/keshizhuanjia/zhuanjiajieshao/35228.html"",""method"":""GET"",""response_bytes"":31141,""started_utc"":""2026-08-19T17:43:38.118947Z"",""status"":200,""url"":""https://www.e3861.com/keshizhuanjia/zhuanjiajieshao/35228.html""}]",,,,,,,,
广东省妇幼保健院,35252,唐茂兴,https://www.e3861.com/keshizhuanjia/zhuanjiajieshao/35252.html,更新留痕,占位图,详情正文为空或未识别,详情正文为空或未识别；官网本人职业照补录失败：占位图,2026-08-19T17:43:39.343525Z,https://wx.e3861.com/sfyAdmin/Images/Default/doct.png,,1,详情照片位命中显式 default/placeholder 门禁；页面共享 /uploads/ 图为预约二维码，按 known-SHA 排除,200,"[{""content_type"":""text/html; charset=utf-8"",""final_url"":""https://www.e3861.com/keshizhuanjia/zhuanjiajieshao/35252.html"",""method"":""GET"",""response_bytes"":31159,""started_utc"":""2026-08-19T17:43:39.129535Z"",""status"":200,""url"":""https://www.e3861.com/keshizhuanjia/zhuanjiajieshao/35252.html""}]",,,,,,,,
广东省妇幼保健院,35255,黄启威,https://www.e3861.com/keshizhuanjia/zhuanjiajieshao/35255.html,更新留痕,占位图,详情正文为空或未识别,详情正文为空或未识别；官网本人职业照补录失败：占位图,2026-08-19T17:43:40.329931Z,https://wx.e3861.com/sfyAdmin/Images/Default/doct.png,,1,详情照片位命中显式 default/placeholder 门禁；页面共享 /uploads/ 图为预约二维码，按 known-SHA 排除,200,"[{""content_type"":""text/html; charset=utf-8"",""final_url"":""https://www.e3861.com/keshizhuanjia/zhuanjiajieshao/35255.html"",""method"":""GET"",""response_bytes"":31399,""started_utc"":""2026-08-19T17:43:40.122685Z"",""status"":200,""url"":""https://www.e3861.com/keshizhuanjia/zhuanjiajieshao/35255.html""}]",,,,,,,,
广东省妇幼保健院,35305,管小念,https://www.e3861.com/keshizhuanjia/zhuanjiajieshao/35305.html,更新留痕,占位图,详情正文为空或未识别,详情正文为空或未识别；官网本人职业照补录失败：占位图,2026-08-19T17:43:41.312314Z,https://wx.e3861.com/sfyAdmin/Images/Default/doct.png,,1,详情照片位命中显式 default/placeholder 门禁；页面共享 /uploads/ 图为预约二维码，按 known-SHA 排除,200,"[{""content_type"":""text/html; charset=utf-8"",""final_url"":""https://www.e3861.com/keshizhuanjia/zhuanjiajieshao/35305.html"",""method"":""GET"",""response_bytes"":31138,""started_utc"":""2026-08-19T17:43:41.126700Z"",""status"":200,""url"":""https://www.e3861.com/keshizhuanjia/zhuanjiajieshao/35305.html""}]",,,,,,,,
广东省妇幼保健院,35361,张奕纯,https://www.e3861.com/keshizhuanjia/zhuanjiajieshao/35361.html,更新留痕,占位图,详情正文为空或未识别,详情正文为空或未识别；官网本人职业照补录失败：占位图,2026-08-19T17:43:42.361529Z,https://wx.e3861.com/sfyAdmin/Images/Default/doct.png,,1,详情照片位命中显式 default/placeholder 门禁；页面共享 /uploads/ 图为预约二维码，按 known-SHA 排除,200,"[{""content_type"":""text/html; charset=utf-8"",""final_url"":""https://www.e3861.com/keshizhuanjia/zhuanjiajieshao/35361.html"",""method"":""GET"",""response_bytes"":31272,""started_utc"":""2026-08-19T17:43:42.122167Z"",""status"":200,""url"":""https://www.e3861.com/keshizhuanjia/zhuanjiajieshao/35361.html""}]",,,,,,,,
广东省妇幼保健院,35402,黄恩然,https://www.e3861.com/keshizhuanjia/zhuanjiajieshao/35402.html,更新留痕,占位图,详情正文为空或未识别,详情正文为空或未识别；官网本人职业照补录失败：占位图,2026-08-19T17:43:43.329316Z,https://wx.e3861.com/sfyAdmin/Images/Default/doct.png,,1,详情照片位命中显式 default/placeholder 门禁；页面共享 /uploads/ 图为预约二维码，按 known-SHA 排除,200,"[{""content_type"":""text/html; charset=utf-8"",""final_url"":""https://www.e3861.com/keshizhuanjia/zhuanjiajieshao/35402.html"",""method"":""GET"",""response_bytes"":31806,""started_utc"":""2026-08-19T17:43:43.124787Z"",""status"":200,""url"":""https://www.e3861.com/keshizhuanjia/zhuanjiajieshao/35402.html""}]",,,,,,,,
广东省妇幼保健院,35419,曾译墨,https://www.e3861.com/keshizhuanjia/zhuanjiajieshao/35419.html,更新留痕,占位图,详情正文为空或未识别,详情正文为空或未识别；官网本人职业照补录失败：占位图,2026-08-19T17:43:44.335987Z,https://wx.e3861.com/sfyAdmin/Images/Default/doct.png,,1,详情照片位命中显式 default/placeholder 门禁；页面共享 /uploads/ 图为预约二维码，按 known-SHA 排除,200,"[{""content_type"":""text/html; charset=utf-8"",""final_url"":""https://www.e3861.com/keshizhuanjia/zhuanjiajieshao/35419.html"",""method"":""GET"",""response_bytes"":31292,""started_utc"":""2026-08-19T17:43:44.129147Z"",""status"":200,""url"":""https://www.e3861.com/keshizhuanjia/zhuanjiajieshao/35419.html""}]",,,,,,,,
广东省妇幼保健院,35496,李美霞,https://www.e3861.com/keshizhuanjia/zhuanjiajieshao/35496.html,更新留痕,占位图,详情正文为空或未识别,详情正文为空或未识别；官网本人职业照补录失败：占位图,2026-08-19T17:43:45.336917Z,https://wx.e3861.com/sfyAdmin/Images/Default/doct.png,,1,详情照片位命中显式 default/placeholder 门禁；页面共享 /uploads/ 图为预约二维码，按 known-SHA 排除,200,"[{""content_type"":""text/html; charset=utf-8"",""final_url"":""https://www.e3861.com/keshizhuanjia/zhuanjiajieshao/35496.html"",""method"":""GET"",""response_bytes"":31138,""started_utc"":""2026-08-19T17:43:45.131286Z"",""status"":200,""url"":""https://www.e3861.com/keshizhuanjia/zhuanjiajieshao/35496.html""}]",,,,,,,,
广东省妇幼保健院,35687,赵磊,https://www.e3861.com/keshizhuanjia/zhuanjiajieshao/35687.html,更新留痕,占位图,详情正文为空或未识别,详情正文为空或未识别；官网本人职业照补录失败：占位图,2026-08-19T17:43:46.343359Z,https://wx.e3861.com/sfyAdmin/Images/Default/doct.png,,1,详情照片位命中显式 default/placeholder 门禁；页面共享 /uploads/ 图为预约二维码，按 known-SHA 排除,200,"[{""content_type"":""text/html; charset=utf-8"",""final_url"":""https://www.e3861.com/keshizhuanjia/zhuanjiajieshao/35687.html"",""method"":""GET"",""response_bytes"":31132,""started_utc"":""2026-08-19T17:43:46.129982Z"",""status"":200,""url"":""https://www.e3861.com/keshizhuanjia/zhuanjiajieshao/35687.html""}]",,,,,,,,
广东省妇幼保健院,35731,黄泳仪,https://www.e3861.com/keshizhuanjia/zhuanjiajieshao/35731.html,更新留痕,占位图,详情正文为空或未识别,详情正文为空或未识别；官网本人职业照补录失败：占位图,2026-08-19T17:43:47.315066Z,https://wx.e3861.com/sfyAdmin/Images/Default/doct.png,,1,详情照片位命中显式 default/placeholder 门禁；页面共享 /uploads/ 图为预约二维码，按 known-SHA 排除,200,"[{""content_type"":""text/html; charset=utf-8"",""final_url"":""https://www.e3861.com/keshizhuanjia/zhuanjiajieshao/35731.html"",""method"":""GET"",""response_bytes"":31141,""started_utc"":""2026-08-19T17:43:47.123691Z"",""status"":200,""url"":""https://www.e3861.com/keshizhuanjia/zhuanjiajieshao/35731.html""}]",,,,,,,,
广东省妇幼保健院,35101,陶珮,https://www.e3861.com/keshizhuanjia/zhuanjiajieshao/35101.html,更新留痕,占位图,科室需人工复核；详情正文为空或未识别,科室需人工复核；详情正文为空或未识别；官网本人职业照补录失败：占位图,2026-08-19T17:43:48.319200Z,https://wx.e3861.com/sfyAdmin/Images/Default/doct.png,,1,详情照片位命中显式 default/placeholder 门禁；页面共享 /uploads/ 图为预约二维码，按 known-SHA 排除,200,"[{""content_type"":""text/html; charset=utf-8"",""final_url"":""https://www.e3861.com/keshizhuanjia/zhuanjiajieshao/35101.html"",""method"":""GET"",""response_bytes"":31092,""started_utc"":""2026-08-19T17:43:48.124841Z"",""status"":200,""url"":""https://www.e3861.com/keshizhuanjia/zhuanjiajieshao/35101.html""}]",,,,,,,,
广东省妇幼保健院,35815,黄伟坚,https://www.e3861.com/keshizhuanjia/zhuanjiajieshao/35815.html,更新留痕,占位图,科室需人工复核,科室需人工复核；官网本人职业照补录失败：占位图,2026-08-19T17:43:49.306778Z,https://wx.e3861.com/sfyAdmin/Images/Default/doct.png,,1,详情照片位命中显式 default/placeholder 门禁；页面共享 /uploads/ 图为预约二维码，按 known-SHA 排除,200,"[{""content_type"":""text/html; charset=utf-8"",""final_url"":""https://www.e3861.com/keshizhuanjia/zhuanjiajieshao/35815.html"",""method"":""GET"",""response_bytes"":31547,""started_utc"":""2026-08-19T17:43:49.130020Z"",""status"":200,""url"":""https://www.e3861.com/keshizhuanjia/zhuanjiajieshao/35815.html""}]",,,,,,,,
广东省妇幼保健院,35816,杨世辉,https://www.e3861.com/keshizhuanjia/zhuanjiajieshao/35816.html,更新留痕,占位图,科室需人工复核,科室需人工复核；官网本人职业照补录失败：占位图,2026-08-19T17:43:50.294858Z,https://wx.e3861.com/sfyAdmin/Images/Default/doct.png,,1,详情照片位命中显式 default/placeholder 门禁；页面共享 /uploads/ 图为预约二维码，按 known-SHA 排除,200,"[{""content_type"":""text/html; charset=utf-8"",""final_url"":""https://www.e3861.com/keshizhuanjia/zhuanjiajieshao/35816.html"",""method"":""GET"",""response_bytes"":31709,""started_utc"":""2026-08-19T17:43:50.119681Z"",""status"":200,""url"":""https://www.e3861.com/keshizhuanjia/zhuanjiajieshao/35816.html""}]",,,,,,,,
广东省妇幼保健院,35817,涂艳萍,https://www.e3861.com/keshizhuanjia/zhuanjiajieshao/35817.html,更新留痕,占位图,科室需人工复核,科室需人工复核；官网本人职业照补录失败：占位图,2026-08-19T17:43:51.326502Z,https://wx.e3861.com/sfyAdmin/Images/Default/doct.png,,1,详情照片位命中显式 default/placeholder 门禁；页面共享 /uploads/ 图为预约二维码，按 known-SHA 排除,200,"[{""content_type"":""text/html; charset=utf-8"",""final_url"":""https://www.e3861.com/keshizhuanjia/zhuanjiajieshao/35817.html"",""method"":""GET"",""response_bytes"":31625,""started_utc"":""2026-08-19T17:43:51.122445Z"",""status"":200,""url"":""https://www.e3861.com/keshizhuanjia/zhuanjiajieshao/35817.html""}]",,,,,,,,
广东省妇幼保健院,35818,潘云祥,https://www.e3861.com/keshizhuanjia/zhuanjiajieshao/35818.html,更新留痕,占位图,科室需人工复核,科室需人工复核；官网本人职业照补录失败：占位图,2026-08-19T17:43:52.311541Z,https://wx.e3861.com/sfyAdmin/Images/Default/doct.png,,1,详情照片位命中显式 default/placeholder 门禁；页面共享 /uploads/ 图为预约二维码，按 known-SHA 排除,200,"[{""content_type"":""text/html; charset=utf-8"",""final_url"":""https://www.e3861.com/keshizhuanjia/zhuanjiajieshao/35818.html"",""method"":""GET"",""response_bytes"":31565,""started_utc"":""2026-08-19T17:43:52.122532Z"",""status"":200,""url"":""https://www.e3861.com/keshizhuanjia/zhuanjiajieshao/35818.html""}]",,,,,,,,
广东省妇幼保健院,35822,刘金凤,https://www.e3861.com/keshizhuanjia/zhuanjiajieshao/35822.html,更新留痕,占位图,详情正文为空或未识别,详情正文为空或未识别；官网本人职业照补录失败：占位图,2026-08-19T17:43:53.329186Z,https://wx.e3861.com/sfyAdmin/Images/Default/doct.png,,1,详情照片位命中显式 default/placeholder 门禁；页面共享 /uploads/ 图为预约二维码，按 known-SHA 排除,200,"[{""content_type"":""text/html; charset=utf-8"",""final_url"":""https://www.e3861.com/keshizhuanjia/zhuanjiajieshao/35822.html"",""method"":""GET"",""response_bytes"":31147,""started_utc"":""2026-08-19T17:43:53.122112Z"",""status"":200,""url"":""https://www.e3861.com/keshizhuanjia/zhuanjiajieshao/35822.html""}]",,,,,,,,
广东省妇幼保健院,35477,廖海玲,https://www.e3861.com/keshizhuanjia/zhuanjiajieshao/35477.html,更新留痕,占位图,详情正文为空或未识别,详情正文为空或未识别；官网本人职业照补录失败：占位图,2026-08-19T17:43:54.325346Z,https://wx.e3861.com/sfyAdmin/Images/Default/doct.png,,1,详情照片位命中显式 default/placeholder 门禁；页面共享 /uploads/ 图为预约二维码，按 known-SHA 排除,200,"[{""content_type"":""text/html; charset=utf-8"",""final_url"":""https://www.e3861.com/keshizhuanjia/zhuanjiajieshao/35477.html"",""method"":""GET"",""response_bytes"":31138,""started_utc"":""2026-08-19T17:43:54.124772Z"",""status"":200,""url"":""https://www.e3861.com/keshizhuanjia/zhuanjiajieshao/35477.html""}]",,,,,,,,
广东省妇幼保健院,35756,林曼敏,https://www.e3861.com/keshizhuanjia/zhuanjiajieshao/35756.html,更新留痕,占位图,详情正文为空或未识别,详情正文为空或未识别；官网本人职业照补录失败：占位图,2026-08-19T17:43:55.358554Z,https://wx.e3861.com/sfyAdmin/Images/Default/doct.png,,1,详情照片位命中显式 default/placeholder 门禁；页面共享 /uploads/ 图为预约二维码，按 known-SHA 排除,200,"[{""content_type"":""text/html; charset=utf-8"",""final_url"":""https://www.e3861.com/keshizhuanjia/zhuanjiajieshao/35756.html"",""method"":""GET"",""response_bytes"":31238,""started_utc"":""2026-08-19T17:43:55.123191Z"",""status"":200,""url"":""https://www.e3861.com/keshizhuanjia/zhuanjiajieshao/35756.html""}]",,,,,,,,
广东省妇幼保健院,35844,周梦园,https://www.e3861.com/keshizhuanjia/zhuanjiajieshao/35844.html,更新留痕,占位图,职称/身份需人工复核；详情正文为空或未识别,职称/身份需人工复核；详情正文为空或未识别；官网本人职业照补录失败：占位图,2026-08-19T17:43:56.354515Z,https://wx.e3861.com/sfyAdmin/Images/Default/doct.png,,1,详情照片位命中显式 default/placeholder 门禁；页面共享 /uploads/ 图为预约二维码，按 known-SHA 排除,200,"[{""content_type"":""text/html; charset=utf-8"",""final_url"":""https://www.e3861.com/keshizhuanjia/zhuanjiajieshao/35844.html"",""method"":""GET"",""response_bytes"":31170,""started_utc"":""2026-08-19T17:43:56.117642Z"",""status"":200,""url"":""https://www.e3861.com/keshizhuanjia/zhuanjiajieshao/35844.html""}]",,,,,,,,
广东省妇幼保健院,35755,孔泳婷,https://www.e3861.com/keshizhuanjia/zhuanjiajieshao/35755.html,更新留痕,占位图,详情正文为空或未识别,详情正文为空或未识别；官网本人职业照补录失败：占位图,2026-08-19T17:43:57.363554Z,https://wx.e3861.com/sfyAdmin/Images/Default/doct.png,,1,详情照片位命中显式 default/placeholder 门禁；页面共享 /uploads/ 图为预约二维码，按 known-SHA 排除,200,"[{""content_type"":""text/html; charset=utf-8"",""final_url"":""https://www.e3861.com/keshizhuanjia/zhuanjiajieshao/35755.html"",""method"":""GET"",""response_bytes"":31141,""started_utc"":""2026-08-19T17:43:57.117724Z"",""status"":200,""url"":""https://www.e3861.com/keshizhuanjia/zhuanjiajieshao/35755.html""}]",,,,,,,,
广东省妇幼保健院,32561,郜红艺,https://www.e3861.com/keshizhuanjia/zhuanjiajieshao/32561.html,更新留痕,占位图,,官网本人职业照补录失败：占位图,2026-08-19T17:43:58.346482Z,https://wx.e3861.com/sfyAdmin/Images/Default/doct.png,,1,详情照片位命中显式 default/placeholder 门禁；页面共享 /uploads/ 图为预约二维码，按 known-SHA 排除,200,"[{""content_type"":""text/html; charset=utf-8"",""final_url"":""https://www.e3861.com/keshizhuanjia/zhuanjiajieshao/32561.html"",""method"":""GET"",""response_bytes"":32724,""started_utc"":""2026-08-19T17:43:58.126203Z"",""status"":200,""url"":""https://www.e3861.com/keshizhuanjia/zhuanjiajieshao/32561.html""}]",,,,,,,,
广东省妇幼保健院,32899,王铁桥,https://www.e3861.com/keshizhuanjia/zhuanjiajieshao/32899.html,更新留痕,占位图,职称/身份需人工复核；详情正文为空或未识别,职称/身份需人工复核；详情正文为空或未识别；官网本人职业照补录失败：占位图,2026-08-19T17:43:59.337882Z,https://wx.e3861.com/sfyAdmin/Images/Default/doct.png,,1,详情照片位命中显式 default/placeholder 门禁；页面共享 /uploads/ 图为预约二维码，按 known-SHA 排除,200,"[{""content_type"":""text/html; charset=utf-8"",""final_url"":""https://www.e3861.com/keshizhuanjia/zhuanjiajieshao/32899.html"",""method"":""GET"",""response_bytes"":31210,""started_utc"":""2026-08-19T17:43:59.128320Z"",""status"":200,""url"":""https://www.e3861.com/keshizhuanjia/zhuanjiajieshao/32899.html""}]",,,,,,,,
广东省妇幼保健院,35107,邹新飞,https://www.e3861.com/keshizhuanjia/zhuanjiajieshao/35107.html,更新留痕,占位图,科室需人工复核；详情正文为空或未识别,科室需人工复核；详情正文为空或未识别；官网本人职业照补录失败：占位图,2026-08-19T17:44:00.354310Z,https://wx.e3861.com/sfyAdmin/Images/Default/doct.png,,1,详情照片位命中显式 default/placeholder 门禁；页面共享 /uploads/ 图为预约二维码，按 known-SHA 排除,200,"[{""content_type"":""text/html; charset=utf-8"",""final_url"":""https://www.e3861.com/keshizhuanjia/zhuanjiajieshao/35107.html"",""method"":""GET"",""response_bytes"":31110,""started_utc"":""2026-08-19T17:44:00.132712Z"",""status"":200,""url"":""https://www.e3861.com/keshizhuanjia/zhuanjiajieshao/35107.html""}]",,,,,,,,
广东省妇幼保健院,35108,杨文钊,https://www.e3861.com/keshizhuanjia/zhuanjiajieshao/35108.html,更新留痕,占位图,科室需人工复核；详情正文为空或未识别,科室需人工复核；详情正文为空或未识别；官网本人职业照补录失败：占位图,2026-08-19T17:44:01.366479Z,https://wx.e3861.com/sfyAdmin/Images/Default/doct.png,,1,详情照片位命中显式 default/placeholder 门禁；页面共享 /uploads/ 图为预约二维码，按 known-SHA 排除,200,"[{""content_type"":""text/html; charset=utf-8"",""final_url"":""https://www.e3861.com/keshizhuanjia/zhuanjiajieshao/35108.html"",""method"":""GET"",""response_bytes"":31110,""started_utc"":""2026-08-19T17:44:01.145623Z"",""status"":200,""url"":""https://www.e3861.com/keshizhuanjia/zhuanjiajieshao/35108.html""}]",,,,,,,,
广东省妇幼保健院,33247,钟迪,https://www.e3861.com/keshizhuanjia/zhuanjiajieshao/33247.html,更新留痕,占位图,详情正文为空或未识别,详情正文为空或未识别；官网本人职业照补录失败：占位图,2026-08-19T17:44:02.380284Z,https://wx.e3861.com/sfyAdmin/Images/Default/doct.png,,1,详情照片位命中显式 default/placeholder 门禁；页面共享 /uploads/ 图为预约二维码，按 known-SHA 排除,200,"[{""content_type"":""text/html; charset=utf-8"",""final_url"":""https://www.e3861.com/keshizhuanjia/zhuanjiajieshao/33247.html"",""method"":""GET"",""response_bytes"":31130,""started_utc"":""2026-08-19T17:44:02.147723Z"",""status"":200,""url"":""https://www.e3861.com/keshizhuanjia/zhuanjiajieshao/33247.html""}]",,,,,,,,
广东省妇幼保健院,33084,梁姗姗,https://www.e3861.com/keshizhuanjia/zhuanjiajieshao/33084.html,更新留痕,占位图,职称/身份需人工复核,职称/身份需人工复核；官网本人职业照补录失败：占位图,2026-08-19T17:44:03.323068Z,https://wx.e3861.com/sfyAdmin/Images/Default/doct.png,,1,详情照片位命中显式 default/placeholder 门禁；页面共享 /uploads/ 图为预约二维码，按 known-SHA 排除,200,"[{""content_type"":""text/html; charset=utf-8"",""final_url"":""https://www.e3861.com/keshizhuanjia/zhuanjiajieshao/33084.html"",""method"":""GET"",""response_bytes"":31545,""started_utc"":""2026-08-19T17:44:03.136652Z"",""status"":200,""url"":""https://www.e3861.com/keshizhuanjia/zhuanjiajieshao/33084.html""}]",,,,,,,,
广东省第二人民医院,41951,杨莲娣,https://gd2h.com/site/detail/41951.html,更新留痕,占位图,,官网本人职业照补录失败：占位图,2026-08-19T17:44:04.372686Z,/static//seygw//resources/upload/2024/05/28/default_ys.gif,,1,详情照片位命中显式 default/placeholder 门禁,200,"[{""content_type"":""text/html"",""final_url"":""https://gd2h.com/site/detail/41951.html"",""method"":""GET"",""response_bytes"":92944,""started_utc"":""2026-08-19T17:44:04.134718Z"",""status"":200,""url"":""https://gd2h.com/site/detail/41951.html""}]",,,,,,,,
广东省第二人民医院,adb0d1a824b14c5db57e38e0e10ab27f,陈鹏程,https://gd2h.com/site/detail/adb0d1a824b14c5db57e38e0e10ab27f.html,维持留痕,照片资源不可达,官网照片链接失效（两次 HTTP 404，管理员批准留空）,官网照片链接失效（两次 HTTP 404，管理员批准留空）,2026-08-19T17:44:05.228902Z,http://www.gd2h.com/system/profile/upload/2024/10/19/bc6b6e0a-9d42-4cc9-8a63-406963832c04.jpg,https://www.gd2h.com/system/profile/upload/2024/10/19/bc6b6e0a-9d42-4cc9-8a63-406963832c04.jpg,1,double_404,200,"[{""content_type"":""text/html"",""final_url"":""https://gd2h.com/site/detail/adb0d1a824b14c5db57e38e0e10ab27f.html"",""method"":""GET"",""response_bytes"":94206,""started_utc"":""2026-08-19T17:44:05.136902Z"",""status"":200,""url"":""https://gd2h.com/site/detail/adb0d1a824b14c5db57e38e0e10ab27f.html""},{""content_type"":""text/html"",""final_url"":""https://www.gd2h.com/system/profile/upload/2024/10/19/bc6b6e0a-9d42-4cc9-8a63-406963832c04.jpg"",""method"":""GET"",""response_bytes"":624,""started_utc"":""2026-08-19T17:44:06.137656Z"",""status"":404,""url"":""https://www.gd2h.com/system/profile/upload/2024/10/19/bc6b6e0a-9d42-4cc9-8a63-406963832c04.jpg""},{""content_type"":""text/html"",""final_url"":""https://www.gd2h.com/system/profile/upload/2024/10/19/bc6b6e0a-9d42-4cc9-8a63-406963832c04.jpg"",""method"":""GET"",""response_bytes"":624,""started_utc"":""2026-08-19T17:44:07.290416Z"",""status"":404,""url"":""https://www.gd2h.com/system/profile/upload/2024/10/19/bc6b6e0a-9d42-4cc9-8a63-406963832c04.jpg""}]",,,,,,,,
广东省第二人民医院,42020,廖耀华,https://gd2h.com/site/detail/42020.html,维持留痕,照片资源不可达,官网照片链接失效（两次 HTTP 404，管理员批准留空）,官网照片链接失效（两次 HTTP 404，管理员批准留空）,2026-08-19T17:44:08.386051Z,/static//seygw//resources/upload/2024/05/28/6353983839070312502861929.jpg,https://gd2h.com/static//seygw//resources/upload/2024/05/28/6353983839070312502861929.jpg,1,double_404,200,"[{""content_type"":""text/html"",""final_url"":""https://gd2h.com/site/detail/42020.html"",""method"":""GET"",""response_bytes"":93436,""started_utc"":""2026-08-19T17:44:08.289719Z"",""status"":200,""url"":""https://gd2h.com/site/detail/42020.html""},{""content_type"":""text/html"",""final_url"":""https://gd2h.com/static//seygw//resources/upload/2024/05/28/6353983839070312502861929.jpg"",""method"":""GET"",""response_bytes"":624,""started_utc"":""2026-08-19T17:44:09.291258Z"",""status"":404,""url"":""https://gd2h.com/static//seygw//resources/upload/2024/05/28/6353983839070312502861929.jpg""},{""content_type"":""text/html"",""final_url"":""https://gd2h.com/static//seygw//resources/upload/2024/05/28/6353983839070312502861929.jpg"",""method"":""GET"",""response_bytes"":624,""started_utc"":""2026-08-19T17:44:10.321623Z"",""status"":404,""url"":""https://gd2h.com/static//seygw//resources/upload/2024/05/28/6353983839070312502861929.jpg""}]",,,,,,,,
广东省第二人民医院,7e01fea44a63423abf6277a5eee2f2f3,宋思凡,https://gd2h.com/site/detail/7e01fea44a63423abf6277a5eee2f2f3.html,维持留痕,照片资源不可达,职称/身份需人工复核；官网照片链接失效（两次 HTTP 404，管理员批准留空）,职称/身份需人工复核；官网照片链接失效（两次 HTTP 404，管理员批准留空）,2026-08-19T17:44:11.426136Z,http://www.gd2h.com/system/profile/upload/2024/10/19/30cb7d44-7c80-484c-9afb-1b112b30a423.jpg,https://www.gd2h.com/system/profile/upload/2024/10/19/30cb7d44-7c80-484c-9afb-1b112b30a423.jpg,1,double_404,200,"[{""content_type"":""text/html"",""final_url"":""https://gd2h.com/site/detail/7e01fea44a63423abf6277a5eee2f2f3.html"",""method"":""GET"",""response_bytes"":93276,""started_utc"":""2026-08-19T17:44:11.334971Z"",""status"":200,""url"":""https://gd2h.com/site/detail/7e01fea44a63423abf6277a5eee2f2f3.html""},{""content_type"":""text/html"",""final_url"":""https://www.gd2h.com/system/profile/upload/2024/10/19/30cb7d44-7c80-484c-9afb-1b112b30a423.jpg"",""method"":""GET"",""response_bytes"":624,""started_utc"":""2026-08-19T17:44:12.327247Z"",""status"":404,""url"":""https://www.gd2h.com/system/profile/upload/2024/10/19/30cb7d44-7c80-484c-9afb-1b112b30a423.jpg""},{""content_type"":""text/html"",""final_url"":""https://www.gd2h.com/system/profile/upload/2024/10/19/30cb7d44-7c80-484c-9afb-1b112b30a423.jpg"",""method"":""GET"",""response_bytes"":624,""started_utc"":""2026-08-19T17:44:13.357221Z"",""status"":404,""url"":""https://www.gd2h.com/system/profile/upload/2024/10/19/30cb7d44-7c80-484c-9afb-1b112b30a423.jpg""}]",,,,,,,,
广东省第二人民医院,b65924698aba4284acaa265df147c6e7,方洁莹,https://gd2h.com/site/detail/b65924698aba4284acaa265df147c6e7.html,维持留痕,照片资源不可达,职称/身份需人工复核；官网照片链接失效（两次 HTTP 404，管理员批准留空）,职称/身份需人工复核；官网照片链接失效（两次 HTTP 404，管理员批准留空）,2026-08-19T17:44:14.452890Z,http://www.gd2h.com/system/profile/upload/2024/10/19/9538543e-e7e0-4ff1-896c-b219e2c15b41.jpg,https://www.gd2h.com/system/profile/upload/2024/10/19/9538543e-e7e0-4ff1-896c-b219e2c15b41.jpg,1,double_404,200,"[{""content_type"":""text/html"",""final_url"":""https://gd2h.com/site/detail/b65924698aba4284acaa265df147c6e7.html"",""method"":""GET"",""response_bytes"":93193,""started_utc"":""2026-08-19T17:44:14.355835Z"",""status"":200,""url"":""https://gd2h.com/site/detail/b65924698aba4284acaa265df147c6e7.html""},{""content_type"":""text/html"",""final_url"":""https://www.gd2h.com/system/profile/upload/2024/10/19/9538543e-e7e0-4ff1-896c-b219e2c15b41.jpg"",""method"":""GET"",""response_bytes"":624,""started_utc"":""2026-08-19T17:44:15.363585Z"",""status"":404,""url"":""https://www.gd2h.com/system/profile/upload/2024/10/19/9538543e-e7e0-4ff1-896c-b219e2c15b41.jpg""},{""content_type"":""text/html"",""final_url"":""https://www.gd2h.com/system/profile/upload/2024/10/19/9538543e-e7e0-4ff1-896c-b219e2c15b41.jpg"",""method"":""GET"",""response_bytes"":624,""started_utc"":""2026-08-19T17:44:16.393924Z"",""status"":404,""url"":""https://www.gd2h.com/system/profile/upload/2024/10/19/9538543e-e7e0-4ff1-896c-b219e2c15b41.jpg""}]",,,,,,,,
广东省第二人民医院,42048,陈抒扬,https://gd2h.com/site/detail/42048.html,更新留痕,占位图,,官网本人职业照补录失败：占位图,2026-08-19T17:44:17.484503Z,/static//seygw//resources/upload/2024/05/28/default_ys.gif,,1,详情照片位命中显式 default/placeholder 门禁,200,"[{""content_type"":""text/html"",""final_url"":""https://gd2h.com/site/detail/42048.html"",""method"":""GET"",""response_bytes"":92953,""started_utc"":""2026-08-19T17:44:17.391224Z"",""status"":200,""url"":""https://gd2h.com/site/detail/42048.html""}]",,,,,,,,
广东省第二人民医院,42050,乐健,https://gd2h.com/site/detail/42050.html,更新留痕,占位图,,官网本人职业照补录失败：占位图,2026-08-19T17:44:18.482028Z,/static//seygw//resources/upload/2024/05/28/default_ys.gif,,1,详情照片位命中显式 default/placeholder 门禁,200,"[{""content_type"":""text/html"",""final_url"":""https://gd2h.com/site/detail/42050.html"",""method"":""GET"",""response_bytes"":92944,""started_utc"":""2026-08-19T17:44:18.391998Z"",""status"":200,""url"":""https://gd2h.com/site/detail/42050.html""}]",,,,,,,,
广东省第二人民医院,42049,易观群,https://gd2h.com/site/detail/42049.html,更新留痕,占位图,,官网本人职业照补录失败：占位图,2026-08-19T17:44:19.479296Z,/static//seygw//resources/upload/2024/05/28/default_ys.gif,,1,详情照片位命中显式 default/placeholder 门禁,200,"[{""content_type"":""text/html"",""final_url"":""https://gd2h.com/site/detail/42049.html"",""method"":""GET"",""response_bytes"":92952,""started_utc"":""2026-08-19T17:44:19.389748Z"",""status"":200,""url"":""https://gd2h.com/site/detail/42049.html""}]",,,,,,,,
广东省第二人民医院,42108,范美球,https://gd2h.com/site/detail/42108.html,更新留痕,占位图,,官网本人职业照补录失败：占位图,2026-08-19T17:44:20.490547Z,/static//seygw//resources/upload/2024/05/28/default_ys.gif,,1,详情照片位命中显式 default/placeholder 门禁,200,"[{""content_type"":""text/html"",""final_url"":""https://gd2h.com/site/detail/42108.html"",""method"":""GET"",""response_bytes"":92944,""started_utc"":""2026-08-19T17:44:20.398958Z"",""status"":200,""url"":""https://gd2h.com/site/detail/42108.html""}]",,,,,,,,
广东省第二人民医院,42109,刘婷,https://gd2h.com/site/detail/42109.html,更新留痕,占位图,职称/身份需人工复核,职称/身份需人工复核；官网本人职业照补录失败：占位图,2026-08-19T17:44:21.502810Z,/static//seygw//resources/upload/2024/05/28/default_ys.gif,,1,详情照片位命中显式 default/placeholder 门禁,200,"[{""content_type"":""text/html"",""final_url"":""https://gd2h.com/site/detail/42109.html"",""method"":""GET"",""response_bytes"":92935,""started_utc"":""2026-08-19T17:44:21.411256Z"",""status"":200,""url"":""https://gd2h.com/site/detail/42109.html""}]",,,,,,,,
广东省第二人民医院,42151,林美红,https://gd2h.com/site/detail/42151.html,更新留痕,占位图,,官网本人职业照补录失败：占位图,2026-08-19T17:44:22.500115Z,/static//seygw//resources/upload/2024/05/28/default_ys.gif,,1,详情照片位命中显式 default/placeholder 门禁,200,"[{""content_type"":""text/html"",""final_url"":""https://gd2h.com/site/detail/42151.html"",""method"":""GET"",""response_bytes"":92947,""started_utc"":""2026-08-19T17:44:22.408454Z"",""status"":200,""url"":""https://gd2h.com/site/detail/42151.html""}]",,,,,,,,
广东省第二人民医院,42152,李源祺,https://gd2h.com/site/detail/42152.html,更新留痕,占位图,职称/身份需人工复核,职称/身份需人工复核；官网本人职业照补录失败：占位图,2026-08-19T17:44:23.494692Z,/static//seygw//resources/upload/2024/05/28/default_ys.gif,,1,详情照片位命中显式 default/placeholder 门禁,200,"[{""content_type"":""text/html"",""final_url"":""https://gd2h.com/site/detail/42152.html"",""method"":""GET"",""response_bytes"":92930,""started_utc"":""2026-08-19T17:44:23.402120Z"",""status"":200,""url"":""https://gd2h.com/site/detail/42152.html""}]",,,,,,,,
广东省第二人民医院,42153,郭少燕,https://gd2h.com/site/detail/42153.html,更新留痕,占位图,,官网本人职业照补录失败：占位图,2026-08-19T17:44:24.489958Z,/static//seygw//resources/upload/2024/05/28/default_ys.gif,,1,详情照片位命中显式 default/placeholder 门禁,200,"[{""content_type"":""text/html"",""final_url"":""https://gd2h.com/site/detail/42153.html"",""method"":""GET"",""response_bytes"":92944,""started_utc"":""2026-08-19T17:44:24.399251Z"",""status"":200,""url"":""https://gd2h.com/site/detail/42153.html""}]",,,,,,,,
广东省第二人民医院,42154,邹超颖,https://gd2h.com/site/detail/42154.html,更新留痕,占位图,职称/身份需人工复核,职称/身份需人工复核；官网本人职业照补录失败：占位图,2026-08-19T17:44:25.503280Z,/static//seygw//resources/upload/2024/05/28/default_ys.gif,,1,详情照片位命中显式 default/placeholder 门禁,200,"[{""content_type"":""text/html"",""final_url"":""https://gd2h.com/site/detail/42154.html"",""method"":""GET"",""response_bytes"":92930,""started_utc"":""2026-08-19T17:44:25.410959Z"",""status"":200,""url"":""https://gd2h.com/site/detail/42154.html""}]",,,,,,,,
广东省第二人民医院,42167,罗祺,https://gd2h.com/site/detail/42167.html,更新留痕,占位图,职称/身份需人工复核,职称/身份需人工复核；官网本人职业照补录失败：占位图,2026-08-19T17:44:26.499810Z,/static//seygw//resources/upload/2024/05/28/default_ys.gif,,1,详情照片位命中显式 default/placeholder 门禁,200,"[{""content_type"":""text/html"",""final_url"":""https://gd2h.com/site/detail/42167.html"",""method"":""GET"",""response_bytes"":92938,""started_utc"":""2026-08-19T17:44:26.408090Z"",""status"":200,""url"":""https://gd2h.com/site/detail/42167.html""}]",,,,,,,,
广东省第二人民医院,42216,杨瑶琳,https://gd2h.com/site/detail/42216.html,更新留痕,占位图,,官网本人职业照补录失败：占位图,2026-08-19T17:44:27.504514Z,/static//seygw//resources/upload/2024/05/28/default_ys.gif,,1,详情照片位命中显式 default/placeholder 门禁,200,"[{""content_type"":""text/html"",""final_url"":""https://gd2h.com/site/detail/42216.html"",""method"":""GET"",""response_bytes"":92956,""started_utc"":""2026-08-19T17:44:27.412554Z"",""status"":200,""url"":""https://gd2h.com/site/detail/42216.html""}]",,,,,,,,
广东省第二人民医院,42217,徐基瑛,https://gd2h.com/site/detail/42217.html,更新留痕,占位图,,官网本人职业照补录失败：占位图,2026-08-19T17:44:28.500149Z,/static//seygw//resources/upload/2024/05/28/default_ys.gif,,1,详情照片位命中显式 default/placeholder 门禁,200,"[{""content_type"":""text/html"",""final_url"":""https://gd2h.com/site/detail/42217.html"",""method"":""GET"",""response_bytes"":92950,""started_utc"":""2026-08-19T17:44:28.408146Z"",""status"":200,""url"":""https://gd2h.com/site/detail/42217.html""}]",,,,,,,,
广东省第二人民医院,42218,李晓伟,https://gd2h.com/site/detail/42218.html,更新留痕,占位图,,官网本人职业照补录失败：占位图,2026-08-19T17:44:29.497385Z,/static//seygw//resources/upload/2024/05/28/default_ys.gif,,1,详情照片位命中显式 default/placeholder 门禁,200,"[{""content_type"":""text/html"",""final_url"":""https://gd2h.com/site/detail/42218.html"",""method"":""GET"",""response_bytes"":92950,""started_utc"":""2026-08-19T17:44:29.403623Z"",""status"":200,""url"":""https://gd2h.com/site/detail/42218.html""}]",,,,,,,,
广东省第二人民医院,42220,吴依霖,https://gd2h.com/site/detail/42220.html,更新留痕,占位图,,官网本人职业照补录失败：占位图,2026-08-19T17:44:30.494179Z,/static//seygw//resources/upload/2024/05/28/default_ys.gif,,1,详情照片位命中显式 default/placeholder 门禁,200,"[{""content_type"":""text/html"",""final_url"":""https://gd2h.com/site/detail/42220.html"",""method"":""GET"",""response_bytes"":92950,""started_utc"":""2026-08-19T17:44:30.404004Z"",""status"":200,""url"":""https://gd2h.com/site/detail/42220.html""}]",,,,,,,,
广东省第二人民医院,42226,黄晶晶,https://gd2h.com/site/detail/42226.html,更新留痕,占位图,,官网本人职业照补录失败：占位图,2026-08-19T17:44:31.489427Z,/static//seygw//resources/upload/2024/05/28/default_ys.gif,,1,详情照片位命中显式 default/placeholder 门禁,200,"[{""content_type"":""text/html"",""final_url"":""https://gd2h.com/site/detail/42226.html"",""method"":""GET"",""response_bytes"":92956,""started_utc"":""2026-08-19T17:44:31.400050Z"",""status"":200,""url"":""https://gd2h.com/site/detail/42226.html""}]",,,,,,,,
广东省第二人民医院,42227,何咏聪,https://gd2h.com/site/detail/42227.html,更新留痕,占位图,,官网本人职业照补录失败：占位图,2026-08-19T17:44:32.499997Z,/static//seygw//resources/upload/2024/05/28/default_ys.gif,,1,详情照片位命中显式 default/placeholder 门禁,200,"[{""content_type"":""text/html"",""final_url"":""https://gd2h.com/site/detail/42227.html"",""method"":""GET"",""response_bytes"":92956,""started_utc"":""2026-08-19T17:44:32.409410Z"",""status"":200,""url"":""https://gd2h.com/site/detail/42227.html""}]",,,,,,,,
广东省第二人民医院,42228,赖俊,https://gd2h.com/site/detail/42228.html,更新留痕,占位图,,官网本人职业照补录失败：占位图,2026-08-19T17:44:34.053489Z,/static//seygw//resources/upload/2024/05/28/default_ys.gif,,1,详情照片位命中显式 default/placeholder 门禁,200,"[{""content_type"":""text/html"",""final_url"":""https://gd2h.com/site/detail/42228.html"",""method"":""GET"",""response_bytes"":92947,""started_utc"":""2026-08-19T17:44:33.405489Z"",""status"":200,""url"":""https://gd2h.com/site/detail/42228.html""}]",,,,,,,,
广东省第二人民医院,42229,吴帆,https://gd2h.com/site/detail/42229.html,更新留痕,占位图,,官网本人职业照补录失败：占位图,2026-08-19T17:44:35.407107Z,/static//seygw//resources/upload/2024/05/28/default_ys.gif,,1,详情照片位命中显式 default/placeholder 门禁,200,"[{""content_type"":""text/html"",""final_url"":""https://gd2h.com/site/detail/42229.html"",""method"":""GET"",""response_bytes"":92947,""started_utc"":""2026-08-19T17:44:34.410781Z"",""status"":200,""url"":""https://gd2h.com/site/detail/42229.html""}]",,,,,,,,
广东省第二人民医院,42230,闫庆伟,https://gd2h.com/site/detail/42230.html,更新留痕,占位图,,官网本人职业照补录失败：占位图,2026-08-19T17:44:36.554841Z,/static//seygw//resources/upload/2024/05/28/default_ys.gif,,1,详情照片位命中显式 default/placeholder 门禁,200,"[{""content_type"":""text/html"",""final_url"":""https://gd2h.com/site/detail/42230.html"",""method"":""GET"",""response_bytes"":92950,""started_utc"":""2026-08-19T17:44:35.467557Z"",""status"":200,""url"":""https://gd2h.com/site/detail/42230.html""}]",,,,,,,,
广东省第二人民医院,42233,刘永欣,https://gd2h.com/site/detail/42233.html,更新留痕,占位图,,官网本人职业照补录失败：占位图,2026-08-19T17:44:38.988287Z,/static//seygw//resources/upload/2024/05/28/default_ys.gif,,1,详情照片位命中显式 default/placeholder 门禁,200,"[{""content_type"":""text/html"",""final_url"":""https://gd2h.com/site/detail/42233.html"",""method"":""GET"",""response_bytes"":92959,""started_utc"":""2026-08-19T17:44:36.616260Z"",""status"":200,""url"":""https://gd2h.com/site/detail/42233.html""}]",,,,,,,,
广东省第二人民医院,42236,陈海滨,https://gd2h.com/site/detail/42236.html,更新留痕,占位图,,官网本人职业照补录失败：占位图,2026-08-19T17:44:43.630266Z,/static//seygw//resources/upload/2024/05/28/default_ys.gif,,1,详情照片位命中显式 default/placeholder 门禁,200,"[{""content_type"":""text/html"",""final_url"":""https://gd2h.com/site/detail/42236.html"",""method"":""GET"",""response_bytes"":92956,""started_utc"":""2026-08-19T17:44:39.049301Z"",""status"":200,""url"":""https://gd2h.com/site/detail/42236.html""}]",,,,,,,,
广东省第二人民医院,42237,陆海源,https://gd2h.com/site/detail/42237.html,更新留痕,占位图,,官网本人职业照补录失败：占位图,2026-08-19T17:44:45.299469Z,/static//seygw//resources/upload/2024/05/28/default_ys.gif,,1,详情照片位命中显式 default/placeholder 门禁,200,"[{""content_type"":""text/html"",""final_url"":""https://gd2h.com/site/detail/42237.html"",""method"":""GET"",""response_bytes"":92942,""started_utc"":""2026-08-19T17:44:43.689348Z"",""status"":200,""url"":""https://gd2h.com/site/detail/42237.html""}]",,,,,,,,
广东省第二人民医院,42238,吴俊宸,https://gd2h.com/site/detail/42238.html,更新留痕,占位图,,官网本人职业照补录失败：占位图,2026-08-19T17:44:46.121753Z,/static//seygw//resources/upload/2024/05/28/default_ys.gif,,1,详情照片位命中显式 default/placeholder 门禁,200,"[{""content_type"":""text/html"",""final_url"":""https://gd2h.com/site/detail/42238.html"",""method"":""GET"",""response_bytes"":92950,""started_utc"":""2026-08-19T17:44:45.363383Z"",""status"":200,""url"":""https://gd2h.com/site/detail/42238.html""}]",,,,,,,,
广东省第二人民医院,42133,李志超,https://gd2h.com/site/detail/42133.html,更新留痕,占位图,,官网本人职业照补录失败：占位图,2026-08-19T17:44:51.051568Z,/static//seygw//resources/upload/2024/05/28/default_ys.gif,,1,详情照片位命中显式 default/placeholder 门禁,200,"[{""content_type"":""text/html"",""final_url"":""https://gd2h.com/site/detail/42133.html"",""method"":""GET"",""response_bytes"":93214,""started_utc"":""2026-08-19T17:44:46.355594Z"",""status"":200,""url"":""https://gd2h.com/site/detail/42133.html""}]",,,,,,,,
广东省第二人民医院,42268,张爱武,https://gd2h.com/site/detail/42268.html,更新留痕,占位图,,官网本人职业照补录失败：占位图,2026-08-19T17:44:52.412957Z,/static//seygw//resources/upload/2024/05/28/default_ys.gif,,1,详情照片位命中显式 default/placeholder 门禁,200,"[{""content_type"":""text/html"",""final_url"":""https://gd2h.com/site/detail/42268.html"",""method"":""GET"",""response_bytes"":92964,""started_utc"":""2026-08-19T17:44:51.110327Z"",""status"":200,""url"":""https://gd2h.com/site/detail/42268.html""}]",,,,,,,,
广东省第二人民医院,42269,李东仕,https://gd2h.com/site/detail/42269.html,更新留痕,占位图,,官网本人职业照补录失败：占位图,2026-08-19T17:44:53.559116Z,/static//seygw//resources/upload/2024/05/28/default_ys.gif,,1,详情照片位命中显式 default/placeholder 门禁,200,"[{""content_type"":""text/html"",""final_url"":""https://gd2h.com/site/detail/42269.html"",""method"":""GET"",""response_bytes"":92961,""started_utc"":""2026-08-19T17:44:52.480701Z"",""status"":200,""url"":""https://gd2h.com/site/detail/42269.html""}]",,,,,,,,
广东省第二人民医院,42270,黄文婷,https://gd2h.com/site/detail/42270.html,更新留痕,占位图,职称/身份需人工复核,职称/身份需人工复核；官网本人职业照补录失败：占位图,2026-08-19T17:44:55.049443Z,/static//seygw//resources/upload/2024/05/28/default_ys.gif,,1,详情照片位命中显式 default/placeholder 门禁,200,"[{""content_type"":""text/html"",""final_url"":""https://gd2h.com/site/detail/42270.html"",""method"":""GET"",""response_bytes"":92941,""started_utc"":""2026-08-19T17:44:53.618505Z"",""status"":200,""url"":""https://gd2h.com/site/detail/42270.html""}]",,,,,,,,
广东省第二人民医院,42271,任腾竹,https://gd2h.com/site/detail/42271.html,更新留痕,占位图,,官网本人职业照补录失败：占位图,2026-08-19T17:44:55.836909Z,/static//seygw//resources/upload/2024/05/28/default_ys.gif,,1,详情照片位命中显式 default/placeholder 门禁,200,"[{""content_type"":""text/html"",""final_url"":""https://gd2h.com/site/detail/42271.html"",""method"":""GET"",""response_bytes"":92947,""started_utc"":""2026-08-19T17:44:55.106909Z"",""status"":200,""url"":""https://gd2h.com/site/detail/42271.html""}]",,,,,,,,
广东省第二人民医院,42272,李玲,https://gd2h.com/site/detail/42272.html,更新留痕,占位图,,官网本人职业照补录失败：占位图,2026-08-19T17:44:56.610719Z,/static//seygw//resources/upload/2024/05/28/default_ys.gif,,1,详情照片位命中显式 default/placeholder 门禁,200,"[{""content_type"":""text/html"",""final_url"":""https://gd2h.com/site/detail/42272.html"",""method"":""GET"",""response_bytes"":92944,""started_utc"":""2026-08-19T17:44:56.104158Z"",""status"":200,""url"":""https://gd2h.com/site/detail/42272.html""}]",,,,,,,,
广东省第二人民医院,42273,梁宜程,https://gd2h.com/site/detail/42273.html,更新留痕,占位图,职称/身份需人工复核,职称/身份需人工复核；官网本人职业照补录失败：占位图,2026-08-19T17:44:57.449371Z,/static//seygw//resources/upload/2024/05/28/default_ys.gif,,1,详情照片位命中显式 default/placeholder 门禁,200,"[{""content_type"":""text/html"",""final_url"":""https://gd2h.com/site/detail/42273.html"",""method"":""GET"",""response_bytes"":92941,""started_utc"":""2026-08-19T17:44:57.111505Z"",""status"":200,""url"":""https://gd2h.com/site/detail/42273.html""}]",,,,,,,,
广东省第二人民医院,42292,李海量,https://gd2h.com/site/detail/42292.html,更新留痕,占位图,,官网本人职业照补录失败：占位图,2026-08-19T17:44:58.362001Z,/static//seygw//resources/upload/2024/05/28/default_ys.gif,,1,详情照片位命中显式 default/placeholder 门禁,200,"[{""content_type"":""text/html"",""final_url"":""https://gd2h.com/site/detail/42292.html"",""method"":""GET"",""response_bytes"":93485,""started_utc"":""2026-08-19T17:44:58.110951Z"",""status"":200,""url"":""https://gd2h.com/site/detail/42292.html""}]",,,,,,,,
广东省第二人民医院,793e04cc71424fe4bf6a4c8ab5065ab1,唐钰怡,https://gd2h.com/site/detail/793e04cc71424fe4bf6a4c8ab5065ab1.html,维持留痕,照片资源不可达,职称/身份需人工复核；官网照片链接失效（两次 HTTP 404，管理员批准留空）,职称/身份需人工复核；官网照片链接失效（两次 HTTP 404，管理员批准留空）,2026-08-19T17:44:59.362768Z,http://www.gd2h.com/system/profile/upload/2024/10/19/1396e986-ad4e-4d1f-9bac-b3d900a510e1.jpg,https://www.gd2h.com/system/profile/upload/2024/10/19/1396e986-ad4e-4d1f-9bac-b3d900a510e1.jpg,1,double_404,200,"[{""content_type"":""text/html"",""final_url"":""https://gd2h.com/site/detail/793e04cc71424fe4bf6a4c8ab5065ab1.html"",""method"":""GET"",""response_bytes"":122804,""started_utc"":""2026-08-19T17:44:59.111264Z"",""status"":200,""url"":""https://gd2h.com/site/detail/793e04cc71424fe4bf6a4c8ab5065ab1.html""},{""content_type"":""text/html"",""final_url"":""https://www.gd2h.com/system/profile/upload/2024/10/19/1396e986-ad4e-4d1f-9bac-b3d900a510e1.jpg"",""method"":""GET"",""response_bytes"":624,""started_utc"":""2026-08-19T17:45:00.103814Z"",""status"":404,""url"":""https://www.gd2h.com/system/profile/upload/2024/10/19/1396e986-ad4e-4d1f-9bac-b3d900a510e1.jpg""},{""content_type"":""text/html"",""final_url"":""https://www.gd2h.com/system/profile/upload/2024/10/19/1396e986-ad4e-4d1f-9bac-b3d900a510e1.jpg"",""method"":""GET"",""response_bytes"":624,""started_utc"":""2026-08-19T17:45:01.132705Z"",""status"":404,""url"":""https://www.gd2h.com/system/profile/upload/2024/10/19/1396e986-ad4e-4d1f-9bac-b3d900a510e1.jpg""}]",,,,,,,,
广东省第二人民医院,42332,李奕奕,https://gd2h.com/site/detail/42332.html,更新留痕,占位图,职称/身份需人工复核,职称/身份需人工复核；官网本人职业照补录失败：占位图,2026-08-19T17:45:02.334276Z,/static//seygw//resources/upload/2024/05/28/default_ys.gif,,1,详情照片位命中显式 default/placeholder 门禁,200,"[{""content_type"":""text/html"",""final_url"":""https://gd2h.com/site/detail/42332.html"",""method"":""GET"",""response_bytes"":92927,""started_utc"":""2026-08-19T17:45:02.147461Z"",""status"":200,""url"":""https://gd2h.com/site/detail/42332.html""}]",,,,,,,,
广东省第二人民医院,42381,叶敏宜,https://gd2h.com/site/detail/42381.html,更新留痕,占位图,,官网本人职业照补录失败：占位图,2026-08-19T17:45:03.329815Z,/static//seygw//resources/upload/2024/05/28/default_ys.gif,,1,详情照片位命中显式 default/placeholder 门禁,200,"[{""content_type"":""text/html"",""final_url"":""https://gd2h.com/site/detail/42381.html"",""method"":""GET"",""response_bytes"":92956,""started_utc"":""2026-08-19T17:45:03.143047Z"",""status"":200,""url"":""https://gd2h.com/site/detail/42381.html""}]",,,,,,,,
广东省第二人民医院,42386,陈睿妍,https://gd2h.com/site/detail/42386.html,更新留痕,占位图,,官网本人职业照补录失败：占位图,2026-08-19T17:45:05.520866Z,/static//seygw//resources/upload/2024/05/28/default_ys.gif,,1,详情照片位命中显式 default/placeholder 门禁,200,"[{""content_type"":""text/html"",""final_url"":""https://gd2h.com/site/detail/42386.html"",""method"":""GET"",""response_bytes"":92948,""started_utc"":""2026-08-19T17:45:04.142190Z"",""status"":200,""url"":""https://gd2h.com/site/detail/42386.html""}]",,,,,,,,
广东省第二人民医院,42387,吴嘉钏,https://gd2h.com/site/detail/42387.html,更新留痕,占位图,,官网本人职业照补录失败：占位图,2026-08-19T17:45:06.146753Z,/static//seygw//resources/upload/2024/05/28/default_ys.gif,,1,详情照片位命中显式 default/placeholder 门禁,200,"[{""content_type"":""text/html"",""final_url"":""https://gd2h.com/site/detail/42387.html"",""method"":""GET"",""response_bytes"":92956,""started_utc"":""2026-08-19T17:45:05.581426Z"",""status"":200,""url"":""https://gd2h.com/site/detail/42387.html""}]",,,,,,,,
广东省第二人民医院,42388,陈晓东,https://gd2h.com/site/detail/42388.html,更新留痕,占位图,,官网本人职业照补录失败：占位图,2026-08-19T17:45:06.898563Z,/static//seygw//resources/upload/2024/05/28/default_ys.gif,,1,详情照片位命中显式 default/placeholder 门禁,200,"[{""content_type"":""text/html"",""final_url"":""https://gd2h.com/site/detail/42388.html"",""method"":""GET"",""response_bytes"":92956,""started_utc"":""2026-08-19T17:45:06.581333Z"",""status"":200,""url"":""https://gd2h.com/site/detail/42388.html""}]",,,,,,,,
广东省第二人民医院,42389,杨秋玉,https://gd2h.com/site/detail/42389.html,更新留痕,占位图,,官网本人职业照补录失败：占位图,2026-08-19T17:45:11.750118Z,/static//seygw//resources/upload/2024/05/28/default_ys.gif,,1,详情照片位命中显式 default/placeholder 门禁,200,"[{""content_type"":""text/html"",""final_url"":""https://gd2h.com/site/detail/42389.html"",""method"":""GET"",""response_bytes"":92950,""started_utc"":""2026-08-19T17:45:07.585685Z"",""status"":200,""url"":""https://gd2h.com/site/detail/42389.html""}]",,,,,,,,
广东省第二人民医院,42390,罗宇沣,https://gd2h.com/site/detail/42390.html,更新留痕,占位图,,官网本人职业照补录失败：占位图,2026-08-19T17:45:14.105227Z,/static//seygw//resources/upload/2024/05/28/default_ys.gif,,1,详情照片位命中显式 default/placeholder 门禁,200,"[{""content_type"":""text/html"",""final_url"":""https://gd2h.com/site/detail/42390.html"",""method"":""GET"",""response_bytes"":92956,""started_utc"":""2026-08-19T17:45:11.809728Z"",""status"":200,""url"":""https://gd2h.com/site/detail/42390.html""}]",,,,,,,,
广东省第二人民医院,42418,马海燕,https://gd2h.com/site/detail/42418.html,更新留痕,无照片容器,职称/身份需人工复核,职称/身份需人工复核；官网本人职业照补录失败：无照片容器,2026-08-19T17:45:16.883207Z,,,0,详情页无符合既有医院白名单的本人职业照引用,200,"[{""content_type"":""text/html"",""final_url"":""https://gd2h.com/site/detail/42418.html"",""method"":""GET"",""response_bytes"":93423,""started_utc"":""2026-08-19T17:45:14.164547Z"",""status"":200,""url"":""https://gd2h.com/site/detail/42418.html""}]",,,,,,,,
广东省第二人民医院,42442,吴浩荣,https://gd2h.com/site/detail/42442.html,维持留痕,照片资源不可达,官网照片链接失效（两次 HTTP 404，管理员批准留空）,官网照片链接失效（两次 HTTP 404，管理员批准留空）,2026-08-19T17:45:17.323278Z,/static//seygw//resources/upload/2024/05/28/6373034551878015624111821.jpg,https://gd2h.com/static//seygw//resources/upload/2024/05/28/6373034551878015624111821.jpg,1,double_404,200,"[{""content_type"":""text/html"",""final_url"":""https://gd2h.com/site/detail/42442.html"",""method"":""GET"",""response_bytes"":93475,""started_utc"":""2026-08-19T17:45:16.941035Z"",""status"":200,""url"":""https://gd2h.com/site/detail/42442.html""},{""content_type"":""text/html"",""final_url"":""https://gd2h.com/static//seygw//resources/upload/2024/05/28/6373034551878015624111821.jpg"",""method"":""GET"",""response_bytes"":624,""started_utc"":""2026-08-19T17:45:17.931738Z"",""status"":404,""url"":""https://gd2h.com/static//seygw//resources/upload/2024/05/28/6373034551878015624111821.jpg""},{""content_type"":""text/html"",""final_url"":""https://gd2h.com/static//seygw//resources/upload/2024/05/28/6373034551878015624111821.jpg"",""method"":""GET"",""response_bytes"":624,""started_utc"":""2026-08-19T17:45:18.958857Z"",""status"":404,""url"":""https://gd2h.com/static//seygw//resources/upload/2024/05/28/6373034551878015624111821.jpg""}]",,,,,,,,
广东省第二人民医院,42448,刘丽娜,https://gd2h.com/site/detail/42448.html,更新留痕,无照片容器,,官网本人职业照补录失败：无照片容器,2026-08-19T17:45:20.213576Z,,,0,详情页无符合既有医院白名单的本人职业照引用,200,"[{""content_type"":""text/html"",""final_url"":""https://gd2h.com/site/detail/42448.html"",""method"":""GET"",""response_bytes"":92884,""started_utc"":""2026-08-19T17:45:19.956950Z"",""status"":200,""url"":""https://gd2h.com/site/detail/42448.html""}]",,,,,,,,
广东省第二人民医院,b0c1467e6f2d4b3dbb176fa028448a22,钟荣,https://gd2h.com/site/detail/b0c1467e6f2d4b3dbb176fa028448a22.html,更新留痕,无照片容器,,官网本人职业照补录失败：无照片容器,2026-08-19T17:45:21.180063Z,,,0,详情页无符合既有医院白名单的本人职业照引用,200,"[{""content_type"":""text/html"",""final_url"":""https://gd2h.com/site/detail/b0c1467e6f2d4b3dbb176fa028448a22.html"",""method"":""GET"",""response_bytes"":94316,""started_utc"":""2026-08-19T17:45:20.960570Z"",""status"":200,""url"":""https://gd2h.com/site/detail/b0c1467e6f2d4b3dbb176fa028448a22.html""}]",,,,,,,,
广东药科大学附属第一医院,587,臧晶,https://www.gy120.net/articleshow.asp?articleid=587,维持留痕,照片资源不可达,官网本人职业照连续两次获取失败，按管理员裁决留空,官网本人职业照连续两次获取失败，按管理员裁决留空,2026-08-19T17:45:22.353282Z,files/20260514205657708.JPG,https://www.gy120.net/files/20260514205657708.JPG,1,bounded_transfer_failure,200,"[{""content_type"":""text/html"",""final_url"":""https://www.gy120.net/articleshow.asp?articleid=587"",""method"":""GET"",""response_bytes"":21936,""started_utc"":""2026-08-19T17:45:21.964736Z"",""status"":200,""url"":""https://www.gy120.net/articleshow.asp?articleid=587""},{""content_type"":""text/html"",""final_url"":""https://www.gy120.net/files/20260514205657708.JPG"",""method"":""GET"",""response_bytes"":1163,""started_utc"":""2026-08-19T17:45:22.972096Z"",""status"":404,""url"":""https://www.gy120.net/files/20260514205657708.JPG""},{""content_type"":""text/html"",""final_url"":""https://www.gy120.net/files/20260514205657708.JPG"",""method"":""GET"",""response_bytes"":1163,""started_utc"":""2026-08-19T17:45:24.001349Z"",""status"":404,""url"":""https://www.gy120.net/files/20260514205657708.JPG""}]",,,,,,,,
广东药科大学附属第一医院,593,周玉婷,https://www.gy120.net/articleshow.asp?articleid=593,维持留痕,照片资源不可达,官网本人职业照连续两次获取失败，按管理员裁决留空,官网本人职业照连续两次获取失败，按管理员裁决留空,2026-08-19T17:45:25.674392Z,files/20260514205726492.JPG,https://www.gy120.net/files/20260514205726492.JPG,1,bounded_transfer_failure,200,"[{""content_type"":""text/html"",""final_url"":""https://www.gy120.net/articleshow.asp?articleid=593"",""method"":""GET"",""response_bytes"":17095,""started_utc"":""2026-08-19T17:45:24.999113Z"",""status"":200,""url"":""https://www.gy120.net/articleshow.asp?articleid=593""},{""content_type"":""text/html"",""final_url"":""https://www.gy120.net/files/20260514205726492.JPG"",""method"":""GET"",""response_bytes"":1163,""started_utc"":""2026-08-19T17:45:25.998782Z"",""status"":404,""url"":""https://www.gy120.net/files/20260514205726492.JPG""},{""content_type"":""text/html"",""final_url"":""https://www.gy120.net/files/20260514205726492.JPG"",""method"":""GET"",""response_bytes"":1163,""started_utc"":""2026-08-19T17:45:27.495865Z"",""status"":404,""url"":""https://www.gy120.net/files/20260514205726492.JPG""}]",,,,,,,,
广州中医药大学第一附属医院,1he5a53bbro2q,王超,https://www.gztcm.com.cn/sanneike/kszj/1he5a53bbro2q.shtml,维持留痕,无照片容器,官网详情未提供符合范围的本人职业照，留空并标注,官网详情未提供符合范围的本人职业照，留空并标注,2026-08-19T17:45:29.521747Z,,,0,详情页无符合既有医院白名单的本人职业照引用,200,"[{""content_type"":""text/html;charset=utf-8"",""final_url"":""https://www.gztcm.com.cn/sanneike/kszj/1he5a53bbro2q.shtml"",""method"":""GET"",""response_bytes"":15179,""started_utc"":""2026-08-19T17:45:28.494442Z"",""status"":200,""url"":""https://www.gztcm.com.cn/sanneike/kszj/1he5a53bbro2q.shtml""}]",,,,,,,,
广州中医药大学第一附属医院,1jiujgak57jgf,董洪珍,https://www.gztcm.com.cn/huxiweizhongzhengerq/kszj/1jiujgak57jgf.shtml,维持留痕,无照片容器,官网详情未提供符合范围的本人职业照，留空并标注,官网详情未提供符合范围的本人职业照，留空并标注,2026-08-19T17:45:30.469941Z,,,0,详情页无符合既有医院白名单的本人职业照引用,200,"[{""content_type"":""text/html;charset=utf-8"",""final_url"":""https://www.gztcm.com.cn/huxiweizhongzhengerq/kszj/1jiujgak57jgf.shtml"",""method"":""GET"",""response_bytes"":14125,""started_utc"":""2026-08-19T17:45:29.558361Z"",""status"":200,""url"":""https://www.gztcm.com.cn/huxiweizhongzhengerq/kszj/1jiujgak57jgf.shtml""}]",,,,,,,,
广州中医药大学第一附属医院,1jiujchclngjk,黄楚栓,https://www.gztcm.com.cn/huxiweizhongzhengerq/kszj/1jiujchclngjk.shtml,维持留痕,无照片容器,职称/身份需人工复核；官网详情未提供符合范围的本人职业照，留空并标注,职称/身份需人工复核；官网详情未提供符合范围的本人职业照，留空并标注,2026-08-19T17:45:31.352725Z,,,0,详情页无符合既有医院白名单的本人职业照引用,200,"[{""content_type"":""text/html;charset=utf-8"",""final_url"":""https://www.gztcm.com.cn/huxiweizhongzhengerq/kszj/1jiujchclngjk.shtml"",""method"":""GET"",""response_bytes"":14008,""started_utc"":""2026-08-19T17:45:30.567921Z"",""status"":200,""url"":""https://www.gztcm.com.cn/huxiweizhongzhengerq/kszj/1jiujchclngjk.shtml""}]",,,,,,,,
广州中医药大学第一附属医院,1jiuj918gpd9d,林炜基,https://www.gztcm.com.cn/huxiweizhongzhengerq/kszj/1jiuj918gpd9d.shtml,维持留痕,无照片容器,官网详情未提供符合范围的本人职业照，留空并标注,官网详情未提供符合范围的本人职业照，留空并标注,2026-08-19T17:45:32.383406Z,,,0,详情页无符合既有医院白名单的本人职业照引用,200,"[{""content_type"":""text/html;charset=utf-8"",""final_url"":""https://www.gztcm.com.cn/huxiweizhongzhengerq/kszj/1jiuj918gpd9d.shtml"",""method"":""GET"",""response_bytes"":15249,""started_utc"":""2026-08-19T17:45:31.562764Z"",""status"":200,""url"":""https://www.gztcm.com.cn/huxiweizhongzhengerq/kszj/1jiuj918gpd9d.shtml""}]",,,,,,,,
广州中医药大学第一附属医院,1jiuj4fl6lepe,刘城鑫,https://www.gztcm.com.cn/huxiweizhongzhengerq/kszj/1jiuj4fl6lepe.shtml,维持留痕,无照片容器,官网详情未提供符合范围的本人职业照，留空并标注,官网详情未提供符合范围的本人职业照，留空并标注,2026-08-19T17:45:33.418733Z,,,0,详情页无符合既有医院白名单的本人职业照引用,200,"[{""content_type"":""text/html;charset=utf-8"",""final_url"":""https://www.gztcm.com.cn/huxiweizhongzhengerq/kszj/1jiuj4fl6lepe.shtml"",""method"":""GET"",""response_bytes"":14632,""started_utc"":""2026-08-19T17:45:32.561695Z"",""status"":200,""url"":""https://www.gztcm.com.cn/huxiweizhongzhengerq/kszj/1jiuj4fl6lepe.shtml""}]",,,,,,,,
广州中医药大学第一附属医院,1jiuiqomc118d,王聪慧,https://www.gztcm.com.cn/huxiweizhongzhengerq/kszj/1jiuiqomc118d.shtml,维持留痕,无照片容器,官网详情未提供符合范围的本人职业照，留空并标注,官网详情未提供符合范围的本人职业照，留空并标注,2026-08-19T17:45:34.504754Z,,,0,详情页无符合既有医院白名单的本人职业照引用,200,"[{""content_type"":""text/html;charset=utf-8"",""final_url"":""https://www.gztcm.com.cn/huxiweizhongzhengerq/kszj/1jiuiqomc118d.shtml"",""method"":""GET"",""response_bytes"":15239,""started_utc"":""2026-08-19T17:45:33.565123Z"",""status"":200,""url"":""https://www.gztcm.com.cn/huxiweizhongzhengerq/kszj/1jiuiqomc118d.shtml""}]",,,,,,,,
广州中医药大学第一附属医院,1jiuig0vbn4i4,王凯,https://www.gztcm.com.cn/huxiweizhongzhengerq/kszj/1jiuig0vbn4i4.shtml,维持留痕,无照片容器,官网详情未提供符合范围的本人职业照，留空并标注,官网详情未提供符合范围的本人职业照，留空并标注,2026-08-19T17:45:35.541191Z,,,0,详情页无符合既有医院白名单的本人职业照引用,200,"[{""content_type"":""text/html;charset=utf-8"",""final_url"":""https://www.gztcm.com.cn/huxiweizhongzhengerq/kszj/1jiuig0vbn4i4.shtml"",""method"":""GET"",""response_bytes"":15422,""started_utc"":""2026-08-19T17:45:34.557518Z"",""status"":200,""url"":""https://www.gztcm.com.cn/huxiweizhongzhengerq/kszj/1jiuig0vbn4i4.shtml""}]",,,,,,,,
广州中医药大学第一附属医院,1jiui6lth3fn7,夏欣田,https://www.gztcm.com.cn/huxiweizhongzhengerq/kszj/1jiui6lth3fn7.shtml,维持留痕,无照片容器,官网详情未提供符合范围的本人职业照，留空并标注,官网详情未提供符合范围的本人职业照，留空并标注,2026-08-19T17:45:36.528494Z,,,0,详情页无符合既有医院白名单的本人职业照引用,200,"[{""content_type"":""text/html;charset=utf-8"",""final_url"":""https://www.gztcm.com.cn/huxiweizhongzhengerq/kszj/1jiui6lth3fn7.shtml"",""method"":""GET"",""response_bytes"":15036,""started_utc"":""2026-08-19T17:45:35.577169Z"",""status"":200,""url"":""https://www.gztcm.com.cn/huxiweizhongzhengerq/kszj/1jiui6lth3fn7.shtml""}]",,,,,,,,
广州中医药大学第一附属医院,1jiuhrgdrlufv,杨柳柳,https://www.gztcm.com.cn/huxiweizhongzhengerq/kszj/1jiuhrgdrlufv.shtml,维持留痕,无照片容器,官网详情未提供符合范围的本人职业照，留空并标注,官网详情未提供符合范围的本人职业照，留空并标注,2026-08-19T17:45:37.552115Z,,,0,详情页无符合既有医院白名单的本人职业照引用,200,"[{""content_type"":""text/html;charset=utf-8"",""final_url"":""https://www.gztcm.com.cn/huxiweizhongzhengerq/kszj/1jiuhrgdrlufv.shtml"",""method"":""GET"",""response_bytes"":16922,""started_utc"":""2026-08-19T17:45:36.579040Z"",""status"":200,""url"":""https://www.gztcm.com.cn/huxiweizhongzhengerq/kszj/1jiuhrgdrlufv.shtml""}]",,,,,,,,
广州中医药大学第一附属医院,1jiuhl65g9urj,张高,https://www.gztcm.com.cn/huxiweizhongzhengerq/kszj/1jiuhl65g9urj.shtml,维持留痕,无照片容器,职称/身份需人工复核；官网详情未提供符合范围的本人职业照，留空并标注,职称/身份需人工复核；官网详情未提供符合范围的本人职业照，留空并标注,2026-08-19T17:45:38.538103Z,,,0,详情页无符合既有医院白名单的本人职业照引用,200,"[{""content_type"":""text/html;charset=utf-8"",""final_url"":""https://www.gztcm.com.cn/huxiweizhongzhengerq/kszj/1jiuhl65g9urj.shtml"",""method"":""GET"",""response_bytes"":14190,""started_utc"":""2026-08-19T17:45:37.588724Z"",""status"":200,""url"":""https://www.gztcm.com.cn/huxiweizhongzhengerq/kszj/1jiuhl65g9urj.shtml""}]",,,,,,,,
广州中医药大学第一附属医院,1jiuh166slkvg,张盼,https://www.gztcm.com.cn/huxiweizhongzhengerq/kszj/1jiuh166slkvg.shtml,维持留痕,无照片容器,官网详情未提供符合范围的本人职业照，留空并标注,官网详情未提供符合范围的本人职业照，留空并标注,2026-08-19T17:45:39.546112Z,,,0,详情页无符合既有医院白名单的本人职业照引用,200,"[{""content_type"":""text/html;charset=utf-8"",""final_url"":""https://www.gztcm.com.cn/huxiweizhongzhengerq/kszj/1jiuh166slkvg.shtml"",""method"":""GET"",""response_bytes"":14697,""started_utc"":""2026-08-19T17:45:38.588654Z"",""status"":200,""url"":""https://www.gztcm.com.cn/huxiweizhongzhengerq/kszj/1jiuh166slkvg.shtml""}]",,,,,,,,
广州中医药大学第一附属医院,1jiugodqtfi5,郑文江,https://www.gztcm.com.cn/huxiweizhongzhengerq/kszj/1jiugodqtfi5.shtml,维持留痕,无照片容器,官网详情未提供符合范围的本人职业照，留空并标注,官网详情未提供符合范围的本人职业照，留空并标注,2026-08-19T17:45:40.518517Z,,,0,详情页无符合既有医院白名单的本人职业照引用,200,"[{""content_type"":""text/html;charset=utf-8"",""final_url"":""https://www.gztcm.com.cn/huxiweizhongzhengerq/kszj/1jiugodqtfi5.shtml"",""method"":""GET"",""response_bytes"":16122,""started_utc"":""2026-08-19T17:45:39.598871Z"",""status"":200,""url"":""https://www.gztcm.com.cn/huxiweizhongzhengerq/kszj/1jiugodqtfi5.shtml""}]",,,,,,,,
广州中医药大学第一附属医院,1jloh0vbi1vgp,黄坚,https://www.gztcm.com.cn/yiwaike/kszj/1jloh0vbi1vgp.shtml,维持留痕,无照片容器,官网详情未提供符合范围的本人职业照，留空并标注,官网详情未提供符合范围的本人职业照，留空并标注,2026-08-19T17:45:41.646587Z,,,0,详情页无符合既有医院白名单的本人职业照引用,200,"[{""content_type"":""text/html;charset=utf-8"",""final_url"":""https://www.gztcm.com.cn/yiwaike/kszj/1jloh0vbi1vgp.shtml"",""method"":""GET"",""response_bytes"":13833,""started_utc"":""2026-08-19T17:45:40.588117Z"",""status"":200,""url"":""https://www.gztcm.com.cn/yiwaike/kszj/1jloh0vbi1vgp.shtml""}]",,,,,,,,
广州中医药大学第一附属医院,1jloguijce4e7,蒙浩,https://www.gztcm.com.cn/yiwaike/kszj/1jloguijce4e7.shtml,维持留痕,无照片容器,官网详情未提供符合范围的本人职业照，留空并标注,官网详情未提供符合范围的本人职业照，留空并标注,2026-08-19T17:45:42.548066Z,,,0,详情页无符合既有医院白名单的本人职业照引用,200,"[{""content_type"":""text/html;charset=utf-8"",""final_url"":""https://www.gztcm.com.cn/yiwaike/kszj/1jloguijce4e7.shtml"",""method"":""GET"",""response_bytes"":14856,""started_utc"":""2026-08-19T17:45:41.679775Z"",""status"":200,""url"":""https://www.gztcm.com.cn/yiwaike/kszj/1jloguijce4e7.shtml""}]",,,,,,,,
广州中医药大学第一附属医院,1jlogrop526e3,涂旭翀,https://www.gztcm.com.cn/yiwaike/kszj/1jlogrop526e3.shtml,维持留痕,无照片容器,官网详情未提供符合范围的本人职业照，留空并标注,官网详情未提供符合范围的本人职业照，留空并标注,2026-08-19T17:45:43.486594Z,,,0,详情页无符合既有医院白名单的本人职业照引用,200,"[{""content_type"":""text/html;charset=utf-8"",""final_url"":""https://www.gztcm.com.cn/yiwaike/kszj/1jlogrop526e3.shtml"",""method"":""GET"",""response_bytes"":14101,""started_utc"":""2026-08-19T17:45:42.695263Z"",""status"":200,""url"":""https://www.gztcm.com.cn/yiwaike/kszj/1jlogrop526e3.shtml""}]",,,,,,,,
广州中医药大学第一附属医院,1jlogksggn7cj,赵志敏,https://www.gztcm.com.cn/yiwaike/kszj/1jlogksggn7cj.shtml,维持留痕,无照片容器,官网详情未提供符合范围的本人职业照，留空并标注,官网详情未提供符合范围的本人职业照，留空并标注,2026-08-19T17:45:44.529107Z,,,0,详情页无符合既有医院白名单的本人职业照引用,200,"[{""content_type"":""text/html;charset=utf-8"",""final_url"":""https://www.gztcm.com.cn/yiwaike/kszj/1jlogksggn7cj.shtml"",""method"":""GET"",""response_bytes"":14242,""started_utc"":""2026-08-19T17:45:43.709174Z"",""status"":200,""url"":""https://www.gztcm.com.cn/yiwaike/kszj/1jlogksggn7cj.shtml""}]",,,,,,,,
广州中医药大学第一附属医院,1jlogfa7bagjp,黎土轩,https://www.gztcm.com.cn/yiwaike/kszj/1jlogfa7bagjp.shtml,维持留痕,无照片容器,官网详情未提供符合范围的本人职业照，留空并标注,官网详情未提供符合范围的本人职业照，留空并标注,2026-08-19T17:45:45.563835Z,,,0,详情页无符合既有医院白名单的本人职业照引用,200,"[{""content_type"":""text/html;charset=utf-8"",""final_url"":""https://www.gztcm.com.cn/yiwaike/kszj/1jlogfa7bagjp.shtml"",""method"":""GET"",""response_bytes"":14435,""started_utc"":""2026-08-19T17:45:44.707231Z"",""status"":200,""url"":""https://www.gztcm.com.cn/yiwaike/kszj/1jlogfa7bagjp.shtml""}]",,,,,,,,
广州中医药大学第一附属医院,1jlog2vkshbfj,林灿彬,https://www.gztcm.com.cn/yiwaike/kszj/1jlog2vkshbfj.shtml,维持留痕,无照片容器,官网详情未提供符合范围的本人职业照，留空并标注,官网详情未提供符合范围的本人职业照，留空并标注,2026-08-19T17:45:46.631326Z,,,0,详情页无符合既有医院白名单的本人职业照引用,200,"[{""content_type"":""text/html;charset=utf-8"",""final_url"":""https://www.gztcm.com.cn/yiwaike/kszj/1jlog2vkshbfj.shtml"",""method"":""GET"",""response_bytes"":15447,""started_utc"":""2026-08-19T17:45:45.709146Z"",""status"":200,""url"":""https://www.gztcm.com.cn/yiwaike/kszj/1jlog2vkshbfj.shtml""}]",,,,,,,,
广州中医药大学第一附属医院,1he58kjn4u602,吴晓贞,https://www.gztcm.com.cn/erfuke/kszj/1he58kjn4u602.shtml,维持留痕,无照片容器,官网详情未提供符合范围的本人职业照，留空并标注,官网详情未提供符合范围的本人职业照，留空并标注,2026-08-19T17:45:47.610952Z,,,0,详情页无符合既有医院白名单的本人职业照引用,200,"[{""content_type"":""text/html;charset=utf-8"",""final_url"":""https://www.gztcm.com.cn/erfuke/kszj/1he58kjn4u602.shtml"",""method"":""GET"",""response_bytes"":14078,""started_utc"":""2026-08-19T17:45:46.700386Z"",""status"":200,""url"":""https://www.gztcm.com.cn/erfuke/kszj/1he58kjn4u602.shtml""}]",,,,,,,,
广州中医药大学第一附属医院,1he584g2janvn,曹蕾,https://www.gztcm.com.cn/erfuke/kszj/1he584g2janvn.shtml,维持留痕,无照片容器,官网详情未提供符合范围的本人职业照，留空并标注,官网详情未提供符合范围的本人职业照，留空并标注,2026-08-19T17:45:48.557528Z,,,0,详情页无符合既有医院白名单的本人职业照引用,200,"[{""content_type"":""text/html;charset=utf-8"",""final_url"":""https://www.gztcm.com.cn/erfuke/kszj/1he584g2janvn.shtml"",""method"":""GET"",""response_bytes"":14082,""started_utc"":""2026-08-19T17:45:47.708161Z"",""status"":200,""url"":""https://www.gztcm.com.cn/erfuke/kszj/1he584g2janvn.shtml""}]",,,,,,,,
广州中医药大学第一附属医院,1he5khgqdfdo4,王澍欣,https://www.gztcm.com.cn/ztkfyq/kszj/1he5khgqdfdo4.shtml,维持留痕,无照片容器,官网详情未提供符合范围的本人职业照，留空并标注,官网详情未提供符合范围的本人职业照，留空并标注,2026-08-19T17:45:49.726678Z,,,0,详情页无符合既有医院白名单的本人职业照引用,200,"[{""content_type"":""text/html;charset=utf-8"",""final_url"":""https://www.gztcm.com.cn/ztkfyq/kszj/1he5khgqdfdo4.shtml"",""method"":""GET"",""response_bytes"":14978,""started_utc"":""2026-08-19T17:45:48.702572Z"",""status"":200,""url"":""https://www.gztcm.com.cn/ztkfyq/kszj/1he5khgqdfdo4.shtml""}]",,,,,,,,
广州中医药大学第一附属医院,1he5kjnd2fjhc,陈兴华,https://www.gztcm.com.cn/ztkfyq/kszj/1he5kjnd2fjhc.shtml,维持留痕,无照片容器,官网详情未提供符合范围的本人职业照，留空并标注,官网详情未提供符合范围的本人职业照，留空并标注,2026-08-19T17:45:50.717196Z,,,0,详情页无符合既有医院白名单的本人职业照引用,200,"[{""content_type"":""text/html;charset=utf-8"",""final_url"":""https://www.gztcm.com.cn/ztkfyq/kszj/1he5kjnd2fjhc.shtml"",""method"":""GET"",""response_bytes"":14562,""started_utc"":""2026-08-19T17:45:49.761054Z"",""status"":200,""url"":""https://www.gztcm.com.cn/ztkfyq/kszj/1he5kjnd2fjhc.shtml""}]",,,,,,,,
广州中医药大学第一附属医院,1he5kepftfs8t,贾超,https://www.gztcm.com.cn/ztkfyq/kszj/1he5kepftfs8t.shtml,维持留痕,无照片容器,官网详情未提供符合范围的本人职业照，留空并标注,官网详情未提供符合范围的本人职业照，留空并标注,2026-08-19T17:45:51.678594Z,,,0,详情页无符合既有医院白名单的本人职业照引用,200,"[{""content_type"":""text/html;charset=utf-8"",""final_url"":""https://www.gztcm.com.cn/ztkfyq/kszj/1he5kepftfs8t.shtml"",""method"":""GET"",""response_bytes"":15110,""started_utc"":""2026-08-19T17:45:50.767595Z"",""status"":200,""url"":""https://www.gztcm.com.cn/ztkfyq/kszj/1he5kepftfs8t.shtml""}]",,,,,,,,
广州中医药大学第一附属医院,1he2s0ihc36tg,沈创鹏,https://www.gztcm.com.cn/tangliaobing/kszj/1he2s0ihc36tg.shtml,维持留痕,无照片容器,官网详情未提供符合范围的本人职业照，留空并标注,官网详情未提供符合范围的本人职业照，留空并标注,2026-08-19T17:45:52.839716Z,,,0,详情页无符合既有医院白名单的本人职业照引用,200,"[{""content_type"":""text/html;charset=utf-8"",""final_url"":""https://www.gztcm.com.cn/tangliaobing/kszj/1he2s0ihc36tg.shtml"",""method"":""GET"",""response_bytes"":14996,""started_utc"":""2026-08-19T17:45:51.764719Z"",""status"":200,""url"":""https://www.gztcm.com.cn/tangliaobing/kszj/1he2s0ihc36tg.shtml""}]",,,,,,,,
广州中医药大学第一附属医院,1he2r25hn5101,刘树林,https://www.gztcm.com.cn/tangliaobing/kszj/1he2r25hn5101.shtml,维持留痕,无照片容器,官网详情未提供符合范围的本人职业照，留空并标注,官网详情未提供符合范围的本人职业照，留空并标注,2026-08-19T17:45:53.889478Z,,,0,详情页无符合既有医院白名单的本人职业照引用,200,"[{""content_type"":""text/html;charset=utf-8"",""final_url"":""https://www.gztcm.com.cn/tangliaobing/kszj/1he2r25hn5101.shtml"",""method"":""GET"",""response_bytes"":15012,""started_utc"":""2026-08-19T17:45:52.874234Z"",""status"":200,""url"":""https://www.gztcm.com.cn/tangliaobing/kszj/1he2r25hn5101.shtml""}]",,,,,,,,
