姓名,来源链接,状态,失败分类,照片链接,照片文件,实际格式,字节数,SHA-256,宽,高,来源批次,错误证据
刘军,https://www.gdzy5413.com/main/doctor/specialist.aspx?typeid=1571,实采,,https://www.gdzy5413.com/UploadFiles/image/2021-12/20211230050745634.jpg,01_试点医院/广东省第二中医院/照片/刘军-未标注-主任中医师-广东省第二中医院.jpg,jpg,35450,a64b0a30c00ac9890c8e017b070bd24129c77796be5f152e2a8decfaab53b263,515,653,FULL_FETCH,
李爱华,https://www.gdzy5413.com/main/doctor/specialist.aspx?typeid=549,实采,,https://www.gdzy5413.com/UploadFiles/image/2014-1/20140114033628502.jpg,01_试点医院/广东省第二中医院/照片/李爱华-未标注-主任中医师-广东省第二中医院.jpg,jpg,50728,403b75dcc0be4b0e5e1831bbac4677b5483dd5831a54527a91bf74cb5135bb5d,342,369,FULL_FETCH,
杨思华,https://www.gdzy5413.com/main/doctor/specialist.aspx?typeid=484,实采,,https://www.gdzy5413.com/UploadFiles/image/2014-1/20140114030309241.jpg,01_试点医院/广东省第二中医院/照片/杨思华-未标注-主任中医师-广东省第二中医院.jpg,jpg,50241,e629829e8747a7e63e138a4cd11c1e3dced7eed9745c4e2787524958b43efb10,342,369,FULL_FETCH,
汪何,https://www.gdzy5413.com/main/doctor/specialist.aspx?typeid=574,实采,,https://www.gdzy5413.com/UploadFiles/image/2014-1/20140114023050152.jpg,01_试点医院/广东省第二中医院/照片/汪何-未标注-主任中医师-广东省第二中医院.jpg,jpg,52750,3c533df36a6a67176a9c5e14bb0879a81b296a97b3301ed824d0eedffb9e596e,342,369,FULL_FETCH,
王清海,https://www.gdzy5413.com/main/doctor/specialist.aspx?typeid=499,实采,,https://www.gdzy5413.com/UploadFiles/image/2014-1/20140114022638956.jpg,01_试点医院/广东省第二中医院/照片/王清海-未标注-主任中医师-广东省第二中医院.jpg,jpg,54440,9107de46bd0cb2f45be7fd48b444f05f36deecac4652ec4205bde01d8f88e3d2,342,369,FULL_FETCH,
许学猛,https://www.gdzy5413.com/main/doctor/specialist.aspx?typeid=669,实采,,https://www.gdzy5413.com/UploadFiles/image/2014-3/20140310031845726.jpg,01_试点医院/广东省第二中医院/照片/许学猛-未标注-主任中医师-广东省第二中医院.jpg,jpg,52293,a09b87317c3dd02909a8dd6debfd520e6286add2a09c2b34e1ee995d61c63183,342,369,FULL_FETCH,
邱健行,https://www.gdzy5413.com/main/doctor/specialist.aspx?typeid=160,实采,,https://www.gdzy5413.com/UploadFiles/image/2014-1/20140114123204615.jpg,01_试点医院/广东省第二中医院/照片/邱健行-未标注-主任中医师-广东省第二中医院.jpg,jpg,56064,30766754d260e73ce481f169fc27b6dff9efa235b2684b588bb2874b3bf17fcb,342,369,FULL_FETCH,
黄琳,https://www.gdzy5413.com/main/doctor/specialist.aspx?typeid=659,实采,,https://www.gdzy5413.com/UploadFiles/image/2014-1/20140128021224553.jpg,01_试点医院/广东省第二中医院/照片/黄琳-未标注-主任中医师-广东省第二中医院.jpg,jpg,55642,8b96985c388c8649d8328b96addbdcebfbb58f4586cb2f9a8097a08a09cd83bb,342,369,FULL_FETCH,
付亚斐,https://www.gdzy5413.com/main/ks/templet2/ksdoctorinfo.aspx?bid=65&typeid=63&cid=65&ksid=63&id=370,失败,无照片容器,,,,,,,,FULL_FETCH,"{""detail_http"":200,""detection_feature"":""ksdoctorinfo 本人照片容器存在，但 src/background 为空或仅为 /UploadFiles/image/"",""excluded_resources"":[{""reason"":""照片引用为空目录且无文件名"",""url"":""https://www.gdzy5413.com/UploadFiles/image/""}],""observed_utc"":""2026-08-18T18:09:00Z"",""photo_reference_count"":0,""resource_urls"":[""https://www.gdzy5413.com/UploadFiles/image/""],""template_signature"":""资料卡 div[style*='width: 120px'] > img[width='120px'][height='155px']""}"
李雪真,https://www.gdzy5413.com/main/ks/templet2/ksdoctorinfo.aspx?bid=65&typeid=63&cid=65&ksid=63&id=155,失败,占位图,,,,,,,,FULL_FETCH,"{""detail_http"":200,""detection_feature"":""照片响应内容判定为占位图：known-placeholder-sha256:636b19e12d195b9da003dbbed0c68c0004864d6d86e990f8b606aa069b67b5a9；1622 bytes；86×126"",""excluded_resources"":[],""observed_utc"":""2026-08-18T18:09:00Z"",""photo_reference_count"":1,""resource_urls"":[""https://www.gdzy5413.com/UploadFiles/image/upload/633822288958636250.jpg""],""template_signature"":""资料卡 div[style*='width: 120px'] > img[width='120px'][height='155px']""}"
梁喆盈,https://www.gdzy5413.com/main/ks/templet2/ksdoctorinfo.aspx?bid=65&typeid=63&cid=65&ksid=63&id=157,失败,占位图,,,,,,,,FULL_FETCH,"{""detail_http"":200,""detection_feature"":""照片响应内容判定为占位图：known-placeholder-sha256:636b19e12d195b9da003dbbed0c68c0004864d6d86e990f8b606aa069b67b5a9；1622 bytes；86×126"",""excluded_resources"":[],""observed_utc"":""2026-08-18T18:09:01Z"",""photo_reference_count"":1,""resource_urls"":[""https://www.gdzy5413.com/UploadFiles/image/upload/633822290844105000.jpg""],""template_signature"":""资料卡 div[style*='width: 120px'] > img[width='120px'][height='155px']""}"
郭智涛,https://www.gdzy5413.com/main/doctor/specialist.aspx?typeid=1290,实采,,https://www.gdzy5413.com/UploadFiles/image/2014-4/20140421113934122.jpg,01_试点医院/广东省第二中医院/照片/郭智涛-乳腺科-未标注-广东省第二中医院.jpg,jpg,55837,5faae28728b30b06ceb71d22decb82cff49608b30d17ae52438c6223b8b000f1,342,369,FULL_FETCH,
郭智涛,https://www.gdzy5413.com/main/ks/templet2/ksdoctorinfo.aspx?bid=65&typeid=63&cid=65&ksid=63&id=154,实采,,https://www.gdzy5413.com/UploadFiles/image/upload/633822287552073750.jpg,01_试点医院/广东省第二中医院/照片/郭智涛-乳腺科-副主任中医师-广东省第二中医院.jpg,jpg,9245,c8086e5f602c54cc1cb4135f6a6742bc15e03d1a41e3aad8f6217843433b1362,86,126,FULL_FETCH,
黄映飞,https://www.gdzy5413.com/main/ks/templet2/ksdoctorinfo.aspx?bid=65&typeid=63&cid=65&ksid=63&id=156,失败,占位图,,,,,,,,FULL_FETCH,"{""detail_http"":200,""detection_feature"":""照片响应内容判定为占位图：known-placeholder-sha256:636b19e12d195b9da003dbbed0c68c0004864d6d86e990f8b606aa069b67b5a9；1622 bytes；86×126"",""excluded_resources"":[],""observed_utc"":""2026-08-18T18:09:03Z"",""photo_reference_count"":1,""resource_urls"":[""https://www.gdzy5413.com/UploadFiles/image/upload/633822289969417500.jpg""],""template_signature"":""资料卡 div[style*='width: 120px'] > img[width='120px'][height='155px']""}"
刘晓俊,https://www.gdzy5413.com/main/ks/templet2/ksdoctorinfo.aspx?bid=1003&typeid=901&cid=1003&ksid=901&id=439,实采,,https://www.gdzy5413.com/UploadFiles/image/2014-3/20140301122858672_s.jpg,01_试点医院/广东省第二中医院/照片/刘晓俊-五山门诊-主任医师-广东省第二中医院.png,png,11401,ec03bf1fc87624c885264bf41c415c4e0e630c290394c51b4b8073f68fc0c4b5,68,100,FULL_FETCH,
李宝国,https://www.gdzy5413.com/main/ks/templet2/ksdoctorinfo.aspx?bid=1012&typeid=904&cid=1012&ksid=904&id=440,实采,,https://www.gdzy5413.com/UploadFiles/image/2014-3/20140301122313959_s.jpg,01_试点医院/广东省第二中医院/照片/李宝国-五山门诊-副主任中医师-广东省第二中医院.png,png,15933,563a82be40d660f9df62f94de9582e5ba73303f74e9fc1139bdc386f4dee26b5,75,100,FULL_FETCH,
沈越,https://www.gdzy5413.com/main/ks/templet2/ksdoctorinfo.aspx?bid=1003&typeid=901&cid=1003&ksid=901&id=437,实采,,https://www.gdzy5413.com/UploadFiles/image/2014-3/20140301122937382_s.jpg,01_试点医院/广东省第二中医院/照片/沈越-五山门诊-主治医师-广东省第二中医院.png,png,20504,f291e437ee295ce765ebc8d104a5c18ae09df86f1a35c40e5300efe3ffb5e51f,81,100,FULL_FETCH,
蔡妙珊,https://www.gdzy5413.com/main/ks/templet2/ksdoctorinfo.aspx?bid=1003&typeid=901&cid=1003&ksid=901&id=436,实采,,https://www.gdzy5413.com/UploadFiles/image/2014-3/20140301122742732_s.jpg,01_试点医院/广东省第二中医院/照片/蔡妙珊-五山门诊-主任中医师-广东省第二中医院.png,png,14999,14f26a649e1a73cd430ca639b2840cf10133c228b13e5f25ce1fbdb4819eaefb,70,100,FULL_FETCH,
魏东,https://www.gdzy5413.com/main/ks/templet2/ksdoctorinfo.aspx?bid=1480&typeid=1472&cid=1480&ksid=1472&id=644,实采,,https://www.gdzy5413.com/UploadFiles/image/2014-7/20140728052912229_s.jpg,01_试点医院/广东省第二中医院/照片/魏东-五山门诊-副主任医师-广东省第二中医院.png,png,47586,787fdbc34ddfc8bea5493b2f29ca643f9b1f9d4c2b1659a153029b040855860d,147,165,FULL_FETCH,
周亦农,https://www.gdzy5413.com/main/ks/templet2/ksdoctorinfo.aspx?bid=1006&typeid=902&cid=1006&ksid=902&id=435,实采,,https://www.gdzy5413.com/UploadFiles/image/2014-3/20140301123019287_s.jpg,01_试点医院/广东省第二中医院/照片/周亦农-五山门诊-主任医师-广东省第二中医院.png,png,14820,7419306758ccd94742fd139892a86faab44d5c6e580554ab987f6247810cbd19,68,100,FULL_FETCH,
余德钊,https://www.gdzy5413.com/main/doctor/specialist.aspx?typeid=504,实采,,https://www.gdzy5413.com/UploadFiles/image/2014-1/20140128020344453.jpg,01_试点医院/广东省第二中医院/照片/余德钊-儿科-主任中医师-广东省第二中医院.jpg,jpg,54150,ff60d193aebf18cfb3c257d9b18c29a189fdea3f7fa0ed27e39b16813c0c7973,342,369,FULL_FETCH,
周永霞,https://www.gdzy5413.com/main/ks/templet2/ksdoctorinfo.aspx?bid=72&typeid=70&cid=72&ksid=70&id=109,实采,,https://www.gdzy5413.com/UploadFiles/image/upload/633821470657860797.jpg,01_试点医院/广东省第二中医院/照片/周永霞-儿科-主任医师-广东省第二中医院.jpg,jpg,12269,333e5f5f7b8fed816e941d3a1b1b9cd82c848c41f2738ae3616fe8654274f51e,86,126,TRIAL_REUSE,
林晓洁,https://www.gdzy5413.com/main/ks/templet2/ksdoctorinfo.aspx?bid=72&typeid=70&cid=72&ksid=70&id=163,实采,,https://www.gdzy5413.com/UploadFiles/image/upload/633869155720456250.jpg,01_试点医院/广东省第二中医院/照片/林晓洁-儿科-主任医师-广东省第二中医院.jpg,jpg,4585,191644512ab912fdbd6299e3a23d77f1930946dedf016f854e52d25ecca911e0,86,112,FULL_FETCH,
陈可静,https://www.gdzy5413.com/main/doctor/specialist.aspx?typeid=629,实采,,https://www.gdzy5413.com/UploadFiles/image/2014-1/20140128021821905.jpg,01_试点医院/广东省第二中医院/照片/陈可静-儿科-主任中医师-广东省第二中医院.jpg,jpg,50281,261fc236dddecf3b56e1c5e2863ad91fb5df352aafaa2ed105a62afd876b93d1,342,369,FULL_FETCH,
余德钊,https://www.gdzy5413.com/main/ks/templet2/ksdoctorinfo.aspx?bid=979&typeid=896&cid=979&ksid=896&id=430,实采,,https://www.gdzy5413.com/UploadFiles/image/2014-6/20140604031630151.jpg,01_试点医院/广东省第二中医院/照片/余德钊-儿科-主任中医师-广东省第二中医院.png,png,25737,c8091a4c699a5ccd6c3828b36292edea9a00978ebde06cf9b29a778770766f5d,120,160,FULL_FETCH,
宋腾菊,https://www.gdzy5413.com/main/ks/templet2/ksdoctorinfo.aspx?bid=979&typeid=896&cid=979&ksid=896&id=760,实采,,https://www.gdzy5413.com/UploadFiles/image/2022-10/20221028114705696_s.jpg,01_试点医院/广东省第二中医院/照片/宋腾菊-儿科-副主任医师-广东省第二中医院.png,png,15059,679fc858e66bb4ef116753a29d6933b2bcccef74222b5a722a3aafa75f161aca,76,100,FULL_FETCH,
佘卫吉,https://www.gdzy5413.com/main/ks/templet2/ksdoctorinfo.aspx?bid=34&typeid=32&cid=34&ksid=32&id=348,实采,,https://www.gdzy5413.com/UploadFiles/image/2014-3/20140304053239991_s.jpg,01_试点医院/广东省第二中医院/照片/佘卫吉-内分泌科-主治中医师-广东省第二中医院.png,png,28488,b2434cdfed723c9a3e08caf71313dce78364b9d840b7e350b2d4803f979e1f51,116,160,FULL_FETCH,
吕雄,https://www.gdzy5413.com/main/doctor/specialist.aspx?typeid=634,实采,,https://www.gdzy5413.com/UploadFiles/image/2014-1/20140128125258868.jpg,01_试点医院/广东省第二中医院/照片/吕雄-内分泌科-主任中医师-广东省第二中医院.jpg,jpg,53260,8efad985f7297cf08899a7bc09e999cd03c83e96032d38193d151565711c0d10,342,369,FULL_FETCH,
吕雄,https://www.gdzy5413.com/main/ks/templet2/ksdoctorinfo.aspx?bid=34&typeid=32&cid=34&ksid=32&id=345,实采,,https://www.gdzy5413.com/UploadFiles/image/2014-3/20140304053036884_s.jpg,01_试点医院/广东省第二中医院/照片/吕雄-内分泌科-主任中医师-广东省第二中医院.png,png,25339,0fd9d66d15ec5bc41edc71fa25f51ffe41250367e79f55884f50efe1297c0800,116,160,FULL_FETCH,
汪何,https://www.gdzy5413.com/main/ks/templet2/ksdoctorinfo.aspx?bid=34&typeid=32&cid=34&ksid=32&id=346,实采,,https://www.gdzy5413.com/UploadFiles/image/upload/634537490751990000.jpg,01_试点医院/广东省第二中医院/照片/汪何-内分泌科-主任中医师-广东省第二中医院.jpg,jpg,18368,4b78a74e204ddda40d1e80a5c7ac485c0274d883c3907b150b9f116ccdfcfe6c,87,125,FULL_FETCH,
莫伟,https://www.gdzy5413.com/main/ks/templet2/ksdoctorinfo.aspx?bid=34&typeid=32&cid=34&ksid=32&id=347,实采,,https://www.gdzy5413.com/UploadFiles/image/2014-3/20140304053133237_s.jpg,01_试点医院/广东省第二中医院/照片/莫伟-内分泌科-副主任中医师-广东省第二中医院.png,png,30784,037f75a6a5f54f6ae8a302935fb5e668875271254e910ca2b0367457dba1e1ef,116,160,FULL_FETCH,
任建华,https://www.gdzy5413.com/main/ks/templet2/ksdoctorinfo.aspx?bid=1151&typeid=1149&cid=1151&ksid=1149&id=554,实采,,https://www.gdzy5413.com/UploadFiles/image/2014-4/20140424015324185_s.jpg,01_试点医院/广东省第二中医院/照片/任建华-内科-主任中医师-广东省第二中医院.png,png,35821,b1e5723f9a63d48ab4555f29fccb184c2ef07ba01567d91138a731c3e014455a,106,160,FULL_FETCH,
冷建国,https://www.gdzy5413.com/main/ks/templet2/ksdoctorinfo.aspx?bid=1151&typeid=1149&cid=1151&ksid=1149&id=547,实采,,https://www.gdzy5413.com/UploadFiles/image/2014-4/20140424015930768_s.jpg,01_试点医院/广东省第二中医院/照片/冷建国-内科-主任中医师-广东省第二中医院.png,png,29383,ff0beb0435f6270ae2ba7bbc096835ec5de78c24922e20a6b61dbd9bcb9425fa,120,160,FULL_FETCH,
卢桂梅,https://www.gdzy5413.com/main/doctor/specialist.aspx?typeid=824,实采,,https://www.gdzy5413.com/UploadFiles/image/2014-1/20140114021434426.jpg,01_试点医院/广东省第二中医院/照片/卢桂梅-内科-主任医师-广东省第二中医院.jpg,jpg,51627,42ba8f711e7d21e9674370f09b6e15f63fd1c316148b931abe5ee187e1e9dd46,342,369,FULL_FETCH,
孙玉冰,https://www.gdzy5413.com/main/ks/templet2/ksdoctorinfo.aspx?bid=1151&typeid=1149&cid=1151&ksid=1149&id=551,实采,,https://www.gdzy5413.com/UploadFiles/image/2014-4/20140424015616725_s.jpg,01_试点医院/广东省第二中医院/照片/孙玉冰-内科-主任中医师-广东省第二中医院.png,png,26873,8843c401cfddb3525bc442d905be11d00f871048f6e503821cc9241ba2ee415e,120,160,FULL_FETCH,
李桂明,https://www.gdzy5413.com/main/ks/templet2/ksdoctorinfo.aspx?bid=1151&typeid=1149&cid=1151&ksid=1149&id=553,实采,,https://www.gdzy5413.com/UploadFiles/image/2014-4/20140424015433625_s.jpg,01_试点医院/广东省第二中医院/照片/李桂明-内科-主任中医师-广东省第二中医院.png,png,27024,2524d60b5eab75419992cba83340c90b7583f500de636e54c82aa2e60f1a6187,120,160,FULL_FETCH,
杨晓文,https://www.gdzy5413.com/main/ks/templet2/ksdoctorinfo.aspx?bid=1151&typeid=1149&cid=1151&ksid=1149&id=555,实采,,https://www.gdzy5413.com/UploadFiles/image/2014-4/20140424015243609_s.jpg,01_试点医院/广东省第二中医院/照片/杨晓文-内科-主任中医师-广东省第二中医院.png,png,29241,1f8638d68b314c7f410d568f6b8c256748b6906bc60db78fcfaa4d9bc9b8b911,120,160,FULL_FETCH,
许杰红,https://www.gdzy5413.com/main/ks/templet2/ksdoctorinfo.aspx?bid=1151&typeid=1149&cid=1151&ksid=1149&id=552,实采,,https://www.gdzy5413.com/UploadFiles/image/2014-4/20140424015512915_s.jpg,01_试点医院/广东省第二中医院/照片/许杰红-内科-副主任中医师-广东省第二中医院.png,png,24621,1c0651b3a6d3eb0faf5e4485639982f9eca88a4f21ad3f298034c6b0a42fefc2,120,160,FULL_FETCH,
谢建军,https://www.gdzy5413.com/main/ks/templet2/ksdoctorinfo.aspx?bid=1151&typeid=1149&cid=1151&ksid=1149&id=550,实采,,https://www.gdzy5413.com/UploadFiles/image/2014-4/20140424015653472_s.jpg,01_试点医院/广东省第二中医院/照片/谢建军-内科-主任中医师-广东省第二中医院.png,png,29469,c42087aedbf6ec9a41d5567181fcc02f2c4f4655e08b338a5c7fb564b8e9994c,120,160,FULL_FETCH,
金小洣,https://www.gdzy5413.com/main/ks/templet2/ksdoctorinfo.aspx?bid=1151&typeid=1149&cid=1151&ksid=1149&id=560,实采,,https://www.gdzy5413.com/UploadFiles/image/2014-4/20140424014659141_s.jpg,01_试点医院/广东省第二中医院/照片/金小洣-内科-主治中医师-广东省第二中医院.png,png,40801,7ae6ef74d57377d5830450e66ec1e4768c77a5a13ace6641a8a8c95aa9bcb0ea,116,160,FULL_FETCH,
陈永光,https://www.gdzy5413.com/main/ks/templet2/ksdoctorinfo.aspx?bid=1151&typeid=1149&cid=1151&ksid=1149&id=548,实采,,https://www.gdzy5413.com/UploadFiles/image/2014-4/20140424015838760_s.jpg,01_试点医院/广东省第二中医院/照片/陈永光-内科-主任中医师-广东省第二中医院.png,png,29847,c787437a99d4634b43a0bd357731468edb4dc775deb6a751af14c61976010ed9,120,160,FULL_FETCH,
袁琳,https://www.gdzy5413.com/main/ks/templet2/ksdoctorinfo.aspx?bid=1151&typeid=1149&cid=1151&ksid=1149&id=558,实采,,https://www.gdzy5413.com/UploadFiles/image/2014-4/20140424015109612_s.jpg,01_试点医院/广东省第二中医院/照片/袁琳-内科-主治中医师-广东省第二中医院.png,png,54613,7185260926ace1168c15e434c487de6174c8412742c6aebc734346c7f8fb828f,137,160,FULL_FETCH,
黄琳,https://www.gdzy5413.com/main/ks/templet2/ksdoctorinfo.aspx?bid=1151&typeid=1149&cid=1151&ksid=1149&id=549,实采,,https://www.gdzy5413.com/UploadFiles/image/2014-4/20140424015741990_s.jpg,01_试点医院/广东省第二中医院/照片/黄琳-内科-主任中医师-广东省第二中医院.png,png,39600,267976d1e776810172b8c3dad50b1c7c63a91654315486aeb4ed0c04b2cee73c,106,160,FULL_FETCH,
冯宁娜,https://www.gdzy5413.com/main/ks/templet2/ksdoctorinfo.aspx?bid=929&typeid=134&cid=929&ksid=134&id=443,失败,无照片容器,,,,,,,,FULL_FETCH,"{""detail_http"":200,""detection_feature"":""ksdoctorinfo 本人照片容器存在，但 src/background 为空或仅为 /UploadFiles/image/"",""excluded_resources"":[{""reason"":""照片引用为空目录且无文件名"",""url"":""https://www.gdzy5413.com/UploadFiles/image/""}],""observed_utc"":""2026-08-18T18:09:19Z"",""photo_reference_count"":0,""resource_urls"":[""https://www.gdzy5413.com/UploadFiles/image/""],""template_signature"":""资料卡 div[style*='width: 120px'] > img[width='120px'][height='155px']""}"
赖媛媛,https://www.gdzy5413.com/main/ks/templet2/ksdoctorinfo.aspx?bid=929&typeid=134&cid=929&ksid=134&id=447,失败,无照片容器,,,,,,,,FULL_FETCH,"{""detail_http"":200,""detection_feature"":""ksdoctorinfo 本人照片容器存在，但 src/background 为空或仅为 /UploadFiles/image/"",""excluded_resources"":[{""reason"":""照片引用为空目录且无文件名"",""url"":""https://www.gdzy5413.com/UploadFiles/image/""}],""observed_utc"":""2026-08-18T18:09:19Z"",""photo_reference_count"":0,""resource_urls"":[""https://www.gdzy5413.com/UploadFiles/image/""],""template_signature"":""资料卡 div[style*='width: 120px'] > img[width='120px'][height='155px']""}"
邓敏君,https://www.gdzy5413.com/main/ks/templet2/ksdoctorinfo.aspx?bid=929&typeid=134&cid=929&ksid=134&id=445,失败,无照片容器,,,,,,,,FULL_FETCH,"{""detail_http"":200,""detection_feature"":""ksdoctorinfo 本人照片容器存在，但 src/background 为空或仅为 /UploadFiles/image/"",""excluded_resources"":[{""reason"":""照片引用为空目录且无文件名"",""url"":""https://www.gdzy5413.com/UploadFiles/image/""}],""observed_utc"":""2026-08-18T18:09:20Z"",""photo_reference_count"":0,""resource_urls"":[""https://www.gdzy5413.com/UploadFiles/image/""],""template_signature"":""资料卡 div[style*='width: 120px'] > img[width='120px'][height='155px']""}"
陈乐,https://www.gdzy5413.com/main/ks/templet2/ksdoctorinfo.aspx?bid=929&typeid=134&cid=929&ksid=134&id=446,失败,无照片容器,,,,,,,,FULL_FETCH,"{""detail_http"":200,""detection_feature"":""ksdoctorinfo 本人照片容器存在，但 src/background 为空或仅为 /UploadFiles/image/"",""excluded_resources"":[{""reason"":""照片引用为空目录且无文件名"",""url"":""https://www.gdzy5413.com/UploadFiles/image/""}],""observed_utc"":""2026-08-18T18:09:20Z"",""photo_reference_count"":0,""resource_urls"":[""https://www.gdzy5413.com/UploadFiles/image/""],""template_signature"":""资料卡 div[style*='width: 120px'] > img[width='120px'][height='155px']""}"
陈伟萍,https://www.gdzy5413.com/main/ks/templet2/ksdoctorinfo.aspx?bid=929&typeid=134&cid=929&ksid=134&id=444,实采,,https://www.gdzy5413.com/UploadFiles/image/2014-3/20140301102516894_s.jpg,01_试点医院/广东省第二中医院/照片/陈伟萍-医技科-副主任医师-广东省第二中医院.png,png,11443,8ae0c8963d2d89608000ac19af1799079eadfa5947b8dbb02e4d77e7b85f6f03,75,100,TRIAL_REUSE,
宫静,https://www.gdzy5413.com/main/ks/templet2/ksdoctorinfo.aspx?bid=31&typeid=29&cid=31&ksid=29&id=657,实采,,https://www.gdzy5413.com/UploadFiles/image/2017-2/20170215031752407_s.jpg,01_试点医院/广东省第二中医院/照片/宫静-呼吸与危重症医学科-副主任中医师-广东省第二中医院.png,png,164184,f223b5d7c65eb206b366e661395fa06c98e40568acef9ec5e8b9f8cbdb9fec4b,248,365,TRIAL_REUSE,
李慧,https://www.gdzy5413.com/main/ks/templet2/ksdoctorinfo.aspx?bid=31&typeid=29&cid=31&ksid=29&id=87,实采,,https://www.gdzy5413.com/UploadFiles/image/2014-3/20140304052604640_s.jpg,01_试点医院/广东省第二中医院/照片/李慧-呼吸与危重症医学科-主任中医师-广东省第二中医院.png,png,27976,515bef2a7daa1c89737dd02d905c4c61f794c7e24497e137b201746c48f4a0d6,116,160,FULL_FETCH,
赵海方,https://www.gdzy5413.com/main/ks/templet2/ksdoctorinfo.aspx?bid=31&typeid=29&cid=31&ksid=29&id=343,实采,,https://www.gdzy5413.com/UploadFiles/image/2014-3/20140304052330464_s.jpg,01_试点医院/广东省第二中医院/照片/赵海方-呼吸与危重症医学科-副主任中医师-广东省第二中医院.png,png,30129,fbe1d68a74773f88036e2d7739923738f4b782f335c6ba0712df57444a34743d,116,160,FULL_FETCH,
郝小梅,https://www.gdzy5413.com/main/ks/templet2/ksdoctorinfo.aspx?bid=31&typeid=29&cid=31&ksid=29&id=342,实采,,https://www.gdzy5413.com/UploadFiles/image/2014-3/20140304052259314_s.jpg,01_试点医院/广东省第二中医院/照片/郝小梅-呼吸与危重症医学科-副主任医师-广东省第二中医院.png,png,25402,306a4ff51eb741e333e3c071d1ffb51bd95a16ce596ed976042548412bc24961,116,160,FULL_FETCH,
陈宁,https://www.gdzy5413.com/main/ks/templet2/ksdoctorinfo.aspx?bid=31&typeid=29&cid=31&ksid=29&id=341,实采,,https://www.gdzy5413.com/UploadFiles/image/2014-3/20140304052100500_s.jpg,01_试点医院/广东省第二中医院/照片/陈宁-呼吸与危重症医学科-主任中医师-广东省第二中医院.png,png,32816,48584fa6deb7f15d49fd69e7b97053b47d38184b2cc8d7100e6deb7306daaf10,116,160,FULL_FETCH,
陈宁,https://www.gdzy5413.com/main/doctor/specialist.aspx?typeid=564,实采,,https://www.gdzy5413.com/UploadFiles/image/2014-1/20140128022419389.jpg,01_试点医院/广东省第二中医院/照片/陈宁-呼吸科-主任医师-广东省第二中医院.jpg,jpg,50365,0967cefe4f6ba5a76430feb19199587d1ec990efd1a73af49286545cb66c3e8f,342,369,FULL_FETCH,
林谋清,https://www.gdzy5413.com/main/ks/templet2/ksdoctorinfo.aspx?bid=47&typeid=45&cid=47&ksid=45&id=417,实采,,https://www.gdzy5413.com/UploadFiles/image/2014-2/20140228033357452_s.jpg,01_试点医院/广东省第二中医院/照片/林谋清-外一科-主治中医师-广东省第二中医院.png,png,27977,d0e3812f91b3c98d4838518677fe433f69d4b45504acf0b85f9e832257a3871c,150,100,TRIAL_REUSE,
翟胜,https://www.gdzy5413.com/main/ks/templet2/ksdoctorinfo.aspx?bid=47&typeid=45&cid=47&ksid=45&id=420,实采,,https://www.gdzy5413.com/UploadFiles/image/2014-2/20140228041316109_s.jpg,01_试点医院/广东省第二中医院/照片/翟胜-外一科-主任中医师-广东省第二中医院.png,png,25544,3ebd6a317b44ab8d9dccb442966131a9cc392a348b2d403f7c37e41bb5e993ec,150,100,FULL_FETCH,
袁道彰,https://www.gdzy5413.com/main/ks/templet2/ksdoctorinfo.aspx?bid=47&typeid=45&cid=47&ksid=45&id=774,实采,,https://www.gdzy5413.com/UploadFiles/image/2024-12/20241224093822936_s.png,01_试点医院/广东省第二中医院/照片/袁道彰-外一科-主任中医师-广东省第二中医院.png,png,9812,248fc720624d3be3e49de74cdc354f87194148607bcc6f5e4b684f5e49f14828,83,100,FULL_FETCH,
赵冬,https://www.gdzy5413.com/main/ks/templet2/ksdoctorinfo.aspx?bid=47&typeid=45&cid=47&ksid=45&id=414,实采,,https://www.gdzy5413.com/UploadFiles/image/2014-2/20140228032450303_s.jpg,01_试点医院/广东省第二中医院/照片/赵冬-外一科-主任中医师-广东省第二中医院.png,png,27299,fb5fa06465a85bc671adf93f4c125893bae7ea1cc9abb19e4ccb54ed38c46c08,97,100,FULL_FETCH,
黄正宇,https://www.gdzy5413.com/main/ks/templet2/ksdoctorinfo.aspx?bid=47&typeid=45&cid=47&ksid=45&id=419,实采,,https://www.gdzy5413.com/UploadFiles/image/2014-2/20140228040943301_s.jpg,01_试点医院/广东省第二中医院/照片/黄正宇-外一科-主治医师-广东省第二中医院.png,png,27230,4ef1518f9dc56866e7fe7b8862f09031faac45966404b3af6b3cdb78b9bd7fc2,150,100,FULL_FETCH,
于锋,https://www.gdzy5413.com/main/ks/templet2/ksdoctorinfo.aspx?bid=50&typeid=48&cid=50&ksid=48&id=79,实采,,https://www.gdzy5413.com/UploadFiles/image/2014-4/20140430100008988.jpg,01_试点医院/广东省第二中医院/照片/于锋-外二科-主任医师-广东省第二中医院.jpg,jpg,38916,0047ae5e371040cc6bf8c97dc204608988ec2acf8ac669be77f96322be54855b,422,544,FULL_FLICKER_PROBE_REUSE,
王炜,https://www.gdzy5413.com/main/ks/templet2/ksdoctorinfo.aspx?bid=50&typeid=48&cid=50&ksid=48&id=257,实采,,https://www.gdzy5413.com/UploadFiles/image/2014-4/20140430095657952.jpg,01_试点医院/广东省第二中医院/照片/王炜-外二科-主任医师-广东省第二中医院.jpg,jpg,40986,4b30b54a985306d361648ea4b772315df4174d1ef4165c613bc3c4b37a28cdbe,422,544,FULL_FETCH,
刘婷,https://www.gdzy5413.com/main/ks/templet2/ksdoctorinfo.aspx?bid=62&typeid=60&cid=62&ksid=60&id=391,失败,无照片容器,,,,,,,,FULL_FETCH,"{""detail_http"":200,""detection_feature"":""ksdoctorinfo 本人照片容器存在，但 src/background 为空或仅为 /UploadFiles/image/"",""excluded_resources"":[{""reason"":""照片引用为空目录且无文件名"",""url"":""https://www.gdzy5413.com/UploadFiles/image/""}],""observed_utc"":""2026-08-18T18:09:26Z"",""photo_reference_count"":0,""resource_urls"":[""https://www.gdzy5413.com/UploadFiles/image/""],""template_signature"":""资料卡 div[style*='width: 120px'] > img[width='120px'][height='155px']""}"
张玉蓉,https://www.gdzy5413.com/main/ks/templet2/ksdoctorinfo.aspx?bid=62&typeid=60&cid=62&ksid=60&id=106,实采,,https://www.gdzy5413.com/UploadFiles/image/upload/633821463933078029.jpg,01_试点医院/广东省第二中医院/照片/张玉蓉-妇科-主任中医师-广东省第二中医院.jpg,jpg,4490,62ae7d49fbb4839b1c8dc63d3d234ce412b4c02a7169a7fc8cbc6a23bfa4d0f0,86,126,FULL_FETCH,
徐丹,https://www.gdzy5413.com/main/ks/templet2/ksdoctorinfo.aspx?bid=62&typeid=60&cid=62&ksid=60&id=135,失败,占位图,,,,,,,,FULL_FETCH,"{""detail_http"":200,""detection_feature"":""照片响应内容判定为占位图：known-placeholder-sha256:636b19e12d195b9da003dbbed0c68c0004864d6d86e990f8b606aa069b67b5a9；1622 bytes；86×126"",""excluded_resources"":[],""observed_utc"":""2026-08-18T18:09:27Z"",""photo_reference_count"":1,""resource_urls"":[""https://www.gdzy5413.com/UploadFiles/image/upload/633821583484719591.jpg""],""template_signature"":""资料卡 div[style*='width: 120px'] > img[width='120px'][height='155px']""}"
徐莉,https://www.gdzy5413.com/main/ks/templet2/ksdoctorinfo.aspx?bid=62&typeid=60&cid=62&ksid=60&id=107,实采,,https://www.gdzy5413.com/UploadFiles/image/upload/633821465715539273.jpg,01_试点医院/广东省第二中医院/照片/徐莉-妇科-主任中医师-广东省第二中医院.jpg,jpg,4842,7bd721ee5a6749b940f904821a185dfbf301089531593a5b7a46fa32d74365ea,86,126,FULL_FETCH,
王慧,https://www.gdzy5413.com/main/ks/templet2/ksdoctorinfo.aspx?bid=62&typeid=60&cid=62&ksid=60&id=298,失败,无照片容器,,,,,,,,FULL_FETCH,"{""detail_http"":200,""detection_feature"":""ksdoctorinfo 本人照片容器存在，但 src/background 为空或仅为 /UploadFiles/image/"",""excluded_resources"":[{""reason"":""照片引用为空目录且无文件名"",""url"":""https://www.gdzy5413.com/UploadFiles/image/""}],""observed_utc"":""2026-08-18T18:09:28Z"",""photo_reference_count"":0,""resource_urls"":[""https://www.gdzy5413.com/UploadFiles/image/""],""template_signature"":""资料卡 div[style*='width: 120px'] > img[width='120px'][height='155px']""}"
纪珮,https://www.gdzy5413.com/main/ks/templet2/ksdoctorinfo.aspx?bid=62&typeid=60&cid=62&ksid=60&id=134,失败,占位图,,,,,,,,FULL_FETCH,"{""detail_http"":200,""detection_feature"":""照片响应内容判定为占位图：known-placeholder-sha256:636b19e12d195b9da003dbbed0c68c0004864d6d86e990f8b606aa069b67b5a9；1622 bytes；86×126"",""excluded_resources"":[],""observed_utc"":""2026-08-18T18:09:28Z"",""photo_reference_count"":1,""resource_urls"":[""https://www.gdzy5413.com/UploadFiles/image/upload/633821583047464939.jpg""],""template_signature"":""资料卡 div[style*='width: 120px'] > img[width='120px'][height='155px']""}"
谢波,https://www.gdzy5413.com/main/doctor/specialist.aspx?typeid=554,实采,,https://www.gdzy5413.com/UploadFiles/image/2014-1/20140128014819759.jpg,01_试点医院/广东省第二中医院/照片/谢波-妇科-主任中医师-广东省第二中医院.jpg,jpg,50162,d993b471fb8d1cb69cabbf4f5e5102b8001e0f8b76268f4156e841c563f39326,342,369,FULL_FETCH,
谢波,https://www.gdzy5413.com/main/ks/templet2/ksdoctorinfo.aspx?bid=62&typeid=60&cid=62&ksid=60&id=390,失败,无照片容器,,,,,,,,FULL_FETCH,"{""detail_http"":200,""detection_feature"":""ksdoctorinfo 本人照片容器存在，但 src/background 为空或仅为 /UploadFiles/image/"",""excluded_resources"":[{""reason"":""照片引用为空目录且无文件名"",""url"":""https://www.gdzy5413.com/UploadFiles/image/""}],""observed_utc"":""2026-08-18T18:09:29Z"",""photo_reference_count"":0,""resource_urls"":[""https://www.gdzy5413.com/UploadFiles/image/""],""template_signature"":""资料卡 div[style*='width: 120px'] > img[width='120px'][height='155px']""}"
郭涛,https://www.gdzy5413.com/main/ks/templet2/ksdoctorinfo.aspx?bid=62&typeid=60&cid=62&ksid=60&id=205,实采,,https://www.gdzy5413.com/UploadFiles/image/upload/633869821145456250.jpg,01_试点医院/广东省第二中医院/照片/郭涛-妇科-主任医师-广东省第二中医院.jpg,jpg,5958,d95887b01e9df25d0efcc6273e86e817c31057a6b912248920fe1441901561b3,86,123,FULL_FETCH,
陈小平,https://www.gdzy5413.com/main/ks/templet2/ksdoctorinfo.aspx?bid=62&typeid=60&cid=62&ksid=60&id=112,实采,,https://www.gdzy5413.com/UploadFiles/image/upload/634080524836222903.jpg,01_试点医院/广东省第二中医院/照片/陈小平-妇科-主任中医师-广东省第二中医院.jpg,jpg,14986,91797e86d7932d871035a346fd4060b2480ca643c30360bd320bb808ac44942c,148,216,FULL_FETCH,
陈靓芬,https://www.gdzy5413.com/main/ks/templet2/ksdoctorinfo.aspx?bid=62&typeid=60&cid=62&ksid=60&id=136,失败,占位图,,,,,,,,FULL_FETCH,"{""detail_http"":200,""detection_feature"":""照片响应内容判定为占位图：known-placeholder-sha256:636b19e12d195b9da003dbbed0c68c0004864d6d86e990f8b606aa069b67b5a9；1622 bytes；86×126"",""excluded_resources"":[],""observed_utc"":""2026-08-18T18:09:31Z"",""photo_reference_count"":1,""resource_urls"":[""https://www.gdzy5413.com/UploadFiles/image/upload/633821583923068161.jpg""],""template_signature"":""资料卡 div[style*='width: 120px'] > img[width='120px'][height='155px']""}"
代树程,https://www.gdzy5413.com/main/ks/templet2/ksdoctorinfo.aspx?bid=957&typeid=955&cid=957&ksid=955&id=504,失败,无照片容器,,,,,,,,FULL_FETCH,"{""detail_http"":200,""detection_feature"":""ksdoctorinfo 本人照片容器存在，但 src/background 为空或仅为 /UploadFiles/image/"",""excluded_resources"":[{""reason"":""照片引用为空目录且无文件名"",""url"":""https://www.gdzy5413.com/UploadFiles/image/""}],""observed_utc"":""2026-08-18T18:09:31Z"",""photo_reference_count"":0,""resource_urls"":[""https://www.gdzy5413.com/UploadFiles/image/""],""template_signature"":""资料卡 div[style*='width: 120px'] > img[width='120px'][height='155px']""}"
李琎,https://www.gdzy5413.com/main/ks/templet2/ksdoctorinfo.aspx?bid=957&typeid=955&cid=957&ksid=955&id=509,失败,无照片容器,,,,,,,,FULL_FETCH,"{""detail_http"":200,""detection_feature"":""ksdoctorinfo 本人照片容器存在，但 src/background 为空或仅为 /UploadFiles/image/"",""excluded_resources"":[{""reason"":""照片引用为空目录且无文件名"",""url"":""https://www.gdzy5413.com/UploadFiles/image/""}],""observed_utc"":""2026-08-18T18:09:32Z"",""photo_reference_count"":0,""resource_urls"":[""https://www.gdzy5413.com/UploadFiles/image/""],""template_signature"":""资料卡 div[style*='width: 120px'] > img[width='120px'][height='155px']""}"
李雪芳,https://www.gdzy5413.com/main/ks/templet2/ksdoctorinfo.aspx?bid=957&typeid=955&cid=957&ksid=955&id=503,失败,无照片容器,,,,,,,,FULL_FETCH,"{""detail_http"":200,""detection_feature"":""ksdoctorinfo 本人照片容器存在，但 src/background 为空或仅为 /UploadFiles/image/"",""excluded_resources"":[{""reason"":""照片引用为空目录且无文件名"",""url"":""https://www.gdzy5413.com/UploadFiles/image/""}],""observed_utc"":""2026-08-18T18:09:32Z"",""photo_reference_count"":0,""resource_urls"":[""https://www.gdzy5413.com/UploadFiles/image/""],""template_signature"":""资料卡 div[style*='width: 120px'] > img[width='120px'][height='155px']""}"
林立军,https://www.gdzy5413.com/main/ks/templet2/ksdoctorinfo.aspx?bid=957&typeid=955&cid=957&ksid=955&id=508,失败,无照片容器,,,,,,,,FULL_FETCH,"{""detail_http"":200,""detection_feature"":""ksdoctorinfo 本人照片容器存在，但 src/background 为空或仅为 /UploadFiles/image/"",""excluded_resources"":[{""reason"":""照片引用为空目录且无文件名"",""url"":""https://www.gdzy5413.com/UploadFiles/image/""}],""observed_utc"":""2026-08-18T18:09:32Z"",""photo_reference_count"":0,""resource_urls"":[""https://www.gdzy5413.com/UploadFiles/image/""],""template_signature"":""资料卡 div[style*='width: 120px'] > img[width='120px'][height='155px']""}"
林雪珊,https://www.gdzy5413.com/main/ks/templet2/ksdoctorinfo.aspx?bid=957&typeid=955&cid=957&ksid=955&id=506,失败,无照片容器,,,,,,,,FULL_FETCH,"{""detail_http"":200,""detection_feature"":""ksdoctorinfo 本人照片容器存在，但 src/background 为空或仅为 /UploadFiles/image/"",""excluded_resources"":[{""reason"":""照片引用为空目录且无文件名"",""url"":""https://www.gdzy5413.com/UploadFiles/image/""}],""observed_utc"":""2026-08-18T18:09:33Z"",""photo_reference_count"":0,""resource_urls"":[""https://www.gdzy5413.com/UploadFiles/image/""],""template_signature"":""资料卡 div[style*='width: 120px'] > img[width='120px'][height='155px']""}"
沈鸿,https://www.gdzy5413.com/main/ks/templet2/ksdoctorinfo.aspx?bid=957&typeid=955&cid=957&ksid=955&id=505,失败,无照片容器,,,,,,,,FULL_FETCH,"{""detail_http"":200,""detection_feature"":""ksdoctorinfo 本人照片容器存在，但 src/background 为空或仅为 /UploadFiles/image/"",""excluded_resources"":[{""reason"":""照片引用为空目录且无文件名"",""url"":""https://www.gdzy5413.com/UploadFiles/image/""}],""observed_utc"":""2026-08-18T18:09:33Z"",""photo_reference_count"":0,""resource_urls"":[""https://www.gdzy5413.com/UploadFiles/image/""],""template_signature"":""资料卡 div[style*='width: 120px'] > img[width='120px'][height='155px']""}"
王蓉,https://www.gdzy5413.com/main/ks/templet2/ksdoctorinfo.aspx?bid=957&typeid=955&cid=957&ksid=955&id=510,失败,无照片容器,,,,,,,,FULL_FETCH,"{""detail_http"":200,""detection_feature"":""ksdoctorinfo 本人照片容器存在，但 src/background 为空或仅为 /UploadFiles/image/"",""excluded_resources"":[{""reason"":""照片引用为空目录且无文件名"",""url"":""https://www.gdzy5413.com/UploadFiles/image/""}],""observed_utc"":""2026-08-18T18:09:33Z"",""photo_reference_count"":0,""resource_urls"":[""https://www.gdzy5413.com/UploadFiles/image/""],""template_signature"":""资料卡 div[style*='width: 120px'] > img[width='120px'][height='155px']""}"
董明,https://www.gdzy5413.com/main/ks/templet2/ksdoctorinfo.aspx?bid=957&typeid=955&cid=957&ksid=955&id=497,失败,无照片容器,,,,,,,,FULL_FETCH,"{""detail_http"":200,""detection_feature"":""ksdoctorinfo 本人照片容器存在，但 src/background 为空或仅为 /UploadFiles/image/"",""excluded_resources"":[{""reason"":""照片引用为空目录且无文件名"",""url"":""https://www.gdzy5413.com/UploadFiles/image/""}],""observed_utc"":""2026-08-18T18:09:34Z"",""photo_reference_count"":0,""resource_urls"":[""https://www.gdzy5413.com/UploadFiles/image/""],""template_signature"":""资料卡 div[style*='width: 120px'] > img[width='120px'][height='155px']""}"
邓秀珍,https://www.gdzy5413.com/main/ks/templet2/ksdoctorinfo.aspx?bid=957&typeid=955&cid=957&ksid=955&id=507,失败,无照片容器,,,,,,,,FULL_FETCH,"{""detail_http"":200,""detection_feature"":""ksdoctorinfo 本人照片容器存在，但 src/background 为空或仅为 /UploadFiles/image/"",""excluded_resources"":[{""reason"":""照片引用为空目录且无文件名"",""url"":""https://www.gdzy5413.com/UploadFiles/image/""}],""observed_utc"":""2026-08-18T18:09:34Z"",""photo_reference_count"":0,""resource_urls"":[""https://www.gdzy5413.com/UploadFiles/image/""],""template_signature"":""资料卡 div[style*='width: 120px'] > img[width='120px'][height='155px']""}"
邱俊杰,https://www.gdzy5413.com/main/ks/templet2/ksdoctorinfo.aspx?bid=957&typeid=955&cid=957&ksid=955&id=502,失败,无照片容器,,,,,,,,FULL_FETCH,"{""detail_http"":200,""detection_feature"":""ksdoctorinfo 本人照片容器存在，但 src/background 为空或仅为 /UploadFiles/image/"",""excluded_resources"":[{""reason"":""照片引用为空目录且无文件名"",""url"":""https://www.gdzy5413.com/UploadFiles/image/""}],""observed_utc"":""2026-08-18T18:09:34Z"",""photo_reference_count"":0,""resource_urls"":[""https://www.gdzy5413.com/UploadFiles/image/""],""template_signature"":""资料卡 div[style*='width: 120px'] > img[width='120px'][height='155px']""}"
陈海城,https://www.gdzy5413.com/main/ks/templet2/ksdoctorinfo.aspx?bid=957&typeid=955&cid=957&ksid=955&id=499,失败,无照片容器,,,,,,,,FULL_FETCH,"{""detail_http"":200,""detection_feature"":""ksdoctorinfo 本人照片容器存在，但 src/background 为空或仅为 /UploadFiles/image/"",""excluded_resources"":[{""reason"":""照片引用为空目录且无文件名"",""url"":""https://www.gdzy5413.com/UploadFiles/image/""}],""observed_utc"":""2026-08-18T18:09:35Z"",""photo_reference_count"":0,""resource_urls"":[""https://www.gdzy5413.com/UploadFiles/image/""],""template_signature"":""资料卡 div[style*='width: 120px'] > img[width='120px'][height='155px']""}"
马连东,https://www.gdzy5413.com/main/ks/templet2/ksdoctorinfo.aspx?bid=957&typeid=955&cid=957&ksid=955&id=500,失败,无照片容器,,,,,,,,FULL_FETCH,"{""detail_http"":200,""detection_feature"":""ksdoctorinfo 本人照片容器存在，但 src/background 为空或仅为 /UploadFiles/image/"",""excluded_resources"":[{""reason"":""照片引用为空目录且无文件名"",""url"":""https://www.gdzy5413.com/UploadFiles/image/""}],""observed_utc"":""2026-08-18T18:09:35Z"",""photo_reference_count"":0,""resource_urls"":[""https://www.gdzy5413.com/UploadFiles/image/""],""template_signature"":""资料卡 div[style*='width: 120px'] > img[width='120px'][height='155px']""}"
魏国辉,https://www.gdzy5413.com/main/ks/templet2/ksdoctorinfo.aspx?bid=957&typeid=955&cid=957&ksid=955&id=501,失败,无照片容器,,,,,,,,FULL_FETCH,"{""detail_http"":200,""detection_feature"":""ksdoctorinfo 本人照片容器存在，但 src/background 为空或仅为 /UploadFiles/image/"",""excluded_resources"":[{""reason"":""照片引用为空目录且无文件名"",""url"":""https://www.gdzy5413.com/UploadFiles/image/""}],""observed_utc"":""2026-08-18T18:09:35Z"",""photo_reference_count"":0,""resource_urls"":[""https://www.gdzy5413.com/UploadFiles/image/""],""template_signature"":""资料卡 div[style*='width: 120px'] > img[width='120px'][height='155px']""}"
黄承武,https://www.gdzy5413.com/main/ks/templet2/ksdoctorinfo.aspx?bid=957&typeid=955&cid=957&ksid=955&id=498,失败,无照片容器,,,,,,,,FULL_FETCH,"{""detail_http"":200,""detection_feature"":""ksdoctorinfo 本人照片容器存在，但 src/background 为空或仅为 /UploadFiles/image/"",""excluded_resources"":[{""reason"":""照片引用为空目录且无文件名"",""url"":""https://www.gdzy5413.com/UploadFiles/image/""}],""observed_utc"":""2026-08-18T18:09:36Z"",""photo_reference_count"":0,""resource_urls"":[""https://www.gdzy5413.com/UploadFiles/image/""],""template_signature"":""资料卡 div[style*='width: 120px'] > img[width='120px'][height='155px']""}"
李德军,https://www.gdzy5413.com/main/ks/templet2/ksdoctorinfo.aspx?bid=22&typeid=20&cid=22&ksid=20&id=318,实采,,https://www.gdzy5413.com/UploadFiles/image/2014-2/20140228053149950_s.jpg,01_试点医院/广东省第二中医院/照片/李德军-心血管科-副主任中医师-广东省第二中医院.png,png,44432,6381ffa245d16f999df6e8e2a19893061da120b41051bbf85f96d5757f1a9134,120,160,FULL_FETCH,
李桂明,https://www.gdzy5413.com/main/ks/templet2/ksdoctorinfo.aspx?bid=22&typeid=20&cid=22&ksid=20&id=317,实采,,https://www.gdzy5413.com/UploadFiles/image/2014-2/20140228053227808_s.jpg,01_试点医院/广东省第二中医院/照片/李桂明-心血管科-主任中医师-广东省第二中医院.png,png,31663,d7c5a4bd325fbc3531c87230a864d7cee66870362a684ee93becb5a920c48cac,120,160,FULL_FETCH,
梁宏宇,https://www.gdzy5413.com/main/ks/templet2/ksdoctorinfo.aspx?bid=1518&typeid=1516&cid=1518&ksid=1516&id=66,实采,,https://www.gdzy5413.com/UploadFiles/image/2014-3/20140304050715287_s.jpg,01_试点医院/广东省第二中医院/照片/梁宏宇-心血管科-副主任中医师-广东省第二中医院.png,png,28124,16d4b07ee3c210cbab2c38244ba8be7dfd03e1c28c35393f45416443806fb1be,116,160,FULL_FETCH,
王清海,https://www.gdzy5413.com/main/ks/templet2/ksdoctorinfo.aspx?bid=22&typeid=20&cid=22&ksid=20&id=47,实采,,https://www.gdzy5413.com/UploadFiles/image/2014-2/20140227022417300_s.jpg,01_试点医院/广东省第二中医院/照片/王清海-心血管科-主任中医师-广东省第二中医院.png,png,35696,77222dbe5ef10959dfd840664619a3c3a0acf3f0d48a311ca33a093299036a66,106,160,FULL_FETCH,
苏慧,https://www.gdzy5413.com/main/ks/templet2/ksdoctorinfo.aspx?bid=22&typeid=20&cid=22&ksid=20&id=127,实采,,https://www.gdzy5413.com/UploadFiles/image/2014-3/20140304050748413_s.jpg,01_试点医院/广东省第二中医院/照片/苏慧-心血管科-副主任中医师-广东省第二中医院.png,png,24178,70abb6313981f0bcd1d945da5fb05261d5d01d3e0328f8778b4970d480fb9507,116,160,FULL_FETCH,
袁丁,https://www.gdzy5413.com/main/ks/templet2/ksdoctorinfo.aspx?bid=22&typeid=20&cid=22&ksid=20&id=308,实采,,https://www.gdzy5413.com/UploadFiles/image/2014-3/20140304050512309_s.jpg,01_试点医院/广东省第二中医院/照片/袁丁-心血管科-主任中医师-广东省第二中医院.png,png,30506,8ab7440900373eef652098498317a911c07241197634641c166e01c5680a9771,116,160,FULL_FETCH,
靳利利,https://www.gdzy5413.com/main/doctor/specialist.aspx?typeid=699,实采,,https://www.gdzy5413.com/UploadFiles/image/2014-2/20140214052754190.jpg,01_试点医院/广东省第二中医院/照片/靳利利-心血管科-主任中医师-广东省第二中医院.jpg,jpg,52324,b11b85afe94fafe92e2486b09c3aa14719ed7204f37e28595583445f74a25917,342,369,TRIAL_REUSE,
靳利利,https://www.gdzy5413.com/main/ks/templet2/ksdoctorinfo.aspx?bid=22&typeid=20&cid=22&ksid=20&id=36,实采,,https://www.gdzy5413.com/UploadFiles/image/2014-3/20140304050638700_s.jpg,01_试点医院/广东省第二中医院/照片/靳利利-心血管科-主任中医师-广东省第二中医院.png,png,28133,752b74e9820765ff46c48cdd2bb8852cc2cfd892ca4e71fe1b3de6453d7ce6e3,116,160,FULL_FETCH,
黄培红,https://www.gdzy5413.com/main/ks/templet2/ksdoctorinfo.aspx?bid=22&typeid=20&cid=22&ksid=20&id=125,实采,,https://www.gdzy5413.com/UploadFiles/image/2014-3/20140304050348298_s.jpg,01_试点医院/广东省第二中医院/照片/黄培红-心血管科-副主任中医师-广东省第二中医院.png,png,24544,13a433df7caf383bd24706d23e7d2c12a608b072c96ffbbb9445d95c19f0c2f6,116,160,FULL_FETCH,
刘征彦,https://www.gdzy5413.com/main/ks/templet2/ksdoctorinfo.aspx?bid=1274&typeid=1272&cid=1274&ksid=1272&id=492,实采,,https://www.gdzy5413.com/UploadFiles/image/2014-4/20140423021859261_s.jpg,01_试点医院/广东省第二中医院/照片/刘征彦-急诊科-副主任中医师-广东省第二中医院.png,png,19507,41ad4cd17e025210bd2b234109b2f31171e05363f79d798a2cedb2444385dc22,89,100,FULL_FETCH,
李典鸿,https://www.gdzy5413.com/main/ks/templet2/ksdoctorinfo.aspx?bid=1274&typeid=1272&cid=1274&ksid=1272&id=489,实采,,https://www.gdzy5413.com/UploadFiles/image/2014-3/20140307101201171_s.jpg,01_试点医院/广东省第二中医院/照片/李典鸿-急诊科-主任中医师-广东省第二中医院.png,png,35970,448b687fb58472aeaf626d7259d5a02bec816be16a3a9196d560a147e280c879,124,160,FULL_FETCH,
李继庭,https://www.gdzy5413.com/main/ks/templet2/ksdoctorinfo.aspx?bid=1274&typeid=1272&cid=1274&ksid=1272&id=493,实采,,https://www.gdzy5413.com/UploadFiles/image/2014-3/20140307101004467_s.jpg,01_试点医院/广东省第二中医院/照片/李继庭-急诊科-副主任中医师-广东省第二中医院.png,png,35601,b425ca53b11ef7b892d3e118cd58e3f50cdd82355e11317396027c52b459fc5f,124,160,FULL_FETCH,
梁文坚,https://www.gdzy5413.com/main/ks/templet2/ksdoctorinfo.aspx?bid=1274&typeid=1272&cid=1274&ksid=1272&id=491,实采,,https://www.gdzy5413.com/UploadFiles/image/2014-3/20140307101105241_s.jpg,01_试点医院/广东省第二中医院/照片/梁文坚-急诊科-主任中医师-广东省第二中医院.png,png,33150,b161396e53fd12e09221e9e63c0077fb379845ff4b103b2254a9f5149e6741cc,124,160,FULL_FETCH,
江儒文,https://www.gdzy5413.com/main/ks/templet2/ksdoctorinfo.aspx?bid=1274&typeid=1272&cid=1274&ksid=1272&id=490,实采,,https://www.gdzy5413.com/UploadFiles/image/2014-3/20140307101128700_s.jpg,01_试点医院/广东省第二中医院/照片/江儒文-急诊科-副主任医师-广东省第二中医院.png,png,35727,0293f7fefce39d70787a57777f947b8a7aed34a9eeb680742269bbf2142084fd,124,160,FULL_FETCH,
陈垚,https://www.gdzy5413.com/main/ks/templet2/ksdoctorinfo.aspx?bid=1274&typeid=1272&cid=1274&ksid=1272&id=495,实采,,https://www.gdzy5413.com/UploadFiles/image/2014-3/20140307100917975_s.jpg,01_试点医院/广东省第二中医院/照片/陈垚-急诊科-主治中医师-广东省第二中医院.png,png,35181,58303061c86f7c18bb88bd5ceb3a8c84a4a5a40f7c723fbfc61224931dfe56ea,124,160,FULL_FETCH,
朱光,https://www.gdzy5413.com/main/ks/templet2/ksdoctorinfo.aspx?bid=75&typeid=73&cid=75&ksid=73&id=425,失败,无照片容器,,,,,,,,FULL_FETCH,"{""detail_http"":200,""detection_feature"":""ksdoctorinfo 本人照片容器存在，但 src/background 为空或仅为 /UploadFiles/image/"",""excluded_resources"":[{""reason"":""照片引用为空目录且无文件名"",""url"":""https://www.gdzy5413.com/UploadFiles/image/""}],""observed_utc"":""2026-08-18T18:09:44Z"",""photo_reference_count"":0,""resource_urls"":[""https://www.gdzy5413.com/UploadFiles/image/""],""template_signature"":""资料卡 div[style*='width: 120px'] > img[width='120px'][height='155px']""}"
罗凛,https://www.gdzy5413.com/main/ks/templet2/ksdoctorinfo.aspx?bid=75&typeid=73&cid=75&ksid=73&id=423,实采,,https://www.gdzy5413.com/UploadFiles/image/2014-5/20140509095532285_s.jpg,01_试点医院/广东省第二中医院/照片/罗凛-推拿科-主任中医师-广东省第二中医院.png,png,29324,1ed01b36474e9917d77434626f17578a64732ef91486a1b58f20105f0f6b5c05,122,160,FULL_FETCH,
何宇巍,https://www.gdzy5413.com/main/ks/templet2/ksdoctorinfo.aspx?bid=926&typeid=131&cid=926&ksid=131&id=767,实采,,https://www.gdzy5413.com/UploadFiles/image/2023-3/20230327102839830_s.jpg,01_试点医院/广东省第二中医院/照片/何宇巍-检验科-主管技师-广东省第二中医院.png,png,12991,975f31c2124fbd27eaa87658449261f2a4186f774a109fe3da017c2346822b2e,71,100,TRIAL_REUSE,
刘启波,https://www.gdzy5413.com/main/ks/templet2/ksdoctorinfo.aspx?bid=926&typeid=131&cid=926&ksid=131&id=363,实采,,https://www.gdzy5413.com/UploadFiles/image/2023-3/20230327101611128_s.jpg,01_试点医院/广东省第二中医院/照片/刘启波-检验科-未标注-广东省第二中医院.png,png,12911,3b4207a43f8a7b61cf51aa7f7135d91a37d8eb65cef06a5a41d5ae118bf47a1c,71,100,FULL_FETCH,
卢建伟,https://www.gdzy5413.com/main/ks/templet2/ksdoctorinfo.aspx?bid=926&typeid=131&cid=926&ksid=131&id=772,实采,,https://www.gdzy5413.com/UploadFiles/image/2023-3/20230327103351508_s.jpg,01_试点医院/广东省第二中医院/照片/卢建伟-检验科-主管技师-广东省第二中医院.png,png,11922,3b2e9e5ab6034e31aed151fb6969a889b810ce4e5dfcc0423f00afaaa400315f,68,100,FULL_FETCH,
李冉,https://www.gdzy5413.com/main/ks/templet2/ksdoctorinfo.aspx?bid=926&typeid=131&cid=926&ksid=131&id=389,实采,,https://www.gdzy5413.com/UploadFiles/image/2023-3/20230327101957287_s.jpg,01_试点医院/广东省第二中医院/照片/李冉-检验科-未标注-广东省第二中医院.png,png,13791,0d7a28b460e79153b5580f44bd2a49fbeb7c353f05a99c61dedc0db86138eab1,71,100,FULL_FETCH,
李蔼文,https://www.gdzy5413.com/main/ks/templet2/ksdoctorinfo.aspx?bid=926&typeid=131&cid=926&ksid=131&id=359,实采,,https://www.gdzy5413.com/UploadFiles/image/2023-3/20230327102107515_s.jpg,01_试点医院/广东省第二中医院/照片/李蔼文-检验科-未标注-广东省第二中医院.png,png,15257,43b649f0c44c3b76a1376d05809bf4a3891bf8f47aa626fbc1dd3f2c1cae5d68,71,100,FULL_FETCH,
王康椿,https://www.gdzy5413.com/main/ks/templet2/ksdoctorinfo.aspx?bid=926&typeid=131&cid=926&ksid=131&id=361,实采,,https://www.gdzy5413.com/UploadFiles/image/2023-3/20230327102558992_s.jpg,01_试点医院/广东省第二中医院/照片/王康椿-检验科-未标注-广东省第二中医院.png,png,12627,99a40ff60077262ffccd6349f0b46420ef1ed9053e390d15c3f853f5ef45a534,71,100,FULL_FETCH,
谭俊青,https://www.gdzy5413.com/main/ks/templet2/ksdoctorinfo.aspx?bid=926&typeid=131&cid=926&ksid=131&id=288,实采,,https://www.gdzy5413.com/UploadFiles/image/2023-3/20230327101348259_s.jpg,01_试点医院/广东省第二中医院/照片/谭俊青-检验科-主任技师-广东省第二中医院.png,png,12916,c747910064901ab019003ecdaa86c1302f1ab7e22d789826e3d80fd5c027593f,71,100,FULL_FETCH,
邓超,https://www.gdzy5413.com/main/ks/templet2/ksdoctorinfo.aspx?bid=926&typeid=131&cid=926&ksid=131&id=769,实采,,https://www.gdzy5413.com/UploadFiles/image/2023-3/20230327103050703_s.jpg,01_试点医院/广东省第二中医院/照片/邓超-检验科-主管技师-广东省第二中医院.png,png,13098,a42ad65f045eccae01469a74defa5740583f0412d85d4f5a70199ffedc329760,71,100,FULL_FETCH,
黄双旺,https://www.gdzy5413.com/main/ks/templet2/ksdoctorinfo.aspx?bid=926&typeid=131&cid=926&ksid=131&id=362,实采,,https://www.gdzy5413.com/UploadFiles/image/2023-3/20230327102756567_s.jpg,01_试点医院/广东省第二中医院/照片/黄双旺-检验科-未标注-广东省第二中医院.png,png,12348,d24f93116efb4ce3d8d746e47d3f77fd1758c9d91f598b3263fa0407bb5038b2,71,100,FULL_FETCH,
黎翠翠,https://www.gdzy5413.com/main/ks/templet2/ksdoctorinfo.aspx?bid=926&typeid=131&cid=926&ksid=131&id=770,实采,,https://www.gdzy5413.com/UploadFiles/image/2023-3/20230327103157118_s.jpg,01_试点医院/广东省第二中医院/照片/黎翠翠-检验科-未标注-广东省第二中医院.png,png,11516,8a1c5e95d522d47c85f492f634940439bf13de06b966456ab933a30ab49bca41,68,100,FULL_FETCH,
孙正平,https://www.gdzy5413.com/main/ks/templet2/ksdoctorinfo.aspx?bid=104&typeid=102&cid=104&ksid=102&id=488,实采,,https://www.gdzy5413.com/UploadFiles/image/2014-3/20140305102314685_s.jpg,01_试点医院/广东省第二中医院/照片/孙正平-治未病(健康体检)中心-主治中医师-广东省第二中医院.png,png,72684,2433a183fcefadaca3a3d8d960225f5ec4f04fdeeab5570b78a74cfe6c7aae87,178,160,TRIAL_REUSE,
杨美芝,https://www.gdzy5413.com/main/ks/templet2/ksdoctorinfo.aspx?bid=104&typeid=102&cid=104&ksid=102&id=484,实采,,https://www.gdzy5413.com/UploadFiles/image/2014-3/20140305102020421_s.jpg,01_试点医院/广东省第二中医院/照片/杨美芝-治未病(健康体检)中心-副主任中医师-广东省第二中医院.png,png,30923,1b5d6750ced83698f8d133eeafea3b82d7e78337d40b06d0ed3a0f5fafa61778,120,160,FULL_FETCH,
林晓洁,https://www.gdzy5413.com/main/ks/templet2/ksdoctorinfo.aspx?bid=104&typeid=102&cid=104&ksid=102&id=482,实采,,https://www.gdzy5413.com/UploadFiles/image/2014-3/20140305101608934_s.jpg,01_试点医院/广东省第二中医院/照片/林晓洁-治未病(健康体检)中心-主任中医师-广东省第二中医院.png,png,33589,d7f419483cd9a26825f54698f8b8a408d008eb0e173c484a624e7d87144c1b1b,120,160,FULL_FETCH,
郑洁莉,https://www.gdzy5413.com/main/ks/templet2/ksdoctorinfo.aspx?bid=104&typeid=102&cid=104&ksid=102&id=483,实采,,https://www.gdzy5413.com/UploadFiles/image/2014-3/20140305101957489_s.jpg,01_试点医院/广东省第二中医院/照片/郑洁莉-治未病(健康体检)中心-副主任中医师-广东省第二中医院.png,png,26167,cc5caf2582169094b63da885015a9b95e1a9a3e16cf120b6160f3c3eac4cbdca,120,160,FULL_FETCH,
冷建国,https://www.gdzy5413.com/main/ks/templet2/ksdoctorinfo.aspx?bid=1229&typeid=1227&cid=1229&ksid=1227&id=518,实采,,https://www.gdzy5413.com/UploadFiles/image/2014-3/20140310052429691_s.jpg,01_试点医院/广东省第二中医院/照片/冷建国-淘金门诊-主任医师-广东省第二中医院.png,png,44524,863631a037bb560cd71b7a79b0d82b95a5a47722f20a8725391bfb900b868d4f,120,160,FULL_FETCH,
周亦农,https://www.gdzy5413.com/main/ks/templet2/ksdoctorinfo.aspx?bid=988&typeid=898&cid=988&ksid=898&id=514,实采,,https://www.gdzy5413.com/UploadFiles/image/2014-3/20140310051521437_s.jpg,01_试点医院/广东省第二中医院/照片/周亦农-淘金门诊-主治中医师-广东省第二中医院.png,png,35959,c243dfe2c0dd0de710a35d1cc49dfd3bdbf1fe73d573fa4fe6a50290e64c05e3,122,160,FULL_FETCH,
孔庆新,https://www.gdzy5413.com/main/ks/templet2/ksdoctorinfo.aspx?bid=1229&typeid=1227&cid=1229&ksid=1227&id=527,实采,,https://www.gdzy5413.com/UploadFiles/image/2014-3/20140310053047420_s.jpg,01_试点医院/广东省第二中医院/照片/孔庆新-淘金门诊-主治医师-广东省第二中医院.png,png,46799,cfd6222f046c2ec924fe6e3d0d87d865d8d312da6382944b325c1998f2d7ab0b,118,160,FULL_FETCH,
孙玉冰,https://www.gdzy5413.com/main/ks/templet2/ksdoctorinfo.aspx?bid=1229&typeid=1227&cid=1229&ksid=1227&id=520,实采,,https://www.gdzy5413.com/UploadFiles/image/2014-3/20140310052605538_s.jpg,01_试点医院/广东省第二中医院/照片/孙玉冰-淘金门诊-主任中医师-广东省第二中医院.png,png,43876,ebe90d9c70e8c2dae0e416d4852b09ccb9c78d033b8e5109d294022c67a6c06e,124,160,FULL_FETCH,
宋腾菊,https://www.gdzy5413.com/main/ks/templet2/ksdoctorinfo.aspx?bid=1229&typeid=1227&cid=1229&ksid=1227&id=529,失败,无照片容器,,,,,,,,FULL_FETCH,"{""detail_http"":200,""detection_feature"":""ksdoctorinfo 本人照片容器存在，但 src/background 为空或仅为 /UploadFiles/image/"",""excluded_resources"":[{""reason"":""照片引用为空目录且无文件名"",""url"":""https://www.gdzy5413.com/UploadFiles/image/""}],""observed_utc"":""2026-08-18T18:09:54Z"",""photo_reference_count"":0,""resource_urls"":[""https://www.gdzy5413.com/UploadFiles/image/""],""template_signature"":""资料卡 div[style*='width: 120px'] > img[width='120px'][height='155px']""}"
蔡荣华,https://www.gdzy5413.com/main/ks/templet2/ksdoctorinfo.aspx?bid=1000&typeid=909&cid=1000&ksid=909&id=512,实采,,https://www.gdzy5413.com/UploadFiles/image/2014-3/20140310043536420_s.jpg,01_试点医院/广东省第二中医院/照片/蔡荣华-淘金门诊-医师-广东省第二中医院.png,png,43121,2e560256e38c17ef3a9e585cb5cb6b3ccfd5646fc87665dc3e0aeaf2cb0caaf1,125,160,FULL_FETCH,
许杰红,https://www.gdzy5413.com/main/ks/templet2/ksdoctorinfo.aspx?bid=1229&typeid=1227&cid=1229&ksid=1227&id=522,实采,,https://www.gdzy5413.com/UploadFiles/image/2014-3/20140310052734939_s.jpg,01_试点医院/广东省第二中医院/照片/许杰红-淘金门诊-副主任医师-广东省第二中医院.png,png,41661,d15a7e43b8952dfe97f72393abfba2f94c2411bfc85db8b0335a3961241690b0,120,160,FULL_FETCH,
邬淼林,https://www.gdzy5413.com/main/ks/templet2/ksdoctorinfo.aspx?bid=1229&typeid=1227&cid=1229&ksid=1227&id=521,实采,,https://www.gdzy5413.com/UploadFiles/image/2014-3/20140310052654269_s.jpg,01_试点医院/广东省第二中医院/照片/邬淼林-淘金门诊-副主任医师-广东省第二中医院.png,png,46615,d7a831e77fde9f5ecc4f32d82e1ae4737448a794f71d7da70f7015146d7be878,123,160,FULL_FETCH,
邱联群,https://www.gdzy5413.com/main/ks/templet2/ksdoctorinfo.aspx?bid=1229&typeid=1227&cid=1229&ksid=1227&id=523,实采,,https://www.gdzy5413.com/UploadFiles/image/2014-3/20140310052813934_s.jpg,01_试点医院/广东省第二中医院/照片/邱联群-淘金门诊-主任医师-广东省第二中医院.png,png,46356,62d4c5efd53c7f821339b7a2c465525c65a21d1f62d4935c4ebfa69ccaccc9ad,123,160,FULL_FETCH,
陈红林,https://www.gdzy5413.com/main/ks/templet2/ksdoctorinfo.aspx?bid=1229&typeid=1227&cid=1229&ksid=1227&id=524,实采,,https://www.gdzy5413.com/UploadFiles/image/2014-3/20140310052859542_s.jpg,01_试点医院/广东省第二中医院/照片/陈红林-淘金门诊-主治医师-广东省第二中医院.png,png,45610,2b25e363a1db723ee7b4bdec528bca905c334d1ffd13afa1bb372df74e7013bc,123,160,FULL_FETCH,
靳利利,https://www.gdzy5413.com/main/ks/templet2/ksdoctorinfo.aspx?bid=1229&typeid=1227&cid=1229&ksid=1227&id=519,实采,,https://www.gdzy5413.com/UploadFiles/image/2014-3/20140310052512232_s.jpg,01_试点医院/广东省第二中医院/照片/靳利利-淘金门诊-主任医师-广东省第二中医院.png,png,40557,66eab4dcbccfd9a0073121e6aeaf591a6fd971236d5eec09785c01fba57eb359,122,160,FULL_FETCH,
余德钊,https://www.gdzy5413.com/main/ks/templet2/ksdoctorinfo.aspx?bid=1464&typeid=1462&cid=1464&ksid=1462&id=605,实采,,https://www.gdzy5413.com/UploadFiles/image/2014-4/20140425045128173_s.jpg,01_试点医院/广东省第二中医院/照片/余德钊-特诊室-主任中医师-广东省第二中医院.png,png,34487,2c076c126e39b0bdaa298e6f2e25f460ccfd5725948cb7cdc5ee82fd6fe7d69b,106,160,FULL_FETCH,
卢桂梅,https://www.gdzy5413.com/main/ks/templet2/ksdoctorinfo.aspx?bid=1464&typeid=1462&cid=1464&ksid=1462&id=597,实采,,https://www.gdzy5413.com/UploadFiles/image/2014-4/20140425051925610_s.jpg,01_试点医院/广东省第二中医院/照片/卢桂梅-特诊室-主任中医师-广东省第二中医院.png,png,31489,7a3776414b84daeb7a4abad026d89d596f058754e984bf8c1d1304bba647032a,106,160,FULL_FETCH,
吕雄,https://www.gdzy5413.com/main/ks/templet2/ksdoctorinfo.aspx?bid=1464&typeid=1462&cid=1464&ksid=1462&id=602,实采,,https://www.gdzy5413.com/UploadFiles/image/2014-4/20140425050150842_s.jpg,01_试点医院/广东省第二中医院/照片/吕雄-特诊室-主任中医师-广东省第二中医院.png,png,32104,e8393cfc01312e96d6ff046efc4018a75e215ed431a8c197b8f97328e5b3d2cd,106,160,FULL_FETCH,
戈焰,https://www.gdzy5413.com/main/doctor/specialist.aspx?typeid=569,实采,,https://www.gdzy5413.com/UploadFiles/image/2014-1/20140114031258700.jpg,01_试点医院/广东省第二中医院/照片/戈焰-特诊室-主任中医师-广东省第二中医院.jpg,jpg,51663,13641a05711876eea86a1ff9776540907c3737de25b8eb057cf1569e9dc2e7a2,342,369,FULL_FETCH,
李爱华,https://www.gdzy5413.com/main/ks/templet2/ksdoctorinfo.aspx?bid=1464&typeid=1462&cid=1464&ksid=1462&id=606,实采,,https://www.gdzy5413.com/UploadFiles/image/2014-4/20140428033607656_s.jpg,01_试点医院/广东省第二中医院/照片/李爱华-特诊室-主任中医师-广东省第二中医院.png,png,26539,a52bef6cb28ae14ea93edb2d355da567992c0557c4ea23cba2296462fc8c21a3,122,160,FULL_FETCH,
杨思华,https://www.gdzy5413.com/main/ks/templet2/ksdoctorinfo.aspx?bid=1464&typeid=1462&cid=1464&ksid=1462&id=601,实采,,https://www.gdzy5413.com/UploadFiles/image/2014-4/20140428041126201_s.jpg,01_试点医院/广东省第二中医院/照片/杨思华-特诊室-主任中医师-广东省第二中医院.png,png,24918,b875bbcbe167de4650a9b998ea9f7e37cb2f9a6ad33668e147bb8e1b1d17676a,106,160,FULL_FETCH,
汪何,https://www.gdzy5413.com/main/ks/templet2/ksdoctorinfo.aspx?bid=1464&typeid=1462&cid=1464&ksid=1462&id=600,实采,,https://www.gdzy5413.com/UploadFiles/image/2014-4/20140425051156543_s.jpg,01_试点医院/广东省第二中医院/照片/汪何-特诊室-主任中医师-广东省第二中医院.png,png,31593,a2c390dc9e44f2c5db2134af5ce7314fb9f6734fc8ae4a9dc8d18fdc750355c4,106,160,FULL_FETCH,
王清海,https://www.gdzy5413.com/main/ks/templet2/ksdoctorinfo.aspx?bid=1464&typeid=1462&cid=1464&ksid=1462&id=598,实采,,https://www.gdzy5413.com/UploadFiles/image/2014-4/20140425051728743_s.jpg,01_试点医院/广东省第二中医院/照片/王清海-特诊室-主任中医师-广东省第二中医院.png,png,31454,6f0cda218ecaab20fac5fcd3899c2d8c54dcf07670be845e1ebd1b1808d5b23b,106,160,FULL_FETCH,
许学猛,https://www.gdzy5413.com/main/ks/templet2/ksdoctorinfo.aspx?bid=1464&typeid=1462&cid=1464&ksid=1462&id=599,实采,,https://www.gdzy5413.com/UploadFiles/image/2014-4/20140425051403716_s.jpg,01_试点医院/广东省第二中医院/照片/许学猛-特诊室-主任中医师-广东省第二中医院.png,png,26133,8dc16d60b738858c64878af441ff6558e6607cec4b9a07f775e0f24538aba150,106,160,FULL_FETCH,
谢波,https://www.gdzy5413.com/main/ks/templet2/ksdoctorinfo.aspx?bid=1464&typeid=1462&cid=1464&ksid=1462&id=604,实采,,https://www.gdzy5413.com/UploadFiles/image/2014-4/20140425045254996_s.jpg,01_试点医院/广东省第二中医院/照片/谢波-特诊室-主任中医师-广东省第二中医院.png,png,34774,8e32f20eb0032e784d6440bda9747e5bed3b5582cc1ec6ac911a79c5a6ec8d88,106,160,FULL_FETCH,
邱健行,https://www.gdzy5413.com/main/ks/templet2/ksdoctorinfo.aspx?bid=1464&typeid=1462&cid=1464&ksid=1462&id=596,实采,,https://www.gdzy5413.com/UploadFiles/image/2014-4/20140425052103771_s.jpg,01_试点医院/广东省第二中医院/照片/邱健行-特诊室-主任中医师-广东省第二中医院.png,png,32928,d871a49766ec69ebc4b983a839c250d665724326b980974a5ba7d4bfc9c3fa8a,106,160,FULL_FETCH,
陈宁,https://www.gdzy5413.com/main/ks/templet2/ksdoctorinfo.aspx?bid=1464&typeid=1462&cid=1464&ksid=1462&id=610,实采,,https://www.gdzy5413.com/UploadFiles/image/2014-4/20140425044608920_s.jpg,01_试点医院/广东省第二中医院/照片/陈宁-特诊室-主任中医师-广东省第二中医院.png,png,36333,56a34dc5205caa4d6887f75fb133d2b91298fa53d8a9d214fbf305879dba4568,106,160,FULL_FETCH,
陈高峰,https://www.gdzy5413.com/main/ks/templet2/ksdoctorinfo.aspx?bid=1464&typeid=1462&cid=1464&ksid=1462&id=609,实采,,https://www.gdzy5413.com/UploadFiles/image/2014-4/20140425044722511_s.jpg,01_试点医院/广东省第二中医院/照片/陈高峰-特诊室-主任中医师-广东省第二中医院.png,png,33591,1b7ab49ad6dba1ee0901065fe3494bda370699aa13d2035cf342617be1821df8,106,160,FULL_FETCH,
靳利利,https://www.gdzy5413.com/main/ks/templet2/ksdoctorinfo.aspx?bid=1464&typeid=1462&cid=1464&ksid=1462&id=612,实采,,https://www.gdzy5413.com/UploadFiles/image/2014-4/20140425044355830_s.jpg,01_试点医院/广东省第二中医院/照片/靳利利-特诊室-主任中医师-广东省第二中医院.png,png,36257,6dd9c4be2bc1fca3761c57aef1bfc52ba110145b931ee85404fa315ef1579242,106,160,FULL_FETCH,
陈可静,https://www.gdzy5413.com/main/ks/templet2/ksdoctorinfo.aspx?bid=72&typeid=70&cid=72&ksid=70&id=287,实采,,https://www.gdzy5413.com/UploadFiles/image/upload/633821468866023113.jpg,01_试点医院/广东省第二中医院/照片/陈可静-特诊室-主任中医师-广东省第二中医院.jpg,jpg,12375,fe55c00c068b8547a3d13f3cdbec95535416bc25c0d3d8821ae9c4a7a8e26ce8,86,126,FULL_FETCH,
冯小芹,https://www.gdzy5413.com/main/ks/templet2/ksdoctorinfo.aspx?bid=1118&typeid=1116&cid=1118&ksid=1116&id=743,实采,,https://www.gdzy5413.com/UploadFiles/image/2022-10/20221013040738935_s.png,01_试点医院/广东省第二中医院/照片/冯小芹-白云院区传统疗法区-医师-广东省第二中医院.png,png,14299,ff297b3cd529a0935ae33d741ff0f94fe56853ee73c2da64438b9a638f0929ca,77,100,FULL_FETCH,
刘仁金,https://www.gdzy5413.com/main/ks/templet2/ksdoctorinfo.aspx?bid=1118&typeid=1116&cid=1118&ksid=1116&id=747,实采,,https://www.gdzy5413.com/UploadFiles/image/2022-10/20221013041503644_s.png,01_试点医院/广东省第二中医院/照片/刘仁金-白云院区传统疗法区-医师-广东省第二中医院.png,png,12231,b4f53467f36bfa691bf5761649d798368bc1e7c2e3be8f566b4895d2e2d4d9ce,74,100,FULL_FETCH,
刘莉,https://www.gdzy5413.com/main/ks/templet2/ksdoctorinfo.aspx?bid=1118&typeid=1116&cid=1118&ksid=1116&id=734,实采,,https://www.gdzy5413.com/UploadFiles/image/2022-10/20221013035100195_s.png,01_试点医院/广东省第二中医院/照片/刘莉-白云院区传统疗法区-未标注-广东省第二中医院.png,png,12663,4170ab15876a149e78a4155ef2f7d60a8f086c7963e1d397cdd8e88f2838e8fb,73,100,FULL_FETCH,
官华良,https://www.gdzy5413.com/main/ks/templet2/ksdoctorinfo.aspx?bid=1118&typeid=1116&cid=1118&ksid=1116&id=740,实采,,https://www.gdzy5413.com/UploadFiles/image/2022-10/20221013040343241_s.png,01_试点医院/广东省第二中医院/照片/官华良-白云院区传统疗法区-未标注-广东省第二中医院.png,png,12964,520717fc093c23a67d1d9f8912340d7a7011eb12e3e54878cf41ff1647ac67d6,77,100,FULL_FETCH,
张勤锐,https://www.gdzy5413.com/main/ks/templet2/ksdoctorinfo.aspx?bid=1118&typeid=1116&cid=1118&ksid=1116&id=741,实采,,https://www.gdzy5413.com/UploadFiles/image/2022-10/20221013040500981_s.png,01_试点医院/广东省第二中医院/照片/张勤锐-白云院区传统疗法区-未标注-广东省第二中医院.png,png,15821,fc32bb5f442ed41a21e4f64ce62189880e0b29fe7c8e2863435ae43fd07fc395,74,100,FULL_FETCH,
彭震峰,https://www.gdzy5413.com/main/ks/templet2/ksdoctorinfo.aspx?bid=1118&typeid=1116&cid=1118&ksid=1116&id=746,实采,,https://www.gdzy5413.com/UploadFiles/image/2022-10/20221013041341482_s.png,01_试点医院/广东省第二中医院/照片/彭震峰-白云院区传统疗法区-未标注-广东省第二中医院.png,png,12704,76f4362d864de12ad02e0ebb46858925521cd78f0b46069b0017686344b29a87,69,100,FULL_FETCH,
李翠香,https://www.gdzy5413.com/main/ks/templet2/ksdoctorinfo.aspx?bid=1118&typeid=1116&cid=1118&ksid=1116&id=739,实采,,https://www.gdzy5413.com/UploadFiles/image/2022-10/20221013040210740_s.png,01_试点医院/广东省第二中医院/照片/李翠香-白云院区传统疗法区-未标注-广东省第二中医院.png,png,14012,69731acfd50d5478849bbfdae325c52be422069ed7589b7e30332224b0823efd,71,100,FULL_FETCH,
杨淑荃,https://www.gdzy5413.com/main/ks/templet2/ksdoctorinfo.aspx?bid=1118&typeid=1116&cid=1118&ksid=1116&id=736,实采,,https://www.gdzy5413.com/UploadFiles/image/2022-10/20221014090551234_s.png,01_试点医院/广东省第二中医院/照片/杨淑荃-白云院区传统疗法区-副主任中医师-广东省第二中医院.png,png,10788,4bb962e9b83a9e4d6a14c1634150e61f76e99932d367440630717b563730719a,68,100,FULL_FETCH,
林楚钊,https://www.gdzy5413.com/main/ks/templet2/ksdoctorinfo.aspx?bid=1118&typeid=1116&cid=1118&ksid=1116&id=742,实采,,https://www.gdzy5413.com/UploadFiles/image/2022-10/20221013040619477_s.png,01_试点医院/广东省第二中医院/照片/林楚钊-白云院区传统疗法区-未标注-广东省第二中医院.png,png,14330,543066e880a36dfc21d484bd6a935aba9c668ea385d740a6fa9d2c3c72b8e026,71,100,FULL_FETCH,
林湖广,https://www.gdzy5413.com/main/ks/templet2/ksdoctorinfo.aspx?bid=1118&typeid=1116&cid=1118&ksid=1116&id=733,实采,,https://www.gdzy5413.com/UploadFiles/image/2022-10/20221013034728817_s.png,01_试点医院/广东省第二中医院/照片/林湖广-白云院区传统疗法区-未标注-广东省第二中医院.png,png,11504,66655489cf58aa70396617e575388f70367aa80795c602fc520cecaf090b64ed,71,100,FULL_FETCH,
王传鑫,https://www.gdzy5413.com/main/ks/templet2/ksdoctorinfo.aspx?bid=1118&typeid=1116&cid=1118&ksid=1116&id=745,实采,,https://www.gdzy5413.com/UploadFiles/image/2022-10/20221013041112728_s.png,01_试点医院/广东省第二中医院/照片/王传鑫-白云院区传统疗法区-未标注-广东省第二中医院.png,png,22791,f7da7775a501c5b140cd5609d763c628630af30eb047c7cbcab1dc441274d7bf,100,100,FULL_FETCH,
王朋莉,https://www.gdzy5413.com/main/ks/templet2/ksdoctorinfo.aspx?bid=1118&typeid=1116&cid=1118&ksid=1116&id=737,实采,,https://www.gdzy5413.com/UploadFiles/image/2022-10/20221013035716573_s.png,01_试点医院/广东省第二中医院/照片/王朋莉-白云院区传统疗法区-主治医师-广东省第二中医院.png,png,12584,57b5fa595d9414f92eb7eecddd7429393c3bf1e5ceaa98966567bee03aa25927,71,100,FULL_FETCH,
谢秋平,https://www.gdzy5413.com/main/ks/templet2/ksdoctorinfo.aspx?bid=1118&typeid=1116&cid=1118&ksid=1116&id=735,实采,,https://www.gdzy5413.com/UploadFiles/image/2022-10/20221013035208479_s.png,01_试点医院/广东省第二中医院/照片/谢秋平-白云院区传统疗法区-未标注-广东省第二中医院.png,png,15923,0892af06749ed15152a28918091197773e075afb1a364aeb46b9810a44fe28a5,70,100,FULL_FETCH,
郑钦毫,https://www.gdzy5413.com/main/ks/templet2/ksdoctorinfo.aspx?bid=1118&typeid=1116&cid=1118&ksid=1116&id=744,实采,,https://www.gdzy5413.com/UploadFiles/image/2022-10/20221013040933278_s.png,01_试点医院/广东省第二中医院/照片/郑钦毫-白云院区传统疗法区-医师-广东省第二中医院.png,png,13136,6b4b697fc2aa1063bcdc5754074c801f0383e10da7cac56e1eb7b5c6e68a4961,71,100,FULL_FETCH,
陈小燕,https://www.gdzy5413.com/main/ks/templet2/ksdoctorinfo.aspx?bid=1118&typeid=1116&cid=1118&ksid=1116&id=738,实采,,https://www.gdzy5413.com/UploadFiles/image/2022-10/20221013035909405_s.png,01_试点医院/广东省第二中医院/照片/陈小燕-白云院区传统疗法区-医师-广东省第二中医院.png,png,14562,6ccb155fe7561cde2dc1ff8b91b6bda3aece508be99844fade87783504505d9a,68,100,FULL_FETCH,
胡想国,https://www.gdzy5413.com/main/ks/templet2/ksdoctorinfo.aspx?bid=1086&typeid=1084&cid=1086&ksid=1084&id=375,实采,,https://www.gdzy5413.com/UploadFiles/image/2014-2/20140228052049345_s.jpg,01_试点医院/广东省第二中医院/照片/胡想国-白云院区口腔科-主治医师-广东省第二中医院.png,png,42003,c8a2adc70e60c0fc867e3a694dfeca85b1aa67075bf6564578d2e9b3088da93c,120,160,FULL_FETCH,
张玉蓉,https://www.gdzy5413.com/main/ks/templet2/ksdoctorinfo.aspx?bid=976&typeid=895&cid=976&ksid=895&id=755,实采,,https://www.gdzy5413.com/UploadFiles/image/2022-10/20221021084233540_s.png,01_试点医院/广东省第二中医院/照片/张玉蓉-白云院区妇科-主任中医师-广东省第二中医院.png,png,13229,75bdb8e6fb01877766c68a4835097ea16bda9ba1c6731fddc44ad8a878edfbfe,117,100,FULL_FETCH,
杨宇航,https://www.gdzy5413.com/main/ks/templet2/ksdoctorinfo.aspx?bid=976&typeid=895&cid=976&ksid=895&id=757,实采,,https://www.gdzy5413.com/UploadFiles/image/2022-10/20221021085218258_s.png,01_试点医院/广东省第二中医院/照片/杨宇航-白云院区妇科-主治中医师-广东省第二中医院.png,png,17968,e9fd27115c8af28e049373ba39214def7fcd73c5277fa226115f1a4ff80841db,106,100,FULL_FETCH,
柯婵,https://www.gdzy5413.com/main/ks/templet2/ksdoctorinfo.aspx?bid=976&typeid=895&cid=976&ksid=895&id=758,实采,,https://www.gdzy5413.com/UploadFiles/image/2022-10/20221021085419270_s.png,01_试点医院/广东省第二中医院/照片/柯婵-白云院区妇科-未标注-广东省第二中医院.png,png,15202,8baa5655fc94e74ed0be633ff6ef25b8444a282bec08f18e5c31ff548d046831,80,100,FULL_FETCH,
王慧,https://www.gdzy5413.com/main/ks/templet2/ksdoctorinfo.aspx?bid=976&typeid=895&cid=976&ksid=895&id=756,实采,,https://www.gdzy5413.com/UploadFiles/image/2022-10/20221022090924646_s.jpg,01_试点医院/广东省第二中医院/照片/王慧-白云院区妇科-副主任中医师-广东省第二中医院.png,png,14699,4eded9be985309c70dff728f993591ec586892a382cef6b6629313a3d44a7029,75,100,FULL_FETCH,
何国建,https://www.gdzy5413.com/main/ks/templet2/ksdoctorinfo.aspx?bid=1122&typeid=1120&cid=1122&ksid=1120&id=573,实采,,https://www.gdzy5413.com/UploadFiles/image/2022-10/20221011025843659_s.png,01_试点医院/广东省第二中医院/照片/何国建-白云院区康复治疗区-未标注-广东省第二中医院.png,png,11573,a65a11be62424988f730d3f4f9bceb6e523f5e209cd684a4ab516e29c25cff03,75,100,FULL_FETCH,
吴振中,https://www.gdzy5413.com/main/ks/templet2/ksdoctorinfo.aspx?bid=1122&typeid=1120&cid=1122&ksid=1120&id=574,实采,,https://www.gdzy5413.com/UploadFiles/image/2022-10/20221011030555954_s.jpg,01_试点医院/广东省第二中医院/照片/吴振中-白云院区康复治疗区-未标注-广东省第二中医院.png,png,15547,aa02adce835daff11cd23857b5ff3fe599422bde2fc3093f4d19593bd7ff40df,75,100,FULL_FETCH,
庄婷婷,https://www.gdzy5413.com/main/ks/templet2/ksdoctorinfo.aspx?bid=1122&typeid=1120&cid=1122&ksid=1120&id=577,实采,,https://www.gdzy5413.com/UploadFiles/image/2022-10/20221011025737661_s.png,01_试点医院/广东省第二中医院/照片/庄婷婷-白云院区康复治疗区-未标注-广东省第二中医院.png,png,14587,0eb3fd2ede19f614b3f5ae91290f35c25c49971857d6b217adf6871d2a1bfdc5,76,100,FULL_FETCH,
朱冬娇,https://www.gdzy5413.com/main/ks/templet2/ksdoctorinfo.aspx?bid=1122&typeid=1120&cid=1122&ksid=1120&id=571,实采,,https://www.gdzy5413.com/UploadFiles/image/2022-10/20221011025434648_s.png,01_试点医院/广东省第二中医院/照片/朱冬娇-白云院区康复治疗区-未标注-广东省第二中医院.png,png,18233,e0c68ced86e0cb7c4227f5ebc338ee123409207f02457171f34b854a9dbf4006,85,100,FULL_FETCH,
杨宇愿,https://www.gdzy5413.com/main/ks/templet2/ksdoctorinfo.aspx?bid=1122&typeid=1120&cid=1122&ksid=1120&id=727,实采,,https://www.gdzy5413.com/UploadFiles/image/2022-10/20221011030811555_s.png,01_试点医院/广东省第二中医院/照片/杨宇愿-白云院区康复治疗区-未标注-广东省第二中医院.png,png,13031,6c8ad7694d530fc6998bd8ee18dd26df7b4fdd5daa510eee419a275e0cba2911,71,100,FULL_FETCH,
杨栋,https://www.gdzy5413.com/main/ks/templet2/ksdoctorinfo.aspx?bid=1122&typeid=1120&cid=1122&ksid=1120&id=567,实采,,https://www.gdzy5413.com/UploadFiles/image/2022-10/20221011024506664_s.png,01_试点医院/广东省第二中医院/照片/杨栋-白云院区康复治疗区-未标注-广东省第二中医院.png,png,12190,c957f7944fd04cfa5ac0ff88d0684333ed1e3e11c38b93d6a7bcdd2b8309c27a,66,100,FULL_FETCH,
林雪珊,https://www.gdzy5413.com/main/ks/templet2/ksdoctorinfo.aspx?bid=1122&typeid=1120&cid=1122&ksid=1120&id=726,实采,,https://www.gdzy5413.com/UploadFiles/image/2022-10/20221011030150979_s.png,01_试点医院/广东省第二中医院/照片/林雪珊-白云院区康复治疗区-未标注-广东省第二中医院.png,png,11621,0722dacb090d589fb75c5f65e63bd9b01e6b92051bbd5602cb3d21227d476324,100,100,FULL_FETCH,
梁韵妮,https://www.gdzy5413.com/main/ks/templet2/ksdoctorinfo.aspx?bid=1122&typeid=1120&cid=1122&ksid=1120&id=575,实采,,https://www.gdzy5413.com/UploadFiles/image/2022-10/20221011025149652_s.png,01_试点医院/广东省第二中医院/照片/梁韵妮-白云院区康复治疗区-未标注-广东省第二中医院.png,png,14134,8789605f31b23675cae06a58b61b2e36b156a66b0ea28c1369101aea8f7199d3,72,100,FULL_FETCH,
王子鸣,https://www.gdzy5413.com/main/ks/templet2/ksdoctorinfo.aspx?bid=1122&typeid=1120&cid=1122&ksid=1120&id=731,实采,,https://www.gdzy5413.com/UploadFiles/image/2022-10/20221011031906159_s.png,01_试点医院/广东省第二中医院/照片/王子鸣-白云院区康复治疗区-未标注-广东省第二中医院.png,png,11577,a470c2a7a90d252aa7b9ac1f888a12263a97680d4b0df868a9bf8b93c6354b9a,82,100,FULL_FETCH,
邱俊芸,https://www.gdzy5413.com/main/ks/templet2/ksdoctorinfo.aspx?bid=1122&typeid=1120&cid=1122&ksid=1120&id=732,实采,,https://www.gdzy5413.com/UploadFiles/image/2022-10/20221011032157416_s.jpg,01_试点医院/广东省第二中医院/照片/邱俊芸-白云院区康复治疗区-未标注-广东省第二中医院.png,png,12796,a4443c58d5fb2649624a802f1440e7dd5c8cc13d71a190d17b646f374367c845,71,100,FULL_FETCH,
郑恭鹏,https://www.gdzy5413.com/main/ks/templet2/ksdoctorinfo.aspx?bid=1122&typeid=1120&cid=1122&ksid=1120&id=730,实采,,https://www.gdzy5413.com/UploadFiles/image/2022-10/20221011031803522_s.png,01_试点医院/广东省第二中医院/照片/郑恭鹏-白云院区康复治疗区-未标注-广东省第二中医院.png,png,15997,8d83e31d2fd907a9a26169021a9207286bd05c459f46b04c1ee4e811ddd2e426,100,100,FULL_FETCH,
陈云生,https://www.gdzy5413.com/main/ks/templet2/ksdoctorinfo.aspx?bid=1122&typeid=1120&cid=1122&ksid=1120&id=729,实采,,https://www.gdzy5413.com/UploadFiles/image/2022-10/20221011031421417_s.png,01_试点医院/广东省第二中医院/照片/陈云生-白云院区康复治疗区-未标注-广东省第二中医院.png,png,9115,9d1de7adcdb47aedb43253cd8b431245c116af1eef31a7826359233f7cad6988,66,100,FULL_FETCH,
陈博,https://www.gdzy5413.com/main/ks/templet2/ksdoctorinfo.aspx?bid=1122&typeid=1120&cid=1122&ksid=1120&id=728,实采,,https://www.gdzy5413.com/UploadFiles/image/2022-10/20221011031232320_s.png,01_试点医院/广东省第二中医院/照片/陈博-白云院区康复治疗区-未标注-广东省第二中医院.png,png,22895,31e420a9d5f23f7c4c85e41f48df3015eb02dd1f609ad6c57957accc94272ac7,75,100,FULL_FETCH,
陈志勇,https://www.gdzy5413.com/main/ks/templet2/ksdoctorinfo.aspx?bid=1122&typeid=1120&cid=1122&ksid=1120&id=570,实采,,https://www.gdzy5413.com/UploadFiles/image/2022-10/20221011025040902_s.png,01_试点医院/广东省第二中医院/照片/陈志勇-白云院区康复治疗区-未标注-广东省第二中医院.png,png,10566,895321b7de945bc220f02db60d0d2308dbd50a5a45c325409d48685f28a0243a,75,100,FULL_FETCH,
高辰,https://www.gdzy5413.com/main/ks/templet2/ksdoctorinfo.aspx?bid=1122&typeid=1120&cid=1122&ksid=1120&id=725,实采,,https://www.gdzy5413.com/UploadFiles/image/2022-10/20221011025619971_s.png,01_试点医院/广东省第二中医院/照片/高辰-白云院区康复治疗区-未标注-广东省第二中医院.png,png,8220,14e67ab3f5c65090883c732088c1e7c9805871ca3a1f4b30646825e89e92da15,56,100,FULL_FETCH,
廖坤莹,https://www.gdzy5413.com/main/ks/templet2/ksdoctorinfo.aspx?bid=1090&typeid=1088&cid=1090&ksid=1088&id=765,实采,,https://www.gdzy5413.com/UploadFiles/image/2022-11/20221104085523297_s.png,01_试点医院/广东省第二中医院/照片/廖坤莹-白云院区心血管科-医师-广东省第二中医院.png,png,14894,74dcd77e314e2781bdbbd4971dd05aa80cbd227886e15369283b560e5ec2f0fb,73,100,FULL_FETCH,
李国彬,https://www.gdzy5413.com/main/ks/templet2/ksdoctorinfo.aspx?bid=1090&typeid=1088&cid=1090&ksid=1088&id=721,实采,,https://www.gdzy5413.com/UploadFiles/image/2022-11/20221104084332117_s.jpg,01_试点医院/广东省第二中医院/照片/李国彬-白云院区心血管科-主治中医师-广东省第二中医院.png,png,12958,076936ba1b6f98bfd7c49ae290a08a50da61a9950a3add6f0f196e9af5e47aa6,71,100,FULL_FETCH,
李德军,https://www.gdzy5413.com/main/ks/templet2/ksdoctorinfo.aspx?bid=1090&typeid=1088&cid=1090&ksid=1088&id=719,实采,,https://www.gdzy5413.com/UploadFiles/image/2022-11/20221104084709303_s.jpg,01_试点医院/广东省第二中医院/照片/李德军-白云院区心血管科-副主任中医师-广东省第二中医院.png,png,14600,556af1a13f024a603b6a9a8dc30376c8b101eb2c09d056982700f39f782d1ba3,97,100,FULL_FETCH,
李桂明,https://www.gdzy5413.com/main/ks/templet2/ksdoctorinfo.aspx?bid=1090&typeid=1088&cid=1090&ksid=1088&id=718,实采,,https://www.gdzy5413.com/UploadFiles/image/2022-10/20221010050340827_s.png,01_试点医院/广东省第二中医院/照片/李桂明-白云院区心血管科-主任中医师-广东省第二中医院.png,png,31717,1272f0e158424f52487623e4df63c5b4bb5d6308a5f600ea9dbdb164397f7727,114,100,FULL_FETCH,
肖根发,https://www.gdzy5413.com/main/ks/templet2/ksdoctorinfo.aspx?bid=1090&typeid=1088&cid=1090&ksid=1088&id=720,实采,,https://www.gdzy5413.com/UploadFiles/image/2022-11/20221104084853236_s.jpg,01_试点医院/广东省第二中医院/照片/肖根发-白云院区心血管科-主治中医师-广东省第二中医院.png,png,12542,1d67651ff344bc5ba35177f80a638b51cc255ce7474ccf1ad91f07687fd397ef,69,100,FULL_FETCH,
徐云英,https://www.gdzy5413.com/main/ks/templet2/ksdoctorinfo.aspx?bid=1078&typeid=1076&cid=1078&ksid=1076&id=371,实采,,https://www.gdzy5413.com/UploadFiles/image/2014-2/20140228053105709_s.jpg,01_试点医院/广东省第二中医院/照片/徐云英-白云院区皮肤科-主治医师-广东省第二中医院.png,png,59052,7e3d8297cf295818783b791e16f242a22ea2fd481e700e5ccc1b5c95668b434d,213,160,FULL_FETCH,
史清华,https://www.gdzy5413.com/main/ks/templet2/ksdoctorinfo.aspx?bid=1098&typeid=1096&cid=1098&ksid=1096&id=707,实采,,https://www.gdzy5413.com/UploadFiles/image/2022-10/20221010034618358_s.jpg,01_试点医院/广东省第二中医院/照片/史清华-白云院区肿瘤科-主任中医师-广东省第二中医院.png,png,12883,83041757ec7da40d2421df1aa2a61ceda1a79567a3aa50a4794c361de6676daf,67,100,FULL_FETCH,
吕丽琼,https://www.gdzy5413.com/main/ks/templet2/ksdoctorinfo.aspx?bid=1098&typeid=1096&cid=1098&ksid=1096&id=710,实采,,https://www.gdzy5413.com/UploadFiles/image/2022-10/20221010040837349_s.jpg,01_试点医院/广东省第二中医院/照片/吕丽琼-白云院区肿瘤科-主管护师-广东省第二中医院.png,png,13305,eab62157aff9129606b1d6a1002f50201c5c3e34468b36ffc5fdd72b0135e7fe,65,100,FULL_FETCH,
周伶,https://www.gdzy5413.com/main/ks/templet2/ksdoctorinfo.aspx?bid=1098&typeid=1096&cid=1098&ksid=1096&id=709,实采,,https://www.gdzy5413.com/UploadFiles/image/2022-10/20221010035353598_s.jpg,01_试点医院/广东省第二中医院/照片/周伶-白云院区肿瘤科-住院医师-广东省第二中医院.png,png,13608,6f2da6cd7db6cfa7b7779755ed114beea010da100331ac3c4cba414ab6a15945,72,100,FULL_FETCH,
武如通,https://www.gdzy5413.com/main/ks/templet2/ksdoctorinfo.aspx?bid=1098&typeid=1096&cid=1098&ksid=1096&id=708,实采,,https://www.gdzy5413.com/UploadFiles/image/2022-10/20221010035120934_s.jpg,01_试点医院/广东省第二中医院/照片/武如通-白云院区肿瘤科-副主任中医师-广东省第二中医院.png,png,12536,246f5b6ac4ce2355b8adaa0ec98877600c0be459974771e60cc413c38ded9eae,72,100,FULL_FETCH,
陈高峰,https://www.gdzy5413.com/main/ks/templet2/ksdoctorinfo.aspx?bid=1098&typeid=1096&cid=1098&ksid=1096&id=706,实采,,https://www.gdzy5413.com/UploadFiles/image/2022-10/20221010034043468_s.jpg,01_试点医院/广东省第二中医院/照片/陈高峰-白云院区肿瘤科-主治中医师-广东省第二中医院.png,png,21186,87e81d83565fd6c7368ca4c530b6b4b191d2e478d862435ab0fe80312c4c13fa,90,100,FULL_FETCH,
黎智燊,https://www.gdzy5413.com/main/ks/templet2/ksdoctorinfo.aspx?bid=1098&typeid=1096&cid=1098&ksid=1096&id=695,实采,,https://www.gdzy5413.com/UploadFiles/image/2022-4/20220413041156119_s.jpg,01_试点医院/广东省第二中医院/照片/黎智燊-白云院区肿瘤科-主治中医师-广东省第二中医院.png,png,115181,f1da5ebcbef24b6b88514885ff4554033651c1582c020e199bda87952533c647,260,365,FULL_FETCH,
周嘉澄,https://www.gdzy5413.com/main/ks/templet2/ksdoctorinfo.aspx?bid=1094&typeid=1092&cid=1094&ksid=1092&id=714,实采,,https://www.gdzy5413.com/UploadFiles/image/2022-10/20221010042956652_s.png,01_试点医院/广东省第二中医院/照片/周嘉澄-白云院区脑病科-主任中医师-广东省第二中医院.png,png,15529,ff858e8a0addb7ae739c1e3b67bd52bcc42d4ff93c75330375e0444582707044,82,100,FULL_FETCH,
彭玉,https://www.gdzy5413.com/main/ks/templet2/ksdoctorinfo.aspx?bid=1094&typeid=1092&cid=1094&ksid=1092&id=715,实采,,https://www.gdzy5413.com/UploadFiles/image/2022-10/20221010043231714_s.png,01_试点医院/广东省第二中医院/照片/彭玉-白云院区脑病科-主治中医师-广东省第二中医院.png,png,16493,674f17e489ee050475b997d7f4bb432d5ca810aea7aa012720d8b652ddee3f9e,100,100,FULL_FETCH,
蔡艺贞,https://www.gdzy5413.com/main/ks/templet2/ksdoctorinfo.aspx?bid=1094&typeid=1092&cid=1094&ksid=1092&id=717,实采,,https://www.gdzy5413.com/UploadFiles/image/2022-10/20221010043636686_s.jpg,01_试点医院/广东省第二中医院/照片/蔡艺贞-白云院区脑病科-主治中医师-广东省第二中医院.png,png,16235,b979342e7059091ebe8716ac3742c221b7aed32b284d8d8359e61af3f68487ec,95,100,FULL_FETCH,
郭红,https://www.gdzy5413.com/main/ks/templet2/ksdoctorinfo.aspx?bid=1094&typeid=1092&cid=1094&ksid=1092&id=716,实采,,https://www.gdzy5413.com/UploadFiles/image/2022-10/20221010043455484_s.png,01_试点医院/广东省第二中医院/照片/郭红-白云院区脑病科-主治中医师-广东省第二中医院.png,png,16538,f4aea218b7a06d0bd4f40a5c04bf8934d6dc312e2dc58275a9ba85f2af35be72,100,100,FULL_FETCH,
叶恒,https://www.gdzy5413.com/main/ks/templet2/ksdoctorinfo.aspx?bid=1102&typeid=1100&cid=1102&ksid=1100&id=698,实采,,https://www.gdzy5413.com/UploadFiles/image/2022-10/20221010110748530_s.png,01_试点医院/广东省第二中医院/照片/叶恒-白云院区针康复一区-主治中医师-广东省第二中医院.png,png,16364,b25b34ec2d2017ea3982a0f697f6ee42adfd2e36482e1a1046d8b220d83ebcec,87,100,FULL_FETCH,
徐凯,https://www.gdzy5413.com/main/ks/templet2/ksdoctorinfo.aspx?bid=1102&typeid=1100&cid=1102&ksid=1100&id=350,实采,,https://www.gdzy5413.com/UploadFiles/image/2014-2/20140228053825737_s.jpg,01_试点医院/广东省第二中医院/照片/徐凯-白云院区针康复一区-副主任医师-广东省第二中医院.png,png,30471,e39311bb5def473e0259e0bb4f3079246cd982676433e6397c85c84660d45766,113,160,FULL_FETCH,
杜家津,https://www.gdzy5413.com/main/ks/templet2/ksdoctorinfo.aspx?bid=1102&typeid=1100&cid=1102&ksid=1100&id=700,实采,,https://www.gdzy5413.com/UploadFiles/image/2022-10/20221010112459870_s.jpg,01_试点医院/广东省第二中医院/照片/杜家津-白云院区针康复一区-住院医师-广东省第二中医院.png,png,13378,66f3989a73d7154347c774cd1bb85b1f652899ac25edf1102130f81d19286360,71,100,FULL_FETCH,
秦小红,https://www.gdzy5413.com/main/ks/templet2/ksdoctorinfo.aspx?bid=1102&typeid=1100&cid=1102&ksid=1100&id=699,实采,,https://www.gdzy5413.com/UploadFiles/image/2022-10/20221010112329152_s.jpg,01_试点医院/广东省第二中医院/照片/秦小红-白云院区针康复一区-主治中医师-广东省第二中医院.png,png,16231,4a1126c403de155f38a3f77c0054345c12d28fd3ea5b80454236c0838260ae8b,75,100,FULL_FETCH,
高海燕,https://www.gdzy5413.com/main/ks/templet2/ksdoctorinfo.aspx?bid=1102&typeid=1100&cid=1102&ksid=1100&id=351,实采,,https://www.gdzy5413.com/UploadFiles/image/2014-2/20140228053755602_s.jpg,01_试点医院/广东省第二中医院/照片/高海燕-白云院区针康复一区-主治中医师-广东省第二中医院.png,png,30132,3c3d794ddc78b738ae1207c07372003e3e611c435696f0dfbd9f71483235b311,113,160,FULL_FETCH,
周杰,https://www.gdzy5413.com/main/ks/templet2/ksdoctorinfo.aspx?bid=1106&typeid=1104&cid=1106&ksid=1104&id=352,实采,,https://www.gdzy5413.com/UploadFiles/image/2022-10/20221010030233916_s.png,01_试点医院/广东省第二中医院/照片/周杰-白云院区针康复三区-主任中医师-广东省第二中医院.png,png,14531,4a00e96a2cc79acc5b29643d7079fc280acd6ffc3ca7dcaabaf0144ef77f2476,66,100,FULL_FETCH,
张振宁,https://www.gdzy5413.com/main/ks/templet2/ksdoctorinfo.aspx?bid=1106&typeid=1104&cid=1106&ksid=1104&id=656,实采,,https://www.gdzy5413.com/UploadFiles/image/2022-10/20221010113940730_s.png,01_试点医院/广东省第二中医院/照片/张振宁-白云院区针康复三区-主治中医师-广东省第二中医院.png,png,15495,9dfe81a1070630f2258389432a6889fdeb7357736086391c326a5543f0a1fc5d,66,100,FULL_FETCH,
袁智先,https://www.gdzy5413.com/main/ks/templet2/ksdoctorinfo.aspx?bid=1106&typeid=1104&cid=1106&ksid=1104&id=701,实采,,https://www.gdzy5413.com/UploadFiles/image/2022-10/20221010025700158_s.png,01_试点医院/广东省第二中医院/照片/袁智先-白云院区针康复三区-主任中医师-广东省第二中医院.png,png,16129,798d42d7c04a32e0e8ad357fd1455213c5d3a81720d5e18cd6a470aad4132dc5,67,100,FULL_FETCH,
邓间开,https://www.gdzy5413.com/main/ks/templet2/ksdoctorinfo.aspx?bid=1106&typeid=1104&cid=1106&ksid=1104&id=703,实采,,https://www.gdzy5413.com/UploadFiles/image/2022-10/20221010030538116_s.png,01_试点医院/广东省第二中医院/照片/邓间开-白云院区针康复三区-主治中医师-广东省第二中医院.png,png,15882,1b81f82ce61eae95923ef3cc903b28191ce79beac9c50bba14fd25143751dcac,66,100,FULL_FETCH,
邸富荣,https://www.gdzy5413.com/main/ks/templet2/ksdoctorinfo.aspx?bid=1106&typeid=1104&cid=1106&ksid=1104&id=702,实采,,https://www.gdzy5413.com/UploadFiles/image/2022-10/20221010030349612_s.png,01_试点医院/广东省第二中医院/照片/邸富荣-白云院区针康复三区-未标注-广东省第二中医院.png,png,16891,985c8cc9d582c8724cafe2b795455e11c4baab82fe77f7428452a56f6936ca4f,66,100,FULL_FETCH,
凌翠敏,https://www.gdzy5413.com/main/ks/templet2/ksdoctorinfo.aspx?bid=1110&typeid=1108&cid=1110&ksid=1108&id=723,实采,,https://www.gdzy5413.com/UploadFiles/image/2022-10/20221014093408142_s.png,01_试点医院/广东省第二中医院/照片/凌翠敏-白云院区针康复五区-主治中医师-广东省第二中医院.png,png,11701,700e3dbeaf92c7fa69a22579f300bde80730583508ad149bdb30106ec95b8d03,77,100,FULL_FETCH,
刘文丽,https://www.gdzy5413.com/main/ks/templet2/ksdoctorinfo.aspx?bid=1110&typeid=1108&cid=1110&ksid=1108&id=724,实采,,https://www.gdzy5413.com/UploadFiles/image/2022-10/20221014093955668_s.png,01_试点医院/广东省第二中医院/照片/刘文丽-白云院区针康复五区-护师-广东省第二中医院.png,png,11981,3999e000be3ff1a31ea65ae1d2b658cd16a6040614b235841164c6ed2e83cc3f,100,100,FULL_FETCH,
张晓燕,https://www.gdzy5413.com/main/ks/templet2/ksdoctorinfo.aspx?bid=1110&typeid=1108&cid=1110&ksid=1108&id=722,实采,,https://www.gdzy5413.com/UploadFiles/image/2022-10/20221014093732334_s.png,01_试点医院/广东省第二中医院/照片/张晓燕-白云院区针康复五区-副主任中医师-广东省第二中医院.png,png,11362,64909359de194ba08c2694bd47ca7c65e8f2202d590051e54ca4ec515fb01d5e,73,100,FULL_FETCH,
李婷,https://www.gdzy5413.com/main/ks/templet2/ksdoctorinfo.aspx?bid=1110&typeid=1108&cid=1110&ksid=1108&id=759,实采,,https://www.gdzy5413.com/UploadFiles/image/2022-10/20221021101216784_s.jpg,01_试点医院/广东省第二中医院/照片/李婷-白云院区针康复五区-医师-广东省第二中医院.png,png,18201,5482050cd7b3a7d2db37c0f178ebd4377d1550b39f5605ad08b7ce852c94549b,75,100,FULL_FETCH,
林妙君,https://www.gdzy5413.com/main/ks/templet2/ksdoctorinfo.aspx?bid=1110&typeid=1108&cid=1110&ksid=1108&id=704,实采,,https://www.gdzy5413.com/UploadFiles/image/2022-10/20221014093332104_s.png,01_试点医院/广东省第二中医院/照片/林妙君-白云院区针康复五区-主任中医师-广东省第二中医院.png,png,10387,df678a7c8dd8a87d5557f28b572235506ef90e769eeb71ea26a371e75f797a76,77,100,FULL_FETCH,
马洪举,https://www.gdzy5413.com/main/ks/templet2/ksdoctorinfo.aspx?bid=1110&typeid=1108&cid=1110&ksid=1108&id=705,实采,,https://www.gdzy5413.com/UploadFiles/image/2022-10/20221014093354685_s.png,01_试点医院/广东省第二中医院/照片/马洪举-白云院区针康复五区-副主任中医师-广东省第二中医院.png,png,12229,3ba3079a549d6cfcae3177607c50d850f08c3c4d1168bb4af9af7388441b4050,77,100,FULL_FETCH,
何桥景,https://www.gdzy5413.com/main/ks/templet2/ksdoctorinfo.aspx?bid=1114&typeid=1112&cid=1114&ksid=1112&id=588,实采,,https://www.gdzy5413.com/UploadFiles/image/2022-10/20221013051507298_s.png,01_试点医院/广东省第二中医院/照片/何桥景-白云院区针康复六区-副主任中医师-广东省第二中医院.png,png,17781,61d6ed2068d709bd2c66af4bb37e496806e1e3d6e284afa34d18a43a4cf79ede,74,100,FULL_FETCH,
贺青涛,https://www.gdzy5413.com/main/ks/templet2/ksdoctorinfo.aspx?bid=1114&typeid=1112&cid=1114&ksid=1112&id=586,实采,,https://www.gdzy5413.com/UploadFiles/image/2022-10/20221013051133831_s.png,01_试点医院/广东省第二中医院/照片/贺青涛-白云院区针康复六区-主任医师-广东省第二中医院.png,png,12460,433b8f11d5f2ae22f176e08ab6e119820db1dd8b5846e94f18f28582daf1173f,71,100,FULL_FETCH,
刘悦,https://www.gdzy5413.com/main/ks/templet2/ksdoctorinfo.aspx?bid=1114&typeid=1112&cid=1114&ksid=1112&id=587,实采,,https://www.gdzy5413.com/UploadFiles/image/2014-4/20140411030132875.jpg,01_试点医院/广东省第二中医院/照片/刘悦-白云院区针康复六区-主任中医师-广东省第二中医院.jpg,jpg,3641,e77ece28a60ce4ef53f7b87557039e6e2f096d2d515dfd49709282dae896acd1,124,155,FULL_FETCH,
张嘉良,https://www.gdzy5413.com/main/ks/templet2/ksdoctorinfo.aspx?bid=970&typeid=892&cid=970&ksid=892&id=752,实采,,https://www.gdzy5413.com/UploadFiles/image/2022-10/20221014100806325_s.jpg,01_试点医院/广东省第二中医院/照片/张嘉良-白云院区骨科-副主任医师-广东省第二中医院.png,png,12729,dad8c2aa03fb43dc1d0fef83c3adc9d9432c8ae5cf3fb0850549c6b1208a9aa6,72,100,FULL_FETCH,
李慧,https://www.gdzy5413.com/main/ks/templet2/ksdoctorinfo.aspx?bid=970&typeid=892&cid=970&ksid=892&id=751,实采,,https://www.gdzy5413.com/UploadFiles/image/2022-10/20221014100311500_s.jpg,01_试点医院/广东省第二中医院/照片/李慧-白云院区骨科-主任中医师-广东省第二中医院.png,png,11869,d56977e001534de5f6d7584a63d72d807b029e05fa0fa31718574e18113491b7,66,100,FULL_FETCH,
骆伟雄,https://www.gdzy5413.com/main/ks/templet2/ksdoctorinfo.aspx?bid=84&typeid=82&cid=84&ksid=82&id=151,实采,,https://www.gdzy5413.com/UploadFiles/image/2014-2/20140224083854870_s.jpg,01_试点医院/广东省第二中医院/照片/骆伟雄-皮肤科-副主任医师-广东省第二中医院.png,png,19096,e0fb82efad658cfccc26a379a8af4cf6498429b230eef9617a3c2eb1816b721a,75,100,FULL_FETCH,
龚五洲,https://www.gdzy5413.com/main/ks/templet2/ksdoctorinfo.aspx?bid=84&typeid=82&cid=84&ksid=82&id=153,实采,,https://www.gdzy5413.com/UploadFiles/image/2014-2/20140224115156230_s.jpg,01_试点医院/广东省第二中医院/照片/龚五洲-皮肤科-副主任中医师-广东省第二中医院.png,png,12213,a3341eb41f7d1959a487a35ffe9f83c83d0f4e335d9916fcce610b4284b2dd45,70,100,FULL_FETCH,
唐敏,https://www.gdzy5413.com/main/ks/templet2/ksdoctorinfo.aspx?bid=1139&typeid=1137&cid=1139&ksid=1137&id=314,实采,,https://www.gdzy5413.com/UploadFiles/image/2025-10/20251014024358559_s.png,01_试点医院/广东省第二中医院/照片/唐敏-眼科-主任医师-广东省第二中医院.png,png,13999,da5efb96b313ae7895ecee13ea740ade6b57465de6d48839fd366440f7ff2a4b,100,100,TRIAL_REUSE,
彭明欢,https://www.gdzy5413.com/main/ks/templet2/ksdoctorinfo.aspx?bid=1139&typeid=1137&cid=1139&ksid=1137&id=653,实采,,https://www.gdzy5413.com/UploadFiles/image/2025-10/20251014030057862_s.png,01_试点医院/广东省第二中医院/照片/彭明欢-眼科-主治中医师-广东省第二中医院.png,png,13526,20b6ba70a80ca2cb40ed2fbafc2da3e8660c22b1f3f9262c7c7fc4e94bb4590b,100,100,FULL_FETCH,
李嘉愔,https://www.gdzy5413.com/main/ks/templet2/ksdoctorinfo.aspx?bid=1139&typeid=1137&cid=1139&ksid=1137&id=778,实采,,https://www.gdzy5413.com/UploadFiles/image/2025-10/20251014030226378_s.png,01_试点医院/广东省第二中医院/照片/李嘉愔-眼科-医师-广东省第二中医院.png,png,13498,eff7f885d683c8eb65113a65fb9de7f3b1b7236220f2ccf333bc55ec21304637,100,100,FULL_FETCH,
林彦君,https://www.gdzy5413.com/main/ks/templet2/ksdoctorinfo.aspx?bid=1139&typeid=1137&cid=1139&ksid=1137&id=780,实采,,https://www.gdzy5413.com/UploadFiles/image/2025-10/20251014030440500_s.png,01_试点医院/广东省第二中医院/照片/林彦君-眼科-医师-广东省第二中医院.png,png,11811,22d1de8bdb5a6653785dce7ae80f2d96a93880e0250dc1ce5ee15ebe748999a7,100,100,FULL_FETCH,
梁凤鸣,https://www.gdzy5413.com/main/ks/templet2/ksdoctorinfo.aspx?bid=1139&typeid=1137&cid=1139&ksid=1137&id=781,实采,,https://www.gdzy5413.com/UploadFiles/image/2025-10/20251014030547401_s.png,01_试点医院/广东省第二中医院/照片/梁凤鸣-眼科-主任医师-广东省第二中医院.png,png,18902,39415165a80a94ca14fc29b19f60362d7a0deca2bb86f1a36b278ae6bfad37ec,100,100,FULL_FETCH,
王燕,https://www.gdzy5413.com/main/ks/templet2/ksdoctorinfo.aspx?bid=1139&typeid=1137&cid=1139&ksid=1137&id=777,实采,,https://www.gdzy5413.com/UploadFiles/image/2025-10/20251014024050515_s.png,01_试点医院/广东省第二中医院/照片/王燕-眼科-主任中医师-广东省第二中医院.png,png,13968,6c91a9fb9b89b97d749cbdcc5097f60b243e5c3d5e398f2c72c6515d86b2d0b2,100,100,FULL_FETCH,
王霜玲,https://www.gdzy5413.com/main/ks/templet2/ksdoctorinfo.aspx?bid=1139&typeid=1137&cid=1139&ksid=1137&id=315,实采,,https://www.gdzy5413.com/UploadFiles/image/upload/635040380660780000.jpg,01_试点医院/广东省第二中医院/照片/王霜玲-眼科-主任医师-广东省第二中医院.jpg,jpg,8724,031cce9d9280e8da5db269987360b3e693830cbb67630810542e407d33f7f688,150,192,FULL_FETCH,
胡方欣,https://www.gdzy5413.com/main/ks/templet2/ksdoctorinfo.aspx?bid=1139&typeid=1137&cid=1139&ksid=1137&id=779,实采,,https://www.gdzy5413.com/UploadFiles/image/2025-10/20251014030324305_s.png,01_试点医院/广东省第二中医院/照片/胡方欣-眼科-医师-广东省第二中医院.png,png,13776,443318e4dbd2083c93057e6d971f26cee2532bc8265ad6cb9a6669ac84e11df7,100,100,FULL_FETCH,
胡丹霞,https://www.gdzy5413.com/main/ks/templet2/ksdoctorinfo.aspx?bid=1143&typeid=1141&cid=1143&ksid=1141&id=617,实采,,https://www.gdzy5413.com/UploadFiles/image/2014-5/20140509113257548_s.jpg,01_试点医院/广东省第二中医院/照片/胡丹霞-耳鼻喉门诊-副主任中医师-广东省第二中医院.png,png,26553,208bad2d2ad9fb8b4ee5b31e20462f8e656e553c5dd08216ea7ccda78b43a956,120,160,FULL_FETCH,
黄向阳,https://www.gdzy5413.com/main/ks/templet2/ksdoctorinfo.aspx?bid=68&typeid=66&cid=68&ksid=66&id=393,失败,无照片容器,,,,,,,,FULL_FETCH,"{""detail_http"":200,""detection_feature"":""ksdoctorinfo 本人照片容器存在，但 src/background 为空或仅为 /UploadFiles/image/"",""excluded_resources"":[{""reason"":""照片引用为空目录且无文件名"",""url"":""https://www.gdzy5413.com/UploadFiles/image/""}],""observed_utc"":""2026-08-18T18:10:55Z"",""photo_reference_count"":0,""resource_urls"":[""https://www.gdzy5413.com/UploadFiles/image/""],""template_signature"":""资料卡 div[style*='width: 120px'] > img[width='120px'][height='155px']""}"
张奡,https://www.gdzy5413.com/main/ks/templet2/ksdoctorinfo.aspx?bid=43&typeid=41&cid=43&ksid=41&id=256,实采,,https://www.gdzy5413.com/UploadFiles/image/2014-3/20140304054726448_s.jpg,01_试点医院/广东省第二中医院/照片/张奡-肾病科-副主任医师-广东省第二中医院.png,png,27309,6c2480693fa8d1efa72171256c2c8fe6cb144db0a7e537c1ea35f53cb932ce4f,116,160,FULL_FETCH,
张秋林,https://www.gdzy5413.com/main/ks/templet2/ksdoctorinfo.aspx?bid=43&typeid=41&cid=43&ksid=41&id=253,实采,,https://www.gdzy5413.com/UploadFiles/image/2014-3/20140304054706848_s.jpg,01_试点医院/广东省第二中医院/照片/张秋林-肾病科-主任中医师-广东省第二中医院.png,png,27865,d05b6dbb230315907f03c8f8563a4171cf9b6041797e3892b7d4ba246e152f78,116,160,FULL_FETCH,
付啸峰,https://www.gdzy5413.com/main/ks/templet2/ksdoctorinfo.aspx?bid=37&typeid=35&cid=37&ksid=35&id=452,实采,,https://www.gdzy5413.com/UploadFiles/image/2014-3/20140302120454663_s.jpg,01_试点医院/广东省第二中医院/照片/付啸峰-肿瘤科-医师-广东省第二中医院.png,png,27701,7894a71a55a5a913fa491d514cdfa35d0e2ef0b25f5ad5dd75c7dfc9570f39cf,123,160,TRIAL_REUSE,
史清华,https://www.gdzy5413.com/main/ks/templet2/ksdoctorinfo.aspx?bid=37&typeid=35&cid=37&ksid=35&id=282,实采,,https://www.gdzy5413.com/UploadFiles/image/2014-3/20140304053630489_s.jpg,01_试点医院/广东省第二中医院/照片/史清华-肿瘤科-主任中医师-广东省第二中医院.png,png,24485,73cec8eb472ec922ab50468eb1cb6f55f794368381968d3e414363d99ab0bf00,116,160,FULL_FETCH,
吴建奇,https://www.gdzy5413.com/main/ks/templet2/ksdoctorinfo.aspx?bid=37&typeid=35&cid=37&ksid=35&id=450,实采,,https://www.gdzy5413.com/UploadFiles/image/2014-3/20140304054310508_s.jpg,01_试点医院/广东省第二中医院/照片/吴建奇-肿瘤科-副主任中医师-广东省第二中医院.png,png,28188,19118540d33eaf629abac85195d62562eefce3b1937dd3809c188be3172e7e46,116,160,FULL_FETCH,
尹建华,https://www.gdzy5413.com/main/ks/templet2/ksdoctorinfo.aspx?bid=37&typeid=35&cid=37&ksid=35&id=321,实采,,https://www.gdzy5413.com/UploadFiles/image/2014-2/20140228074834152_s.jpg,01_试点医院/广东省第二中医院/照片/尹建华-肿瘤科-主治中医师-广东省第二中医院.png,png,37694,c3bd63603f01538827440e39969d8afb5b1fa54ade58e803bb84b10c17add9a6,123,160,FULL_FETCH,
张念华,https://www.gdzy5413.com/main/ks/templet2/ksdoctorinfo.aspx?bid=37&typeid=35&cid=37&ksid=35&id=285,实采,,https://www.gdzy5413.com/UploadFiles/image/2014-3/20140304053710535_s.jpg,01_试点医院/广东省第二中医院/照片/张念华-肿瘤科-副主任医师-广东省第二中医院.png,png,25805,19a84fd2ee637b20000f6d7f5f37f9c2fef98cfb93ab0452be59df0ccf6b73a2,116,160,FULL_FETCH,
李寿杰,https://www.gdzy5413.com/main/ks/templet2/ksdoctorinfo.aspx?bid=37&typeid=35&cid=37&ksid=35&id=323,实采,,https://www.gdzy5413.com/UploadFiles/image/2014-3/20140304054436369_s.jpg,01_试点医院/广东省第二中医院/照片/李寿杰-肿瘤科-主治中医师-广东省第二中医院.png,png,29546,840b23f2ea6f72bbeff98fb580c0c3c8b155415c1c04dac9a0eb4654f4fc1752,116,160,FULL_FETCH,
武如通,https://www.gdzy5413.com/main/ks/templet2/ksdoctorinfo.aspx?bid=37&typeid=35&cid=37&ksid=35&id=322,实采,,https://www.gdzy5413.com/UploadFiles/image/2014-3/20140304054202403_s.jpg,01_试点医院/广东省第二中医院/照片/武如通-肿瘤科-副主任中医师-广东省第二中医院.png,png,27524,9dd6f5c8b9c7284a215574c70745a4e2f61f60b700c8c9251421ca86faabbed4,116,160,FULL_FETCH,
谢壁元,https://www.gdzy5413.com/main/ks/templet2/ksdoctorinfo.aspx?bid=37&typeid=35&cid=37&ksid=35&id=449,实采,,https://www.gdzy5413.com/UploadFiles/image/2017-12/20171219114447779_s.jpg,01_试点医院/广东省第二中医院/照片/谢壁元-肿瘤科-医师-广东省第二中医院.png,png,12751,9835dbd69fd01675ce02eb1c113c30e7e9820a71d1575c2591a4241dc5cf2d32,66,100,FULL_FETCH,
陈高峰,https://www.gdzy5413.com/main/doctor/specialist.aspx?typeid=714,实采,,https://www.gdzy5413.com/UploadFiles/image/2014-1/20140114021341293.jpg,01_试点医院/广东省第二中医院/照片/陈高峰-肿瘤科-主任医师-广东省第二中医院.jpg,jpg,52482,829f05245869986913f464d7aa7d76ea17ed99cb708b89041eca0dbde180e677,342,369,FULL_FETCH,
高海利,https://www.gdzy5413.com/main/ks/templet2/ksdoctorinfo.aspx?bid=37&typeid=35&cid=37&ksid=35&id=651,实采,,https://www.gdzy5413.com/UploadFiles/image/2015-7/20150709072526625_s.jpg,01_试点医院/广东省第二中医院/照片/高海利-肿瘤科-副主任中医师-广东省第二中医院.png,png,16676,2139dc33806f2286feb0d0f3138b215450a6f75d4ace28edc88b8208522ff493,75,100,FULL_FETCH,
高敏,https://www.gdzy5413.com/main/doctor/specialist.aspx?typeid=614,实采,,https://www.gdzy5413.com/UploadFiles/image/2014-1/20140128022825179.jpg,01_试点医院/广东省第二中医院/照片/高敏-脑病科-主任中医师-广东省第二中医院.jpg,jpg,53507,974c5a6efd861d944ff8077345443ad7db7a863f64a2944445ce18ac0ce49c1b,342,369,FULL_FETCH,
高敏,https://www.gdzy5413.com/main/ks/templet2/ksdoctorinfo.aspx?bid=25&typeid=23&cid=25&ksid=23&id=319,实采,,https://www.gdzy5413.com/UploadFiles/image/2014-2/20140228052132398_s.jpg,01_试点医院/广东省第二中医院/照片/高敏-脑病科-主任中医师-广东省第二中医院.png,png,35067,01e665a24faeda098df50d7b41133194ffaa9393d9ddb03249635fadbccd0d19,106,160,FULL_FETCH,
刘蔚,https://www.gdzy5413.com/main/ks/templet2/ksdoctorinfo.aspx?bid=28&typeid=26&cid=28&ksid=26&id=640,实采,,https://www.gdzy5413.com/UploadFiles/image/2014-6/20140624120112626_s.jpg,01_试点医院/广东省第二中医院/照片/刘蔚-脾胃病科-主任中医师-广东省第二中医院.png,png,17561,18a0ad60e603a0155b970c0dbff4f9e28f66337e5164a826e4ab5d217b36bbe0,80,100,FULL_FETCH,
张伦,https://www.gdzy5413.com/main/ks/templet2/ksdoctorinfo.aspx?bid=28&typeid=26&cid=28&ksid=26&id=97,实采,,https://www.gdzy5413.com/UploadFiles/image/2014-3/20140304051803423_s.jpg,01_试点医院/广东省第二中医院/照片/张伦-脾胃病科-主任中医师-广东省第二中医院.png,png,29664,8235e35986cc83aa77fab4d716d427bd79cb105feeaa17036a1b24999a97d2d4,116,160,FULL_FETCH,
戈焰,https://www.gdzy5413.com/main/ks/templet2/ksdoctorinfo.aspx?bid=28&typeid=26&cid=28&ksid=26&id=68,实采,,https://www.gdzy5413.com/UploadFiles/image/2014-3/20140304051328639_s.jpg,01_试点医院/广东省第二中医院/照片/戈焰-脾胃病科-主任中医师-广东省第二中医院.png,png,24998,ff374868a8f16e0da7cc7ca54cda11a8fe6c8540e2126ca0b2ccc6dc03cab102,116,160,FULL_FETCH,
李静,https://www.gdzy5413.com/main/ks/templet2/ksdoctorinfo.aspx?bid=28&typeid=26&cid=28&ksid=26&id=100,实采,,https://www.gdzy5413.com/UploadFiles/image/2014-3/20140304051441601_s.jpg,01_试点医院/广东省第二中医院/照片/李静-脾胃病科-主治中医师-广东省第二中医院.png,png,29308,29bc43bd31c4fa2c8863c6f75db647dd7df77eec241a4370bcaa0a913ce367c1,116,160,FULL_FETCH,
申昌国,https://www.gdzy5413.com/main/ks/templet2/ksdoctorinfo.aspx?bid=28&typeid=26&cid=28&ksid=26&id=399,实采,,https://www.gdzy5413.com/UploadFiles/image/2014-3/20140304051306685_s.jpg,01_试点医院/广东省第二中医院/照片/申昌国-脾胃病科-副主任中医师-广东省第二中医院.png,png,29623,b4a3645b1fe574784055322922416f15a31b8d76accef1a7ac78706a87e16b57,116,160,FULL_FETCH,
范明,https://www.gdzy5413.com/main/ks/templet2/ksdoctorinfo.aspx?bid=28&typeid=26&cid=28&ksid=26&id=99,实采,,https://www.gdzy5413.com/UploadFiles/image/2014-3/20140304051355350_s.jpg,01_试点医院/广东省第二中医院/照片/范明-脾胃病科-主任中医师-广东省第二中医院.png,png,27278,b76a22261528800df34d63f18374aeeb9e5e8da7ee0420a8e1960e295862cb37,116,160,FULL_FETCH,
许书维,https://www.gdzy5413.com/main/ks/templet2/ksdoctorinfo.aspx?bid=28&typeid=26&cid=28&ksid=26&id=215,实采,,https://www.gdzy5413.com/UploadFiles/image/2014-3/20140304051538418_s.jpg,01_试点医院/广东省第二中医院/照片/许书维-脾胃病科-副主任中医师-广东省第二中医院.png,png,29348,ea3c7e51e673caa5f69976a5da1eb66e3321eadb700056755cf62202d0eb2f08,116,160,FULL_FETCH,
钟毅,https://www.gdzy5413.com/main/ks/templet2/ksdoctorinfo.aspx?bid=28&typeid=26&cid=28&ksid=26&id=83,实采,,https://www.gdzy5413.com/UploadFiles/image/2014-3/20140304051733774_s.jpg,01_试点医院/广东省第二中医院/照片/钟毅-脾胃病科-主任中医师-广东省第二中医院.png,png,30800,b2237f3fbb7722591203de5b5da718c9c651f08309c6aa7a66cbed4ef9504764,116,160,FULL_FETCH,
饶梅冰,https://www.gdzy5413.com/main/ks/templet2/ksdoctorinfo.aspx?bid=28&typeid=26&cid=28&ksid=26&id=80,实采,,https://www.gdzy5413.com/UploadFiles/image/2014-3/20140304051638515_s.jpg,01_试点医院/广东省第二中医院/照片/饶梅冰-脾胃病科-主任医师-广东省第二中医院.png,png,29446,6c0429ccf4f615adaf896ab8248f08da79d64309a8f70b8556af8f4d955a6593,116,160,FULL_FETCH,
刘秋江,https://www.gdzy5413.com/main/ks/templet2/ksdoctorinfo.aspx?bid=1279&typeid=1277&cid=1279&ksid=1277&id=387,实采,,https://www.gdzy5413.com/UploadFiles/image/2014-3/20140301094604943_s.jpg,01_试点医院/广东省第二中医院/照片/刘秋江-重症医学科-副主任中医师-广东省第二中医院.png,png,53872,b988a70b2aabb27ceb3d4375ca44595c12dc60537074f44ffc92fc94c31ab7a6,129,160,FULL_FETCH,
方统念,https://www.gdzy5413.com/main/ks/templet2/ksdoctorinfo.aspx?bid=1279&typeid=1277&cid=1279&ksid=1277&id=385,实采,,https://www.gdzy5413.com/UploadFiles/image/2014-3/20140301093401795_s.jpg,01_试点医院/广东省第二中医院/照片/方统念-重症医学科-副主任中医师-广东省第二中医院.png,png,36262,a3ce84edf949de72b8377ce9ccd5defa057401a4af9706d5d10d026503769a27,124,160,FULL_FETCH,
王同汉,https://www.gdzy5413.com/main/ks/templet2/ksdoctorinfo.aspx?bid=1279&typeid=1277&cid=1279&ksid=1277&id=384,实采,,https://www.gdzy5413.com/UploadFiles/image/2014-3/20140304122306909_s.bmp,01_试点医院/广东省第二中医院/照片/王同汉-重症医学科-副主任医师-广东省第二中医院.png,png,18931,115649330c36f3e9f65a934455ad31a690f524687ec436ba12f019803a993ded,75,100,FULL_FETCH,
赵丽芸,https://www.gdzy5413.com/main/ks/templet2/ksdoctorinfo.aspx?bid=1279&typeid=1277&cid=1279&ksid=1277&id=383,实采,,https://www.gdzy5413.com/UploadFiles/image/2014-3/20140304120326364_s.jpg,01_试点医院/广东省第二中医院/照片/赵丽芸-重症医学科-主任中医师-广东省第二中医院.png,png,32056,a1c65b9430f2d4c80a11c782ed54b7c67599f358218d55e6012e7a5fc41a2408,114,100,FULL_FETCH,
陈海生,https://www.gdzy5413.com/main/ks/templet2/ksdoctorinfo.aspx?bid=1279&typeid=1277&cid=1279&ksid=1277&id=386,实采,,https://www.gdzy5413.com/UploadFiles/image/2014-3/20140302100552259_s.jpg,01_试点医院/广东省第二中医院/照片/陈海生-重症医学科-副主任中医师-广东省第二中医院.png,png,34727,754498b3c7705a7258a51dd74eab9bb77bd5fa9527e6fdbb48749c1ba52848f5,133,100,FULL_FETCH,
杨海涛,https://www.gdzy5413.com/main/ks/templet2/ksdoctorinfo.aspx?bid=88&typeid=86&cid=88&ksid=86&id=563,实采,,https://www.gdzy5413.com/UploadFiles/image/2014-3/20140317032218384_s.jpg,01_试点医院/广东省第二中医院/照片/杨海涛-针灸康复一区-副主任中医师-广东省第二中医院.png,png,103938,d4c770dc2efe0930e93a96972761a58e1bfb93320bdd06b0c2cf9f94c84ba60e,240,160,FULL_FETCH,
陆彦青,https://www.gdzy5413.com/main/ks/templet2/ksdoctorinfo.aspx?bid=88&typeid=86&cid=88&ksid=86&id=562,实采,,https://www.gdzy5413.com/UploadFiles/image/2014-3/20140317032042970_s.jpg,01_试点医院/广东省第二中医院/照片/陆彦青-针灸康复一区-主治中医师-广东省第二中医院.png,png,98588,40cc3a085ddb3937d78a967f6ed2bff1c531a768be9609fc8992f21e020625b4,217,160,FULL_FETCH,
黄凡,https://www.gdzy5413.com/main/ks/templet2/ksdoctorinfo.aspx?bid=88&typeid=86&cid=88&ksid=86&id=304,实采,,https://www.gdzy5413.com/UploadFiles/image/2014-3/20140317031601203_s.jpg,01_试点医院/广东省第二中医院/照片/黄凡-针灸康复一区-主任中医师-广东省第二中医院.png,png,30799,2fb06f35e2a88af6c838112e6e60aeae78c50eac5b197aecbeee04a12e21ce15,120,160,FULL_FETCH,
刘建,https://www.gdzy5413.com/main/ks/templet2/ksdoctorinfo.aspx?bid=97&typeid=95&cid=97&ksid=95&id=300,实采,,https://www.gdzy5413.com/UploadFiles/image/2014-9/20140918054724528_s.jpg,01_试点医院/广东省第二中医院/照片/刘建-针灸康复五区-副主任中医师-广东省第二中医院.png,png,24949,9287b519522094db2a303c5231c22cf507c20e3f11ac67c54e6327f7fd1287db,99,100,FULL_FETCH,
张炎明,https://www.gdzy5413.com/main/ks/templet2/ksdoctorinfo.aspx?bid=97&typeid=95&cid=97&ksid=95&id=649,实采,,https://www.gdzy5413.com/UploadFiles/image/2014-9/20140918055030224_s.jpg,01_试点医院/广东省第二中医院/照片/张炎明-针灸康复五区-医师-广东省第二中医院.png,png,17585,5a3bd153e8e548244f1b6e579659d3b733a66927b17ea17d095a05fe92444ef8,74,100,FULL_FETCH,
苏美意,https://www.gdzy5413.com/main/ks/templet2/ksdoctorinfo.aspx?bid=97&typeid=95&cid=97&ksid=95&id=646,实采,,https://www.gdzy5413.com/UploadFiles/image/2014-9/20140918054226132.jpg,01_试点医院/广东省第二中医院/照片/苏美意-针灸康复五区-医师-广东省第二中医院.jpg,jpg,67159,563f25ad06b7cf4cd2de11b7dab5a9156040a57ec31d97ed7aa54173917581ef,862,1070,FULL_FETCH,
陈敬伟,https://www.gdzy5413.com/main/ks/templet2/ksdoctorinfo.aspx?bid=97&typeid=95&cid=97&ksid=95&id=648,实采,,https://www.gdzy5413.com/UploadFiles/image/2014-9/20140918054920621_s.jpg,01_试点医院/广东省第二中医院/照片/陈敬伟-针灸康复五区-医师-广东省第二中医院.png,png,19730,c56c9fbb2f1b4bc02e11f750f7c85a802b17d14696f516bc8b2e6156f684acde,80,100,FULL_FETCH,
刘星,https://www.gdzy5413.com/main/ks/templet2/ksdoctorinfo.aspx?bid=100&typeid=98&cid=100&ksid=98&id=429,实采,,https://www.gdzy5413.com/UploadFiles/image/2014-3/20140317040527587_s.jpg,01_试点医院/广东省第二中医院/照片/刘星-针灸康复六区-主任中医师-广东省第二中医院.png,png,36305,6a8c881bbab1231736b29d34b7068c4e82550f4f6163d7b61e481e02fe4006ba,104,160,FULL_FETCH,
张俊杰,https://www.gdzy5413.com/main/ks/templet2/ksdoctorinfo.aspx?bid=100&typeid=98&cid=100&ksid=98&id=428,实采,,https://www.gdzy5413.com/UploadFiles/image/2014-2/20140228051534162_s.jpg,01_试点医院/广东省第二中医院/照片/张俊杰-针灸康复六区-主治中医师-广东省第二中医院.png,png,36024,4e71ab3e390d05e3f5f251bbf3a35d705a36feaa00ff047fce5a4134974658e2,137,160,FULL_FETCH,
范德辉,https://www.gdzy5413.com/main/doctor/specialist.aspx?typeid=1452,实采,,https://www.gdzy5413.com/UploadFiles/image/2014-4/20140410101222463.jpg,01_试点医院/广东省第二中医院/照片/范德辉-针灸康复科五区-主任中医师-广东省第二中医院.jpg,jpg,52289,77b73f64b55089542b62b8ab4de6aba2bfddb76b0cc47d0f76d7a269579a4ada,342,369,TRIAL_REUSE,
吴文锋,https://www.gdzy5413.com/main/ks/templet2/ksdoctorinfo.aspx?bid=1284&typeid=1282&cid=1284&ksid=1282&id=697,实采,,https://www.gdzy5413.com/UploadFiles/image/2022-9/20220928115142495_s.jpg,01_试点医院/广东省第二中医院/照片/吴文锋-针灸康复门诊-主任中医师-广东省第二中医院.png,png,14864,b937b02fa0e387d7d957c993462ac0bb80fecaf05693218e2bfed1b307a4f8fb,72,100,FULL_FETCH,
曹金梅,https://www.gdzy5413.com/main/ks/templet2/ksdoctorinfo.aspx?bid=1284&typeid=1282&cid=1284&ksid=1282&id=580,实采,,https://www.gdzy5413.com/UploadFiles/image/2014-3/20140324044122655_s.jpg,01_试点医院/广东省第二中医院/照片/曹金梅-针灸康复门诊-未标注-广东省第二中医院.png,png,33738,6eaf33200cbf53fba1be45e874716f243ff12da5eed2822e52b1d18660d480b3,97,160,FULL_FETCH,
曾科学,https://www.gdzy5413.com/main/ks/templet2/ksdoctorinfo.aspx?bid=1284&typeid=1282&cid=1284&ksid=1282&id=693,实采,,https://www.gdzy5413.com/UploadFiles/image/2021-2/20210223055609316_s.jpg,01_试点医院/广东省第二中医院/照片/曾科学-针灸康复门诊-主任中医师-广东省第二中医院.png,png,171348,628c63fbb4f393d1a98cb53a8ae7717d4b84be2751adfac108ccceeec13c9bb3,365,365,FULL_FETCH,
聂斌,https://www.gdzy5413.com/main/ks/templet2/ksdoctorinfo.aspx?bid=1284&typeid=1282&cid=1284&ksid=1282&id=647,实采,,https://www.gdzy5413.com/UploadFiles/image/2014-9/20140901030217654_s.jpg,01_试点医院/广东省第二中医院/照片/聂斌-针灸康复门诊-主任中医师-广东省第二中医院.png,png,49301,a06625ea63e57e2b6ba50dc5ade8ce987ceea8fab0c436bce2b70fb756829761,120,160,FULL_FETCH,
杨阳,https://www.gdzy5413.com/main/ks/templet2/ksdoctorinfo.aspx?bid=40&typeid=38&cid=40&ksid=38&id=776,实采,,https://www.gdzy5413.com/UploadFiles/image/2025-9/20250908043353108_s.png,01_试点医院/广东省第二中医院/照片/杨阳-风湿科-副主任医师-广东省第二中医院.png,png,12675,d3e55fb46548e9b2340fd1d600f42d5a4a8c98d2d79f082c6543a9ad327ad483,84,100,FULL_FETCH,
贾二涛,https://www.gdzy5413.com/main/ks/templet2/ksdoctorinfo.aspx?bid=40&typeid=38&cid=40&ksid=38&id=775,实采,,https://www.gdzy5413.com/UploadFiles/image/2025-9/20250908043227699_s.png,01_试点医院/广东省第二中医院/照片/贾二涛-风湿科-主任医师-广东省第二中医院.png,png,13317,a659af41cdec1268f7173b540df7c1508f5a6fead97ff1e03cc6c923e8aaec7b,86,100,FULL_FETCH,
邱联群,https://www.gdzy5413.com/main/ks/templet2/ksdoctorinfo.aspx?bid=40&typeid=38&cid=40&ksid=38&id=400,实采,,https://www.gdzy5413.com/UploadFiles/image/2014-2/20140228114858939_s.jpg,01_试点医院/广东省第二中医院/照片/邱联群-风湿科-主任中医师-广东省第二中医院.png,png,12236,5abab49df90257ec60bf4c94a7d37948d2e4bd352250c34b1dd52bfdb254e785,75,100,FULL_FETCH,
饶晶,https://www.gdzy5413.com/main/ks/templet2/ksdoctorinfo.aspx?bid=40&typeid=38&cid=40&ksid=38&id=403,实采,,https://www.gdzy5413.com/UploadFiles/image/2014-3/20140304054556166_s.jpg,01_试点医院/广东省第二中医院/照片/饶晶-风湿科-主治中医师-广东省第二中医院.png,png,28495,b21eaa5407fdcb0f7622175c9dd556be83b0eade0fd2c8d056c2729dde738531,116,160,FULL_FETCH,
高伟,https://www.gdzy5413.com/main/ks/templet2/ksdoctorinfo.aspx?bid=40&typeid=38&cid=40&ksid=38&id=402,实采,,https://www.gdzy5413.com/UploadFiles/image/2014-3/20140304054617665_s.jpg,01_试点医院/广东省第二中医院/照片/高伟-风湿科-主治中医师-广东省第二中医院.png,png,30619,bf6559f1274956401de17022c553d1ecd021331988aab6a4b9bd68776e7eecf4,116,160,FULL_FETCH,
刘文刚,https://www.gdzy5413.com/main/ks/templet2/ksdoctorinfo.aspx?bid=53&typeid=51&cid=53&ksid=51&id=118,实采,,https://www.gdzy5413.com/UploadFiles/image/2014-3/20140317043647266_s.jpg,01_试点医院/广东省第二中医院/照片/刘文刚-骨伤一科-主任中医师-广东省第二中医院.png,png,24575,c9648193b1814fb4346cf3b9b89fc39ecfc8fd4a06fc345f8375060f8055fcde,106,160,FULL_FETCH,
赵传喜,https://www.gdzy5413.com/main/ks/templet2/ksdoctorinfo.aspx?bid=53&typeid=51&cid=53&ksid=51&id=224,实采,,https://www.gdzy5413.com/UploadFiles/image/2026-3/20260318040543368_s.jpg,01_试点医院/广东省第二中医院/照片/赵传喜-骨伤一科-主任中医师-广东省第二中医院.png,png,11810,48d769bb6b4c45c8ac17932c12d3d8fa3cfbb81c37303c1a0ac954df0f3a09fc,71,100,FULL_FETCH,
许学猛,https://www.gdzy5413.com/main/ks/templet2/ksdoctorinfo.aspx?bid=53&typeid=51&cid=53&ksid=51&id=60,实采,,https://www.gdzy5413.com/UploadFiles/image/2014-3/20140317050911227_s.jpg,01_试点医院/广东省第二中医院/照片/许学猛-骨伤一科-主任医师-广东省第二中医院.png,png,30784,b40f4b04c9061e31224f01f142afa172909b075ad83052b9f9f101892ae5322c,125,160,FULL_FETCH,
吴少鹏,https://www.gdzy5413.com/main/ks/templet2/ksdoctorinfo.aspx?bid=59&typeid=57&cid=59&ksid=57&id=110,实采,,https://www.gdzy5413.com/UploadFiles/image/2014-5/20140521074200815_s.jpg,01_试点医院/广东省第二中医院/照片/吴少鹏-骨伤三科-主任中医师-广东省第二中医院.png,png,58655,e20f2cafae6365ea7137663a31b98a89675d99135395e36bbf9cc84c5134601d,135,160,FULL_FETCH,
邱剑鸣,https://www.gdzy5413.com/main/ks/templet2/ksdoctorinfo.aspx?bid=56&typeid=54&cid=56&ksid=54&id=225,实采,,https://www.gdzy5413.com/UploadFiles/image/2014-3/20140317051108737_s.jpg,01_试点医院/广东省第二中医院/照片/邱剑鸣-骨伤二科-副主任医师-广东省第二中医院.png,png,22629,e0a26a0a309b27a552c3be024b2c66ba1dae44e66a4b2de7120cf6cfb3d3e944,123,160,FULL_FETCH,
李有武,https://www.gdzy5413.com/main/ks/templet2/ksdoctorinfo.aspx?bid=110&typeid=108&cid=110&ksid=108&id=158,失败,占位图,,,,,,,,FULL_FETCH,"{""detail_http"":200,""detection_feature"":""照片响应内容判定为占位图：small-placeholder-like-response:1320B:86x126；1320 bytes；86×126"",""excluded_resources"":[],""observed_utc"":""2026-08-18T18:11:25Z"",""photo_reference_count"":1,""resource_urls"":[""https://www.gdzy5413.com/UploadFiles/image/upload/633822297576917500.jpg""],""template_signature"":""资料卡 div[style*='width: 120px'] > img[width='120px'][height='155px']""}"
元国华,https://www.gdzy5413.com/main/ks/templet2/ksdoctorinfo.aspx?bid=1009&typeid=903&cid=1009&ksid=903&id=442,实采,,https://www.gdzy5413.com/UploadFiles/image/2014-3/20140301123829265_s.jpg,01_试点医院/广东省第二中医院/照片/元国华-五山门诊-医师-广东省第二中医院.png,png,14961,591b3c4db13cd87e1167433ac7db7763a90f770a205aa8d7ad17a0dc8fa79fa4,75,100,FULL_FETCH,
劳宗洪,https://www.gdzy5413.com/main/ks/templet2/ksdoctorinfo.aspx?bid=1009&typeid=903&cid=1009&ksid=903&id=441,失败,无照片容器,,,,,,,,FULL_FETCH,"{""detail_http"":200,""detection_feature"":""ksdoctorinfo 本人照片容器存在，但 src/background 为空或仅为 /UploadFiles/image/"",""excluded_resources"":[{""reason"":""照片引用为空目录且无文件名"",""url"":""https://www.gdzy5413.com/UploadFiles/image/""}],""observed_utc"":""2026-08-18T18:11:26Z"",""photo_reference_count"":0,""resource_urls"":[""https://www.gdzy5413.com/UploadFiles/image/""],""template_signature"":""资料卡 div[style*='width: 120px'] > img[width='120px'][height='155px']""}"
叶艳芬,https://www.gdzy5413.com/main/ks/templet2/ksdoctorinfo.aspx?bid=72&typeid=70&cid=72&ksid=70&id=119,实采,,https://www.gdzy5413.com/UploadFiles/image/2014-2/20140222064616150_s.jpg,01_试点医院/广东省第二中医院/照片/叶艳芬-儿科-主治医师-广东省第二中医院.png,png,14324,548acbd6e53b5e50681192cb58ced343e3f53018c50da92383f4d79ac9fbbd62,74,100,FULL_FETCH,
丘友如,https://www.gdzy5413.com/main/ks/templet2/ksdoctorinfo.aspx?bid=1151&typeid=1149&cid=1151&ksid=1149&id=546,实采,,https://www.gdzy5413.com/UploadFiles/image/2014-4/20140424020016134_s.jpg,01_试点医院/广东省第二中医院/照片/丘友如-内科-副主任医师-广东省第二中医院.png,png,26608,e3f1dea95b5a1a5d82f85f14ed2f10ea60f1bb3dc6277d3edbf3d56951bdc72d,120,160,FULL_FETCH,
孟睿,https://www.gdzy5413.com/main/ks/templet2/ksdoctorinfo.aspx?bid=929&typeid=134&cid=929&ksid=134&id=453,实采,,https://www.gdzy5413.com/UploadFiles/image/2016-3/20160303102522260_s.jpg,01_试点医院/广东省第二中医院/照片/孟睿-医技科-医师-广东省第二中医院.png,png,14144,cbbbc8013c055854350014605f7cb5685afad38b8baf1bc5689658958e9389c3,66,100,FULL_FETCH,
梁虹宇,https://www.gdzy5413.com/main/ks/templet2/ksdoctorinfo.aspx?bid=929&typeid=134&cid=929&ksid=134&id=448,实采,,https://www.gdzy5413.com/UploadFiles/image/2014-3/20140301102437350_s.jpg,01_试点医院/广东省第二中医院/照片/梁虹宇-医技科-主治医师-广东省第二中医院.png,png,13727,53f73955983bc9e59bb19f8f1b63ca6c0d054d5ae4b160bd98ed64119569b273,68,100,FULL_FETCH,
张庆元,https://www.gdzy5413.com/main/ks/templet2/ksdoctorinfo.aspx?bid=958&typeid=76&cid=958&ksid=76&id=138,实采,,https://www.gdzy5413.com/UploadFiles/image/upload/633822102489113923.jpg,01_试点医院/广东省第二中医院/照片/张庆元-口腔科-副主任医师-广东省第二中医院.jpg,jpg,10179,10cf37107bcd77db7a8780b40fb002deac86855e38209703dfdec7403b7627cc,86,126,FULL_FETCH,
张雯,https://www.gdzy5413.com/main/ks/templet2/ksdoctorinfo.aspx?bid=958&typeid=76&cid=958&ksid=76&id=273,实采,,https://www.gdzy5413.com/UploadFiles/image/upload/635036863030936250.jpg,01_试点医院/广东省第二中医院/照片/张雯-口腔科-主治医师-广东省第二中医院.jpg,jpg,7864,75232787d6c7f75ebc48cf2950001aaaa9f089c66e6ccd0be626823723b7f3f8,150,196,FULL_FETCH,
温映萍,https://www.gdzy5413.com/main/ks/templet2/ksdoctorinfo.aspx?bid=958&typeid=76&cid=958&ksid=76&id=143,实采,,https://www.gdzy5413.com/UploadFiles/image/upload/633822174514081509.jpg,01_试点医院/广东省第二中医院/照片/温映萍-口腔科-主任医师-广东省第二中医院.jpg,jpg,10573,333185ff8ffd7185424ae7beeb1d5db6f01896ec2da29c2d9ef24760b1785c35,86,126,FULL_FETCH,
苏淑娟,https://www.gdzy5413.com/main/ks/templet2/ksdoctorinfo.aspx?bid=958&typeid=76&cid=958&ksid=76&id=144,实采,,https://www.gdzy5413.com/UploadFiles/image/upload/633822174857728035.jpg,01_试点医院/广东省第二中医院/照片/苏淑娟-口腔科-副主任医师-广东省第二中医院.jpg,jpg,8983,22be9ef79852171ef14bef4cc04aeafbb2a8f0bcca6f1335c2f8880c75860eb0,86,126,FULL_FETCH,
陈倩倩,https://www.gdzy5413.com/main/ks/templet2/ksdoctorinfo.aspx?bid=958&typeid=76&cid=958&ksid=76&id=145,实采,,https://www.gdzy5413.com/UploadFiles/image/upload/635036865648280000.jpg,01_试点医院/广东省第二中医院/照片/陈倩倩-口腔科-副主任医师-广东省第二中医院.jpg,jpg,7376,fe2991515d30399cf8a3c46924c2481c2faf8353a64f9339b2bab612cd225acc,150,200,FULL_FETCH,
鲁洁,https://www.gdzy5413.com/main/ks/templet2/ksdoctorinfo.aspx?bid=958&typeid=76&cid=958&ksid=76&id=146,实采,,https://www.gdzy5413.com/UploadFiles/image/upload/635036864315155000.jpg,01_试点医院/广东省第二中医院/照片/鲁洁-口腔科-副主任医师-广东省第二中医院.jpg,jpg,5492,57aa316d85d51f48e6c8a90252ba478e371eff8ca84f173182267e5154611871,141,200,FULL_FETCH,
姜开文,https://www.gdzy5413.com/main/ks/templet2/ksdoctorinfo.aspx?bid=50&typeid=48&cid=50&ksid=48&id=434,实采,,https://www.gdzy5413.com/UploadFiles/image/2016-7/20160715023543752_s.jpg,01_试点医院/广东省第二中医院/照片/姜开文-外二科-主治医师-广东省第二中医院.png,png,31907,c15bd48a886541247c6012077c1f5eff3afccefc07e3d2f6eac047025273166b,139,100,FULL_FETCH,
张隆鑫,https://www.gdzy5413.com/main/ks/templet2/ksdoctorinfo.aspx?bid=50&typeid=48&cid=50&ksid=48&id=654,实采,,https://www.gdzy5413.com/UploadFiles/image/2016-7/20160715023612300_s.jpg,01_试点医院/广东省第二中医院/照片/张隆鑫-外二科-主治医师-广东省第二中医院.png,png,32254,cb47ace31435cc68b49ec63c7d7e0b6ec61fbdfa81f30acb738400312992ec88,133,100,FULL_FETCH,
陈晓鑫,https://www.gdzy5413.com/main/ks/templet2/ksdoctorinfo.aspx?bid=50&typeid=48&cid=50&ksid=48&id=432,实采,,https://www.gdzy5413.com/UploadFiles/image/2014-4/20140430095810208.jpg,01_试点医院/广东省第二中医院/照片/陈晓鑫-外二科-主治医师-广东省第二中医院.jpg,jpg,39034,a6b834d273b6a981afda3f075e104249b9216834f4294dde1afb910ba720cb7f,422,544,FULL_FETCH,
郑林标,https://www.gdzy5413.com/main/ks/templet2/ksdoctorinfo.aspx?bid=75&typeid=73&cid=75&ksid=73&id=424,失败,无照片容器,,,,,,,,FULL_FETCH,"{""detail_http"":200,""detection_feature"":""ksdoctorinfo 本人照片容器存在，但 src/background 为空或仅为 /UploadFiles/image/"",""excluded_resources"":[{""reason"":""照片引用为空目录且无文件名"",""url"":""https://www.gdzy5413.com/UploadFiles/image/""}],""observed_utc"":""2026-08-18T18:11:34Z"",""photo_reference_count"":0,""resource_urls"":[""https://www.gdzy5413.com/UploadFiles/image/""],""template_signature"":""资料卡 div[style*='width: 120px'] > img[width='120px'][height='155px']""}"
李前宁,https://www.gdzy5413.com/main/ks/templet2/ksdoctorinfo.aspx?bid=926&typeid=131&cid=926&ksid=131&id=766,实采,,https://www.gdzy5413.com/UploadFiles/image/2023-3/20230327101633882_s.jpg,01_试点医院/广东省第二中医院/照片/李前宁-检验科-未标注-广东省第二中医院.png,png,13499,6c9aa2f5eea5994fe404d95e55ba39fe63e5be73a38253733d50c2bbdeef65c8,71,100,FULL_FETCH,
李慧,https://www.gdzy5413.com/main/ks/templet2/ksdoctorinfo.aspx?bid=926&typeid=131&cid=926&ksid=131&id=768,实采,,https://www.gdzy5413.com/UploadFiles/image/2023-3/20230327102937224_s.jpg,01_试点医院/广东省第二中医院/照片/李慧-检验科-主管技师-广东省第二中医院.png,png,15226,f3fd6393f4c01ba41b5056c736e0b4ba782c4ede25220148b84a814b097ce962,71,100,FULL_FETCH,
梅闯闯,https://www.gdzy5413.com/main/ks/templet2/ksdoctorinfo.aspx?bid=926&typeid=131&cid=926&ksid=131&id=771,实采,,https://www.gdzy5413.com/UploadFiles/image/2023-3/20230327112612977_s.jpg,01_试点医院/广东省第二中医院/照片/梅闯闯-检验科-医师-广东省第二中医院.png,png,11403,0c38557b29834f25b1d66e0ad9b0376c24ae8945f14905f3536f6445ed537420,68,100,FULL_FETCH,
邓丽梅,https://www.gdzy5413.com/main/ks/templet2/ksdoctorinfo.aspx?bid=926&typeid=131&cid=926&ksid=131&id=365,实采,,https://www.gdzy5413.com/UploadFiles/image/2023-3/20230327102148457_s.jpg,01_试点医院/广东省第二中医院/照片/邓丽梅-检验科-未标注-广东省第二中医院.png,png,13015,4077a75cbed486b39847ebb6eb3affceefae19724670511e5440c0531c15277e,70,100,FULL_FETCH,
周盛杰,https://www.gdzy5413.com/main/ks/templet2/ksdoctorinfo.aspx?bid=104&typeid=102&cid=104&ksid=102&id=650,实采,,https://www.gdzy5413.com/UploadFiles/image/2017-1/20170123091447767_s.jpg,01_试点医院/广东省第二中医院/照片/周盛杰-治未病(健康体检)中心-未标注-广东省第二中医院.png,png,28413,945aecfc6c239f204ab5ac3a674da4dee8ed84b33b4448ffb6170b85d9d3014c,150,100,FULL_FETCH,
梁兆凤,https://www.gdzy5413.com/main/ks/templet2/ksdoctorinfo.aspx?bid=104&typeid=102&cid=104&ksid=102&id=486,实采,,https://www.gdzy5413.com/UploadFiles/image/2014-3/20140305102139145_s.jpg,01_试点医院/广东省第二中医院/照片/梁兆凤-治未病(健康体检)中心-住院医师-广东省第二中医院.png,png,46614,6b12ac8b10b5228af9cfd9e323eb00a1355b94b896c357015235386233998469,120,160,FULL_FETCH,
钟文鑫,https://www.gdzy5413.com/main/ks/templet2/ksdoctorinfo.aspx?bid=104&typeid=102&cid=104&ksid=102&id=487,实采,,https://www.gdzy5413.com/UploadFiles/image/2014-3/20140305102216855_s.jpg,01_试点医院/广东省第二中医院/照片/钟文鑫-治未病(健康体检)中心-住院医师-广东省第二中医院.png,png,43739,b75e1a7277c367b22906157a889ae6c04ee2b2c88228d00785914b07b9e3b88e,120,160,FULL_FETCH,
孙俊,https://www.gdzy5413.com/main/ks/templet2/ksdoctorinfo.aspx?bid=1229&typeid=1227&cid=1229&ksid=1227&id=528,实采,,https://www.gdzy5413.com/UploadFiles/image/2014-3/20140310053111444_s.jpg,01_试点医院/广东省第二中医院/照片/孙俊-淘金门诊-医师-广东省第二中医院.png,png,39876,fca827eb6af39fdf02dea5f5c1d885134aa08d61ca12c6b0a3e87429267ba133,109,160,FULL_FETCH,
陈礼锦,https://www.gdzy5413.com/main/ks/templet2/ksdoctorinfo.aspx?bid=1229&typeid=1227&cid=1229&ksid=1227&id=525,实采,,https://www.gdzy5413.com/UploadFiles/image/2014-3/20140310052942438_s.jpg,01_试点医院/广东省第二中医院/照片/陈礼锦-淘金门诊-医师-广东省第二中医院.png,png,42027,4d2764a774c76b92ab00f3defaacda147ff5622f1e1fc122f5584005178ea8b5,116,160,FULL_FETCH,
吕朝晖,https://www.gdzy5413.com/main/ks/templet2/ksdoctorinfo.aspx?bid=1464&typeid=1462&cid=1464&ksid=1462&id=613,实采,,https://www.gdzy5413.com/UploadFiles/image/2014-4/20140425044149164_s.jpg,01_试点医院/广东省第二中医院/照片/吕朝晖-特诊室-主任中医师-广东省第二中医院.png,png,33467,02646ec8f500fd8ec367baa486ecaed273210a5b0b3fcec73c7ac20297c5b5da,106,160,FULL_FETCH,
郭智涛,https://www.gdzy5413.com/main/ks/templet2/ksdoctorinfo.aspx?bid=1464&typeid=1462&cid=1464&ksid=1462&id=614,实采,,https://www.gdzy5413.com/UploadFiles/image/2014-4/20140425043949391_s.jpg,01_试点医院/广东省第二中医院/照片/郭智涛-特诊室-未标注-广东省第二中医院.png,png,34204,3e94fa52b489254047529a13b92c26f5fa0ded9a6c572c5e2583fda04b565d00,106,160,FULL_FETCH,
高敏,https://www.gdzy5413.com/main/ks/templet2/ksdoctorinfo.aspx?bid=1464&typeid=1462&cid=1464&ksid=1462&id=611,实采,,https://www.gdzy5413.com/UploadFiles/image/2014-4/20140425044511767_s.jpg,01_试点医院/广东省第二中医院/照片/高敏-特诊室-主任中医师-广东省第二中医院.png,png,35400,842d38237ae7848b49bca43dcf3edc127126161225d0fde1f3e2a1544d9dc2f9,106,160,FULL_FETCH,
黄晓萍,https://www.gdzy5413.com/main/ks/templet2/ksdoctorinfo.aspx?bid=1082&typeid=1080&cid=1082&ksid=1080&id=773,实采,,https://www.gdzy5413.com/UploadFiles/image/2024-3/20240304093513965_s.png,01_试点医院/广东省第二中医院/照片/黄晓萍-白云院区耳鼻喉科-副主任中医师-广东省第二中医院.png,png,11552,3d55768275f28527a072fdf72d0f4a53d1caac5ced755d56adf3a460c489fc33,82,100,FULL_FETCH,
夏雄智,https://www.gdzy5413.com/main/ks/templet2/ksdoctorinfo.aspx?bid=970&typeid=892&cid=970&ksid=892&id=750,实采,,https://www.gdzy5413.com/UploadFiles/image/2022-10/20221014100053263_s.jpg,01_试点医院/广东省第二中医院/照片/夏雄智-白云院区骨科-主任中医师-广东省第二中医院.png,png,12441,8e7e8e19b66d4b446f16d57b96f574e36cd0b2ec5b453708cc4d18074b9768d3,66,100,FULL_FETCH,
张瑜,https://www.gdzy5413.com/main/ks/templet2/ksdoctorinfo.aspx?bid=970&typeid=892&cid=970&ksid=892&id=754,实采,,https://www.gdzy5413.com/UploadFiles/image/2022-10/20221014101214451_s.jpg,01_试点医院/广东省第二中医院/照片/张瑜-白云院区骨科-主治中医师-广东省第二中医院.png,png,12346,93dc74da300132c5209dcddc947e232ae7cceb305da58e22a596df2bf1223d47,69,100,FULL_FETCH,
江艺,https://www.gdzy5413.com/main/ks/templet2/ksdoctorinfo.aspx?bid=970&typeid=892&cid=970&ksid=892&id=753,实采,,https://www.gdzy5413.com/UploadFiles/image/2022-10/20221014101040180_s.jpg,01_试点医院/广东省第二中医院/照片/江艺-白云院区骨科-副主任中医师-广东省第二中医院.png,png,11952,0d6be53f597b1afe7d73b091e33484e22d5fd72c722527ae6d35314c6ede4ecd,67,100,FULL_FETCH,
陈竹生,https://www.gdzy5413.com/main/ks/templet2/ksdoctorinfo.aspx?bid=970&typeid=892&cid=970&ksid=892&id=749,实采,,https://www.gdzy5413.com/UploadFiles/image/2022-10/20221014095743447_s.jpg,01_试点医院/广东省第二中医院/照片/陈竹生-白云院区骨科-主任医师-广东省第二中医院.png,png,15235,596c3c7c12671aace6dc5319c3c8de03324953fe1958efb12a184fcc91470a07,73,100,FULL_FETCH,
朱铭华,https://www.gdzy5413.com/main/ks/templet2/ksdoctorinfo.aspx?bid=84&typeid=82&cid=84&ksid=82&id=150,实采,,https://www.gdzy5413.com/UploadFiles/image/2014-2/20140224031940156_s.jpg,01_试点医院/广东省第二中医院/照片/朱铭华-皮肤科-主任医师-广东省第二中医院.png,png,14478,5b795351926701825c44f416fd4a19e4f7bc2dae14471e68787ad16587e9de7c,68,100,FULL_FETCH,
徐琛,https://www.gdzy5413.com/main/ks/templet2/ksdoctorinfo.aspx?bid=68&typeid=66&cid=68&ksid=66&id=394,失败,无照片容器,,,,,,,,FULL_FETCH,"{""detail_http"":200,""detection_feature"":""ksdoctorinfo 本人照片容器存在，但 src/background 为空或仅为 /UploadFiles/image/"",""excluded_resources"":[{""reason"":""照片引用为空目录且无文件名"",""url"":""https://www.gdzy5413.com/UploadFiles/image/""}],""observed_utc"":""2026-08-18T18:11:45Z"",""photo_reference_count"":0,""resource_urls"":[""https://www.gdzy5413.com/UploadFiles/image/""],""template_signature"":""资料卡 div[style*='width: 120px'] > img[width='120px'][height='155px']""}"
雷天香,https://www.gdzy5413.com/main/ks/templet2/ksdoctorinfo.aspx?bid=43&typeid=41&cid=43&ksid=41&id=255,实采,,https://www.gdzy5413.com/UploadFiles/image/2014-3/20140304054747709_s.jpg,01_试点医院/广东省第二中医院/照片/雷天香-肾病科-副主任中医师-广东省第二中医院.png,png,28456,f07c9afcf3d4eb6bb97a2f83875ef6fb6a8af96697e5fba2e8b175f44537bbc8,116,160,FULL_FETCH,
周嘉澄,https://www.gdzy5413.com/main/ks/templet2/ksdoctorinfo.aspx?bid=25&typeid=23&cid=25&ksid=23&id=582,失败,无照片容器,,,,,,,,FULL_FETCH,"{""detail_http"":200,""detection_feature"":""ksdoctorinfo 本人照片容器存在，但 src/background 为空或仅为 /UploadFiles/image/"",""excluded_resources"":[{""reason"":""照片引用为空目录且无文件名"",""url"":""https://www.gdzy5413.com/UploadFiles/image/""}],""observed_utc"":""2026-08-18T18:11:45Z"",""photo_reference_count"":0,""resource_urls"":[""https://www.gdzy5413.com/UploadFiles/image/""],""template_signature"":""资料卡 div[style*='width: 120px'] > img[width='120px'][height='155px']""}"
岳丽丽,https://www.gdzy5413.com/main/ks/templet2/ksdoctorinfo.aspx?bid=25&typeid=23&cid=25&ksid=23&id=404,实采,,https://www.gdzy5413.com/UploadFiles/image/2014-3/20140304050855665_s.jpg,01_试点医院/广东省第二中医院/照片/岳丽丽-脑病科-主治中医师-广东省第二中医院.png,png,30186,e5ba01ff82a2e23b627cd58f3b6d4e6fe179d016e21483d0b441dfc93c11f567,116,160,FULL_FETCH,
梁迪赛,https://www.gdzy5413.com/main/ks/templet2/ksdoctorinfo.aspx?bid=25&typeid=23&cid=25&ksid=23&id=583,失败,无照片容器,,,,,,,,FULL_FETCH,"{""detail_http"":200,""detection_feature"":""ksdoctorinfo 本人照片容器存在，但 src/background 为空或仅为 /UploadFiles/image/"",""excluded_resources"":[{""reason"":""照片引用为空目录且无文件名"",""url"":""https://www.gdzy5413.com/UploadFiles/image/""}],""observed_utc"":""2026-08-18T18:11:46Z"",""photo_reference_count"":0,""resource_urls"":[""https://www.gdzy5413.com/UploadFiles/image/""],""template_signature"":""资料卡 div[style*='width: 120px'] > img[width='120px'][height='155px']""}"
黄年斌,https://www.gdzy5413.com/main/ks/templet2/ksdoctorinfo.aspx?bid=25&typeid=23&cid=25&ksid=23&id=72,实采,,https://www.gdzy5413.com/UploadFiles/image/2014-3/20140304051116816_s.jpg,01_试点医院/广东省第二中医院/照片/黄年斌-脑病科-主任中医师-广东省第二中医院.png,png,28007,cbee20de9a371e0ec7db623ae3f686c512f909b918dbf87446b29eb071a2f74d,116,160,FULL_FETCH,
吴星火,https://www.gdzy5413.com/main/ks/templet2/ksdoctorinfo.aspx?bid=1248&typeid=886&cid=1248&ksid=886&id=411,实采,,https://www.gdzy5413.com/UploadFiles/image/2014-2/20140228020334231_s.jpg,01_试点医院/广东省第二中医院/照片/吴星火-药学部-未标注-广东省第二中医院.png,png,30110,6866917af815d3b8f3d3643dfd111261227ec5010269af0aec46afe4c8684b10,109,160,FULL_FETCH,
张建军,https://www.gdzy5413.com/main/ks/templet2/ksdoctorinfo.aspx?bid=1248&typeid=886&cid=1248&ksid=886&id=511,实采,,https://www.gdzy5413.com/UploadFiles/image/2014-3/20140307081250790_s.jpg,01_试点医院/广东省第二中医院/照片/张建军-药学部-药师-广东省第二中医院.png,png,29500,4f02ed0046e6f13580eecb17557c9e7524ebdf1033a8375cc916007e0f2a7c1d,115,160,FULL_FETCH,
张诚光,https://www.gdzy5413.com/main/ks/templet2/ksdoctorinfo.aspx?bid=1248&typeid=886&cid=1248&ksid=886&id=406,实采,,https://www.gdzy5413.com/UploadFiles/image/2014-2/20140228015243691_s.jpg,01_试点医院/广东省第二中医院/照片/张诚光-药学部-药师-广东省第二中医院.png,png,32346,2ba1bddb47ecec4d6a2953e350e193286690cf15d2c98a83c23c8f150064b8e7,109,160,FULL_FETCH,
李庆勇,https://www.gdzy5413.com/main/ks/templet2/ksdoctorinfo.aspx?bid=1248&typeid=886&cid=1248&ksid=886&id=410,实采,,https://www.gdzy5413.com/UploadFiles/image/2014-2/20140228020248783_s.jpg,01_试点医院/广东省第二中医院/照片/李庆勇-药学部-未标注-广东省第二中医院.png,png,26267,c35109987db5e2cfca5fd73450cec9c8f224c9bc81d9373acbe9ee8062cf523b,110,160,FULL_FETCH,
李文兵,https://www.gdzy5413.com/main/ks/templet2/ksdoctorinfo.aspx?bid=1248&typeid=886&cid=1248&ksid=886&id=408,实采,,https://www.gdzy5413.com/UploadFiles/image/2014-2/20140228020137301_s.jpg,01_试点医院/广东省第二中医院/照片/李文兵-药学部-药师-广东省第二中医院.png,png,30859,3a220f12b7f14841938b0168cae0f44ba09230b9eb5dfcbb8b7c616082e120bc,109,160,FULL_FETCH,
范宋玲,https://www.gdzy5413.com/main/ks/templet2/ksdoctorinfo.aspx?bid=1248&typeid=886&cid=1248&ksid=886&id=407,实采,,https://www.gdzy5413.com/UploadFiles/image/2014-2/20140228020021377_s.jpg,01_试点医院/广东省第二中医院/照片/范宋玲-药学部-药师-广东省第二中医院.png,png,28633,f6fd2306b2fb51a887e5ca0d17044b173558990808388da482e2c5c7b47c3df6,113,160,FULL_FETCH,
黄晓巧,https://www.gdzy5413.com/main/ks/templet2/ksdoctorinfo.aspx?bid=1248&typeid=886&cid=1248&ksid=886&id=409,实采,,https://www.gdzy5413.com/UploadFiles/image/2014-2/20140228020213130_s.jpg,01_试点医院/广东省第二中医院/照片/黄晓巧-药学部-未标注-广东省第二中医院.png,png,31140,ace8a3a8715c3ae55e7debc1760c532f3d6146a119b0c4df5fa444eaece04eb3,110,160,FULL_FETCH,
吕朝晖,https://www.gdzy5413.com/main/doctor/specialist.aspx?typeid=599,实采,,https://www.gdzy5413.com/UploadFiles/image/2014-2/20140214053209195.jpg,01_试点医院/广东省第二中医院/照片/吕朝晖-骨二科-主任医师-广东省第二中医院.jpg,jpg,54287,df14bcb21a7923722d84595030b4d22d9bb9ad8b6e6768413a002c6f9bd13de9,342,369,FULL_FETCH,
刘欣,https://www.gdzy5413.com/main/ks/templet2/ksdoctorinfo.aspx?bid=53&typeid=51&cid=53&ksid=51&id=309,实采,,https://www.gdzy5413.com/UploadFiles/image/2014-3/20140317050846460_s.jpg,01_试点医院/广东省第二中医院/照片/刘欣-骨伤一科-副主任中医师-广东省第二中医院.png,png,24474,a95e8b45391f8eedbff4152426130e46703245e2596a8e21394892e49ddf2a30,107,160,FULL_FETCH,
魏凌峰,https://www.gdzy5413.com/main/ks/templet2/ksdoctorinfo.aspx?bid=53&typeid=51&cid=53&ksid=51&id=223,实采,,https://www.gdzy5413.com/UploadFiles/image/2014-3/20140317043834485_s.jpg,01_试点医院/广东省第二中医院/照片/魏凌峰-骨伤一科-副主任医师-广东省第二中医院.png,png,26595,5bbc7973336e3d29e1392afa4b971d71302b1ce6a0c9ad1c192b0733b497ed7e,113,160,FULL_FETCH,
张宇,https://www.gdzy5413.com/main/ks/templet2/ksdoctorinfo.aspx?bid=59&typeid=57&cid=59&ksid=57&id=283,实采,,https://www.gdzy5413.com/UploadFiles/image/2014-5/20140521060424136_s.jpg,01_试点医院/广东省第二中医院/照片/张宇-骨伤三科-副主任医师-广东省第二中医院.png,png,33095,ddd949d9bebcc3c2fbce17cf555702f72bb944621256891d0410f646ee405d68,116,160,FULL_FETCH,
李参天,https://www.gdzy5413.com/main/ks/templet2/ksdoctorinfo.aspx?bid=59&typeid=57&cid=59&ksid=57&id=221,实采,,https://www.gdzy5413.com/UploadFiles/image/2014-5/20140521061619721_s.jpg,01_试点医院/广东省第二中医院/照片/李参天-骨伤三科-副主任中医师-广东省第二中医院.png,png,41267,1a31d34d325b04e164cccf1c3aece510626197b6cc267612003d089b711e42a1,106,160,FULL_FETCH,
梁灿德,https://www.gdzy5413.com/main/ks/templet2/ksdoctorinfo.aspx?bid=59&typeid=57&cid=59&ksid=57&id=284,实采,,https://www.gdzy5413.com/UploadFiles/image/2014-5/20140521060229953_s.jpg,01_试点医院/广东省第二中医院/照片/梁灿德-骨伤三科-医师-广东省第二中医院.png,png,37155,a9b30966c637dedb5560ae1ec3a0127403ff49d405298ea3f5046d725973f569,114,160,FULL_FETCH,
邓崇礼,https://www.gdzy5413.com/main/ks/templet2/ksdoctorinfo.aspx?bid=59&typeid=57&cid=59&ksid=57&id=226,实采,,https://www.gdzy5413.com/UploadFiles/image/2014-5/20140521061016187_s.jpg,01_试点医院/广东省第二中医院/照片/邓崇礼-骨伤三科-副主任中医师-广东省第二中医院.png,png,20078,0d6810589db5a18a7df936365bf728421a94c0eb529a53edbf6b2e083a9b0f05,111,160,FULL_FETCH,
吕朝晖,https://www.gdzy5413.com/main/ks/templet2/ksdoctorinfo.aspx?bid=56&typeid=54&cid=56&ksid=54&id=103,实采,,https://www.gdzy5413.com/UploadFiles/image/2014-3/20140317050949950_s.jpg,01_试点医院/广东省第二中医院/照片/吕朝晖-骨伤二科-主任中医师-广东省第二中医院.png,png,20356,3ca81864477c0f38b280cdabc2a41d1bf28ea95556f414f9931df15a1ed02a60,106,160,FULL_FETCH,
张兵,https://www.gdzy5413.com/main/ks/templet2/ksdoctorinfo.aspx?bid=56&typeid=54&cid=56&ksid=54&id=219,实采,,https://www.gdzy5413.com/UploadFiles/image/2014-3/20140317051155825_s.jpg,01_试点医院/广东省第二中医院/照片/张兵-骨伤二科-副主任中医师-广东省第二中医院.png,png,22298,0b08948f4fb942e51bfcb652863fee5e429d32e9ee994a6d4cc05673c8f4f457,98,160,FULL_FETCH,
董云鹏,https://www.gdzy5413.com/main/ks/templet2/ksdoctorinfo.aspx?bid=56&typeid=54&cid=56&ksid=54&id=405,实采,,https://www.gdzy5413.com/UploadFiles/image/2014-3/20140317051018771_s.jpg,01_试点医院/广东省第二中医院/照片/董云鹏-骨伤二科-副主任中医师-广东省第二中医院.png,png,25668,e890452e60b3c4638eb5a932ae295e201acca81866bcdb1696589c3baaefb06d,132,160,FULL_FETCH,
董旻,https://www.gdzy5413.com/main/ks/templet2/ksdoctorinfo.aspx?bid=56&typeid=54&cid=56&ksid=54&id=105,实采,,https://www.gdzy5413.com/UploadFiles/image/2014-3/20140317051129400_s.jpg,01_试点医院/广东省第二中医院/照片/董旻-骨伤二科-主任中医师-广东省第二中医院.png,png,26832,96f809d11b43051bd8c6c1e456f9fde2926b932a65b89981c495fba3b7aab183,113,160,FULL_FETCH,
郑轩,https://www.gdzy5413.com/main/ks/templet2/ksdoctorinfo.aspx?bid=56&typeid=54&cid=56&ksid=54&id=220,实采,,https://www.gdzy5413.com/UploadFiles/image/2014-3/20140317051044340_s.jpg,01_试点医院/广东省第二中医院/照片/郑轩-骨伤二科-副主任中医师-广东省第二中医院.png,png,27808,95213596c242d8caaf9dd370bf8b26bf915e9625e9a55e9172381349dcef9831,115,160,FULL_FETCH,
刘联彬,https://www.gdzy5413.com/main/ks/templet2/ksdoctorinfo.aspx?bid=1490&typeid=1488&cid=1490&ksid=1488&id=641,实采,,https://www.gdzy5413.com/UploadFiles/image/2014-7/20140711110700468_s.jpg,01_试点医院/广东省第二中医院/照片/刘联彬-骨伤科-主治中医师-广东省第二中医院.png,png,28404,a93f5f52869660fb0411849fe9afab184c70bfaa6cb6df1bd69034a035291815,120,160,FULL_FETCH,
夏雄智,https://www.gdzy5413.com/main/ks/templet2/ksdoctorinfo.aspx?bid=1490&typeid=1488&cid=1490&ksid=1488&id=643,实采,,https://www.gdzy5413.com/UploadFiles/image/2014-7/20140711111112613_s.jpg,01_试点医院/广东省第二中医院/照片/夏雄智-骨伤科-主任中医师-广东省第二中医院.png,png,40439,139f56f3a9f3725ff7ddae017741dbbd9d581ec222dd21e67a1aff310a74902e,131,160,FULL_FETCH,
陈竹生,https://www.gdzy5413.com/main/ks/templet2/ksdoctorinfo.aspx?bid=1490&typeid=1488&cid=1490&ksid=1488&id=642,实采,,https://www.gdzy5413.com/UploadFiles/image/2014-7/20140711110531818_s.jpg,01_试点医院/广东省第二中医院/照片/陈竹生-骨伤科-主任医师-广东省第二中医院.png,png,29992,e0f1f5f0341124498ab8ee6da2aad94e9d2a78dce6ab3bc7cfefacba7bfd5914,120,160,FULL_FETCH,
