姓名,来源链接,状态,失败三态,照片链接,照片文件,字节数,SHA-256,魔数,宽,高,错误证据
叶穗林,https://www.gzszyy.com/expert/2026/w9aADOev.html,实采,,https://oss.gzszyy.com/20200722/175120692.jpg,01_试点医院/广州市中医院/照片/叶穗林-名医堂-主任中医师-广州市中医院.jpg,19404,c3c8347426b0332b3905bc2c3d00042acd84cb1f75f921c93a30b21bdd8f0457,FFD8FFE10018457869660000,288,400,
蔡迎峰,https://www.gzszyy.com/expert/2026/X7axvrdy.html,实采,,https://oss.gzszyy.com/20201016/094407246.jpg,01_试点医院/广州市中医院/照片/蔡迎峰-名医堂-主任中医师-广州市中医院.jpg,232572,6ae63b7b3965238cb627c0c20efac66100b675e7604198ccf061234165996dd6,FFD8FFE10E23457869660000,1152,1600,
李丽霞,https://www.gzszyy.com/expert/2026/KQe1wRbJ.html,实采,,https://oss.gzszyy.com/20200928/100512386.jpg,01_试点医院/广州市中医院/照片/李丽霞-名医堂-主任中医师-广州市中医院.jpg,216571,c67ebba385091bd42c2e8f6e355de45ef5ba6656cfe53a4bf5d9b5f1c64d0590,FFD8FFE10E89457869660000,1152,1600,
赵云燕,https://www.gzszyy.com/expert/2026/46dBgJe7.html,实采,,https://oss.gzszyy.com/20200930/162538546.jpg,01_试点医院/广州市中医院/照片/赵云燕-名医堂-主任中医师-广州市中医院.jpg,262064,d18ea016b11f6de3d556c1750eabcb31e697ae965207fe29d8c0b9ca334956aa,FFD8FFE10F70457869660000,1152,1600,
罗永佳,https://www.gzszyy.com/expert/2026/nXe0LGex.html,实采,,https://oss.gzszyy.com/20200928/083924210.jpg,01_试点医院/广州市中医院/照片/罗永佳-名医堂-主任中医师-广州市中医院.jpg,255085,59f0932e94b1ebd64f616fbc24be7d5420ae3816becd125ac2b2a9e4b8a12033,FFD8FFE10DED457869660000,1152,1600,
祝维峰,https://www.gzszyy.com/expert/2026/oQeZ6Jep.html,实采,,https://oss.gzszyy.com/20200928/084329871.jpg,01_试点医院/广州市中医院/照片/祝维峰-名医堂-主任中医师-广州市中医院.jpg,228256,e257ffd429bbbd48530bc0288e3041bdb64afcb71c2fa2e7e1a0f827c067f249,FFD8FFE10DE5457869660000,1152,1600,
徐雯,https://www.gzszyy.com/expert/2026/pmbk7Ybz.html,实采,,https://oss.gzszyy.com/20200928/084517216.jpg,01_试点医院/广州市中医院/照片/徐雯-名医堂-主任中医师-广州市中医院.jpg,250227,a527a1f321e5a3dc8435b0a4a3978c3414ba62dfb2750e9034513f3ba5894d45,FFD8FFE10E88457869660000,1152,1600,
叶绍伟,https://www.gzszyy.com/expert/2026/9wdLwbjP.html,实采,,https://oss.gzszyy.com/20200930/151748828.jpg,01_试点医院/广州市中医院/照片/叶绍伟-名医堂-主任中医师-广州市中医院.jpg,237871,40af553e83bd858de029aa4eba862ce1060fcc08d3c85da5c954151de2508321,FFD8FFE10EE0457869660000,1152,1600,
吕永慧,https://www.gzszyy.com/expert/2026/WPe9xdLy.html,实采,,https://oss.gzszyy.com/20210429/154245713.jpg,01_试点医院/广州市中医院/照片/吕永慧-名医堂-主任中医师-广州市中医院.jpg,26683,689fdf254d6e57e490364e6ad1f6a72f40d93f124552039e21b18e758fa81675,FFD8FFE10368457869660000,652,652,
梁劲军,https://www.gzszyy.com/expert/2026/4zbq7rep.html,实采,,https://oss.gzszyy.com/20201014/083925348.jpg,01_试点医院/广州市中医院/照片/梁劲军-名医堂-主任中医师-广州市中医院.jpg,228838,ffd91e6b94e3136203dd4d4e78eb9f91eb75d6445c51e2811d1bbcd12b1b8c82,FFD8FFE10E3B457869660000,1152,1600,
梁慕筠,https://www.gzszyy.com/expert/2026/oQeZ0Ebp.html,实采,,https://oss.gzszyy.com/20201013/152355143.jpg,01_试点医院/广州市中医院/照片/梁慕筠-名医堂-主任医师-广州市中医院.jpg,225576,c99fffda17e80a27ab258235df6c00eab4e1a1086d81cd45d87ec561e562aa62,FFD8FFE10E60457869660000,1152,1600,
吴薏婷,https://www.gzszyy.com/expert/2026/4zbqjrdp.html,实采,,https://oss.gzszyy.com/20200928/085458549.jpg,01_试点医院/广州市中医院/照片/吴薏婷-肿瘤一区-主任中医师-广州市中医院.jpg,279273,ca9bcb32a766027a1b1dd238d1216ba4791a41ea93ba88c90cbe277cb63f3ea5,FFD8FFE11043457869660000,1152,1600,
李金昌,https://www.gzszyy.com/expert/2026/MYer06bO.html,实采,,https://oss.gzszyy.com/20200928/085531862.jpg,01_试点医院/广州市中医院/照片/李金昌-肿瘤一区-主任中医师-广州市中医院.jpg,206527,71e7737b63d4833605a8d2050a72f9fd67fa520b8f65c48977ad399bfbb196cc,FFD8FFE10E8B457869660000,1152,1600,
梁洪江,https://www.gzszyy.com/expert/2026/l9avgrbG.html,实采,,https://oss.gzszyy.com/20200928/085620715.jpg,01_试点医院/广州市中医院/照片/梁洪江-肿瘤一区-副主任中医师-广州市中医院.jpg,209456,53fabf278cf1df4dd52be8450706269bea4e801c491ae63511362fd7b5c5fc5d,FFD8FFE10E7E457869660000,1152,1600,
刘平庄,https://www.gzszyy.com/expert/2026/LDdwjwb1.html,实采,,https://oss.gzszyy.com/20200928/085656185.jpg,01_试点医院/广州市中医院/照片/刘平庄-肿瘤一区-副主任中医师-广州市中医院.jpg,242490,3b00924905dd645bb3cc4c294b29331176040013427d6b43d960d7040a389d89,FFD8FFE10E39457869660000,1152,1600,
罗溢昌,https://www.gzszyy.com/expert/2026/X7axGrey.html,实采,,https://oss.gzszyy.com/20200928/085737644.jpg,01_试点医院/广州市中医院/照片/罗溢昌-肿瘤一区-副主任中医师-广州市中医院.jpg,237963,ec6c2eafa4f3212c98d444c9bbb934051e465921197dc9a001254598fa44b452,FFD8FFE10E4A457869660000,1152,1600,
樊杜英,https://www.gzszyy.com/expert/2026/zPdy8WbQ.html,实采,,https://oss.gzszyy.com/20200928/085828307.jpg,01_试点医院/广州市中医院/照片/樊杜英-肿瘤一区-副主任中医师-广州市中医院.jpg,213141,56c12fbf0f8d1ba1143b9f0ad4ae4885eecd59b12bebfb451140bbd69b6e38ef,FFD8FFE10E63457869660000,1152,1600,
吴彬,https://www.gzszyy.com/expert/2026/xkazm8eJ.html,实采,,https://oss.gzszyy.com/20200928/085913435.jpg,01_试点医院/广州市中医院/照片/吴彬-肿瘤一区-医师-广州市中医院.jpg,234726,04621847ea52619ae16c0170de6cd8cd879a41a35e056eb300f2d4ea369d6430,FFD8FFE10E47457869660000,1152,1600,
林家祎,https://www.gzszyy.com/expert/2026/w9aA87ev.html,实采,,https://oss.gzszyy.com/20250624/152302324.jpg,01_试点医院/广州市中医院/照片/林家祎-肿瘤一区-医师-广州市中医院.jpg,200341,6d13c8206df59f1f33c8cfaf445092b3587b01e0d7d3ce4b032d6cc9e3084f4a,FFD8FFE000104A4649460001,2000,1333,
崔萌萌,https://www.gzszyy.com/expert/2026/YRdGYraD.html,实采,,https://oss.gzszyy.com/20241017/092115428.jpg,01_试点医院/广州市中医院/照片/崔萌萌-肿瘤一区-主任医师-广州市中医院.jpg,89203,fe48a783fc929f4aa49e768fc3670426cf605b84a156703c8bb5e846f4e4edd6,FFD8FFE000104A4649460001,1920,1280,
邓力,https://www.gzszyy.com/expert/2026/olej25ej.html,实采,,https://oss.gzszyy.com/20200928/094223404.jpg,01_试点医院/广州市中医院/照片/邓力-肿瘤二区-主任医师-广州市中医院.jpg,220737,9c5b4d852589092d5116dfe9ee496fff64f00665dc3ccfc0243130923210b37d,FFD8FFE10E17457869660000,1152,1600,
陈庆强,https://www.gzszyy.com/expert/2026/pmbk5Xez.html,实采,,https://oss.gzszyy.com/20200928/094257985.jpg,01_试点医院/广州市中医院/照片/陈庆强-肿瘤二区-副主任中医师-广州市中医院.jpg,226780,31a4c1590dba5e8a1f6f382b3c22d980b529cca64d1ff506749727f8a3c3adb8,FFD8FFE10DA6457869660000,1152,1600,
吴锦燕,https://www.gzszyy.com/expert/2026/Mvbmw0eY.html,实采,,https://oss.gzszyy.com/20200928/094739890.jpg,01_试点医院/广州市中医院/照片/吴锦燕-肿瘤二区-副主任中医师-广州市中医院.jpg,256434,3d01d2bbfae2f414f8cb299c30b5a4b379092af68c541ee46c642f643f869cda,FFD8FFE10F56457869660000,1152,1600,
梁艳菊,https://www.gzszyy.com/expert/2026/openZle7.html,实采,,https://oss.gzszyy.com/20200928/094826395.jpg,01_试点医院/广州市中医院/照片/梁艳菊-肿瘤二区-副主任中医师-广州市中医院.jpg,229940,daae40cf782a025440dbc9600494c75f18331ddc39d6ddfeefd15b0d851fafee,FFD8FFE10E61457869660000,1152,1600,
唐阳,https://www.gzszyy.com/expert/2026/GRb490dB.html,实采,,https://oss.gzszyy.com/20241113/102236460.jpg,01_试点医院/广州市中医院/照片/唐阳-肿瘤二区-副主任中医师-广州市中医院.jpg,187104,de376ebacc38866c4c750e150898022c71933299c0c2652072da81535f5607f9,FFD8FFE000104A4649460001,2000,1333,
林少贞,https://www.gzszyy.com/expert/2026/ELe31Mb6.html,实采,,https://oss.gzszyy.com/20201016/110831802.jpg,01_试点医院/广州市中医院/照片/林少贞-针灸科-主任中医师-广州市中医院.jpg,247360,0d3e956b8063ed352709ac61e007abf4b82cbe4bffc361e91efb0c663d5a8a13,FFD8FFE10EF0457869660000,1152,1600,
陈楚云,https://www.gzszyy.com/expert/2026/5xe73je7.html,实采,,https://oss.gzszyy.com/20200928/101521998.jpg,01_试点医院/广州市中医院/照片/陈楚云-针灸科-主任中医师-广州市中医院.jpg,196963,e67a8fa5b60990d97fe6238cd65cb901b9df30c65d1cd80bfb2ebaa07486a855,FFD8FFE10E30457869660000,1152,1600,
王兴,https://www.gzszyy.com/expert/2026/Vyb82mev.html,实采,,https://oss.gzszyy.com/20200928/102149451.jpg,01_试点医院/广州市中医院/照片/王兴-针灸科-副主任中医师-广州市中医院.jpg,216617,13c87257e84f9cb948107f9e961dda3edf907902809b3d2fd9e0a484ee172a62,FFD8FFE10DDC457869660000,1152,1600,
吴涓,https://www.gzszyy.com/expert/2026/K9b68neE.html,实采,,https://oss.gzszyy.com/20200928/101617228.jpg,01_试点医院/广州市中医院/照片/吴涓-针灸科-副主任中医师-广州市中医院.jpg,202724,9fe4ec35561d59174e8c5e13d8b091a8547a2f085a59a9149f691cea5bfee724,FFD8FFE10D8B457869660000,1152,1600,
张去飞,https://www.gzszyy.com/expert/2026/olej2Rej.html,实采,,https://oss.gzszyy.com/20200928/102407122.jpg,01_试点医院/广州市中医院/照片/张去飞-针灸科-副主任中医师-广州市中医院.jpg,203068,742befe69ad4e8ebbf6a066d50f6edefb8266366aed7e646ccb2e03e1d179c3a,FFD8FFE10E60457869660000,1152,1600,
谢丽琴,https://www.gzszyy.com/expert/2026/MvbmwOeY.html,实采,,https://oss.gzszyy.com/20200928/103111410.jpg,01_试点医院/广州市中医院/照片/谢丽琴-针灸科-副主任中医师-广州市中医院.jpg,210413,3ebee829d991b4ce54b58420f9e687c4857aabfe44bfe159626a47b0fe8ecc6b,FFD8FFE10E2E457869660000,1152,1600,
黄文盖,https://www.gzszyy.com/expert/2026/JxboYjeg.html,实采,,https://oss.gzszyy.com/20200928/103254519.jpg,01_试点医院/广州市中医院/照片/黄文盖-针灸科-副主任中医师-广州市中医院.jpg,195408,ab60ab7301c246ecc390b520edce556656bfb4f9dcc42d340da2a3314c01de3d,FFD8FFE10D84457869660000,1152,1600,
赵奕,https://www.gzszyy.com/expert/2026/openZRe7.html,实采,,https://oss.gzszyy.com/20200928/103012886.jpg,01_试点医院/广州市中医院/照片/赵奕-针灸科-主治医师-广州市中医院.jpg,207756,7df410d908ad92aac5b074c2686e00cc1cf507aed6c88e274d34b71dec79f3be,FFD8FFE10DD3457869660000,1152,1600,
卢立宏,https://www.gzszyy.com/expert/2026/pnelO5dK.html,实采,,https://oss.gzszyy.com/20200928/103546194.jpg,01_试点医院/广州市中医院/照片/卢立宏-针灸科-主治中医师-广州市中医院.jpg,199644,eaa0d5040d07e9275b9d126d8a64dbda5dc584f536cebde44f38556fdefde917,FFD8FFE10DDE457869660000,1152,1600,
刘文文,https://www.gzszyy.com/expert/2026/4zbqj2dp.html,实采,,https://oss.gzszyy.com/20200928/103444343.jpg,01_试点医院/广州市中医院/照片/刘文文-针灸科-医师-广州市中医院.jpg,219074,92d1374a8040c23e4228db92f9b203d5b18ef089f903bdabddff558dac519449,FFD8FFE10EB0457869660000,1152,1600,
卢翠娜,https://www.gzszyy.com/expert/2026/MYer0EbO.html,实采,,https://oss.gzszyy.com/20200928/103332891.jpg,01_试点医院/广州市中医院/照片/卢翠娜-针灸科-医师-广州市中医院.jpg,211790,630fbf1535f78304a844f93a861ad83da102e603058b2e5b5c70a1b2f7b85971,FFD8FFE10E89457869660000,1152,1600,
陈琼茹,https://www.gzszyy.com/expert/2026/jneg56bw.html,实采,,https://oss.gzszyy.com/20200928/103712577.jpg,01_试点医院/广州市中医院/照片/陈琼茹-针灸科-未标注-广州市中医院.jpg,195049,37d8b3512fd3940a7ab674bd1de4abf381cbac1bb3a38729a4050d6d40049c39,FFD8FFE10E25457869660000,1152,1600,
王成银,https://www.gzszyy.com/expert/2026/J0dN6dLO.html,实采,,https://oss.gzszyy.com/20200930/151858554.jpg,01_试点医院/广州市中医院/照片/王成银-脑病科（神经内科）-主任中医师-广州市中医院.jpg,221870,726676b75c594b9289a0a2d2b826b0a64c5c72c728f0718076ffed30fb6c4f94,FFD8FFE10E3F457869660000,1152,1600,
黄坚红,https://www.gzszyy.com/expert/2026/N1aMAaWm.html,实采,,https://oss.gzszyy.com/20200930/152117338.jpg,01_试点医院/广州市中医院/照片/黄坚红-脑病科（神经内科）-主任中医师-广州市中医院.jpg,242580,64e7892e9ccc1d593bf15494439bf0336af83d7e70929fc56ba79285e77297ef,FFD8FFE10F1D457869660000,1152,1600,
许幸仪,https://www.gzszyy.com/expert/2026/WZdPwbKg.html,实采,,https://oss.gzszyy.com/20200930/152740930.jpg,01_试点医院/广州市中医院/照片/许幸仪-脑病科（神经内科）-主任中医师-广州市中医院.jpg,223997,b962a0702fc94bd64e9c343f239c560cf3c593e9bf02f265de1cb63905949f49,FFD8FFE10E69457869660000,1152,1600,
欧阳智,https://www.gzszyy.com/expert/2026/YqaQlenj.html,实采,,https://oss.gzszyy.com/20200930/152827406.jpg,01_试点医院/广州市中医院/照片/欧阳智-脑病科（神经内科）-副主任中医师-广州市中医院.jpg,237663,7d5a95c99a7c00e7351a360c29d9e79b9b0a4d130003257bc17e20dfb86e9359,FFD8FFE10E43457869660000,1152,1600,
翁旭亮,https://www.gzszyy.com/expert/2026/y5eVMdEP.html,实采,,https://oss.gzszyy.com/20200930/153136642.jpg,01_试点医院/广州市中医院/照片/翁旭亮-脑病科（神经内科）-副主任中医师-广州市中医院.jpg,215712,6ff45105d7cd4a09555bec919f0ac530e32bd1c66815829925626241ea82bda4,FFD8FFE10D62457869660000,1152,1600,
吕金丹,https://www.gzszyy.com/expert/2026/lNbWJayg.html,实采,,https://oss.gzszyy.com/20200930/153343945.jpg,01_试点医院/广州市中医院/照片/吕金丹-脑病科（神经内科）-副主任中医师-广州市中医院.jpg,203150,355b2fb64a413379208d0e1e031ab08328fb9b5ec2cbb1aef3b55bb55945e173,FFD8FFE10E19457869660000,1152,1600,
刘青,https://www.gzszyy.com/expert/2026/4QbYKezq.html,实采,,https://oss.gzszyy.com/20200930/153620537.jpg,01_试点医院/广州市中医院/照片/刘青-脑病科（神经内科）-副主任中医师-广州市中医院.jpg,227698,c83360c79f5b95af8711ab45d0c078b74bbdddc373ea2ac7f6638007125918a6,FFD8FFE10E87457869660000,1152,1600,
张汉樑,https://www.gzszyy.com/expert/2026/QBeX5lay.html,实采,,https://oss.gzszyy.com/20200930/152325986.jpg,01_试点医院/广州市中医院/照片/张汉樑-脑病科（神经内科）-副主任中医师-广州市中医院.jpg,219096,67f97c67426909e4db3cc663a74acff61fde5b28557e25f600a6e5fce366fb73,FFD8FFE10D69457869660000,1152,1600,
邱铃铃,https://www.gzszyy.com/expert/2026/ELe3Mb69.html,实采,,https://oss.gzszyy.com/20200930/154147234.jpg,01_试点医院/广州市中医院/照片/邱铃铃-脑病科（神经内科）-副主任中医师-广州市中医院.jpg,227227,3f1ac086bafd374ea2cb63fac4e7af926dcd4bcc3fceb716e6f475eddda811db,FFD8FFE10E42457869660000,1152,1600,
雷源,https://www.gzszyy.com/expert/2026/QBeXWdyK.html,实采,,https://oss.gzszyy.com/20200930/153439575.jpg,01_试点医院/广州市中医院/照片/雷源-脑病科（神经内科）-主治医师-广州市中医院.jpg,239173,d2c613199ed36710eefb760acb94fe6e77d7f605a068b97ae88687c8331ba17c,FFD8FFE10F47457869660000,1152,1600,
黑赏艳,https://www.gzszyy.com/expert/2026/4oeEKmb0.html,实采,,https://oss.gzszyy.com/20250624/153003388.png,01_试点医院/广州市中医院/照片/黑赏艳-脑病科（神经内科）-主治中医师-广州市中医院.png,546982,d2f18700166f3eb1a0a7abcaa70e1b6aa58e17df077c9bb3516cd6721003d7e0,89504E470D0A1A0A0000000D,609,789,
梁洁,https://www.gzszyy.com/expert/2026/APdRqbGy.html,实采,,https://oss.gzszyy.com/20200930/153022348.jpg,01_试点医院/广州市中医院/照片/梁洁-脑病科（神经内科）-主治中医师-广州市中医院.jpg,251872,da19c7933bc1ba56e4b92c5409f590c08b368520f5c327980da10690596f86c5,FFD8FFE10F11457869660000,1152,1600,
杨玲,https://www.gzszyy.com/expert/2026/GRb41dBL.html,实采,,https://oss.gzszyy.com/20200930/154932544.jpg,01_试点医院/广州市中医院/照片/杨玲-脑病科（神经内科）-主治中医师-广州市中医院.jpg,222312,b29f73cc487919728d3e62081f35376931b2cb94e93358f14bb02a170ead0548,FFD8FFE10E6C457869660000,1152,1600,
刘恒,https://www.gzszyy.com/expert/2026/K9b6nbEv.html,实采,,https://oss.gzszyy.com/20200930/160716556.jpg,01_试点医院/广州市中医院/照片/刘恒-脑病科（神经内科）-医师-广州市中医院.jpg,235388,1c421c2883a196acfc13f8525cbdb63652682a6801a9fb4d3902934d37b654d4,FFD8FFE10F27457869660000,1152,1600,
高婷婷,https://www.gzszyy.com/expert/2026/Jrb2KdWL.html,实采,,https://oss.gzszyy.com/20200930/155532330.jpg,01_试点医院/广州市中医院/照片/高婷婷-脑病科（神经内科）-未标注-广州市中医院.jpg,294449,5555a817b03c253abb0ef7257c52c7a4868085b3a8ec0a74faef1387f2d4b38e,FFD8FFE11057457869660000,1152,1600,
林振坤,https://www.gzszyy.com/expert/2026/oQeZJepZ.html,实采,,https://oss.gzszyy.com/20210322/143700335.jpg,01_试点医院/广州市中医院/照片/林振坤-脑病科（神经内科）-副主任医师-广州市中医院.jpg,39124,04207dbab7bc53c13ebb9104f7f42664ebfb85b02815a825f22d40fb0eb9d9b0,FFD8FFE000104A4649460001,595,800,
陈秀慧,https://www.gzszyy.com/expert/2026/3YaOpbxq.html,实采,,https://oss.gzszyy.com/20200930/152011831.jpg,01_试点医院/广州市中医院/照片/陈秀慧-脑病科（神经内科）-主任医师-广州市中医院.jpg,195855,d90296faa666ed78fba2394aacda5838ac6021c12fa64c9ebc586b85bb861fdb,FFD8FFE10E70457869660000,1152,1600,
张艳红,https://www.gzszyy.com/expert/2026/M7e5Ba2v.html,实采,,https://oss.gzszyy.com/20200930/155107648.jpg,01_试点医院/广州市中医院/照片/张艳红-脑病科（神经内科）-未标注-广州市中医院.jpg,210684,a274ba78c2f5d7845512bea73f750fca4919b0800ae8acb498f25fa0a5a75031,FFD8FFE10EE6457869660000,1152,1600,
王晓捷,https://www.gzszyy.com/expert/2026/Vyb8mdvA.html,实采,,https://oss.gzszyy.com/20200930/160115116.jpg,01_试点医院/广州市中医院/照片/王晓捷-脑病科（神经内科）-未标注-广州市中医院.jpg,175343,b330bb0e4858af4c3bf87284b1c22902e3ff887d7d9463b25a7f074a0494bcd4,FFD8FFE10DD0457869660000,1152,1600,
樊春华,https://www.gzszyy.com/expert/2026/8mepY2aM.html,实采,,https://oss.gzszyy.com/20200927/161628698.jpg,01_试点医院/广州市中医院/照片/樊春华-脾胃科（消化内科）-主任中医师-广州市中医院.jpg,207589,8fc9fe1420cbfaee40e1a820744bf4eff17ca0dc70c26dd7525a60f15b9b3f47,FFD8FFE10DE8457869660000,1152,1600,
吴宇金,https://www.gzszyy.com/expert/2026/nXe0vbxr.html,实采,,https://oss.gzszyy.com/20200927/155900902.jpg,01_试点医院/广州市中医院/照片/吴宇金-脾胃科（消化内科）-主任中医师-广州市中医院.jpg,204908,b4f1e33801783c6b8791f6b0929dc79d8968e93f9fa3f8f41fcb284a3264df2a,FFD8FFE10DD2457869660000,1152,1600,
古伟明,https://www.gzszyy.com/expert/2026/pmbkR5az.html,实采,,https://oss.gzszyy.com/20200927/161035752.jpg,01_试点医院/广州市中医院/照片/古伟明-脾胃科（消化内科）-主任中医师-广州市中医院.jpg,210610,67cea66a28f542d6a27451a4775594c8ddec225a43044eb86d4c4bed75cb1515,FFD8FFE10DEA457869660000,1152,1600,
杨洁,https://www.gzszyy.com/expert/2026/olejRRej.html,实采,,https://oss.gzszyy.com/20240820/150119503.jpg,01_试点医院/广州市中医院/照片/杨洁-脾胃科（消化内科）-主任中医师-广州市中医院.jpg,214581,fe2bdf9a0ff20099fc114f24005cfb58a7261f881233155227dc97280b8bb830,FFD8FFE000104A4649460001,2000,1333,
康宜兵,https://www.gzszyy.com/expert/2026/pnelY5aK.html,实采,,https://oss.gzszyy.com/20200927/161339444.jpg,01_试点医院/广州市中医院/照片/康宜兵-脾胃科（消化内科）-主任中医师-广州市中医院.jpg,214836,83c80459f7ab69d87b6f89117ad5063c3e22f94d224ad81528ada105daafb0f0,FFD8FFE10E85457869660000,1152,1600,
林穗芳,https://www.gzszyy.com/expert/2026/4QbY59bz.html,实采,,https://oss.gzszyy.com/20200927/160940968.jpg,01_试点医院/广州市中医院/照片/林穗芳-脾胃科（消化内科）-主任中医师-广州市中医院.jpg,215181,5d1b7949147f08cc67350812d15ae5901d2e961fb88f9721e25f09583f4f6fca,FFD8FFE10DDE457869660000,1152,1600,
何润明,https://www.gzszyy.com/expert/2026/jnegJYdw.html,实采,,https://oss.gzszyy.com/20200927/160751764.jpg,01_试点医院/广州市中医院/照片/何润明-脾胃科（消化内科）-主任中医师-广州市中医院.jpg,190019,d70546224741af63004725e73238af36df9e50d70e12e3569ebea0635878347b,FFD8FFE10D7A457869660000,1152,1600,
杨以琳,https://www.gzszyy.com/expert/2026/open5Rd7.html,实采,,https://oss.gzszyy.com/20200927/161511865.jpg,01_试点医院/广州市中医院/照片/杨以琳-脾胃科（消化内科）-主任中医师-广州市中医院.jpg,216594,517e1dddd9a7b6e710e3ce67025eb005739342a20f9587b55ceb719effbcf4f9,FFD8FFE10EB2457869660000,1152,1600,
詹原泉,https://www.gzszyy.com/expert/2026/Jxbo2jag.html,实采,,https://oss.gzszyy.com/20200927/161551606.jpg,01_试点医院/广州市中医院/照片/詹原泉-脾胃科（消化内科）-主任中医师-广州市中医院.jpg,204691,f288a8210b1d7602e49336e85d6fbc650db9aea7a4274190f70584315ce690a9,FFD8FFE10DAA457869660000,1152,1600,
陈文剑,https://www.gzszyy.com/expert/2026/MvbmZOdY.html,实采,,https://oss.gzszyy.com/20200927/161420952.jpg,01_试点医院/广州市中医院/照片/陈文剑-脾胃科（消化内科）-副主任中医师-广州市中医院.jpg,214351,af5af4d123438a70f12450249f2764cb6ee195319a99b8a7489dfe3d5cae4a31,FFD8FFE10DC5457869660000,1152,1600,
廖媛,https://www.gzszyy.com/expert/2026/4zbqx2ap.html,实采,,https://oss.gzszyy.com/20200927/161657567.jpg,01_试点医院/广州市中医院/照片/廖媛-脾胃科（消化内科）-副主任中医师-广州市中医院.jpg,209104,2e66c3a559f9e53f9c02afd8b5c96f2eef5e64eee099c5943863f185009643eb,FFD8FFE10DD5457869660000,1152,1600,
丛龙玲,https://www.gzszyy.com/expert/2026/MYerkEaO.html,实采,,https://oss.gzszyy.com/20200927/161734899.jpg,01_试点医院/广州市中医院/照片/丛龙玲-脾胃科（消化内科）-主治中医师-广州市中医院.jpg,205971,22c2ca96b0105e21172df22b9f3f3206d53e80cc976db10b0e6a0221edd66525,FFD8FFE10DEC457869660000,1152,1600,
林志鹏,https://www.gzszyy.com/expert/2026/l9av2maG.html,实采,,https://oss.gzszyy.com/20200927/162028877.jpg,01_试点医院/广州市中医院/照片/林志鹏-脾胃科（消化内科）-主治中医师-广州市中医院.jpg,193244,200be09622ff741ad365b9ed414fe411bcd98793519852fd2c05dc7e96bbfece,FFD8FFE10E3F457869660000,1152,1600,
王学川,https://www.gzszyy.com/expert/2026/LDdwpRe1.html,实采,,https://oss.gzszyy.com/20200927/162101725.jpg,01_试点医院/广州市中医院/照片/王学川-脾胃科（消化内科）-主治中医师-广州市中医院.jpg,199960,e5e029d69d861760330309906412c424be09e1b62cb810d69985741b8bbe5ae5,FFD8FFE10D62457869660000,1152,1600,
范嘉伟,https://www.gzszyy.com/expert/2026/JxbovAag.html,实采,,https://oss.gzszyy.com/20240612/152749781.jpg,01_试点医院/广州市中医院/照片/范嘉伟-脾胃科（消化内科）-主治中医师-广州市中医院.jpg,176006,ef6b0077d8f5ba0652574003b2a4e02e4cc921ca2f19b2d960613678df6259a3,FFD8FFE119BF457869660000,2000,1333,
胡淑文,https://www.gzszyy.com/expert/2026/M7e5WZb2.html,实采,,https://oss.gzszyy.com/20210407/084932371.png,01_试点医院/广州市中医院/照片/胡淑文-脾胃科（消化内科）-医师-广州市中医院.png,1133975,d31ec1c05b71eec2c020b7e147fbcaf9e51a90d106ae1562dc98a7044a2bbfc5,89504E470D0A1A0A0000000D,756,858,
梁依敏,https://www.gzszyy.com/expert/2026/y5eVJBeE.html,实采,,https://oss.gzszyy.com/20251118/140709731.png,01_试点医院/广州市中医院/照片/梁依敏-脾胃科（消化内科）-医师-广州市中医院.png,6193649,0618d50d178b3b6ea6a9d5d5ad03e47d49a8115301ba370871a1b0be9eb8815b,89504E470D0A1A0A0000000D,1270,1217,
李郡,https://www.gzszyy.com/expert/2026/zPdyP7bQ.html,实采,,https://oss.gzszyy.com/20220207/152535943.jpg,01_试点医院/广州市中医院/照片/李郡-脾胃科（消化内科）-医师-广州市中医院.jpg,163454,18ecc9155aec32743f180d6f825c74fe416878c035a3dd3a3dbf71a28646cd37,FFD8FFE10FB4457869660000,1152,1600,
苏子珊,https://www.gzszyy.com/expert/2026/xkazpYdJ.html,实采,,https://oss.gzszyy.com/20200927/163040745.jpg,01_试点医院/广州市中医院/照片/苏子珊-脾胃科（消化内科）-医师-广州市中医院.jpg,219292,2df2cf23ddc4ac80f40f832d05533cba86ebd0afd22503def30c471ec303a1d0,FFD8FFE10E88457869660000,1152,1600,
张健谊,https://www.gzszyy.com/expert/2026/8mepRXbM.html,实采,,https://oss.gzszyy.com/20240612/153016243.jpg,01_试点医院/广州市中医院/照片/张健谊-脾胃科（消化内科）-医师-广州市中医院.jpg,235336,1a22e4c161fdbc875b3c01a259c07768a6842e5064c06bdfbd6f3245c27606c7,FFD8FFE000104A4649460001,2000,1333,
陈智恒,https://www.gzszyy.com/expert/2026/zPdypzbQ.html,实采,,https://oss.gzszyy.com/20250624/151708875.jpg,01_试点医院/广州市中医院/照片/陈智恒-脾胃科（消化内科）-医师-广州市中医院.jpg,163867,49d981bd624b86514409d23a64a4f363fe4d430ab4eb662307ecaa73248f8946,FFD8FFE000104A4649460001,2000,1333,
张宁怡,https://www.gzszyy.com/expert/2026/4QbYQObz.html,实采,,https://oss.gzszyy.com/20241113/103556890.jpg,01_试点医院/广州市中医院/照片/张宁怡-脾胃科（消化内科）-医师-广州市中医院.jpg,187037,7e4c621c0c7a3861ece1c5e4e2519d7121dde6b6a1b829656400a0c0c0dfb0a3,FFD8FFE000104A4649460001,2000,1333,
戴媺,https://www.gzszyy.com/expert/2026/QBeXDWey.html,实采,,https://oss.gzszyy.com/20200930/162254277.jpg,01_试点医院/广州市中医院/照片/戴媺-血液科-主任中医师-广州市中医院.jpg,215519,1704f46faedc29ccddbbd21a3fcf4a0b5b2b14f74c5630d73c0b90cf241fa00a,FFD8FFE10E14457869660000,1152,1600,
夏思,https://www.gzszyy.com/expert/2026/LDdwEma1.html,实采,,https://oss.gzszyy.com/20240612/144022314.jpg,01_试点医院/广州市中医院/照片/夏思-血液科-主治医师-广州市中医院.jpg,190372,b460cd7e7b165327d2d7a118d6e88ce02369fc64864e1ae399d9d0f6fbb7b3c5,FFD8FFE000104A4649460001,2000,1333,
蒋群,https://www.gzszyy.com/expert/2026/4QbYEKbz.html,实采,,https://oss.gzszyy.com/20200930/162327568.jpg,01_试点医院/广州市中医院/照片/蒋群-血液科-主治中医师-广州市中医院.jpg,221012,9a339120c2b88013235968ccd66cae3c889b23cd5babc39b94b400e6e6671972,FFD8FFE10EC3457869660000,1152,1600,
戚淑娟,https://www.gzszyy.com/expert/2026/BDbDRnel.html,实采,,https://oss.gzszyy.com/20200930/162614569.jpg,01_试点医院/广州市中医院/照片/戚淑娟-重症医学科-副主任中医师-广州市中医院.jpg,242162,08ed61f1bd458cb358ffb39b92520fc06c79735b117f454d83d97c0b40126130,FFD8FFE10E82457869660000,1152,1600,
李莉,https://www.gzszyy.com/expert/2026/4oeElkd0.html,实采,,https://oss.gzszyy.com/20200930/162644458.jpg,01_试点医院/广州市中医院/照片/李莉-重症医学科-副主任中医师-广州市中医院.jpg,222269,59f2a186ca896bb72d53b59d9b693ec240f9459a415ca29d59271cb746b1f3bc,FFD8FFE10E06457869660000,1152,1600,
赵鸿,https://www.gzszyy.com/expert/2026/YQdJZodO.html,实采,,https://oss.gzszyy.com/20200930/162807841.jpg,01_试点医院/广州市中医院/照片/赵鸿-重症医学科-主治医师-广州市中医院.jpg,221807,26419fd234293aca4ee41ba2ebacb220531034a98d6fa6f5e853e2722f1464bc,FFD8FFE10DFE457869660000,1152,1600,
张学宏,https://www.gzszyy.com/expert/2026/y1aKOnaQ.html,实采,,https://oss.gzszyy.com/20200930/163257673.jpg,01_试点医院/广州市中医院/照片/张学宏-重症医学科-主治医师-广州市中医院.jpg,209285,ee3c7427a704ad860b887b82972db04a920c1f9460390f95b03cc164b6cfab4b,FFD8FFE10D6A457869660000,1152,1600,
雷晓兰,https://www.gzszyy.com/expert/2026/YRdGZ0bD.html,实采,,https://oss.gzszyy.com/20200930/162715279.jpg,01_试点医院/广州市中医院/照片/雷晓兰-重症医学科-主治中医师-广州市中医院.jpg,246969,a444189fb545675d4719b796b8c346209b1faf991eb026825149dbe36c29cd21,FFD8FFE10FA4457869660000,1152,1600,
吴宇瑶,https://www.gzszyy.com/expert/2026/YRdGwrdD.html,实采,,https://oss.gzszyy.com/20250624/153106889.jpg,01_试点医院/广州市中医院/照片/吴宇瑶-重症医学科-主治中医师-广州市中医院.jpg,181467,e348fc63387bbae563a7f60f201b325869707bc3611b2382b4f690add49bbd16,FFD8FFE000104A4649460001,2000,1333,
谷孝芝,https://www.gzszyy.com/expert/2026/9wdLg4bj.html,实采,,https://oss.gzszyy.com/20200930/163331290.jpg,01_试点医院/广州市中医院/照片/谷孝芝-重症医学科-医师-广州市中医院.jpg,216727,1c3f17ecb11cf4f52112aaa9c766c0e389b760fe150d926e15bf326581468be8,FFD8FFE10D94457869660000,1152,1600,
吴立友,https://www.gzszyy.com/expert/2026/pmbk5ezJ.html,实采,,https://oss.gzszyy.com/20200930/163931322.jpg,01_试点医院/广州市中医院/照片/吴立友-肾病科-主任中医师-广州市中医院.jpg,214933,1ea917136122f5c751ae01e55ecc434bc67fd278e209831b359c95ddd40d6f09,FFD8FFE10E07457869660000,1152,1600,
赵威,https://www.gzszyy.com/expert/2026/MvbmOeYA.html,实采,,https://oss.gzszyy.com/20200930/164041456.jpg,01_试点医院/广州市中医院/照片/赵威-肾病科-主任中医师-广州市中医院.jpg,230245,94f0d57a7a6a5ff72e3cc70c23a90cb97e592d9c1676c64f7ea5982eb17b262c,FFD8FFE10E39457869660000,1152,1600,
黄智莉,https://www.gzszyy.com/expert/2026/pnel5aKB.html,实采,,https://oss.gzszyy.com/20200930/164014411.jpg,01_试点医院/广州市中医院/照片/黄智莉-肾病科-主任中医师-广州市中医院.jpg,230974,52b1229c94ec4dcecc18236c8894ee538730683c68908868b1f61619688055d2,FFD8FFE10E04457869660000,1152,1600,
周艳利,https://www.gzszyy.com/expert/2026/MYerEdOB.html,实采,,https://oss.gzszyy.com/20200930/164456296.jpg,01_试点医院/广州市中医院/照片/周艳利-肾病科-副主任中医师-广州市中医院.jpg,221414,1854814b6bd7809a4a3932493c73f528b7330fea1c93eaec1314c8bae1c9828c,FFD8FFE10E5E457869660000,1152,1600,
陈家湄,https://www.gzszyy.com/expert/2026/Jxbojagw.html,实采,,https://oss.gzszyy.com/20200930/170209421.jpg,01_试点医院/广州市中医院/照片/陈家湄-肾病科-主治医师-广州市中医院.jpg,192838,fc9141b6131740f459941fdc3df2e5a280b6c651e4a1657b708fdf314bfd6ba8,FFD8FFE10EAB457869660000,1152,1600,
俸维,https://www.gzszyy.com/expert/2026/l9avmeG1.html,实采,,https://oss.gzszyy.com/20200930/164703240.jpg,01_试点医院/广州市中医院/照片/俸维-肾病科-主治医师-广州市中医院.jpg,213315,44fceb570a0ad0d9a072d4649537573d6c98d25bab3d337167661efa2e33f8e8,FFD8FFE10DF7457869660000,1152,1600,
丘泽培,https://www.gzszyy.com/expert/2026/8mepZ1bM.html,实采,,https://oss.gzszyy.com/20200930/164750493.jpg,01_试点医院/广州市中医院/照片/丘泽培-肾病科-主治医师-广州市中医院.jpg,213303,f738c5e30ba279790f6c9621545badda323d5e7bfda472aaa839c610433b6caf,FFD8FFE10DC3457869660000,1152,1600,
李娟,https://www.gzszyy.com/expert/2026/openRe7A.html,实采,,https://oss.gzszyy.com/20200930/164113233.jpg,01_试点医院/广州市中医院/照片/李娟-肾病科-主治中医师-广州市中医院.jpg,144874,3543c7ae28d3418932581bcc47a0597356f17fa3a5d86b8270fa4a17a72e4d37,FFD8FFE10E0A457869660000,1152,1600,
唐瑾秋,https://www.gzszyy.com/expert/2026/4QbYVOdz.html,实采,,https://oss.gzszyy.com/20260401/091335324.png,01_试点医院/广州市中医院/照片/唐瑾秋-肾病科-副主任中医师-广州市中医院.png,1617257,b59d6bf2d6c3aa470ad3a22b89013b8d3fd5770f770f21b91741afe4e5c645a0,89504E470D0A1A0A0000000D,677,596,
陈欢欢,https://www.gzszyy.com/expert/2026/olejYWdj.html,实采,,https://oss.gzszyy.com/20200930/164909449.jpg,01_试点医院/广州市中医院/照片/陈欢欢-肾病科-主治中医师-广州市中医院.jpg,224952,85286770e20bbbde5eea121c827ea8d589a388c675734d09316f4ede77dfc6e0,FFD8FFE10EB8457869660000,1152,1600,
柯嘉儿,https://www.gzszyy.com/expert/2026/MvbmqpbY.html,实采,,https://oss.gzszyy.com/20240725/154311142.jpg,01_试点医院/广州市中医院/照片/柯嘉儿-肾病科-主治中医师-广州市中医院.jpg,94853,77b50e456d9738791923cfae9b9c08a016eaeba151027b26c230992b83a3ef6c,FFD8FFE000104A4649460001,1143,1460,
邬旭芳,https://www.gzszyy.com/expert/2026/4zbqQ3bp.html,实采,,https://oss.gzszyy.com/20200930/170138258.jpg,01_试点医院/广州市中医院/照片/邬旭芳-肾病科-主治中医师-广州市中医院.jpg,257790,3bd0475339eb98e3af6990a5063f317461d87283ba79307cc49f1e2e5ce5cff5,FFD8FFE10D8E457869660000,1152,1600,
黄彩兰,https://www.gzszyy.com/expert/2026/pmbk2xaz.html,实采,,https://oss.gzszyy.com/20200930/170607579.jpg,01_试点医院/广州市中医院/照片/黄彩兰-肾病科-医师-广州市中医院.jpg,191626,8ed53bd42c5bed1058d5ae2a8f954f7b256cbe31ed5812e77c528ce9892f66b9,FFD8FFE10DFB457869660000,1152,1600,
刘伙亮,https://www.gzszyy.com/expert/2026/openR4e7.html,实采,,https://oss.gzszyy.com/20200930/164821294.jpg,01_试点医院/广州市中医院/照片/刘伙亮-肾病科-医师-广州市中医院.jpg,218970,95814f2c65bca4ed2c1cc92f649814a21a54142e330b8d3a47798c7226b749c4,FFD8FFE10E99457869660000,1152,1600,
毛凯凤,https://www.gzszyy.com/expert/2026/JxboZzag.html,实采,,https://oss.gzszyy.com/20200930/170451285.jpg,01_试点医院/广州市中医院/照片/毛凯凤-肾病科-医师-广州市中医院.jpg,244648,73b80a75936e26993c12c8ab35a67d760da4edecf880a70c8ea0ca5cc0b38ff1,FFD8FFE1102C457869660000,1152,1600,
李辉远,https://www.gzszyy.com/expert/2026/jnegklew.html,实采,,https://oss.gzszyy.com/20240520/143909264.jpg,01_试点医院/广州市中医院/照片/李辉远-肾病科-医师-广州市中医院.jpg,20116,5dbf03aba7a5d39a7cad6a23229c79f34fb75487f49af4eb066e553a7284f094,FFD8FFE000104A4649460001,390,567,
谢丹丹,https://www.gzszyy.com/expert/2026/MYer2weO.html,实采,,https://oss.gzszyy.com/20200930/165632564.jpg,01_试点医院/广州市中医院/照片/谢丹丹-肾病科-医师-广州市中医院.jpg,193472,32b00aeec3438adcfa63d898bab70e9472c64cdcdc737179fd15aedc5774ec40,FFD8FFE10DBF457869660000,1152,1600,
李季,https://www.gzszyy.com/expert/2026/LDdwRb1Y.html,实采,,https://oss.gzszyy.com/20200930/170713137.jpg,01_试点医院/广州市中医院/照片/李季-肾病科-副主任医师-广州市中医院.jpg,196048,3b01372519014ad5f344fe0a1c953722972e171d8175e3827fe9fe1b88f2f794,FFD8FFE10E61457869660000,1152,1600,
蒙向欣,https://www.gzszyy.com/expert/2026/olejRejN.html,实采,,https://oss.gzszyy.com/20200930/163754282.jpg,01_试点医院/广州市中医院/照片/蒙向欣-肾病科-主任医师-广州市中医院.jpg,216998,a7707eee2fc9a980497ff4a8f5334335f6c02436c3a4f34e9355376a983fd91d,FFD8FFE10E8E457869660000,1152,1600,
周文斌,https://www.gzszyy.com/expert/2026/Vyb895dv.html,实采,,https://oss.gzszyy.com/20240418/084306342.jpg,01_试点医院/广州市中医院/照片/周文斌-心病科（心血管内科）-主任中医师-广州市中医院.jpg,185824,578abbb83fbe0f8fae89a0f410c84787c990087e2a3f5261b1682094d0aea24e,FFD8FFE000104A4649460001,2000,1333,
李乙根,https://www.gzszyy.com/expert/2026/BDbDkxal.html,实采,,https://oss.gzszyy.com/20201013/151516337.jpg,01_试点医院/广州市中医院/照片/李乙根-心病科（心血管内科）-主任中医师-广州市中医院.jpg,216984,f3c10400ea423c31a9238882aec483ac9807d045ba88f8088819a11ce379134a,FFD8FFE10E41457869660000,1152,1600,
陈勇,https://www.gzszyy.com/expert/2026/YRdG9QaD.html,实采,,https://oss.gzszyy.com/20201013/152643689.jpg,01_试点医院/广州市中医院/照片/陈勇-心病科（心血管内科）-主任中医师-广州市中医院.jpg,264768,de4bd7090ba69eba0d8bd3b7ce0d3f96241bccf623662c7521f302b1322fa568,FFD8FFE10E67457869660000,1152,1600,
叶玺,https://www.gzszyy.com/expert/2026/YRdG67bD.html,实采,,https://oss.gzszyy.com/20201013/152924607.jpg,01_试点医院/广州市中医院/照片/叶玺-心病科（心血管内科）-主任中医师-广州市中医院.jpg,212887,2d3504605b696f1a36338036e601a5e8e4e4bd74296e3dc41048d142c3fb4c73,FFD8FFE10D95457869660000,1152,1600,
何皓颋,https://www.gzszyy.com/expert/2026/46dBBXd7.html,实采,,https://oss.gzszyy.com/20201013/151339370.jpg,01_试点医院/广州市中医院/照片/何皓颋-心病科（心血管内科）-副主任中医师-广州市中医院.jpg,231233,06c13c223c2168b7e7b080ce4c38f367f01d39f0f6238aa39123a111524436ce,FFD8FFE10E81457869660000,1152,1600,
黄洁红,https://www.gzszyy.com/expert/2026/4oeERva0.html,实采,,https://oss.gzszyy.com/20201013/152829810.jpg,01_试点医院/广州市中医院/照片/黄洁红-心病科（心血管内科）-副主任中医师-广州市中医院.jpg,245077,96bf797c264cdd7290ec67a80bd8c29b74f5a59ae8b4b04ae758fb222e616fee,FFD8FFE10E3F457869660000,1152,1600,
高雅琦,https://www.gzszyy.com/expert/2026/YQdJ62dO.html,实采,,https://oss.gzszyy.com/20201013/153011404.jpg,01_试点医院/广州市中医院/照片/高雅琦-心病科（心血管内科）-副主任中医师-广州市中医院.jpg,205594,01a2d6359528114b588921de1b004e7c527269dc9d48ecde89548f321eefb5e0,FFD8FFE10E74457869660000,1152,1600,
徐文伟,https://www.gzszyy.com/expert/2026/y1aKrReQ.html,实采,,https://oss.gzszyy.com/20201013/153151167.jpg,01_试点医院/广州市中医院/照片/徐文伟-心病科（心血管内科）-主治中医师-广州市中医院.jpg,175929,8af48c6fedbad1838a3e50845ccbdf57a41ed20bc11422cfd7bad3368d94cd37,FFD8FFE10DDF457869660000,1152,1600,
常勇,https://www.gzszyy.com/expert/2026/9wdL9wej.html,实采,,https://oss.gzszyy.com/20220207/155532824.jpg,01_试点医院/广州市中医院/照片/常勇-心病科（心血管内科）-主治中医师-广州市中医院.jpg,167394,76005e76a1104bd727ce6353dd9a90d91516421d70561409e981fe831ef5230c,FFD8FFE000104A4649460001,1152,1600,
方奕芬,https://www.gzszyy.com/expert/2026/N1aM8AeW.html,实采,,https://oss.gzszyy.com/20201013/153850599.jpg,01_试点医院/广州市中医院/照片/方奕芬-心病科（心血管内科）-主治中医师-广州市中医院.jpg,227040,9ea35f496a2f2c3645140b2fa0f7dc2f20dcf33fc89b41e7436ae5b6b88caa3f,FFD8FFE10D9C457869660000,1152,1600,
何艳,https://www.gzszyy.com/expert/2026/3YaOYpdx.html,实采,,https://oss.gzszyy.com/20201013/154103488.jpg,01_试点医院/广州市中医院/照片/何艳-心病科（心血管内科）-主治中医师-广州市中医院.jpg,237821,57d0905b868a3c72034eab8403902b5e88c9c215b41de94769d633350cebf358,FFD8FFE10E6A457869660000,1152,1600,
叶瑞妍,https://www.gzszyy.com/expert/2026/YqaQWldn.html,实采,,https://oss.gzszyy.com/20201013/154628835.jpg,01_试点医院/广州市中医院/照片/叶瑞妍-心病科（心血管内科）-主治中医师-广州市中医院.jpg,184740,4cbeab8d9ab0a8cbd3410608ede6340ab1d628aaf7357f14f7e2d761d0a46379,FFD8FFE10DDB457869660000,1152,1600,
陈东雄,https://www.gzszyy.com/expert/2026/lNbW6Jay.html,实采,,https://oss.gzszyy.com/20201013/155041179.jpg,01_试点医院/广州市中医院/照片/陈东雄-心病科（心血管内科）-主治中医师-广州市中医院.jpg,203580,82bac1301c8d89e78c1040582c21b22094464c727eda34fec75c25cc7c324bbf,FFD8FFE10E4B457869660000,1152,1600,
郭文平,https://www.gzszyy.com/expert/2026/zPdy6zeQ.html,实采,,https://oss.gzszyy.com/20240826/143724746.jpg,01_试点医院/广州市中医院/照片/郭文平-心病科（心血管内科）-主治中医师-广州市中医院.jpg,249659,de1c4cd99e8b2933b200c0c805720fd9cb1044d1363c43fd19f6034b31b13a60,FFD8FFE000104A4649460001,2000,1333,
郑舒馨,https://www.gzszyy.com/expert/2026/J0dN7meL.html,实采,,https://oss.gzszyy.com/20251014/141904594.jpg,01_试点医院/广州市中医院/照片/郑舒馨-心病科（心血管内科）-主治中医师-广州市中医院.jpg,206656,be601354bff02a0c16ead09487db2bfbbc52231571988252e35541f282e149e9,FFD8FFE000104A4649460001,1347,2000,
方惠玉,https://www.gzszyy.com/expert/2026/APdR6qdG.html,实采,,https://oss.gzszyy.com/20201013/154956501.jpg,01_试点医院/广州市中医院/照片/方惠玉-心病科（心血管内科）-主治中医师-广州市中医院.jpg,176772,d3fca28459092c2eef9abfbe686d2c41054929837f313b3ba44c9d9edafb501f,FFD8FFE10E2B457869660000,1152,1600,
刘伟强,https://www.gzszyy.com/expert/2026/YQdJPlaO.html,实采,,https://oss.gzszyy.com/20201013/152546595.jpg,01_试点医院/广州市中医院/照片/刘伟强-心病科（心血管内科）-副主任医师-广州市中医院.jpg,236645,90cb9e6e0f381f4a6c3eebee706e8ef6464285b31f97a75d68bfd1696451f535,FFD8FFE10DE4457869660000,1152,1600,
成莎,https://www.gzszyy.com/expert/2026/J0dNk6eL.html,实采,,https://oss.gzszyy.com/20201013/153950732.jpg,01_试点医院/广州市中医院/照片/成莎-心病科（心血管内科）-医师-广州市中医院.jpg,228079,02a6e2f4b5893dc4e35cb35cdd1e33436714051a24c76c4e591da5d75c11496a,FFD8FFE10EBE457869660000,1152,1600,
刘昕,https://www.gzszyy.com/expert/2026/WZdPNwaK.html,实采,,https://oss.gzszyy.com/20201013/154217422.jpg,01_试点医院/广州市中医院/照片/刘昕-心病科（心血管内科）-医师-广州市中医院.jpg,275726,dd5fc397fd97e94c5c9bbb86bd8ccaea106a92d32a6c7be82ba372a6c30f550b,FFD8FFE11016457869660000,1152,1600,
黄婧妍,https://www.gzszyy.com/expert/2026/xkazq5eJ.html,实采,,https://oss.gzszyy.com/20250624/151943898.jpg,01_试点医院/广州市中医院/照片/黄婧妍-心病科（心血管内科）-医师-广州市中医院.jpg,267308,859488539925c8b53e5c4d60df9310e6034cc73c1265dbc3bf1c7eb7ab370be3,FFD8FFE10242457869660000,1499,1999,
徐嘉欣,https://www.gzszyy.com/expert/2026/y5eVOMaE.html,实采,,https://oss.gzszyy.com/20201013/155357172.jpg,01_试点医院/广州市中医院/照片/徐嘉欣-心病科（心血管内科）-医师-广州市中医院.jpg,218510,ef2e032106f82fcac836975a0202e1cf5fdeeee4d09b6ef5f77a5383579fa6c7,FFD8FFE10DD7457869660000,1152,1600,
何志凌,https://www.gzszyy.com/expert/2026/openzDe7.html,实采,,https://oss.gzszyy.com/20240521/102228364.png,01_试点医院/广州市中医院/照片/何志凌-心病科（心血管内科）-主任医师-广州市中医院.png,955192,f9bdd416b225f6eedd1010e5e524db7a4b5dd2153e1d0d89071cd82930442e8e,89504E470D0A1A0A0000000D,1134,758,
简小兵,https://www.gzszyy.com/expert/2026/Jrb2WPdW.html,实采,,https://oss.gzszyy.com/20201013/161541766.jpg,01_试点医院/广州市中医院/照片/简小兵-内分泌科-主任中医师-广州市中医院.jpg,209165,61bd54f6c0ff2058f514835ad7115a1e4f9c010a83e6a82d1f8ba6227ea53ee2,FFD8FFE10E95457869660000,1152,1600,
王文英,https://www.gzszyy.com/expert/2026/ELe3wne6.html,实采,,https://oss.gzszyy.com/20201013/161713399.jpg,01_试点医院/广州市中医院/照片/王文英-内分泌科-主任中医师-广州市中医院.jpg,204787,2a98611e4f04eaa39a973636a59790daf30d4a6586bb2ef247f4879d9227d573,FFD8FFE10E13457869660000,1152,1600,
李慧枝,https://www.gzszyy.com/expert/2026/Vyb8E5dv.html,实采,,https://oss.gzszyy.com/20201013/162412600.jpg,01_试点医院/广州市中医院/照片/李慧枝-内分泌科-主任中医师-广州市中医院.jpg,209273,900dd3018c95bdecfbd008cfd590562d19523a254571364c7799cf2809e16cce,FFD8FFE10E6B457869660000,1152,1600,
陈丽兰,https://www.gzszyy.com/expert/2026/5xe7XGa7.html,实采,,https://oss.gzszyy.com/20201013/162306206.jpg,01_试点医院/广州市中医院/照片/陈丽兰-内分泌科-副主任中医师-广州市中医院.jpg,216017,d2a671142b192c529d066d74581ca48d5dc3a53fd539e91bd06dbe9377a3fae5,FFD8FFE10EC5457869660000,1152,1600,
赵志祥,https://www.gzszyy.com/expert/2026/K9b69QaE.html,实采,,https://oss.gzszyy.com/20201013/162209290.jpg,01_试点医院/广州市中医院/照片/赵志祥-内分泌科-副主任中医师-广州市中医院.jpg,222875,dbe8d714eeca87688a57f4b8c2bead358390e484ba4c20fa67487ae4bbd9c29f,FFD8FFE10DD0457869660000,1152,1600,
邓伟明,https://www.gzszyy.com/expert/2026/M7e5LZd2.html,实采,,https://oss.gzszyy.com/20201013/162113344.jpg,01_试点医院/广州市中医院/照片/邓伟明-内分泌科-副主任中医师-广州市中医院.jpg,226490,440c47440c5fd36e01dac9c6cff05b9e8a737483fecd4aed57bdd69152f12627,FFD8FFE10E9F457869660000,1152,1600,
李宝玲,https://www.gzszyy.com/expert/2026/N1aM9BaW.html,实采,,https://oss.gzszyy.com/20201013/162650132.jpg,01_试点医院/广州市中医院/照片/李宝玲-内分泌科-主治医师-广州市中医院.jpg,217475,de4af70e860dfb8f624c23d3d23944dd30f1245e68445fb153b05f00f4ee50d9,FFD8FFE10F88457869660000,1152,1600,
秦棱,https://www.gzszyy.com/expert/2026/J0dN8KaL.html,实采,,https://oss.gzszyy.com/20201013/162524836.jpg,01_试点医院/广州市中医院/照片/秦棱-内分泌科-主治医师-广州市中医院.jpg,193406,90c0df7a3ab68eb41b60a9dea2fb83abb46a5132f4bcfe2d09d669c547be5421,FFD8FFE10E0F457869660000,1152,1600,
陈燕珊,https://www.gzszyy.com/expert/2026/y1aK6zeQ.html,实采,,https://oss.gzszyy.com/20201013/162836188.jpg,01_试点医院/广州市中医院/照片/陈燕珊-内分泌科-医师-广州市中医院.jpg,260531,23c4ffbe5c4e24f6e21b4130695782eb4c6da72dfe73aaee0b0a00af09532859,FFD8FFE10F22457869660000,1152,1600,
伊娜,https://www.gzszyy.com/expert/2026/GRb4L0bB.html,实采,,https://oss.gzszyy.com/20201013/162017154.jpg,01_试点医院/广州市中医院/照片/伊娜-内分泌科-主任医师-广州市中医院.jpg,237074,4f94cbcdcff1233ec4ec64b3cd8ffefffaf518b6804e72ed6f1e67e139e05d18,FFD8FFE10EB4457869660000,1152,1600,
叶焰,https://www.gzszyy.com/expert/2026/pnelxleK.html,实采,,https://oss.gzszyy.com/20201013/170737226.jpg,01_试点医院/广州市中医院/照片/叶焰-肺病科（呼吸内科）-主任中医师-广州市中医院.jpg,197393,f22e33e127314c422a8e4a951b279d9087f293cae2db253f455ca4ee7b889671,FFD8FFE10DFF457869660000,1152,1600,
丘梅清,https://www.gzszyy.com/expert/2026/4zbq2Rdp.html,实采,,https://oss.gzszyy.com/20201013/171227446.jpg,01_试点医院/广州市中医院/照片/丘梅清-肺病科（呼吸内科）-主任中医师-广州市中医院.jpg,283300,129420a7c7341ecef1f45c35c312fb318dcc3f9204e9ee7702d2f0c51f039345,FFD8FFE10FB1457869660000,1152,1600,
里自然,https://www.gzszyy.com/expert/2026/JxboVzag.html,实采,,https://oss.gzszyy.com/20220207/095443480.jpg,01_试点医院/广州市中医院/照片/里自然-肺病科（呼吸内科）-主任中医师-广州市中医院.jpg,191326,5dc3e16b327fc8182c18162df5250ddf8a64779f7a464bd951f3a35872e4a5fc,FFD8FFE10DF7457869660000,1152,1600,
刘红宇,https://www.gzszyy.com/expert/2026/MvbmOpeY.html,实采,,https://oss.gzszyy.com/20201013/171841120.jpg,01_试点医院/广州市中医院/照片/刘红宇-肺病科（呼吸内科）-副主任中医师-广州市中医院.jpg,201511,f04cc2562831f64b3ea3e63611dcc00ddb5812e8a87acb8272d79a61f7ba9c42,FFD8FFE10DEE457869660000,1152,1600,
刘新宇,https://www.gzszyy.com/expert/2026/openx4b7.html,实采,,https://oss.gzszyy.com/20201015/172317103.jpg,01_试点医院/广州市中医院/照片/刘新宇-肺病科（呼吸内科）-副主任中医师-广州市中医院.jpg,205557,a84aa8b7cdd28e60a6d4e06b4d2b8bc475c80715d07506f53dd85153cf063f2e,FFD8FFE10D5E457869660000,1152,1600,
张基磊,https://www.gzszyy.com/expert/2026/8mep81eM.html,实采,,https://oss.gzszyy.com/20201013/172535839.jpg,01_试点医院/广州市中医院/照片/张基磊-肺病科（呼吸内科）-主治中医师-广州市中医院.jpg,213796,e71308adb8114a0d2269f9ffab91d0195df98c213abd6b3dcb9baff3d18f146e,FFD8FFE10DEE457869660000,1152,1600,
熊艳云,https://www.gzszyy.com/expert/2026/4zbq73ep.html,实采,,https://oss.gzszyy.com/20201013/172610830.jpg,01_试点医院/广州市中医院/照片/熊艳云-肺病科（呼吸内科）-主治中医师-广州市中医院.jpg,208519,35a8d7f1b42d67c555e0a6495afe2fd401b7ac07ff11b3077ef52fbb4d3f788b,FFD8FFE10D7D457869660000,1152,1600,
梁仕勤,https://www.gzszyy.com/expert/2026/LDdwVJb1.html,实采,,https://oss.gzszyy.com/20201013/172826922.jpg,01_试点医院/广州市中医院/照片/梁仕勤-肺病科（呼吸内科）-主治中医师-广州市中医院.jpg,217630,b276e2368566e80300d5dfe85b8c6fe685f7a1cbe6a48c7c31333c5fcb794874,FFD8FFE10E3E457869660000,1152,1600,
高婉玲,https://www.gzszyy.com/expert/2026/l9avlVdG.html,实采,,https://oss.gzszyy.com/20201013/172735992.jpg,01_试点医院/广州市中医院/照片/高婉玲-肺病科（呼吸内科）-主治中医师-广州市中医院.jpg,194509,8c6140e5532d1a24abf1193ec5fe89493d77e31e0022e922f098f26ba85d73c2,FFD8FFE10DC1457869660000,1152,1600,
蔡松,https://www.gzszyy.com/expert/2026/APdR8zaG.html,实采,,https://oss.gzszyy.com/20251114/114648195.jpg,01_试点医院/广州市中医院/照片/蔡松-肺病科（呼吸内科）-主治中医师-广州市中医院.jpg,213046,b0a7a212612a6b9fdb616b09324a93b42b19161ec24fa30971e81675d4bc5aff,FFD8FFE10E21457869660000,2000,1333,
金华伟,https://www.gzszyy.com/expert/2026/MYer8wbO.html,实采,,https://oss.gzszyy.com/20201013/172657639.jpg,01_试点医院/广州市中医院/照片/金华伟-肺病科（呼吸内科）-医师-广州市中医院.jpg,209904,c0d934ff82d581ba1ec42fd412c4813ab983b533e2c8b4d428975c351a2f79d2,FFD8FFE10DED457869660000,1152,1600,
苏丽玲,https://www.gzszyy.com/expert/2026/YqaQOqdn.html,实采,,https://oss.gzszyy.com/20201013/171730131.jpg,01_试点医院/广州市中医院/照片/苏丽玲-肺病科（呼吸内科）-副主任医师-广州市中医院.jpg,21156,7dfb86d5be1beefdab8154229c826edae5a075dcc8e2cff7cb13d5dd5c089446,FFD8FFE10113457869660000,299,400,
李俐,https://www.gzszyy.com/expert/2026/lNbWqXey.html,实采,,https://oss.gzszyy.com/20201013/170812909.jpg,01_试点医院/广州市中医院/照片/李俐-肺病科（呼吸内科）-主任医师-广州市中医院.jpg,208516,df2b96072c3b1c1d55c348cfd489f4ba1a219ce8439595fa47f4b182077a0eb7,FFD8FFE10E07457869660000,1152,1600,
李关宁,https://www.gzszyy.com/expert/2026/oQeZzvep.html,实采,,https://oss.gzszyy.com/20220207/115727592.jpg,01_试点医院/广州市中医院/照片/李关宁-外科-主任中医师-广州市中医院.jpg,201422,8b63973b877f6143f84ab491df396a2cf1d5d9e4a4e878c650b423bab28753b4,FFD8FFE10E75457869660000,1152,1600,
郭宇明,https://www.gzszyy.com/expert/2026/KQe1G3bJ.html,实采,,https://oss.gzszyy.com/20220207/120110333.jpg,01_试点医院/广州市中医院/照片/郭宇明-外科-副主任中医师-广州市中医院.jpg,225427,a14085da5c6ecb8473241058e706e09f56229b60fb4f62dae6054686ee6cd163,FFD8FFE10DD1457869660000,1152,1600,
邝仰东,https://www.gzszyy.com/expert/2026/Jrb27JdW.html,实采,,https://oss.gzszyy.com/20220207/120140915.jpg,01_试点医院/广州市中医院/照片/邝仰东-外科-副主任中医师-广州市中医院.jpg,221188,bab77cb2af6e83ab998d240e5e52fcb3228f541a83973f37198d7f73ee92760d,FFD8FFE10EEE457869660000,1152,1600,
张惠东,https://www.gzszyy.com/expert/2026/ELe3yrb6.html,实采,,https://oss.gzszyy.com/20220207/115700287.jpg,01_试点医院/广州市中医院/照片/张惠东-外科-副主任中医师-广州市中医院.jpg,41821,5cc84d8d6d2c49b8b1ea0b79163d782cb58448304cb2d85282317c17be7e7060,FFD8FFE1055B457869660000,413,626,
史振军,https://www.gzszyy.com/expert/2026/GRb4z2eB.html,实采,,https://oss.gzszyy.com/20220207/144158585.jpg,01_试点医院/广州市中医院/照片/史振军-外科-副主任中医师-广州市中医院.jpg,221570,d2ef53e7aaab144f4fb59fa812f3bb57f14f475b0a3eab1e5f1966ef8fc0b5ce,FFD8FFE10E5A457869660000,1152,1600,
杨泽娟,https://www.gzszyy.com/expert/2026/M7e5Rxa2.html,实采,,https://oss.gzszyy.com/20220207/144232650.jpg,01_试点医院/广州市中医院/照片/杨泽娟-外科-副主任中医师-广州市中医院.jpg,209126,50acc9e851b159b6493c4baf22be98c24d252303dc14de62b6139a1bf7408939,FFD8FFE10E51457869660000,1152,1600,
张宏,https://www.gzszyy.com/expert/2026/K9b60QeE.html,实采,,https://oss.gzszyy.com/20210324/181158101.jpg,01_试点医院/广州市中医院/照片/张宏-外科-副主任中医师-广州市中医院.jpg,205654,12b25c93a09cc76840b93b0acf8fb1a634a8a45976e5f143d03577c14b99de47,FFD8FFE10EBC457869660000,1152,1600,
严文兵,https://www.gzszyy.com/expert/2026/5xe7pwa7.html,实采,,https://oss.gzszyy.com/20220207/144316104.jpg,01_试点医院/广州市中医院/照片/严文兵-外科-副主任中医师-广州市中医院.jpg,212374,60afe0d5e7274ae61725bca94a7f7897ed81991dd14c8087671930a044231440,FFD8FFE10D63457869660000,1152,1600,
耿燚,https://www.gzszyy.com/expert/2026/WPe9DPdL.html,实采,,https://oss.gzszyy.com/20220207/144430214.jpg,01_试点医院/广州市中医院/照片/耿燚-外科-副主任中医师-广州市中医院.jpg,189414,d2de66a8be38137f1d20e4cc1a52e85502b2d0835d035e6636962ae1692a9b63,FFD8FFE10DB6457869660000,1152,1600,
郑晔辉,https://www.gzszyy.com/expert/2026/K9b6YLaE.html,实采,,https://oss.gzszyy.com/20260529/093914118.png,01_试点医院/广州市中医院/照片/郑晔辉-外科-主治医师-广州市中医院.png,82734,9af50c790d96c0f073d1f5041fc24da26d5e8368a1b854880f2bdfdcd66a253c,89504E470D0A1A0A0000000D,300,300,
黄琼刁,https://www.gzszyy.com/expert/2026/MYerEkdO.html,实采,,https://oss.gzszyy.com/20240612/115330997.jpg,01_试点医院/广州市中医院/照片/黄琼刁-外科-主治医师-广州市中医院.jpg,230159,bfcd670af01a5d6c9823e36f9bd76fbca4cac157c42ebb3f36091256a3893958,FFD8FFE10EA8457869660000,1152,1600,
金享林,https://www.gzszyy.com/expert/2026/olejnzej.html,实采,,https://oss.gzszyy.com/20240520/144158683.jpg,01_试点医院/广州市中医院/照片/金享林-外科-主治医师-广州市中医院.jpg,88504,24083a1f5f6936e091a74fcb42bc5f19189a9c5e3761c0bdeb15e7e7a103b3cf,FFD8FFE000104A4649460001,1080,1500,
周坤炎,https://www.gzszyy.com/expert/2026/46dB12b7.html,实采,,https://oss.gzszyy.com/20250624/152505262.jpg,01_试点医院/广州市中医院/照片/周坤炎-外科-医师-广州市中医院.jpg,202372,05ce2c7efbe116b81ca43eeefe095a50ce0f40eec0297e7a3cc02cd6ff5aba83,FFD8FFE000104A4649460001,2000,1333,
李向平,https://www.gzszyy.com/expert/2026/MYermwdO.html,实采,,https://oss.gzszyy.com/20220207/144500245.jpg,01_试点医院/广州市中医院/照片/李向平-外科-医师-广州市中医院.jpg,213312,c307890d7553796b6a1fc1eeb9629fecea1c34431582a4f4dec526af462417cd,FFD8FFE10D8D457869660000,1152,1600,
杨保参,https://www.gzszyy.com/expert/2026/Vyb8B2ev.html,实采,,https://oss.gzszyy.com/20260529/094748800.jpg,01_试点医院/广州市中医院/照片/杨保参-外科-副主任医师-广州市中医院.jpg,80805,f495ec2726d70493ca0d6fb2a65dbd70171aab74a1b115fc4a91b7ed9a302c41,FFD8FFE000104A4649460001,1120,1322,
林欢,https://www.gzszyy.com/expert/2026/JxboONbg.html,实采,,https://oss.gzszyy.com/20240521/102540724.png,01_试点医院/广州市中医院/照片/林欢-外科-副主任医师-广州市中医院.png,942057,f4898a266599aa05c52205c0c6a1e88246da119103b88d6d160bd93d1eb4a986,89504E470D0A1A0A0000000D,1134,756,
李富荣,https://www.gzszyy.com/expert/2026/w9aAm1av.html,实采,,https://oss.gzszyy.com/20220207/144531665.jpg,01_试点医院/广州市中医院/照片/李富荣-外科-副主任医师-广州市中医院.jpg,219784,72f41e8a9b8821b4fed13c50aa47b23ce4acdab543e68f81c740f383845174dc,FFD8FFE10DD6457869660000,1152,1600,
韩树坤,https://www.gzszyy.com/expert/2026/M7e5Aqe2.html,实采,,https://oss.gzszyy.com/20260529/093420528.jpg,01_试点医院/广州市中医院/照片/韩树坤-外科-主任医师-广州市中医院.jpg,50345,ca78299c1b732e33b950fee9a62c11343782cd452aac5d7be7d77a93dc7ad07c,FFD8FFE000104A4649460001,967,1200,
王健,https://www.gzszyy.com/expert/2026/WZdP6yaK.html,实采,,https://oss.gzszyy.com/20251014/142654161.jpg,01_试点医院/广州市中医院/照片/王健-外科-主任医师-广州市中医院.jpg,28402,d3e9c6a7910394817fcf231fdecfa19cbadc7eb96bd30fce3b73df5b4403e30f,FFD8FFE000104A4649460001,553,800,
王健,https://www.gzszyy.com/expert/2026/3YaOggax.html,实采,,https://oss.gzszyy.com/20220124/102225398.jpg,01_试点医院/广州市中医院/照片/王健-检验病理科-副主任-广州市中医院.jpg,224491,a69ada4aa5861ac2b366caec03779c8e7e447235600906f56f68cc75b8881676,FFD8FFE10E10457869660000,1152,1600,
何平胜,https://www.gzszyy.com/expert/2026/46dB82a7.html,实采,,https://oss.gzszyy.com/20241016/170056860.jpg,01_试点医院/广州市中医院/照片/何平胜-外科-主任医师-广州市中医院.jpg,203169,4ee6691c259a5927ee03c26859cc01d2fdaad558fe65672f428006ca3af7d9ac,FFD8FFE10D76457869660000,2000,1333,
吴江平,https://www.gzszyy.com/expert/2026/lNbWQWey.html,实采,,https://oss.gzszyy.com/20210528/181049201.jpg,01_试点医院/广州市中医院/照片/吴江平-外科-主任医师-广州市中医院.jpg,207817,c7e04f875b3032b4591ed5a8db2350f9533c917ea21154f4848fdc51f1148745,FFD8FFE10E1A457869660000,1152,1600,
杨振淮,https://www.gzszyy.com/expert/2026/QBeXrkby.html,实采,,https://oss.gzszyy.com/20210528/181130859.jpg,01_试点医院/广州市中医院/照片/杨振淮-外科-主任医师-广州市中医院.jpg,213025,f9dd3feb709d9fe3a61a8c8dddf141554f9f3d2ecdd55f35162e797ec849d7f5,FFD8FFE10E9B457869660000,1152,1600,
田立新,https://www.gzszyy.com/expert/2026/4QbYy0bz.html,实采,,https://oss.gzszyy.com/20210528/181222137.jpg,01_试点医院/广州市中医院/照片/田立新-外科-主任医师-广州市中医院.jpg,229541,58da1525769ecc1687a3ee510912fb6d04878803c5fd0e8885dc37c4b05e59c6,FFD8FFE10EB8457869660000,1152,1600,
李均乐,https://www.gzszyy.com/expert/2026/46dBnnd7.html,实采,,https://oss.gzszyy.com/20210525/104059365.jpg,01_试点医院/广州市中医院/照片/李均乐-外科-主任医师-广州市中医院.jpg,228476,97f757189dba577ffc93f5ccc3c189d8272fea3bb082eda184a7d2bc3010b5ea,FFD8FFE10E0E457869660000,1152,1600,
龙云,https://www.gzszyy.com/expert/2026/BDbD0Ybl.html,实采,,https://oss.gzszyy.com/20210528/181355685.jpg,01_试点医院/广州市中医院/照片/龙云-外科-主任医师-广州市中医院.jpg,229214,bccfeac4b3d2bda97c7d49326f4c019480fd0caf296a978281991b1a3e62561b,FFD8FFE10E00457869660000,1152,1600,
詹一飞,https://www.gzszyy.com/expert/2026/5xe7W8e7.html,实采,,https://oss.gzszyy.com/20260529/094648967.jpg,01_试点医院/广州市中医院/照片/詹一飞-外科-未标注-广州市中医院.jpg,54466,0a421f13ce6a4cff6390da1403dee2b78e264cf6d7227429942690a8263ecdf3,FFD8FFE000104A4649460001,960,1440,
杜猛,https://www.gzszyy.com/expert/2026/xkazYeJ0.html,实采,,https://oss.gzszyy.com/20201014/082531115.jpg,01_试点医院/广州市中医院/照片/杜猛-脉管炎科-副主任中医师-广州市中医院.jpg,215032,2b054eceb1ecfb78c6e9d83f4f21cba01ed1ab502c41fd9c70b5027aa91b61b8,FFD8FFE10D8A457869660000,1152,1600,
黎建华,https://www.gzszyy.com/expert/2026/zPdy7aQr.html,实采,,https://oss.gzszyy.com/20201014/082434362.jpg,01_试点医院/广州市中医院/照片/黎建华-脉管炎科-副主任中医师-广州市中医院.jpg,204643,c0e0547b2ae7c7bf23b55ce138314a779254ba1ef09f16d16012bf5dfe46f5f9,FFD8FFE10D9B457869660000,1152,1600,
周毅平,https://www.gzszyy.com/expert/2026/w9aAOdvM.html,实采,,https://oss.gzszyy.com/20201014/082611726.jpg,01_试点医院/广州市中医院/照片/周毅平-脉管炎科-副主任中医师-广州市中医院.jpg,221875,459da0dcae5415b4e9fc2b72eb6417c020215a7e434bd1a9be49486eb8164a82,FFD8FFE10EC5457869660000,1152,1600,
李顺宁,https://www.gzszyy.com/expert/2026/46dBXa79.html,实采,,https://oss.gzszyy.com/20201014/083534828.jpg,01_试点医院/广州市中医院/照片/李顺宁-脉管炎科-副主任中医师-广州市中医院.jpg,208026,60da68e832340327329649be66c0d1e6d0b32fdab477b1baf80639096fee1afd,FFD8FFE10DDF457869660000,1152,1600,
王昕冉,https://www.gzszyy.com/expert/2026/BDbDxbl2.html,实采,,https://oss.gzszyy.com/20201015/103321373.jpg,01_试点医院/广州市中医院/照片/王昕冉-脉管炎科-副主任中医师-广州市中医院.jpg,218112,23a26b4df0e7731cd3b1a1b3189e77df5253dd95fe4dd6824606c8dca08a17f2,FFD8FFE10D67457869660000,1152,1600,
张锦生,https://www.gzszyy.com/expert/2026/4oeEva0B.html,实采,,https://oss.gzszyy.com/20220207/114642749.jpg,01_试点医院/广州市中医院/照片/张锦生-脉管炎科-主治医师-广州市中医院.jpg,223751,16a602219409dd66f1f85979f6668b18c042c61e2750c13845af55b2ccba2dd6,FFD8FFE10DDB457869660000,1152,1600,
黄春发,https://www.gzszyy.com/expert/2026/YQdJ2dOG.html,实采,,https://oss.gzszyy.com/20201014/083412127.jpg,01_试点医院/广州市中医院/照片/黄春发-脉管炎科-主治医师-广州市中医院.jpg,209013,653deefc6fd019b61d1ffa53e01fed417041e151d301830cc883f2a86f5002e3,FFD8FFE10D55457869660000,1152,1600,
钟镜锋,https://www.gzszyy.com/expert/2026/YRdG7dDz.html,实采,,https://oss.gzszyy.com/20201014/083341999.jpg,01_试点医院/广州市中医院/照片/钟镜锋-脉管炎科-主治中医师-广州市中医院.jpg,205780,4f8f16bf5f92ad320ee891d5635616e9d58d74e807994df514efeea704f85f25,FFD8FFE10DB3457869660000,1152,1600,
卢楠,https://www.gzszyy.com/expert/2026/YqaQAMan.html,实采,,https://oss.gzszyy.com/20251114/114232502.jpg,01_试点医院/广州市中医院/照片/卢楠-脉管炎科-主治中医师-广州市中医院.jpg,133005,ac4d31fcbb26040779b4f21173280a617b62a1c11bd76d4537a261f3b0b22900,FFD8FFE000104A4649460001,1920,1280,
范小华,https://www.gzszyy.com/expert/2026/MYergBaO.html,实采,,https://oss.gzszyy.com/20250307/100029945.jpg,01_试点医院/广州市中医院/照片/范小华-肛肠科-主任中医师-广州市中医院.jpg,279000,d2ef8e771fad5f9895504a5dc460f76d1b643185d4040fefa63a0b48eec74581,FFD8FFE000104A4649460001,1816,1999,
陈诗伟,https://www.gzszyy.com/expert/2026/8mep9XaM.html,实采,,https://oss.gzszyy.com/20250310/092528971.jpg,01_试点医院/广州市中医院/照片/陈诗伟-肛肠科-主任中医师-广州市中医院.jpg,322606,92161e60ff516e67f7b2512c8e6ea776b510d69b16a6c34df8f736104996e111,FFD8FFE000104A4649460001,2000,1873,
柳霞,https://www.gzszyy.com/expert/2026/l9avlrdG.html,实采,,https://oss.gzszyy.com/20201014/084103279.jpg,01_试点医院/广州市中医院/照片/柳霞-肛肠科-副主任中医师-广州市中医院.jpg,203085,2c8d2c6664c75e8a38b131fedb5ff17b9275033a5a27f54c28c9b60cd809dae0,FFD8FFE10DA9457869660000,1152,1600,
李洋,https://www.gzszyy.com/expert/2026/jnegZ9dw.html,实采,,https://oss.gzszyy.com/20201014/084302631.jpg,01_试点医院/广州市中医院/照片/李洋-肛肠科-副主任中医师-广州市中医院.jpg,235818,58d61a77294a4d6576d0ead2999d63d8dceeaae4f43f95733a2261044f88e34f,FFD8FFE10E6D457869660000,1152,1600,
陈超云,https://www.gzszyy.com/expert/2026/olejZWej.html,实采,,https://oss.gzszyy.com/20201014/084005496.jpg,01_试点医院/广州市中医院/照片/陈超云-肛肠科-副主任中医师-广州市中医院.jpg,198241,1520a08b7b94afc277b37feae4abdd49a8061c00f6370ac483f2eaae32a1991f,FFD8FFE10E55457869660000,1152,1600,
简丽丝,https://www.gzszyy.com/expert/2026/l9avmLeG.html,实采,,https://oss.gzszyy.com/20250307/102438788.jpg,01_试点医院/广州市中医院/照片/简丽丝-肛肠科-主治医师-广州市中医院.jpg,270866,7283e137b5f81fe5b0ed9dfbe8fc564cdcaa1509a0d07dd4a9eb6bfe1717b7a3,FFD8FFE000104A4649460001,1816,1999,
黄阳勇,https://www.gzszyy.com/expert/2026/MYer86bO.html,实采,,https://oss.gzszyy.com/20201014/085856977.jpg,01_试点医院/广州市中医院/照片/黄阳勇-肛肠科-主治中医师-广州市中医院.jpg,198817,65a2c33554c5e3cfff9314374067a1fe4f67a553566e3da950f4dd6882699165,FFD8FFE10D98457869660000,1152,1600,
朱华聪,https://www.gzszyy.com/expert/2026/4zbqADbp.html,实采,,https://oss.gzszyy.com/20250307/091944492.jpg,01_试点医院/广州市中医院/照片/朱华聪-肛肠科-医师-广州市中医院.jpg,172885,6ff086d0ce4b587ff90d2f2c9aec3342cc4adddf2e8689bc4e813765c3e6a659,FFD8FFE000104A4649460001,2000,1333,
周征,https://www.gzszyy.com/expert/2026/olejq5dj.html,实采,,https://oss.gzszyy.com/20201014/093930395.jpg,01_试点医院/广州市中医院/照片/周征-妇科-主任中医师-广州市中医院.jpg,237259,1abc83491cdd87c6f5116f02d2fe6484a696802219a7b1b052f06e86ebe88c8b,FFD8FFE10F16457869660000,1152,1600,
王勇,https://www.gzszyy.com/expert/2026/WPe9Q3eL.html,实采,,https://oss.gzszyy.com/20201014/093826191.jpg,01_试点医院/广州市中医院/照片/王勇-妇科-副主任中医师-广州市中医院.jpg,239368,50948ff42ec65f6ecc2eb8a8484118d7dd25412efbf0ecb34e268406ce4c3eaf,FFD8FFE10E00457869660000,1152,1600,
禹安琪,https://www.gzszyy.com/expert/2026/nXe0VXbx.html,实采,,https://oss.gzszyy.com/20201014/102013918.jpg,01_试点医院/广州市中医院/照片/禹安琪-妇科-副主任中医师-广州市中医院.jpg,195644,f216695e2c079295a6340e73ac229a7da8866f8e8c08ca67bdb902d07322e2dc,FFD8FFE10E40457869660000,1152,1600,
钟居孟,https://www.gzszyy.com/expert/2026/jnegL6aw.html,实采,,https://oss.gzszyy.com/20201014/090316558.jpg,01_试点医院/广州市中医院/照片/钟居孟-妇科-副主任中医师-广州市中医院.jpg,215305,bc8c973655c2ff7eb276c44188295bdd1a345a8b346a074970a86ededbf58b17,FFD8FFE10D4F457869660000,1152,1600,
王欣,https://www.gzszyy.com/expert/2026/pmbkZXaz.html,实采,,https://oss.gzszyy.com/20201014/093617689.jpg,01_试点医院/广州市中医院/照片/王欣-妇科-副主任中医师-广州市中医院.jpg,198660,4c15ce91b131e1c18566b830e68143c0525d2fe930102631cfdf75761a93b123,FFD8FFE10D85457869660000,1152,1600,
潘艳芳,https://www.gzszyy.com/expert/2026/pnel56aK.html,实采,,https://oss.gzszyy.com/20250818/114641916.jpg,01_试点医院/广州市中医院/照片/潘艳芳-妇科-副主任中医师-广州市中医院.jpg,162312,79de7c142957764bd2bba97140e2a09409743a6c0c8a56210e42fcbef5740ce8,FFD8FFE1028C457869660000,1322,2000,
于杰,https://www.gzszyy.com/expert/2026/8mepQ6aM.html,实采,,https://oss.gzszyy.com/20201014/101927446.jpg,01_试点医院/广州市中医院/照片/于杰-妇科-副主任中医师-广州市中医院.jpg,216412,e4da156a1149fd34335477dc51d49306743e5e45e25fccf4a6401de17f81dcdb,FFD8FFE10E61457869660000,1152,1600,
卢巧毅,https://www.gzszyy.com/expert/2026/4zbqYrbp.html,实采,,https://oss.gzszyy.com/20201014/102110705.jpg,01_试点医院/广州市中医院/照片/卢巧毅-妇科-副主任中医师-广州市中医院.jpg,178658,63dd8dd7365f4dfe79322102cbd336239c9be23ba42861f7c24777cc5dd0ac24,FFD8FFE10D89457869660000,1152,1600,
唐媛,https://www.gzszyy.com/expert/2026/MYerR6eO.html,实采,,https://oss.gzszyy.com/20201014/102145931.jpg,01_试点医院/广州市中医院/照片/唐媛-妇科-主治医师-广州市中医院.jpg,210571,2f6bb106dbd007c1986b5785b48266546444729d930c50a65287b3183b7ceca8,FFD8FFE10D49457869660000,1152,1600,
严杏,https://www.gzszyy.com/expert/2026/LDdwmwa1.html,实采,,https://oss.gzszyy.com/20201014/102217932.jpg,01_试点医院/广州市中医院/照片/严杏-妇科-主治医师-广州市中医院.jpg,198034,b2c65664f1ce07fcff3ae16737933d268b787d8392ebfbc035dbe3727e456b51,FFD8FFE10E1D457869660000,1152,1600,
麦观艳,https://www.gzszyy.com/expert/2026/xkazB5aJ.html,实采,,https://oss.gzszyy.com/20240826/160948644.png,01_试点医院/广州市中医院/照片/麦观艳-妇科-主治中医师-广州市中医院.png,1010235,b9c44dad6f30e11ee25877f2753020287f8f9c81b6321116a2ef343caa4a7a19,89504E470D0A1A0A0000000D,446,565,
黄亚南,https://www.gzszyy.com/expert/2026/w9aAQ7av.html,实采,,https://oss.gzszyy.com/20240826/161241907.png,01_试点医院/广州市中医院/照片/黄亚南-妇科-主治中医师-广州市中医院.png,1156980,66c4a5c79173e6feb2ff443889e7b1b10fefaab8c976c4229a70e9daaa5e77c2,89504E470D0A1A0A0000000D,490,589,
孟聪,https://www.gzszyy.com/expert/2026/openrle7.html,实采,,https://oss.gzszyy.com/20201014/093724485.jpg,01_试点医院/广州市中医院/照片/孟聪-妇科-主治中医师-广州市中医院.jpg,204864,9099257084371a1ae476b074c540ed491e7e1a647c95a6e65b846cfd430be811,FFD8FFE10E27457869660000,1152,1600,
宋燕,https://www.gzszyy.com/expert/2026/JxboQKeg.html,实采,,https://oss.gzszyy.com/20201014/090732844.jpg,01_试点医院/广州市中医院/照片/宋燕-妇科-主治中医师-广州市中医院.jpg,213716,a5c10ca505c3376eb5b5e0c888b122271e63aeb9a5dda62a83c6d43f34de7b3b,FFD8FFE10E1D457869660000,1152,1600,
李秀然,https://www.gzszyy.com/expert/2026/MvbmQ0bY.html,实采,,https://oss.gzszyy.com/20201014/093956780.jpg,01_试点医院/广州市中医院/照片/李秀然-妇科-副主任医师-广州市中医院.jpg,226788,8e185fe4dfd28748236f09561dbbdfb6912e47048d671991a556c58904e247da,FFD8FFE10EB2457869660000,1152,1600,
肖达民,https://www.gzszyy.com/expert/2026/8mep2rbM.html,实采,,https://oss.gzszyy.com/20201014/144256610.jpg,01_试点医院/广州市中医院/照片/肖达民-儿科-主任中医师-广州市中医院.jpg,212597,07ffbed6088c0c0c3a8c414f0dc1f2f7dc3379ac5a7c3b366dc70a63370f6ffc,FFD8FFE10D9A457869660000,1152,1600,
石艳红,https://www.gzszyy.com/expert/2026/J0dNxzaL.html,实采,,https://oss.gzszyy.com/20201014/143654792.jpg,01_试点医院/广州市中医院/照片/石艳红-儿科-主任中医师-广州市中医院.jpg,201860,cbffcd03ffed744a926449bd242568c9adb3bb0b73c4a7f8441f2c1844a0fb16,FFD8FFE10DC1457869660000,1152,1600,
陈致雯,https://www.gzszyy.com/expert/2026/3YaO7Nax.html,实采,,https://oss.gzszyy.com/20201014/143724489.jpg,01_试点医院/广州市中医院/照片/陈致雯-儿科-副主任中医师-广州市中医院.jpg,211849,200cc3f686ddd18d6e1e3c6b592c960038ce329f031277c29862504af68438df,FFD8FFE10E39457869660000,1152,1600,
廖寒林,https://www.gzszyy.com/expert/2026/YqaQ1Yan.html,实采,,https://oss.gzszyy.com/20201014/152620653.jpg,01_试点医院/广州市中医院/照片/廖寒林-儿科-副主任中医师-广州市中医院.jpg,190478,08ab1d622ebfff73030d8214c502f85dc463e4c7d9efef61d239ff37156f1106,FFD8FFE10DE4457869660000,1152,1600,
刘艳荣,https://www.gzszyy.com/expert/2026/APdRgReG.html,实采,,https://oss.gzszyy.com/20201014/172407830.jpg,01_试点医院/广州市中医院/照片/刘艳荣-儿科-副主任中医师-广州市中医院.jpg,227291,255c45771aebbc415c4ff087954e0407b73d29f81f6a56386a1022a55ce81d9e,FFD8FFE10F7D457869660000,1152,1600,
朱丽臻,https://www.gzszyy.com/expert/2026/y5eVm1dE.html,实采,,https://oss.gzszyy.com/20201014/143457965.jpg,01_试点医院/广州市中医院/照片/朱丽臻-儿科-主治医师-广州市中医院.jpg,211081,83a87f7c278518a407335f55c7b40b276ad4b3f4ff77f1975d69575976f95885,FFD8FFE10ED4457869660000,1152,1600,
范文萃,https://www.gzszyy.com/expert/2026/QBeX6mby.html,实采,,https://oss.gzszyy.com/20201014/143802503.jpg,01_试点医院/广州市中医院/照片/范文萃-儿科-主治医师-广州市中医院.jpg,210487,dda5a7f172ae53235e81d9a8a083a4b46885f12c3b4a05b800f959fc6923cd15,FFD8FFE10E75457869660000,1152,1600,
刘婧平,https://www.gzszyy.com/expert/2026/X7axozey.html,实采,,https://oss.gzszyy.com/20250624/151501756.jpg,01_试点医院/广州市中医院/照片/刘婧平-儿科-主治中医师-广州市中医院.jpg,201258,80037cd93986b4c4713d5bc5a8c9baf53e53505bd950bda56db1adf975cb853a,FFD8FFE000104A4649460001,2000,1330,
卢景熙,https://www.gzszyy.com/expert/2026/WZdP1neK.html,实采,,https://oss.gzszyy.com/20201014/144525580.jpg,01_试点医院/广州市中医院/照片/卢景熙-儿科-主治中医师-广州市中医院.jpg,193139,0598e58d67e1b83a779c83000b4c1a514ce3a7e50e93e58b03f0b7ca80828812,FFD8FFE10DB8457869660000,1152,1600,
徐丹,https://www.gzszyy.com/expert/2026/4QbYvpdz.html,实采,,https://oss.gzszyy.com/20201014/143839420.jpg,01_试点医院/广州市中医院/照片/徐丹-儿科-主治中医师-广州市中医院.jpg,199353,72f4f3b043a595a359fe55910344648b9884d5ae50f08ba7cc2d08efd01fd99e,FFD8FFE10E02457869660000,1152,1600,
赖碧婷,https://www.gzszyy.com/expert/2026/oQeZV6ep.html,实采,,https://oss.gzszyy.com/20201014/152658209.jpg,01_试点医院/广州市中医院/照片/赖碧婷-儿科-医师-广州市中医院.jpg,181074,369046481e0232b83aa004ce1ae91976a78d53277adda2fada045c62fb42a6dd,FFD8FFE10D84457869660000,1152,1600,
朱永健,https://www.gzszyy.com/expert/2026/Jrb2vvbW.html,实采,,https://oss.gzszyy.com/20201014/144633866.jpg,01_试点医院/广州市中医院/照片/朱永健-儿科-医师-广州市中医院.jpg,201525,b33f8c31e51ed6ebfb71e607e2352c31ca551b84ebe77aef1a009a5594abfa0f,FFD8FFE10DB7457869660000,1152,1600,
李梦瑶,https://www.gzszyy.com/expert/2026/ELe32Qd6.html,实采,,https://oss.gzszyy.com/20201014/143955718.jpg,01_试点医院/广州市中医院/照片/李梦瑶-儿科-医师-广州市中医院.jpg,223449,ec8101da83fbbc4264ab8283770d68ac88f96b7a0031da36199648d4bb6583e6,FFD8FFE10E56457869660000,1152,1600,
李盼,https://www.gzszyy.com/expert/2026/GRb4R6eB.html,实采,,https://oss.gzszyy.com/20201014/152534510.jpg,01_试点医院/广州市中医院/照片/李盼-儿科-医师-广州市中医院.jpg,184817,05e77a4ed5fb13bb82b601f0b0aa18bd05ce0c14b6d2bc59fa6ef0b0130623b0,FFD8FFE10DB0457869660000,1152,1600,
郑玲玲,https://www.gzszyy.com/expert/2026/4oeEZma0.html,实采,,https://oss.gzszyy.com/20241017/091747461.png,01_试点医院/广州市中医院/照片/郑玲玲-儿科-副主任医师-广州市中医院.png,945914,db7295b3805d5076ff60b11ccc503e8b8930eaa1f3791b7f97a22ce502d3b423,89504E470D0A1A0A0000000D,1137,753,
杜广亮,https://www.gzszyy.com/expert/2026/lNbWngay.html,实采,,https://oss.gzszyy.com/20201014/143340521.jpg,01_试点医院/广州市中医院/照片/杜广亮-儿科-副主任医师-广州市中医院.jpg,205564,2166eef1c25c8bcee998a8874d0d469ce290f48716b470f5cd3320e33c40f3f5,FFD8FFE10D62457869660000,1152,1600,
姚美美,https://www.gzszyy.com/expert/2026/l9avYgeG.html,实采,,https://oss.gzszyy.com/20240612/143633274.jpg,01_试点医院/广州市中医院/照片/姚美美-儿科-医师-广州市中医院.jpg,192656,b50b1e2919b218edd0e03faeb44b31e754b9ccbb3756749c222db95b4a2f223e,FFD8FFE000104A4649460001,2000,1333,
王惟岩,https://www.gzszyy.com/expert/2026/YQdJE9bO.html,实采,,https://oss.gzszyy.com/20250625/085444497.jpg,01_试点医院/广州市中医院/照片/王惟岩-儿科-医师-广州市中医院.jpg,86158,a23bddfd9baafcb194b9dd1a1e48de79835d251d5d7b9fc81fdc1c91d297b529,FFD8FFE000104A4649460001,1920,1280,
吴菁菁,https://www.gzszyy.com/expert/2026/QBeX78dy.html,实采,,https://oss.gzszyy.com/20241113/103257849.png,01_试点医院/广州市中医院/照片/吴菁菁-儿科-医师-广州市中医院.png,529948,70c964242af46f7ec0ae6aef8c79a53a653d6898a2f48da725c8d689b165aa93,89504E470D0A1A0A0000000D,797,847,
关俊辉,https://www.gzszyy.com/expert/2026/46dBLJa7.html,实采,,https://oss.gzszyy.com/20201016/095442993.jpg,01_试点医院/广州市中医院/照片/关俊辉-骨伤科-主任中医师-广州市中医院.jpg,222956,b8cf677adbf232af23f0cef737d00e12147843ad8dcd3d99acff5a6d39e8f12a,FFD8FFE10E0B457869660000,1152,1600,
张维,https://www.gzszyy.com/expert/2026/zPdyrWeQ.html,实采,,https://oss.gzszyy.com/20201016/094617588.jpg,01_试点医院/广州市中医院/照片/张维-骨伤科-主任医师-广州市中医院.jpg,211942,eadb34653c60c2b33b92b549f51ad3298a5a9b30b17ea6781a98181374d91443,FFD8FFE10DB4457869660000,1152,1600,
林晓光,https://www.gzszyy.com/expert/2026/pmbkoYbz.html,实采,,https://oss.gzszyy.com/20240520/144531551.jpg,01_试点医院/广州市中医院/照片/林晓光-骨伤科-主任中医师-广州市中医院.jpg,173137,945c6b4d933c84feae8d6032653b948ab45183e2a5ace135b9bd44bc251b6400,FFD8FFE10083457869660000,2000,1333,
田天照,https://www.gzszyy.com/expert/2026/xkazK8bJ.html,实采,,https://oss.gzszyy.com/20201016/094711428.jpg,01_试点医院/广州市中医院/照片/田天照-骨伤科-副主任中医师-广州市中医院.jpg,218350,62321712a107c35392f144b5373098393d3967e56516db0391c0483d98123c76,FFD8FFE10DFF457869660000,1152,1600,
彭志华,https://www.gzszyy.com/expert/2026/y1aKZneQ.html,实采,,https://oss.gzszyy.com/20201016/100711441.jpg,01_试点医院/广州市中医院/照片/彭志华-骨伤科-副主任中医师-广州市中医院.jpg,195232,077dd9871aa262700c8fe64f3862d4bba2ea2f6715aeb2ba7aa1065db229b400,FFD8FFE10DAE457869660000,1152,1600,
刘保新,https://www.gzszyy.com/expert/2026/BDbD9ndl.html,实采,,https://oss.gzszyy.com/20201016/100342898.jpg,01_试点医院/广州市中医院/照片/刘保新-骨伤科-副主任中医师-广州市中医院.jpg,208555,e6a2a16c5038f88d5847a114654e9eb3ac181562274713310835340be549cf5b,FFD8FFE10D4E457869660000,1152,1600,
陈胜,https://www.gzszyy.com/expert/2026/YRdG50aD.html,实采,,https://oss.gzszyy.com/20201016/100602817.jpg,01_试点医院/广州市中医院/照片/陈胜-骨伤科-副主任中医师-广州市中医院.jpg,228917,199133ef43a8abf35f9b3f938fc36cf9c9ab8af0199700f21dcb6dec1bebe523,FFD8FFE10D73457869660000,1152,1600,
周就荣,https://www.gzszyy.com/expert/2026/l9avjgaG.html,实采,,https://oss.gzszyy.com/20201016/095526376.jpg,01_试点医院/广州市中医院/照片/周就荣-骨伤科-副主任中医师-广州市中医院.jpg,225975,fd3df956a28099d25a8598713b6aee9432dc53e289a25fca2251dc8452e20e09,FFD8FFE10DA7457869660000,1152,1600,
李嘉晖,https://www.gzszyy.com/expert/2026/3YaOJBex.html,实采,,https://oss.gzszyy.com/20251014/142435966.jpg,01_试点医院/广州市中医院/照片/李嘉晖-骨伤科-主治医师-广州市中医院.jpg,208290,490aae05dfe185e5718577e7f302543c0983ba87db7e53c336992fcc1acedc24,FFD8FFE000104A4649460001,2000,1333,
潘俊曦,https://www.gzszyy.com/expert/2026/lNbW7gby.html,实采,,https://oss.gzszyy.com/20201016/100114653.jpg,01_试点医院/广州市中医院/照片/潘俊曦-骨伤科-主治医师-广州市中医院.jpg,199798,8a9be0c94923215e844f5a755d3dbe7d18959d46489ea0f91449a3f360b09d57,FFD8FFE10D72457869660000,1152,1600,
岑祖怡,https://www.gzszyy.com/expert/2026/4oeE9ke0.html,实采,,https://oss.gzszyy.com/20201016/100452282.jpg,01_试点医院/广州市中医院/照片/岑祖怡-骨伤科-主治中医师-广州市中医院.jpg,208468,c87a6f735794f71d344ee51810a7b0910fccf9380b3021ebad5dfbbf235460d1,FFD8FFE10E09457869660000,1152,1600,
张胜,https://www.gzszyy.com/expert/2026/9wdL84dj.html,实采,,https://oss.gzszyy.com/20201016/100802958.jpg,01_试点医院/广州市中医院/照片/张胜-骨伤科-主治中医师-广州市中医院.jpg,191917,ba343f5a2e87ba785cdfcfb614d5cc1a60978a855ba3b1f3ffe9c0db0b0fae11,FFD8FFE10DB4457869660000,1152,1600,
周伟君,https://www.gzszyy.com/expert/2026/J0dN9zbL.html,实采,,https://oss.gzszyy.com/20220207/114448710.jpg,01_试点医院/广州市中医院/照片/周伟君-骨伤科-主治中医师-广州市中医院.jpg,198715,99e6b198649b6e094d725f4c0a96d4fee67b3d3ec27540beca58a94a321bd152,FFD8FFE10E0F457869660000,1152,1600,
陈立业,https://www.gzszyy.com/expert/2026/3YaOyNdx.html,实采,,https://oss.gzszyy.com/20201016/101711652.jpg,01_试点医院/广州市中医院/照片/陈立业-骨伤科-主治中医师-广州市中医院.jpg,199828,339b3bd018743c561e252a5fe131363b3c01adb66f77744cafba517406ec58fd,FFD8FFE10D9F457869660000,1152,1600,
李安,https://www.gzszyy.com/expert/2026/WZdPZnaK.html,实采,,https://oss.gzszyy.com/20201016/100838253.jpg,01_试点医院/广州市中医院/照片/李安-骨伤科-主治中医师-广州市中医院.jpg,238996,9950c59cadd6f7f394b7e78f33b4cd309e51bfc5a082335c17f97b37ab869ee4,FFD8FFE10E4C457869660000,1152,1600,
秦启宁,https://www.gzszyy.com/expert/2026/YqaQ0Yen.html,实采,,https://oss.gzszyy.com/20201016/102008400.jpg,01_试点医院/广州市中医院/照片/秦启宁-骨伤科-医师-广州市中医院.jpg,210425,096bc12f8b2f414e38ae05760ab41c86044150df28ba2c1849fcc1b4c933a671,FFD8FFE10DFF457869660000,1152,1600,
梁浩东,https://www.gzszyy.com/expert/2026/y5eVP1bE.html,实采,,https://oss.gzszyy.com/20201016/102200605.jpg,01_试点医院/广州市中医院/照片/梁浩东-骨伤科-医师-广州市中医院.jpg,212237,7593ca7b42a7f1e6134d216afb7e631d68f6c48229102c4e692bda5d8cae418c,FFD8FFE10E3E457869660000,1152,1600,
黄鹏,https://www.gzszyy.com/expert/2026/APdRoReG.html,实采,,https://oss.gzszyy.com/20201016/102107953.jpg,01_试点医院/广州市中医院/照片/黄鹏-骨伤科-医师-广州市中医院.jpg,204725,6d5001476172b1fff1197e560b12535dc7a6f972fea9551576462b3df0648d45,FFD8FFE10DDC457869660000,1152,1600,
周沛,https://www.gzszyy.com/expert/2026/QBeXomdy.html,实采,,https://oss.gzszyy.com/20201016/095838907.jpg,01_试点医院/广州市中医院/照片/周沛-骨伤科-医师-广州市中医院.jpg,212906,3be6f1bb3fa061a11acc305e59ef331ec077ee17ce3ec1b022d2a8178442509c,FFD8FFE10DFD457869660000,1152,1600,
温俊贤,https://www.gzszyy.com/expert/2026/4QbYWpez.html,实采,,https://oss.gzszyy.com/20201016/095917317.jpg,01_试点医院/广州市中医院/照片/温俊贤-骨伤科-未标注-广州市中医院.jpg,213634,f2e2445f81c26add1f529420eb0a6008d06a10551496bb2b62e0440b04ccc185,FFD8FFE10E55457869660000,1152,1600,
周剑鹏,https://www.gzszyy.com/expert/2026/YQdJqobO.html,实采,,https://oss.gzszyy.com/20220207/095343373.jpg,01_试点医院/广州市中医院/照片/周剑鹏-骨伤科-主任医师-广州市中医院.jpg,210439,aba254941c1a2d7a9ea4e950a855a53df7c347b3a0ae331ea022834368dc1edb,FFD8FFE10E45457869660000,1152,1600,
徐铮,https://www.gzszyy.com/expert/2026/4zbqVRdp.html,实采,,https://oss.gzszyy.com/20240612/114702173.jpg,01_试点医院/广州市中医院/照片/徐铮-骨伤科-主任医师-广州市中医院.jpg,179162,8c5fa47a87e5df18f9d75b5dcd101180ef0600956677c1f66ec5c983a70854d5,FFD8FFE000104A4649460001,2000,1333,
付忠泉,https://www.gzszyy.com/expert/2026/3YaOEBdx.html,实采,,https://oss.gzszyy.com/20241104/075056773.jpg,01_试点医院/广州市中医院/照片/付忠泉-骨伤科-主任医师-广州市中医院.jpg,188175,1b4d5fd67630101815833548ac01a22de9711afe2833530455ee31d33a7a8201,FFD8FFE000104A4649460001,1466,2000,
冯庆辉,https://www.gzszyy.com/expert/2026/w9aAPzev.html,实采,,https://oss.gzszyy.com/20201016/100155300.jpg,01_试点医院/广州市中医院/照片/冯庆辉-骨伤科-未标注-广州市中医院.jpg,190561,ef7704f744046d9eba4272643d5345f6feae10323f5c98845ef1517603f57207,FFD8FFE10DB8457869660000,1152,1600,
张智琳,https://www.gzszyy.com/expert/2026/xkazvraJ.html,实采,,https://oss.gzszyy.com/20201016/102925627.jpg,01_试点医院/广州市中医院/照片/张智琳-急诊科-主任中医师-广州市中医院.jpg,218349,59ee75b314b8916ba5a96e08f310ac64833d995342961c7c4147664e7b9602a4,FFD8FFE10E37457869660000,1152,1600,
林宏,https://www.gzszyy.com/expert/2026/X7axnJdy.html,实采,,https://oss.gzszyy.com/20201016/102845388.jpg,01_试点医院/广州市中医院/照片/林宏-急诊科-主任中医师-广州市中医院.jpg,232082,561a84c0d93176cae3e1bfd3dbadf3da83d6eb259c6303fc0d9118d9d3b51e42,FFD8FFE10E2E457869660000,1152,1600,
范小红,https://www.gzszyy.com/expert/2026/zPdyoVaQ.html,实采,,https://oss.gzszyy.com/20201016/102635621.jpg,01_试点医院/广州市中医院/照片/范小红-急诊科-副主任中医师-广州市中医院.jpg,211311,fc644995c87233b1adad74db567f35eef9af2a11044c7185d688cd4126f025a6,FFD8FFE10D94457869660000,1152,1600,
王书浩,https://www.gzszyy.com/expert/2026/BDbD1Bdl.html,实采,,https://oss.gzszyy.com/20201016/103733739.jpg,01_试点医院/广州市中医院/照片/王书浩-急诊科-副主任中医师-广州市中医院.jpg,225479,76e7c8caab3ac44366dcec58881b766e2e9d8b6f13e2ab33ca3bf3ba3d5a96d0,FFD8FFE10E25457869660000,1152,1600,
谢慧君,https://www.gzszyy.com/expert/2026/9wdLJWaj.html,实采,,https://oss.gzszyy.com/20201016/103507510.jpg,01_试点医院/广州市中医院/照片/谢慧君-急诊科-副主任中医师-广州市中医院.jpg,217068,8c83fc310610d16d9edc2be3e951b77508e051c78978a4fb51ec17eb5d8ba7cf,FFD8FFE10F07457869660000,1152,1600,
肖曼,https://www.gzszyy.com/expert/2026/y1aKQzdQ.html,实采,,https://oss.gzszyy.com/20201016/103326302.jpg,01_试点医院/广州市中医院/照片/肖曼-急诊科-主治医师-广州市中医院.jpg,184994,81a73d918d8d75d17a73ef799fab272b8eba5c775a1af4edec114bf6bdd3c01f,FFD8FFE10E3F457869660000,1152,1600,
蔡飙,https://www.gzszyy.com/expert/2026/w9aANBbv.html,实采,,https://oss.gzszyy.com/20201016/102954993.jpg,01_试点医院/广州市中医院/照片/蔡飙-急诊科-主治中医师-广州市中医院.jpg,242305,5d43b094608c821e88dd47d5f24f2d1804d3ae1f240e2da60a8d177740c22cf5,FFD8FFE10F19457869660000,1152,1600,
陈亚勇,https://www.gzszyy.com/expert/2026/46dBNxd7.html,实采,,https://oss.gzszyy.com/20201016/102532920.jpg,01_试点医院/广州市中医院/照片/陈亚勇-急诊科-主治中医师-广州市中医院.jpg,212052,1f9359aa034d8428372213bcaafb548e0f031c5ee467b63bd6bc59c64534a684,FFD8FFE10D93457869660000,1152,1600,
孔祥照,https://www.gzszyy.com/expert/2026/4oeE8Nd0.html,实采,,https://oss.gzszyy.com/20201016/102603450.jpg,01_试点医院/广州市中医院/照片/孔祥照-急诊科-主治中医师-广州市中医院.jpg,201433,3036ab3277f83b056d4ec2d769b161d6ff8b3327a834f677907e1e9b94767986,FFD8FFE10DEF457869660000,1152,1600,
孙铄,https://www.gzszyy.com/expert/2026/YRdGvybD.html,实采,,https://oss.gzszyy.com/20201016/103205268.jpg,01_试点医院/广州市中医院/照片/孙铄-急诊科-主治中医师-广州市中医院.jpg,212976,545d236b0ff0d717625f59059100f40bdce473b9ecf3fb0ed0e050525423b3e6,FFD8FFE10DE5457869660000,1152,1600,
包婷婷,https://www.gzszyy.com/expert/2026/YQdJ8DaO.html,实采,,https://oss.gzszyy.com/20201016/102738952.jpg,01_试点医院/广州市中医院/照片/包婷婷-急诊科-医师-广州市中医院.jpg,209200,73f347d90fe82774887b178e12817b6fbdce5bce7c9d7ad22ea5dda910661c6f,FFD8FFE10E58457869660000,1152,1600,
王桂红,https://www.gzszyy.com/expert/2026/WZdPQleK.html,实采,,https://oss.gzszyy.com/20201016/103432774.jpg,01_试点医院/广州市中医院/照片/王桂红-急诊科-副主任医师-广州市中医院.jpg,196055,6a4ceba837f8070c70e4676379e2e0d2beddbd9fe4cc18135d790404a4b8a97f,FFD8FFE10E38457869660000,1152,1600,
吴金梅,https://www.gzszyy.com/expert/2026/J0dN0KaL.html,实采,,https://oss.gzszyy.com/20201016/103916144.jpg,01_试点医院/广州市中医院/照片/吴金梅-急诊科-住院医师-广州市中医院.jpg,232592,ea41168e72e0f9f56c9d0ef8c61bf15a0a57d76d4e2a49825e1c1e06d51dde1a,FFD8FFE10EB1457869660000,1152,1600,
罗刚,https://www.gzszyy.com/expert/2026/APdR10bG.html,实采,,https://oss.gzszyy.com/20201016/103546696.jpg,01_试点医院/广州市中医院/照片/罗刚-急诊科-住院医师-广州市中医院.jpg,175674,55627fb74e7929ead4000bb649dec6cf8100032c04ed581f3f1534f1b23c8d09,FFD8FFE10D95457869660000,1152,1600,
张林芳,https://www.gzszyy.com/expert/2026/N1aM1BaW.html,实采,,https://oss.gzszyy.com/20201016/105619624.jpg,01_试点医院/广州市中医院/照片/张林芳-急诊科-医师-广州市中医院.jpg,217295,e4b51e1706bd7e57853ffe6b9dd27ac18e070c62a4db3ab6ad767949a1fc3694,FFD8FFE10E2D457869660000,1152,1600,
魏星,https://www.gzszyy.com/expert/2026/3YaO8Gbx.html,实采,,https://oss.gzszyy.com/20201102/104907928.jpg,01_试点医院/广州市中医院/照片/魏星-急诊科-医师-广州市中医院.jpg,208127,72637b6923f0f75b4d8c583d1eb38ed3321f289eff1e00d7bab63dfa9b7dc0e7,FFD8FFE10DF4457869660000,1152,1600,
石文君,https://www.gzszyy.com/expert/2026/YqaQ7qdn.html,实采,,https://oss.gzszyy.com/20201016/103834474.jpg,01_试点医院/广州市中医院/照片/石文君-急诊科-医师-广州市中医院.jpg,202520,174bc13373fd0690e4fa5296bc6c56daa4bdfa1b2e6f765c418ce1c644fcab79,FFD8FFE10E3D457869660000,1152,1600,
肖珍科,https://www.gzszyy.com/expert/2026/KQe163aJ.html,实采,,https://oss.gzszyy.com/20201015/144234349.jpg,01_试点医院/广州市中医院/照片/肖珍科-麻醉科-副主任中医师-广州市中医院.jpg,294091,8ecce3a974e6d4cd2adaa7b60142a9cfc595cd346955982b59b21e7749eb1c89,FFD8FFE10E97457869660000,1152,1600,
陈陈燕,https://www.gzszyy.com/expert/2026/GRb462eB.html,实采,,https://oss.gzszyy.com/20201015/144838903.jpg,01_试点医院/广州市中医院/照片/陈陈燕-麻醉科-主治医师-广州市中医院.jpg,247524,74f57c2e10a46537ae4dddfd4fa5d80370a5a6f079e21f9055233a603f932c3e,FFD8FFE10EA2457869660000,1152,1600,
谭花,https://www.gzszyy.com/expert/2026/M7e57xb2.html,实采,,https://oss.gzszyy.com/20201015/143710607.jpg,01_试点医院/广州市中医院/照片/谭花-麻醉科-主治医师-广州市中医院.jpg,224899,94c20f89dce0a40c9fa6ba6196ae39be2452093090f0fd119efe128aa890ced2,FFD8FFE10DDD457869660000,1152,1600,
劳俊铭,https://www.gzszyy.com/expert/2026/K9b6W7dE.html,实采,,https://oss.gzszyy.com/20201015/143750440.jpg,01_试点医院/广州市中医院/照片/劳俊铭-麻醉科-医师-广州市中医院.jpg,214051,83eec472817451046c772bedf45e88eac6fece4f224ebf0e904ad5027fc48def,FFD8FFE10E0A457869660000,1152,1600,
刘栋,https://www.gzszyy.com/expert/2026/5xe79wb7.html,实采,,https://oss.gzszyy.com/20201015/143911201.jpg,01_试点医院/广州市中医院/照片/刘栋-麻醉科-医师-广州市中医院.jpg,219759,de24613089cca1f2f0adf1013abab19ef9a83fb41e415465f5857d70528bf7f4,FFD8FFE10E36457869660000,1152,1600,
潘伶俐,https://www.gzszyy.com/expert/2026/WPe99PeL.html,实采,,https://oss.gzszyy.com/20201015/144657684.jpg,01_试点医院/广州市中医院/照片/潘伶俐-麻醉科-医师-广州市中医院.jpg,271713,c5d557559cb870d1522c7aea0effdd07e9f6cb32da7e447592277a4538d721a0,FFD8FFE10D7E457869660000,1152,1600,
黄嘉瑜,https://www.gzszyy.com/expert/2026/nXe087ex.html,实采,,https://oss.gzszyy.com/20201015/144602116.jpg,01_试点医院/广州市中医院/照片/黄嘉瑜-麻醉科-医师-广州市中医院.jpg,319209,0cd9305465a98ef1d26b06b6f0d1e94d1a23a004de1cda26fe1e91e07bf6806b,FFD8FFE10DE9457869660000,1152,1600,
陈洲,https://www.gzszyy.com/expert/2026/jnegp9aw.html,实采,,https://oss.gzszyy.com/20201015/144522180.jpg,01_试点医院/广州市中医院/照片/陈洲-麻醉科-医师-广州市中医院.jpg,300423,3eefeb7d83d6df67c6ce1abdeacfb39f9c0739eae068de1946977e2bbf5e7670,FFD8FFE10E7A457869660000,1152,1600,
尧新华,https://www.gzszyy.com/expert/2026/oQeZ8vbp.html,实采,,https://oss.gzszyy.com/20201015/143638210.jpg,01_试点医院/广州市中医院/照片/尧新华-麻醉科-主任医师-广州市中医院.jpg,215501,4f959cb70ea74c8a53d78bd6a0633bd821ce839627068075c5c827ab324cb6ea,FFD8FFE10DCC457869660000,1152,1600,
鲁义,https://www.gzszyy.com/expert/2026/ELe36rd6.html,实采,,https://oss.gzszyy.com/20201015/143828933.jpg,01_试点医院/广州市中医院/照片/鲁义-麻醉科-主任医师-广州市中医院.jpg,210562,6827efb2c260570792854d4bfe36e6a836eedcb806b740b6a06419e217547bf7,FFD8FFE10DFB457869660000,1152,1600,
王保,https://www.gzszyy.com/expert/2026/5xe7AGb7.html,实采,,https://oss.gzszyy.com/20230904/172028223.jpg,01_试点医院/广州市中医院/照片/王保-麻醉科-主任医师-广州市中医院.jpg,224713,15a60853ef0e0c162c66f98dd5cc962584110d8616701ca92e98ac70bfbb0988,FFD8FFE10E74457869660000,1152,1600,
周朴,https://www.gzszyy.com/expert/2026/Jrb28JeW.html,实采,,https://oss.gzszyy.com/20201015/143943949.jpg,01_试点医院/广州市中医院/照片/周朴-麻醉科-主任医师-广州市中医院.jpg,214251,6253033767cd328407efc8300a0bf98d8eaa1f21b8dcf7751494ac3de6edd0a0,FFD8FFE10DE7457869660000,1152,1600,
于林,https://www.gzszyy.com/expert/2026/oQeZw2ap.html,实采,,https://oss.gzszyy.com/20241113/112730574.jpg,01_试点医院/广州市中医院/照片/于林-睡眠心理科-主任中医师-广州市中医院.jpg,268616,81d7ce6accabdf6ed6e1a389b1295d5514ec7c2a0fd8e7b398b0cfee38f75690,FFD8FFE10F1D457869660000,1152,1600,
张红玉,https://www.gzszyy.com/expert/2026/Jrb2gjdW.html,实采,,https://oss.gzszyy.com/20241113/113428437.jpg,01_试点医院/广州市中医院/照片/张红玉-睡眠心理科-主治医师-广州市中医院.jpg,297872,2b2c58eb0c6f714e2ae6cb5858b6114a68c5355d167b064b0b67528435a0fd91,FFD8FFE000104A4649460001,2000,2000,
王若愚,https://www.gzszyy.com/expert/2026/KQe1Y0eJ.html,实采,,https://oss.gzszyy.com/20241113/113247927.jpg,01_试点医院/广州市中医院/照片/王若愚-睡眠心理科-主治中医师-广州市中医院.jpg,173443,b1bf1dc7b14cae2cc9610e26909956b6f1b4bad2198e99aaa92394fa63b4009c,FFD8FFE000104A4649460001,2000,1333,
刘恩益,https://www.gzszyy.com/expert/2026/ELe3j4d6.html,实采,,https://oss.gzszyy.com/20241113/155705902.jpg,01_试点医院/广州市中医院/照片/刘恩益-睡眠心理科-主任医师-广州市中医院.jpg,47589,0211565151c1f2f4da03fec7390f6e103f73018750e4ad67bd8732bec9cf47a1,FFD8FFE000104A4649460001,1125,750,
高三德,https://www.gzszyy.com/expert/2026/QBeXY8ay.html,实采,,https://oss.gzszyy.com/20260401/083753870.png,01_试点医院/广州市中医院/照片/高三德-治未病科-主任中医师-广州市中医院.png,1280748,c493de427a5bdcb2e4a1ce3851cb4feaad13cc51112751194e46d55956765b76,89504E470D0A1A0A0000000D,595,537,
杜文坚,https://www.gzszyy.com/expert/2026/LDdw0Je1.html,实采,,https://oss.gzszyy.com/20201015/145239460.jpg,01_试点医院/广州市中医院/照片/杜文坚-治未病科-副主任中医师-广州市中医院.jpg,213514,9a31cb35f3deaff301f2f70fa55540cdb310c97f6bd83aa7e8bbd63991531600,FFD8FFE10E4B457869660000,1152,1600,
田晓航,https://www.gzszyy.com/expert/2026/ELe3Y4b6.html,实采,,https://oss.gzszyy.com/20260401/095558755.png,01_试点医院/广州市中医院/照片/田晓航-治未病科-主治中医师-广州市中医院.png,445853,4bac927d7f170e63c386bac55fdb764e2736ee45488df21a865fb9a30bd874c3,89504E470D0A1A0A0000000D,960,1218,
魏赈权,https://www.gzszyy.com/expert/2026/KQe1V0aJ.html,实采,,https://oss.gzszyy.com/20260401/092219889.png,01_试点医院/广州市中医院/照片/魏赈权-治未病科-主治中医师-广州市中医院.png,587916,94c00a905f3433794ab52671af579753a80097b0c6b349ea623590b6df7aeff8,89504E470D0A1A0A0000000D,1729,1280,
潘雨薇,https://www.gzszyy.com/expert/2026/oQeZZ2ep.html,实采,,https://oss.gzszyy.com/20260401/091751655.png,01_试点医院/广州市中医院/照片/潘雨薇-治未病科-主治中医师-广州市中医院.png,1187156,d9aeaa6450f83dbf6805eb3882ce5ed184a2a01ae316e03916607b1c6005b0a7,89504E470D0A1A0A0000000D,583,508,
李国栋,https://www.gzszyy.com/expert/2026/LDdwEga1.html,实采,,https://oss.gzszyy.com/20240826/143402858.jpg,01_试点医院/广州市中医院/照片/李国栋-治未病科-主治中医师-广州市中医院.jpg,92215,c4cfa21a6dcd8cd8810292800d275970b56c7fe998884b1807ab21d35bbe5069,FFD8FFE000104A4649460001,1280,1348,
黄自浩,https://www.gzszyy.com/expert/2026/l9avYLeG.html,实采,,https://oss.gzszyy.com/20240826/142754518.jpg,01_试点医院/广州市中医院/照片/黄自浩-治未病科-主治中医师-广州市中医院.jpg,87944,67f76130a90bec0679182f092024f942ae99f6c367dab35c17c4d95c88545c5b,FFD8FFE000104A4649460001,1080,720,
刘玉,https://www.gzszyy.com/expert/2026/WZdPMyeK.html,实采,,https://oss.gzszyy.com/20241113/102042136.jpg,01_试点医院/广州市中医院/照片/刘玉-治未病科-医师-广州市中医院.jpg,212255,ac5b8c915fb1c64be213fadaf1c39e2e37cb503891e594d1989c9109206cdca2,FFD8FFE000104A4649460001,1999,1333,
陈群雄,https://www.gzszyy.com/expert/2026/l9avQVeG.html,实采,,https://oss.gzszyy.com/20201015/145158792.jpg,01_试点医院/广州市中医院/照片/陈群雄-体检科-副主任中医师-广州市中医院.jpg,219313,84efbc24927c32f6041c6edce8a461a8d9ca9033a29edaf38e0e71bc6dfaf706,FFD8FFE10E6E457869660000,1152,1600,
刘淑果,https://www.gzszyy.com/expert/2026/LDdwVwb1.html,实采,,https://oss.gzszyy.com/20201014/084032930.jpg,01_试点医院/广州市中医院/照片/刘淑果-体检科-主治中医师-广州市中医院.jpg,208217,5a7bb1aeb333dd8dd60a1f4b64de344a702c5416fa1d71442d1317dc923bea12,FFD8FFE10E37457869660000,1152,1600,
马万里,https://www.gzszyy.com/expert/2026/K9b6X9eE.html,实采,,https://oss.gzszyy.com/20201015/145636643.jpg,01_试点医院/广州市中医院/照片/马万里-皮肤科-主任中医师-广州市中医院.jpg,220737,0cc4584e23ee156177121e425a01920a889876b46e7bdb72f5e605f5a5153814,FFD8FFE10EA0457869660000,1152,1600,
潘慧宜,https://www.gzszyy.com/expert/2026/5xe71Ab7.html,实采,,https://oss.gzszyy.com/20201015/145854969.jpg,01_试点医院/广州市中医院/照片/潘慧宜-皮肤科-副主任中医师-广州市中医院.jpg,206077,9afba60ffbcd989645ecadea6521e1afe09cd8b32fb40abf7795dd47e9e183d7,FFD8FFE10E5A457869660000,1152,1600,
刘敏怡,https://www.gzszyy.com/expert/2026/WPe913eL.html,实采,,https://oss.gzszyy.com/20220207/113008326.jpg,01_试点医院/广州市中医院/照片/刘敏怡-皮肤科-副主任中医师-广州市中医院.jpg,209424,d23a238444063ebeae572ab262570b72fb14ffa2adb21e6e3e12669b7fa9226b,FFD8FFE10DD5457869660000,1152,1600,
谢凌鹏,https://www.gzszyy.com/expert/2026/LDdwngb1.html,实采,,https://oss.gzszyy.com/20250514/095422578.jpg,01_试点医院/广州市中医院/照片/谢凌鹏-皮肤科-主治医师-广州市中医院.jpg,273011,73de0a293731a3b2a02ef875aff4bbde4429627cbbafaa630526fdbd622335f2,FFD8FFE112B7457869660000,1533,1999,
蒋淑明,https://www.gzszyy.com/expert/2026/Vyb81odv.html,实采,,https://oss.gzszyy.com/20201015/145934851.jpg,01_试点医院/广州市中医院/照片/蒋淑明-皮肤科-主治中医师-广州市中医院.jpg,224832,ab1041b5c4778fbe449b81bac9a96c5b959fd149dce3b593610c6c31e5ee4bd7,FFD8FFE10ECE457869660000,1152,1600,
乐元,https://www.gzszyy.com/expert/2026/jnegxZaw.html,实采,,https://oss.gzszyy.com/20240612/144326821.jpg,01_试点医院/广州市中医院/照片/乐元-皮肤科-主治中医师-广州市中医院.jpg,181317,6b1da065cb7afdb18ef47b7b1280a664cc856a5f71a2837b9830dfcdcb376c15,FFD8FFE000104A4649460001,2000,1333,
张蓉,https://www.gzszyy.com/expert/2026/jnegZ6dw.html,实采,,https://oss.gzszyy.com/20201015/145713986.jpg,01_试点医院/广州市中医院/照片/张蓉-皮肤科-主治中医师-广州市中医院.jpg,188479,275b6cd7684ac7d999e964b3513e7fe330bab524c7c0a39e080c1b6e46449a1e,FFD8FFE10DF6457869660000,1152,1600,
张丽,https://www.gzszyy.com/expert/2026/MYerEBdO.html,实采,,https://oss.gzszyy.com/20240725/155320110.jpg,01_试点医院/广州市中医院/照片/张丽-皮肤科-副主任医师-广州市中医院.jpg,165286,151d7f76250224b97fba5b662cd3daaad77381ac25c23cb2d7eed44dcdcba714,FFD8FFE000104A4649460001,2000,1333,
杨波涛,https://www.gzszyy.com/expert/2026/WPe924aL.html,实采,,https://oss.gzszyy.com/20240419/091540259.jpg,01_试点医院/广州市中医院/照片/杨波涛-皮肤科-副主任医师-广州市中医院.jpg,97388,1b1eb3d10cbdfa625322a53729c07d75e1873ec865c479c4ea6ab959bc4cd7c8,FFD8FFE000104A4649460001,1255,1103,
陈绮蕾,https://www.gzszyy.com/expert/2026/nXe0YXax.html,实采,,https://oss.gzszyy.com/20201015/150451132.jpg,01_试点医院/广州市中医院/照片/陈绮蕾-皮肤科-医师-广州市中医院.jpg,192213,f5c96f2e4f44b542b2ccbed3e99699ab123e754d8234240c27823041584b4831,FFD8FFE10F25457869660000,1152,1600,
温璞,https://www.gzszyy.com/expert/2026/KQe1WjbJ.html,实采,,https://oss.gzszyy.com/20210708/112248701.jpg,01_试点医院/广州市中医院/照片/温璞-口腔科-副主任中医师-广州市中医院.jpg,209724,b9175ee567eaab15d92ff4e17e2558e334b44af18ba2b1332e1bf444ddb6d3fd,FFD8FFE10E22457869660000,1152,1600,
吴琴艳,https://www.gzszyy.com/expert/2026/Jrb2xveW.html,实采,,https://oss.gzszyy.com/20201015/151704135.jpg,01_试点医院/广州市中医院/照片/吴琴艳-口腔科-副主任中医师-广州市中医院.jpg,228426,beff4fa2a436481dd35ab8405e21426ba9c48463f75c171cccea0cff13436736,FFD8FFE10E20457869660000,1152,1600,
孔羽,https://www.gzszyy.com/expert/2026/ELe3QQb6.html,实采,,https://oss.gzszyy.com/20201015/151815386.jpg,01_试点医院/广州市中医院/照片/孔羽-口腔科-主治医师-广州市中医院.jpg,212042,662c83fed7b7bae8d25b4d975300d059b290ee77e1d9a432609816875f187e4a,FFD8FFE10FDC457869660000,1152,1600,
宋亚平,https://www.gzszyy.com/expert/2026/GRb4Q6dB.html,实采,,https://oss.gzszyy.com/20210708/112645471.jpg,01_试点医院/广州市中医院/照片/宋亚平-口腔科-医师-广州市中医院.jpg,36238,c1761d626a99e6871afdefb907df0cb3f0722d50ef6222beea7dda29b390f97e,FFD8FFE10166457869660000,413,626,
李佳芮,https://www.gzszyy.com/expert/2026/lNbWw4by.html,实采,,https://oss.gzszyy.com/20241113/103025696.jpg,01_试点医院/广州市中医院/照片/李佳芮-口腔科-医师-广州市中医院.jpg,224542,4d12c17c89ecdc3956d9103a8b43ce93c0c89c3c3769b46c6f0b91993de534e3,FFD8FFE000104A4649460001,2000,1333,
李煦,https://www.gzszyy.com/expert/2026/APdRMzbG.html,实采,,https://oss.gzszyy.com/20241113/102804496.jpg,01_试点医院/广州市中医院/照片/李煦-口腔科-医师-广州市中医院.jpg,172474,d1aa3364335fb331055e3ed5bf311da714ea0958bdd67e9d8a721a0b357c07b5,FFD8FFE000104A4649460001,2000,1333,
黄淇,https://www.gzszyy.com/expert/2026/YQdJY9bO.html,实采,,https://oss.gzszyy.com/20241017/092821382.jpg,01_试点医院/广州市中医院/照片/黄淇-口腔科-医师-广州市中医院.jpg,175631,4ae247bc909086fd59dfdb285d9a59121cfbad3a9d164e7096525c72d8cd91ad,FFD8FFE000104A4649460001,2000,1333,
项琳怡,https://www.gzszyy.com/expert/2026/Mvbm2EdY.html,实采,,https://oss.gzszyy.com/20240612/150408522.jpg,01_试点医院/广州市中医院/照片/项琳怡-口腔科-副主任医师-广州市中医院.jpg,197049,eeae8da274e5646019e9daaf3ba8a84a3a7a5c3a73c5a5f6ac247c83be454986,FFD8FFE000104A4649460001,2000,1333,
彭冲,https://www.gzszyy.com/expert/2026/openYYd7.html,实采,,https://oss.gzszyy.com/20240612/150521684.jpg,01_试点医院/广州市中医院/照片/彭冲-口腔科-副主任医师-广州市中医院.jpg,185754,3aacec055a195b8a3d11decc1b4940a68c05528161388e9d0956c89577e64059,FFD8FFE000104A4649460001,2000,1333,
陈传耀,https://www.gzszyy.com/expert/2026/oQeZY6dp.html,实采,,https://oss.gzszyy.com/20210708/112623356.jpg,01_试点医院/广州市中医院/照片/陈传耀-口腔科-主任医师-广州市中医院.jpg,23322,19f907c26a478395574f7b3ba546ea8e3836fceb28e39eafbfec93fdc445dfa8,FFD8FFE1055B457869660000,295,413,
孙璇,https://www.gzszyy.com/expert/2026/y5eV5BdE.html,实采,,https://oss.gzszyy.com/20241113/102927860.jpg,01_试点医院/广州市中医院/照片/孙璇-口腔科-未标注-广州市中医院.jpg,211463,285844f19424cf06877866b03913ed796e8ebe92d20c153218eea369a63d56d0,FFD8FFE000104A4649460001,2000,1333,
杜红彦,https://www.gzszyy.com/expert/2026/pmbk8Xdz.html,实采,,https://oss.gzszyy.com/20201015/152302868.jpg,01_试点医院/广州市中医院/照片/杜红彦-眼科-主任中医师-广州市中医院.jpg,221636,8c24bf203e4c2c6a8b6af76b8c93c35b04c0e13dfd32393278100bb65aa24745,FFD8FFE10E27457869660000,1152,1600,
王蓉,https://www.gzszyy.com/expert/2026/olejZ5ej.html,实采,,https://oss.gzszyy.com/20201015/152043479.jpg,01_试点医院/广州市中医院/照片/王蓉-眼科-主任中医师-广州市中医院.jpg,260499,684064f22942438ca3938f08caa82601c964756e80af376b9ac610d33813fd36,FFD8FFE10EBF457869660000,1152,1600,
骆煌,https://www.gzszyy.com/expert/2026/MvbmO0eY.html,实采,,https://oss.gzszyy.com/20201015/152108300.jpg,01_试点医院/广州市中医院/照片/骆煌-眼科-副主任中医师-广州市中医院.jpg,230473,8dfd64337ee5ed7d210f07e62eca1f32eb9646b0c0545cb4ebfbb0ab67cd738e,FFD8FFE10E20457869660000,1152,1600,
谢晓燕,https://www.gzszyy.com/expert/2026/JxboVKag.html,实采,,https://oss.gzszyy.com/20201015/152654315.jpg,01_试点医院/广州市中医院/照片/谢晓燕-眼科-主治医师-广州市中医院.jpg,242619,bffd677b737a33e970115ccc3e97701d58c5996cd9a1bd1a69e5e46260b8a3f5,FFD8FFE10F01457869660000,1152,1600,
闫冉,https://www.gzszyy.com/expert/2026/8mep86eM.html,实采,,https://oss.gzszyy.com/20201015/152754817.jpg,01_试点医院/广州市中医院/照片/闫冉-眼科-主治中医师-广州市中医院.jpg,209649,f90a18d84dc781e820c026bc1cd87928bf2e16ee6e9aacaded2e5c1373e61fba,FFD8FFE10E86457869660000,1152,1600,
简月玲,https://www.gzszyy.com/expert/2026/openxlb7.html,实采,,https://oss.gzszyy.com/20201015/152505682.jpg,01_试点医院/广州市中医院/照片/简月玲-眼科-医师-广州市中医院.jpg,278528,9f4bb3a66113ed35a1671585ab787c961f542b12f2569edf704c56dd31dc1bfc,FFD8FFE10FCE457869660000,1152,1600,
陈伟豪,https://www.gzszyy.com/expert/2026/y1aKYldQ.html,实采,,https://oss.gzszyy.com/20241017/093100992.jpg,01_试点医院/广州市中医院/照片/陈伟豪-眼科-医师-广州市中医院.jpg,164378,bc027e7d235e9b80c9542ca2f323ae47c444776e3b31488354bbded4bbfbae83,FFD8FFE000104A4649460001,2000,1333,
张瑜,https://www.gzszyy.com/expert/2026/9wdLYpej.html,实采,,https://oss.gzszyy.com/20241017/093333820.jpg,01_试点医院/广州市中医院/照片/张瑜-眼科-医师-广州市中医院.jpg,179532,c57266d5915734f479d56c616a234b9b27e159c81e15e38d3865e47a94ac97f4,FFD8FFE000104A4649460001,2000,1333,
王怡,https://www.gzszyy.com/expert/2026/YqaQNMbn.html,实采,,https://oss.gzszyy.com/20241113/102536811.jpg,01_试点医院/广州市中医院/照片/王怡-眼科-副主任医师-广州市中医院.jpg,222088,52d5dce06da1dafbfb77d14fc722e7114a921fb1d465b3b8666b5db994720139,FFD8FFE000104A4649460001,2000,1333,
李建良,https://www.gzszyy.com/expert/2026/pnelx6eK.html,实采,,https://oss.gzszyy.com/20201015/152535653.jpg,01_试点医院/广州市中医院/照片/李建良-眼科-主任医师-广州市中医院.jpg,240709,44b2238b24092fbdcbca4aaf8a9e2d74b3f23d6ba6aeb7b41e6d723a559fee22,FFD8FFE10E9E457869660000,1152,1600,
江坚,https://www.gzszyy.com/expert/2026/M7e59Re2.html,实采,,https://oss.gzszyy.com/20201015/153000621.jpg,01_试点医院/广州市中医院/照片/江坚-耳鼻喉科-主任中医师-广州市中医院.jpg,235232,16ac02ee6f60a096b644b3f816808fa39a7cd72e80511a408d993974be8faa86,FFD8FFE10F82457869660000,1152,1600,
郑妮亚,https://www.gzszyy.com/expert/2026/ELe39nb6.html,实采,,https://oss.gzszyy.com/20201015/153029405.jpg,01_试点医院/广州市中医院/照片/郑妮亚-耳鼻喉科-副主任中医师-广州市中医院.jpg,222936,c53e432f777cbb202a6cd4bea78d4be36302b0fdc6060d9764b9b0b687ce6e8e,FFD8FFE10F1D457869660000,1152,1600,
黄丽燕,https://www.gzszyy.com/expert/2026/Jrb29PaW.html,实采,,https://oss.gzszyy.com/20201015/153118589.jpg,01_试点医院/广州市中医院/照片/黄丽燕-耳鼻喉科-主治中医师-广州市中医院.jpg,260161,e8887bb0884657c310b7b3dddfbe4e30f9120a71d4a0f6d9cdfba71c9279927d,FFD8FFE11027457869660000,1152,1600,
周雪,https://www.gzszyy.com/expert/2026/Vyb86oev.html,实采,,https://oss.gzszyy.com/20201015/153155836.jpg,01_试点医院/广州市中医院/照片/周雪-耳鼻喉科-主治中医师-广州市中医院.jpg,207617,52880908d89c85e670e7a5738ec8323291fa197d7ddb490c63b3130d9798a9b1,FFD8FFE10E16457869660000,1152,1600,
徐宁聪,https://www.gzszyy.com/expert/2026/N1aMEPaW.html,实采,,https://oss.gzszyy.com/20241017/093621530.jpg,01_试点医院/广州市中医院/照片/徐宁聪-耳鼻喉科-主治中医师-广州市中医院.jpg,192541,642c3eecea7fa493a0fbb649737ca0872c1993531d0c4499b35fde02f4d3a86e,FFD8FFE000104A4649460001,2000,1333,
杨晓倩,https://www.gzszyy.com/expert/2026/9wdLApej.html,实采,,https://oss.gzszyy.com/20251014/141532501.jpg,01_试点医院/广州市中医院/照片/杨晓倩-耳鼻喉科-医师-广州市中医院.jpg,244052,137969cb1f19b0ba9310351fec35c0d84a9e813a671895f1a940383293383d55,FFD8FFE118FD457869660000,1984,2000,
周宇,https://www.gzszyy.com/expert/2026/X7axVzdy.html,实采,,https://oss.gzszyy.com/20240826/143533239.jpg,01_试点医院/广州市中医院/照片/周宇-耳鼻喉科-医师-广州市中医院.jpg,171900,6c4aa98c6b1cfbb47f9566d8795f3a831f4a4d78a5445b8af5e1b301fa674775,FFD8FFE000104A4649460001,1152,1600,
彭庆源,https://www.gzszyy.com/expert/2026/N1aM7PdW.html,实采,,https://oss.gzszyy.com/20251014/141645193.jpg,01_试点医院/广州市中医院/照片/彭庆源-耳鼻喉科-医师-广州市中医院.jpg,308952,e59d31ef5102c196dfb201b119ab17bb44b068ab928a622eeed3a487c56eed1d,FFD8FFE000104A4649460001,1607,2000,
徐艳玲,https://www.gzszyy.com/expert/2026/y1aKAldQ.html,实采,,https://oss.gzszyy.com/20251014/141407782.jpg,01_试点医院/广州市中医院/照片/徐艳玲-耳鼻喉科-医师-广州市中医院.jpg,66304,f0139056a7a60f7878985ef0233009a86b558adbf15f867e88579854798285ee,FFD8FFE000104A4649460001,1280,1920,
马卫东,https://www.gzszyy.com/expert/2026/M7e5yBe2.html,实采,,https://oss.gzszyy.com/20201016/110530982.jpg,01_试点医院/广州市中医院/照片/马卫东-针灸康复科-主任中医师-广州市中医院.jpg,226553,1a71d0bb545b396e1be4a2a24486c35b433bd82f3a3ecfda9ea1bd83d434e7d0,FFD8FFE10DE2457869660000,1152,1600,
明康文,https://www.gzszyy.com/expert/2026/nXe09Gax.html,实采,,https://oss.gzszyy.com/20240419/094933606.jpg,01_试点医院/广州市中医院/照片/明康文-针灸康复科-主任中医师-广州市中医院.jpg,211230,1a856de641de2ebf6caafac9db8e2896798a8a421bcd71f3210813dee3583eb6,FFD8FFE10DEB457869660000,1152,1600,
黎崖冰,https://www.gzszyy.com/expert/2026/GRb4x1bB.html,实采,,https://oss.gzszyy.com/20201016/111111698.jpg,01_试点医院/广州市中医院/照片/黎崖冰-针灸康复科-主任中医师-广州市中医院.jpg,205378,8c78d8f9507bfa2e8d36237443bb2a737ee11ba237f39dde59e40977be05f0dd,FFD8FFE10E0E457869660000,1152,1600,
黄应杰,https://www.gzszyy.com/expert/2026/WZdPYleK.html,实采,,https://oss.gzszyy.com/20201016/110329335.jpg,01_试点医院/广州市中医院/照片/黄应杰-针灸康复科-主任中医师-广州市中医院.jpg,212664,ce6c247cfb02b311132a5098e1da1274c177bfa66f90263dda25d3ce666d0263,FFD8FFE10E83457869660000,1152,1600,
段渊,https://www.gzszyy.com/expert/2026/GRb4WgaB.html,实采,,https://oss.gzszyy.com/20260420/081430432.jpg,01_试点医院/广州市中医院/照片/段渊-针灸康复科-副主任中医师-广州市中医院.jpg,224811,44a1baffaf05bf23104e9c3ed9213dc2e19b3d60f8a899cc2b50be782369735b,FFD8FFE101E6457869660000,2000,1769,
赵明昂,https://www.gzszyy.com/expert/2026/J0dNYLbL.html,实采,,https://oss.gzszyy.com/20201015/162558661.jpg,01_试点医院/广州市中医院/照片/赵明昂-针灸康复科-副主任中医师-广州市中医院.jpg,208763,43c4f024aba6c38b25655029e286d00ec5be10a59045ce3e25bb68c6d5a1c9b5,FFD8FFE10D8A457869660000,1152,1600,
曹湘萍,https://www.gzszyy.com/expert/2026/WPe9rxaL.html,实采,,https://oss.gzszyy.com/20220207/111610705.jpg,01_试点医院/广州市中医院/照片/曹湘萍-针灸康复科-副主任中医师-广州市中医院.jpg,206073,b9e359ceb112b5abf1d9fc86d49c423efbcf1c5fd7cdc0b597f832bbd6911a6f,FFD8FFE10DE7457869660000,1152,1600,
李良,https://www.gzszyy.com/expert/2026/nXe0Rvbx.html,实采,,https://oss.gzszyy.com/20220207/111635598.jpg,01_试点医院/广州市中医院/照片/李良-针灸康复科-副主任中医师-广州市中医院.jpg,215298,e08f0fd192bc08fd665bf144ee7162f9e388a3564c9758ff0adb23fa0cfef6b4,FFD8FFE10DA3457869660000,1152,1600,
张万清,https://www.gzszyy.com/expert/2026/jneg5Ybw.html,实采,,https://oss.gzszyy.com/20220207/112607612.jpg,01_试点医院/广州市中医院/照片/张万清-针灸康复科-副主任中医师-广州市中医院.jpg,211621,0c1f26bf5fec51b4132fbbe5155c74862e45e88f241410325ca8e3711ada15d6,FFD8FFE10D6B457869660000,1152,1600,
柴芳芳,https://www.gzszyy.com/expert/2026/Jxbojzag.html,实采,,https://oss.gzszyy.com/20201015/160200967.jpg,01_试点医院/广州市中医院/照片/柴芳芳-针灸康复科-副主任中医师-广州市中医院.jpg,191377,2d3aaf2de187b71d9628687cd3ce32fd7e1949b762cbbf5d79f96726a4abbae4,FFD8FFE10E3A457869660000,1152,1600,
陈振兴,https://www.gzszyy.com/expert/2026/pmbk55ez.html,实采,,https://oss.gzszyy.com/20220207/112715884.jpg,01_试点医院/广州市中医院/照片/陈振兴-针灸康复科-副主任中医师-广州市中医院.jpg,205996,da79f033d120d91e8a0d44602c351a6da36b19761513c96f6298ee934761d7fa,FFD8FFE10DD8457869660000,1152,1600,
李富铭,https://www.gzszyy.com/expert/2026/olejvYej.html,实采,,https://oss.gzszyy.com/20240612/144535850.jpg,01_试点医院/广州市中医院/照片/李富铭-针灸康复科-主治医师-广州市中医院.jpg,196390,b3fac49bf10a6321d1bb7e58e911bbdbf4728453a7e22ba00256b5ac75c68f5d,FFD8FFE000104A4649460001,2000,1333,
王梦华,https://www.gzszyy.com/expert/2026/BDbDwAal.html,实采,,https://oss.gzszyy.com/20250624/152729893.jpg,01_试点医院/广州市中医院/照片/王梦华-针灸康复科-主治中医师-广州市中医院.jpg,225129,c60825f2f8159c23b32a38f04cdbfa935fb057aa49c1ba1570e8b7d19131453b,FFD8FFE11C7B457869660000,2000,1333,
张玉辉,https://www.gzszyy.com/expert/2026/xkazn7aJ.html,实采,,https://oss.gzszyy.com/20201015/153626713.jpg,01_试点医院/广州市中医院/照片/张玉辉-普通内科-主任医师-广州市中医院.jpg,234872,486a5305a9f810a6ed9462dfca6bddb6a270b6cc2855faf5cd9cfc8001b179a3,FFD8FFE10D7A457869660000,1152,1600,
杨周瑞,https://www.gzszyy.com/expert/2026/zPdymwdQ.html,实采,,https://oss.gzszyy.com/20201015/153425220.jpg,01_试点医院/广州市中医院/照片/杨周瑞-普通内科-主任中医师-广州市中医院.jpg,244954,8dfabfebbe6e29fce0c5a0d09794f0551376a9be92f6a8aab2a9675f9dc280ba,FFD8FFE10EE5457869660000,1152,1600,
邹爱萍,https://www.gzszyy.com/expert/2026/X7ax6Jdy.html,实采,,https://oss.gzszyy.com/20201015/145401529.jpg,01_试点医院/广州市中医院/照片/邹爱萍-普通内科-副主任中医师-广州市中医院.jpg,220560,0b42142d609ccb80f84eb50ec94ee8aad7425cdee6ace6f46f042a728ef72f11,FFD8FFE10DF5457869660000,1152,1600,
谭锦培,https://www.gzszyy.com/expert/2026/X7axlnay.html,实采,,https://oss.gzszyy.com/20201015/153458570.jpg,01_试点医院/广州市中医院/照片/谭锦培-普通内科-副主任中医师-广州市中医院.jpg,210431,7ffa0fbdc756d72cb02e8a72e5dab394c73e0f1757daa77d491852f4285a3652,FFD8FFE10D34457869660000,1152,1600,
郑婕,https://www.gzszyy.com/expert/2026/N1aMJQbW.html,实采,,https://oss.gzszyy.com/20201015/162337997.jpg,01_试点医院/广州市中医院/照片/郑婕-同德综合门诊部-主任中医师-广州市中医院.jpg,210713,77256bc078cab18758e8be30476a56e28a7e00d9a82467f18ad8669720941361,FFD8FFE10DE8457869660000,1152,1600,
徐志坚,https://www.gzszyy.com/expert/2026/zPdywVaQ.html,实采,,https://oss.gzszyy.com/20201015/162129967.jpg,01_试点医院/广州市中医院/照片/徐志坚-同德综合门诊部-副主任中医师-广州市中医院.jpg,214836,a753b470793532bb1c39af667ca74bd7af5ffab3ffa5529bacf1d6c208ed2183,FFD8FFE10DBE457869660000,1152,1600,
高文凯,https://www.gzszyy.com/expert/2026/46dBrxd7.html,实采,,https://oss.gzszyy.com/20201015/163118999.jpg,01_试点医院/广州市中医院/照片/高文凯-同德综合门诊部-副主任中医师-广州市中医院.jpg,212975,b9d4c499b25f2b2cf51d96c26c24fe804544458c05231ea925f693f31b9c1dbd,FFD8FFE10DC9457869660000,1152,1600,
周俐,https://www.gzszyy.com/expert/2026/BDbDqBdl.html,实采,,https://oss.gzszyy.com/20201015/163052940.jpg,01_试点医院/广州市中医院/照片/周俐-同德综合门诊部-副主任中医师-广州市中医院.jpg,201705,c143e3c1d5385394db50002e1260e6c3aa34163bbb626ef643cb9ba6c17b9729,FFD8FFE10DBE457869660000,1152,1600,
沈蓉,https://www.gzszyy.com/expert/2026/xkaz6raJ.html,实采,,https://oss.gzszyy.com/20201015/162307354.jpg,01_试点医院/广州市中医院/照片/沈蓉-同德综合门诊部-主治医师-广州市中医院.jpg,243070,0522c9b9d7eff3cca472724e8ee3905964e74461fe8ce2d56f4036e9f8fb3434,FFD8FFE10F42457869660000,1152,1600,
陈莉,https://www.gzszyy.com/expert/2026/4oeEqNe0.html,实采,,https://oss.gzszyy.com/20201015/162235209.jpg,01_试点医院/广州市中医院/照片/陈莉-同德综合门诊部-主治医师-广州市中医院.jpg,205804,ce605e8674bbbaecd28aac7fe8cf2c34749a41d02e40953751fd76034f031319,FFD8FFE10EC5457869660000,1152,1600,
肖春,https://www.gzszyy.com/expert/2026/9wdLvgaj.html,实采,,https://oss.gzszyy.com/20201015/163024579.jpg,01_试点医院/广州市中医院/照片/肖春-同德综合门诊部-主治中医师-广州市中医院.jpg,224509,1289afd05968662ee017f9b49dfd4fca56393061c2c4e632fe0a27d5066200ef,FFD8FFE10FF0457869660000,1152,1600,
揭英柱,https://www.gzszyy.com/expert/2026/WZdPzzaK.html,实采,,https://oss.gzszyy.com/20201015/162714705.jpg,01_试点医院/广州市中医院/照片/揭英柱-同德综合门诊部-主治中医师-广州市中医院.jpg,193853,9bfabbf6bd4813bc035049695a7b448c3cede5a5a8f06adbe0470e82531c52d2,FFD8FFE10DAE457869660000,1152,1600,
官娜,https://www.gzszyy.com/expert/2026/YqaQ67bn.html,实采,,https://oss.gzszyy.com/20201015/162409167.jpg,01_试点医院/广州市中医院/照片/官娜-同德综合门诊部-主治中医师-广州市中医院.jpg,220368,84d8bf36bea16e5ea553e062b702e20c7f533cb20769c19ec0cfe762078808de,FFD8FFE10F0A457869660000,1152,1600,
廖堪善,https://www.gzszyy.com/expert/2026/lNbW8Xdy.html,实采,,https://oss.gzszyy.com/20201015/171316830.jpg,01_试点医院/广州市中医院/照片/廖堪善-同德综合门诊部-主治中医师-广州市中医院.jpg,198738,508b5b2a676617e4cdc735c5a7d75794a72142f4071fa6de2865178e05992d33,FFD8FFE10DD1457869660000,1152,1600,
黄欢溢,https://www.gzszyy.com/expert/2026/M7e5QRe2.html,实采,,https://oss.gzszyy.com/20201015/162517199.jpg,01_试点医院/广州市中医院/照片/黄欢溢-同德综合门诊部-医师-广州市中医院.jpg,211107,e5934579f16212366e13e8bada5728f4192342e0064dae3d019cf922a27e74f4,FFD8FFE10E1A457869660000,1152,1600,
陶慧芳,https://www.gzszyy.com/expert/2026/YRdGRybD.html,实采,,https://oss.gzszyy.com/20201015/163226228.jpg,01_试点医院/广州市中医院/照片/陶慧芳-同德综合门诊部-医师-广州市中医院.jpg,191385,2ecbf3b0642eaac858c27b26cf075c7d52a1d0221073aa0eea8478203f37ba97,FFD8FFE10D87457869660000,1152,1600,
王晓,https://www.gzszyy.com/expert/2026/YQdJNDdO.html,实采,,https://oss.gzszyy.com/20201015/162444875.jpg,01_试点医院/广州市中医院/照片/王晓-同德综合门诊部-医师-广州市中医院.jpg,201953,e5dc5306de9abc88000f9e23fb884dcd6675b5eb4e08afa2399d91a323d973b3,FFD8FFE10DC6457869660000,1152,1600,
伍彦坤,https://www.gzszyy.com/expert/2026/y1aKLrbQ.html,实采,,https://oss.gzszyy.com/20201015/162744202.jpg,01_试点医院/广州市中医院/照片/伍彦坤-同德综合门诊部-医师-广州市中医院.jpg,194533,1e13757af344c31a0c2b1a701c0e261f6109282c29527881fea0f382f0a4dd0f,FFD8FFE10DB4457869660000,1152,1600,
梁月云,https://www.gzszyy.com/expert/2026/APdRPLaG.html,实采,,https://oss.gzszyy.com/20201015/162810218.jpg,01_试点医院/广州市中医院/照片/梁月云-同德综合门诊部-医师-广州市中医院.jpg,188348,859e4bdddf418e5f0902fef43f38291dc046ccf3a6990643bf76dacf34e659b9,FFD8FFE10DE4457869660000,1152,1600,
陆玉婷,https://www.gzszyy.com/expert/2026/y5eV75aE.html,实采,,https://oss.gzszyy.com/20201015/163254625.jpg,01_试点医院/广州市中医院/照片/陆玉婷-同德综合门诊部-医师-广州市中医院.jpg,191061,a3454097a0c5627634f04d243dd690d873de3d53e5f283d57a1240d48a65e7a2,FFD8FFE10DCD457869660000,1152,1600,
顾颖敏,https://www.gzszyy.com/expert/2026/nXe007ex.html,实采,,https://oss.gzszyy.com/20201015/154145758.jpg,01_试点医院/广州市中医院/照片/顾颖敏-五羊门诊部-主任中医师-广州市中医院.jpg,212753,c5d120deb27c4846dd48144e6e20c934699ddc54621efc755ef7d31af401cdfe,FFD8FFE10E3A457869660000,1152,1600,
刘荣东,https://www.gzszyy.com/expert/2026/olej0Wbj.html,实采,,https://oss.gzszyy.com/20201015/154256371.jpg,01_试点医院/广州市中医院/照片/刘荣东-五羊门诊部-主任中医师-广州市中医院.jpg,209850,e6c4e981841382887d07ae50d0ac28e84cd6f3ab107cec015b720b17058eda77,FFD8FFE10CF7457869660000,1152,1600,
李碧茜,https://www.gzszyy.com/expert/2026/4oeEPKd0.html,实采,,https://oss.gzszyy.com/20201015/154114367.jpg,01_试点医院/广州市中医院/照片/李碧茜-五羊门诊部-副主任中医师-广州市中医院.jpg,242981,3244e1bbf74eec3b5f47904bf282be6926c56517591cf7b87fcd7123a9a292b6,FFD8FFE10EA2457869660000,1152,1600,
黄锦才,https://www.gzszyy.com/expert/2026/MvbmYpbY.html,实采,,https://oss.gzszyy.com/20201015/154645657.jpg,01_试点医院/广州市中医院/照片/黄锦才-五羊门诊部-副主任中医师-广州市中医院.jpg,205936,1911f4d0d51a8ce83e905ead0bcb4e636e1e7083aa6720d92df8b2ed904300bd,FFD8FFE10D80457869660000,1152,1600,
黄海胜,https://www.gzszyy.com/expert/2026/8mepk1dM.html,实采,,https://oss.gzszyy.com/20201015/160247295.jpg,01_试点医院/广州市中医院/照片/黄海胜-五羊门诊部-副主任中医师-广州市中医院.jpg,200940,72befc1e569232c3d493166cf614c8b4a5ac73739fa0765b025fc4dc89308d29,FFD8FFE10CF2457869660000,1152,1600,
李根良,https://www.gzszyy.com/expert/2026/pnel2lbK.html,实采,,https://oss.gzszyy.com/20201015/154609632.jpg,01_试点医院/广州市中医院/照片/李根良-五羊门诊部-主治中医师-广州市中医院.jpg,210669,073bb3aefbdb920283ac5ecdba572d6b28aed9422cb9aa51183f4db979eb4f0b,FFD8FFE10D7E457869660000,1152,1600,
赵晓红,https://www.gzszyy.com/expert/2026/openg4a7.html,实采,,https://oss.gzszyy.com/20201015/154754148.jpg,01_试点医院/广州市中医院/照片/赵晓红-五羊门诊部-主治中医师-广州市中医院.jpg,213441,ef782f6f77c642c11672d5f91e71943e74593205c3f498f4c10fad3ef356bc1e,FFD8FFE10DC3457869660000,1152,1600,
王花,https://www.gzszyy.com/expert/2026/l9av8VdG.html,实采,,https://oss.gzszyy.com/20201015/160330935.jpg,01_试点医院/广州市中医院/照片/王花-五羊门诊部-主治中医师-广州市中医院.jpg,204354,0fd32f2c97bf0fa12c353ef81dbf26bea99e7e995e73b4a446d69ca69f66a553,FFD8FFE10D77457869660000,1152,1600,
钟燊明,https://www.gzszyy.com/expert/2026/LDdwKJd1.html,实采,,https://oss.gzszyy.com/20201015/160423548.jpg,01_试点医院/广州市中医院/照片/钟燊明-五羊门诊部-主治中医师-广州市中医院.jpg,209669,cc289cfccd28698037d264fbb40bc5706beac7022ee5abe7c5b93cd575567f96,FFD8FFE10DC3457869660000,1152,1600,
吴滢珏,https://www.gzszyy.com/expert/2026/jnegnldw.html,实采,,https://oss.gzszyy.com/20201015/160532857.jpg,01_试点医院/广州市中医院/照片/吴滢珏-五羊门诊部-主治中医师-广州市中医院.jpg,231244,f3bd4a5413f64da3f8a0059e0d7dc2e479fa1ddfb0ae97b0b8245f67c22f5146,FFD8FFE10FB9457869660000,1152,1600,
杨詠嘉,https://www.gzszyy.com/expert/2026/olej0zbj.html,实采,,https://oss.gzszyy.com/20201015/160618196.jpg,01_试点医院/广州市中医院/照片/杨詠嘉-五羊门诊部-医师-广州市中医院.jpg,219757,3e02648dc81b483c3020ecb87c01b408ef21b2088ba1a3aecb9a2743207a9e96,FFD8FFE10EC3457869660000,1152,1600,
李钊杨,https://www.gzszyy.com/expert/2026/QBeXMlay.html,实采,,https://oss.gzszyy.com/20201015/171735397.jpg,01_试点医院/广州市中医院/照片/李钊杨-五羊门诊部-副主任医师-广州市中医院.jpg,181107,f66b795a69279e91a46eee06f770af7fbb1bcf9b8d59f39b7fbd85cf702bea9f,FFD8FFE10D5D457869660000,1152,1600,
李晚君,https://www.gzszyy.com/expert/2026/opengDa7.html,实采,,https://oss.gzszyy.com/20210525/103805355.jpg,01_试点医院/广州市中医院/照片/李晚君-医学影像科-主任医师-广州市中医院.jpg,251725,6b4b6f244a5cd1d64559833c5bcbe6a9cd5391f9e93bbf4b288fb6b19d20401a,FFD8FFE10EAC457869660000,1152,1600,
张亿星,https://www.gzszyy.com/expert/2026/JxbojNag.html,实采,,https://oss.gzszyy.com/20210525/104221379.jpg,01_试点医院/广州市中医院/照片/张亿星-医学影像科-副主任中医师-广州市中医院.jpg,182451,c215e2cb0195a95cc8e878f98de8cde204d10b1e45b529a03f1483d8c79b80d0,FFD8FFE10E06457869660000,1152,1600,
吴美仙,https://www.gzszyy.com/expert/2026/MYer9kdO.html,实采,,https://oss.gzszyy.com/20210525/104509859.jpg,01_试点医院/广州市中医院/照片/吴美仙-医学影像科-副主任中医师-广州市中医院.jpg,211526,d9077b52a3224fe5bafc5b103c8617b706cc8c84cb86aca3df40b01f05a26f1e,FFD8FFE10DC5457869660000,1152,1600,
崔东,https://www.gzszyy.com/expert/2026/8mepkrdM.html,实采,,https://oss.gzszyy.com/20210525/104245503.jpg,01_试点医院/广州市中医院/照片/崔东-医学影像科-主治医师-广州市中医院.jpg,228552,c7a3b776380ee05a5b13121f64e7897a03d45c280bd24f6ec35c9cdc91db8c52,FFD8FFE10E22457869660000,1152,1600,
蔡银连,https://www.gzszyy.com/expert/2026/4zbqZRdp.html,实采,,https://oss.gzszyy.com/20210525/104422244.jpg,01_试点医院/广州市中医院/照片/蔡银连-医学影像科-主治医师-广州市中医院.jpg,226553,d21cf3b77d638e4498b6f9bfcc05b70957f3951cd3bb20694fca2ad36ee46083,FFD8FFE10E2A457869660000,1152,1600,
赖振辉,https://www.gzszyy.com/expert/2026/X7ax1nby.html,实采,,https://oss.gzszyy.com/20210525/104635301.jpg,01_试点医院/广州市中医院/照片/赖振辉-医学影像科-主治医师-广州市中医院.jpg,226669,45d34cfe22277bceb30b87b05f1c8cc57b57c8a45e498ca63d979223d887e76a,FFD8FFE10E22457869660000,1152,1600,
莫树群,https://www.gzszyy.com/expert/2026/4oeExKd0.html,实采,,https://oss.gzszyy.com/20210525/104904936.jpg,01_试点医院/广州市中医院/照片/莫树群-医学影像科-主治医师-广州市中医院.jpg,216523,542ecee383c65f9a74b8bedb7bd79266983f457e198eea6f3cab06de53f79dcd,FFD8FFE10D80457869660000,1152,1600,
谈燊,https://www.gzszyy.com/expert/2026/YQdJQlbO.html,实采,,https://oss.gzszyy.com/20210525/104958585.jpg,01_试点医院/广州市中医院/照片/谈燊-医学影像科-主治医师-广州市中医院.jpg,232307,fcb32303072ea2599e833c9f4480f32aa15e44718574b6819998dc8200ee8bd6,FFD8FFE10DBB457869660000,1152,1600,
郭美芬,https://www.gzszyy.com/expert/2026/l9avZgaG.html,实采,,https://oss.gzszyy.com/20220207/110840608.jpg,01_试点医院/广州市中医院/照片/郭美芬-医学影像科-医师-广州市中医院.jpg,244670,fcc8a76f6520745ab7a8a6d21c2b3b9ec42d85ad6d9d193cb0e204f8ac5a1f7a,FFD8FFE10F4E457869660000,1152,1600,
邓富鑫,https://www.gzszyy.com/expert/2026/zPdyXwbQ.html,实采,,https://oss.gzszyy.com/20210525/104657858.jpg,01_试点医院/广州市中医院/照片/邓富鑫-医学影像科-医师-广州市中医院.jpg,210080,914c42c3546d0d46fed3200e81771faab876bbc514323d617f65bdbcd3c2cf6d,FFD8FFE10D87457869660000,1152,1600,
梁晓韵,https://www.gzszyy.com/expert/2026/w9aA11av.html,实采,,https://oss.gzszyy.com/20210525/104750814.jpg,01_试点医院/广州市中医院/照片/梁晓韵-医学影像科-医师-广州市中医院.jpg,256848,887fd1920a1f2e85ade31d24ad6ac46ae45b8dde65bb333282fecf1a73156aaa,FFD8FFE10FBB457869660000,1152,1600,
彭佳,https://www.gzszyy.com/expert/2026/YRdG8QeD.html,实采,,https://oss.gzszyy.com/20210525/104935509.jpg,01_试点医院/广州市中医院/照片/彭佳-医学影像科-医师-广州市中医院.jpg,218182,32211b1a94bd33b0866591cb93c1ed3acb0b7f90696ddb97da729d631cd27f0d,FFD8FFE10D33457869660000,1152,1600,
王修银,https://www.gzszyy.com/expert/2026/9wdLZgaj.html,实采,,https://oss.gzszyy.com/20220124/102954352.jpg,01_试点医院/广州市中医院/照片/王修银-检验病理科-未标注-广州市中医院.jpg,228538,f96500c41869b89937431dcf123e748b3616a1203de22d461885e0cdc7f9a60f,FFD8FFE10E0A457869660000,1152,1600,
曾博煌,https://www.gzszyy.com/expert/2026/4QbY70ez.html,实采,,https://oss.gzszyy.com/20220124/103819372.jpg,01_试点医院/广州市中医院/照片/曾博煌-检验病理科-未标注-广州市中医院.jpg,227037,bec928d264433a10b4579336afb84f2ef956016345442c24c38770ddf20f07ba,FFD8FFE10DFC457869660000,1152,1600,
江沂,https://www.gzszyy.com/expert/2026/J0dNOLeL.html,实采,,https://oss.gzszyy.com/20220124/104504754.jpg,01_试点医院/广州市中医院/照片/江沂-检验病理科-副主任医师-广州市中医院.jpg,236247,6ff30eb87393f7d8dde2606eff0cb37d5f4377d8ff4c1c7cf31774d568906786,FFD8FFE10E12457869660000,1152,1600,
李丽明,https://www.gzszyy.com/expert/2026/KQe19oeJ.html,实采,,https://oss.gzszyy.com/20220207/105538990.jpg,01_试点医院/广州市中医院/照片/李丽明-药学部-未标注-广州市中医院.jpg,218460,1b1898d833a82bafc67a5e32320dd3e0eeccbda63196f5389f98599bdec1779d,FFD8FFE10EAB457869660000,1152,1600,
刘若轩,https://www.gzszyy.com/expert/2026/pnel2JbK.html,实采,,https://oss.gzszyy.com/20220207/105611555.jpg,01_试点医院/广州市中医院/照片/刘若轩-药学部-副主任-广州市中医院.jpg,216887,188bee09aa051efc5ea59258864898d1178916e87b63db2e0ba70e17c0e58f72,FFD8FFE10E0D457869660000,1152,1600,
邓志军,https://www.gzszyy.com/expert/2026/MvbmYAbY.html,实采,,https://oss.gzszyy.com/20220207/105725242.jpg,01_试点医院/广州市中医院/照片/邓志军-药学部-副主任-广州市中医院.jpg,201148,1237220075ca7593e6549026d2d94b868d4b08d8116c429b22fd5b5ff3960f2a,FFD8FFE10D37457869660000,1152,1600,
张晓玲,https://www.gzszyy.com/expert/2026/nXe0AVax.html,实采,,https://oss.gzszyy.com/20250123/140238946.jpg,01_试点医院/广州市中医院/照片/张晓玲-超声医学科-主治医师-广州市中医院.jpg,244700,7e7f05565624210a17ac70dabee0f5dae05e3074e8411f3185c827e686b8063e,FFD8FFE10FBA457869660000,1152,1600,
何超颖,https://www.gzszyy.com/expert/2026/jneg7Zew.html,实采,,https://oss.gzszyy.com/20250123/140347823.jpg,01_试点医院/广州市中医院/照片/何超颖-超声医学科-主治医师-广州市中医院.jpg,240497,b5f6d2df1dd715997db2941e940b08a1a3354387a9acf0af8e2ed94c2df79651,FFD8FFE10F17457869660000,1152,1600,
郭美珍,https://www.gzszyy.com/expert/2026/olejAYdj.html,实采,,https://oss.gzszyy.com/20250123/140507488.jpg,01_试点医院/广州市中医院/照片/郭美珍-超声医学科-主治医师-广州市中医院.jpg,231261,ee690a7fb8f10d942d48ac008efa800cadd552db92e54d3ec35ae5f981744cb7,FFD8FFE10F67457869660000,1152,1600,
支孟妮,https://www.gzszyy.com/expert/2026/pmbk6raz.html,实采,,https://oss.gzszyy.com/20250123/140607689.jpg,01_试点医院/广州市中医院/照片/支孟妮-超声医学科-主治医师-广州市中医院.jpg,186532,103124b470959c014a84b5bf8b7545102ec86c9bc4203f82ace2655a8a906455,FFD8FFE10DB2457869660000,1152,1600,
粟云云,https://www.gzszyy.com/expert/2026/pnel87eK.html,实采,,https://oss.gzszyy.com/20250123/140707816.jpg,01_试点医院/广州市中医院/照片/粟云云-超声医学科-主治医师-广州市中医院.jpg,220786,6ca3e39013b29c9590b8f4362faf9c18d50a364abd010c994c81f363960e26de,FFD8FFE10E69457869660000,1152,1600,
郭佩欣,https://www.gzszyy.com/expert/2026/Mvbm7EeY.html,实采,,https://oss.gzszyy.com/20250123/140804926.jpg,01_试点医院/广州市中医院/照片/郭佩欣-超声医学科-主治医师-广州市中医院.jpg,216626,79609d654d7dbef445b55a48d5ae309ab0c5ec0c983b69276799460a2efabf83,FFD8FFE10D67457869660000,1152,1600,
郑楠,https://www.gzszyy.com/expert/2026/openGYa7.html,实采,,https://oss.gzszyy.com/20250123/140841230.jpg,01_试点医院/广州市中医院/照片/郑楠-超声医学科-主治医师-广州市中医院.jpg,188195,298ebbfb37437994cc4f87900b52b61ea11be5c3fed076c30b4aebc1b14dc4a3,FFD8FFE10EB4457869660000,1152,1600,
冯政君,https://www.gzszyy.com/expert/2026/JxboAAeg.html,实采,,https://oss.gzszyy.com/20250123/140922484.jpg,01_试点医院/广州市中医院/照片/冯政君-超声医学科-医师-广州市中医院.jpg,224098,6652446969b32eafca1cee57e2faa8bcf4a37d97c5e98cc835d5ca3408e22f6c,FFD8FFE10EC4457869660000,2000,1333,
张展东,https://www.gzszyy.com/expert/2026/M7e5lqd2.html,实采,,https://oss.gzszyy.com/20250122/171546624.jpg,01_试点医院/广州市中医院/照片/张展东-超声医学科-副主任医师-广州市中医院.jpg,233013,9119581ebdb42306fbb544d01508b129ddce7d2b66372fb8ba2ed7e09d387722,FFD8FFE10E6E457869660000,1152,1600,
杜慕萱,https://www.gzszyy.com/expert/2026/K9b6mLaE.html,实采,,https://oss.gzszyy.com/20250122/171654566.jpg,01_试点医院/广州市中医院/照片/杜慕萱-超声医学科-副主任医师-广州市中医院.jpg,228107,a90f01d145209891ff720776b93910ad80a5715d6dae04264beaca9bed0ac8de,FFD8FFE10DB4457869660000,1152,1600,
李鸯,https://www.gzszyy.com/expert/2026/5xe7D8a7.html,实采,,https://oss.gzszyy.com/20250122/171843182.jpg,01_试点医院/广州市中医院/照片/李鸯-超声医学科-副主任医师-广州市中医院.jpg,243633,e182dfe772a79ba77b34038aca035541ea79f5a8172976cac5ffa9feee5a558e,FFD8FFE10F31457869660000,1152,1600,
张红艳,https://www.gzszyy.com/expert/2026/Vyb8X2bv.html,实采,,https://oss.gzszyy.com/20250122/171950206.jpg,01_试点医院/广州市中医院/照片/张红艳-超声医学科-副主任医师-广州市中医院.jpg,225748,4adb9ab8733a80a5dfdd31a0d0e130ef651099886209ffb435f1b4c5b22d54ad,FFD8FFE10E9D457869660000,1152,1600,
计宏媛,https://www.gzszyy.com/expert/2026/WPe938bL.html,实采,,https://oss.gzszyy.com/20250123/140131873.jpg,01_试点医院/广州市中医院/照片/计宏媛-超声医学科-副主任医师-广州市中医院.jpg,206231,d0865be4b780591e52b354ae0c23307f8b5ba912c6a941d210dddb39978f2418,FFD8FFE000104A4649460001,2000,1333,
戴志兵,https://www.gzszyy.com/expert/2026/GRb4kgaB.html,实采,,https://oss.gzszyy.com/20250122/171341778.jpg,01_试点医院/广州市中医院/照片/戴志兵-超声医学科-主任医师-广州市中医院.jpg,234431,33bdc74428481e62f2889c60db12d238a1d748895edeb468af08af730c5911f2,FFD8FFE10E74457869660000,1152,1600,
李爱民,https://www.gzszyy.com/expert/2026/lNbWW4by.html,实采,,https://oss.gzszyy.com/20260114/160640533.jpg,01_试点医院/广州市中医院/照片/李爱民-未标注-未标注-广州市中医院.jpg,81747,2a7a802d4c8bbd61d86676c71815f29def2e0301e0812500f5ecb60c98e0977c,FFD8FFE000104A4649460001,1080,1080,
