姓名,来源链接,状态,失败三态,照片链接,照片文件,字节数,SHA-256,魔数,宽,高,引用路径风格,错误证据
钟南山,https://www.gyfyyy.cn/cn/ks/nk/hxnk/doctor_1.html,实采,,https://www.gyfyyy.cn/Upload/202112/637750146771733237.jpg,01_试点医院/广州医科大学附属第一医院/照片/钟南山-呼吸与危重症医学科-教授-广州医科大学附属第一医院.jpg,72435,b28a3690894c9010557a38b0d022fbc7ca6c0873274dd760bb34b8764dfc2eaa,FFD8FFDB0084000101010101,325,400,Upload原图,
陈荣昌,https://www.gyfyyy.cn/cn/ks/nk/hxnk/doctor_2.html,实采,,https://www.gyfyyy.cn/Upload/202410/638658854910837852.jpg,01_试点医院/广州医科大学附属第一医院/照片/陈荣昌-呼吸与危重症医学科-主任医师-广州医科大学附属第一医院.jpg,1035654,77191b846e70a7ee039d4820710c8532ba5a2cd145c927f9e865938e7f25c841,FFD8FFE11329457869660000,325,400,Upload原图,
罗远明,https://www.gyfyyy.cn/cn/ks/nk/hxnk/doctor_3.html,实采,,https://www.gyfyyy.cn/images/doctor/LUOYUANMING.jpg,01_试点医院/广州医科大学附属第一医院/照片/罗远明-呼吸与危重症医学科-主任医师-广州医科大学附属第一医院.jpg,39231,cdf1da6d359ac778f6b55fb438d188d40c920a4b2b86d1d042f909f8b6b00a45,FFD8FFDB0084000101010101,325,400,doctor原图,
李时悦,https://www.gyfyyy.cn/cn/ks/nk/hxnk/doctor_4.html,实采,,https://www.gyfyyy.cn/images/doctor/LISHIYUE.jpg,01_试点医院/广州医科大学附属第一医院/照片/李时悦-呼吸与危重症医学科-主任医师-广州医科大学附属第一医院.jpg,90456,7b13f74616819cbba876f6e8e19a19eba07fd838616a9c2240a2f8f156646180,FFD8FFDB0084000101010101,325,400,doctor原图,
黎毅敏,https://www.gyfyyy.cn/cn/ks/nk/hxnk/doctor_5.html,实采,,https://www.gyfyyy.cn/images/doctor/LIYIMIN.jpg,01_试点医院/广州医科大学附属第一医院/照片/黎毅敏-呼吸与危重症医学科-主任医师-广州医科大学附属第一医院.jpg,86245,fbc3e1f932f1992d383a328ba0d2853baffeca73bf721d7d5e417774723193ae,FFD8FFDB0084000101010101,325,400,doctor原图,
李靖,https://www.gyfyyy.cn/cn/ks/nk/btfyk/doctor_373.html,实采,,https://www.gyfyyy.cn/images/doctor/LIJING.jpg,01_试点医院/广州医科大学附属第一医院/照片/李靖-呼吸与危重症医学科-主任医师-广州医科大学附属第一医院.jpg,41020,a1a9807489bcd1fda564470199cb0baae587a95996b168a58575a13fe128eeeb,FFD8FFDB0084000101010101,325,400,doctor原图,
郑劲平,https://www.gyfyyy.cn/cn/ks/nk/hxnk/doctor_7.html,实采,,https://www.gyfyyy.cn/images/doctor/ZHENGJINPING.jpg,01_试点医院/广州医科大学附属第一医院/照片/郑劲平-呼吸与危重症医学科-主任医师-广州医科大学附属第一医院.jpg,41504,75acc0e8f6cc680b7946cf0ab5bca5827e1c0eac5469c212f6d8c2016308881a,FFD8FFDB0084000101010101,325,400,doctor原图,
郑则广,https://www.gyfyyy.cn/cn/ks/nk/hxnk/doctor_8.html,实采,,https://www.gyfyyy.cn/images/doctor/ZHENGZEGUANG.jpg,01_试点医院/广州医科大学附属第一医院/照片/郑则广-呼吸与危重症医学科-主任医师-广州医科大学附属第一医院.jpg,38123,fc0d50d0aaeed632f99b3e7fe751deaf55fc1350d8999d2cb3290680c7bebae2,FFD8FFDB0084000101010101,325,400,doctor原图,
赖克方,https://www.gyfyyy.cn/cn/ks/nk/hxnk/doctor_9.html,实采,,https://www.gyfyyy.cn/images/doctor/LAIKEFANG.jpg,01_试点医院/广州医科大学附属第一医院/照片/赖克方-呼吸与危重症医学科-教授-广州医科大学附属第一医院.jpg,40650,a650b59bcbf78120b8ac50ac3f0a95dc504229678dfb22159721802f32f022e0,FFD8FFDB0084000101010101,325,400,doctor原图,
吴华,https://www.gyfyyy.cn/cn/ks/nk/hxnk/doctor_10.html,实采,,https://www.gyfyyy.cn/Upload/202410/638658857314121810.jpg,01_试点医院/广州医科大学附属第一医院/照片/吴华-呼吸与危重症医学科-主任医师-广州医科大学附属第一医院.jpg,1037586,b6f26957a634969a9d6e989c3d1c6a5bc6a2595bd3da273bddbd3506fbd280d9,FFD8FFE112DC457869660000,325,400,Upload原图,
张挪富,https://www.gyfyyy.cn/cn/ks/nk/hxnk/doctor_11.html,实采,,https://www.gyfyyy.cn/Upload/202501/638720118098770619.png,01_试点医院/广州医科大学附属第一医院/照片/张挪富-呼吸与危重症医学科-主任医师-广州医科大学附属第一医院.png,215324,5eb3800801695486f0611f11890cc742816f654df9af53134b0d37b3118e4d3f,89504E470D0A1A0A0000000D,325,400,Upload原图,
刘晓青,https://www.gyfyyy.cn/cn/ks/nk/zzyxk/doctor_880.html,实采,,https://www.gyfyyy.cn/Upload/202410/638658856332734319.jpg,01_试点医院/广州医科大学附属第一医院/照片/刘晓青-呼吸与危重症医学科-主任医师-广州医科大学附属第一医院.jpg,1031241,07e94fafd1a8b3ecb2f1c043bc150cada4580907c79dba57d2e480cbd23d13b7,FFD8FFE11123457869660000,325,400,Upload原图,
欧阳铭,https://www.gyfyyy.cn/cn/ks/nk/hxnk/doctor_13.html,实采,,https://www.gyfyyy.cn/Upload/202410/638658855425722392.jpg,01_试点医院/广州医科大学附属第一医院/照片/欧阳铭-呼吸与危重症医学科-副主任医师-广州医科大学附属第一医院.jpg,1031569,24ddd364315b37328df698eb61b1608eee8509e4bc6c433bdba2386d4e171224,FFD8FFE11074457869660000,325,400,Upload原图,
曾运祥,https://www.gyfyyy.cn/cn/ks/nk/hxnk/doctor_14.html,实采,,https://www.gyfyyy.cn/Upload/202202/637816642788846394.jpg,01_试点医院/广州医科大学附属第一医院/照片/曾运祥-呼吸与危重症医学科-主任医师-广州医科大学附属第一医院.jpg,79730,590618a27f48cabc31fbbcb95e3c4e1bad32c3097efd439023c04475d960f515,FFD8FFDB0084000101010101,325,400,Upload原图,
钟淑卿,https://www.gyfyyy.cn/cn/ks/nk/hxnk/doctor_15.html,实采,,https://www.gyfyyy.cn/Upload/202410/638658856897417693.jpg,01_试点医院/广州医科大学附属第一医院/照片/钟淑卿-呼吸与危重症医学科-主任医师-广州医科大学附属第一医院.jpg,1029289,49606893e654e706d0f9cf8d15ad2fa9e93763099ac8a0466aa26c102bd92304,FFD8FFE11045457869660000,325,400,Upload原图,
张洁霞,https://www.gyfyyy.cn/cn/ks/nk/hxnk/doctor_17.html,实采,,https://www.gyfyyy.cn/images/doctor/ZHANGJIEXIA.jpg,01_试点医院/广州医科大学附属第一医院/照片/张洁霞-呼吸与危重症医学科-主任医师-广州医科大学附属第一医院.jpg,37001,210137a667bc5a4d20394fa248064bd101e7977f894f7af90157031a41dbaace,FFD8FFDB0084000101010101,325,400,doctor原图,
周玉民,https://www.gyfyyy.cn/cn/ks/nk/hxnk/doctor_18.html,实采,,https://www.gyfyyy.cn/images/doctor/ZHOUYUMIN.jpg,01_试点医院/广州医科大学附属第一医院/照片/周玉民-呼吸与危重症医学科-主任医师-广州医科大学附属第一医院.jpg,36185,2e59c75aa8707e9496be413dc0af737630638f668e1995342028db55d2260cf8,FFD8FFDB0084000101010101,325,400,doctor原图,
程璘令,https://www.gyfyyy.cn/cn/ks/nk/hxnk/doctor_19.html,实采,,https://www.gyfyyy.cn/images/doctor/CHENGLINLING.jpg,01_试点医院/广州医科大学附属第一医院/照片/程璘令-呼吸与危重症医学科-主任医师-广州医科大学附属第一医院.jpg,41819,ee77b4fd51886cd03841d96b8b44b3806dd992683c32ad3e3a1d7fa883b82477,FFD8FFDB0084000101010101,325,400,doctor原图,
徐远达,https://www.gyfyyy.cn/cn/ks/nk/hxnk/doctor_21.html,实采,,https://www.gyfyyy.cn/Upload/202410/638658855794598553.jpg,01_试点医院/广州医科大学附属第一医院/照片/徐远达-呼吸与危重症医学科-主任医师-广州医科大学附属第一医院.jpg,1023481,8170fc2148b2ee9a81da546f294dec630e1dae7f51ec6c905e735eb2dae395a9,FFD8FFE10F05457869660000,325,400,Upload原图,
秦茵茵,https://www.gyfyyy.cn/cn/ks/nk/hxnk/doctor_22.html,实采,,https://www.gyfyyy.cn/images/doctor/QINYINYIN.jpg,01_试点医院/广州医科大学附属第一医院/照片/秦茵茵-呼吸与危重症医学科-主任医师-广州医科大学附属第一医院.jpg,37515,a96a7f390b706a42d87ff734aaf3029aacffab34070af5527e16db1d90a2314c,FFD8FFDB0084000101010101,325,400,doctor原图,
何为群,https://www.gyfyyy.cn/cn/ks/nk/hxnk/doctor_23.html,实采,,https://www.gyfyyy.cn/images/doctor/HEWEIQUN.jpg,01_试点医院/广州医科大学附属第一医院/照片/何为群-呼吸与危重症医学科-主任医师-广州医科大学附属第一医院.jpg,40375,bcccd1398266052ad63f61fe122145ae28102a24325b8d48f6d1347a6d9d4567,FFD8FFDB0084000101010101,325,400,doctor原图,
杨新艳,https://www.gyfyyy.cn/cn/ks/nk/hxnk/doctor_24.html,实采,,https://www.gyfyyy.cn/images/doctor/YANGXINYAN.jpg,01_试点医院/广州医科大学附属第一医院/照片/杨新艳-呼吸与危重症医学科-副主任医师-广州医科大学附属第一医院.jpg,37367,16e94e186363f32ec53227d5386087149ac840d32c5fe6c2ad8619cfcac4fa7d,FFD8FFDB0084000101010101,325,400,doctor原图,
孙丽红,https://www.gyfyyy.cn/cn/ks/nk/hxnk/doctor_25.html,实采,,https://www.gyfyyy.cn/images/doctor/SUNLIGONG.jpg,01_试点医院/广州医科大学附属第一医院/照片/孙丽红-呼吸与危重症医学科-主任医师-广州医科大学附属第一医院.jpg,36433,d9e1e56ca96db701a5ee5920efaa918be65caf09b71a6c63df2d6b7d6c368d26,FFD8FFDB0084000101010101,325,400,doctor原图,
张清玲,https://www.gyfyyy.cn/cn/ks/nk/hxnk/doctor_26.html,实采,,https://www.gyfyyy.cn/images/doctor/ZHANGQINGLING.jpg,01_试点医院/广州医科大学附属第一医院/照片/张清玲-呼吸与危重症医学科-主任医师-广州医科大学附属第一医院.jpg,42939,7e27c133f5f748467aadc71539fd1e7421200f00975dc13aa9043d47155d67ff,FFD8FFDB0084000101010101,325,400,doctor原图,
彭公永,https://www.gyfyyy.cn/cn/ks/nk/lnbk/doctor_873.html,实采,,https://www.gyfyyy.cn/images/doctor/PENGGONGYONG.jpg,01_试点医院/广州医科大学附属第一医院/照片/彭公永-呼吸与危重症医学科-主任医师-广州医科大学附属第一医院.jpg,39576,baf94ee8e887dc4b8073fa525c40263de13e650d91eeeb53d25b165f30695ae3,FFD8FFDB0084000101010101,325,400,doctor原图,
叶枫,https://www.gyfyyy.cn/cn/ks/nk/hxnk/doctor_28.html,实采,,https://www.gyfyyy.cn/images/doctor/YEFENG.jpg,01_试点医院/广州医科大学附属第一医院/照片/叶枫-呼吸与危重症医学科-主任医师-广州医科大学附属第一医院.jpg,38177,f8cd2c10387570f4d42df7ab84136288a61b952e2463cb50ba5b951fa844af8f,FFD8FFDB0084000101010101,325,400,doctor原图,
谢展鸿,https://www.gyfyyy.cn/cn/ks/nk/hxnk/doctor_29.html,实采,,https://www.gyfyyy.cn/images/doctor/XIEZHANHONG.jpg,01_试点医院/广州医科大学附属第一医院/照片/谢展鸿-呼吸与危重症医学科-主任医师-广州医科大学附属第一医院.jpg,38676,ef03c098c46c547e1d323507497970fb5821ce17db969494e7f293eadc140cba,FFD8FFDB0084000101010101,325,400,doctor原图,
刘杰,https://www.gyfyyy.cn/cn/ks/nk/hxnk/doctor_30.html,实采,,https://www.gyfyyy.cn/images/doctor/LIUJIE.jpg,01_试点医院/广州医科大学附属第一医院/照片/刘杰-呼吸与危重症医学科-主任医师-广州医科大学附属第一医院.jpg,33366,9cbb9efd0ac10ba2274b39f83d41eef48487a5dcf33ff5ba9ac19072285f7534,FFD8FFDB0084000101010101,325,400,doctor原图,
刘春丽,https://www.gyfyyy.cn/cn/ks/nk/hxnk/doctor_31.html,实采,,https://www.gyfyyy.cn/images/doctor/LIUCHUNLI.jpg,01_试点医院/广州医科大学附属第一医院/照片/刘春丽-呼吸与危重症医学科-主任医师-广州医科大学附属第一医院.jpg,36537,3265e930d82b9ee75622703ff387b91270ee0f5a6e2774f2d7af3dccadb54413,FFD8FFDB0084000101010101,325,400,doctor原图,
王健,https://www.gyfyyy.cn/cn/ks/nk/hxnk/doctor_32.html,实采,,https://www.gyfyyy.cn/images/doctor/WANGJIAN.jpg,01_试点医院/广州医科大学附属第一医院/照片/王健-呼吸与危重症医学科-主任医师-广州医科大学附属第一医院.jpg,34716,9a74042dfc0b92e2f1702eb496a7a63d680d4616d50f9310334ce6d598ba49a7,FFD8FFDB0084000101010101,325,400,doctor原图,
罗群,https://www.gyfyyy.cn/cn/ks/nk/hxnk/doctor_33.html,实采,,https://www.gyfyyy.cn/images/doctor/LUOQUN.jpg,01_试点医院/广州医科大学附属第一医院/照片/罗群-呼吸与危重症医学科-主任医师-广州医科大学附属第一医院.jpg,37565,4a8934968b1f9ef75a861907b8755f1fa631f115993e2276434e0cc870f3e176,FFD8FFDB0084000101010101,325,400,doctor原图,
巨春蓉,https://www.gyfyyy.cn/cn/ks/nk/hxnk/doctor_34.html,实采,,https://www.gyfyyy.cn/images/doctor/JUCHUNRONG.jpg,01_试点医院/广州医科大学附属第一医院/照片/巨春蓉-呼吸与危重症医学科-主任医师-广州医科大学附属第一医院.jpg,43796,e7d05e331dbedfb912b53ed7329c2f0b64c1ca895e507ad922369ec221948802,FFD8FFDB0084000101010101,325,400,doctor原图,
洪城,https://www.gyfyyy.cn/cn/ks/nk/hxnk/doctor_35.html,实采,,https://www.gyfyyy.cn/Upload/202312/638378990596809484.jpg,01_试点医院/广州医科大学附属第一医院/照片/洪城-呼吸与危重症医学科-主任医师-广州医科大学附属第一医院.jpg,94274,a719a6e10855679bd2d65adfaf3cdb7f6782a880e3ba607e4638d23f82e3a5bd,FFD8FFE11394457869660000,325,400,Upload原图,
黄铮,https://www.gyfyyy.cn/cn/ks/nk/xxgnk/doctor_36.html,实采,,https://www.gyfyyy.cn/images/doctor/HUANGZHENG.jpg,01_试点医院/广州医科大学附属第一医院/照片/黄铮-心血管内科-主任医师-广州医科大学附属第一医院.jpg,37477,a32a9814527d458c7d1551b9543d6f7957d1559795b71130a2355eed30571286,FFD8FFDB0084000101010101,325,400,doctor原图,
何兆初,https://www.gyfyyy.cn/cn/ks/nk/xxgnk/doctor_37.html,实采,,https://www.gyfyyy.cn/Upload/202410/638658952722267645.jpg,01_试点医院/广州医科大学附属第一医院/照片/何兆初-心血管内科-主任医师-广州医科大学附属第一医院.jpg,3232,35591404581922d5d5328c0179c11c1bc0819919c6491d9055cb1ee239d4ca77,FFD8FFE000104A4649460001,100,145,Upload原图,
陈爱兰,https://www.gyfyyy.cn/cn/ks/nk/xxgnk/doctor_39.html,实采,,https://www.gyfyyy.cn/images/doctor/CHENAILAN.jpg,01_试点医院/广州医科大学附属第一医院/照片/陈爱兰-心血管内科-主任医师-广州医科大学附属第一医院.jpg,39162,36890dcb982570e7bb8e563261bc9b90001fb920ade91b0ad1894e7e20b96208,FFD8FFDB0084000101010101,325,400,doctor原图,
吴峻,https://www.gyfyyy.cn/cn/ks/nk/xxgnk/doctor_40.html,实采,,https://www.gyfyyy.cn/images/doctor/WUJUN.jpg,01_试点医院/广州医科大学附属第一医院/照片/吴峻-心血管内科-主任医师-广州医科大学附属第一医院.jpg,35869,6f7987f7f1258c904fdf3d2435d4d5d8733f6585d9bdc75e11da7fe2e8cfb46b,FFD8FFDB0084000101010101,325,400,doctor原图,
曾昭华,https://www.gyfyyy.cn/cn/ks/nk/xxgnk/doctor_41.html,实采,,https://www.gyfyyy.cn/Upload/202203/637817391104295223.jpg,01_试点医院/广州医科大学附属第一医院/照片/曾昭华-心血管内科-主任医师-广州医科大学附属第一医院.jpg,78469,8f52cb87284b17356c7ce5eb08c7106cbc8dc6a00278a3badc6f27faa0087f52,FFD8FFDB0084000101010101,325,400,Upload原图,
区碧如,https://www.gyfyyy.cn/cn/ks/nk/xxgnk/doctor_42.html,实采,,https://www.gyfyyy.cn/Upload/202410/638658953104360365.jpg,01_试点医院/广州医科大学附属第一医院/照片/区碧如-心血管内科-副主任医师-广州医科大学附属第一医院.jpg,3512,ba14af9e15527938a7a775ab73bf3ecc34f35d24f38d4137ab34569a19ef5d0a,FFD8FFE000104A4649460001,100,145,Upload原图,
陆冬晓,https://www.gyfyyy.cn/cn/ks/nk/xxgnk/doctor_43.html,实采,,https://www.gyfyyy.cn/images/doctor/LIUDONGXIAO.jpg,01_试点医院/广州医科大学附属第一医院/照片/陆冬晓-心血管内科-主任医师-广州医科大学附属第一医院.jpg,43367,c637a8f8a603e11da7024231704d3a5558e07f2c7846acdad025aa6bc029ed5f,FFD8FFDB0084000101010101,325,400,doctor原图,
罗碧辉,https://www.gyfyyy.cn/cn/ks/nk/xxgnk/doctor_44.html,实采,,https://www.gyfyyy.cn/images/doctor/LUOBIHUI.jpg,01_试点医院/广州医科大学附属第一医院/照片/罗碧辉-心血管内科-主任医师-广州医科大学附属第一医院.jpg,37716,d3dd9c0f6ae8ed156a5d146cb704240e7aba0784d8f5ebb34d662b2c031c2547,FFD8FFDB0084000101010101,325,400,doctor原图,
苏楠,https://www.gyfyyy.cn/cn/ks/nk/xxgnk/doctor_45.html,实采,,https://www.gyfyyy.cn/images/doctor/SUNAN.jpg,01_试点医院/广州医科大学附属第一医院/照片/苏楠-心血管内科-副主任医师-广州医科大学附属第一医院.jpg,41055,0be44b6e06c9f4d3f97831e0c3b56c21a5d65bf3c721fc339e45a1ed4e3d3632,FFD8FFDB0084000101010101,325,400,doctor原图,
鲁明军,https://www.gyfyyy.cn/cn/ks/nk/xxgnk/doctor_47.html,实采,,https://www.gyfyyy.cn/images/doctor/LUMINGJUN.jpg,01_试点医院/广州医科大学附属第一医院/照片/鲁明军-心血管内科-主任医师-广州医科大学附属第一医院.jpg,90307,2eb77d18981f27a6e9bebfaf8144f421182902524b8195a1c196e4d1facf4e83,FFD8FFDB0084000101010101,325,400,doctor原图,
曾智,https://www.gyfyyy.cn/cn/ks/nk/xxgnk/doctor_48.html,实采,,https://www.gyfyyy.cn/images/doctor/CENGZHI.jpg,01_试点医院/广州医科大学附属第一医院/照片/曾智-心血管内科-副主任医师-广州医科大学附属第一医院.jpg,35976,4b495b6e2d4ca8b10a71150c50c723f170becbcd1cd4c986df33110343398cc0,FFD8FFDB0084000101010101,325,400,doctor原图,
肖洁,https://www.gyfyyy.cn/cn/ks/nk/snk/doctor_49.html,实采,,https://www.gyfyyy.cn/images/doctor/XIAOJIE.jpg,01_试点医院/广州医科大学附属第一医院/照片/肖洁-肾内科-主任医师-广州医科大学附属第一医院.jpg,37070,6bc209815926645c358934f6bc4552a5636fc140aef7c7d24e95c9d1f045e892,FFD8FFDB0084000101010101,325,400,doctor原图,
汪华林,https://www.gyfyyy.cn/cn/ks/nk/snk/doctor_50.html,实采,,https://www.gyfyyy.cn/images/doctor/WANGHUALIN.jpg,01_试点医院/广州医科大学附属第一医院/照片/汪华林-肾内科-主任医师-广州医科大学附属第一医院.jpg,38710,bc5b9dcf3eab3d7624be4ec4838c99d9cf8b7ace4fe9468f433fcbb6595a9e47,FFD8FFDB0084000101010101,325,400,doctor原图,
谢辉,https://www.gyfyyy.cn/cn/ks/nk/snk/doctor_51.html,实采,,https://www.gyfyyy.cn/images/doctor/XIEHUI.jpg,01_试点医院/广州医科大学附属第一医院/照片/谢辉-肾内科-主任医师-广州医科大学附属第一医院.jpg,39069,8b6c9d804ed60cd82bcaf6096ecc1ef7d0218f3667093d2a257968b44e7196c0,FFD8FFDB0084000101010101,325,400,doctor原图,
俞小敏,https://www.gyfyyy.cn/cn/ks/nk/snk/doctor_52.html,实采,,https://www.gyfyyy.cn/images/doctor/YUXIAOMIN.jpg,01_试点医院/广州医科大学附属第一医院/照片/俞小敏-肾内科-主任医师-广州医科大学附属第一医院.jpg,37330,7424a8e6fdab6b6e44d7ad72aef779be68f3d6eb73e1ad8d17c79e9c892186c6,FFD8FFDB0084000101010101,325,400,doctor原图,
彭用华,https://www.gyfyyy.cn/cn/ks/nk/snk/doctor_53.html,实采,,https://www.gyfyyy.cn/images/doctor/PENGYONGHUA.jpg,01_试点医院/广州医科大学附属第一医院/照片/彭用华-肾内科-副主任医师-广州医科大学附属第一医院.jpg,42224,38e95b89811a53de38ee2151d482b91c29582bc20bf2fed7dc2108a254668c1c,FFD8FFDB0084000101010101,325,400,doctor原图,
陈琇萌,https://www.gyfyyy.cn/cn/ks/nk/snk/doctor_54.html,实采,,https://www.gyfyyy.cn/images/doctor/CHENXIUMENG.jpg,01_试点医院/广州医科大学附属第一医院/照片/陈琇萌-肾内科-副主任医师-广州医科大学附属第一医院.jpg,36022,eb59025796c535dbca03745ad30dbaab3d99b598c4602aebf032fa8f346a866f,FFD8FFDB0084000101010101,325,400,doctor原图,
黄泳璋,https://www.gyfyyy.cn/cn/ks/nk/snk/doctor_55.html,实采,,https://www.gyfyyy.cn/images/doctor/HUANGYONGZHANG.jpg,01_试点医院/广州医科大学附属第一医院/照片/黄泳璋-肾内科-主治医师-广州医科大学附属第一医院.jpg,40749,6823d1d084f986d34abc228a8493ad896ab42d87634e4b6fc8fa737c3d31a333,FFD8FFDB0084000101010101,325,400,doctor原图,
肖云,https://www.gyfyyy.cn/cn/ks/nk/snk/doctor_56.html,实采,,https://www.gyfyyy.cn/images/doctor/XIAOYUN.jpg,01_试点医院/广州医科大学附属第一医院/照片/肖云-肾内科-主任医师-广州医科大学附属第一医院.jpg,35511,91b3071f51f6695e72416efb833e6acf21bda1e572970d305dc24e67be9cd36a,FFD8FFDB0084000101010101,325,400,doctor原图,
徐评议,https://www.gyfyyy.cn/cn/ks/nk/sjnk/doctor_57.html,实采,,https://www.gyfyyy.cn/images/doctor/XUPINGYI.jpg,01_试点医院/广州医科大学附属第一医院/照片/徐评议-神经内科-主任医师-广州医科大学附属第一医院.jpg,40364,d049a7a6c0a63a583d157d72e1c7cf2938cb00a245475f78b83b07b77eb598e8,FFD8FFDB0084000101010101,325,400,doctor原图,
李少明,https://www.gyfyyy.cn/cn/ks/nk/sjnk/doctor_58.html,实采,,https://www.gyfyyy.cn/images/doctor/LISHAOMING.jpg,01_试点医院/广州医科大学附属第一医院/照片/李少明-神经内科-主任医师-广州医科大学附属第一医院.jpg,41369,84dad32fb7f238ad12142d8ade9888ad85fe2b4a2fbae01e460032f48ce32d8d,FFD8FFDB0084000101010101,325,400,doctor原图,
刘秦,https://www.gyfyyy.cn/cn/ks/nk/sjnk/doctor_59.html,实采,,https://www.gyfyyy.cn/images/doctor/LIUQIN.jpg,01_试点医院/广州医科大学附属第一医院/照片/刘秦-神经内科-副主任医师-广州医科大学附属第一医院.jpg,37756,1cfa97245a01e89b532be479b210c837f41284089f607dec96d8df6d749d5722,FFD8FFDB0084000101010101,325,400,doctor原图,
田作军,https://www.gyfyyy.cn/cn/ks/nk/sjnk/doctor_60.html,实采,,https://www.gyfyyy.cn/images/doctor/TIANZUOJUN.jpg,01_试点医院/广州医科大学附属第一医院/照片/田作军-神经内科-主任医师-广州医科大学附属第一医院.jpg,36042,08dec9d0d24ccf39e39383b75e9f28156111b39cf10814fc130af67d99f99c31,FFD8FFDB0084000101010101,325,400,doctor原图,
吴卓华,https://www.gyfyyy.cn/cn/ks/nk/sjnk/doctor_62.html,实采,,https://www.gyfyyy.cn/images/doctor/WUZHUOHUA.jpg,01_试点医院/广州医科大学附属第一医院/照片/吴卓华-神经内科-主任医师-广州医科大学附属第一医院.jpg,39119,6045a00047e95bc386c49aa5fbc0e44db5e2578169864af70ef54426b650fa5f,FFD8FFDB0084000101010101,325,400,doctor原图,
黄庆晖,https://www.gyfyyy.cn/cn/ks/nk/sjnk/doctor_63.html,实采,,https://www.gyfyyy.cn/images/doctor/HUANGQINGHUI.jpg,01_试点医院/广州医科大学附属第一医院/照片/黄庆晖-神经内科-主任医师-广州医科大学附属第一医院.jpg,38467,0a28ed9999fb09c9b54e923c82d43c111743fabf06065f528ad1249a7bbf3b25,FFD8FFDB0084000101010101,325,400,doctor原图,
林念童,https://www.gyfyyy.cn/cn/ks/nk/sjnk/doctor_64.html,实采,,https://www.gyfyyy.cn/images/doctor/LINNIANTONG.jpg,01_试点医院/广州医科大学附属第一医院/照片/林念童-神经内科-主任医师-广州医科大学附属第一医院.jpg,35622,475708c1ebaefa284da6f00529f47da1b6d22cb9d36ef1b79539c8f4c1968e2a,FFD8FFDB0084000101010101,325,400,doctor原图,
曾文铤,https://www.gyfyyy.cn/cn/ks/nk/grnk/doctor_68.html,实采,,https://www.gyfyyy.cn/images/doctor/CENGWENDING.jpg,01_试点医院/广州医科大学附属第一医院/照片/曾文铤-感染内科-主任医师-广州医科大学附属第一医院.jpg,38269,49e27c9238601aa8ed66540a433c1586e61d53176c796be0e1268df378053964,FFD8FFDB0084000101010101,325,400,doctor原图,
梁建新,https://www.gyfyyy.cn/cn/ks/nk/grnk/doctor_69.html,实采,,https://www.gyfyyy.cn/images/doctor/LIANGJIANXIN.jpg,01_试点医院/广州医科大学附属第一医院/照片/梁建新-感染内科-主任医师-广州医科大学附属第一医院.jpg,37720,915d4a647aabe18bde366fe8062a933bf5554f02f9919de7377b7d82aa4f47c7,FFD8FFDB0084000101010101,325,400,doctor原图,
区映研,https://www.gyfyyy.cn/cn/ks/nk/grnk/doctor_70.html,实采,,https://www.gyfyyy.cn/images/doctor/OUYINGYAN.jpg,01_试点医院/广州医科大学附属第一医院/照片/区映研-感染内科-主任医师-广州医科大学附属第一医院.jpg,35901,a0907ea52df1ca5e87c197fb221e35cb8512c4959839d8d06eac34bcedce012e,FFD8FFDB0084000101010101,325,400,doctor原图,
梁增伟,https://www.gyfyyy.cn/cn/ks/nk/grnk/doctor_71.html,实采,,https://www.gyfyyy.cn/Upload/202411/638664968880753569.jpg,01_试点医院/广州医科大学附属第一医院/照片/梁增伟-感染内科-副主任医师-广州医科大学附属第一医院.jpg,3547,99e69f0cb71236659d67a0b0bf2dd90d88feadb31cab90a5394d80b63a95adde,FFD8FFE000104A4649460001,100,145,Upload原图,
温焕连,https://www.gyfyyy.cn/cn/ks/nk/grnk/doctor_73.html,实采,,https://www.gyfyyy.cn/images/doctor/WENHUANLIAN.jpg,01_试点医院/广州医科大学附属第一医院/照片/温焕连-感染内科-副主任医师-广州医科大学附属第一医院.jpg,35364,9f44116b089490dbe45b9df90f8c1ee8da53d46bc65456595bfbd0a58cd2b0ca,FFD8FFDB0084000101010101,325,400,doctor原图,
陈学清,https://www.gyfyyy.cn/cn/ks/nk/xhnk/doctor_74.html,实采,,https://www.gyfyyy.cn/images/doctor/CHENXUEQING.jpg,01_试点医院/广州医科大学附属第一医院/照片/陈学清-消化内科-主任医师-广州医科大学附属第一医院.jpg,89870,9297fb7919164cb6c79a7710b94ac9f0e7939bd419a114dea2a0dc19393fcb6f,FFD8FFDB0084000101010101,325,400,doctor原图,
钟亮玉,https://www.gyfyyy.cn/cn/ks/nk/xhnk/doctor_76.html,实采,,https://www.gyfyyy.cn/images/doctor/ZHONGLIANGYU.jpg,01_试点医院/广州医科大学附属第一医院/照片/钟亮玉-消化内科-副主任医师-广州医科大学附属第一医院.jpg,40385,49ec28d2a6efa25919e8acbbf02b23a95b8130bdeefe12f8ab783af113c9e386,FFD8FFDB0084000101010101,325,400,doctor原图,
黄敏菁,https://www.gyfyyy.cn/cn/ks/nk/xhnk/doctor_77.html,实采,,https://www.gyfyyy.cn/images/doctor/HUANGMINJING.jpg,01_试点医院/广州医科大学附属第一医院/照片/黄敏菁-消化内科-副主任医师-广州医科大学附属第一医院.jpg,36202,ef63e58b667cc16fccb969056d731a6ae974d0d2d9b81c0b177d4d3ac431345d,FFD8FFDB0084000101010101,325,400,doctor原图,
吴培虹,https://www.gyfyyy.cn/cn/ks/nk/xhnk/doctor_78.html,实采,,https://www.gyfyyy.cn/images/doctor/WUPEIHONG.jpg,01_试点医院/广州医科大学附属第一医院/照片/吴培虹-消化内科-副主任医师-广州医科大学附属第一医院.jpg,38780,88b4a60b7c3904a15f9e5895c807b3d52726772e26ee7bd15cfbb3d1f803842d,FFD8FFDB0084000101010101,325,400,doctor原图,
樊力红,https://www.gyfyyy.cn/cn/ks/nk/xhnk/doctor_79.html,实采,,https://www.gyfyyy.cn/images/doctor/FANLIGONG.jpg,01_试点医院/广州医科大学附属第一医院/照片/樊力红-消化内科-主任医师-广州医科大学附属第一医院.jpg,39796,4744f8ab6eed9b455c857448ec021e0e33c866fdfe2ee64ee249a0a714d4b9ee,FFD8FFDB0084000101010101,325,400,doctor原图,
苏华,https://www.gyfyyy.cn/cn/ks/nk/xhnk/doctor_80.html,实采,,https://www.gyfyyy.cn/images/doctor/SUHUA.jpg,01_试点医院/广州医科大学附属第一医院/照片/苏华-消化内科-副主任医师-广州医科大学附属第一医院.jpg,81211,6baeb368f659ff75869dbeb7894b4d2684f8f8a314124c900a7edf8959d847a1,FFD8FFDB0084000101010101,325,400,doctor原图,
陈小燕,https://www.gyfyyy.cn/cn/ks/nk/nfbk/doctor_81.html,实采,,https://www.gyfyyy.cn/Upload/202208/637970432926024214.jpg,01_试点医院/广州医科大学附属第一医院/照片/陈小燕-内分泌科-主任医师-广州医科大学附属第一医院.jpg,69034,7441ef426e0de26fdc47e3007349123fb3011a124e2abc1ceed5487d1abcb149,FFD8FFDB0084000101010101,325,400,Upload原图,
王毅飞,https://www.gyfyyy.cn/cn/ks/nk/nfbk/doctor_82.html,实采,,https://www.gyfyyy.cn/Upload/202410/638658966557029031.jpg,01_试点医院/广州医科大学附属第一医院/照片/王毅飞-内分泌科-主任医师-广州医科大学附属第一医院.jpg,3508,6b4371fbe71d2fb6c56f378bc5b3c5d12ef3c7c7510662876cc02fd297e5d71a,FFD8FFE000104A4649460001,100,145,Upload原图,
邓顺有,https://www.gyfyyy.cn/cn/ks/nk/nfbk/doctor_83.html,实采,,https://www.gyfyyy.cn/images/doctor/DENGSHUNYOU.jpg,01_试点医院/广州医科大学附属第一医院/照片/邓顺有-内分泌科-主任医师-广州医科大学附属第一医院.jpg,78792,ed98cc6255c338187cb4119d43b183311a595498c119a55e6777a02e0349d7fe,FFD8FFDB0084000101010101,325,400,doctor原图,
张洁红,https://www.gyfyyy.cn/cn/ks/nk/nfbk/doctor_84.html,实采,,https://www.gyfyyy.cn/images/doctor/ZHANGJIEGONG.jpg,01_试点医院/广州医科大学附属第一医院/照片/张洁红-内分泌科-主任医师-广州医科大学附属第一医院.jpg,35035,d3f9c940f523e7c5d94c6d95251349bc4cb62fc63e2186c1bdce7a4d77dbd8ee,FFD8FFDB0084000101010101,325,400,doctor原图,
段敏虹,https://www.gyfyyy.cn/cn/ks/nk/nfbk/doctor_85.html,实采,,https://www.gyfyyy.cn/images/doctor/DUANMINHONG.jpg,01_试点医院/广州医科大学附属第一医院/照片/段敏虹-内分泌科-副主任医师-广州医科大学附属第一医院.jpg,74078,d27050b87c7fa6633a73b1c4fda1adaebce201cec654b2ba5c5664dd96d004bd,FFD8FFDB0084000101010101,325,400,doctor原图,
陈广原,https://www.gyfyyy.cn/cn/ks/nk/lnbk/doctor_86.html,实采,,https://www.gyfyyy.cn/Upload/202410/638658968150984907.jpg,01_试点医院/广州医科大学附属第一医院/照片/陈广原-老年病科-主任医师-广州医科大学附属第一医院.jpg,3485,6c504a0b914b51b9910db751b33645e7f9d846d2b4cb8efd4a5c5feca59aac0d,FFD8FFE000104A4649460001,100,145,Upload原图,
叶慧玲,https://www.gyfyyy.cn/cn/ks/qtzk/qkyxk/doctor_87.html,实采,,https://www.gyfyyy.cn/Upload/202508/638899257005122625.jpg,01_试点医院/广州医科大学附属第一医院/照片/叶慧玲-全科医学科-主任医师-广州医科大学附属第一医院.jpg,82261,00dfa77cb63bef7b7c6b4c63a83e15c79d635aa7d339e28aeba106df2e0b3b09,FFD8FFDB0084000101010101,325,400,Upload原图,
石永英,https://www.gyfyyy.cn/cn/ks/nk/lnbk/doctor_88.html,实采,,https://www.gyfyyy.cn/images/doctor/SHIYONGYING.jpg,01_试点医院/广州医科大学附属第一医院/照片/石永英-老年病科-副主任医师-广州医科大学附属第一医院.jpg,41516,eab4620c9b2a0fb29b8597d23fa015d57b6f0c4f39306f21e57904964b16f118,FFD8FFDB0084000101010101,325,400,doctor原图,
余金龙,https://www.gyfyyy.cn/cn/ks/qtzk/lcxlk/doctor_90.html,实采,,https://www.gyfyyy.cn/images/doctor/YUJINLONG.jpg,01_试点医院/广州医科大学附属第一医院/照片/余金龙-临床心理科-副主任医师-广州医科大学附属第一医院.jpg,41414,674197cb0407ede4a041e9a7ce1bd26f60751b6f8df044ead19e59cc09785fb2,FFD8FFDB0084000101010101,325,400,doctor原图,
林真珍,https://www.gyfyyy.cn/cn/ks/qtzk/lcxlk/doctor_92.html,实采,,https://www.gyfyyy.cn/images/doctor/LINZHENZHEN.jpg,01_试点医院/广州医科大学附属第一医院/照片/林真珍-临床心理科-副主任医师-广州医科大学附属第一医院.jpg,34106,58e87375ac31f26869a885d15d99bd7b6d16fc08807fe88e10e6249e46656771,FFD8FFDB0084000101010101,325,400,doctor原图,
梁丽英,https://www.gyfyyy.cn/cn/ks/nk/ptnk/doctor_94.html,实采,,https://www.gyfyyy.cn/images/doctor/LIANGLIYING.jpg,01_试点医院/广州医科大学附属第一医院/照片/梁丽英-内科门诊-副主任医师-广州医科大学附属第一医院.jpg,39472,7cef62d050375c69afc4888e43c4fa3666b8c0ffe3c5688537ecd301b4b2f11d,FFD8FFDB0084000101010101,325,400,doctor原图,
叶珊慧,https://www.gyfyyy.cn/cn/ks/nk/fsk/doctor_96.html,实采,,https://www.gyfyyy.cn/images/doctor/YESHANHUI.jpg,01_试点医院/广州医科大学附属第一医院/照片/叶珊慧-风湿科-主任医师-广州医科大学附属第一医院.jpg,37855,e055639141236bbf50524111091d6405db23a1a6a196c73e4df68f7430c9a405,FFD8FFDB0084000101010101,325,400,doctor原图,
陈如冲,https://www.gyfyyy.cn/cn/ks/nk/hxnk/doctor_101.html,实采,,https://www.gyfyyy.cn/images/doctor/CHENRUCHONG.jpg,01_试点医院/广州医科大学附属第一医院/照片/陈如冲-呼吸与危重症医学科-主任医师-广州医科大学附属第一医院.jpg,41909,1fa8297f7e505bc75fcc9f4736aad9e7f5a9e5040cd8be52c05a63dd53462b94,FFD8FFDB0084000101010101,325,400,doctor原图,
何建行,https://www.gyfyyy.cn/cn/ks/wk/xwk/doctor_102.html,实采,,https://www.gyfyyy.cn/Upload/202208/637953141544948993.jpg,01_试点医院/广州医科大学附属第一医院/照片/何建行-胸外科-教授-广州医科大学附属第一医院.jpg,83827,867443e8142967021fbb55e3bb9eb11efea82a42823e7173f88e326018191be8,FFD8FFDB0084000101010101,325,400,Upload原图,
刘君,https://www.gyfyyy.cn/cn/ks/wk/xwk/doctor_103.html,实采,,https://www.gyfyyy.cn/images/doctor/LIUJUN.jpg,01_试点医院/广州医科大学附属第一医院/照片/刘君-胸外科-主任医师-广州医科大学附属第一医院.jpg,89116,189a6e7db5b5d450792d486167be5a1c241be195387587b0ad64da1284996084,FFD8FFDB0084000101010101,325,400,doctor原图,
陈汉章,https://www.gyfyyy.cn/cn/ks/wk/xwk/doctor_104.html,实采,,https://www.gyfyyy.cn/images/doctor/CHENHANZHANG.jpg,01_试点医院/广州医科大学附属第一医院/照片/陈汉章-胸外科-主任医师-广州医科大学附属第一医院.jpg,40313,f01ed2fadc7f6df96fdedf14ae5048ad5d81658fb68ce0f9e4fa1ea7be4fc73f,FFD8FFDB0084000101010101,325,400,doctor原图,
李树本,https://www.gyfyyy.cn/cn/ks/wk/xwk/doctor_105.html,实采,,https://www.gyfyyy.cn/Upload/202203/637835369760357918.jpg,01_试点医院/广州医科大学附属第一医院/照片/李树本-胸外科-主任医师-广州医科大学附属第一医院.jpg,64536,4f6c843eb33df4f3d7a670e58afbc554ffd6e80a1f3273effa9d793558000c70,FFD8FFDB0084000101010101,325,400,Upload原图,
殷伟强,https://www.gyfyyy.cn/cn/ks/wk/xwk/doctor_106.html,实采,,https://www.gyfyyy.cn/Upload/202410/638659020764002976.jpg,01_试点医院/广州医科大学附属第一医院/照片/殷伟强-胸外科-主任医师-广州医科大学附属第一医院.jpg,9494,2f0899f4d426d84d6d23304a7c0f7830cb1258968e5d3fd0c0f87d16a6337c40,FFD8FFE000104A4649460001,250,328,Upload原图,
成向阳,https://www.gyfyyy.cn/cn/ks/wk/xwk/doctor_107.html,实采,,https://www.gyfyyy.cn/images/doctor/CHENGXIANGYANG.jpg,01_试点医院/广州医科大学附属第一医院/照片/成向阳-胸外科-主任医师-广州医科大学附属第一医院.jpg,39732,aecc18a48be572fba6e44b754728d508ce7c02c3321f764be974f4e7226ff8b3,FFD8FFDB0084000101010101,325,400,doctor原图,
邱源,https://www.gyfyyy.cn/cn/ks/wk/xwk/doctor_108.html,实采,,https://www.gyfyyy.cn/images/doctor/QIUYUAN.jpg,01_试点医院/广州医科大学附属第一医院/照片/邱源-胸外科-主任医师-广州医科大学附属第一医院.jpg,39848,64a30b9a145e981e325d1556c0c0457046601d3485bc52dd9171276048effac3,FFD8FFDB0084000101010101,325,400,doctor原图,
韦兵,https://www.gyfyyy.cn/cn/ks/wk/xwk/doctor_109.html,实采,,https://www.gyfyyy.cn/images/doctor/WEIBING.jpg,01_试点医院/广州医科大学附属第一医院/照片/韦兵-胸外科-副主任医师-广州医科大学附属第一医院.jpg,39079,b4602253cccc3784e20cf071e6128698a950c353907afeca4f70721f3e7923a9,FFD8FFDB0084000101010101,325,400,doctor原图,
杨海虹,https://www.gyfyyy.cn/cn/ks/wk/xwk/doctor_110.html,实采,,https://www.gyfyyy.cn/Upload/202410/638659021438089386.jpg,01_试点医院/广州医科大学附属第一医院/照片/杨海虹-胸外科-主任医师-广州医科大学附属第一医院.jpg,24752,0ed66c9faa2f182ab92535afa56bdc66ed973e1db477d320e7d2f58f562a8fcd,FFD8FFE000104A4649460001,413,591,Upload原图,
杨德康,https://www.gyfyyy.cn/cn/ks/wk/xwk/doctor_112.html,实采,,https://www.gyfyyy.cn/images/doctor/YANGDEKANG.jpg,01_试点医院/广州医科大学附属第一医院/照片/杨德康-胸外科-主任医师-广州医科大学附属第一医院.jpg,42317,19e6c70cccf4f3a939d9202877eafcde1d911bc93f8d2d64147821b7091aab9e,FFD8FFDB0084000101010101,325,400,doctor原图,
梁文华,https://www.gyfyyy.cn/cn/ks/wk/xwk/doctor_113.html,实采,,https://www.gyfyyy.cn/images/doctor/LIANGWENHUA.jpg,01_试点医院/广州医科大学附属第一医院/照片/梁文华-胸外科-主任医师-广州医科大学附属第一医院.jpg,36194,3016a277462eeb9ac03712dc2070ac1ad2f80815a3359c91447c0c23b13cd76b,FFD8FFDB0084000101010101,325,400,doctor原图,
崔飞,https://www.gyfyyy.cn/cn/ks/wk/xwk/doctor_115.html,实采,,https://www.gyfyyy.cn/images/doctor/CUIFEI.jpg,01_试点医院/广州医科大学附属第一医院/照片/崔飞-胸外科-主任医师-广州医科大学附属第一医院.jpg,39734,89cbb260d3aaaa79de61f8cfe2dbf3151be25008d0b3119baf9952dea74c6056,FFD8FFDB0084000101010101,325,400,doctor原图,
张亚雷,https://www.gyfyyy.cn/cn/ks/wk/xwk/doctor_116.html,实采,,https://www.gyfyyy.cn/images/doctor/ZHANGYALEI.jpg,01_试点医院/广州医科大学附属第一医院/照片/张亚雷-胸外科-副主任医师-广州医科大学附属第一医院.jpg,42004,2da5985ab98a538ebff5fc110301519b2753747ac22f956aa6f44a9c5f129d25,FFD8FFDB0084000101010101,325,400,doctor原图,
曾国华,https://www.gyfyyy.cn/cn/ks/wk/bnwk/doctor_118.html,实采,,https://www.gyfyyy.cn/images/doctor/CENGGUOHUA.jpg,01_试点医院/广州医科大学附属第一医院/照片/曾国华-泌尿外科-主任医师-广州医科大学附属第一医院.jpg,85731,3b3d3135ca58b9bf02b536442ee14269f899e7570f1b8f15063736433122a3f3,FFD8FFDB0084000101010101,325,400,doctor原图,
古迪,https://www.gyfyyy.cn/cn/ks/wk/bnwk/doctor_120.html,实采,,https://www.gyfyyy.cn/images/doctor/GUDI.jpg,01_试点医院/广州医科大学附属第一医院/照片/古迪-泌尿外科-主任医师-广州医科大学附属第一医院.jpg,40029,7991a2ee168b39a25865bc95005eba51c3f75d88edc2ab82c06ba521fa22afd9,FFD8FFDB0084000101010101,325,400,doctor原图,
钟东亮,https://www.gyfyyy.cn/cn/ks/wk/bnwk/doctor_123.html,实采,,https://www.gyfyyy.cn/Upload/202201/637775928005273159.jpg,01_试点医院/广州医科大学附属第一医院/照片/钟东亮-泌尿外科-主任医师-广州医科大学附属第一医院.jpg,79172,493d400284f45c7880d7339d74885a97ee03954940db2896207f2b3d24876912,FFD8FFDB0084000101010101,325,400,Upload原图,
雷鸣,https://www.gyfyyy.cn/cn/ks/wk/bnwk/doctor_124.html,实采,,https://www.gyfyyy.cn/Upload/202201/637775920295882920.jpg,01_试点医院/广州医科大学附属第一医院/照片/雷鸣-泌尿外科-主任医师-广州医科大学附属第一医院.jpg,49488,c4a86626942e1c612445020d22a3118330ca32b5ff6551dcb016c37e6494e425,FFD8FFDB0084000101010101,325,400,Upload原图,
郭彬,https://www.gyfyyy.cn/cn/ks/wk/bnwk/doctor_125.html,实采,,https://www.gyfyyy.cn/images/doctor/GUOBIN.jpg,01_试点医院/广州医科大学附属第一医院/照片/郭彬-泌尿外科-主任医师-广州医科大学附属第一医院.jpg,44727,74ee738c28dc560e1a77682310bd7153ea2a09f95d28ea4f7301a33fb2caca24,FFD8FFDB0084000101010101,325,400,doctor原图,
刘冠炤,https://www.gyfyyy.cn/cn/ks/wk/bnwk/doctor_126.html,实采,,https://www.gyfyyy.cn/images/doctor/LIUGUANZHAO.jpg,01_试点医院/广州医科大学附属第一医院/照片/刘冠炤-泌尿外科-主任医师-广州医科大学附属第一医院.jpg,41860,a111dfdb96b50d02940d57edf5b5932e2185bb9a68cf8f54a5c61cd1636356ba,FFD8FFDB0084000101010101,325,400,doctor原图,
王露萍,https://www.gyfyyy.cn/cn/ks/wk/bnwk/doctor_127.html,实采,,https://www.gyfyyy.cn/images/doctor/WANGLUPING.jpg,01_试点医院/广州医科大学附属第一医院/照片/王露萍-泌尿外科-副主任医师-广州医科大学附属第一医院.jpg,40588,10fba9294446308fc4204783f3314807de0a9d9abcb8400936d1d181a0e40f03,FFD8FFDB0084000101010101,325,400,doctor原图,
陈文忠,https://www.gyfyyy.cn/cn/ks/wk/bnwk/doctor_128.html,实采,,https://www.gyfyyy.cn/images/doctor/CHENWENZHONG.jpg,01_试点医院/广州医科大学附属第一医院/照片/陈文忠-泌尿外科-主任医师-广州医科大学附属第一医院.jpg,38586,f6cc47f9e6cba9e53d497b7e713dfa720024ee0f1b368527cc9611520af0b9d2,FFD8FFDB0084000101010101,325,400,doctor原图,
张泽,https://www.gyfyyy.cn/cn/ks/wk/bnwk/doctor_130.html,实采,,https://www.gyfyyy.cn/Upload/202208/637951184552228240.jpg,01_试点医院/广州医科大学附属第一医院/照片/张泽-泌尿外科-主任医师-广州医科大学附属第一医院.jpg,52096,33d4559f658354ca1133e8bf4f2ecf7508e026de1f3c83ef44285d57031aaf10,FFD8FFE20C584943435F5052,325,400,Upload原图,
刘永达,https://www.gyfyyy.cn/cn/ks/wk/bnwk/doctor_131.html,实采,,https://www.gyfyyy.cn/images/doctor/LIUYONGDA.jpg,01_试点医院/广州医科大学附属第一医院/照片/刘永达-泌尿外科-主任医师-广州医科大学附属第一医院.jpg,41250,87780d7f5441786f15444ecb2159d304dc4e7e867e04be6e09aa1c57ebb439f6,FFD8FFDB0084000101010101,325,400,doctor原图,
卢小刚,https://www.gyfyyy.cn/cn/ks/wk/bnwk/doctor_132.html,实采,,https://www.gyfyyy.cn/images/doctor/LUXIAOGANG.jpg,01_试点医院/广州医科大学附属第一医院/照片/卢小刚-泌尿外科-副主任医师-广州医科大学附属第一医院.jpg,40633,f2d12a82559964ed7068a7d7c33d3a67012c12369add5a980f9dc5c385ae8e71,FFD8FFDB0084000101010101,325,400,doctor原图,
卢伟杰,https://www.gyfyyy.cn/cn/ks/wk/gjwk/doctor_133.html,实采,,https://www.gyfyyy.cn/images/doctor/LUWEIJIE.jpg,01_试点医院/广州医科大学附属第一医院/照片/卢伟杰-关节外科-主任医师-广州医科大学附属第一医院.jpg,37471,d9066fa90120da6038127db3f400ea4247684851ab26c652693ef5bb30a52fb3,FFD8FFDB0084000101010101,325,400,doctor原图,
白波,https://www.gyfyyy.cn/cn/ks/wk/gjwk/doctor_135.html,实采,,https://www.gyfyyy.cn/images/doctor/BAIBO.jpg,01_试点医院/广州医科大学附属第一医院/照片/白波-关节外科-主任医师-广州医科大学附属第一医院.jpg,36513,1e7cd7879375a89ad2fb96ae04a645c806ccf2d2ddcbfc7ca1289426e57dd404,FFD8FFDB0084000101010101,325,400,doctor原图,
卢永辉,https://www.gyfyyy.cn/cn/ks/wk/gjwk/doctor_139.html,实采,,https://www.gyfyyy.cn/images/doctor/LUYONGHUI.jpg,01_试点医院/广州医科大学附属第一医院/照片/卢永辉-关节外科-主任医师-广州医科大学附属第一医院.jpg,40398,e03a7c1d0aac1defa19e36ed7c4fad5ea835080849dd4a0addb39c04f1279c10,FFD8FFDB0084000101010101,325,400,doctor原图,
董伟强,https://www.gyfyyy.cn/cn/ks/wk/gjwk/doctor_142.html,实采,,https://www.gyfyyy.cn/images/doctor/DONGWEIQIANG.jpg,01_试点医院/广州医科大学附属第一医院/照片/董伟强-关节外科-主任医师-广州医科大学附属第一医院.jpg,39974,d895a36472f80090ac9add8abdcd920bf0e191862c0ad3deb79849c6a557e7ca,FFD8FFDB0084000101010101,325,400,doctor原图,
陈东峰,https://www.gyfyyy.cn/cn/ks/wk/gjwk/doctor_143.html,实采,,https://www.gyfyyy.cn/images/doctor/CHENDONGFENG.jpg,01_试点医院/广州医科大学附属第一医院/照片/陈东峰-关节外科-副主任医师-广州医科大学附属第一医院.jpg,39807,26e88363c63cf5eae92110b8fe8e837d01bfa4123bb1619dcf1bfa1c1054a5a7,FFD8FFDB0084000101010101,325,400,doctor原图,
严广斌,https://www.gyfyyy.cn/cn/ks/wk/gjwk/doctor_145.html,实采,,https://www.gyfyyy.cn/images/doctor/YANGUANGBIN.jpg,01_试点医院/广州医科大学附属第一医院/照片/严广斌-关节外科-主任医师-广州医科大学附属第一医院.jpg,38582,da844ed9031dd7850d5314a5e1d03373266f91801f4d6ca7ee3c0ec7633c2ac6,FFD8FFDB0084000101010101,325,400,doctor原图,
刘衍民,https://www.gyfyyy.cn/cn/ks/wk/gdwk/doctor_148.html,实采,,https://www.gyfyyy.cn/images/doctor/LIUYANMIN.jpg,01_试点医院/广州医科大学附属第一医院/照片/刘衍民-肝胆外科-主任医师-广州医科大学附属第一医院.jpg,42058,b83558be9be5cd365b6e8c28707deb0d919d44dfd6d63e9890937caac0afed5b,FFD8FFDB0084000101010101,325,400,doctor原图,
王平,https://www.gyfyyy.cn/cn/ks/wk/gdwk/doctor_150.html,实采,,https://www.gyfyyy.cn/images/doctor/WANGPING.jpg,01_试点医院/广州医科大学附属第一医院/照片/王平-肝胆外科-主任医师-广州医科大学附属第一医院.jpg,39355,a109c18fe00d1afb3b35fc9a4bf4aee62d0d293cec7f2764f1978f6bcb088cc5,FFD8FFDB0084000101010101,325,400,doctor原图,
岑钧华,https://www.gyfyyy.cn/cn/ks/wk/gdwk/doctor_151.html,实采,,https://www.gyfyyy.cn/Upload/202410/638659044268332973.jpg,01_试点医院/广州医科大学附属第一医院/照片/岑钧华-肝胆外科-主任医师-广州医科大学附属第一医院.jpg,69654,e72ee46b522c262587bdb861469e6afe95bfb59833670276d7a0d3d746d2af61,FFD8FFE000104A4649460001,945,1417,Upload原图,
方天翎,https://www.gyfyyy.cn/cn/ks/wk/gdwk/doctor_152.html,实采,,https://www.gyfyyy.cn/Upload/202410/638659044476671538.jpg,01_试点医院/广州医科大学附属第一医院/照片/方天翎-肝胆外科-副主任医师-广州医科大学附属第一医院.jpg,136635,2ae80af01ab0bde91d6153ddc1bd42b9f5050d5a7cfc315f42b526e370d46c07,FFD8FFE000104A4649460001,1333,2000,Upload原图,
周才明,https://www.gyfyyy.cn/cn/ks/wk/gdwk/doctor_153.html,实采,,https://www.gyfyyy.cn/images/doctor/ZHOUCAIMING.jpg,01_试点医院/广州医科大学附属第一医院/照片/周才明-肝胆外科-主任医师-广州医科大学附属第一医院.jpg,43470,c1916a6768fae7e72501bf93c243b1fb45cac820b28efc23d4bcdb5aa6187c2b,FFD8FFDB0084000101010101,325,400,doctor原图,
陈劲松,https://www.gyfyyy.cn/cn/ks/wk/wcwk/doctor_155.html,实采,,https://www.gyfyyy.cn/images/doctor/CHENJINSONG.jpg,01_试点医院/广州医科大学附属第一医院/照片/陈劲松-胃肠外科-主任医师-广州医科大学附属第一医院.jpg,40150,d9edc46044dc90007307af99d50e0e44c2f52828369c71061d5a319e7198a378,FFD8FFDB0084000101010101,325,400,doctor原图,
陈远光,https://www.gyfyyy.cn/cn/ks/wk/wcwk/doctor_157.html,实采,,https://www.gyfyyy.cn/images/doctor/CHENYUANGUANG.jpg,01_试点医院/广州医科大学附属第一医院/照片/陈远光-胃肠外科-主任医师-广州医科大学附属第一医院.jpg,39839,a6f76ba8adc4f48aac2c010aae1a7703b9876f22170a7625c48e22052f46cb51,FFD8FFDB0084000101010101,325,400,doctor原图,
胡明,https://www.gyfyyy.cn/cn/ks/wk/wcwk/doctor_160.html,实采,,https://www.gyfyyy.cn/images/doctor/HUMING.jpg,01_试点医院/广州医科大学附属第一医院/照片/胡明-胃肠外科-主任医师-广州医科大学附属第一医院.jpg,35770,2c3c13468c1f47b1bd0c190005dd707f4417534c06b2ee975958c77675d743d0,FFD8FFDB0084000101010101,325,400,doctor原图,
黄炯强,https://www.gyfyyy.cn/cn/ks/wk/wcwk/doctor_161.html,实采,,https://www.gyfyyy.cn/Upload/202201/637786448219130520.jpg,01_试点医院/广州医科大学附属第一医院/照片/黄炯强-胃肠外科-主任医师-广州医科大学附属第一医院.jpg,80821,e66258c5e1f78e899f156059b3dd2f98c60a06d2a69be774156c7107c2be2361,FFD8FFDB0084000101010101,325,400,Upload原图,
程国雄,https://www.gyfyyy.cn/cn/ks/wk/sjwk/doctor_163.html,实采,,https://www.gyfyyy.cn/images/doctor/CHENGGUOXIONG.jpg,01_试点医院/广州医科大学附属第一医院/照片/程国雄-神经外科-副主任医师-广州医科大学附属第一医院.jpg,42665,5b9add5b543e29b7f7732dc40c995b1bde966d266374a5162aef5bc92d459952,FFD8FFDB0084000101010101,325,400,doctor原图,
瞿文军,https://www.gyfyyy.cn/cn/ks/wk/sjwk/doctor_164.html,实采,,https://www.gyfyyy.cn/images/doctor/QUWENJUN.jpg,01_试点医院/广州医科大学附属第一医院/照片/瞿文军-神经外科-主任医师-广州医科大学附属第一医院.jpg,38477,fbc213c7d58ec801ef773dee1dba192456eecf9e5d50aa1524dd999013823c52,FFD8FFDB0084000101010101,325,400,doctor原图,
何俊德,https://www.gyfyyy.cn/cn/ks/wk/sjwk/doctor_165.html,实采,,https://www.gyfyyy.cn/images/doctor/HEJUNDE.jpg,01_试点医院/广州医科大学附属第一医院/照片/何俊德-神经外科-主任医师-广州医科大学附属第一医院.jpg,38973,fd6fdae114b34a93869b4f59df2da6ec33296b4137a5d3c5c2a3e1a0433bfbe5,FFD8FFDB0084000101010101,325,400,doctor原图,
陈葆,https://www.gyfyyy.cn/cn/ks/wk/sjwk/doctor_167.html,实采,,https://www.gyfyyy.cn/images/doctor/CHENBAO.jpg,01_试点医院/广州医科大学附属第一医院/照片/陈葆-神经外科-副主任医师-广州医科大学附属第一医院.jpg,36650,830f70458deaa6384471af3db1aa6c8ea7f09036ae47f69c17ac26bcd79a888a,FFD8FFDB0084000101010101,325,400,doctor原图,
唐炜,https://www.gyfyyy.cn/cn/ks/wk/rxwk/doctor_169.html,实采,,https://www.gyfyyy.cn/images/doctor/TANGWEI.jpg,01_试点医院/广州医科大学附属第一医院/照片/唐炜-乳腺外科-副主任医师-广州医科大学附属第一医院.jpg,37221,a4c956edd77e780139533307889c7da744b7467d08a2c0bf5079ef18f7fe9fbb,FFD8FFDB0084000101010101,325,400,doctor原图,
曹浩财,https://www.gyfyyy.cn/cn/ks/qtzk/jgk/doctor_171.html,实采,,https://www.gyfyyy.cn/images/doctor/CAOHAOCAI.jpg,01_试点医院/广州医科大学附属第一医院/照片/曹浩财-激光科-副主任医师-广州医科大学附属第一医院.jpg,39327,0e977623bf438af1592752b1ba2faf9f1254c9ca49d0332285dbacca403108d3,FFD8FFDB0084000101010101,325,400,doctor原图,
冀航,https://www.gyfyyy.cn/cn/ks/wk/zxwk/doctor_172.html,实采,,https://www.gyfyyy.cn/images/doctor/JIHANG.jpg,01_试点医院/广州医科大学附属第一医院/照片/冀航-整形外科-副主任医师-广州医科大学附属第一医院.jpg,37077,81c8a20cf932db6dec95423f84f7b389bdb93a1adfdc2e2ee44ba3ea0e11807c,FFD8FFDB0084000101010101,325,400,doctor原图,
梁刚,https://www.gyfyyy.cn/cn/ks/wk/zxwk/doctor_173.html,实采,,https://www.gyfyyy.cn/images/doctor/LIANGGANG.jpg,01_试点医院/广州医科大学附属第一医院/照片/梁刚-整形外科-副主任医师-广州医科大学附属第一医院.jpg,43065,5e05156da314a9a11e11029699bd7411a7747b3847c2b4ba313d2798f9c31313,FFD8FFDB0084000101010101,325,400,doctor原图,
张志华,https://www.gyfyyy.cn/cn/ks/wk/zxwk/doctor_175.html,实采,,https://www.gyfyyy.cn/images/doctor/ZHANGZHIHUA.jpg,01_试点医院/广州医科大学附属第一医院/照片/张志华-整形外科-主任医师-广州医科大学附属第一医院.jpg,40761,476d0d15be53871a56dde07a8ff6305b7d80748a4645b5a7a138aec06a5f7ab4,FFD8FFDB0084000101010101,325,400,doctor原图,
杨伟文,https://www.gyfyyy.cn/cn/ks/wk/bnwk/doctor_176.html,实采,,https://www.gyfyyy.cn/images/doctor/YANGWEIWEN.jpg,01_试点医院/广州医科大学附属第一医院/照片/杨伟文-泌尿外科-副主任医师-广州医科大学附属第一医院.jpg,38019,e306ac18cc754a6c77160db3fefbc9cc29f2dde926fc3fb9690a7b175c86c175,FFD8FFDB0084000101010101,325,400,doctor原图,
谢少波,https://www.gyfyyy.cn/cn/ks/wk/xzwk/doctor_177.html,实采,,https://www.gyfyyy.cn/images/doctor/XIESHAOBO.jpg,01_试点医院/广州医科大学附属第一医院/照片/谢少波-心脏外科-主任医师-广州医科大学附属第一医院.jpg,39628,80f05f21ed91f3d3ec0e5fb1f7bac401e49aab86d1e29c3ff55fe6d6e097fd19,FFD8FFDB0084000101010101,325,400,doctor原图,
邓志校,https://www.gyfyyy.cn/cn/ks/fck/fk/doctor_184.html,实采,,https://www.gyfyyy.cn/images/doctor/DENGZHIXIAO.jpg,01_试点医院/广州医科大学附属第一医院/照片/邓志校-妇科-副主任医师-广州医科大学附属第一医院.jpg,42636,e35100dc82676ec1429a0526bd2e1f8a52f19855f8be3ed02397a305f7d0d84e,FFD8FFDB0084000101010101,325,400,doctor原图,
黎燕霞,https://www.gyfyyy.cn/cn/ks/fck/fk/doctor_185.html,实采,,https://www.gyfyyy.cn/images/doctor/LIYANXIA.jpg,01_试点医院/广州医科大学附属第一医院/照片/黎燕霞-妇科-副主任医师-广州医科大学附属第一医院.jpg,39774,d0605e8f06bd014b4ed5ce1444f023aee575d6fc6d52213bc705629d0380e4f7,FFD8FFDB0084000101010101,325,400,doctor原图,
胡淑君,https://www.gyfyyy.cn/cn/ks/fck/ck/doctor_187.html,实采,,https://www.gyfyyy.cn/images/doctor/HUSHUJUN.jpg,01_试点医院/广州医科大学附属第一医院/照片/胡淑君-产科-主任医师-广州医科大学附属第一医院.jpg,43940,563e790f77977d141561d907d75811a706dcbc4bee6b1f6573620e238c5517df,FFD8FFDB0084000101010101,325,400,doctor原图,
黄晓军,https://www.gyfyyy.cn/cn/ks/fck/fk/doctor_188.html,实采,,https://www.gyfyyy.cn/images/doctor/HUANGXIAOJUN.jpg,01_试点医院/广州医科大学附属第一医院/照片/黄晓军-妇科-主任医师-广州医科大学附属第一医院.jpg,36364,46ce89565841a4b1608cd3c199bc5e740e581697128024276bde2a316b87f00d,FFD8FFDB0084000101010101,325,400,doctor原图,
何志毅,https://www.gyfyyy.cn/cn/ks/fck/ck/doctor_189.html,实采,,https://www.gyfyyy.cn/images/doctor/HEZHIYI.jpg,01_试点医院/广州医科大学附属第一医院/照片/何志毅-产科-主任医师-广州医科大学附属第一医院.jpg,38291,902d01b3316639440b4113616e5b73c8daad961a909d0ef00188d42874540a51,FFD8FFDB0084000101010101,325,400,doctor原图,
谭伟坚,https://www.gyfyyy.cn/cn/ks/fck/fk/doctor_190.html,实采,,https://www.gyfyyy.cn/Upload/202203/637818280332256256.jpg,01_试点医院/广州医科大学附属第一医院/照片/谭伟坚-妇科-主任医师-广州医科大学附属第一医院.jpg,73745,cf8e962c62b6a9a0b02d9b4bbbd65737cf47629f5bdb54e4337aa52903f53cf5,FFD8FFDB0084000101010101,325,400,Upload原图,
汤佩玲,https://www.gyfyyy.cn/cn/ks/fck/fk/doctor_191.html,实采,,https://www.gyfyyy.cn/images/doctor/SHANGPEILING.jpg,01_试点医院/广州医科大学附属第一医院/照片/汤佩玲-妇科-副主任医师-广州医科大学附属第一医院.jpg,45085,64edc893a9f96fbfb16f72b17ec503ac98306a8f3034921ccbf6571cdfdd7533,FFD8FFDB0084000101010101,325,400,doctor原图,
曾爱群,https://www.gyfyyy.cn/cn/ks/fck/fk/doctor_192.html,实采,,https://www.gyfyyy.cn/images/doctor/CENGAIQUN.jpg,01_试点医院/广州医科大学附属第一医院/照片/曾爱群-妇科-副主任医师-广州医科大学附属第一医院.jpg,35733,e4fb638eed35da819bf3f1388f08698c89c0a233c96e52ab0191bcd78d1d6a56,FFD8FFDB0084000101010101,325,400,doctor原图,
宁映霞,https://www.gyfyyy.cn/cn/ks/fck/fk/doctor_194.html,实采,,https://www.gyfyyy.cn/Upload/202203/637825313449011128.jpg,01_试点医院/广州医科大学附属第一医院/照片/宁映霞-妇科-主任医师-广州医科大学附属第一医院.jpg,69968,de519ec11c6be5a5da2170b5fb43ab8d416c93d178a4753142e84e90ce06ab13,FFD8FFDB0084000101010101,325,400,Upload原图,
冯荣,https://www.gyfyyy.cn/cn/ks/fck/fk/doctor_197.html,实采,,https://www.gyfyyy.cn/images/doctor/FENGRONG.jpg,01_试点医院/广州医科大学附属第一医院/照片/冯荣-妇科-副主任医师-广州医科大学附属第一医院.jpg,38592,c955f0bfc2b50fda15d2c310bbc0a564eb7d5f3e0f9d8b67554922bcf33e97df,FFD8FFDB0084000101010101,325,400,doctor原图,
肖海群,https://www.gyfyyy.cn/cn/ks/fck/ck/doctor_200.html,实采,,https://www.gyfyyy.cn/images/doctor/XIAOHAIQUN.jpg,01_试点医院/广州医科大学附属第一医院/照片/肖海群-产科-副主任医师-广州医科大学附属第一医院.jpg,36346,dac0645a80181a0d4ac80c7fac5187a973905f1cf959736ad406ebce5c8851de,FFD8FFDB0084000101010101,325,400,doctor原图,
梁顺银,https://www.gyfyyy.cn/cn/ks/fck/ck/doctor_201.html,实采,,https://www.gyfyyy.cn/Upload/202203/637817419157403692.jpg,01_试点医院/广州医科大学附属第一医院/照片/梁顺银-产科-副主任医师-广州医科大学附属第一医院.jpg,70686,65d051c283c2b52bd82a5d3c1a51a0e5795793f2ce45c9e88a8f374034cd2a5e,FFD8FFDB0084000101010101,325,400,Upload原图,
杨存珍,https://www.gyfyyy.cn/cn/ks/fck/fk/doctor_202.html,实采,,https://www.gyfyyy.cn/images/doctor/YANGCUNZHEN.jpg,01_试点医院/广州医科大学附属第一医院/照片/杨存珍-妇科-副主任医师-广州医科大学附属第一医院.jpg,42300,022021c964d82e352c1b43c8a4aa91bbe4a178e4262d7bf2f898c00f4fb19cfd,FFD8FFDB0084000101010101,325,400,doctor原图,
徐丽珍,https://www.gyfyyy.cn/cn/ks/fck/fk/doctor_203.html,实采,,https://www.gyfyyy.cn/images/doctor/XULIZHEN.jpg,01_试点医院/广州医科大学附属第一医院/照片/徐丽珍-妇科-副主任医师-广州医科大学附属第一医院.jpg,40761,d0c6b2093c01dd873d3e3e6752a3716542dee9db54bf7d9db20c6b3cd01cb67f,FFD8FFDB0084000101010101,325,400,doctor原图,
徐丽珍,https://www.gyfyyy.cn/cn/ks/fck/nxpdzk/doctor_420.html,实采,,https://www.gyfyyy.cn/images/doctor/XULIZHEN.jpg,01_试点医院/广州医科大学附属第一医院/照片/徐丽珍-女性盆底专科-副主任医师-广州医科大学附属第一医院.jpg,40761,d0c6b2093c01dd873d3e3e6752a3716542dee9db54bf7d9db20c6b3cd01cb67f,FFD8FFDB0084000101010101,325,400,doctor原图,
陈德晖,https://www.gyfyyy.cn/cn/ks/ek/ek/doctor_205.html,实采,,https://www.gyfyyy.cn/images/doctor/CHENDEHUI.jpg,01_试点医院/广州医科大学附属第一医院/照片/陈德晖-儿科-主任医师-广州医科大学附属第一医院.jpg,43867,034e81371a625ed8295dac0a7946c5ddae2da31b8420a10bffe6930cfe968f04,FFD8FFDB0084000101010101,325,400,doctor原图,
邹亚伟,https://www.gyfyyy.cn/cn/ks/ek/ek/doctor_207.html,实采,,https://www.gyfyyy.cn/images/doctor/ZOUYAWEI.jpg,01_试点医院/广州医科大学附属第一医院/照片/邹亚伟-儿科-主任医师-广州医科大学附属第一医院.jpg,41613,0751ccdb0b7426b41a6bc8af60b75c329e36dd12b4a22f4a11e78377cd1b1cfa,FFD8FFDB0084000101010101,325,400,doctor原图,
黄穗,https://www.gyfyyy.cn/cn/ks/ek/ek/doctor_208.html,实采,,https://www.gyfyyy.cn/images/doctor/HUANGSUI.jpg,01_试点医院/广州医科大学附属第一医院/照片/黄穗-儿科-主任医师-广州医科大学附属第一医院.jpg,37374,13f02a050f42aa35b109435a966d8255d5616985a2ef14f31bd509f2d9a15f85,FFD8FFDB0084000101010101,325,400,doctor原图,
湛洁谊,https://www.gyfyyy.cn/cn/ks/ek/ek/doctor_211.html,实采,,https://www.gyfyyy.cn/images/doctor/ZHANJIEYI.jpg,01_试点医院/广州医科大学附属第一医院/照片/湛洁谊-儿科-主任医师-广州医科大学附属第一医院.jpg,35351,8fbfccae083c267658f559a9ed757ebe396ff83da2170b90f330302d9f0e572c,FFD8FFDB0084000101010101,325,400,doctor原图,
林育能,https://www.gyfyyy.cn/cn/ks/ek/ek/doctor_212.html,实采,,https://www.gyfyyy.cn/images/doctor/LINYUNENG.jpg,01_试点医院/广州医科大学附属第一医院/照片/林育能-儿科-主任医师-广州医科大学附属第一医院.jpg,89413,5b63a5f30ec0d97ead02afbf952e2d622362bef2318312e60ee82b8f959f6415,FFD8FFDB0084000101010101,325,400,doctor原图,
卢成瑜,https://www.gyfyyy.cn/cn/ks/ek/ek/doctor_213.html,实采,,https://www.gyfyyy.cn/images/doctor/LUCHENGYU.jpg,01_试点医院/广州医科大学附属第一医院/照片/卢成瑜-儿科-主任医师-广州医科大学附属第一医院.jpg,36871,3063c5f90c4b676a78a463c50e691931b75bda7f82eae9bd409c5268db84846b,FFD8FFDB0084000101010101,325,400,doctor原图,
潘小安,https://www.gyfyyy.cn/cn/ks/ek/ek/doctor_214.html,实采,,https://www.gyfyyy.cn/images/doctor/PANXIAOAN.jpg,01_试点医院/广州医科大学附属第一医院/照片/潘小安-儿科-副主任医师-广州医科大学附属第一医院.jpg,42177,bd536fb096728af43b44f7667f3698069b10f1a383ff941251418e6e02483872,FFD8FFDB0084000101010101,325,400,doctor原图,
蔡勇,https://www.gyfyyy.cn/cn/ks/ek/ek/doctor_216.html,实采,,https://www.gyfyyy.cn/images/doctor/CAIYONG.jpg,01_试点医院/广州医科大学附属第一医院/照片/蔡勇-儿科-主任医师-广州医科大学附属第一医院.jpg,41912,0a66614c74c8915ff97b756cb12bac4390c4d3e0ecdc8c07d921b62217bef92f,FFD8FFDB0084000101010101,325,400,doctor原图,
叶志英,https://www.gyfyyy.cn/cn/ks/ek/ek/doctor_218.html,实采,,https://www.gyfyyy.cn/images/doctor/YEZHIYING.jpg,01_试点医院/广州医科大学附属第一医院/照片/叶志英-儿科-副主任医师-广州医科大学附属第一医院.jpg,40057,d3937dba294bb34adaabce68aa7b5379d72c4a9da70ffe4de33bf9250c18976a,FFD8FFDB0084000101010101,325,400,doctor原图,
钟帼钰,https://www.gyfyyy.cn/cn/ks/ek/ek/doctor_219.html,实采,,https://www.gyfyyy.cn/images/doctor/ZHONGGUOYU.jpg,01_试点医院/广州医科大学附属第一医院/照片/钟帼钰-儿科-主任医师-广州医科大学附属第一医院.jpg,34163,8b5c55fda5445bb4c5ff047e9c454226859555e92cbc2a3b0240b15e49e30316,FFD8FFDB0084000101010101,325,400,doctor原图,
翟莺莺,https://www.gyfyyy.cn/cn/ks/ek/ek/doctor_221.html,实采,,https://www.gyfyyy.cn/images/doctor/DIYINGYING.jpg,01_试点医院/广州医科大学附属第一医院/照片/翟莺莺-儿科-主任医师-广州医科大学附属第一医院.jpg,34239,77e64c64b84ebac78bbe262c6da0a7a18e12fb6396d2c7a7563e65847780eba9,FFD8FFDB0084000101010101,325,400,doctor原图,
张志敏,https://www.gyfyyy.cn/cn/ks/zyk/zyk/doctor_222.html,实采,,https://www.gyfyyy.cn/images/doctor/ZHANGZHIMIN.jpg,01_试点医院/广州医科大学附属第一医院/照片/张志敏-中医科-主任医师-广州医科大学附属第一医院.jpg,33918,dca122b2640d92fb55e26fd8544a1cc891b760f34010c112c76676d08ee4f92f,FFD8FFDB0084000101010101,325,400,doctor原图,
马红霞,https://www.gyfyyy.cn/cn/ks/zyk/zyk/doctor_223.html,实采,,https://www.gyfyyy.cn/images/doctor/MAGONGXIA.jpg,01_试点医院/广州医科大学附属第一医院/照片/马红霞-中医科-主任医师-广州医科大学附属第一医院.jpg,36518,6182ecce6c51c56249c52f1f1a85df3949b16222d1fe27ac4d3d113c44a7b344,FFD8FFDB0084000101010101,325,400,doctor原图,
潘俊辉,https://www.gyfyyy.cn/cn/ks/zyk/zyk/doctor_224.html,实采,,https://www.gyfyyy.cn/images/doctor/PANJUNHUI.jpg,01_试点医院/广州医科大学附属第一医院/照片/潘俊辉-中医科-主任医师-广州医科大学附属第一医院.jpg,38487,5c6123e816fbeab5e585d372452cb381e33cd51a04e93c5079e12869e6a8a78d,FFD8FFDB0084000101010101,325,400,doctor原图,
杨群玉,https://www.gyfyyy.cn/cn/ks/zyk/zyk/doctor_226.html,实采,,https://www.gyfyyy.cn/images/doctor/YANGQUNYU.jpg,01_试点医院/广州医科大学附属第一医院/照片/杨群玉-中医科-主任医师-广州医科大学附属第一医院.jpg,35590,864c28917066550da350d77e5c62840a382f45db07717417b387cc0fa87edfa1,FFD8FFDB0084000101010101,325,400,doctor原图,
邱志楠,https://www.gyfyyy.cn/cn/ks/zyk/zyk/doctor_227.html,实采,,https://www.gyfyyy.cn/Upload/202410/638659057116929102.jpg,01_试点医院/广州医科大学附属第一医院/照片/邱志楠-中医科-主任医师-广州医科大学附属第一医院.jpg,3473,e5e14466982a3b5007f7c11702dc4a3bce8f97efa3aa8f52a6d8bbc4aed8d09f,FFD8FFE000104A4649460001,100,145,Upload原图,
任培华,https://www.gyfyyy.cn/cn/ks/zyk/zyk/doctor_228.html,实采,,https://www.gyfyyy.cn/images/doctor/RENPEIHUA.jpg,01_试点医院/广州医科大学附属第一医院/照片/任培华-中医科-主任医师-广州医科大学附属第一医院.jpg,40195,a27cd55dae6122692e356cfc59ae9d7e9a0a8739667551b7abd1dc65d6c2ec5d,FFD8FFDB0084000101010101,325,400,doctor原图,
任培华,https://www.gyfyyy.cn/cn/ks/zyk/zxyjk/doctor_321.html,实采,,https://www.gyfyyy.cn/images/doctor/RENPEIHUA.jpg,01_试点医院/广州医科大学附属第一医院/照片/任培华-中西医结合科-副主任医师-广州医科大学附属第一医院.jpg,40195,a27cd55dae6122692e356cfc59ae9d7e9a0a8739667551b7abd1dc65d6c2ec5d,FFD8FFDB0084000101010101,325,400,doctor原图,
武志娟,https://www.gyfyyy.cn/cn/ks/zyk/zyk/doctor_229.html,实采,,https://www.gyfyyy.cn/images/doctor/WUZHIJUAN.jpg,01_试点医院/广州医科大学附属第一医院/照片/武志娟-中医科-主任医师-广州医科大学附属第一医院.jpg,37946,3b2dd58ce252827403857497b087d174ee3c378d9bee21425bf33ebd9ca4fe19,FFD8FFDB0084000101010101,325,400,doctor原图,
赖毛华,https://www.gyfyyy.cn/cn/ks/zyk/zyk/doctor_230.html,实采,,https://www.gyfyyy.cn/images/doctor/LAIMAOHUA.jpg,01_试点医院/广州医科大学附属第一医院/照片/赖毛华-中医科-主任医师-广州医科大学附属第一医院.jpg,74833,155d5b8d92f399d740d8d455151f089c10223521ae73c1fbc0bdc7043176b9b8,FFD8FFDB0084000101010101,325,400,doctor原图,
叶振宇,https://www.gyfyyy.cn/cn/ks/zyk/zyk/doctor_231.html,实采,,https://www.gyfyyy.cn/images/doctor/YEZHENYU.jpg,01_试点医院/广州医科大学附属第一医院/照片/叶振宇-中医科-主任医师-广州医科大学附属第一医院.jpg,40027,ac9b7234fcf06a78b551ccdbd29ecdc13e11858fcacc6b147fe582c41c75285b,FFD8FFDB0084000101010101,325,400,doctor原图,
杨辉,https://www.gyfyyy.cn/cn/ks/zyk/zyk/doctor_232.html,实采,,https://www.gyfyyy.cn/images/doctor/YANGHUI.jpg,01_试点医院/广州医科大学附属第一医院/照片/杨辉-中医科-主任医师-广州医科大学附属第一医院.jpg,35513,fb7b01ada5a91cda2b7f15f3849b1d3bde6ee85cc9ee5cee62970d67385371c1,FFD8FFDB0084000101010101,325,400,doctor原图,
范萍,https://www.gyfyyy.cn/cn/ks/zyk/zyk/doctor_233.html,实采,,https://www.gyfyyy.cn/images/doctor/FANPING.jpg,01_试点医院/广州医科大学附属第一医院/照片/范萍-中医科-主任医师-广州医科大学附属第一医院.jpg,37263,194220006bc93ed991c861b6c0c87ff9b816553be2414f2392f6c15fafd4e6da,FFD8FFDB0084000101010101,325,400,doctor原图,
朱琳,https://www.gyfyyy.cn/cn/ks/zyk/zyk/doctor_234.html,实采,,https://www.gyfyyy.cn/images/doctor/ZHULIN.jpg,01_试点医院/广州医科大学附属第一医院/照片/朱琳-中医科-主任医师-广州医科大学附属第一医院.jpg,38313,f4a33cd19edb59b1069eb1d03341f8ae956d6972dc5cba1231636fb641bc07ca,FFD8FFDB0084000101010101,325,400,doctor原图,
喻清和,https://www.gyfyyy.cn/cn/ks/zyk/zyk/doctor_235.html,实采,,https://www.gyfyyy.cn/images/doctor/YUQINGHE.jpg,01_试点医院/广州医科大学附属第一医院/照片/喻清和-中医科-主任医师-广州医科大学附属第一医院.jpg,36634,85d526c13dbeed603ffd5fcd133d6b160fd15f17b427d4a15969b11d33eb0721,FFD8FFDB0084000101010101,325,400,doctor原图,
郑湘宏,https://www.gyfyyy.cn/cn/ks/zyk/zyk/doctor_236.html,实采,,https://www.gyfyyy.cn/images/doctor/ZHENGXIANGHONG.jpg,01_试点医院/广州医科大学附属第一医院/照片/郑湘宏-中医科-主任医师-广州医科大学附属第一医院.jpg,40763,2664680a2e37bc798718698e05179519e07e880b9521b431e91afa6b32bbe5c3,FFD8FFDB0084000101010101,325,400,doctor原图,
刘华,https://www.gyfyyy.cn/cn/ks/zyk/zyk/doctor_237.html,实采,,https://www.gyfyyy.cn/images/doctor/LIUHUA.jpg,01_试点医院/广州医科大学附属第一医院/照片/刘华-中医科-主任医师-广州医科大学附属第一医院.jpg,40732,854729af2c71f2023cca1b475ce669f7c080c01099aa1b45f0cdc6096801a4f3,FFD8FFDB0084000101010101,325,400,doctor原图,
王峰,https://www.gyfyyy.cn/cn/ks/zyk/zyk/doctor_239.html,实采,,https://www.gyfyyy.cn/Upload/202410/638659057378537003.jpg,01_试点医院/广州医科大学附属第一医院/照片/王峰-中医科-副主任医师-广州医科大学附属第一医院.jpg,3294,585aab6769a135f3dd679e1d993309da329b767e5fcd886b756b03ff36fcb6de,FFD8FFE000104A4649460001,100,145,Upload原图,
张大鹏,https://www.gyfyyy.cn/cn/ks/zyk/zyk/doctor_242.html,实采,,https://www.gyfyyy.cn/images/doctor/ZHANGDAPENG.jpg,01_试点医院/广州医科大学附属第一医院/照片/张大鹏-中医科-副主任医师-广州医科大学附属第一医院.jpg,39036,6bfca384be23477d6fee1c62bd453f01dcddb3a9fe822f53bfb19af2ed2aa11f,FFD8FFDB0084000101010101,325,400,doctor原图,
梁子敬,https://www.gyfyyy.cn/cn/ks/jzk/doctor_245.html,实采,,https://www.gyfyyy.cn/images/doctor/LIANGZIJING.jpg,01_试点医院/广州医科大学附属第一医院/照片/梁子敬-急诊科-主任医师-广州医科大学附属第一医院.jpg,78413,585b629524b3b33c270af113bc5a150a14f113bb0539523925aa8bfdc8e96495,FFD8FFDB0084000101010101,325,400,doctor原图,
黄伟青,https://www.gyfyyy.cn/cn/ks/jzk/doctor_247.html,实采,,https://www.gyfyyy.cn/images/doctor/HUANGWEIQING.jpg,01_试点医院/广州医科大学附属第一医院/照片/黄伟青-急诊科-主任医师-广州医科大学附属第一医院.jpg,93437,f3b414fcd063a31c1fbb2a96b2b448e3d70b070d92391eb578acede7d38b4850,FFD8FFDB0084000101010101,325,400,doctor原图,
尹伦辉,https://www.gyfyyy.cn/cn/ks/qtzk/kfk/doctor_249.html,实采,,https://www.gyfyyy.cn/images/doctor/YINLUNHUI.jpg,01_试点医院/广州医科大学附属第一医院/照片/尹伦辉-康复科-主任医师-广州医科大学附属第一医院.jpg,44652,5ab7d0848d248fb50ce30ba0f999a3744a3b0981f7e30f70fc30097bccb2f2d5,FFD8FFDB0084000101010101,325,400,doctor原图,
何惠莲,https://www.gyfyyy.cn/cn/ks/qtzk/kfk/doctor_250.html,实采,,https://www.gyfyyy.cn/images/doctor/HEHUILIAN.jpg,01_试点医院/广州医科大学附属第一医院/照片/何惠莲-康复科-副主任医师-广州医科大学附属第一医院.jpg,36398,a70f59dc321087a56094ad2b2931b0a9841ba89cd392a3d8d46b21bfe4b9f142,FFD8FFDB0084000101010101,325,400,doctor原图,
程浩,https://www.gyfyyy.cn/cn/ks/qtzk/yk/doctor_252.html,实采,,https://www.gyfyyy.cn/images/doctor/CHENGHAO.jpg,01_试点医院/广州医科大学附属第一医院/照片/程浩-眼科-主任医师-广州医科大学附属第一医院.jpg,39354,9847b16f7662aebca7d02a729ba9481a067fa241e590251286557e22575b1654,FFD8FFDB0084000101010101,325,400,doctor原图,
路晓明,https://www.gyfyyy.cn/cn/ks/qtzk/yk/doctor_253.html,实采,,https://www.gyfyyy.cn/images/doctor/LUXIAOMING.jpg,01_试点医院/广州医科大学附属第一医院/照片/路晓明-眼科-副主任医师-广州医科大学附属第一医院.jpg,38586,5516702d5a3f48ed13c226d0e45d3a7aeb1d1ca94e694b77f36f0eeebb78f43b,FFD8FFDB0084000101010101,325,400,doctor原图,
黎健菁,https://www.gyfyyy.cn/cn/ks/qtzk/yk/doctor_254.html,实采,,https://www.gyfyyy.cn/images/doctor/LIJIANJING.jpg,01_试点医院/广州医科大学附属第一医院/照片/黎健菁-眼科-主任医师-广州医科大学附属第一医院.jpg,44145,74be701c2e01d31b163f224e053c10d30e29de531e085a93d063830ab1cf5126,FFD8FFDB0084000101010101,325,400,doctor原图,
刘琳,https://www.gyfyyy.cn/cn/ks/qtzk/yk/doctor_255.html,实采,,https://www.gyfyyy.cn/images/doctor/LIULIN.jpg,01_试点医院/广州医科大学附属第一医院/照片/刘琳-眼科-副主任医师-广州医科大学附属第一医院.jpg,75302,0a73a0ea61a163d5aaa42cc96a199f4508cd8137e13fb0042dc2222fcba70b72,FFD8FFDB0084000101010101,325,400,doctor原图,
张树标,https://www.gyfyyy.cn/cn/ks/qtzk/kqk/doctor_258.html,实采,,https://www.gyfyyy.cn/images/doctor/ZHANGSHUBIAO.jpg,01_试点医院/广州医科大学附属第一医院/照片/张树标-口腔科-主任医师-广州医科大学附属第一医院.jpg,41380,18f44203055167ef89aebd20869275195c17b0109d8bcb86013ba91ce06e3720,FFD8FFDB0084000101010101,325,400,doctor原图,
吉建新,https://www.gyfyyy.cn/cn/ks/qtzk/kqk/doctor_259.html,实采,,https://www.gyfyyy.cn/images/doctor/JIJIANXIN.jpg,01_试点医院/广州医科大学附属第一医院/照片/吉建新-口腔科-主任医师-广州医科大学附属第一医院.jpg,40562,b1442a0410f4bf3c4877e8b719456498dc8caa0ed947e76f8310550893f26456,FFD8FFDB0084000101010101,325,400,doctor原图,
王敬旭,https://www.gyfyyy.cn/cn/ks/qtzk/kqk/doctor_260.html,实采,,https://www.gyfyyy.cn/images/doctor/WANGJINGXU.jpg,01_试点医院/广州医科大学附属第一医院/照片/王敬旭-口腔科-主任医师-广州医科大学附属第一医院.jpg,38738,888060c8c010309d794c7dcc3492ed39f8e3232d6ec20e7ab8ca55228a4cc61b,FFD8FFDB0084000101010101,325,400,doctor原图,
余伟明,https://www.gyfyyy.cn/cn/ks/qtzk/kqk/doctor_261.html,实采,,https://www.gyfyyy.cn/images/doctor/YUWEIMING.jpg,01_试点医院/广州医科大学附属第一医院/照片/余伟明-口腔科-副主任医师-广州医科大学附属第一医院.jpg,39157,762c5ac53607edf3091f0bf8731c3de424a9cabd07b298a024afb08b909b2424,FFD8FFDB0084000101010101,325,400,doctor原图,
易晓辉,https://www.gyfyyy.cn/cn/ks/qtzk/kqk/doctor_262.html,实采,,https://www.gyfyyy.cn/images/doctor/YIXIAOHUI.jpg,01_试点医院/广州医科大学附属第一医院/照片/易晓辉-口腔科-副主任医师-广州医科大学附属第一医院.jpg,40896,fd72c8dda1566e299e24f38606f0fa8b4e1a63f3a81e2fd23b15dd10ed40fea5,FFD8FFDB0084000101010101,325,400,doctor原图,
余永春,https://www.gyfyyy.cn/cn/ks/qtzk/kqk/doctor_263.html,实采,,https://www.gyfyyy.cn/Upload/202410/638659690329195042.jpg,01_试点医院/广州医科大学附属第一医院/照片/余永春-口腔科-副主任医师-广州医科大学附属第一医院.jpg,454374,96be2a98f297af5a1746299935dd67b0aa015cbffab0489d46b435ae73a04bda,FFD8FFE000104A4649460001,590,885,Upload原图,
张孝文,https://www.gyfyyy.cn/cn/ks/qtzk/ebhk/doctor_264.html,实采,,https://www.gyfyyy.cn/images/doctor/ZHANGXIAOWEN.jpg,01_试点医院/广州医科大学附属第一医院/照片/张孝文-耳鼻咽喉头颈外科-主任医师-广州医科大学附属第一医院.jpg,40037,69e62fb29c0a014077bf536035e4bc1c6f8cd16e3ecbbd68dcd09040c4923b76,FFD8FFDB0084000101010101,325,400,doctor原图,
张明,https://www.gyfyyy.cn/cn/ks/qtzk/ebhk/doctor_265.html,实采,,https://www.gyfyyy.cn/images/doctor/ZHANGMING.jpg,01_试点医院/广州医科大学附属第一医院/照片/张明-耳鼻咽喉头颈外科-副主任医师-广州医科大学附属第一医院.jpg,39703,41bf53deb87b600b70fcd20eec30f4634cd2356dc2446ba6e19568e13c42ed48,FFD8FFDB0084000101010101,325,400,doctor原图,
梁健新,https://www.gyfyyy.cn/cn/ks/qtzk/ebhk/doctor_266.html,实采,,https://www.gyfyyy.cn/Upload/202501/638731346207034931.jpg,01_试点医院/广州医科大学附属第一医院/照片/梁健新-耳鼻咽喉头颈外科-主任医师-广州医科大学附属第一医院.jpg,88570,0cf278bb6803b63910f3bc79dee478e13856b4b5f183788a546f8db6154a0c17,FFD8FFE000104A4649460001,261,391,Upload原图,
肖立智,https://www.gyfyyy.cn/cn/ks/qtzk/ebhk/doctor_269.html,实采,,https://www.gyfyyy.cn/images/doctor/XIAOLIZHI.jpg,01_试点医院/广州医科大学附属第一医院/照片/肖立智-耳鼻咽喉头颈外科-副主任医师-广州医科大学附属第一医院.jpg,37817,ed5e5a0eca3d93a4bc07a0e62137594c2859b16fe6168f0681be6066ece0bd9a,FFD8FFDB0084000101010101,325,400,doctor原图,
熊春萍,https://www.gyfyyy.cn/cn/ks/qtzk/pfk/doctor_271.html,实采,,https://www.gyfyyy.cn/images/doctor/XIONGCHUNPING.jpg,01_试点医院/广州医科大学附属第一医院/照片/熊春萍-皮肤科-主任医师-广州医科大学附属第一医院.jpg,40067,c2a9cac5fb0051f8d8ee3ef2c5c847b6e4f099e346c1e679d71348b17fd652ee,FFD8FFDB0084000101010101,325,400,doctor原图,
谭凤明,https://www.gyfyyy.cn/cn/ks/qtzk/pfk/doctor_273.html,实采,,https://www.gyfyyy.cn/images/doctor/TANFENGMING.jpg,01_试点医院/广州医科大学附属第一医院/照片/谭凤明-皮肤科-主任医师-广州医科大学附属第一医院.jpg,36926,41f11393dbb9a9d4f35e9b2a68bd1ee3740e1e2e4e02049403eb5a714dbe007a,FFD8FFDB0084000101010101,325,400,doctor原图,
卢浩锵,https://www.gyfyyy.cn/cn/ks/qtzk/pfk/doctor_274.html,实采,,https://www.gyfyyy.cn/images/doctor/LUHAOQIANG.jpg,01_试点医院/广州医科大学附属第一医院/照片/卢浩锵-皮肤科-主任医师-广州医科大学附属第一医院.jpg,39464,b48fd4316303ccc4f930d1f35e700656159498bb09ceafb1da9da28af5525c9e,FFD8FFDB0084000101010101,325,400,doctor原图,
黄卫宁,https://www.gyfyyy.cn/cn/ks/qtzk/pfk/doctor_275.html,实采,,https://www.gyfyyy.cn/Upload/202201/637791329432640321.jpg,01_试点医院/广州医科大学附属第一医院/照片/黄卫宁-皮肤科-主任医师-广州医科大学附属第一医院.jpg,66883,3907ab65695f98754da5f9e8c3e0ae9b8261cca8c597b89be5d4750b917d95d2,FFD8FFDB0084000101010101,325,400,Upload原图,
黄卓辉,https://www.gyfyyy.cn/cn/ks/qtzk/pfk/doctor_276.html,实采,,https://www.gyfyyy.cn/images/doctor/HUANGZHUOHUI.jpg,01_试点医院/广州医科大学附属第一医院/照片/黄卓辉-皮肤科-副主任医师-广州医科大学附属第一医院.jpg,37524,9142d0eff063886a87e2104203cfff19d7ebfbf1d03e72aba3dd880ebf59f845,FFD8FFDB0084000101010101,325,400,doctor原图,
王欣璐,https://www.gyfyyy.cn/cn/ks/yj/hyxk/doctor_278.html,实采,,https://www.gyfyyy.cn/images/doctor/WANGXINLU.jpg,01_试点医院/广州医科大学附属第一医院/照片/王欣璐-核医学科-主任医师-广州医科大学附属第一医院.jpg,41626,f93ec3c931a1446960817b0fad695f5652f1a5a0d3c67eed1c32c49f29661f59,FFD8FFDB0084000101010101,325,400,doctor原图,
伍筱梅,https://www.gyfyyy.cn/cn/ks/yj/fsk/doctor_279.html,实采,,https://www.gyfyyy.cn/Upload/202410/638659709267257716.jpg,01_试点医院/广州医科大学附属第一医院/照片/伍筱梅-放射科-主任医师-广州医科大学附属第一医院.jpg,418860,4dfb4ca70b11d3941800db474c26e2d571d33ccf8010bf7356ef00b9947dcbcc,FFD8FFE000104A4649460001,712,1068,Upload原图,
曾庆思,https://www.gyfyyy.cn/cn/ks/yj/fsk/doctor_280.html,实采,,https://www.gyfyyy.cn/images/doctor/ZENGQINGSI.jpg,01_试点医院/广州医科大学附属第一医院/照片/曾庆思-放射科-主任医师-广州医科大学附属第一医院.jpg,41848,18542e9dc8786cabe17b657021d4e296fa88b24f313bfe54b675acab07ddda3d,FFD8FFDB0084000101010101,325,400,doctor原图,
汤庆,https://www.gyfyyy.cn/cn/ks/yj/csyxk/doctor_281.html,实采,,https://www.gyfyyy.cn/images/doctor/SHANGQING.jpg,01_试点医院/广州医科大学附属第一医院/照片/汤庆-超声医学科-主任医师-广州医科大学附属第一医院.jpg,39820,d059a437e60e8d88b9fe342f18c66312703b1f4e873af7910f54a975d36cbc67,FFD8FFDB0084000101010101,325,400,doctor原图,
王海洋,https://www.gyfyyy.cn/cn/ks/wk/xgwk/doctor_282.html,实采,,https://www.gyfyyy.cn/images/doctor/WANGHAIYANG.jpg,01_试点医院/广州医科大学附属第一医院/照片/王海洋-血管外科-主任医师-广州医科大学附属第一医院.jpg,37250,85426ba3494ee26b0e814fe92b2efd1eb1bb669dc22a6e3a1371aef50e5c594b,FFD8FFDB0084000101010101,325,400,doctor原图,
岳劼,https://www.gyfyyy.cn/cn/ks/wk/xgwk/doctor_283.html,实采,,https://www.gyfyyy.cn/images/doctor/YUEJIE.jpg,01_试点医院/广州医科大学附属第一医院/照片/岳劼-血管外科-副主任医师-广州医科大学附属第一医院.jpg,35700,041c93c206d4ac16ec246565fbb8734debf0695f74268c42755154de41a891d6,FFD8FFDB0084000101010101,325,400,doctor原图,
胡号应,https://www.gyfyyy.cn/cn/ks/qtzk/lcxlk/doctor_284.html,实采,,https://www.gyfyyy.cn/images/doctor/HUHAOYING.jpg,01_试点医院/广州医科大学附属第一医院/照片/胡号应-临床心理科-主任医师-广州医科大学附属第一医院.jpg,39457,eaaff4ecfc412a704ef0d3b931aea82301f3da931ab03893508a83e001f3ef52,FFD8FFDB0084000101010101,325,400,doctor原图,
陈科全,https://www.gyfyyy.cn/cn/ks/nk/xhnk/doctor_285.html,实采,,https://www.gyfyyy.cn/images/doctor/CHENKEQUAN.jpg,01_试点医院/广州医科大学附属第一医院/照片/陈科全-消化内科-主任医师-广州医科大学附属第一医院.jpg,36269,1103731445ab24e351ec456ca0622f1d93dd2f151f4a164f07ee559162f0ae19,FFD8FFDB0084000101010101,325,400,doctor原图,
郭武城,https://www.gyfyyy.cn/cn/ks/qtzk/kqk/doctor_286.html,实采,,https://www.gyfyyy.cn/Upload/202208/637970418215946453.jpg,01_试点医院/广州医科大学附属第一医院/照片/郭武城-口腔科-主治医师-广州医科大学附属第一医院.jpg,78466,39ba5202a05fa9bcf3cb26ac7e0a1c0952cf548c06abd8bfd1edee3f4ff29ed2,FFD8FFDB0084000101010101,325,400,Upload原图,
何颖,https://www.gyfyyy.cn/cn/ks/zyk/zjzyz/doctor_287.html,实采,,https://www.gyfyyy.cn/images/doctor/HEYIN.jpg,01_试点医院/广州医科大学附属第一医院/照片/何颖-针灸专业组-主治医师-广州医科大学附属第一医院.jpg,81318,20f5dbe8ce6ff9c1ee2b567c3c0ae193a17f351e07e840c1f11dd4ee0f54fad4,FFD8FFDB0084000101010101,325,400,doctor原图,
钱东阳,https://www.gyfyyy.cn/cn/ks/wk/gjwk/doctor_288.html,实采,,https://www.gyfyyy.cn/images/doctor/QIANDONGYANG.jpg,01_试点医院/广州医科大学附属第一医院/照片/钱东阳-关节外科-主任医师-广州医科大学附属第一医院.jpg,38359,edf9936b260df4a8c1c86d03c34de192a9d6a719c5a8b156387b407a4cbc1d63,FFD8FFDB0084000101010101,325,400,doctor原图,
王霞,https://www.gyfyyy.cn/cn/ks/qtzk/pfk/doctor_289.html,实采,,https://www.gyfyyy.cn/Upload/202201/637791390733494689.jpg,01_试点医院/广州医科大学附属第一医院/照片/王霞-皮肤科-副主任医师-广州医科大学附属第一医院.jpg,53317,ece33ac6dd4f8d7c7f39a67d3d6a4d47cb81efe1e0478cbedd89a5cf705bfa39,FFD8FFDB0084000101010101,325,400,Upload原图,
何振涛,https://www.gyfyyy.cn/cn/ks/ek/ek/doctor_290.html,实采,,https://www.gyfyyy.cn/images/doctor/HEZHENTAO.jpg,01_试点医院/广州医科大学附属第一医院/照片/何振涛-儿科-副主任医师-广州医科大学附属第一医院.jpg,39088,1eb569178928560ab733117324e3f9ecfd4f6e145e5b6a81235a0edb01a5cac8,FFD8FFDB0084000101010101,325,400,doctor原图,
陈建雄,https://www.gyfyyy.cn/cn/ks/zyk/zjzyz/doctor_291.html,实采,,https://www.gyfyyy.cn/images/doctor/CHENJIANXIONG.jpg,01_试点医院/广州医科大学附属第一医院/照片/陈建雄-针灸专业组-副主任医师-广州医科大学附属第一医院.jpg,44488,9cb0f5bc9084297073efe62602df54a71abfe7cbba2d21ffd7ccbdfd2d807b64,FFD8FFDB0084000101010101,325,400,doctor原图,
谭愈昱,https://www.gyfyyy.cn/cn/ks/nk/nfbk/doctor_292.html,实采,,https://www.gyfyyy.cn/images/doctor/TANYUYU.jpg,01_试点医院/广州医科大学附属第一医院/照片/谭愈昱-内分泌科-副主任医师-广州医科大学附属第一医院.jpg,41752,4f2e6eda3bff87ac8c68b1f8da02721b1b672b34dafce8250dc74c298c1cdfce,FFD8FFDB0084000101010101,325,400,doctor原图,
陈保荣,https://www.gyfyyy.cn/cn/ks/nk/zlnk/doctor_297.html,实采,,https://www.gyfyyy.cn/Upload/202201/637775965072269406.jpg,01_试点医院/广州医科大学附属第一医院/照片/陈保荣-肿瘤科-副主任医师-广州医科大学附属第一医院.jpg,79900,3e1cc9fa637ba9f039be887db91f6be6de42f03126c5719c201d114d56d2efed,FFD8FFDB0084000101010101,325,400,Upload原图,
要国华,https://www.gyfyyy.cn/cn/ks/nk/zlnk/doctor_298.html,实采,,https://www.gyfyyy.cn/images/doctor/YAOGUOHUA.jpg,01_试点医院/广州医科大学附属第一医院/照片/要国华-肿瘤科-副主任医师-广州医科大学附属第一医院.jpg,40123,e0e4557bcf38f1c10d0b4a50c6497c2b00cfa417c9f61ce01cb1077b029174c4,FFD8FFDB0084000101010101,325,400,doctor原图,
李莹,https://www.gyfyyy.cn/cn/ks/nk/zlnk/doctor_299.html,实采,,https://www.gyfyyy.cn/images/doctor/LIYING.jpg,01_试点医院/广州医科大学附属第一医院/照片/李莹-肿瘤科-副主任医师-广州医科大学附属第一医院.jpg,36878,936b847f720c0f0b46fe98ce0286ceb5e142ee3cf7559119f9b786027fd917da,FFD8FFDB0084000101010101,325,400,doctor原图,
刘昌秀,https://www.gyfyyy.cn/cn/ks/zyk/zjzyz/doctor_300.html,实采,,https://www.gyfyyy.cn/images/doctor/LIUCHANGXIU.jpg,01_试点医院/广州医科大学附属第一医院/照片/刘昌秀-针灸专业组-主治医师-广州医科大学附属第一医院.jpg,39597,235d6a450816329d59c0d9f54769f5123196401132bb4b5e1b6892ba95ac9c99,FFD8FFDB0084000101010101,325,400,doctor原图,
谭玮璐,https://www.gyfyyy.cn/cn/ks/zyk/zxyjk/doctor_301.html,实采,,https://www.gyfyyy.cn/images/doctor/TANWEILU.jpg,01_试点医院/广州医科大学附属第一医院/照片/谭玮璐-中西医结合科-副主任医师-广州医科大学附属第一医院.jpg,74364,20fca6f058a4ebf9051953a9360bcac9120544fb14f3ec4c6da19c28cdae4543,FFD8FFDB0084000101010101,325,400,doctor原图,
童娟,https://www.gyfyyy.cn/cn/ks/zyk/zjzyz/doctor_305.html,实采,,https://www.gyfyyy.cn/images/doctor/TONGJUAN.jpg,01_试点医院/广州医科大学附属第一医院/照片/童娟-针灸专业组-主任医师-广州医科大学附属第一医院.jpg,36563,6c32073d9d99005ada76505275ab0a0a4735f8e511ae5818e2262ccf4d5739ff,FFD8FFDB0084000101010101,325,400,doctor原图,
张子谦,https://www.gyfyyy.cn/cn/ks/zyk/zjzyz/doctor_306.html,实采,,https://www.gyfyyy.cn/images/doctor/ZHANGZIQIAN.jpg,01_试点医院/广州医科大学附属第一医院/照片/张子谦-针灸专业组-副主任医师-广州医科大学附属第一医院.jpg,39132,63b57afec9f39c92852fb1cf5fdd0caeda2f13f9370d6e161237147638e3c30d,FFD8FFDB0084000101010101,325,400,doctor原图,
李娟,https://www.gyfyyy.cn/cn/ks/zyk/zyk/doctor_310.html,实采,,https://www.gyfyyy.cn/images/doctor/LIJUAN.jpg,01_试点医院/广州医科大学附属第一医院/照片/李娟-中医科-主任医师-广州医科大学附属第一医院.jpg,38903,b4f44443c2f4b1e2b2ea3dee6efb3470f347bf004ca2d92a92eae9ca9aba9c44,FFD8FFDB0084000101010101,325,400,doctor原图,
宋兴华,https://www.gyfyyy.cn/cn/ks/zyk/zyk/doctor_311.html,实采,,https://www.gyfyyy.cn/images/doctor/SONGXINGHUA.jpg,01_试点医院/广州医科大学附属第一医院/照片/宋兴华-中医科-副主任医师-广州医科大学附属第一医院.jpg,70320,6fa08fecfec0a4cbef2f82e64a2ca62b7d1fa66b3ef07bc560a8c199cd462a17,FFD8FFDB0084000101010101,325,400,doctor原图,
黄婉怡,https://www.gyfyyy.cn/cn/ks/zyk/zyk/doctor_312.html,实采,,https://www.gyfyyy.cn/images/doctor/HUANGWANYI.jpg,01_试点医院/广州医科大学附属第一医院/照片/黄婉怡-中医科-主任医师-广州医科大学附属第一医院.jpg,34737,b3cef7f0e4240833551cbf9e9fc35fa8f123d7322ab578db27740c47cd60f0be,FFD8FFDB0084000101010101,325,400,doctor原图,
潘素滢,https://www.gyfyyy.cn/cn/ks/zyk/zyk/doctor_318.html,实采,,https://www.gyfyyy.cn/images/doctor/PANSIYING.jpg,01_试点医院/广州医科大学附属第一医院/照片/潘素滢-中医科-副主任医师-广州医科大学附属第一医院.jpg,36249,b97a0c362724314fa09db8dfea00e73976f226955339ed16d465fbb0ced6953f,FFD8FFDB0084000101010101,325,400,doctor原图,
王文,https://www.gyfyyy.cn/cn/ks/zyk/zyk/doctor_319.html,实采,,https://www.gyfyyy.cn/images/doctor/WANGWEN.jpg,01_试点医院/广州医科大学附属第一医院/照片/王文-中医科-主治医师-广州医科大学附属第一医院.jpg,38355,4f84e5d9a2e8b1ec28d983730c19c24bfcef36253ba79493674715e46a49f840,FFD8FFDB0084000101010101,325,400,doctor原图,
王鹏,https://www.gyfyyy.cn/cn/ks/zyk/zyk/doctor_320.html,实采,,https://www.gyfyyy.cn/Upload/202309/638301321785352535.jpg,01_试点医院/广州医科大学附属第一医院/照片/王鹏-中医科-主任医师-广州医科大学附属第一医院.jpg,79455,14919139cc7d3f6a8318336fff4b39def5c7127d0b3233974a234f6850678997,FFD8FFE110E9457869660000,325,400,Upload原图,
夏鑫华,https://www.gyfyyy.cn/cn/ks/zyk/zxyjk/doctor_322.html,实采,,https://www.gyfyyy.cn/images/doctor/XIAXINHUA.jpg,01_试点医院/广州医科大学附属第一医院/照片/夏鑫华-中西医结合科-主任医师-广州医科大学附属第一医院.jpg,38923,d45fbbb5b3e369e9139ceefb0ce885ac16c5f40d953cf0b890c9de30696bb93f,FFD8FFDB0084000101010101,325,400,doctor原图,
林婷婷,https://www.gyfyyy.cn/cn/ks/yj/yyk/doctor_323.html,实采,,https://www.gyfyyy.cn/images/doctor/LINTINGTING.jpg,01_试点医院/广州医科大学附属第一医院/照片/林婷婷-营养科-主治医师-广州医科大学附属第一医院.jpg,39484,b66256c269193a8552a2c0306ba59030862ea9a40cf2565a76f1c8297a8cf495,FFD8FFDB0084000101010101,325,400,doctor原图,
陈叶媚,https://www.gyfyyy.cn/cn/ks/yj/yyk/doctor_324.html,实采,,https://www.gyfyyy.cn/Upload/202410/638659709852624189.jpg,01_试点医院/广州医科大学附属第一医院/照片/陈叶媚-营养科-未标注-广州医科大学附属第一医院.jpg,18314,74ee8b248609fcc116c7796f27bef78e0fb060927dbd8a308ed9818ab8252aa0,FFD8FFE000104A4649460001,389,566,Upload原图,
孟冬梅,https://www.gyfyyy.cn/cn/ks/yj/yxb/doctor_325.html,实采,,https://www.gyfyyy.cn/Upload/202411/638672803796004099.jpg,01_试点医院/广州医科大学附属第一医院/照片/孟冬梅-药学部-主管药师-广州医科大学附属第一医院.jpg,562839,88eb32848f8b9f84fd40b03819fcdb57fed6bf202780737c6e5beb96cc85fcfe,FFD8FFE10360457869660000,682,1024,Upload原图,
魏理,https://www.gyfyyy.cn/cn/ks/yj/yxb/doctor_326.html,实采,,https://www.gyfyyy.cn/Upload/202411/638672803617785896.jpg,01_试点医院/广州医科大学附属第一医院/照片/魏理-药学部-主任药师-广州医科大学附属第一医院.jpg,36302,46b459addd16c06a89241b4fb053883e0ce90a0ad0aa2292bb3c9419e74e0597,FFD8FFE000104A4649460001,171,257,Upload原图,
杨晔,https://www.gyfyyy.cn/cn/ks/qtzk/yk/doctor_329.html,实采,,https://www.gyfyyy.cn/images/doctor/YANGYE.jpg,01_试点医院/广州医科大学附属第一医院/照片/杨晔-眼科-副主任医师-广州医科大学附属第一医院.jpg,85515,100edc5370e8bcb79a8f3ece2c3ff7d5eb23feb702b2c40055ac56a7740ea188,FFD8FFDB0084000101010101,325,400,doctor原图,
麦庆怡,https://www.gyfyyy.cn/cn/ks/qtzk/yk/doctor_334.html,实采,,https://www.gyfyyy.cn/images/doctor/MAIQINGYI.jpg,01_试点医院/广州医科大学附属第一医院/照片/麦庆怡-眼科-主治医师-广州医科大学附属第一医院.jpg,39336,42cabf98d5b0f9d7c0ff1d12fc1efa0b3e3a386431ed866aad21dafc57e37776,FFD8FFDB0084000101010101,325,400,doctor原图,
洪海峰,https://www.gyfyyy.cn/cn/ks/qtzk/yk/doctor_335.html,实采,,https://www.gyfyyy.cn/Upload/202410/638659693153197647.jpg,01_试点医院/广州医科大学附属第一医院/照片/洪海峰-眼科-主治医师-广州医科大学附属第一医院.jpg,9303,e87b6949255c263d0cb1b868c113a63fbcfdac31160fc5609d4c5185a9e7f721,FFD8FFE000104A4649460001,257,364,Upload原图,
彭思达,https://www.gyfyyy.cn/cn/ks/nk/xynk/doctor_339.html,实采,,https://www.gyfyyy.cn/Upload/202201/637781141461010537.jpg,01_试点医院/广州医科大学附属第一医院/照片/彭思达-血液内科-副主任医师-广州医科大学附属第一医院.jpg,79420,625d0b238dfc32965fa9413f3efab6042ec65f7d397bd1069da4a5778e98a6d9,FFD8FFDB0084000101010101,325,400,Upload原图,
覃鹏飞,https://www.gyfyyy.cn/cn/ks/nk/xynk/doctor_341.html,实采,,https://www.gyfyyy.cn/images/doctor/QINPENGFEI.jpg,01_试点医院/广州医科大学附属第一医院/照片/覃鹏飞-血液内科-主治医师-广州医科大学附属第一医院.jpg,41041,b37f80692f40f130eac9e0fe7d57ed1688c7e41b34459ab45c3cabccad06ecea,FFD8FFDB0084000101010101,325,400,doctor原图,
林竞韧,https://www.gyfyyy.cn/cn/ks/nk/xynk/doctor_342.html,实采,,https://www.gyfyyy.cn/images/doctor/LINJINGREN.jpg,01_试点医院/广州医科大学附属第一医院/照片/林竞韧-血液内科-副主任医师-广州医科大学附属第一医院.jpg,90499,4cf603efef4bae72f6a2c44b48fa52a89b9fa4583c07ad275d8812963d3dacc6,FFD8FFDB0084000101010101,325,400,doctor原图,
郜靓,https://www.gyfyyy.cn/cn/ks/nk/xynk/doctor_343.html,实采,,https://www.gyfyyy.cn/Upload/202607/639186070209988965.jpg,01_试点医院/广州医科大学附属第一医院/照片/郜靓-血液内科-主治医师-广州医科大学附属第一医院.jpg,62539,9cb4d1357b57bb47b695cc8e5e5acc0dd202f3e78df91aced24733f8e8c28651,FFD8FFE000104A4649460001,1002,1321,Upload原图,
黄振倩,https://www.gyfyyy.cn/cn/ks/nk/xynk/doctor_345.html,实采,,https://www.gyfyyy.cn/images/doctor/HUANGZHENQIAN.jpg,01_试点医院/广州医科大学附属第一医院/照片/黄振倩-血液内科-主任医师-广州医科大学附属第一医院.jpg,36645,0cc6e6cce8ca9e48af371dffb7f80c0f747386e8247fbd86e01ee960191fcda5,FFD8FFDB0084000101010101,325,400,doctor原图,
王春燕,https://www.gyfyyy.cn/cn/ks/nk/xynk/doctor_346.html,实采,,https://www.gyfyyy.cn/images/doctor/WANGCHUNYAN.jpg,01_试点医院/广州医科大学附属第一医院/照片/王春燕-血液内科-主任医师-广州医科大学附属第一医院.jpg,45479,987203e6aab10af3743b223abf0348c8b2f0406efb78318565635cdb4657bd0d,FFD8FFDB0084000101010101,325,400,doctor原图,
张鑫,https://www.gyfyyy.cn/cn/ks/wk/xwk/doctor_349.html,实采,,https://www.gyfyyy.cn/images/doctor/ZHANGXIN.jpg,01_试点医院/广州医科大学附属第一医院/照片/张鑫-胸外科-主任医师-广州医科大学附属第一医院.jpg,86850,a62f3348760398c9484338c485ae334044f181e0855836318ef549f96f596fc6,FFD8FFDB0084000101010101,325,400,doctor原图,
李卓毅,https://www.gyfyyy.cn/cn/ks/wk/xwk/doctor_351.html,实采,,https://www.gyfyyy.cn/images/doctor/LIZHUOYI.jpg,01_试点医院/广州医科大学附属第一医院/照片/李卓毅-胸外科-主任医师-广州医科大学附属第一医院.jpg,37845,736024bddd7918b6135ac1f6b37d41473c6b0001554ef3470e3433f967a33bd9,FFD8FFDB0084000101010101,325,400,doctor原图,
彭桂林,https://www.gyfyyy.cn/cn/ks/wk/xwk/doctor_352.html,实采,,https://www.gyfyyy.cn/images/doctor/PENGGUILIN.jpg,01_试点医院/广州医科大学附属第一医院/照片/彭桂林-胸外科-副主任医师-广州医科大学附属第一医院.jpg,74330,1d431bb44edcf070d163f011c79ca24440d265e3b4cb0b9007d9bdf665c0f541,FFD8FFDB0084000101010101,325,400,doctor原图,
江泷,https://www.gyfyyy.cn/cn/ks/wk/xwk/doctor_353.html,实采,,https://www.gyfyyy.cn/images/doctor/JIANGLONG.jpg,01_试点医院/广州医科大学附属第一医院/照片/江泷-胸外科-主治医师-广州医科大学附属第一医院.jpg,79284,2b8e5749345a4d2f00f415655779e8a7a03bd4e111bca6230090e5d0b603969a,FFD8FFDB0084000101010101,325,400,doctor原图,
邵文龙,https://www.gyfyyy.cn/cn/ks/wk/xwk/doctor_355.html,实采,,https://www.gyfyyy.cn/images/doctor/SHAOWENLONG.jpg,01_试点医院/广州医科大学附属第一医院/照片/邵文龙-胸外科-主任医师-广州医科大学附属第一医院.jpg,39092,a262638f20142d9eaee71717c571b2e5085864c5a6fefbf2041716e030e9baf4,FFD8FFDB0084000101010101,325,400,doctor原图,
何黄河,https://www.gyfyyy.cn/cn/ks/wk/xwk/doctor_356.html,实采,,https://www.gyfyyy.cn/images/doctor/HUHUANGHE.jpg,01_试点医院/广州医科大学附属第一医院/照片/何黄河-胸外科-主治医师-广州医科大学附属第一医院.jpg,86461,15ec04ac0d329901d2e17815ac5007bb6ca631ed755e5d5668491c85b54945a2,FFD8FFDB0084000101010101,325,400,doctor原图,
王炜,https://www.gyfyyy.cn/cn/ks/wk/xwk/doctor_358.html,实采,,https://www.gyfyyy.cn/Upload/202202/637811176234690423.jpg,01_试点医院/广州医科大学附属第一医院/照片/王炜-胸外科-主任医师-广州医科大学附属第一医院.jpg,81449,19d7b56d01193306e55091269e445ee1fd5ad445bb6015b990b8671759060e39,FFD8FFDB0084000101010101,325,400,Upload原图,
曾源,https://www.gyfyyy.cn/cn/ks/wk/xwk/doctor_359.html,实采,,https://www.gyfyyy.cn/images/doctor/ZENGYUAN.jpg,01_试点医院/广州医科大学附属第一医院/照片/曾源-胸外科-主治医师-广州医科大学附属第一医院.jpg,76208,5bc7761b5d458ce77cf4bd24f12e0b19f212053337ce376ad192669aa792248d,FFD8FFDB0084000101010101,325,400,doctor原图,
李京沛,https://www.gyfyyy.cn/cn/ks/wk/xwk/doctor_360.html,实采,,https://www.gyfyyy.cn/images/doctor/LIJINGPEI.jpg,01_试点医院/广州医科大学附属第一医院/照片/李京沛-胸外科-主治医师-广州医科大学附属第一医院.jpg,86088,0e17d40ec187be22db8222d81b00f95e2b8dd5de589e9a870df459df035a2118,FFD8FFDB0084000101010101,325,400,doctor原图,
郝哲学,https://www.gyfyyy.cn/cn/ks/wk/xwk/doctor_361.html,实采,,https://www.gyfyyy.cn/images/doctor/HAOZHEXUE.jpg,01_试点医院/广州医科大学附属第一医院/照片/郝哲学-胸外科-主治医师-广州医科大学附属第一医院.jpg,81729,800804996f626a8dd10f1a5723e443b1cf9140d19abe701218d81e5e9eecad7b,FFD8FFDB0084000101010101,325,400,doctor原图,
王凯,https://www.gyfyyy.cn/cn/ks/wk/xzwk/doctor_363.html,实采,,https://www.gyfyyy.cn/images/doctor/WANGKAI.jpg,01_试点医院/广州医科大学附属第一医院/照片/王凯-心脏外科-主任医师-广州医科大学附属第一医院.jpg,77604,81c746d09798db62a2a13922926d7e05e21c4dd4fc4b5caf7a376375877ff00c,FFD8FFDB0084000101010101,325,400,doctor原图,
王敏,https://www.gyfyyy.cn/cn/ks/nk/xxgnk/doctor_368.html,实采,,https://www.gyfyyy.cn/images/doctor/WANGMIN.jpg,01_试点医院/广州医科大学附属第一医院/照片/王敏-心血管内科-副主任医师-广州医科大学附属第一医院.jpg,73597,b3062ef9e415f714347f45a2c971727a4a3f593d439479cd6e9fe9320d722793,FFD8FFDB0084000101010101,325,400,doctor原图,
许玲玲,https://www.gyfyyy.cn/cn/ks/nk/xxgnk/doctor_369.html,实采,,https://www.gyfyyy.cn/images/doctor/XULINGLING.jpg,01_试点医院/广州医科大学附属第一医院/照片/许玲玲-心血管内科-主治医师-广州医科大学附属第一医院.jpg,75291,08d8a0a0030d1ea5f5d10dc2fc42a0b787da5b93dc79b52b1546f03404c2de42,FFD8FFDB0084000101010101,325,400,doctor原图,
杜一鹏,https://www.gyfyyy.cn/cn/ks/nk/xxgnk/doctor_370.html,实采,,https://www.gyfyyy.cn/images/doctor/DUYIPENG.jpg,01_试点医院/广州医科大学附属第一医院/照片/杜一鹏-心血管内科-主治医师-广州医科大学附属第一医院.jpg,77244,de1cc37dcbd70a63acf00c5e8309b2794c3c341b98c05c82c5b6edb81798b114,FFD8FFDB0084000101010101,325,400,doctor原图,
王万钧,https://www.gyfyyy.cn/cn/ks/nk/btfyk/doctor_374.html,实采,,https://www.gyfyyy.cn/Upload/202410/638658920294842814.jpg,01_试点医院/广州医科大学附属第一医院/照片/王万钧-变态反应科-副主任医师-广州医科大学附属第一医院.jpg,23057,c2a18b3203fa2d41eb4d27f0aabbba3b92ad40761020ff5d8d5a30705ab2cabf,FFD8FFE000104A4649460001,462,615,Upload原图,
鲜墨,https://www.gyfyyy.cn/cn/ks/nk/btfyk/doctor_375.html,实采,,https://www.gyfyyy.cn/images/doctor/XIANMO.jpg,01_试点医院/广州医科大学附属第一医院/照片/鲜墨-变态反应科-副主任医师-广州医科大学附属第一医院.jpg,35546,1df6da276f1d8d4c99a7fad26ebd68e21e61c69da8511bc2692492059393bf67,FFD8FFDB0084000101010101,325,400,doctor原图,
孙红,https://www.gyfyyy.cn/cn/ks/fck/ck/doctor_377.html,实采,,https://www.gyfyyy.cn/images/doctor/SUNGONG.jpg,01_试点医院/广州医科大学附属第一医院/照片/孙红-产科-副主任医师-广州医科大学附属第一医院.jpg,35296,f58066a9426fea3fe0062d93e36057d434f24ae996d3d343a1ebc00f837da82d,FFD8FFDB0084000101010101,325,400,doctor原图,
马静,https://www.gyfyyy.cn/cn/ks/fck/ck/doctor_379.html,实采,,https://www.gyfyyy.cn/images/doctor/MAJING.jpg,01_试点医院/广州医科大学附属第一医院/照片/马静-产科-副主任医师-广州医科大学附属第一医院.jpg,76026,18e4748e3d1fe7565bd8b2a4dad89027d25baa5191867d4ae0649e3ad3b5fcbc,FFD8FFDB0084000101010101,325,400,doctor原图,
崔同涛,https://www.gyfyyy.cn/cn/ks/nk/xxgnk/doctor_380.html,实采,,https://www.gyfyyy.cn/images/doctor/CUITONGTAO.jpg,01_试点医院/广州医科大学附属第一医院/照片/崔同涛-心血管内科-主治医师-广州医科大学附属第一医院.jpg,77706,0de138c199bf4603f385eb8ba998d83e4690740eba6cc346810ba07719561749,FFD8FFDB0084000101010101,325,400,doctor原图,
王涛,https://www.gyfyyy.cn/cn/ks/nk/xxgnk/doctor_384.html,实采,,https://www.gyfyyy.cn/images/doctor/WANGTAO.jpg,01_试点医院/广州医科大学附属第一医院/照片/王涛-心血管内科-副主任医师-广州医科大学附属第一医院.jpg,41402,01905d5c9a3dbad66524fa6a7253d0203bd767fbad170435a49da7a9944e1b7f,FFD8FFDB0084000101010101,325,400,doctor原图,
王涛,https://www.gyfyyy.cn/cn/ks/nk/hxnk/doctor_742.html,实采,,https://www.gyfyyy.cn/Upload/202309/638301324534201926.jpg,01_试点医院/广州医科大学附属第一医院/照片/王涛-呼吸与危重症医学科-副主任医师-广州医科大学附属第一医院.jpg,87026,bcdc6067cb1b90f7e39466625733332e0553e778655d57bec7c5459bf6a515ae,FFD8FFE11183457869660000,325,400,Upload原图,
何志裕,https://www.gyfyyy.cn/cn/ks/nk/xxgnk/doctor_386.html,实采,,https://www.gyfyyy.cn/images/doctor/HEZHIYU.jpg,01_试点医院/广州医科大学附属第一医院/照片/何志裕-心血管内科-副主任医师-广州医科大学附属第一医院.jpg,36191,aa9bcb7c3511021c1089921b3735ae9605c3712177e3e0cab45caa42ed1fcb79,FFD8FFDB0084000101010101,325,400,doctor原图,
王慧勇,https://www.gyfyyy.cn/cn/ks/nk/xxgnk/doctor_387.html,实采,,https://www.gyfyyy.cn/images/doctor/WANGHUIYONG.jpg,01_试点医院/广州医科大学附属第一医院/照片/王慧勇-心血管内科-副主任医师-广州医科大学附属第一医院.jpg,73911,a43f53627332984cf345286f10d61e3f8abc14a46b5fcf3d63237ef8d40e84bc,FFD8FFDB0084000101010101,325,400,doctor原图,
詹高房,https://www.gyfyyy.cn/cn/ks/wk/wcwk/doctor_390.html,实采,,https://www.gyfyyy.cn/images/doctor/ZHANGAOFANG.jpg,01_试点医院/广州医科大学附属第一医院/照片/詹高房-胃肠外科-主治医师-广州医科大学附属第一医院.jpg,83859,014589c4a4289881a98a8b30247fedc6febde4996c31b11f305430fcf5b58fcd,FFD8FFDB0084000101010101,325,400,doctor原图,
杨翠颜,https://www.gyfyyy.cn/cn/ks/wk/wcwk/doctor_391.html,实采,,https://www.gyfyyy.cn/images/doctor/YANGCUIYAN.jpg,01_试点医院/广州医科大学附属第一医院/照片/杨翠颜-胃肠外科-副主任医师-广州医科大学附属第一医院.jpg,78643,5cfdb0cd4bd00a9cd823d932cc5490c1dad76d1062ca184bf832a78107d08898,FFD8FFDB0084000101010101,325,400,doctor原图,
温广明,https://www.gyfyyy.cn/cn/ks/wk/wcwk/doctor_392.html,实采,,https://www.gyfyyy.cn/Upload/202410/638659047776099090.png,01_试点医院/广州医科大学附属第一医院/照片/温广明-胃肠外科-副主任医师-广州医科大学附属第一医院.png,348966,73253516d55e554ca7fb768a35c3aed5bce2b9089852c20900d51b7558e0ca6a,89504E470D0A1A0A0000000D,438,656,Upload原图,
柯传烽,https://www.gyfyyy.cn/cn/ks/wk/wcwk/doctor_393.html,实采,,https://www.gyfyyy.cn/Upload/202208/637970418429701142.jpg,01_试点医院/广州医科大学附属第一医院/照片/柯传烽-胃肠外科-主任医师-广州医科大学附属第一医院.jpg,62262,4aa5195de9e998d8767324211944b1a71ce094ac2af5c585c8b29023b034bef8,FFD8FFDB0084000101010101,325,400,Upload原图,
莫宇华,https://www.gyfyyy.cn/cn/ks/wk/ptwk/doctor_395.html,实采,,https://www.gyfyyy.cn/images/doctor/MOYUHUA.jpg,01_试点医院/广州医科大学附属第一医院/照片/莫宇华-外科门诊-主治医师-广州医科大学附属第一医院.jpg,40721,2af9f0084ed57b377a41c9dedb43c08bcf41928e65eac454c5bc889315528704,FFD8FFDB0084000101010101,325,400,doctor原图,
陆国梁,https://www.gyfyyy.cn/cn/ks/wk/xzwk/doctor_398.html,实采,,https://www.gyfyyy.cn/images/doctor/LUGUOLIANG.jpg,01_试点医院/广州医科大学附属第一医院/照片/陆国梁-心脏外科-主治医师-广州医科大学附属第一医院.jpg,72075,7cf72cbaec8401e036d909de9a8e8c3c8b83006abef6c74a62d738f7f6a30102,FFD8FFDB0084000101010101,325,400,doctor原图,
吴宜娟,https://www.gyfyyy.cn/cn/ks/nk/sjnk/doctor_407.html,实采,,https://www.gyfyyy.cn/images/doctor/WUYIJUAN.jpg,01_试点医院/广州医科大学附属第一医院/照片/吴宜娟-神经内科-副主任医师-广州医科大学附属第一医院.jpg,37979,b5bb3fe7890af4db47af05b8d0d1f00c2498942216c07414ac67312b86a63dee,FFD8FFDB0084000101010101,325,400,doctor原图,
孙辉,https://www.gyfyyy.cn/cn/ks/nk/sjnk/doctor_409.html,实采,,https://www.gyfyyy.cn/images/doctor/SUNHUI.jpg,01_试点医院/广州医科大学附属第一医院/照片/孙辉-神经内科-主治医师-广州医科大学附属第一医院.jpg,73731,94c0a314403becb8e3876b812756ccb1973c73b8c10909801145b1fb19b3b96f,FFD8FFDB0084000101010101,325,400,doctor原图,
张晓申,https://www.gyfyyy.cn/cn/ks/wk/rxwk/doctor_410.html,实采,,https://www.gyfyyy.cn/images/doctor/ZHANGXIAOSHEN.jpg,01_试点医院/广州医科大学附属第一医院/照片/张晓申-乳腺外科-副主任医师-广州医科大学附属第一医院.jpg,82606,8c333722377014d50c277a050da8bc5e3f5d0654c47eb64cb3049a76f913ae6d,FFD8FFDB0084000101010101,325,400,doctor原图,
谭维格,https://www.gyfyyy.cn/cn/ks/wk/rxwk/doctor_411.html,实采,,https://www.gyfyyy.cn/images/doctor/TANWEIGE.jpg,01_试点医院/广州医科大学附属第一医院/照片/谭维格-乳腺外科-副主任医师-广州医科大学附属第一医院.jpg,35188,d97277dff92e201ca92622690a6bb30b3df30ca2d2276d57df8150d15314a7d9,FFD8FFDB0084000101010101,325,400,doctor原图,
高进,https://www.gyfyyy.cn/cn/ks/wk/rxwk/doctor_414.html,实采,,https://www.gyfyyy.cn/images/doctor/GAOJIN.jpg,01_试点医院/广州医科大学附属第一医院/照片/高进-乳腺外科-副主任医师-广州医科大学附属第一医院.jpg,36599,3d45a6df0a25e51d01e29b5460e1b67db2343ff953f2adf5a805709ba8967fbe,FFD8FFDB0084000101010101,325,400,doctor原图,
潘凌霄,https://www.gyfyyy.cn/cn/ks/wk/rxwk/doctor_415.html,实采,,https://www.gyfyyy.cn/images/doctor/PANLINGXIAO.jpg,01_试点医院/广州医科大学附属第一医院/照片/潘凌霄-乳腺外科-副主任医师-广州医科大学附属第一医院.jpg,78872,4539824e586a9116e1c674efa143ef88736423c1b54642d6fa6723bf2c1cf004,FFD8FFDB0084000101010101,325,400,doctor原图,
陈伦,https://www.gyfyyy.cn/cn/ks/wk/rxwk/doctor_416.html,实采,,https://www.gyfyyy.cn/images/doctor/CHENLUN.jpg,01_试点医院/广州医科大学附属第一医院/照片/陈伦-乳腺外科-副主任医师-广州医科大学附属第一医院.jpg,71624,ac728767f3dbb074f86aa5a6ab1ab1a11b0760a9c708d5d17e0411cf28d8a720,FFD8FFDB0084000101010101,325,400,doctor原图,
叶熹罡,https://www.gyfyyy.cn/cn/ks/wk/rxwk/doctor_417.html,实采,,https://www.gyfyyy.cn/images/doctor/YEXIGANG.jpg,01_试点医院/广州医科大学附属第一医院/照片/叶熹罡-乳腺外科-副主任医师-广州医科大学附属第一医院.jpg,39617,9b645187a4db916bef00307a1738e66ad8905449af25c733f09f460a8ff15923,FFD8FFDB0084000101010101,325,400,doctor原图,
朱慧玲,https://www.gyfyyy.cn/cn/ks/qtzk/pfk/doctor_418.html,实采,,https://www.gyfyyy.cn/images/doctor/ZHUHUILING.jpg,01_试点医院/广州医科大学附属第一医院/照片/朱慧玲-皮肤科-主治医师-广州医科大学附属第一医院.jpg,76087,8ead1511eae4c31041382f56f7dfff2629455ea2bb638b58568929954965c10d,FFD8FFDB0084000101010101,325,400,doctor原图,
张晓薇,https://www.gyfyyy.cn/cn/ks/fck/nxpdzk/doctor_419.html,实采,,https://www.gyfyyy.cn/images/doctor/ZHANGXIAOWEI.jpg,01_试点医院/广州医科大学附属第一医院/照片/张晓薇-女性盆底专科-教授-广州医科大学附属第一医院.jpg,82279,f103cc1904a7cb5700398c773cf1deed6d78a136d4bc23cd97d8e16cf879b60b,FFD8FFDB0084000101010101,325,400,doctor原图,
王苏,https://www.gyfyyy.cn/cn/ks/fck/nxpdzk/doctor_421.html,实采,,https://www.gyfyyy.cn/images/doctor/WANGSU.jpg,01_试点医院/广州医科大学附属第一医院/照片/王苏-女性盆底专科-主治医师-广州医科大学附属第一医院.jpg,73339,0e35318c388be2681e44f8cc5faf2d2c0c1fbb78f18f400327f4f4ac3c2a9cad,FFD8FFDB0084000101010101,325,400,doctor原图,
朱玮,https://www.gyfyyy.cn/cn/ks/wk/bnwk/doctor_424.html,实采,,https://www.gyfyyy.cn/images/doctor/ZHUWEI.jpg,01_试点医院/广州医科大学附属第一医院/照片/朱玮-泌尿外科-副主任医师-广州医科大学附属第一医院.jpg,81421,fe37be071770f44fe7c3f2c707ad115d4634e7bd8f1fbbf1d8a000a41860b60a,FFD8FFDB0084000101010101,325,400,doctor原图,
何永忠,https://www.gyfyyy.cn/cn/ks/wk/bnwk/doctor_425.html,实采,,https://www.gyfyyy.cn/images/doctor/HEYONGZHONG.jpg,01_试点医院/广州医科大学附属第一医院/照片/何永忠-泌尿外科-主任医师-广州医科大学附属第一医院.jpg,81959,7b131c4ee0c84c83378d97c35222f93ac986c6d01c1e29edb15043804d079ffb,FFD8FFDB0084000101010101,325,400,doctor原图,
蔡超,https://www.gyfyyy.cn/cn/ks/wk/bnwk/doctor_426.html,实采,,https://www.gyfyyy.cn/Upload/202201/637782024279756469.jpg,01_试点医院/广州医科大学附属第一医院/照片/蔡超-泌尿外科-副主任医师-广州医科大学附属第一医院.jpg,72669,ef302bb628f96e1f5677d215e576aeef9a611d88d85dd0442a8577677ac358f1,FFD8FFDB0084000101010101,325,400,Upload原图,
赵志健,https://www.gyfyyy.cn/cn/ks/wk/bnwk/doctor_427.html,实采,,https://www.gyfyyy.cn/images/doctor/ZHAOZHIJIAN.jpg,01_试点医院/广州医科大学附属第一医院/照片/赵志健-泌尿外科-主治医师-广州医科大学附属第一医院.jpg,82699,1e1dd20b9134b9cc6234ff5be2156ce6305a31eb992dad9f57219ec5522dc693,FFD8FFDB0084000101010101,325,400,doctor原图,
钟文,https://www.gyfyyy.cn/cn/ks/wk/bnwk/doctor_428.html,实采,,https://www.gyfyyy.cn/Upload/202201/637775934249162965.jpg,01_试点医院/广州医科大学附属第一医院/照片/钟文-泌尿外科-主任医师-广州医科大学附属第一医院.jpg,82591,7fc70fa5e3c05d11d3da38dd1e488ec06efbb065f0a75dce290bb7f2f7043646,FFD8FFDB0084000101010101,325,400,Upload原图,
梁卓寅,https://www.gyfyyy.cn/cn/ks/wk/bnwk/doctor_429.html,实采,,https://www.gyfyyy.cn/images/doctor/LIANGZHUOYAN.jpg,01_试点医院/广州医科大学附属第一医院/照片/梁卓寅-泌尿外科-副主任医师-广州医科大学附属第一医院.jpg,41131,a807e6953b852cc9f2c010a0d266276ff325597eaa6df31104debcb23fbd5c11,FFD8FFDB0084000101010101,325,400,doctor原图,
罗金泰,https://www.gyfyyy.cn/cn/ks/wk/bnwk/doctor_430.html,实采,,https://www.gyfyyy.cn/images/doctor/LUOJINTAI.jpg,01_试点医院/广州医科大学附属第一医院/照片/罗金泰-泌尿外科-主任医师-广州医科大学附属第一医院.jpg,36937,6ca766440126def508f3976510d1b3dea4d3cfe84b8b31897615d75bac9876cf,FFD8FFDB0084000101010101,325,400,doctor原图,
卢穗琳,https://www.gyfyyy.cn/cn/ks/wk/bnwk/doctor_432.html,实采,,https://www.gyfyyy.cn/Upload/202201/637782039471790112.jpg,01_试点医院/广州医科大学附属第一医院/照片/卢穗琳-泌尿外科-副主任医师-广州医科大学附属第一医院.jpg,66107,6bb13baa642bdbcddb7b5d435e4da7f16ffdd3a643895ef9939efa640288fea3,FFD8FFDB0084000101010101,325,400,Upload原图,
张灿洲,https://www.gyfyyy.cn/cn/ks/wk/mzk/doctor_433.html,实采,,https://www.gyfyyy.cn/images/doctor/ZHANGCHANZHOU.jpg,01_试点医院/广州医科大学附属第一医院/照片/张灿洲-麻醉科-副主任医师-广州医科大学附属第一医院.jpg,36183,7122e364d99c22fc306a7e5389b054cb38858d61bce4c47aa22c257065ebcff1,FFD8FFDB0084000101010101,325,400,doctor原图,
黄娟妮,https://www.gyfyyy.cn/cn/ks/nk/lnbk/doctor_435.html,实采,,https://www.gyfyyy.cn/images/doctor/HUANGJUANNI.jpg,01_试点医院/广州医科大学附属第一医院/照片/黄娟妮-老年病科-副主任医师-广州医科大学附属第一医院.jpg,41739,268c3b3ffd1921ae64d142981d9b75c443d005368e69419188c8c4e72ce5b73f,FFD8FFDB0084000101010101,325,400,doctor原图,
杨征毅,https://www.gyfyyy.cn/cn/ks/qtzk/kqk/doctor_436.html,实采,,https://www.gyfyyy.cn/images/doctor/YANGZHENGYI.jpg,01_试点医院/广州医科大学附属第一医院/照片/杨征毅-口腔科-主治医师-广州医科大学附属第一医院.jpg,79755,50a724dd4ed5f447638684d84571e0cc3320c6367f901868f4b7f248b2614184,FFD8FFDB0084000101010101,325,400,doctor原图,
张宇航,https://www.gyfyyy.cn/cn/ks/qtzk/kqk/doctor_437.html,实采,,https://www.gyfyyy.cn/images/doctor/ZHANGYUHANG.jpg,01_试点医院/广州医科大学附属第一医院/照片/张宇航-口腔科-主治医师-广州医科大学附属第一医院.jpg,79454,3979f649754f0d0de4eb8f69bc75abb17d04cf00549c0aaeacae5d8c7addc6eb,FFD8FFDB0084000101010101,325,400,doctor原图,
张载宇,https://www.gyfyyy.cn/cn/ks/qtzk/kqk/doctor_438.html,实采,,https://www.gyfyyy.cn/images/doctor/ZHNGZAIYU.jpg,01_试点医院/广州医科大学附属第一医院/照片/张载宇-口腔科-主治医师-广州医科大学附属第一医院.jpg,78519,3f93c879d847ade18d4fae0c8bd315c375883eafe0ee8a266f762d4a263b4bab,FFD8FFDB0084000101010101,325,400,doctor原图,
梁咏珊,https://www.gyfyyy.cn/cn/ks/qtzk/kfk/doctor_443.html,实采,,https://www.gyfyyy.cn/images/doctor/LIANGYINGSHAN.jpg,01_试点医院/广州医科大学附属第一医院/照片/梁咏珊-康复科-主治医师-广州医科大学附属第一医院.jpg,73493,f3621eb71e1c150eb8c2694872331ec7259b6e56117c18f4c21aa4ca409e77cb,FFD8FFDB0084000101010101,325,400,doctor原图,
杜春晓,https://www.gyfyyy.cn/cn/ks/qtzk/kfk/doctor_444.html,实采,,https://www.gyfyyy.cn/images/doctor/DUCHUNXIAO.jpg,01_试点医院/广州医科大学附属第一医院/照片/杜春晓-康复科-医师-广州医科大学附属第一医院.jpg,81397,7391d9c07e1703bedc14cf8e2832d9e5f6fae49b7d8991677368e0ae6da7c52f,FFD8FFDB0084000101010101,325,400,doctor原图,
梁伟坚,https://www.gyfyyy.cn/cn/ks/qtzk/kfk/doctor_446.html,实采,,https://www.gyfyyy.cn/images/doctor/LIANGWEIJIAN.jpg,01_试点医院/广州医科大学附属第一医院/照片/梁伟坚-康复科-主治医师-广州医科大学附属第一医院.jpg,39608,5cd324a3ee8f495a805051d3bdcb53f4f9f7ae9e037c471bd7e4a25dcf1e185a,FFD8FFDB0084000101010101,325,400,doctor原图,
左小萍,https://www.gyfyyy.cn/cn/ks/qtzk/lcxlk/doctor_456.html,实采,,https://www.gyfyyy.cn/Upload/202410/638658970040387606.jpg,01_试点医院/广州医科大学附属第一医院/照片/左小萍-临床心理科-副主任医师-广州医科大学附属第一医院.jpg,3336,d49e898ccc908396326f8e72a90eed0d601a82b6bc353783fe2df2241f9cde85,FFD8FFE000104A4649460001,100,145,Upload原图,
曾量波,https://www.gyfyyy.cn/cn/ks/jzk/doctor_459.html,实采,,https://www.gyfyyy.cn/Upload/202202/637798422497768209.jpg,01_试点医院/广州医科大学附属第一医院/照片/曾量波-急诊科-主任医师-广州医科大学附属第一医院.jpg,85275,305f0ba349b5a63110b1aea03d4179ebe6022463417edf37984dc167393e3685,FFD8FFDB0084000101010101,325,400,Upload原图,
赖荣德,https://www.gyfyyy.cn/cn/ks/jzk/doctor_460.html,实采,,https://www.gyfyyy.cn/images/doctor/LAORONGDE.jpg,01_试点医院/广州医科大学附属第一医院/照片/赖荣德-急诊科-主任医师-广州医科大学附属第一医院.jpg,78574,18d46a85483190dc56ccb41ed52567954d33156b83e9a450334f18c95a384269,FFD8FFDB0084000101010101,325,400,doctor原图,
李文绮,https://www.gyfyyy.cn/cn/ks/qtzk/jgk/doctor_462.html,实采,,https://www.gyfyyy.cn/images/doctor/LIWENQI.jpg,01_试点医院/广州医科大学附属第一医院/照片/李文绮-激光科-主治医师-广州医科大学附属第一医院.jpg,37875,4b2cab2d6a8603a5d798ccb75760de08fba9fd1577c957bc1edf54851eb4ee31,FFD8FFDB0084000101010101,325,400,doctor原图,
黄顺开,https://www.gyfyyy.cn/cn/ks/ek/xehxzk/doctor_464.html,实采,,https://www.gyfyyy.cn/images/doctor/HUANGSHUNKAI.jpg,01_试点医院/广州医科大学附属第一医院/照片/黄顺开-小儿呼吸专科-主治医师-广州医科大学附属第一医院.jpg,76889,9346b53e01775a54f224fa954299b4b0678a1582640a6497fb6c0329916d63b3,FFD8FFDB0084000101010101,325,400,doctor原图,
秦旭,https://www.gyfyyy.cn/cn/ks/ek/xehxzk/doctor_465.html,实采,,https://www.gyfyyy.cn/images/doctor/QINXU.jpg,01_试点医院/广州医科大学附属第一医院/照片/秦旭-小儿呼吸专科-主治医师-广州医科大学附属第一医院.jpg,73289,e405e59dca17e4eb2e54b2ac67924fc16149166393b510a438593fcc7c846da1,FFD8FFDB0084000101010101,325,400,doctor原图,
曾莉君,https://www.gyfyyy.cn/cn/ks/ek/xehxzk/doctor_466.html,实采,,https://www.gyfyyy.cn/images/doctor/ZENGLIJUN.jpg,01_试点医院/广州医科大学附属第一医院/照片/曾莉君-小儿呼吸专科-主治医师-广州医科大学附属第一医院.jpg,78285,a56a5cf14386dfc072db4aea02e5a9b4918822fef908c2cf0c79e060006468cc,FFD8FFDB0084000101010101,325,400,doctor原图,
谢慎昕,https://www.gyfyyy.cn/cn/ks/ek/xehxzk/doctor_467.html,实采,,https://www.gyfyyy.cn/images/doctor/XIESHENXI.jpg,01_试点医院/广州医科大学附属第一医院/照片/谢慎昕-小儿呼吸专科-医师-广州医科大学附属第一医院.jpg,76327,16ed8a254962e9dba12db1c85dd189f0e3e64b2cf40485458e4ca00e091b9a2c,FFD8FFDB0084000101010101,325,400,doctor原图,
陈爱欢,https://www.gyfyyy.cn/cn/ks/ek/xehxzk/doctor_468.html,实采,,https://www.gyfyyy.cn/Upload/202410/638659056637082762.jpg,01_试点医院/广州医科大学附属第一医院/照片/陈爱欢-小儿呼吸专科-主任医师-广州医科大学附属第一医院.jpg,784583,7e8bdfddc6f08ad55b419eea205f89e4956707c2e702218a684d130c62ce00d2,FFD8FFE000104A4649460001,1333,2000,Upload原图,
谢佳星,https://www.gyfyyy.cn/cn/ks/nk/hxnk/doctor_471.html,实采,,https://www.gyfyyy.cn/Upload/202209/638001290934591405.png,01_试点医院/广州医科大学附属第一医院/照片/谢佳星-呼吸与危重症医学科-主任医师-广州医科大学附属第一医院.png,517021,713061bee12f71e83df96433912e1a39f5aceaeeeea55b1e99bd7dc7dc5f0a16,89504E470D0A1A0A0000000D,606,693,Upload原图,
王凤燕,https://www.gyfyyy.cn/cn/ks/nk/hxnk/doctor_473.html,实采,,https://www.gyfyyy.cn/images/doctor/WANGFENGYAN.jpg,01_试点医院/广州医科大学附属第一医院/照片/王凤燕-呼吸与危重症医学科-主治医师-广州医科大学附属第一医院.jpg,39422,a5bca98612f0b75d5b206e3158c2750dc63d78e3113c4ea16fbad26b23de9849,FFD8FFDB0084000101010101,325,400,doctor原图,
王欣妮,https://www.gyfyyy.cn/cn/ks/nk/hxnk/doctor_474.html,实采,,https://www.gyfyyy.cn/images/doctor/WANGXINNI.jpg,01_试点医院/广州医科大学附属第一医院/照片/王欣妮-呼吸与危重症医学科-副主任医师-广州医科大学附属第一医院.jpg,37740,53805b16281d02ef4d68d92bddd6220f0734e34221309a2d2d87ac0ccb07c09d,FFD8FFDB0084000101010101,325,400,doctor原图,
沈盼晓,https://www.gyfyyy.cn/cn/ks/nk/hxnk/doctor_475.html,实采,,https://www.gyfyyy.cn/images/doctor/SHENPANGXIAO.jpg,01_试点医院/广州医科大学附属第一医院/照片/沈盼晓-呼吸与危重症医学科-主治医师-广州医科大学附属第一医院.jpg,73673,b8534a04a105aa565dc0cd5c1e71d77803f18a3ab3fa0367544ebb087025f78b,FFD8FFDB0084000101010101,325,400,doctor原图,
杨劲松,https://www.gyfyyy.cn/cn/ks/nk/hxnk/doctor_476.html,实采,,https://www.gyfyyy.cn/Upload/202410/638658858037499200.jpg,01_试点医院/广州医科大学附属第一医院/照片/杨劲松-呼吸与危重症医学科-主治医师-广州医科大学附属第一医院.jpg,1028947,a0c8fcd2fbf619bc07794798604a41c8af6cb9f31cf3263ae60f1d4dfb63eba7,FFD8FFE1112E457869660000,325,400,Upload原图,
周承志,https://www.gyfyyy.cn/cn/ks/nk/hxnk/doctor_478.html,实采,,https://www.gyfyyy.cn/images/doctor/ZHOUCHENGZHI.jpg,01_试点医院/广州医科大学附属第一医院/照片/周承志-呼吸与危重症医学科-主任医师-广州医科大学附属第一医院.jpg,88122,e9ff547ce6901b1c623fcd9f12b4f841af92bca7397db804d5cfe2fa9dbbf1f6,FFD8FFDB0084000101010101,325,400,doctor原图,
汪金林,https://www.gyfyyy.cn/cn/ks/nk/hxnk/doctor_480.html,实采,,https://www.gyfyyy.cn/Upload/202410/638658860654656252.png,01_试点医院/广州医科大学附属第一医院/照片/汪金林-呼吸与危重症医学科-主任医师-广州医科大学附属第一医院.png,429673,9f4181bea470642f29fd2ecf7daa577ff8944dfdd9275894612295063ec9b63f,89504E470D0A1A0A0000000D,448,556,Upload原图,
周露茜,https://www.gyfyyy.cn/cn/ks/nk/hxnk/doctor_481.html,实采,,https://www.gyfyyy.cn/images/doctor/ZHOULUXI.jpg,01_试点医院/广州医科大学附属第一医院/照片/周露茜-呼吸与危重症医学科-副主任医师-广州医科大学附属第一医院.jpg,40134,717136222bb1cef1bb3809f7cf211311fc8e39c5d86cde64236094d124173bf4,FFD8FFDB0084000101010101,325,400,doctor原图,
赖宁,https://www.gyfyyy.cn/cn/ks/nk/hxnk/doctor_483.html,实采,,https://www.gyfyyy.cn/Upload/202410/638658919686509721.jpg,01_试点医院/广州医科大学附属第一医院/照片/赖宁-呼吸与危重症医学科-主任医师-广州医科大学附属第一医院.jpg,129322,000c9d6e085a6013218aa0214f84bc9c48c02a63fe036d6d6551ddf95d71065b,FFD8FFE000104A4649460001,1363,2000,Upload原图,
刘明,https://www.gyfyyy.cn/cn/ks/nk/hxnk/doctor_484.html,实采,,https://www.gyfyyy.cn/images/doctor/LIUMING.jpg,01_试点医院/广州医科大学附属第一医院/照片/刘明-呼吸与危重症医学科-主治医师-广州医科大学附属第一医院.jpg,81309,10854f8a9874a48e3a24aad54d3c29a48cd8230647bdb7b6966cac8a4d9ef3bb,FFD8FFDB0084000101010101,325,400,doctor原图,
关伟杰,https://www.gyfyyy.cn/cn/ks/nk/hxnk/doctor_485.html,实采,,https://www.gyfyyy.cn/images/doctor/GUANWEIJIE.jpg,01_试点医院/广州医科大学附属第一医院/照片/关伟杰-呼吸与危重症医学科-研究员-广州医科大学附属第一医院.jpg,38096,85ea996660d05b8485093f97e881cf29a411020eb288e92b86bb88460873d0d0,FFD8FFDB0084000101010101,325,400,doctor原图,
赵东兴,https://www.gyfyyy.cn/cn/ks/nk/hxnk/doctor_486.html,实采,,https://www.gyfyyy.cn/images/doctor/ZHAODONGXING.jpg,01_试点医院/广州医科大学附属第一医院/照片/赵东兴-呼吸与危重症医学科-主任医师-广州医科大学附属第一医院.jpg,70397,0f0589908c2f66396a36e0f0778710fbd2a9417d85419d2a4f7dcd9b63596427,FFD8FFDB0084000101010101,325,400,doctor原图,
占扬清,https://www.gyfyyy.cn/cn/ks/nk/hxnk/doctor_487.html,实采,,https://www.gyfyyy.cn/images/doctor/ZHANYANGQING.jpg,01_试点医院/广州医科大学附属第一医院/照片/占扬清-呼吸与危重症医学科-副主任医师-广州医科大学附属第一医院.jpg,59810,3cb24b9d07afa49a761b55cd80c3a27d929c1381c9c4452ca8fcc731f893ec06,FFD8FFDB0084000101010101,325,400,doctor原图,
苏小芬,https://www.gyfyyy.cn/cn/ks/nk/hxnk/doctor_488.html,实采,,https://www.gyfyyy.cn/images/doctor/SUXIAOFEN.jpg,01_试点医院/广州医科大学附属第一医院/照片/苏小芬-呼吸与危重症医学科-主治医师-广州医科大学附属第一医院.jpg,57426,4ae85474a155e93064ba38492e1555566843a089867b89950d91427c0ac79e14,FFD8FFDB0084000101010101,325,400,doctor原图,
苏柱泉,https://www.gyfyyy.cn/cn/ks/nk/hxnk/doctor_489.html,实采,,https://www.gyfyyy.cn/Upload/202410/638658919998296594.jpg,01_试点医院/广州医科大学附属第一医院/照片/苏柱泉-呼吸与危重症医学科-副主任医师-广州医科大学附属第一医院.jpg,336503,8f771805046376bc3ae989c4871b15e54c8749eee49b4b8bbda0059a2ba87e8d,FFD8FFE000104A4649460001,634,951,Upload原图,
郭炳鹏,https://www.gyfyyy.cn/cn/ks/nk/hxnk/doctor_490.html,实采,,https://www.gyfyyy.cn/images/doctor/GUOBINGPENG.jpg,01_试点医院/广州医科大学附属第一医院/照片/郭炳鹏-呼吸与危重症医学科-医师-广州医科大学附属第一医院.jpg,73352,50a329b75ab80010e9e05b06be9ed2fa9563544d0ef452c70d82e2772af09428,FFD8FFDB0084000101010101,325,400,doctor原图,
廖理粤,https://www.gyfyyy.cn/cn/ks/nk/hxnk/doctor_491.html,实采,,https://www.gyfyyy.cn/images/doctor/LIAOLIYUE.jpg,01_试点医院/广州医科大学附属第一医院/照片/廖理粤-呼吸与危重症医学科-副主任医师-广州医科大学附属第一医院.jpg,41696,55caf5e6c16ac909abc88888a6658dd9990508e23e416f63f205b3b72af000d0,FFD8FFDB0084000101010101,325,400,doctor原图,
刘芯,https://www.gyfyyy.cn/cn/ks/nk/zlnk/doctor_494.html,实采,,https://www.gyfyyy.cn/Upload/202201/637775964191777140.jpg,01_试点医院/广州医科大学附属第一医院/照片/刘芯-肿瘤科-副主任医师-广州医科大学附属第一医院.jpg,74212,7c873524c0702a1b301e21876dd098cb5a575732061308c0d10aff6df2cff88c,FFD8FFDB0084000101010101,325,400,Upload原图,
陈光春,https://www.gyfyyy.cn/cn/ks/wk/ptwk/doctor_495.html,实采,,https://www.gyfyyy.cn/Upload/202201/637774311582169034.png,01_试点医院/广州医科大学附属第一医院/照片/陈光春-外科门诊-主任医师-广州医科大学附属第一医院.png,226597,8f6760f317051fe25bc0daecce09162b896b9cb085390b0ba6d405e1f8f82ecf,89504E470D0A1A0A0000000D,533,650,Upload原图,
陈光春,https://www.gyfyyy.cn/cn/ks/wk/gdwk/doctor_553.html,实采,,https://www.gyfyyy.cn/Upload/202201/637775995685927904.jpg,01_试点医院/广州医科大学附属第一医院/照片/陈光春-肝胆外科-主任医师-广州医科大学附属第一医院.jpg,76932,41b85c827948b2873f6fb857e6c0602ebd3021cb78c0d6b5cf45646f40255e14,FFD8FFDB0084000101010101,325,400,Upload原图,
余庆锋,https://www.gyfyyy.cn/cn/ks/wk/bnwk/doctor_496.html,实采,,https://www.gyfyyy.cn/Upload/202201/637775939886480246.jpg,01_试点医院/广州医科大学附属第一医院/照片/余庆锋-泌尿外科-副主任医师-广州医科大学附属第一医院.jpg,77532,ba7afe683f3df75fabdce16fad1327887d7d697ab1a5cd5310009d8a124277a8,FFD8FFDB0084000101010101,325,400,Upload原图,
李新春,https://www.gyfyyy.cn/cn/ks/yj/fsk/doctor_497.html,实采,,https://www.gyfyyy.cn/Upload/202201/637775960550771054.jpg,01_试点医院/广州医科大学附属第一医院/照片/李新春-放射科-主任医师-广州医科大学附属第一医院.jpg,78592,cfbcc32186dfc374b367af094e82a8c35a10d6ee2914b31cb2b055320d7ce6ea,FFD8FFDB0084000101010101,325,400,Upload原图,
邓宇,https://www.gyfyyy.cn/cn/ks/yj/fsk/doctor_499.html,实采,,https://www.gyfyyy.cn/Upload/202201/637775962206273487.jpg,01_试点医院/广州医科大学附属第一医院/照片/邓宇-放射科-主任医师-广州医科大学附属第一医院.jpg,77561,30d3a1e5083c51b645b3092c3095d1176a7839bdb6e6df2c985aee7f3fb222a8,FFD8FFDB0084000101010101,325,400,Upload原图,
刘泽贞,https://www.gyfyyy.cn/cn/ks/wk/bnwk/doctor_501.html,实采,,https://www.gyfyyy.cn/Upload/202201/637775926109619461.jpg,01_试点医院/广州医科大学附属第一医院/照片/刘泽贞-泌尿外科-医师-广州医科大学附属第一医院.jpg,76061,b06cf62f428f6cf32b33c2ffc46b7f9534a0d1cd4d584235e18e5c4102390325,FFD8FFDB0084000101010101,325,400,Upload原图,
邓拓,https://www.gyfyyy.cn/cn/ks/wk/bnwk/doctor_502.html,实采,,https://www.gyfyyy.cn/Upload/202201/637775929010923005.jpg,01_试点医院/广州医科大学附属第一医院/照片/邓拓-泌尿外科-主任医师-广州医科大学附属第一医院.jpg,84814,412e877e3b41deec17ee25657f39a4c59f219a6bdfc284bad8972333b8bdaa06,FFD8FFDB0084000101010101,325,400,Upload原图,
李名钊,https://www.gyfyyy.cn/cn/ks/wk/bnwk/doctor_503.html,实采,,https://www.gyfyyy.cn/Upload/202201/637775945147704619.jpg,01_试点医院/广州医科大学附属第一医院/照片/李名钊-泌尿外科-主治医师-广州医科大学附属第一医院.jpg,62661,c3e324056b799ad3f0fba0bc5c0e5ece0774d85ede1b7e573376678dbf640b83,FFD8FFDB0084000101010101,325,400,Upload原图,
何芬,https://www.gyfyyy.cn/cn/ks/qtzk/flk/doctor_504.html,实采,,https://www.gyfyyy.cn/Upload/202201/637775954860655332.jpg,01_试点医院/广州医科大学附属第一医院/照片/何芬-放疗科-主任医师-广州医科大学附属第一医院.jpg,82438,e58fe928fde97f9a397060cd35b93096e8f4adc21216649df3c3cc882aabcafa,FFD8FFDB0084000101010101,325,400,Upload原图,
崔江禹,https://www.gyfyyy.cn/cn/ks/nk/hxnk/doctor_505.html,实采,,https://www.gyfyyy.cn/Upload/202201/637776031764346079.jpg,01_试点医院/广州医科大学附属第一医院/照片/崔江禹-呼吸与危重症医学科-副主任医师-广州医科大学附属第一医院.jpg,72846,0df1286c7bbaa39ae376595e304350f57d43a750df8a9446373081c46a6e456e,FFD8FFDB0084000101010101,325,400,Upload原图,
顾为丽,https://www.gyfyyy.cn/cn/ks/nk/hxnk/doctor_506.html,实采,,https://www.gyfyyy.cn/Upload/202201/637776032363261032.jpg,01_试点医院/广州医科大学附属第一医院/照片/顾为丽-呼吸与危重症医学科-副主任医师-广州医科大学附属第一医院.jpg,75657,139fab9eafc2cdaa9caf53bfaaa5956ba658c869f7eb6fa23fa2bf8fafe8380e,FFD8FFDB0084000101010101,325,400,Upload原图,
郭文亮,https://www.gyfyyy.cn/cn/ks/nk/hxnk/doctor_507.html,实采,,https://www.gyfyyy.cn/Upload/202201/637776033046874954.jpg,01_试点医院/广州医科大学附属第一医院/照片/郭文亮-呼吸与危重症医学科-主治医师-广州医科大学附属第一医院.jpg,84730,b37ea50463c6ac5df6ef60a317478ba8b6449d9b2a837dc9bdf18c3b4a07a7f5,FFD8FFDB0084000101010101,325,400,Upload原图,
韩茜,https://www.gyfyyy.cn/cn/ks/nk/hxnk/doctor_508.html,实采,,https://www.gyfyyy.cn/Upload/202201/637776033969564833.jpg,01_试点医院/广州医科大学附属第一医院/照片/韩茜-呼吸与危重症医学科-主任医师-广州医科大学附属第一医院.jpg,76828,5db8eb32342beaa4a0533e32cf12b41d577e9f9022fd53f7fd6b38c34a093011,FFD8FFDB0084000101010101,325,400,Upload原图,
李少强,https://www.gyfyyy.cn/cn/ks/nk/hxnk/doctor_509.html,实采,,https://www.gyfyyy.cn/Upload/202201/637776034560219823.jpg,01_试点医院/广州医科大学附属第一医院/照片/李少强-呼吸与危重症医学科-副主任医师-广州医科大学附属第一医院.jpg,79235,d67e3e50f49ffb9a3fe03847b7e984c8114c6da01761d0d896e1b362230523e3,FFD8FFDB0084000101010101,325,400,Upload原图,
林心情,https://www.gyfyyy.cn/cn/ks/nk/hxnk/doctor_510.html,实采,,https://www.gyfyyy.cn/Upload/202201/637776035183829874.jpg,01_试点医院/广州医科大学附属第一医院/照片/林心情-呼吸与危重症医学科-主任医师-广州医科大学附属第一医院.jpg,79513,a3b6ee68522f127ff83904adcbea1de81855d33a4189603d2ffdb956abdca7bb,FFD8FFDB0084000101010101,325,400,Upload原图,
罗为展,https://www.gyfyyy.cn/cn/ks/nk/hxnk/doctor_511.html,实采,,https://www.gyfyyy.cn/Upload/202410/638658920617756143.jpg,01_试点医院/广州医科大学附属第一医院/照片/罗为展-呼吸与危重症医学科-主治医师-广州医科大学附属第一医院.jpg,10310,ce62af264c87ea5fe93b069aae4aa74cedad9082e6148e0138f5049faa927e25,FFD8FFE000104A4649460001,254,342,Upload原图,
时旭,https://www.gyfyyy.cn/cn/ks/nk/btfyk/doctor_797.html,实采,,https://www.gyfyyy.cn/Upload/202410/638659003381544935.jpg,01_试点医院/广州医科大学附属第一医院/照片/时旭-呼吸与危重症医学科-副主任医师-广州医科大学附属第一医院.jpg,90137,0395bf2eacd16cbda4744eb6a1234d90d677340b30311ba858e8840ce6fdecd2,FFD8FFE10030457869660000,264,396,Upload原图,
谢晓鸿,https://www.gyfyyy.cn/cn/ks/nk/hxnk/doctor_516.html,实采,,https://www.gyfyyy.cn/Upload/202201/637776038241264822.jpg,01_试点医院/广州医科大学附属第一医院/照片/谢晓鸿-呼吸与危重症医学科-副主任医师-广州医科大学附属第一医院.jpg,82369,1b317bb749f3cd32c1aec6309b66260b44e9a0ed1a32b4e997a068a12035d481,FFD8FFDB0084000101010101,325,400,Upload原图,
张筱娴,https://www.gyfyyy.cn/cn/ks/nk/hxnk/doctor_517.html,实采,,https://www.gyfyyy.cn/Upload/202201/637776038936920797.jpg,01_试点医院/广州医科大学附属第一医院/照片/张筱娴-呼吸与危重症医学科-副主任医师-广州医科大学附属第一医院.jpg,69445,826d07e27ac546cb77e2be93b81bdb80637b3df8aabc7bbb28060a8ec45560bb,FFD8FFDB0084000101010101,325,400,Upload原图,
梁振宇,https://www.gyfyyy.cn/cn/ks/nk/hxnk/doctor_518.html,实采,,https://www.gyfyyy.cn/Upload/202201/637776039667715143.jpg,01_试点医院/广州医科大学附属第一医院/照片/梁振宇-呼吸与危重症医学科-副主任医师-广州医科大学附属第一医院.jpg,76337,3dc24be4251ff7fced5f7e401fa05167e4f92ca66d336be6de6395e8928ec30f,FFD8FFDB0084000101010101,325,400,Upload原图,
杜丽波,https://www.gyfyyy.cn/cn/ks/nk/xxgnk/doctor_519.html,实采,,https://www.gyfyyy.cn/Upload/202410/638658953426707836.jpg,01_试点医院/广州医科大学附属第一医院/照片/杜丽波-心血管内科-副主任医师-广州医科大学附属第一医院.jpg,4331,c766c48ca35deb727c4f8b77e87a05e3e1bd471f19656b9aeb7075b4387e032f,FFD8FFE000104A4649460001,120,180,Upload原图,
郭涛,https://www.gyfyyy.cn/cn/ks/nk/xxgnk/doctor_520.html,实采,,https://www.gyfyyy.cn/Upload/202201/637776027890453001.jpg,01_试点医院/广州医科大学附属第一医院/照片/郭涛-心血管内科-副主任医师-广州医科大学附属第一医院.jpg,77290,4501a6af91d798c3168e4b918ec68a777beac087d6c8838648fca2aa38b53c9e,FFD8FFDB0084000101010101,325,400,Upload原图,
罗福全,https://www.gyfyyy.cn/cn/ks/nk/xxgnk/doctor_521.html,实采,,https://www.gyfyyy.cn/Upload/202504/638796190705756069.jpg,01_试点医院/广州医科大学附属第一医院/照片/罗福全-心血管内科-主治医师-广州医科大学附属第一医院.jpg,35802,e9cc17693c08cd755f1a4a3d79e90432900b40b0532f6076ddef5c772f6e5aa9,FFD8FFE000104A4649460001,694,925,Upload原图,
潘秀娣,https://www.gyfyyy.cn/cn/ks/nk/xxgnk/doctor_522.html,实采,,https://www.gyfyyy.cn/Upload/202201/637776028843932512.jpg,01_试点医院/广州医科大学附属第一医院/照片/潘秀娣-心血管内科-副主任医师-广州医科大学附属第一医院.jpg,80124,571d61dbc535b28b72c69d5e7a2b7fbb85912f275be33548de6c56967d665c27,FFD8FFDB0084000101010101,325,400,Upload原图,
卜彤,https://www.gyfyyy.cn/cn/ks/nk/xxgnk/doctor_523.html,实采,,https://www.gyfyyy.cn/Upload/202201/637776029420666782.jpg,01_试点医院/广州医科大学附属第一医院/照片/卜彤-心血管内科-副主任医师-广州医科大学附属第一医院.jpg,77613,b744dadfb43356b477ac032cb5895cd62eb5407a385d9b880796b52c7da13520,FFD8FFDB0084000101010101,325,400,Upload原图,
柯贵宝,https://www.gyfyyy.cn/cn/ks/nk/snk/doctor_524.html,实采,,https://www.gyfyyy.cn/Upload/202201/637776025381488277.jpg,01_试点医院/广州医科大学附属第一医院/照片/柯贵宝-肾内科-副主任医师-广州医科大学附属第一医院.jpg,80408,15f500a681dbb15aacaa24d32bf727fff94ea146855207c0c68646c9969256df,FFD8FFDB0084000101010101,325,400,Upload原图,
奉俊敏,https://www.gyfyyy.cn/cn/ks/nk/sjnk/doctor_526.html,实采,,https://www.gyfyyy.cn/Upload/202201/637776022845773261.jpg,01_试点医院/广州医科大学附属第一医院/照片/奉俊敏-神经内科-副主任医师-广州医科大学附属第一医院.jpg,67278,0de86411021ae022dfc1febe387d50b0b8592b3c8d86b96a549b32cfb336d6aa,FFD8FFDB0084000101010101,325,400,Upload原图,
刘磊,https://www.gyfyyy.cn/cn/ks/nk/sjnk/doctor_527.html,实采,,https://www.gyfyyy.cn/Upload/202201/637776023534883258.jpg,01_试点医院/广州医科大学附属第一医院/照片/刘磊-神经内科-主治医师-广州医科大学附属第一医院.jpg,69855,7fc1852c5372263144355b5b0e0a6191433b8771e58426f22aa32b155a8e900b,FFD8FFDB0084000101010101,325,400,Upload原图,
莫明树,https://www.gyfyyy.cn/cn/ks/nk/sjnk/doctor_528.html,实采,,https://www.gyfyyy.cn/Upload/202201/637776024162396854.jpg,01_试点医院/广州医科大学附属第一医院/照片/莫明树-神经内科-副主任医师-广州医科大学附属第一医院.jpg,79176,cead296f32e7347280300047429f6ab8d38881aac1eca403d110c19c746b06cc,FFD8FFDB0084000101010101,325,400,Upload原图,
黄晓菡,https://www.gyfyyy.cn/cn/ks/nk/grnk/doctor_529.html,实采,,https://www.gyfyyy.cn/Upload/202201/637776021260067055.jpg,01_试点医院/广州医科大学附属第一医院/照片/黄晓菡-感染内科-副主任医师-广州医科大学附属第一医院.jpg,76777,155a1edf4aab7d118bdc0eab87e48b38fadb355a0ad11d318484259b8b5417e3,FFD8FFDB0084000101010101,325,400,Upload原图,
杨玲,https://www.gyfyyy.cn/cn/ks/nk/grnk/doctor_530.html,实采,,https://www.gyfyyy.cn/Upload/202208/637951457516962454.jpg,01_试点医院/广州医科大学附属第一医院/照片/杨玲-感染内科-副主任医师-广州医科大学附属第一医院.jpg,60712,82a3bd4716d1c1e75fa6649199ccf570cc26d0d683107f5fc91192c5ae1a32cb,FFD8FFE20C584943435F5052,325,400,Upload原图,
张鹤,https://www.gyfyyy.cn/cn/ks/nk/grnk/doctor_531.html,实采,,https://www.gyfyyy.cn/Upload/202410/638658962986534338.jpg,01_试点医院/广州医科大学附属第一医院/照片/张鹤-感染内科-副主任医师-广州医科大学附属第一医院.jpg,3791,e4da87344d3bc0706622ae2229ab44e0c2e162e92f6d5f4db65523d541ca5894,FFD8FFE000104A4649460001,100,145,Upload原图,
卓超,https://www.gyfyyy.cn/cn/ks/nk/grnk/doctor_532.html,实采,,https://www.gyfyyy.cn/Upload/202201/637786429500560040.jpg,01_试点医院/广州医科大学附属第一医院/照片/卓超-感染内科-主任医师-广州医科大学附属第一医院.jpg,77120,7f2d81853b9f264b19a57eb58866bbac281a7b3b6a170a3a22185f3e121c0cdd,FFD8FFDB0084000101010101,325,400,Upload原图,
龚晓蓉,https://www.gyfyyy.cn/cn/ks/nk/xhnk/doctor_533.html,实采,,https://www.gyfyyy.cn/Upload/202201/637776019544091593.jpg,01_试点医院/广州医科大学附属第一医院/照片/龚晓蓉-消化内科-副主任医师-广州医科大学附属第一医院.jpg,79499,47b61ae2a011db1a726164b30a535e5847ad51076c78a6e772903463accc266a,FFD8FFDB0084000101010101,325,400,Upload原图,
彭亮,https://www.gyfyyy.cn/cn/ks/nk/xhnk/doctor_534.html,实采,,https://www.gyfyyy.cn/Upload/202201/637776020303323877.jpg,01_试点医院/广州医科大学附属第一医院/照片/彭亮-消化内科-主任医师-广州医科大学附属第一医院.jpg,77913,cddcc46717a60ce0f8a6ec7b9a22696fd629113c2305225ccf2ce81edec523bd,FFD8FFDB0084000101010101,325,400,Upload原图,
黄晓淳,https://www.gyfyyy.cn/cn/ks/nk/nfbk/doctor_535.html,实采,,https://www.gyfyyy.cn/Upload/202201/637776018022492936.jpg,01_试点医院/广州医科大学附属第一医院/照片/黄晓淳-内分泌科-主治医师-广州医科大学附属第一医院.jpg,78092,e3afa730816b90c7cd2eb072e7ede1643d45482ac46c912ef826a236e3fad839,FFD8FFDB0084000101010101,325,400,Upload原图,
鲁可,https://www.gyfyyy.cn/cn/ks/nk/nfbk/doctor_536.html,实采,,https://www.gyfyyy.cn/Upload/202201/637776018731729658.jpg,01_试点医院/广州医科大学附属第一医院/照片/鲁可-内分泌科-主治医师-广州医科大学附属第一医院.jpg,72880,1ec928c204f04755e7787a2b847e6258e92edf4002f196f132bdf57c95f366c3,FFD8FFDB0084000101010101,325,400,Upload原图,
邓雪峰,https://www.gyfyyy.cn/cn/ks/nk/lnbk/doctor_537.html,实采,,https://www.gyfyyy.cn/Upload/202201/637776016851679890.jpg,01_试点医院/广州医科大学附属第一医院/照片/邓雪峰-老年病科-副主任医师-广州医科大学附属第一医院.jpg,82457,003e251a1558fa12238abffaa723a8c9a4ba3ab77495b9871b1131176abcd008,FFD8FFDB0084000101010101,325,400,Upload原图,
付迪,https://www.gyfyyy.cn/cn/ks/nk/fsk/doctor_538.html,实采,,https://www.gyfyyy.cn/Upload/202201/637776013931160438.jpg,01_试点医院/广州医科大学附属第一医院/照片/付迪-风湿科-副主任医师-广州医科大学附属第一医院.jpg,77614,8b597413a57c11cc0e63561294f7b17781b2d8e6927598bb55ca262c1a33aaee,FFD8FFDB0084000101010101,325,400,Upload原图,
高建全,https://www.gyfyyy.cn/cn/ks/nk/fsk/doctor_539.html,实采,,https://www.gyfyyy.cn/Upload/202201/637776014430230764.jpg,01_试点医院/广州医科大学附属第一医院/照片/高建全-风湿科-主治医师-广州医科大学附属第一医院.jpg,74593,4926625d22f4eb53ae33021ec88e31952fc1c8eca94a20a49fe337b1c0c40a49,FFD8FFDB0084000101010101,325,400,Upload原图,
肖楚吟,https://www.gyfyyy.cn/cn/ks/nk/fsk/doctor_540.html,实采,,https://www.gyfyyy.cn/Upload/202201/637776015374776144.jpg,01_试点医院/广州医科大学附属第一医院/照片/肖楚吟-风湿科-主治医师-广州医科大学附属第一医院.jpg,75297,dd3ca407653b41fd77d5615020509ac62e6503cab0907b6c066be4178635337a,FFD8FFDB0084000101010101,325,400,Upload原图,
李海明,https://www.gyfyyy.cn/cn/ks/nk/xynk/doctor_541.html,实采,,https://www.gyfyyy.cn/Upload/202201/637776011733779614.jpg,01_试点医院/广州医科大学附属第一医院/照片/李海明-血液内科-副主任医师-广州医科大学附属第一医院.jpg,80278,0a6d64c0c3dfe521f88dbf2ca2f4ff13bbb6d14cbd171ab8fb492dff794fb1e1,FFD8FFDB0084000101010101,325,400,Upload原图,
刘丹,https://www.gyfyyy.cn/cn/ks/nk/xynk/doctor_542.html,实采,,https://www.gyfyyy.cn/Upload/202201/637776012514104037.jpg,01_试点医院/广州医科大学附属第一医院/照片/刘丹-血液内科-副主任医师-广州医科大学附属第一医院.jpg,85960,55446774ab581b464104981b9852c0dc50adb4a19c31ecab82f669815160d4bb,FFD8FFDB0084000101010101,325,400,Upload原图,
汪涯雅,https://www.gyfyyy.cn/cn/ks/nk/xynk/doctor_543.html,实采,,https://www.gyfyyy.cn/Upload/202201/637776013093798175.jpg,01_试点医院/广州医科大学附属第一医院/照片/汪涯雅-血液内科-副主任医师-广州医科大学附属第一医院.jpg,81694,cf73df5161111b5f3ce1ea8cfea990a76e91aa5e2f030a8166e04409e6d735f5,FFD8FFDB0084000101010101,325,400,Upload原图,
肖东,https://www.gyfyyy.cn/cn/ks/wk/xwk/doctor_544.html,实采,,https://www.gyfyyy.cn/Upload/202201/637776008950417232.jpg,01_试点医院/广州医科大学附属第一医院/照片/肖东-胸外科-副主任医师-广州医科大学附属第一医院.jpg,70704,1737c3fa465b7c548a7b6bc712a359f0ab6e6ce035e53568e8f536e90b6eeb5a,FFD8FFDB0084000101010101,325,400,Upload原图,
徐鑫,https://www.gyfyyy.cn/cn/ks/wk/xwk/doctor_545.html,实采,,https://www.gyfyyy.cn/Upload/202207/637946857907736867.jpg,01_试点医院/广州医科大学附属第一医院/照片/徐鑫-胸外科-主任医师-广州医科大学附属第一医院.jpg,79779,8e84da03c6a704f87bf22e801418f9ab94fec2db62d1a4d5ad301c0e440c22d9,FFD8FFE20C584943435F5052,325,400,Upload原图,
高兴成,https://www.gyfyyy.cn/cn/ks/wk/bnwk/doctor_546.html,实采,,https://www.gyfyyy.cn/Upload/202201/637775937620183179.jpg,01_试点医院/广州医科大学附属第一医院/照片/高兴成-泌尿外科-主任医师-广州医科大学附属第一医院.jpg,98789,9dbbe24213f3edc3068e78dd8f728e3068b23380bdc9e7362d9eced82bb703d0,FFD8FFDB0084000101010101,325,400,Upload原图,
赵志刚,https://www.gyfyyy.cn/cn/ks/wk/bnwk/doctor_547.html,实采,,https://www.gyfyyy.cn/Upload/202201/637775938862085932.jpg,01_试点医院/广州医科大学附属第一医院/照片/赵志刚-泌尿外科-主任医师-广州医科大学附属第一医院.jpg,79834,4caf64fd5ca24d7fad56aa3ec0743fbd3937b01a3476d85dd20a540b68818356,FFD8FFDB0084000101010101,325,400,Upload原图,
陈礼全,https://www.gyfyyy.cn/cn/ks/fck/fk/doctor_549.html,实采,,https://www.gyfyyy.cn/Upload/202201/637775952279629827.jpg,01_试点医院/广州医科大学附属第一医院/照片/陈礼全-妇科-副主任医师-广州医科大学附属第一医院.jpg,73750,e3f1797e91632fa5936f224fba32edcf1abfbb19f1b56f195f5f7e3c44e00419,FFD8FFDB0084000101010101,325,400,Upload原图,
孙建聪,https://www.gyfyyy.cn/cn/ks/qtzk/flk/doctor_550.html,实采,,https://www.gyfyyy.cn/Upload/202201/637775955589107599.jpg,01_试点医院/广州医科大学附属第一医院/照片/孙建聪-放疗科-主任医师-广州医科大学附属第一医院.jpg,77056,53bfde20423a9b18aa67dcb0eb7424bee370df35c472d8202100f15c1bed6c65,FFD8FFDB0084000101010101,325,400,Upload原图,
万明辉,https://www.gyfyyy.cn/cn/ks/qtzk/flk/doctor_551.html,实采,,https://www.gyfyyy.cn/Upload/202201/637775956304743284.jpg,01_试点医院/广州医科大学附属第一医院/照片/万明辉-放疗科-副主任医师-广州医科大学附属第一医院.jpg,73824,4f36ac1426567877df5b33e610b22c69c1f615d89ff204557bb3b1d286064247,FFD8FFDB0084000101010101,325,400,Upload原图,
曾可伟,https://www.gyfyyy.cn/cn/ks/wk/gdwk/doctor_552.html,实采,,https://www.gyfyyy.cn/Upload/202201/637775994897947052.jpg,01_试点医院/广州医科大学附属第一医院/照片/曾可伟-肝胆外科-主任医师-广州医科大学附属第一医院.jpg,86215,f143e7ead8d562283ba0302109751b75b3a6268b0493eeb0374202255833dbd5,FFD8FFDB0084000101010101,325,400,Upload原图,
陈广礼,https://www.gyfyyy.cn/cn/ks/wk/gdwk/doctor_554.html,实采,,https://www.gyfyyy.cn/Upload/202201/637775996827206878.jpg,01_试点医院/广州医科大学附属第一医院/照片/陈广礼-肝胆外科-主治医师-广州医科大学附属第一医院.jpg,76191,0591f075e05b77e753a63bcd3e8b91953d9cd7bb00aa12de9ea387c1340246da,FFD8FFDB0084000101010101,325,400,Upload原图,
范慧光,https://www.gyfyyy.cn/cn/ks/wk/gdwk/doctor_555.html,实采,,https://www.gyfyyy.cn/Upload/202201/637775997650832013.jpg,01_试点医院/广州医科大学附属第一医院/照片/范慧光-肝胆外科-副主任医师-广州医科大学附属第一医院.jpg,78473,5879c424dd497b91c2d87c14421b82793ed971596702a41382a5c36f5c813ff7,FFD8FFDB0084000101010101,325,400,Upload原图,
侯东生,https://www.gyfyyy.cn/cn/ks/wk/gdwk/doctor_556.html,实采,,https://www.gyfyyy.cn/Upload/202201/637775998454757996.jpg,01_试点医院/广州医科大学附属第一医院/照片/侯东生-肝胆外科-主任医师-广州医科大学附属第一医院.jpg,84267,e5a3c7f7dcccb1d3504a785568f2f766154e175d7c68581de6ae171655ee2b88,FFD8FFDB0084000101010101,325,400,Upload原图,
刘安重,https://www.gyfyyy.cn/cn/ks/wk/gdwk/doctor_557.html,实采,,https://www.gyfyyy.cn/Upload/202201/637782038851929741.jpg,01_试点医院/广州医科大学附属第一医院/照片/刘安重-肝胆外科-主任医师-广州医科大学附属第一医院.jpg,80112,9b4908e49d960ad41e71819b5e7d77084fa652a335b39d704eaa63e8957d7215,FFD8FFDB0084000101010101,325,400,Upload原图,
叶劲松,https://www.gyfyyy.cn/cn/ks/wk/gdwk/doctor_559.html,实采,,https://www.gyfyyy.cn/Upload/202201/637775993188842969.jpg,01_试点医院/广州医科大学附属第一医院/照片/叶劲松-肝胆外科-主任医师-广州医科大学附属第一医院.jpg,76435,47fc72e8cd9bfde00e3b78f21c621fd0c1044a094084f49d66d5c31751ac6104,FFD8FFDB0084000101010101,325,400,Upload原图,
张新洽,https://www.gyfyyy.cn/cn/ks/wk/gdwk/doctor_560.html,实采,,https://www.gyfyyy.cn/Upload/202201/637775999948864969.jpg,01_试点医院/广州医科大学附属第一医院/照片/张新洽-肝胆外科-副主任医师-广州医科大学附属第一医院.jpg,77930,dce478dc8f895031057543aeb2d3147e8c866b3fcea9228b3a133059db2ac46a,FFD8FFDB0084000101010101,325,400,Upload原图,
冯钜涛,https://www.gyfyyy.cn/cn/ks/wk/gdwk/doctor_561.html,实采,,https://www.gyfyyy.cn/Upload/202201/637776000587620365.jpg,01_试点医院/广州医科大学附属第一医院/照片/冯钜涛-肝胆外科-副主任医师-广州医科大学附属第一医院.jpg,84315,ecd982fa456b65ad250aaf519ad5f5d1a03e361d8c6c890eacc5229a4260794e,FFD8FFDB0084000101010101,325,400,Upload原图,
孙北望,https://www.gyfyyy.cn/cn/ks/wk/gdwk/doctor_563.html,实采,,https://www.gyfyyy.cn/Upload/202201/637776002039252420.jpg,01_试点医院/广州医科大学附属第一医院/照片/孙北望-肝胆外科-副主任医师-广州医科大学附属第一医院.jpg,84813,4fdad492f71307c396e38a746bd834dc9fbf4212f56059f3ea53eea8c0477dfa,FFD8FFDB0084000101010101,325,400,Upload原图,
王晓明,https://www.gyfyyy.cn/cn/ks/wk/gdwk/doctor_564.html,实采,,https://www.gyfyyy.cn/Upload/202201/637776002650671878.jpg,01_试点医院/广州医科大学附属第一医院/照片/王晓明-肝胆外科-副主任医师-广州医科大学附属第一医院.jpg,88655,a1a261aa209792587080ef40177365b8b2a461037ac6fd3982281b26e16845dc,FFD8FFDB0084000101010101,325,400,Upload原图,
赵超尘,https://www.gyfyyy.cn/cn/ks/wk/gdwk/doctor_566.html,实采,,https://www.gyfyyy.cn/Upload/202201/637776004064939102.jpg,01_试点医院/广州医科大学附属第一医院/照片/赵超尘-肝胆外科-主任医师-广州医科大学附属第一医院.jpg,71531,2043cacd68ff11a316ddaba02af6604cd9ac2585eb64c5dcefdfc6d919a0648d,FFD8FFDB0084000101010101,325,400,Upload原图,
汪国营,https://www.gyfyyy.cn/cn/ks/wk/gdwk/doctor_567.html,实采,,https://www.gyfyyy.cn/Upload/202201/637776004745628063.jpg,01_试点医院/广州医科大学附属第一医院/照片/汪国营-肝胆外科-主任医师-广州医科大学附属第一医院.jpg,82933,00bac06cfb2f5a30ffaaedcb82fae3a411052f38864f1859d19ad69185a66e09,FFD8FFDB0084000101010101,325,400,Upload原图,
侯春,https://www.gyfyyy.cn/cn/ks/wk/zxwk/doctor_568.html,实采,,https://www.gyfyyy.cn/Upload/202201/637776006404269500.jpg,01_试点医院/广州医科大学附属第一医院/照片/侯春-整形外科-主治医师-广州医科大学附属第一医院.jpg,84219,40dcd18e9bb234ddbb97cee401aa4d4b8e1c6069d4ca31432b8d4c2715d413d9,FFD8FFDB0084000101010101,325,400,Upload原图,
李蓉,https://www.gyfyyy.cn/cn/ks/qtzk/flk/doctor_569.html,实采,,https://www.gyfyyy.cn/Upload/202201/637775957011625143.jpg,01_试点医院/广州医科大学附属第一医院/照片/李蓉-放疗科-副主任医师-广州医科大学附属第一医院.jpg,83740,6e66fb53acf200189c797f9e3de30c1e580b46690a6edba0bf518c324dc8eaa0,FFD8FFDB0084000101010101,325,400,Upload原图,
易炜,https://www.gyfyyy.cn/cn/ks/qtzk/flk/doctor_570.html,实采,,https://www.gyfyyy.cn/Upload/202201/637775957827116514.jpg,01_试点医院/广州医科大学附属第一医院/照片/易炜-放疗科-副主任医师-广州医科大学附属第一医院.jpg,84610,2283e93304dcad57cafc740a7805e2989cc14909cae096a96cde49c267ad7563,FFD8FFDB0084000101010101,325,400,Upload原图,
秦海燕,https://www.gyfyyy.cn/cn/ks/qtzk/flk/doctor_571.html,实采,,https://www.gyfyyy.cn/Upload/202201/637775958537125073.jpg,01_试点医院/广州医科大学附属第一医院/照片/秦海燕-放疗科-副主任医师-广州医科大学附属第一医院.jpg,79722,25e8299da01cd366af13eb5f4d1501b41bc5b5619b1c82946285b2d154bb632c,FFD8FFDB0084000101010101,325,400,Upload原图,
曾滔,https://www.gyfyyy.cn/cn/ks/wk/bnwk/doctor_572.html,实采,,https://www.gyfyyy.cn/Upload/202201/637776034720850796.jpg,01_试点医院/广州医科大学附属第一医院/照片/曾滔-泌尿外科-医师-广州医科大学附属第一医院.jpg,82108,d91d21133500cb2bd87aa41542a7434e79d4dabf19baeed9fae28b779f0ea173,FFD8FFDB0084000101010101,325,400,Upload原图,
刘旸,https://www.gyfyyy.cn/cn/ks/wk/bnwk/doctor_573.html,实采,,https://www.gyfyyy.cn/Upload/202201/637776038018914960.jpg,01_试点医院/广州医科大学附属第一医院/照片/刘旸-泌尿外科-医师-广州医科大学附属第一医院.jpg,72324,9a590d69b48d700f589aa8f925a49bde166bd64109b51f3abb5378e4aae99882,FFD8FFDB0084000101010101,325,400,Upload原图,
钟杰辉,https://www.gyfyyy.cn/cn/ks/wk/bnwk/doctor_574.html,实采,,https://www.gyfyyy.cn/Upload/202201/637776039905376713.jpg,01_试点医院/广州医科大学附属第一医院/照片/钟杰辉-泌尿外科-医师-广州医科大学附属第一医院.jpg,77368,a6c2f064de7171b3b48c403df1c1c7c1f5a685a86d8b2e148a45c7504b04f50a,FFD8FFDB0084000101010101,325,400,Upload原图,
姚野,https://www.gyfyyy.cn/cn/ks/wk/xgwk/doctor_575.html,实采,,https://www.gyfyyy.cn/Upload/202201/637777755247480141.jpg,01_试点医院/广州医科大学附属第一医院/照片/姚野-血管外科-副主任医师-广州医科大学附属第一医院.jpg,84654,97614832c113a184f921db65693048db43773b045ba69d7f3f64de34d91f10a2,FFD8FFDB0084000101010101,325,400,Upload原图,
关镜明,https://www.gyfyyy.cn/cn/ks/ek/ek/doctor_576.html,实采,,https://www.gyfyyy.cn/Upload/202201/637791532136467674.jpg,01_试点医院/广州医科大学附属第一医院/照片/关镜明-儿科-主治医师-广州医科大学附属第一医院.jpg,79134,359d5e0f9a65425b98646659f291d6912a109ca7363d097eb1c5781c5f87f7ca,FFD8FFDB0084000101010101,325,400,Upload原图,
梁铭,https://www.gyfyyy.cn/cn/ks/ek/ek/doctor_577.html,实采,,https://www.gyfyyy.cn/Upload/202201/637791538545377175.jpg,01_试点医院/广州医科大学附属第一医院/照片/梁铭-儿科-主任医师-广州医科大学附属第一医院.jpg,74628,6f0c7b1b0cf855b303c95898cf137231eb0d77bec16b8994239c3a475e927161,FFD8FFDB0084000101010101,325,400,Upload原图,
卫凤桂,https://www.gyfyyy.cn/cn/ks/ek/ek/doctor_578.html,实采,,https://www.gyfyyy.cn/Upload/202201/637791531796456076.jpg,01_试点医院/广州医科大学附属第一医院/照片/卫凤桂-儿科-主任医师-广州医科大学附属第一医院.jpg,88904,736df540fbd6b6bfad792ed6f2260cd200e39f65c5625b4aa5d4059a0b458de2,FFD8FFDB0084000101010101,325,400,Upload原图,
吴上志,https://www.gyfyyy.cn/cn/ks/ek/ek/doctor_579.html,实采,,https://www.gyfyyy.cn/Upload/202201/637791538380218117.jpg,01_试点医院/广州医科大学附属第一医院/照片/吴上志-儿科-副主任医师-广州医科大学附属第一医院.jpg,76971,600318971c9cae3af68f248ef423fa6f32a1c0a79b8e281ec303da267cbe3f05,FFD8FFDB0084000101010101,325,400,Upload原图,
吴泽霖,https://www.gyfyyy.cn/cn/ks/ek/ek/doctor_580.html,实采,,https://www.gyfyyy.cn/Upload/202502/638751489837466113.png,01_试点医院/广州医科大学附属第一医院/照片/吴泽霖-儿科-副主任医师-广州医科大学附属第一医院.png,226300,eb048081aa9dbd9db5381a7334f14b3aa2e44e80482b9f680679ab5a2eea17ef,89504E470D0A1A0A0000000D,286,412,Upload原图,
徐佳兴,https://www.gyfyyy.cn/cn/ks/ek/ek/doctor_581.html,实采,,https://www.gyfyyy.cn/Upload/202201/637791539060705582.jpg,01_试点医院/广州医科大学附属第一医院/照片/徐佳兴-儿科-主治医师-广州医科大学附属第一医院.jpg,68690,eeed0ad8d07dccc3fffc3fdef95c18df888d2148f361886a5758f24f25c1a353,FFD8FFDB0084000101010101,325,400,Upload原图,
徐清云,https://www.gyfyyy.cn/cn/ks/ek/ek/doctor_582.html,实采,,https://www.gyfyyy.cn/Upload/202201/637791539846037340.jpg,01_试点医院/广州医科大学附属第一医院/照片/徐清云-儿科-主治医师-广州医科大学附属第一医院.jpg,79338,812562811269f70af561ac86c514eabbed14dc226186859272e5bfc2aa14249a,FFD8FFDB0084000101010101,325,400,Upload原图,
张碧云,https://www.gyfyyy.cn/cn/ks/ek/ek/doctor_583.html,实采,,https://www.gyfyyy.cn/Upload/202201/637791538771326151.jpg,01_试点医院/广州医科大学附属第一医院/照片/张碧云-儿科-副主任医师-广州医科大学附属第一医院.jpg,71474,ab1c9e1168c0a8feefde54806d14215534a951a0202c51cb8389c23e0a152394,FFD8FFDB0084000101010101,325,400,Upload原图,
张亚文,https://www.gyfyyy.cn/cn/ks/ek/ek/doctor_584.html,实采,,https://www.gyfyyy.cn/Upload/202201/637791540622002085.jpg,01_试点医院/广州医科大学附属第一医院/照片/张亚文-儿科-主治医师-广州医科大学附属第一医院.jpg,83477,25ce34d16a4d61f433c55f628ef58fea8b83f8a4fbc6ee2934a734e867005619,FFD8FFDB0084000101010101,325,400,Upload原图,
朱汉平,https://www.gyfyyy.cn/cn/ks/zyk/zyk/doctor_590.html,实采,,https://www.gyfyyy.cn/Upload/202201/637776902222283530.jpg,01_试点医院/广州医科大学附属第一医院/照片/朱汉平-中医科-主治医师-广州医科大学附属第一医院.jpg,74102,8271bdd9d84fb97e8c022a2c8440566470ebfce0a0e31dd1d4f5a5ae791b7489,FFD8FFDB0084000101010101,325,400,Upload原图,
郭志勇,https://www.gyfyyy.cn/cn/ks/wk/jzwk/doctor_591.html,实采,,https://www.gyfyyy.cn/Upload/202201/637777538927677430.jpg,01_试点医院/广州医科大学附属第一医院/照片/郭志勇-脊柱外科-副主任医师-广州医科大学附属第一医院.jpg,39437,6c8c05adb33d114c94fa2fa97d3f7ebbe76c404cf4efaa6cbfd88f39c8ee9661,FFD8FFDB0084000101010101,325,400,Upload原图,
黎文,https://www.gyfyyy.cn/cn/ks/wk/jzwk/doctor_593.html,实采,,https://www.gyfyyy.cn/Upload/202201/637777540365806123.jpg,01_试点医院/广州医科大学附属第一医院/照片/黎文-脊柱外科-主任医师-广州医科大学附属第一医院.jpg,39624,60431efae71f65fb9532de6bf378075e2ad6d160f51ef56f39e66a3bd9a32a65,FFD8FFDB0084000101010101,325,400,Upload原图,
林志雄,https://www.gyfyyy.cn/cn/ks/wk/jzwk/doctor_594.html,实采,,https://www.gyfyyy.cn/Upload/202410/638659051555180982.jpg,01_试点医院/广州医科大学附属第一医院/照片/林志雄-脊柱外科-主任医师-广州医科大学附属第一医院.jpg,51466,a32aaef34c71763885c8ee77e632f9a337b3b3bbbc3c0d64bef49f09076cc5cb,FFD8FFE000104A4649460001,722,1015,Upload原图,
刘琦,https://www.gyfyyy.cn/cn/ks/wk/jzwk/doctor_595.html,实采,,https://www.gyfyyy.cn/Upload/202201/637776892917409403.jpg,01_试点医院/广州医科大学附属第一医院/照片/刘琦-脊柱外科-副主任医师-广州医科大学附属第一医院.jpg,78548,acce5633ad9f1eebacff7977ca7ed8143093fb853f914bc9eb041dc97f17c099,FFD8FFDB0084000101010101,325,400,Upload原图,
吴景明,https://www.gyfyyy.cn/cn/ks/wk/jzwk/doctor_596.html,实采,,https://www.gyfyyy.cn/Upload/202201/637777541512079050.jpg,01_试点医院/广州医科大学附属第一医院/照片/吴景明-脊柱外科-主任医师-广州医科大学附属第一医院.jpg,36383,7e919374e27653feb978b41f7a12c06788ecee9058e806b1d9916d2d240d5a36,FFD8FFDB0084000101010101,325,400,Upload原图,
吴梅祥,https://www.gyfyyy.cn/cn/ks/wk/jzwk/doctor_597.html,实采,,https://www.gyfyyy.cn/Upload/202410/638659051294623207.jpg,01_试点医院/广州医科大学附属第一医院/照片/吴梅祥-脊柱外科-主任医师-广州医科大学附属第一医院.jpg,89363,5f6b0f85aed2bc53984210d6adfe9c87b4b23ca1ad977849c7f99813da0369a2,FFD8FFE000104A4649460001,945,1417,Upload原图,
尹知训,https://www.gyfyyy.cn/cn/ks/wk/jzwk/doctor_598.html,实采,,https://www.gyfyyy.cn/Upload/202201/637777542469755623.jpg,01_试点医院/广州医科大学附属第一医院/照片/尹知训-脊柱外科-主任医师-广州医科大学附属第一医院.jpg,40348,566c17319c52bcc427830d821eb2d6e3b06227289a073aa362498b997cef4292,FFD8FFDB0084000101010101,325,400,Upload原图,
付颖瑜,https://www.gyfyyy.cn/cn/ks/yj/yyk/doctor_599.html,实采,,https://www.gyfyyy.cn/Upload/202201/637777744387025808.jpg,01_试点医院/广州医科大学附属第一医院/照片/付颖瑜-营养科-副主任医师-广州医科大学附属第一医院.jpg,66354,26249587d0039cbab1f32d6578534cd52973d445186379e31c1ede7e227526b9,FFD8FFDB0084000101010101,325,400,Upload原图,
曾尽娣,https://www.gyfyyy.cn/cn/ks/qtzk/kqk/doctor_600.html,实采,,https://www.gyfyyy.cn/Upload/202201/637776902775575923.jpg,01_试点医院/广州医科大学附属第一医院/照片/曾尽娣-口腔科-主治医师-广州医科大学附属第一医院.jpg,75128,50ef852dee9c243285b0f80aaa4f43e7de59cd38c97427264258884549e1e72f,FFD8FFDB0084000101010101,325,400,Upload原图,
宋晶晶,https://www.gyfyyy.cn/cn/ks/qtzk/kqk/doctor_602.html,实采,,https://www.gyfyyy.cn/Upload/202201/637776904236713200.jpg,01_试点医院/广州医科大学附属第一医院/照片/宋晶晶-口腔科-主治医师-广州医科大学附属第一医院.jpg,80087,177c2c213035a421ffa123add06c1a9ce0594c71c1a6c49c7402764c6f1fe554,FFD8FFDB0084000101010101,325,400,Upload原图,
刘小友,https://www.gyfyyy.cn/cn/ks/wk/qgyz/doctor_875.html,实采,,https://www.gyfyyy.cn/Upload/202201/637776886081547903.jpg,01_试点医院/广州医科大学附属第一医院/照片/刘小友-外科门诊-主任医师-广州医科大学附属第一医院.jpg,83311,f47dd0a23732c7a2d6e53bd395ac913c13c7920bcd8f91f64ff5e11f2f4f83b1,FFD8FFDB0084000101010101,325,400,Upload原图,
陈柏芝,https://www.gyfyyy.cn/cn/ks/qtzk/ebhk/doctor_606.html,实采,,https://www.gyfyyy.cn/Upload/202201/637776888062412898.jpg,01_试点医院/广州医科大学附属第一医院/照片/陈柏芝-耳鼻咽喉头颈外科-主治医师-广州医科大学附属第一医院.jpg,88736,7dd8b739b9994eb810df4ec044ccdbdd54881a907513b49cd52da9ba0147fa03,FFD8FFDB0084000101010101,325,400,Upload原图,
冯励,https://www.gyfyyy.cn/cn/ks/nk/ptnk/doctor_607.html,实采,,https://www.gyfyyy.cn/Upload/202201/637776902516350244.jpg,01_试点医院/广州医科大学附属第一医院/照片/冯励-内科门诊-副主任医师-广州医科大学附属第一医院.jpg,81247,c0af4daf0fa2d9e4016bc8548ea8a5791fe997e4354d51c50a832b93edb408b7,FFD8FFDB0084000101010101,325,400,Upload原图,
杨信,https://www.gyfyyy.cn/cn/ks/qtzk/qkyxk/doctor_608.html,实采,,https://www.gyfyyy.cn/Upload/202201/637776887392542090.jpg,01_试点医院/广州医科大学附属第一医院/照片/杨信-全科医学科-副主任医师-广州医科大学附属第一医院.jpg,81094,ff9b4b26eea0918d4a7a4f245fa335c259b8368dd79bfcd17ff9a7a721a354af,FFD8FFDB0084000101010101,325,400,Upload原图,
卢颖深,https://www.gyfyyy.cn/cn/ks/qtzk/ebhk/doctor_609.html,实采,,https://www.gyfyyy.cn/Upload/202201/637776889845106697.jpg,01_试点医院/广州医科大学附属第一医院/照片/卢颖深-耳鼻咽喉头颈外科-副主任医师-广州医科大学附属第一医院.jpg,72266,33c7c5acaf2562b15aa40d2e3a826c0931c88a9cfc6bb0144423d87a68e17b25,FFD8FFDB0084000101010101,325,400,Upload原图,
何毛毛,https://www.gyfyyy.cn/cn/ks/fck/fk/doctor_610.html,实采,,https://www.gyfyyy.cn/Upload/202201/637776891043281906.jpg,01_试点医院/广州医科大学附属第一医院/照片/何毛毛-妇科-副主任医师-广州医科大学附属第一医院.jpg,78633,186a15ef4fdd6bcd6b683162684f4f4eb99905a373a2a75a59322a1fedb9ab1a,FFD8FFDB0084000101010101,325,400,Upload原图,
陈日笑,https://www.gyfyyy.cn/cn/ks/fck/fk/doctor_613.html,实采,,https://www.gyfyyy.cn/Upload/202201/637776903359491119.jpg,01_试点医院/广州医科大学附属第一医院/照片/陈日笑-妇科-主治医师-广州医科大学附属第一医院.jpg,75921,64d88687b67768af6a68aebc6151320b1a1bdd7c3fdb791dacbdb7e3c55e98cd,FFD8FFDB0084000101010101,325,400,Upload原图,
许丽,https://www.gyfyyy.cn/cn/ks/fck/fk/doctor_614.html,实采,,https://www.gyfyyy.cn/Upload/202201/637776894530079546.jpg,01_试点医院/广州医科大学附属第一医院/照片/许丽-妇科-主治医师-广州医科大学附属第一医院.jpg,72470,d10da3ba43cf79f737d66649eb86813bd343ab8d1409603219e39ddfe9110f6a,FFD8FFDB0084000101010101,325,400,Upload原图,
范良生,https://www.gyfyyy.cn/cn/ks/fck/fk/doctor_615.html,实采,,https://www.gyfyyy.cn/Upload/202201/637776903961865469.jpg,01_试点医院/广州医科大学附属第一医院/照片/范良生-妇科-副主任医师-广州医科大学附属第一医院.jpg,77913,641b8bbf6c4f75900c82b366aadcbe47f9e48fbdccaa9d15f58fc089b28a91ad,FFD8FFDB0084000101010101,325,400,Upload原图,
陈玉书,https://www.gyfyyy.cn/cn/ks/wk/gjwk/doctor_617.html,实采,,https://www.gyfyyy.cn/Upload/202201/637776895866430476.jpg,01_试点医院/广州医科大学附属第一医院/照片/陈玉书-关节外科-副主任医师-广州医科大学附属第一医院.jpg,72035,5351ce1c5dce251e9d057161c04a99f2a312bd840889f01f1fd3e6525eafc2c0,FFD8FFDB0084000101010101,325,400,Upload原图,
潘卫红,https://www.gyfyyy.cn/cn/ks/nk/ptnk/doctor_618.html,实采,,https://www.gyfyyy.cn/Upload/202201/637776904841566240.jpg,01_试点医院/广州医科大学附属第一医院/照片/潘卫红-内科门诊-主治医师-广州医科大学附属第一医院.jpg,78399,87b07ce9aae5a9d0ab9d5c51366f44cde79cbdcb2e15f67874797a65bda112c0,FFD8FFDB0084000101010101,325,400,Upload原图,
徐振球,https://www.gyfyyy.cn/cn/ks/wk/sjwk/doctor_619.html,实采,,https://www.gyfyyy.cn/Upload/202201/637776905116570296.jpg,01_试点医院/广州医科大学附属第一医院/照片/徐振球-神经外科-主治医师-广州医科大学附属第一医院.jpg,73377,a77ab057c64296cb1dd36e0c8b42dda386c851731131aecfaf4622fb222c91ea,FFD8FFDB0084000101010101,325,400,Upload原图,
宋丽娟,https://www.gyfyyy.cn/cn/ks/qtzk/ebhk/doctor_620.html,实采,,https://www.gyfyyy.cn/Upload/202201/637776896639221669.jpg,01_试点医院/广州医科大学附属第一医院/照片/宋丽娟-耳鼻咽喉头颈外科-主治医师-广州医科大学附属第一医院.jpg,69373,8b8d3ee32977828f7fba14dcf67787742f66ac5ec915bdc3eac27db2031d9f2e,FFD8FFDB0084000101010101,325,400,Upload原图,
淦亚萍,https://www.gyfyyy.cn/cn/ks/fck/fk/doctor_621.html,实采,,https://www.gyfyyy.cn/Upload/202201/637776897545797482.jpg,01_试点医院/广州医科大学附属第一医院/照片/淦亚萍-妇科-主治医师-广州医科大学附属第一医院.jpg,75240,5bbd410e97bd91d5550821a2ff8c5a0b68038a16192e171bfae296cb1ca8cfaf,FFD8FFDB0084000101010101,325,400,Upload原图,
余湘文,https://www.gyfyyy.cn/cn/ks/qtzk/qkyxk/doctor_623.html,实采,,https://www.gyfyyy.cn/Upload/202201/637776899090988354.jpg,01_试点医院/广州医科大学附属第一医院/照片/余湘文-全科医学科-副主任医师-广州医科大学附属第一医院.jpg,87464,16182b344f8d35378a586d47b4cd9e7650c0b10d17234d6ef4b5d1789e38eb28,FFD8FFDB0084000101010101,325,400,Upload原图,
刘仲荣,https://www.gyfyyy.cn/cn/ks/qtzk/pfk/doctor_624.html,实采,,https://www.gyfyyy.cn/Upload/202201/637776899880067564.jpg,01_试点医院/广州医科大学附属第一医院/照片/刘仲荣-皮肤科-主任医师-广州医科大学附属第一医院.jpg,75816,8356bdd37ec514fd100e411b6d7022a576ceff751c20053793c2291adfb55d78,FFD8FFDB0084000101010101,325,400,Upload原图,
周惠玲,https://www.gyfyyy.cn/cn/ks/fck/fk/doctor_625.html,实采,,https://www.gyfyyy.cn/Upload/202201/637776900627415767.jpg,01_试点医院/广州医科大学附属第一医院/照片/周惠玲-妇科-主治医师-广州医科大学附属第一医院.jpg,72997,05532deeb670d6253bf6b39cb9097f6dd6b0e50bae17b66d8254ee4e54250436,FFD8FFDB0084000101010101,325,400,Upload原图,
高鹭,https://www.gyfyyy.cn/cn/ks/qtzk/yk/doctor_630.html,实采,,https://www.gyfyyy.cn/Upload/202201/637786325905422452.jpg,01_试点医院/广州医科大学附属第一医院/照片/高鹭-眼科-医师-广州医科大学附属第一医院.jpg,74043,65243855d72a4877db3c7a3b4cd4bc5594be03cf25a5789fc034dbe6997b8d31,FFD8FFDB0084000101010101,325,400,Upload原图,
林健强,https://www.gyfyyy.cn/cn/ks/qtzk/yk/doctor_631.html,实采,,https://www.gyfyyy.cn/Upload/202201/637786328033279726.jpg,01_试点医院/广州医科大学附属第一医院/照片/林健强-眼科-主治医师-广州医科大学附属第一医院.jpg,77135,8acfcdbbca3ed1b113addb1825bb11ea39bef2672c45af5b41097f946048cd07,FFD8FFDB0084000101010101,325,400,Upload原图,
周方略,https://www.gyfyyy.cn/cn/ks/ek/ek/doctor_635.html,实采,,https://www.gyfyyy.cn/Upload/202201/637791540040104077.jpg,01_试点医院/广州医科大学附属第一医院/照片/周方略-儿科-主治医师-广州医科大学附属第一医院.jpg,84901,5629eace3f8ecbe31d266954e2c0d9453a6e40464c6e990ebe1de16d76d6da19,FFD8FFDB0084000101010101,325,400,Upload原图,
杨立滢,https://www.gyfyyy.cn/cn/ks/ek/ek/doctor_636.html,实采,,https://www.gyfyyy.cn/Upload/202201/637791539237427037.jpg,01_试点医院/广州医科大学附属第一医院/照片/杨立滢-儿科-主治医师-广州医科大学附属第一医院.jpg,75860,5d89358bfe72a983278297efd9a0f9e00e3325bc1d6c460625bfe8ed739b68fd,FFD8FFDB0084000101010101,325,400,Upload原图,
杨艺,https://www.gyfyyy.cn/cn/ks/ek/ek/doctor_637.html,实采,,https://www.gyfyyy.cn/Upload/202201/637791539403991990.jpg,01_试点医院/广州医科大学附属第一医院/照片/杨艺-儿科-主治医师-广州医科大学附属第一医院.jpg,77468,10037fc2efb519fbb561fcec2d75b6090c944dbf49042817b7866466d13c1c62,FFD8FFDB0084000101010101,325,400,Upload原图,
陈晓雯,https://www.gyfyyy.cn/cn/ks/ek/ek/doctor_638.html,实采,,https://www.gyfyyy.cn/Upload/202201/637791540255587794.jpg,01_试点医院/广州医科大学附属第一医院/照片/陈晓雯-儿科-主治医师-广州医科大学附属第一医院.jpg,71583,6746d6076aa7c5aa19ec67b0491b7fce4d22c222c4b2d3c7183018fec4246b2c,FFD8FFDB0084000101010101,325,400,Upload原图,
梁欢欣,https://www.gyfyyy.cn/cn/ks/ek/ek/doctor_639.html,实采,,https://www.gyfyyy.cn/Upload/202201/637791540416059879.jpg,01_试点医院/广州医科大学附属第一医院/照片/梁欢欣-儿科-主治医师-广州医科大学附属第一医院.jpg,69899,847481c5a978f82aecf2db65d1e2e851bac6e301389e28e417aa0c0a2d83cce0,FFD8FFDB0084000101010101,325,400,Upload原图,
黄展航,https://www.gyfyyy.cn/cn/ks/ek/ek/doctor_640.html,实采,,https://www.gyfyyy.cn/Upload/202201/637791539645249698.jpg,01_试点医院/广州医科大学附属第一医院/照片/黄展航-儿科-主治医师-广州医科大学附属第一医院.jpg,73605,bbf20cd482d11dfe4593713336a8eda8d6f227ffdb3bd37bf3cdced6a01f8f91,FFD8FFDB0084000101010101,325,400,Upload原图,
梁庆,https://www.gyfyyy.cn/cn/ks/jzk/doctor_642.html,实采,,https://www.gyfyyy.cn/Upload/202202/637798404644003507.jpg,01_试点医院/广州医科大学附属第一医院/照片/梁庆-急诊科-副主任医师-广州医科大学附属第一医院.jpg,82537,4ace9bd79b41260c4d12a332965b1a08a5feb61bfcb882121af81fa184283eab,FFD8FFDB0084000101010101,325,400,Upload原图,
张作鹏,https://www.gyfyyy.cn/cn/ks/jzk/doctor_643.html,实采,,https://www.gyfyyy.cn/Upload/202202/637798409686626004.jpg,01_试点医院/广州医科大学附属第一医院/照片/张作鹏-急诊科-副主任医师-广州医科大学附属第一医院.jpg,76113,a5a732441d67ce0fc8d0b3fcc0cd7c2bc3605aa188a69da4ee7b4ccdd38cd4cd,FFD8FFDB0084000101010101,325,400,Upload原图,
彭翔,https://www.gyfyyy.cn/cn/ks/jzk/doctor_644.html,实采,,https://www.gyfyyy.cn/Upload/202202/637798416803089968.jpg,01_试点医院/广州医科大学附属第一医院/照片/彭翔-急诊科-副主任医师-广州医科大学附属第一医院.jpg,105477,8a67cf60cb7a1dcdd79c52748db3feb3aaa3d390fde78df4e699f68c78d1cd4c,FFD8FFDB0084000101010101,325,400,Upload原图,
刘荣,https://www.gyfyyy.cn/cn/ks/jzk/doctor_645.html,实采,,https://www.gyfyyy.cn/Upload/202202/637798420258949664.jpg,01_试点医院/广州医科大学附属第一医院/照片/刘荣-急诊科-副主任医师-广州医科大学附属第一医院.jpg,80737,18ac372e7408d1ff8630965ffc7e8155448bcc5182850057f6b539f2174f7e38,FFD8FFDB0084000101010101,325,400,Upload原图,
张远新,https://www.gyfyyy.cn/cn/ks/jzk/doctor_646.html,实采,,https://www.gyfyyy.cn/Upload/202202/637798426707638969.jpg,01_试点医院/广州医科大学附属第一医院/照片/张远新-急诊科-副主任医师-广州医科大学附属第一医院.jpg,84215,9c2a63a3ce45c1e89d9cda6aeb1f7da3d4d9eedbbecb03bad62fd5135ebd84fd,FFD8FFDB0084000101010101,325,400,Upload原图,
林锦潮,https://www.gyfyyy.cn/cn/ks/jzk/doctor_647.html,实采,,https://www.gyfyyy.cn/Upload/202202/637798428707235970.jpg,01_试点医院/广州医科大学附属第一医院/照片/林锦潮-急诊科-副主任医师-广州医科大学附属第一医院.jpg,81308,ad8a99a463ce922cd02900cec0f591d4087e962642a279204f079c9552d10ce7,FFD8FFDB0084000101010101,325,400,Upload原图,
郭敏军,https://www.gyfyyy.cn/cn/ks/jzk/doctor_648.html,实采,,https://www.gyfyyy.cn/Upload/202202/637798429796326282.jpg,01_试点医院/广州医科大学附属第一医院/照片/郭敏军-急诊科-副主任医师-广州医科大学附属第一医院.jpg,83007,94f3868a8458c8965843d56613ca7cefead16a28e16b96e87cdd623ccc6c6014,FFD8FFDB0084000101010101,325,400,Upload原图,
李道海,https://www.gyfyyy.cn/cn/ks/jzk/doctor_649.html,实采,,https://www.gyfyyy.cn/Upload/202202/637798431782472950.jpg,01_试点医院/广州医科大学附属第一医院/照片/李道海-急诊科-副主任医师-广州医科大学附属第一医院.jpg,86254,0a8cb425e990b2ce3c1dea09bef306178e5784877eb3e9d38bb66cde221ab270,FFD8FFDB0084000101010101,325,400,Upload原图,
汪友平,https://www.gyfyyy.cn/cn/ks/jzk/doctor_650.html,实采,,https://www.gyfyyy.cn/Upload/202202/637798433306258138.jpg,01_试点医院/广州医科大学附属第一医院/照片/汪友平-急诊科-副主任医师-广州医科大学附属第一医院.jpg,85657,a17ac49155c14cc523c47fd05616acccb14c707df6c4c0d2ce05b9862e0a0cdf,FFD8FFDB0084000101010101,325,400,Upload原图,
蓝岚,https://www.gyfyyy.cn/cn/ks/wk/mzk/doctor_651.html,实采,,https://www.gyfyyy.cn/Upload/202202/637804365623076096.jpg,01_试点医院/广州医科大学附属第一医院/照片/蓝岚-麻醉科-未标注-广州医科大学附属第一医院.jpg,79769,2c3e216361e3387a6f429ec41f5bfe72d8bfb416ee8e75293120baa607b8ffa9,FFD8FFDB0084000101010101,325,400,Upload原图,
杨汉宇,https://www.gyfyyy.cn/cn/ks/wk/mzk/doctor_652.html,实采,,https://www.gyfyyy.cn/Upload/202202/637804366547814336.jpg,01_试点医院/广州医科大学附属第一医院/照片/杨汉宇-麻醉科-主任医师-广州医科大学附属第一医院.jpg,82659,7fff89246f4f10dd6de2f15688eaefecdc959a70b328c2e63706da2538f90da7,FFD8FFDB0084000101010101,325,400,Upload原图,
温晓晖,https://www.gyfyyy.cn/cn/ks/wk/mzk/doctor_653.html,实采,,https://www.gyfyyy.cn/Upload/202202/637804365453073535.jpg,01_试点医院/广州医科大学附属第一医院/照片/温晓晖-麻醉科-主任医师-广州医科大学附属第一医院.jpg,79063,f346b72ed7bff6cdf41b585abe14b690359c8a21069a4d92c48d3d5c6f4b0d30,FFD8FFDB0084000101010101,325,400,Upload原图,
赵子良,https://www.gyfyyy.cn/cn/ks/wk/mzk/doctor_654.html,实采,,https://www.gyfyyy.cn/Upload/202202/637804367246745954.jpg,01_试点医院/广州医科大学附属第一医院/照片/赵子良-麻醉科-主任医师-广州医科大学附属第一医院.jpg,79108,7c7e85e33d753d945bf2124f09ae7bbf94f09564c5df99ace075af0f8250d17e,FFD8FFDB0084000101010101,325,400,Upload原图,
关晓琳,https://www.gyfyyy.cn/cn/ks/fck/ck/doctor_656.html,实采,,https://www.gyfyyy.cn/Upload/202201/637776903070892942.jpg,01_试点医院/广州医科大学附属第一医院/照片/关晓琳-产科-主治医师-广州医科大学附属第一医院.jpg,75186,9dd39f98e6ccc8931f90ee90f9d6bce5af789e80b2e44cfe6381ac035fff0848,FFD8FFDB0084000101010101,325,400,Upload原图,
石婧,https://www.gyfyyy.cn/cn/ks/fck/fk/doctor_657.html,实采,,https://www.gyfyyy.cn/Upload/202203/637818274959897295.jpg,01_试点医院/广州医科大学附属第一医院/照片/石婧-妇科-主治医师-广州医科大学附属第一医院.jpg,72841,89c6ac1895c7e95652c627bf5ddbb2eec302e58331eccde6160d6420d9ad32e2,FFD8FFDB0084000101010101,325,400,Upload原图,
庄佩佩,https://www.gyfyyy.cn/cn/ks/wk/xgwk/doctor_740.html,实采,,https://www.gyfyyy.cn/Upload/202306/638215756426932897.jpg,01_试点医院/广州医科大学附属第一医院/照片/庄佩佩-血管外科-副主任医师-广州医科大学附属第一医院.jpg,62921,2111e65a8d3ffa6e144fd1be2ab72d2947e53739c9a5fcdc43bf90e0abc5d812,FFD8FFE112CA457869660000,325,400,Upload原图,
王荣昌,https://www.gyfyyy.cn/cn/ks/wk/wcwk/doctor_741.html,实采,,https://www.gyfyyy.cn/Upload/202308/638273452784747094.jpg,01_试点医院/广州医科大学附属第一医院/照片/王荣昌-胃肠外科-副主任医师-广州医科大学附属第一医院.jpg,101687,5d4f6fb197b480c1aa02a8636ce2958ae3d8866f01cd53af210d922064315956,FFD8FFE112D0457869660000,325,400,Upload原图,
陈祥,https://www.gyfyyy.cn/cn/ks/nk/sjnk/doctor_743.html,实采,,https://www.gyfyyy.cn/Upload/202310/638327864852874117.jpg,01_试点医院/广州医科大学附属第一医院/照片/陈祥-神经内科-主治医师-广州医科大学附属第一医院.jpg,85220,533cec3e8a1cc49e22f79a56be18a6e34f911f588c193d28971393a49eef0dbc,FFD8FFE11317457869660000,325,400,Upload原图,
王青山,https://www.gyfyyy.cn/cn/ks/wk/xgwk/doctor_744.html,实采,,https://www.gyfyyy.cn/Upload/202311/638349490164858771.jpg,01_试点医院/广州医科大学附属第一医院/照片/王青山-血管外科-副主任医师-广州医科大学附属第一医院.jpg,81061,dc8cf6ed351318a8437583d08d7b0f0382fce289cf4374cc5d2c7a2d4c0d4a81,FFD8FFE10F92457869660000,325,400,Upload原图,
阳琼,https://www.gyfyyy.cn/cn/ks/nk/xhnk/doctor_745.html,实采,,https://www.gyfyyy.cn/Upload/202311/638349491195389232.jpg,01_试点医院/广州医科大学附属第一医院/照片/阳琼-消化内科-副主任医师-广州医科大学附属第一医院.jpg,85944,34b64a7a2e5bb84e0b3f63f6470648239d5c21db48606db0a5d0e069c5aa9744,FFD8FFE11135457869660000,325,400,Upload原图,
殷胜利,https://www.gyfyyy.cn/cn/ks/wk/xzwk/doctor_747.html,实采,,https://www.gyfyyy.cn/Upload/202406/638551933308018495.png,01_试点医院/广州医科大学附属第一医院/照片/殷胜利-心脏外科-主任医师-广州医科大学附属第一医院.jpg,35564,adf585ebe192980b3d94cb7ebfca9d779f0834371d56f2991b48712b3b816360,FFD8FFE000104A4649460001,253,311,Upload原图,
刘云奇,https://www.gyfyyy.cn/cn/ks/wk/xzwk/doctor_748.html,实采,,https://www.gyfyyy.cn/Upload/202407/638557721801161871.jpg,01_试点医院/广州医科大学附属第一医院/照片/刘云奇-心脏外科-副主任医师-广州医科大学附属第一医院.jpg,70036,4f05d266a8d92a55159ada02e5066fe54632b25ed0aff8413e6f77b5a60d0f09,FFD8FFE11083457869660000,325,400,Upload原图,
马伦超,https://www.gyfyyy.cn/cn/ks/wk/xzwk/doctor_749.html,实采,,https://www.gyfyyy.cn/Upload/202504/638796193541844147.jpg,01_试点医院/广州医科大学附属第一医院/照片/马伦超-心脏外科-主治医师-广州医科大学附属第一医院.jpg,52068,897f3831d33de03ee1128a88518c138772cc889d6dc51f75acc90e1532e06af8,FFD8FFE000104A4649460001,876,1167,Upload原图,
赖文豪,https://www.gyfyyy.cn/cn/ks/wk/xzwk/doctor_750.html,实采,,https://www.gyfyyy.cn/Upload/202406/638551929171438264.png,01_试点医院/广州医科大学附属第一医院/照片/赖文豪-心脏外科-医师-广州医科大学附属第一医院.png,171570,72806dfec71e113aae47a7471cff38a5aac419f301fc3b23e4637fd2c197bea2,89504E470D0A1A0A0000000D,367,556,Upload原图,
邝素华,https://www.gyfyyy.cn/cn/ks/wk/xzwk/doctor_751.html,实采,,https://www.gyfyyy.cn/Upload/202406/638551934277262253.png,01_试点医院/广州医科大学附属第一医院/照片/邝素华-心脏外科-副主任医师-广州医科大学附属第一医院.jpg,63989,c32ad3574616402534114abf538e1a49458ea3e3c90318738beed16387faadbe,FFD8FFE000104A4649460001,329,391,Upload原图,
陈智斌,https://www.gyfyyy.cn/cn/ks/wk/xzwk/doctor_752.html,实采,,https://www.gyfyyy.cn/Upload/202406/638551930833919109.png,01_试点医院/广州医科大学附属第一医院/照片/陈智斌-心脏外科-主治医师-广州医科大学附属第一医院.jpg,69322,b5ab4d063aec52c4fbc9b815a410193a6e0d4b0b3395878dd56d3675d3ee78a8,FFD8FFE000104A4649460001,297,369,Upload原图,
李汉钊,https://www.gyfyyy.cn/cn/ks/wk/xzwk/doctor_753.html,实采,,https://www.gyfyyy.cn/Upload/202407/638555359027481182.png,01_试点医院/广州医科大学附属第一医院/照片/李汉钊-心脏外科-主治医师-广州医科大学附属第一医院.jpg,42031,ec458ad61dfc0cf7978378cd1b5a8252b34e50be28e41ce06dfdbe6bfe0e04f9,FFD8FFE000104A4649460001,278,329,Upload原图,
郭大鑫,https://www.gyfyyy.cn/cn/ks/wk/xzwk/doctor_755.html,实采,,https://www.gyfyyy.cn/Upload/202407/638555362596162696.png,01_试点医院/广州医科大学附属第一医院/照片/郭大鑫-心脏外科-住院医师-广州医科大学附属第一医院.png,166985,d1c0dea6c4173a37a152a3145d86d69dceaada39e64ff80f47c8f7d8cb7dbddc,89504E470D0A1A0A0000000D,422,591,Upload原图,
张英元,https://www.gyfyyy.cn/cn/ks/wk/xzwk/doctor_756.html,实采,,https://www.gyfyyy.cn/Upload/202407/638557710647051450.png,01_试点医院/广州医科大学附属第一医院/照片/张英元-心脏外科-主治医师-广州医科大学附属第一医院.jpg,93574,5d78ec361d1a183e09b0a9419cf8127792d3bd1427d4b5492a00a7bd54fe6c9e,FFD8FFE000104A4649460001,397,476,Upload原图,
郑辉,https://www.gyfyyy.cn/cn/ks/wk/xzwk/doctor_757.html,实采,,https://www.gyfyyy.cn/Upload/202407/638557720936883214.jpg,01_试点医院/广州医科大学附属第一医院/照片/郑辉-心脏外科-主治医师-广州医科大学附属第一医院.jpg,81610,1256285e9ad96aecbd0c356156d49d3d6178918cf161c37bf6046292b99b0021,FFD8FFE112B7457869660000,325,400,Upload原图,
夏成雨,https://www.gyfyyy.cn/cn/ks/wk/sjwk/doctor_758.html,实采,,https://www.gyfyyy.cn/Upload/202409/638623355019433379.jpg,01_试点医院/广州医科大学附属第一医院/照片/夏成雨-神经外科-主任医师-广州医科大学附属第一医院.jpg,69766,6b4e5f354dc0ef5e84968fe9317a8e46fc4e8115fd4c96af8492552cfb4fb91b,FFD8FFE110D4457869660000,325,400,Upload原图,
陈刚,https://www.gyfyyy.cn/cn/ks/wk/sjwk/doctor_759.html,实采,,https://www.gyfyyy.cn/Upload/202409/638623356173902363.jpg,01_试点医院/广州医科大学附属第一医院/照片/陈刚-神经外科-主任医师-广州医科大学附属第一医院.jpg,75162,cd599b79b6c79f1df3f689f9fc62110e875e1f75b9ca3b5767b0b7e4f6c12f57,FFD8FFE11040457869660000,325,400,Upload原图,
唐元章,https://www.gyfyyy.cn/cn/ks/wk/ttk/doctor_761.html,实采,,https://www.gyfyyy.cn/Upload/202409/638623363925323410.jpg,01_试点医院/广州医科大学附属第一医院/照片/唐元章-疼痛科-副主任医师-广州医科大学附属第一医院.jpg,87188,5f8762681fe4a8fe2b7883a684d9c2c0775eee7b821f493dc5cec4ccbdbe9860,FFD8FFE11277457869660000,325,400,Upload原图,
陈延伟,https://www.gyfyyy.cn/cn/ks/nk/hxnk/doctor_763.html,实采,,https://www.gyfyyy.cn/Upload/202410/638658940854040446.png,01_试点医院/广州医科大学附属第一医院/照片/陈延伟-呼吸与危重症医学科-主任医师-广州医科大学附属第一医院.png,203315,0bf4bb85eb432cdfd77ce2072252c816eacf55ac5f03690f9192b8aa43acbca6,89504E470D0A1A0A0000000D,390,567,Upload原图,
陈愉,https://www.gyfyyy.cn/cn/ks/nk/hxnk/doctor_764.html,实采,,https://www.gyfyyy.cn/Upload/202410/638658941193800077.jpg,01_试点医院/广州医科大学附属第一医院/照片/陈愉-呼吸与危重症医学科-主任医师-广州医科大学附属第一医院.jpg,63878,45d8fef014d6858298374bc89ee63688b14274c420b0cd908fda8f755c2991e2,FFD8FFE000104A4649460001,261,391,Upload原图,
陈彦,https://www.gyfyyy.cn/cn/ks/nk/hxnk/doctor_765.html,实采,,https://www.gyfyyy.cn/Upload/202410/638658941665468887.jpg,01_试点医院/广州医科大学附属第一医院/照片/陈彦-呼吸与危重症医学科-副主任医师-广州医科大学附属第一医院.jpg,18615,d78e1a468feda0240bba79382c743502e2f3f903c09f28f7d7c097563ed24197,FFD8FFE000104A4649460001,368,559,Upload原图,
朱政,https://www.gyfyyy.cn/cn/ks/nk/btfyk/doctor_798.html,实采,,https://www.gyfyyy.cn/Upload/202410/638659003970947285.jpg,01_试点医院/广州医科大学附属第一医院/照片/朱政-呼吸与危重症医学科-主治医师-广州医科大学附属第一医院.jpg,43281,b608c4279b551407712997111c6ecb21c9919f417f335ad99d084974228de1ab,FFD8FFE000104A4649460001,632,948,Upload原图,
李征途,https://www.gyfyyy.cn/cn/ks/nk/hxnk/doctor_767.html,实采,,https://www.gyfyyy.cn/Upload/202410/638658942418438085.jpg,01_试点医院/广州医科大学附属第一医院/照片/李征途-呼吸与危重症医学科-副主任医师-广州医科大学附属第一医院.jpg,5612,a0987f5883515f769258665f301de22e40f87a90cf3b462d853f933ced2fe3be,FFD8FFE000104A4649460001,172,227,Upload原图,
胡秋蓉,https://www.gyfyyy.cn/cn/ks/nk/hxnk/doctor_768.html,实采,,https://www.gyfyyy.cn/Upload/202410/638658942723514454.jpg,01_试点医院/广州医科大学附属第一医院/照片/胡秋蓉-呼吸与危重症医学科-主治医师-广州医科大学附属第一医院.jpg,303923,939883d890ceebd57be558c2c7c96ddda3ccd9b1708389db403764720322ba4c,FFD8FFE000104A4649460001,561,842,Upload原图,
陈小波,https://www.gyfyyy.cn/cn/ks/nk/hxnk/doctor_769.html,实采,,https://www.gyfyyy.cn/Upload/202410/638658943018767657.jpg,01_试点医院/广州医科大学附属第一医院/照片/陈小波-呼吸与危重症医学科-副主任医师-广州医科大学附属第一医院.jpg,27171,e0bff6c7c5b088f60efe5440e11e08809c3176b07fae8db4590e3694f556a33d,FFD8FFE000104A4649460001,531,709,Upload原图,
刘妮,https://www.gyfyyy.cn/cn/ks/nk/hxnk/doctor_770.html,实采,,https://www.gyfyyy.cn/Upload/202410/638658943369656780.jpg,01_试点医院/广州医科大学附属第一医院/照片/刘妮-呼吸与危重症医学科-主治医师-广州医科大学附属第一医院.jpg,9743,e2bbb91de51d571aca2c9e4fae0f54ed2f8c14a380e9dd74aea3765e2ed79a39,FFD8FFE000104A4649460001,224,311,Upload原图,
吴康,https://www.gyfyyy.cn/cn/ks/nk/hxnk/doctor_771.html,实采,,https://www.gyfyyy.cn/Upload/202410/638658943788893111.png,01_试点医院/广州医科大学附属第一医院/照片/吴康-呼吸与危重症医学科-主治医师-广州医科大学附属第一医院.png,103702,dda8d264de7410877cfc994f3b87a1414c28bb356ab3986b5febd275cce82ea4,89504E470D0A1A0A0000000D,234,346,Upload原图,
江颖,https://www.gyfyyy.cn/cn/ks/nk/hxnk/doctor_772.html,实采,,https://www.gyfyyy.cn/Upload/202410/638658944083377487.jpg,01_试点医院/广州医科大学附属第一医院/照片/江颖-呼吸与危重症医学科-主治医师-广州医科大学附属第一医院.jpg,85610,36c072fac682446dbc5327df985e580d1a8e950cd2a4ffd742de21f1602ed780,FFD8FFE000104A4649460001,261,391,Upload原图,
马冉,https://www.gyfyyy.cn/cn/ks/nk/hxnk/doctor_773.html,实采,,https://www.gyfyyy.cn/Upload/202410/638658944540681731.png,01_试点医院/广州医科大学附属第一医院/照片/马冉-呼吸与危重症医学科-主治医师-广州医科大学附属第一医院.png,364941,e45e560df416181ff437b5ab62bfad75197ff443993b6e0c8b583bb60682b6be,89504E470D0A1A0A0000000D,565,762,Upload原图,
江倩,https://www.gyfyyy.cn/cn/ks/nk/hxnk/doctor_774.html,实采,,https://www.gyfyyy.cn/Upload/202410/638658944805043665.jpg,01_试点医院/广州医科大学附属第一医院/照片/江倩-呼吸与危重症医学科-主治医师-广州医科大学附属第一医院.jpg,10347,fce5ae051d1beb1a3e0e2e661db7941374f46bb6e8a61521e3e266d97c283d60,FFD8FFE000104A4649460001,246,312,Upload原图,
陆东风,https://www.gyfyyy.cn/cn/ks/nk/xxgnk/doctor_775.html,实采,,https://www.gyfyyy.cn/Upload/202410/638658957036009374.jpg,01_试点医院/广州医科大学附属第一医院/照片/陆东风-心血管内科-主任医师-广州医科大学附属第一医院.jpg,448902,e336c5d32161eb15b91b3010d8eff3e5f6fe41c0457750ad38c5c55bd01cf571,FFD8FFE000104A4649460001,800,1200,Upload原图,
李元青,https://www.gyfyyy.cn/cn/ks/nk/xxgnk/doctor_776.html,实采,,https://www.gyfyyy.cn/Upload/202410/638658961168730050.jpg,01_试点医院/广州医科大学附属第一医院/照片/李元青-心血管内科-主治医师-广州医科大学附属第一医院.jpg,343769,2cdee3fee7522014f54da13b8851f6adc3a07fb9237e2b13cd48c0dd081cd5bf,FFD8FFE000104A4649460001,522,784,Upload原图,
韩敦正,https://www.gyfyyy.cn/cn/ks/nk/xxgnk/doctor_777.html,实采,,https://www.gyfyyy.cn/Upload/202410/638658961508626638.jpg,01_试点医院/广州医科大学附属第一医院/照片/韩敦正-心血管内科-副主任医师-广州医科大学附属第一医院.jpg,405078,4522edb1d78d3a80d71d85f4e8075c986053f4e104e1b28e12a3bdad45d2ad55,FFD8FFE000104A4649460001,800,1200,Upload原图,
刘天妮,https://www.gyfyyy.cn/cn/ks/nk/sjnk/doctor_778.html,实采,,https://www.gyfyyy.cn/Upload/202410/638658962217882407.jpg,01_试点医院/广州医科大学附属第一医院/照片/刘天妮-神经内科-主治医师-广州医科大学附属第一医院.jpg,17579,4cbbabf277119ed5f622815906d63c1ee768382d1ed4b531fcecd65ee6b1559d,FFD8FFE000104A4649460001,403,502,Upload原图,
刘强,https://www.gyfyyy.cn/cn/ks/nk/sjnk/doctor_779.html,实采,,https://www.gyfyyy.cn/Upload/202410/638658962520195001.jpg,01_试点医院/广州医科大学附属第一医院/照片/刘强-神经内科-主治医师-广州医科大学附属第一医院.jpg,95723,4375f97200ccbc2716862494e7a9e53f4d21b6277e298598128add5bd3d110fe,FFD8FFE000104A4649460001,945,1206,Upload原图,
何淑英,https://www.gyfyyy.cn/cn/ks/nk/xhnk/doctor_780.html,实采,,https://www.gyfyyy.cn/Upload/202410/638658964693433662.jpg,01_试点医院/广州医科大学附属第一医院/照片/何淑英-消化内科-主治医师-广州医科大学附属第一医院.jpg,32764,7eed2665104f90ec059a93139ea16804a94a7350b25e07019c0af025cab47c86,FFD8FFE000104A4649460001,609,695,Upload原图,
蒋永洪,https://www.gyfyyy.cn/cn/ks/nk/xhnk/doctor_781.html,实采,,https://www.gyfyyy.cn/Upload/202410/638658964993461204.png,01_试点医院/广州医科大学附属第一医院/照片/蒋永洪-消化内科-主治医师-广州医科大学附属第一医院.png,326498,eda2275ae6bd4f13462baaad91aff533525f7b402b28ee6f19415890b5e6371f,89504E470D0A1A0A0000000D,482,530,Upload原图,
陶河清,https://www.gyfyyy.cn/cn/ks/nk/xhnk/doctor_782.html,实采,,https://www.gyfyyy.cn/Upload/202410/638658965569431470.jpg,01_试点医院/广州医科大学附属第一医院/照片/陶河清-消化内科-主治医师-广州医科大学附属第一医院.jpg,597821,c24d055eb9c8988a494b721f679f4e7ba7f0e4c9701980dbabb194086b41a023,FFD8FFE000104A4649460001,2171,3156,Upload原图,
覃振明,https://www.gyfyyy.cn/cn/ks/nk/xhnk/doctor_783.html,实采,,https://www.gyfyyy.cn/Upload/202410/638658965849940427.jpg,01_试点医院/广州医科大学附属第一医院/照片/覃振明-消化内科-主治医师-广州医科大学附属第一医院.jpg,132112,e86ce1c9edf6cf2fd23b4902d2a6cf6f567fccf6f497229cf4f27dd20653e5eb,FFD8FFE10030457869660000,422,633,Upload原图,
翟国栋,https://www.gyfyyy.cn/cn/ks/nk/xhnk/doctor_784.html,实采,,https://www.gyfyyy.cn/Upload/202410/638658966205682085.jpg,01_试点医院/广州医科大学附属第一医院/照片/翟国栋-消化内科-主治医师-广州医科大学附属第一医院.jpg,17524,2479201f6d038c158c3695fae0658451ae4df33e61567ca20cff846011e69aa2,FFD8FFE000104A4649460001,396,532,Upload原图,
黄才茂,https://www.gyfyyy.cn/cn/ks/nk/nfbk/doctor_785.html,实采,,https://www.gyfyyy.cn/Upload/202410/638658967261540454.jpg,01_试点医院/广州医科大学附属第一医院/照片/黄才茂-内分泌科-主治医师-广州医科大学附属第一医院.jpg,98959,d6d58bd6b74e0b25c1891089a618ef8286d44512b50319a6843defd71837c8b6,FFD8FFE000104A4649460001,824,938,Upload原图,
陈婉玲,https://www.gyfyyy.cn/cn/ks/nk/nfbk/doctor_786.html,实采,,https://www.gyfyyy.cn/Upload/202410/638658967665260537.jpg,01_试点医院/广州医科大学附属第一医院/照片/陈婉玲-内分泌科-主治医师-广州医科大学附属第一医院.jpg,33480,d2bfc8779a991bfc7856c11b6b2d8b9bde6e55c6cbec572b486b1a4e0c34c124,FFD8FFE000104A4649460001,413,591,Upload原图,
伍致乐,https://www.gyfyyy.cn/cn/ks/nk/lnbk/doctor_787.html,实采,,https://www.gyfyyy.cn/Upload/202410/638658968547829158.jpg,01_试点医院/广州医科大学附属第一医院/照片/伍致乐-老年病科-主治医师-广州医科大学附属第一医院.jpg,3104,bc1adecf70a9f0c86527fcf8ca7e05d098906e5cd4fc520c38f3471e290cf96a,FFD8FFE000104A4649460001,113,120,Upload原图,
刘赟,https://www.gyfyyy.cn/cn/ks/qtzk/lcxlk/doctor_788.html,实采,,https://www.gyfyyy.cn/Upload/202410/638658974316835073.jpg,01_试点医院/广州医科大学附属第一医院/照片/刘赟-临床心理科-副主任医师-广州医科大学附属第一医院.jpg,379996,3f1e460d6a51b4b752ef76f32d46683fb964cf90298bd401668f1da84c77cd78,FFD8FFE000104A4649460001,813,1232,Upload原图,
冯梓莹,https://www.gyfyyy.cn/cn/ks/qtzk/lcxlk/doctor_789.html,实采,,https://www.gyfyyy.cn/Upload/202410/638658974631074195.jpg,01_试点医院/广州医科大学附属第一医院/照片/冯梓莹-临床心理科-医师-广州医科大学附属第一医院.jpg,677197,89e459cc198bc159a995f31b6485a90c0b24b1b9f309b29b1814b609021439aa,FFD8FFE000104A4649460001,2716,3303,Upload原图,
纪雨佳,https://www.gyfyyy.cn/cn/ks/qtzk/lcxlk/doctor_790.html,实采,,https://www.gyfyyy.cn/Upload/202410/638658974899230270.jpg,01_试点医院/广州医科大学附属第一医院/照片/纪雨佳-临床心理科-医师-广州医科大学附属第一医院.jpg,783967,0359ba67cbe23c7461e131c9648eb553060131c603c3bac0bbf388f7a950113f,FFD8FFE000104A4649460001,2486,3485,Upload原图,
吴诗韵,https://www.gyfyyy.cn/cn/ks/qtzk/lcxlk/doctor_791.html,实采,,https://www.gyfyyy.cn/Upload/202410/638658975120091516.jpg,01_试点医院/广州医科大学附属第一医院/照片/吴诗韵-临床心理科-医师-广州医科大学附属第一医院.jpg,524623,06d9d396c6745f0c3e0211764aad879e9070fbeaf461f52d9569a2e461528bcc,FFD8FFE000104A4649460001,2353,3564,Upload原图,
饶翠莲,https://www.gyfyyy.cn/cn/ks/nk/ptnk/doctor_792.html,实采,,https://www.gyfyyy.cn/Upload/202410/638658975826543925.png,01_试点医院/广州医科大学附属第一医院/照片/饶翠莲-内科门诊-副主任医师-广州医科大学附属第一医院.png,75802,d15ca588a126c2f9cbf03b2b576ad8fccc22ada04f6e868b2f9c03ebe2896a0a,89504E470D0A1A0A0000000D,197,254,Upload原图,
崔如健,https://www.gyfyyy.cn/cn/ks/nk/ptnk/doctor_793.html,实采,,https://www.gyfyyy.cn/Upload/202410/638658976131690201.jpg,01_试点医院/广州医科大学附属第一医院/照片/崔如健-内科门诊-主治医师-广州医科大学附属第一医院.jpg,27802,80184b6cffce324f9cdded16ee3515dea4bad061bc36010976988db3c77382b9,FFD8FFE000104A4649460001,474,552,Upload原图,
彭玉娜,https://www.gyfyyy.cn/cn/ks/nk/zlnk/doctor_794.html,实采,,https://www.gyfyyy.cn/Upload/202410/638658976912204097.png,01_试点医院/广州医科大学附属第一医院/照片/彭玉娜-肿瘤科-主任医师-广州医科大学附属第一医院.png,25500,f6e9125a1e08a93fee3b8a82833958d8eca6b2e295b4fce7316d26f215342875,89504E470D0A1A0A0000000D,100,145,Upload原图,
蔡夏水,https://www.gyfyyy.cn/cn/ks/nk/zlnk/doctor_795.html,实采,,https://www.gyfyyy.cn/Upload/202410/638658977251557621.jpg,01_试点医院/广州医科大学附属第一医院/照片/蔡夏水-肿瘤科-主治医师-广州医科大学附属第一医院.jpg,473252,f6f183b5fa12f60a31706c6f680d54219652c4e0c49166cb88053768752f67a4,FFD8FFE000104A4649460001,1999,2547,Upload原图,
刘龙龙,https://www.gyfyyy.cn/cn/ks/nk/xynk/doctor_796.html,实采,,https://www.gyfyyy.cn/Upload/202410/638658995621131345.png,01_试点医院/广州医科大学附属第一医院/照片/刘龙龙-血液内科-副主任医师-广州医科大学附属第一医院.png,50859,509523f06fc2a9f4a8d0d3658cac83e090ad26c6c798cf023f32ee0cfb3a29fe,89504E470D0A1A0A0000000D,175,266,Upload原图,
陈学炜,https://www.gyfyyy.cn/cn/ks/wk/xwk/doctor_799.html,实采,,https://www.gyfyyy.cn/Upload/202410/638659029914606564.jpg,01_试点医院/广州医科大学附属第一医院/照片/陈学炜-胸外科-医师-广州医科大学附属第一医院.jpg,22389,00248d6c9d0aa8b304c653ee5d45b485327be39293c08b5fa73b67571b517a91,FFD8FFE000104A4649460001,458,580,Upload原图,
贺苗,https://www.gyfyyy.cn/cn/ks/wk/xwk/doctor_800.html,实采,,https://www.gyfyyy.cn/Upload/202410/638659030301750724.jpg,01_试点医院/广州医科大学附属第一医院/照片/贺苗-胸外科-主治医师-广州医科大学附属第一医院.jpg,83366,32fcc1d54eda5917648ba48b25fa94ae8371822f0ed2e50de20bfbe75220c590,FFD8FFE000104A4649460001,254,382,Upload原图,
劳深,https://www.gyfyyy.cn/cn/ks/wk/xwk/doctor_801.html,实采,,https://www.gyfyyy.cn/Upload/202410/638659030631375420.jpg,01_试点医院/广州医科大学附属第一医院/照片/劳深-胸外科-主治医师-广州医科大学附属第一医院.jpg,74526,c34cbc8ae05250b98df4841e65a7b6ed2ccf8cbd77a90bf6ac4ed8aafad43588,FFD8FFE000104A4649460001,261,391,Upload原图,
熊信国,https://www.gyfyyy.cn/cn/ks/wk/xwk/doctor_802.html,实采,,https://www.gyfyyy.cn/Upload/202410/638659031011225978.png,01_试点医院/广州医科大学附属第一医院/照片/熊信国-胸外科-未标注-广州医科大学附属第一医院.png,824103,c6db7e73d57ba4a2f9e2e6ddb03d463ac92c89479b4e5f36d2df1bc4f9664955,89504E470D0A1A0A0000000D,810,1024,Upload原图,
黄俊,https://www.gyfyyy.cn/cn/ks/wk/xwk/doctor_803.html,实采,,https://www.gyfyyy.cn/Upload/202410/638659031299687934.jpg,01_试点医院/广州医科大学附属第一医院/照片/黄俊-胸外科-副主任医师-广州医科大学附属第一医院.jpg,50542,a6231befe9d63a14fd3084b5236d3c04b029b2d73ae467fc098f707779d2b6bd,FFD8FFE000104A4649460001,800,1200,Upload原图,
李富骊,https://www.gyfyyy.cn/cn/ks/wk/xwk/doctor_804.html,实采,,https://www.gyfyyy.cn/Upload/202410/638659031621368449.jpg,01_试点医院/广州医科大学附属第一医院/照片/李富骊-胸外科-主任医师-广州医科大学附属第一医院.jpg,38022,2a50f3971646ff7a336142f31cc258261e1ca69a2cecb5c87991a15b5c14ff42,FFD8FFE000104A4649460001,620,687,Upload原图,
薛兴阳,https://www.gyfyyy.cn/cn/ks/wk/xwk/doctor_805.html,实采,,https://www.gyfyyy.cn/Upload/202410/638659032007271039.jpg,01_试点医院/广州医科大学附属第一医院/照片/薛兴阳-胸外科-主任医师-广州医科大学附属第一医院.jpg,17980,c8f69f230362e88c62d69b73a8ecfcc516553a692a642e2c04435c77cf044830,FFD8FFE000104A4649460001,403,534,Upload原图,
黄杰周,https://www.gyfyyy.cn/cn/ks/wk/xwk/doctor_806.html,实采,,https://www.gyfyyy.cn/Upload/202410/638659032420475414.png,01_试点医院/广州医科大学附属第一医院/照片/黄杰周-胸外科-主治医师-广州医科大学附属第一医院.png,134722,dfc6e17251fb9acab9bf714d27752f07f5594619c153ce50ac3fbdf11492c8db,89504E470D0A1A0A0000000D,270,360,Upload原图,
刘梦杨,https://www.gyfyyy.cn/cn/ks/wk/xwk/doctor_807.html,实采,,https://www.gyfyyy.cn/Upload/202410/638659034561629561.jpg,01_试点医院/广州医科大学附属第一医院/照片/刘梦杨-胸外科-主治医师-广州医科大学附属第一医院.jpg,16901,97c595f37a8c5a41c924155ddc1a941e842d66e1280731b087a38ee8d50bae2f,FFD8FFE000104A4649460001,379,582,Upload原图,
黄嘉兴,https://www.gyfyyy.cn/cn/ks/wk/xwk/doctor_808.html,实采,,https://www.gyfyyy.cn/Upload/202410/638659035191105119.jpg,01_试点医院/广州医科大学附属第一医院/照片/黄嘉兴-胸外科-主治医师-广州医科大学附属第一医院.jpg,824396,d8f0a23772db24ac8743c0f7d3148235663bad997bfa5c0c865349ab3eeeeba0,FFD8FFE000104A4649460001,2192,3317,Upload原图,
杨超,https://www.gyfyyy.cn/cn/ks/wk/xwk/doctor_809.html,实采,,https://www.gyfyyy.cn/Upload/202410/638659035526161733.jpg,01_试点医院/广州医科大学附属第一医院/照片/杨超-胸外科-副主任医师-广州医科大学附属第一医院.jpg,6495,54b069800b36739e4671c9b8befa844e6eabaad95af1882f9abbca086dba0eb3,FFD8FFE000104A4649460001,176,232,Upload原图,
郭志华,https://www.gyfyyy.cn/cn/ks/wk/xwk/doctor_810.html,实采,,https://www.gyfyyy.cn/Upload/202410/638659035955318511.jpg,01_试点医院/广州医科大学附属第一医院/照片/郭志华-胸外科-主治医师-广州医科大学附属第一医院.jpg,17965,ba9c4615076f7f982121ec62e19b38416bf02e682200060bb02c20aa317c343d,FFD8FFE000104A4649460001,337,553,Upload原图,
孙毅,https://www.gyfyyy.cn/cn/ks/wk/bnwk/doctor_811.html,实采,,https://www.gyfyyy.cn/Upload/202410/638659040502055091.jpg,01_试点医院/广州医科大学附属第一医院/照片/孙毅-泌尿外科-主治医师-广州医科大学附属第一医院.jpg,398630,6fb313c7f335c2ec058ff129d781d1503deb5a509f22a6d2fd4ec98f6a51d096,FFD8FFE000104A4649460001,2297,2953,Upload原图,
戚德峰,https://www.gyfyyy.cn/cn/ks/wk/bnwk/doctor_812.html,实采,,https://www.gyfyyy.cn/Upload/202410/638659040934655957.png,01_试点医院/广州医科大学附属第一医院/照片/戚德峰-泌尿外科-主任医师-广州医科大学附属第一医院.png,180450,d7f186b521a11cb5a052c2a4bc28d674b2bd6be16686062003097d49971f2e21,89504E470D0A1A0A0000000D,295,413,Upload原图,
代天星,https://www.gyfyyy.cn/cn/ks/wk/gdwk/doctor_813.html,实采,,https://www.gyfyyy.cn/Upload/202410/638659045619727852.jpg,01_试点医院/广州医科大学附属第一医院/照片/代天星-肝胆外科-主治医师-广州医科大学附属第一医院.jpg,565675,778e49933a6783a6deb2e8afedff4e1ab4a6bcd236bc29d2251b1029ff8d6046,FFD8FFE000104A4649460001,1928,2892,Upload原图,
袁峰,https://www.gyfyyy.cn/cn/ks/wk/gdwk/doctor_814.html,实采,,https://www.gyfyyy.cn/Upload/202410/638659045866233728.jpg,01_试点医院/广州医科大学附属第一医院/照片/袁峰-肝胆外科-主治医师-广州医科大学附属第一医院.jpg,224665,2c85b7ef2f110952934801c6c0f8200557a8174d84fd3a05d98498643fdede2a,FFD8FFE000104A4649460001,1908,2595,Upload原图,
沈磊,https://www.gyfyyy.cn/cn/ks/wk/gdwk/doctor_815.html,实采,,https://www.gyfyyy.cn/Upload/202410/638659046137592008.jpg,01_试点医院/广州医科大学附属第一医院/照片/沈磊-肝胆外科-主治医师-广州医科大学附属第一医院.jpg,138147,c16d04c07639877877a7a3770d936f73039111fc0d797d2c816ace32abf265fb,FFD8FFE000104A4649460001,386,579,Upload原图,
赖德华,https://www.gyfyyy.cn/cn/ks/wk/gdwk/doctor_816.html,实采,,https://www.gyfyyy.cn/Upload/202410/638659046420934006.jpg,01_试点医院/广州医科大学附属第一医院/照片/赖德华-肝胆外科-主治医师-广州医科大学附属第一医院.jpg,240884,7ed83c9e4d5ad2f01ef6926f84634d37abc60f375f2d4db0842f2098c482f4f6,FFD8FFE000104A4649460001,546,819,Upload原图,
叶志伟,https://www.gyfyyy.cn/cn/ks/wk/wcwk/doctor_817.html,实采,,https://www.gyfyyy.cn/Upload/202411/638665863440685143.jpg,01_试点医院/广州医科大学附属第一医院/照片/叶志伟-胃肠外科-主治医师-广州医科大学附属第一医院.jpg,363086,807ea24e0d6a361bcddd9c73e0b94132c83611009f0e26f1f68719b8c71fa5fc,FFD8FFE000104A4649460001,800,1200,Upload原图,
汤冬旋,https://www.gyfyyy.cn/cn/ks/wk/sjwk/doctor_818.html,实采,,https://www.gyfyyy.cn/Upload/202410/638659048358616114.jpg,01_试点医院/广州医科大学附属第一医院/照片/汤冬旋-神经外科-主治医师-广州医科大学附属第一医院.jpg,83114,509ecacc8693900e562e2621ae777f5979701dbc816966553f2a6b803f6342ea,FFD8FFE000104A4649460001,1120,1455,Upload原图,
张希,https://www.gyfyyy.cn/cn/ks/wk/xzwk/doctor_819.html,实采,,https://www.gyfyyy.cn/Upload/202410/638659050415878915.jpg,01_试点医院/广州医科大学附属第一医院/照片/张希-心脏外科-主任医师-广州医科大学附属第一医院.png,128708,177df9287ab354341bf2d36ce1dd0ba946b3c15c24c34349734c6275d70f8134,89504E470D0A1A0A0000000D,295,376,Upload原图,
朱子加,https://www.gyfyyy.cn/cn/ks/wk/xgwk/doctor_820.html,实采,,https://www.gyfyyy.cn/Upload/202410/638659052859882246.jpg,01_试点医院/广州医科大学附属第一医院/照片/朱子加-血管外科-医师-广州医科大学附属第一医院.jpg,58142,cec59b995808af477fc8112294de44cdd6c8d319b32b43009274ed9a5236ea86,FFD8FFE000104A4649460001,1020,1264,Upload原图,
武平,https://www.gyfyyy.cn/cn/ks/ek/ek/doctor_821.html,实采,,https://www.gyfyyy.cn/Upload/202410/638659055429141820.jpg,01_试点医院/广州医科大学附属第一医院/照片/武平-儿科-主治医师-广州医科大学附属第一医院.jpg,149201,1049976edddfc3a97f5181d613ad8ac59a2b5e2fda8ea694611e6404b3da1253,FFD8FFE000104A4649460001,1346,1900,Upload原图,
王艳红,https://www.gyfyyy.cn/cn/ks/ek/ek/doctor_822.html,实采,,https://www.gyfyyy.cn/Upload/202410/638659055802107701.jpg,01_试点医院/广州医科大学附属第一医院/照片/王艳红-儿科-医师-广州医科大学附属第一医院.jpg,202934,c15691762e04b33bb7df5295d81774518ccc33b87e0fa635868dde2584010bdf,FFD8FFE000104A4649460001,1838,2409,Upload原图,
张抗抗,https://www.gyfyyy.cn/cn/ks/ek/ek/doctor_823.html,实采,,https://www.gyfyyy.cn/Upload/202410/638659056208615862.jpg,01_试点医院/广州医科大学附属第一医院/照片/张抗抗-儿科-医师-广州医科大学附属第一医院.jpg,177980,62b08eff91e26966c791d7f0d1cf85e97d29cfaab504a2e86fa7b1289f8d2e0b,FFD8FFE000104A4649460001,1255,1898,Upload原图,
胡敏,https://www.gyfyyy.cn/cn/ks/zyk/zyk/doctor_824.html,实采,,https://www.gyfyyy.cn/Upload/202410/638659058937349666.jpg,01_试点医院/广州医科大学附属第一医院/照片/胡敏-中医科-副主任医师-广州医科大学附属第一医院.jpg,38525,74984ce04484ef22a226633f8ea31923a52556b4c2cf274abd5f276c8e4c3c85,FFD8FFE000104A4649460001,653,883,Upload原图,
赵钦绵,https://www.gyfyyy.cn/cn/ks/zyk/zyk/doctor_825.html,实采,,https://www.gyfyyy.cn/Upload/202410/638659059253341028.jpg,01_试点医院/广州医科大学附属第一医院/照片/赵钦绵-中医科-医师-广州医科大学附属第一医院.jpg,56802,85668e0a21cc95d72872b1c96868e97c07bc73504f7b4b42a0783f0b9fca7d90,FFD8FFE000104A4649460001,831,1024,Upload原图,
黄琦玢,https://www.gyfyyy.cn/cn/ks/zyk/zyk/doctor_826.html,实采,,https://www.gyfyyy.cn/Upload/202410/638659059601967047.jpg,01_试点医院/广州医科大学附属第一医院/照片/黄琦玢-中医科-主治医师-广州医科大学附属第一医院.jpg,854170,f3d26a5ed8b4eb973eb9290fd08d6b05d5dc6d064423d8c11d7db61545e1450c,FFD8FFE103FA457869660000,846,1269,Upload原图,
陈小清,https://www.gyfyyy.cn/cn/ks/zyk/zyk/doctor_827.html,实采,,https://www.gyfyyy.cn/Upload/202410/638659059902842093.jpg,01_试点医院/广州医科大学附属第一医院/照片/陈小清-中医科-主治医师-广州医科大学附属第一医院.jpg,864336,c8d1f7839be072fa7716af6c3b300924758955734a5e5317a22f8613a70f0e68,FFD8FFE10030457869660000,833,1249,Upload原图,
李振球,https://www.gyfyyy.cn/cn/ks/zyk/zyk/doctor_828.html,实采,,https://www.gyfyyy.cn/Upload/202410/638659060238882758.jpg,01_试点医院/广州医科大学附属第一医院/照片/李振球-中医科-主治医师-广州医科大学附属第一医院.jpg,21445,121ae3840b17fce43e120d897080b786b026638e0827725febc2076379ba4b68,FFD8FFE000104A4649460001,426,548,Upload原图,
党若楠,https://www.gyfyyy.cn/cn/ks/zyk/zyk/doctor_829.html,实采,,https://www.gyfyyy.cn/Upload/202410/638659060514785721.jpg,01_试点医院/广州医科大学附属第一医院/照片/党若楠-中医科-主治医师-广州医科大学附属第一医院.jpg,216711,fc5ddb84a14fc7b6c25d66642709a56342d1a91feef532dde0ab365faf1bda71,FFD8FFE000104A4649460001,1989,2432,Upload原图,
李澄,https://www.gyfyyy.cn/cn/ks/qtzk/kqk/doctor_830.html,实采,,https://www.gyfyyy.cn/Upload/202410/638659691776364546.jpg,01_试点医院/广州医科大学附属第一医院/照片/李澄-口腔科-医师-广州医科大学附属第一医院.jpg,155214,7972cd741324ea3f38d9bee87d08db21c2169b4ed7fc749dfbe4aaa057643829,FFD8FFE000104A4649460001,1523,1999,Upload原图,
闫诗怡,https://www.gyfyyy.cn/cn/ks/qtzk/kqk/doctor_831.html,实采,,https://www.gyfyyy.cn/Upload/202410/638659692074890481.jpg,01_试点医院/广州医科大学附属第一医院/照片/闫诗怡-口腔科-医师-广州医科大学附属第一医院.jpg,510913,ed6c5977476f0ae2fad4e8d6d06c4c30daa569705b3c928f241d51837b5219af,FFD8FFE000104A4649460001,1838,2451,Upload原图,
韦景淇,https://www.gyfyyy.cn/cn/ks/qtzk/kqk/doctor_832.html,实采,,https://www.gyfyyy.cn/Upload/202410/638659692348668475.jpg,01_试点医院/广州医科大学附属第一医院/照片/韦景淇-口腔科-医师-广州医科大学附属第一医院.jpg,31458,faff15512b21d9d41565c717f45312d5748f3f033168673c082f7d41f5536173,FFD8FFE000104A4649460001,328,472,Upload原图,
严乐敏,https://www.gyfyyy.cn/cn/ks/qtzk/kqk/doctor_833.html,实采,,https://www.gyfyyy.cn/Upload/202410/638659692678874479.jpg,01_试点医院/广州医科大学附属第一医院/照片/严乐敏-口腔科-医师-广州医科大学附属第一医院.jpg,46327,c454af90f17748a07921dd5565ff6cccfaaaf3518b86d3634e465dbb1ab490a7,FFD8FFE000104A4649460001,390,567,Upload原图,
叶丹,https://www.gyfyyy.cn/cn/ks/qtzk/yk/doctor_834.html,实采,,https://www.gyfyyy.cn/Upload/202410/638659694390031261.jpg,01_试点医院/广州医科大学附属第一医院/照片/叶丹-眼科-主治医师-广州医科大学附属第一医院.png,796845,6deff8b5e7ed4295f4f746d4b2d2f35e50e48eb66aa8ec8c2d5de8f59a3a8bc8,89504E470D0A1A0A0000000D,537,840,Upload原图,
孟洁,https://www.gyfyyy.cn/cn/ks/qtzk/yk/doctor_835.html,实采,,https://www.gyfyyy.cn/Upload/202410/638659694647728894.jpg,01_试点医院/广州医科大学附属第一医院/照片/孟洁-眼科-主治医师-广州医科大学附属第一医院.jpg,83021,3ffd4b0ae0857711635ec4a8fb855466351a9c17bfdcd347948c72b35150341d,FFD8FFE000104A4649460001,1057,1502,Upload原图,
李祯,https://www.gyfyyy.cn/cn/ks/qtzk/yk/doctor_836.html,实采,,https://www.gyfyyy.cn/Upload/202410/638659695020914955.jpg,01_试点医院/广州医科大学附属第一医院/照片/李祯-眼科-主治医师-广州医科大学附属第一医院.png,728412,a76dd4e6bb2ceae081c214be16e07d13e36c4504940ddd6d0d8233e29d0ac3c4,89504E470D0A1A0A0000000D,600,952,Upload原图,
曹丹敏,https://www.gyfyyy.cn/cn/ks/qtzk/yk/doctor_837.html,实采,,https://www.gyfyyy.cn/Upload/202410/638659695283218945.png,01_试点医院/广州医科大学附属第一医院/照片/曹丹敏-眼科-主治医师-广州医科大学附属第一医院.png,111597,5f5153ff03b8665d850eaf063875ff7314eae5a5ee266df926c677ae4f4be9bf,89504E470D0A1A0A0000000D,269,331,Upload原图,
李辉,https://www.gyfyyy.cn/cn/ks/qtzk/yk/doctor_838.html,实采,,https://www.gyfyyy.cn/Upload/202410/638659695549327832.png,01_试点医院/广州医科大学附属第一医院/照片/李辉-眼科-主任医师-广州医科大学附属第一医院.png,42627,308fca7f399b1a94cf0993b0aff0cca9a97cdc2ccd8c4e3f97a3bf421d1cc590,89504E470D0A1A0A0000000D,145,170,Upload原图,
邓馨怡,https://www.gyfyyy.cn/cn/ks/qtzk/pfk/doctor_839.html,实采,,https://www.gyfyyy.cn/Upload/202410/638659696497438159.jpg,01_试点医院/广州医科大学附属第一医院/照片/邓馨怡-皮肤科-医师-广州医科大学附属第一医院.jpg,228877,5fb204d849b79f4b53cc493be00a0d16d7caf201808460c0f6ae15ed2120a20b,FFD8FFE000104A4649460001,1080,1596,Upload原图,
刘付倩,https://www.gyfyyy.cn/cn/ks/qtzk/pfk/doctor_840.html,实采,,https://www.gyfyyy.cn/Upload/202410/638659696806446135.jpg,01_试点医院/广州医科大学附属第一医院/照片/刘付倩-皮肤科-主治医师-广州医科大学附属第一医院.png,113739,fa8d14eb912585cda23d18ef3522a07950d76000bcb560aa6d8ee828b35b1eda,89504E470D0A1A0A0000000D,203,295,Upload原图,
陈曦,https://www.gyfyyy.cn/cn/ks/qtzk/pfk/doctor_841.html,实采,,https://www.gyfyyy.cn/Upload/202410/638659697115158026.png,01_试点医院/广州医科大学附属第一医院/照片/陈曦-皮肤科-医师-广州医科大学附属第一医院.png,224692,1553fbe539cf8ba23525a28e75fa437ede7cc7ef623fc447f63cac487f116e98,89504E470D0A1A0A0000000D,356,448,Upload原图,
陈桂,https://www.gyfyyy.cn/cn/ks/qtzk/ebhk/doctor_842.html,实采,,https://www.gyfyyy.cn/Upload/202410/638659701252141456.jpg,01_试点医院/广州医科大学附属第一医院/照片/陈桂-耳鼻咽喉头颈外科-主治医师-广州医科大学附属第一医院.jpg,501634,29db3d9e2115cc9c1ef0a5b6bc7c083a6125371a7030b521e77ce2c277e60bc9,FFD8FFE000104A4649460001,2169,2756,Upload原图,
吴军,https://www.gyfyyy.cn/cn/ks/qtzk/ebhk/doctor_843.html,实采,,https://www.gyfyyy.cn/Upload/202410/638659701560013968.png,01_试点医院/广州医科大学附属第一医院/照片/吴军-耳鼻咽喉头颈外科-副主任医师-广州医科大学附属第一医院.png,338871,6631f13a9f2045be8ee22eb383098d798524a56bc5ffba19982951d52486d0cb,89504E470D0A1A0A0000000D,578,695,Upload原图,
晏平,https://www.gyfyyy.cn/cn/ks/qtzk/qkyxk/doctor_844.html,实采,,https://www.gyfyyy.cn/Upload/202410/638659702203998911.jpg,01_试点医院/广州医科大学附属第一医院/照片/晏平-全科医学科-主任医师-广州医科大学附属第一医院.jpg,57754,85a540ba1cfeba3d0bce863e39e647c1098f8cfe41b78de01563cb0d43489ff6,FFD8FFE000104A4649460001,682,895,Upload原图,
李友财,https://www.gyfyyy.cn/cn/ks/yj/hyxk/doctor_846.html,实采,,https://www.gyfyyy.cn/Upload/202410/638659706674504827.jpg,01_试点医院/广州医科大学附属第一医院/照片/李友财-核医学科-主治医师-广州医科大学附属第一医院.jpg,45397,e636a7fc7be7a039e7053e9a331543261030dac02a94bf11f27e903d3c7a8193,FFD8FFE000104A4649460001,623,811,Upload原图,
张楠,https://www.gyfyyy.cn/cn/ks/wk/sjwk/doctor_848.html,实采,,https://www.gyfyyy.cn/Upload/202411/638665697176698914.jpg,01_试点医院/广州医科大学附属第一医院/照片/张楠-神经外科-主治医师-广州医科大学附属第一医院.jpg,130778,92106de8429aefb2eeedac8751069d2104a0640b8b6bddf9b9cb96241f8509ae,FFD8FFE000104A4649460001,1080,1374,Upload原图,
胡杰英,https://www.gyfyyy.cn/cn/ks/nk/hxnk/doctor_849.html,实采,,https://www.gyfyyy.cn/Upload/202411/638684849276375105.jpg,01_试点医院/广州医科大学附属第一医院/照片/胡杰英-呼吸与危重症医学科-主任医师-广州医科大学附属第一医院.jpg,525523,abfa632620776bf450076516a5df104cdc07f23713fb7771c9eeb19f5ad6dc1f,FFD8FFE000104A4649460001,2149,2648,Upload原图,
李明松,https://www.gyfyyy.cn/cn/ks/nk/xhnk/doctor_850.html,实采,,https://www.gyfyyy.cn/Upload/202411/638672644997236721.png,01_试点医院/广州医科大学附属第一医院/照片/李明松-消化内科-主任医师-广州医科大学附属第一医院.png,184352,c5b706b01908245d945bf67d6206ddac82c6da332d82dd67b12320031a4327d8,89504E470D0A1A0A0000000D,394,492,Upload原图,
彭醒思,https://www.gyfyyy.cn/cn/ks/qtzk/flk/doctor_851.html,实采,,https://www.gyfyyy.cn/Upload/202411/638672646138327771.jpg,01_试点医院/广州医科大学附属第一医院/照片/彭醒思-放疗科-主治医师-广州医科大学附属第一医院.jpg,37692,5a9874176f141d9ef7c97d2496f107383b51cc7f1ebf70885606210be01acd67,FFD8FFE000104A4649460001,591,740,Upload原图,
黄晓东,https://www.gyfyyy.cn/cn/ks/wk/jzwk/doctor_852.html,实采,,https://www.gyfyyy.cn/Upload/202411/638672787192433924.jpg,01_试点医院/广州医科大学附属第一医院/照片/黄晓东-脊柱外科-主治医师-广州医科大学附属第一医院.png,398646,77b6cc2e830cc737bf25e2d16e8bf996ac888ba864a6b33cdc4df2d15f5563ea,89504E470D0A1A0A0000000D,495,651,Upload原图,
刘日许,https://www.gyfyyy.cn/cn/ks/wk/jzwk/doctor_853.html,实采,,https://www.gyfyyy.cn/Upload/202411/638672787576022902.png,01_试点医院/广州医科大学附属第一医院/照片/刘日许-脊柱外科-主治医师-广州医科大学附属第一医院.png,86524,b59dc36dd116da67ac91fd3f0ad35abf2cd71afb61f24e92fe345e1113651f0b,89504E470D0A1A0A0000000D,249,357,Upload原图,
何素珍,https://www.gyfyyy.cn/cn/ks/yj/yxb/doctor_854.html,实采,,https://www.gyfyyy.cn/Upload/202411/638672803197683676.jpg,01_试点医院/广州医科大学附属第一医院/照片/何素珍-药学部-主管药师-广州医科大学附属第一医院.jpg,282952,191f79dd0bca31509890f8bdd5414bfbb4e1f4e7866d0c5da9ac3cc45d169e10,FFD8FFE000104A4649460001,1612,2009,Upload原图,
何玉文,https://www.gyfyyy.cn/cn/ks/yj/yxb/doctor_855.html,实采,,https://www.gyfyyy.cn/Upload/202411/638676907979803705.jpg,01_试点医院/广州医科大学附属第一医院/照片/何玉文-药学部-主任药师-广州医科大学附属第一医院.jpg,22490,92776d213890c56c63917dd0d7d2ef5dacf1b6a3c5de2469148d66991ca7799e,FFD8FFE000104A4649460001,390,538,Upload原图,
王志鹏,https://www.gyfyyy.cn/cn/ks/yj/yxb/doctor_856.html,实采,,https://www.gyfyyy.cn/Upload/202411/638676908773172724.jpg,01_试点医院/广州医科大学附属第一医院/照片/王志鹏-药学部-主管药师-广州医科大学附属第一医院.jpg,81797,e2cee4498125978ab59d30c33a443c259370d313f9344eded943e0b2c0ee232c,FFD8FFE000104A4649460001,261,391,Upload原图,
吴兰芬,https://www.gyfyyy.cn/cn/ks/yj/yxb/doctor_857.html,实采,,https://www.gyfyyy.cn/Upload/202411/638676909457346230.jpg,01_试点医院/广州医科大学附属第一医院/照片/吴兰芬-药学部-主管药师-广州医科大学附属第一医院.jpg,158187,c4cbed25bbaffcb778a9e7c44d1990484620459679214445adaa43579cb2c805,FFD8FFE000104A4649460001,1124,1328,Upload原图,
王瑛,https://www.gyfyyy.cn/cn/ks/yj/csyxk/doctor_858.html,实采,,https://www.gyfyyy.cn/Upload/202411/638682996786661832.png,01_试点医院/广州医科大学附属第一医院/照片/王瑛-超声医学科-主任医师-广州医科大学附属第一医院.png,203734,d8e400e04e724118bb567eeeaa3a6cbce45f663d550657c7e77f8992244f50a8,89504E470D0A1A0A0000000D,325,400,Upload原图,
周大治,https://www.gyfyyy.cn/cn/ks/yj/csyxk/doctor_859.html,实采,,https://www.gyfyyy.cn/Upload/202411/638682998809371702.jpg,01_试点医院/广州医科大学附属第一医院/照片/周大治-超声医学科-主任医师-广州医科大学附属第一医院.jpg,488291,fa5c3e51d992435e22f08b6b7309246e930a70e05c03e5d2eb47722974f64e39,FFD8FFE000104A4649460001,2151,2536,Upload原图,
周兴华,https://www.gyfyyy.cn/cn/ks/yj/csyxk/doctor_860.html,实采,,https://www.gyfyyy.cn/Upload/202411/638683003907497605.jpg,01_试点医院/广州医科大学附属第一医院/照片/周兴华-超声医学科-副主任医师-广州医科大学附属第一医院.jpg,31030,a63d24a2ec78f3e554463c0039d6223a591a6b5cdb925e625b75148ba62cba25,FFD8FFE000104A4649460001,542,743,Upload原图,
廖海星,https://www.gyfyyy.cn/cn/ks/yj/csyxk/doctor_861.html,实采,,https://www.gyfyyy.cn/Upload/202412/638688182058856351.jpg,01_试点医院/广州医科大学附属第一医院/照片/廖海星-超声医学科-主任医师-广州医科大学附属第一医院.jpg,441410,c1e43bdc00b8468a9a96922226e0dab80c6020c503f80f7dbb863a87c4387d4b,FFD8FFE000104A4649460001,2193,2485,Upload原图,
陈宇璠,https://www.gyfyyy.cn/cn/ks/wk/gjwk/doctor_862.html,实采,,https://www.gyfyyy.cn/Upload/202412/638689309065695572.jpg,01_试点医院/广州医科大学附属第一医院/照片/陈宇璠-关节外科-主治医师-广州医科大学附属第一医院.jpg,171550,c18010e0bf81b1e0ab45f395319daba686b88b98d6bb3734fdae422b60c71b20,FFD8FFE000104A4649460001,1756,2208,Upload原图,
吴德胜,https://www.gyfyyy.cn/cn/ks/wk/gjwk/doctor_863.html,实采,,https://www.gyfyyy.cn/Upload/202412/638693618342751668.jpg,01_试点医院/广州医科大学附属第一医院/照片/吴德胜-关节外科-主治医师-广州医科大学附属第一医院.jpg,182470,6d9bb4a2b69d433fd1e2a6382519e981bdbeaaa71be1badb200a0ead44fcab83,FFD8FFE000104A4649460001,1723,1971,Upload原图,
卓纳,https://www.gyfyyy.cn/cn/ks/qtzk/pfk/doctor_864.html,实采,,https://www.gyfyyy.cn/Upload/202412/638699680994478806.png,01_试点医院/广州医科大学附属第一医院/照片/卓纳-皮肤科-副主任医师-广州医科大学附属第一医院.png,274911,c9fbaf61bc41977b5b311c1e5bc563593d910703faecc20d2ac6a326d7b5df54,89504E470D0A1A0A0000000D,595,843,Upload原图,
左旭政,https://www.gyfyyy.cn/cn/ks/qtzk/pfk/doctor_865.html,实采,,https://www.gyfyyy.cn/Upload/202412/638711739345040403.jpg,01_试点医院/广州医科大学附属第一医院/照片/左旭政-皮肤科-主治医师-广州医科大学附属第一医院.jpg,288653,835e610a09db9866e17a258bda01f223703dbf5bd61094161b6f81135107a8dc,FFD8FFE000104A4649460001,2412,2803,Upload原图,
李晓雷,https://www.gyfyyy.cn/cn/ks/wk/ttk/doctor_866.html,实采,,https://www.gyfyyy.cn/Upload/202501/638718422655247870.jpg,01_试点医院/广州医科大学附属第一医院/照片/李晓雷-疼痛科-副主任医师-广州医科大学附属第一医院.jpg,24022,fde9ea460d338048b0869efb7ef9fa770251340a46224da61714c57cef8c1844,FFD8FFE000104A4649460001,477,692,Upload原图,
于凡钧,https://www.gyfyyy.cn/cn/ks/zyk/zyk/doctor_867.html,实采,,https://www.gyfyyy.cn/Upload/202501/638721048477030157.jpg,01_试点医院/广州医科大学附属第一医院/照片/于凡钧-中医科-医师-广州医科大学附属第一医院.jpg,39776,4e2079edbabb47a2229ec8d60d788bccd604fb4ee187ad6136e007f56c31ea1f,FFD8FFE000104A4649460001,800,1009,Upload原图,
苏义基,https://www.gyfyyy.cn/cn/ks/qtzk/kfk/doctor_869.html,实采,,https://www.gyfyyy.cn/Upload/202501/638721057787055419.jpg,01_试点医院/广州医科大学附属第一医院/照片/苏义基-康复科-主任医师-广州医科大学附属第一医院.jpg,66410,88d5fb25843b991dbb7c159019721ef306200791bab6cbc993473e150344d5a2,FFD8FFE000104A4649460001,1033,1502,Upload原图,
毛琳玲,https://www.gyfyyy.cn/cn/ks/wk/ttk/doctor_870.html,实采,,https://www.gyfyyy.cn/Upload/202501/638721061474071707.png,01_试点医院/广州医科大学附属第一医院/照片/毛琳玲-疼痛科-主治医师-广州医科大学附属第一医院.png,2144222,e1604e39a76f851f0725d4e26e2e7481be6e0cd51940c0358a41c281647435e1,89504E470D0A1A0A0000000D,1290,1720,Upload原图,
李锟,https://www.gyfyyy.cn/cn/ks/qtzk/ebhk/doctor_871.html,实采,,https://www.gyfyyy.cn/Upload/202201/637776001235608793.jpg,01_试点医院/广州医科大学附属第一医院/照片/李锟-耳鼻咽喉头颈外科-副主任医师-广州医科大学附属第一医院.jpg,78994,adf16a798d3f9e4440e4b830da99a99093b1a297737bfde72b36adb5540752dd,FFD8FFDB0084000101010101,325,400,Upload原图,
谢慧,https://www.gyfyyy.cn/cn/ks/yj/yxb/doctor_878.html,实采,,https://www.gyfyyy.cn/Upload/202502/638747840276033663.png,01_试点医院/广州医科大学附属第一医院/照片/谢慧-药学部-副主任药师-广州医科大学附属第一医院.png,93708,b9006421c1f93a48920652077834c5aece5f54847692b44ab8e1baa52fd26f30,89504E470D0A1A0A0000000D,324,348,Upload原图,
杨洪伟,https://www.gyfyyy.cn/cn/ks/yj/csyxk/doctor_879.html,实采,,https://www.gyfyyy.cn/Upload/202605/639156528923063119.jpg,01_试点医院/广州医科大学附属第一医院/照片/杨洪伟-超声医学科-主任医师-广州医科大学附属第一医院.jpg,71141,0981c44af1c856b7c9f19075124f711cc1dba2ad234f00396d1752bdb2d17948,FFD8FFE000104A4649460001,960,1088,Upload原图,
廖雯静,https://www.gyfyyy.cn/cn/ks/qtzk/ebhk/doctor_885.html,实采,,https://www.gyfyyy.cn/Upload/202502/638760907174134994.jpg,01_试点医院/广州医科大学附属第一医院/照片/廖雯静-耳鼻咽喉头颈外科-医师-广州医科大学附属第一医院.jpg,1213567,34e84a93e47111d01b4bf3f3abfdb8cf90986f699e98b78b24fd4ed7b2d0313a,FFD8FFE000104A4649460001,1806,2339,Upload原图,
傅志辉,https://www.gyfyyy.cn/cn/ks/nk/hxnk/doctor_886.html,实采,,https://www.gyfyyy.cn/Upload/202502/638760922762062948.png,01_试点医院/广州医科大学附属第一医院/照片/傅志辉-呼吸与危重症医学科-主治医师-广州医科大学附属第一医院.png,672786,1a904e1e659ad80d66d1dba8dee3c5a99349fae0db6f6915a45d54c27d532212,89504E470D0A1A0A0000000D,960,1200,Upload原图,
李福曦,https://www.gyfyyy.cn/cn/ks/yj/yyk/doctor_887.html,实采,,https://www.gyfyyy.cn/Upload/202502/638760927755076926.jpg,01_试点医院/广州医科大学附属第一医院/照片/李福曦-营养科-医师-广州医科大学附属第一医院.png,338592,35a38a8a898582fe197a7598cd1a8254aac0a17a5ac35242b63eadcc7ed1ec0f,89504E470D0A1A0A0000000D,764,878,Upload原图,
王宇暄,https://www.gyfyyy.cn/cn/ks/wk/ttk/doctor_890.html,实采,,https://www.gyfyyy.cn/Upload/202502/638761613998131259.png,01_试点医院/广州医科大学附属第一医院/照片/王宇暄-疼痛科-主治医师-广州医科大学附属第一医院.png,671997,93690d1f94a7eb0b7b7a5e9f0c45a71895a37f6261502838a4d8f2ec2e85607a,89504E470D0A1A0A0000000D,1106,1323,Upload原图,
徐培航,https://www.gyfyyy.cn/cn/ks/wk/qgyz/doctor_891.html,实采,,https://www.gyfyyy.cn/Upload/202502/638760941633745847.png,01_试点医院/广州医科大学附属第一医院/照片/徐培航-器官移植科-主治医师-广州医科大学附属第一医院.png,1862122,8b9243067c6735fcb1fbe4fa33ccd258e143fa5cc594432c37c6e0f8d4582894,89504E470D0A1A0A0000000D,1333,2000,Upload原图,
梁建明,https://www.gyfyyy.cn/cn/ks/wk/wcwk/doctor_892.html,实采,,https://www.gyfyyy.cn/Upload/202503/638772188398627223.png,01_试点医院/广州医科大学附属第一医院/照片/梁建明-胃肠外科-主治医师-广州医科大学附属第一医院.png,1096216,64e1b849b73d44ca34d44510e865a05746f77b75c0ece0244b75ea34afcb185a,89504E470D0A1A0A0000000D,1374,2000,Upload原图,
何曦,https://www.gyfyyy.cn/cn/ks/yj/hyxk/doctor_893.html,实采,,https://www.gyfyyy.cn/Upload/202503/638785006413281340.png,01_试点医院/广州医科大学附属第一医院/照片/何曦-核医学科-主治医师-广州医科大学附属第一医院.png,268498,07c6f43b1b410ef5e34b8b61406b3050586b94580ea2ca28431184cc51bc09dd,89504E470D0A1A0A0000000D,390,567,Upload原图,
柯渺,https://www.gyfyyy.cn/cn/ks/yj/hyxk/doctor_894.html,实采,,https://www.gyfyyy.cn/Upload/202503/638785009727758445.png,01_试点医院/广州医科大学附属第一医院/照片/柯渺-核医学科-主治医师-广州医科大学附属第一医院.png,94033,95e57be5ba337207e5bc2003e5d03e8dd01f218ccc0c187cdef2bb9874b71bce,89504E470D0A1A0A0000000D,250,334,Upload原图,
陈静晓,https://www.gyfyyy.cn/cn/ks/qtzk/kqk/doctor_895.html,实采,,https://www.gyfyyy.cn/Upload/202503/638785071709958034.jpg,01_试点医院/广州医科大学附属第一医院/照片/陈静晓-口腔科-医师-广州医科大学附属第一医院.jpg,107000,7dadb2400fa53b788fe6df6c0383e1441ca356884dbc0413beab2f48fdc7c6fc,FFD8FFE000104A4649460001,1024,1490,Upload原图,
刘雁鸿,https://www.gyfyyy.cn/cn/ks/qtzk/kqk/doctor_896.html,实采,,https://www.gyfyyy.cn/Upload/202503/638785073586312732.jpg,01_试点医院/广州医科大学附属第一医院/照片/刘雁鸿-口腔科-医师-广州医科大学附属第一医院.png,1598118,5b23a559f79c36f653133929f647a5a8847e48a350ee84a9048fd73cf40ddc8e,89504E470D0A1A0A0000000D,1790,2000,Upload原图,
杨峰,https://www.gyfyyy.cn/cn/ks/nk/hxnk/doctor_897.html,实采,,https://www.gyfyyy.cn/Upload/202503/638785101074535691.jpg,01_试点医院/广州医科大学附属第一医院/照片/杨峰-呼吸与危重症医学科-副主任医师-广州医科大学附属第一医院.jpg,28322,4692282ed514dcb21ec29bc142a0cd348681920ab56889c70f7a15b625172404,FFD8FFE000104A4649460001,533,711,Upload原图,
凌钦杰,https://www.gyfyyy.cn/cn/ks/wk/jzwk/doctor_898.html,实采,,https://www.gyfyyy.cn/Upload/202503/638786908497764696.jpg,01_试点医院/广州医科大学附属第一医院/照片/凌钦杰-脊柱外科-副主任医师-广州医科大学附属第一医院.jpg,2363483,9fce93f016e850f5bf92f9b5723d6502951e7107a5e9e57bb706b63fc4191287,FFD8FFE000104A4649460001,1771,2403,Upload原图,
唐小平,https://www.gyfyyy.cn/cn/ks/nk/grnk/doctor_899.html,实采,,https://www.gyfyyy.cn/Upload/202503/638787529854026855.png,01_试点医院/广州医科大学附属第一医院/照片/唐小平-感染内科-主任医师-广州医科大学附属第一医院.png,320211,b6c0bd2b60544db8b5785eccb04f11853bce08844a01fb3a582f92ddb7fa7e37,89504E470D0A1A0A0000000D,532,694,Upload原图,
李允,https://www.gyfyyy.cn/cn/ks/nk/hxnk/doctor_900.html,实采,,https://www.gyfyyy.cn/Upload/202503/638787531857912387.jpg,01_试点医院/广州医科大学附属第一医院/照片/李允-呼吸与危重症医学科-主治医师-广州医科大学附属第一医院.jpg,18585,cd874fb626da6dd22cca0db72a6026f7188303586dccb92f3b681db0bddc937f,FFD8FFE000104A4649460001,240,360,Upload原图,
戴立果,https://www.gyfyyy.cn/cn/ks/wk/jrk/doctor_901.html,实采,,https://www.gyfyyy.cn/Upload/202503/638787534179499843.jpg,01_试点医院/广州医科大学附属第一医院/照片/戴立果-介入科-主治医师-广州医科大学附属第一医院.jpg,472477,ff06cf3cb8b0760d2edf05b6f9ea46677b291295fa657d9accbf0ea492b8befc,FFD8FFE000104A4649460001,2047,2729,Upload原图,
杨翼帆,https://www.gyfyyy.cn/cn/ks/wk/jrk/doctor_902.html,实采,,https://www.gyfyyy.cn/Upload/202503/638787535359981877.jpg,01_试点医院/广州医科大学附属第一医院/照片/杨翼帆-介入科-医师-广州医科大学附属第一医院.jpg,150711,07d47c2b3717b73ee14495c235097900be717b8d7ba629bb074dc66db79b17a5,FFD8FFE000104A4649460001,1499,2000,Upload原图,
谢栩硕,https://www.gyfyyy.cn/cn/ks/nk/grnk/doctor_903.html,实采,,https://www.gyfyyy.cn/Upload/202504/638796195186034864.png,01_试点医院/广州医科大学附属第一医院/照片/谢栩硕-感染内科-副主任医师-广州医科大学附属第一医院.png,1232715,444616189ebc941577015da3f59984f7af3b1719407dcfaf2dba0f948659f043,89504E470D0A1A0A0000000D,982,1310,Upload原图,
岳亚,https://www.gyfyyy.cn/cn/ks/nk/snk/doctor_904.html,实采,,https://www.gyfyyy.cn/Upload/202504/638796196102316465.png,01_试点医院/广州医科大学附属第一医院/照片/岳亚-肾内科-主治医师-广州医科大学附属第一医院.png,103105,cd60cc0bb52c5f832c19e30941677335feeaa2e7fa91c2212c8fa387482ae0cd,89504E470D0A1A0A0000000D,294,412,Upload原图,
曾伟燃,https://www.gyfyyy.cn/cn/ks/nk/zlnk/doctor_905.html,实采,,https://www.gyfyyy.cn/Upload/202504/638796199210482903.jpg,01_试点医院/广州医科大学附属第一医院/照片/曾伟燃-肿瘤科-主治医师-广州医科大学附属第一医院.jpg,312812,e7191b352bb22f09b00c3d1bbd3dd552d7aa620fa2ef885ff2bf01af15e59f3e,FFD8FFE000104A4649460001,1662,2216,Upload原图,
杨宝华,https://www.gyfyyy.cn/cn/ks/qtzk/kqk/doctor_907.html,实采,,https://www.gyfyyy.cn/Upload/202504/638816314900778858.png,01_试点医院/广州医科大学附属第一医院/照片/杨宝华-口腔科-医师-广州医科大学附属第一医院.png,103880,8126cbf59edda6aa040358cafd393d4af476838d7a2670dfcb04745b46ac757d,89504E470D0A1A0A0000000D,310,370,Upload原图,
刘春栋,https://www.gyfyyy.cn/cn/ks/qtzk/kqk/doctor_908.html,实采,,https://www.gyfyyy.cn/Upload/202505/638821497754235756.jpg,01_试点医院/广州医科大学附属第一医院/照片/刘春栋-口腔科-副主任医师-广州医科大学附属第一医院.jpg,126529,a07da2a20a15e0fbb447f826d48d0163127ccd0cb553e1af6319fddc7b57bb23,FFD8FFE000104A4649460001,1251,1620,Upload原图,
王愿,https://www.gyfyyy.cn/cn/ks/nk/hxnk/doctor_909.html,实采,,https://www.gyfyyy.cn/Upload/202505/638821499809616616.jpg,01_试点医院/广州医科大学附属第一医院/照片/王愿-呼吸与危重症医学科-主治医师-广州医科大学附属第一医院.jpg,19171,4aae7decce69f18e27b9168385f057b2786dc02731e4a1920548d2cd959963b0,FFD8FFE000104A4649460001,439,585,Upload原图,
李培鑫,https://www.gyfyyy.cn/cn/ks/nk/xxgnk/doctor_910.html,实采,,https://www.gyfyyy.cn/Upload/202505/638821502103778401.jpg,01_试点医院/广州医科大学附属第一医院/照片/李培鑫-心血管内科-医师-广州医科大学附属第一医院.jpg,123505,f87d3f4e21e002131204c7292bbabcc4788e8430bec4491c31908d37c69d38e0,FFD8FFE000104A4649460001,1164,1553,Upload原图,
卢林,https://www.gyfyyy.cn/cn/ks/nk/sjnk/doctor_911.html,实采,,https://www.gyfyyy.cn/Upload/202505/638830138978419799.jpg,01_试点医院/广州医科大学附属第一医院/照片/卢林-神经内科-医师-广州医科大学附属第一医院.jpg,277312,6de57d517a128d2527dda0827a7595c662720b6973bf4ec9cd69f69eaa2c461e,FFD8FFE000104A4649460001,822,1098,Upload原图,
陈鹏宇,https://www.gyfyyy.cn/cn/ks/wk/gjwk/doctor_912.html,实采,,https://www.gyfyyy.cn/Upload/202505/638830140449504603.jpg,01_试点医院/广州医科大学附属第一医院/照片/陈鹏宇-关节外科-医师-广州医科大学附属第一医院.jpg,47513,5a8c7cacd086b3532b456666cef7e85048140dd2b741ba4f2b7a79786ed0d4b5,FFD8FFE000104A4649460001,761,1015,Upload原图,
李金燕,https://www.gyfyyy.cn/cn/ks/qtzk/yk/doctor_913.html,实采,,https://www.gyfyyy.cn/Upload/202511/638983644643227771.jpg,01_试点医院/广州医科大学附属第一医院/照片/李金燕-眼科-医师-广州医科大学附属第一医院.jpg,1411081,c4c13d3eede7d651fc95aeaa0da3b9123fe5cf85635d54a72200e5c3f8a6d047,FFD8FFE000104A4649460001,2500,3332,Upload原图,
刘桑田,https://www.gyfyyy.cn/cn/ks/wk/qgyz/doctor_914.html,实采,,https://www.gyfyyy.cn/Upload/202511/638989743008001901.jpg,01_试点医院/广州医科大学附属第一医院/照片/刘桑田-器官移植科-未标注-广州医科大学附属第一医院.jpg,187670,1a5e094220aa7cedc627d7caf394f39d17a9b5334f11c8f4485f4419f52bff48,FFD8FFE000104A4649460001,1595,2126,Upload原图,
徐惠茵,https://www.gyfyyy.cn/cn/ks/yj/yxb/doctor_915.html,实采,,https://www.gyfyyy.cn/Upload/202511/638990607728861249.jpg,01_试点医院/广州医科大学附属第一医院/照片/徐惠茵-药学部-主管药师-广州医科大学附属第一医院.jpg,18640,fe55da73996bab7c6026be313d1239606920b69dec416f69755f033ff98023a5,FFD8FFE000104A4649460001,411,548,Upload原图,
​陈艺丹,https://www.gyfyyy.cn/cn/ks/yj/yxb/doctor_916.html,实采,,https://www.gyfyyy.cn/Upload/202511/638990608816622195.jpg,01_试点医院/广州医科大学附属第一医院/照片/​陈艺丹-药学部-主管药师-广州医科大学附属第一医院.jpg,204065,d369ea6cb840e63b495a783384b0530ef510c2af47053960b288e5351a1cfad1,FFD8FFE000104A4649460001,1700,2268,Upload原图,
周洁,https://www.gyfyyy.cn/cn/ks/nk/hxnk/doctor_917.html,实采,,https://www.gyfyyy.cn/Upload/202511/638991618197012425.jpg,01_试点医院/广州医科大学附属第一医院/照片/周洁-呼吸与危重症医学科-未标注-广州医科大学附属第一医院.jpg,265616,20f0692f7a9600d8e49cfa9347bf65b80728de79a404e056e83b07671ac1dbbb,FFD8FFE000104A4649460001,2240,2986,Upload原图,
唐思湘,https://www.gyfyyy.cn/cn/ks/ek/ek/doctor_918.html,实采,,https://www.gyfyyy.cn/Upload/202511/638991619751950525.jpg,01_试点医院/广州医科大学附属第一医院/照片/唐思湘-儿科-医师-广州医科大学附属第一医院.jpg,31015,6654172108162814b3697180a42448e89754f59b0b1f03f21c097c1d26bb72a6,FFD8FFE000104A4649460001,568,757,Upload原图,
杨凯帆,https://www.gyfyyy.cn/cn/ks/wk/gjwk/doctor_919.html,实采,,https://www.gyfyyy.cn/Upload/202512/639022717283824840.jpg,01_试点医院/广州医科大学附属第一医院/照片/杨凯帆-关节外科-医师-广州医科大学附属第一医院.jpg,44856,d2f713ba9fcb2b7f76e4f1b87a27afa828b610b621b3091b7e3039a654212868,FFD8FFE000104A4649460001,808,1034,Upload原图,
孙 伟,https://www.gyfyyy.cn/cn/ks/qtzk/ebhk/doctor_920.html,实采,,https://www.gyfyyy.cn/Upload/202606/639159109194550429.jpg,01_试点医院/广州医科大学附属第一医院/照片/孙 伟-耳鼻咽喉头颈外科-主任医师-广州医科大学附属第一医院.jpg,35560,fb5777b2284eb2a3d019b164de5ea62ce5b4d0d9ccff229a1ac86cb3ad44fa76,FFD8FFE1004E457869660000,325,400,Upload原图,
黄儒,https://www.gyfyyy.cn/cn/ks/wk/bnwk/doctor_921.html,实采,,https://www.gyfyyy.cn/Upload/202607/639186078209214473.jpg,01_试点医院/广州医科大学附属第一医院/照片/黄儒-泌尿外科-主治医师-广州医科大学附属第一医院.jpg,64555,c0147416f19b08b723206376e3b563a943dfa73ae9ab254bdb62fd73a77eef74,FFD8FFE000104A4649460001,968,1293,Upload原图,
农凌波,https://www.gyfyyy.cn/cn/ks/nk/zzyxk/doctor_922.html,实采,,https://www.gyfyyy.cn/Upload/202607/639186079387877455.jpg,01_试点医院/广州医科大学附属第一医院/照片/农凌波-重症医学科-主任医师-广州医科大学附属第一医院.jpg,38913,ddd2fae0c203348b1225b30e66ff20631ba29b9c449d7cefda1e0e04b1b69301,FFD8FFE000104A4649460001,665,886,Upload原图,
黄莺,https://www.gyfyyy.cn/cn/ks/yj/yyk/doctor_923.html,实采,,https://www.gyfyyy.cn/Upload/202607/639186080379950451.jpg,01_试点医院/广州医科大学附属第一医院/照片/黄莺-营养科-主治医师-广州医科大学附属第一医院.jpg,48763,f9f8069e5d71af5973a755a58b38b63b5fc53a701a90fe3a6824f16bfb9dcd07,FFD8FFE000104A4649460001,855,1140,Upload原图,
