姓名,来源链接,状态,失败三态,照片链接,照片文件,字节数,SHA-256,魔数,宽,高,引用路径风格,错误证据
关国晟,https://www.gy3y.cn/ks/nkxt/xxgnk/doctor_4.html,实采,,https://www.gy3y.cn/Upload/201411/6355095587733094009570010.jpg,01_试点医院/广州医科大学附属第三医院/照片/关国晟-荔湾院区心血管内科-副主任医师-广州医科大学附属第三医院.jpg,33338,9af9bc7f88127198c0a63ff1b72cf67123667ee2206a3ff835867e027ddda7b3,FFD8FFE113B8457869660000,200,266,Upload原图,
卢雄,https://www.gy3y.cn/ks/nkxt/xxgnk/doctor_5.html,实采,,https://www.gy3y.cn/Upload/201411/6355095585558094007325262.jpg,01_试点医院/广州医科大学附属第三医院/照片/卢雄-荔湾院区心血管内科-副主任医师-广州医科大学附属第三医院.jpg,32405,f108431983362adb551cfb4d1ba84a4b79ee415cf4fca47d2a077fa59b68fb32,FFD8FFE112D9457869660000,200,266,Upload原图,
李文杰,https://www.gy3y.cn/ks/nkxt/xxgnk/doctor_6.html,失败,详情不可达,,,,,,,,,第 1 轮 HTTP 302→200@2026-08-17T11:32:40Z Content-Type text/plain；页面标题 404；第 2 轮 HTTP 302→200@2026-08-17T11:33:40Z Content-Type text/plain；页面标题 404；第 3 轮 HTTP 302→200@2026-08-17T11:34:40Z Content-Type text/plain；页面标题 404；第 4 轮 HTTP 302→200@2026-08-17T11:35:40Z Content-Type text/plain；页面标题 404；第 5 轮 HTTP 302→200@2026-08-17T11:36:40Z Content-Type text/plain；页面标题 404
黄寰,https://www.gy3y.cn/ks/nkxt/nkmz/doctor_7.html,实采,,https://www.gy3y.cn/Upload/201410/6354856247148571642123710.jpg,01_试点医院/广州医科大学附属第三医院/照片/黄寰-荔湾院区内科门诊-副主任医师-广州医科大学附属第三医院.jpg,208356,6ddb760200b62f0c82ae4fa90f3905aab811e4a6e2270133195282e26c5146e4,FFD8FFE10F3F457869660000,775,1055,Upload原图,
许耘红,https://www.gy3y.cn/ks/nkxt/xxgnk/doctor_8.html,实采,,https://www.gy3y.cn/Upload/201411/6355095629945594002498241.jpg,01_试点医院/广州医科大学附属第三医院/照片/许耘红-荔湾院区心血管内科-副主任医师-广州医科大学附属第三医院.jpg,33750,5b1c15432293ccbdb0ba965ee4c22eaf4df18319165ac2f9da2f20f2dd749dd2,FFD8FFE113D9457869660000,200,266,Upload原图,
蔡玉宇,https://www.gy3y.cn/ks/nkxt/xxgnk/doctor_9.html,失败,详情不可达,,,,,,,,,第 1 轮 HTTP 302→200@2026-08-17T11:32:40Z Content-Type text/plain；页面标题 404；第 2 轮 HTTP 302→200@2026-08-17T11:33:40Z Content-Type text/plain；页面标题 404；第 3 轮 HTTP 302→200@2026-08-17T11:34:40Z Content-Type text/plain；页面标题 404；第 4 轮 HTTP 302→200@2026-08-17T11:35:40Z Content-Type text/plain；页面标题 404；第 5 轮 HTTP 302→200@2026-08-17T11:36:40Z Content-Type text/plain；页面标题 404
许治强,https://www.gy3y.cn/ks/nkxt/sjnk/doctor_10.html,实采,,https://www.gy3y.cn/Upload/201411/6355096692500301506902433.jpg,01_试点医院/广州医科大学附属第三医院/照片/许治强-荔湾院区神经内科-主任医师-广州医科大学附属第三医院.jpg,32173,d33bffb2fc99f314f937b73e965bde23f35dfa1d45ac1bf9691de2efcd83c6b5,FFD8FFE112DB457869660000,200,266,Upload原图,
梁燕玲,https://www.gy3y.cn/ks/nkxt/sjnk/doctor_11.html,失败,详情不可达,,,,,,,,,第 1 轮 HTTP 302→200@2026-08-17T11:32:40Z Content-Type text/plain；页面标题 404；第 2 轮 HTTP 302→200@2026-08-17T11:33:40Z Content-Type text/plain；页面标题 404；第 3 轮 HTTP 302→200@2026-08-17T11:34:40Z Content-Type text/plain；页面标题 404；第 4 轮 HTTP 302→200@2026-08-17T11:35:40Z Content-Type text/plain；页面标题 404；第 5 轮 HTTP 302→200@2026-08-17T11:36:40Z Content-Type text/plain；页面标题 404
周伯荣,https://www.gy3y.cn/ks/nkxt/jsyxk/doctor_12.html,失败,详情不可达,,,,,,,,,第 1 轮 HTTP 302→200@2026-08-17T11:32:40Z Content-Type text/plain；页面标题 404；第 2 轮 HTTP 302→200@2026-08-17T11:33:40Z Content-Type text/plain；页面标题 404；第 3 轮 HTTP 302→200@2026-08-17T11:34:40Z Content-Type text/plain；页面标题 404；第 4 轮 HTTP 302→200@2026-08-17T11:35:40Z Content-Type text/plain；页面标题 404；第 5 轮 HTTP 302→200@2026-08-17T11:36:40Z Content-Type text/plain；页面标题 404
刘子凡,https://www.gy3y.cn/ks/nkxt/sjnk/doctor_13.html,失败,详情不可达,,,,,,,,,第 1 轮 HTTP 302→200@2026-08-17T11:32:40Z Content-Type text/plain；页面标题 404；第 2 轮 HTTP 302→200@2026-08-17T11:33:40Z Content-Type text/plain；页面标题 404；第 3 轮 HTTP 302→200@2026-08-17T11:34:40Z Content-Type text/plain；页面标题 404；第 4 轮 HTTP 302→200@2026-08-17T11:35:40Z Content-Type text/plain；页面标题 404；第 5 轮 HTTP 302→200@2026-08-17T11:36:40Z Content-Type text/plain；页面标题 404
匡永锋,https://www.gy3y.cn/ks/nkxt/sjnk/doctor_14.html,实采,,https://www.gy3y.cn/Upload/201411/6355097549459643507389307.jpg,01_试点医院/广州医科大学附属第三医院/照片/匡永锋-荔湾院区神经内科-副主任医师-广州医科大学附属第三医院.jpg,31582,f6ba4af31bb29c3d79ccc7a288a7cfad2297ca20367d65537a3c93151a5813fd,FFD8FFE1126A457869660000,200,266,Upload原图,
关海涛,https://www.gy3y.cn/ks/nkxt/sjnk/doctor_15.html,实采,,https://www.gy3y.cn/Upload/201411/6355097601029956004673078.jpg,01_试点医院/广州医科大学附属第三医院/照片/关海涛-荔湾院区神经内科-副主任医师-广州医科大学附属第三医院.jpg,33750,ab7afacd1b6d48a0c27fe489f82538fd135002330003648776361b2ff16f9d40,FFD8FFE113F7457869660000,200,266,Upload原图,
刘宇明,https://www.gy3y.cn/ks/nkxt/sjnk/doctor_16.html,失败,详情不可达,,,,,,,,,第 1 轮 HTTP 302→200@2026-08-17T11:32:40Z Content-Type text/plain；页面标题 404；第 2 轮 HTTP 302→200@2026-08-17T11:33:40Z Content-Type text/plain；页面标题 404；第 3 轮 HTTP 302→200@2026-08-17T11:34:40Z Content-Type text/plain；页面标题 404；第 4 轮 HTTP 302→200@2026-08-17T11:35:40Z Content-Type text/plain；页面标题 404；第 5 轮 HTTP 302→200@2026-08-17T11:36:40Z Content-Type text/plain；页面标题 404
沈兰,https://www.gy3y.cn/ks/nkxt/nkmz/doctor_17.html,实采,,https://www.gy3y.cn/Upload/201411/6355097633479956004542988.jpg,01_试点医院/广州医科大学附属第三医院/照片/沈兰-荔湾院区内科门诊-副主任医师-广州医科大学附属第三医院.jpg,34831,8e00782d59d0bdc1717ae032940f36f605f4f075dfa9116b313a9e5fd8744b0f,FFD8FFE1143C457869660000,200,266,Upload原图,
魏立平,https://www.gy3y.cn/ks/nkxt/hxnk/doctor_19.html,实采,,https://www.gy3y.cn/Upload/201411/6355104425068862802417237.jpg,01_试点医院/广州医科大学附属第三医院/照片/魏立平-荔湾院区呼吸与危重症医学科-主任医师-广州医科大学附属第三医院.jpg,35382,bbd9a11747e2f9722b25a1b0d5e0752208f30a35ee4e80de88245ac49c98b89d,FFD8FFE11505457869660000,200,266,Upload原图,
喻延,https://www.gy3y.cn/ks/nkxt/hxnk/doctor_20.html,失败,详情不可达,,,,,,,,,第 1 轮 HTTP 302→200@2026-08-17T11:32:40Z Content-Type text/plain；页面标题 404；第 2 轮 HTTP 302→200@2026-08-17T11:33:40Z Content-Type text/plain；页面标题 404；第 3 轮 HTTP 302→200@2026-08-17T11:34:40Z Content-Type text/plain；页面标题 404；第 4 轮 HTTP 302→200@2026-08-17T11:35:40Z Content-Type text/plain；页面标题 404；第 5 轮 HTTP 302→200@2026-08-17T11:36:40Z Content-Type text/plain；页面标题 404
张世叶,https://www.gy3y.cn/ks/nkxt/hxnk/doctor_21.html,实采,,https://www.gy3y.cn/Upload/201411/6355104439378146221768414.jpg,01_试点医院/广州医科大学附属第三医院/照片/张世叶-荔湾院区呼吸与危重症医学科-副主任医师-广州医科大学附属第三医院.jpg,33324,9cd2574482c92c7a76803b2dfb42b5f733854b3500aa0f303c745382459ec02f,FFD8FFE1138C457869660000,200,266,Upload原图,
梁贤球,https://www.gy3y.cn/ks/nkxt/hxnk/doctor_22.html,失败,详情不可达,,,,,,,,,第 1 轮 HTTP 302→200@2026-08-17T11:32:40Z Content-Type text/plain；页面标题 404；第 2 轮 HTTP 302→200@2026-08-17T11:33:40Z Content-Type text/plain；页面标题 404；第 3 轮 HTTP 302→200@2026-08-17T11:34:40Z Content-Type text/plain；页面标题 404；第 4 轮 HTTP 302→200@2026-08-17T11:35:40Z Content-Type text/plain；页面标题 404；第 5 轮 HTTP 302→200@2026-08-17T11:36:40Z Content-Type text/plain；页面标题 404
林敏,https://www.gy3y.cn/ks/nkxt/hxnk/doctor_23.html,实采,,https://www.gy3y.cn/Upload/201411/6355104452381188006142678.jpg,01_试点医院/广州医科大学附属第三医院/照片/林敏-荔湾院区呼吸与危重症医学科-副主任医师-广州医科大学附属第三医院.jpg,34613,6e6c372b97870e42adcc8aecac7ca93434c7c82892698411640fc1104e62b243,FFD8FFE11477457869660000,200,266,Upload原图,
胡国平,https://www.gy3y.cn/ks/nkxt/hxnk/doctor_24.html,实采,,https://www.gy3y.cn/Upload/201411/6355104476806031689589595.jpg,01_试点医院/广州医科大学附属第三医院/照片/胡国平-荔湾院区呼吸与危重症医学科-副主任医师-广州医科大学附属第三医院.jpg,32208,3aca34a3a425126e37a76c8bd1e3b1ad5e1f729aaac8108cb1011a80d650e444,FFD8FFE112C5457869660000,200,266,Upload原图,
梁波,https://www.gy3y.cn/ks/nkxt/snk/doctor_25.html,实采,,https://www.gy3y.cn/Upload/201411/6355104483230990568027525.jpg,01_试点医院/广州医科大学附属第三医院/照片/梁波-荔湾院区肾内科-副主任医师-广州医科大学附属第三医院.jpg,32522,c0f923d5d450d41d040481552c4cd4565e95f52fef2e3f03b4f73de8960ee7e5,FFD8FFE11311457869660000,200,266,Upload原图,
沈文清,https://www.gy3y.cn/ks/nkxt/snk/doctor_26.html,实采,,https://www.gy3y.cn/Upload/201411/6355104493248113952524681.jpg,01_试点医院/广州医科大学附属第三医院/照片/沈文清-荔湾院区肾内科-主任医师-广州医科大学附属第三医院.jpg,34972,60c96d55007730a2e025733db47ee0f14c42936291b93189820c406ec0887ffe,FFD8FFE114C0457869660000,200,266,Upload原图,
周鹏志,https://www.gy3y.cn/ks/nkxt/njzx/doctor_27.html,失败,详情不可达,,,,,,,,,第 1 轮 HTTP 302→200@2026-08-17T11:32:40Z Content-Type text/plain；页面标题 404；第 2 轮 HTTP 302→200@2026-08-17T11:33:40Z Content-Type text/plain；页面标题 404；第 3 轮 HTTP 302→200@2026-08-17T11:34:40Z Content-Type text/plain；页面标题 404；第 4 轮 HTTP 302→200@2026-08-17T11:35:40Z Content-Type text/plain；页面标题 404；第 5 轮 HTTP 302→200@2026-08-17T11:36:40Z Content-Type text/plain；页面标题 404
黄越前,https://www.gy3y.cn/ks/nkxt/xhnk/doctor_28.html,失败,详情不可达,,,,,,,,,第 1 轮 HTTP 302→200@2026-08-17T11:32:40Z Content-Type text/plain；页面标题 404；第 2 轮 HTTP 302→200@2026-08-17T11:33:40Z Content-Type text/plain；页面标题 404；第 3 轮 HTTP 302→200@2026-08-17T11:34:40Z Content-Type text/plain；页面标题 404；第 4 轮 HTTP 302→200@2026-08-17T11:35:40Z Content-Type text/plain；页面标题 404；第 5 轮 HTTP 302→200@2026-08-17T11:36:40Z Content-Type text/plain；页面标题 404
谭慧珍,https://www.gy3y.cn/ks/nkxt/xhnk/doctor_29.html,实采,,https://www.gy3y.cn/Upload/201411/6355104519241647794246558.jpg,01_试点医院/广州医科大学附属第三医院/照片/谭慧珍-荔湾院区消化内科-副主任医师-广州医科大学附属第三医院.jpg,33186,e7c187a279626eb3a4079c933a6f07cdddd98bb0c699ef14944c3e945a035abc,FFD8FFE11407457869660000,200,266,Upload原图,
唐加明,https://www.gy3y.cn/ks/nkxt/xyk/doctor_30.html,实采,,https://www.gy3y.cn/Upload/201411/6355104526138037255610007.jpg,01_试点医院/广州医科大学附属第三医院/照片/唐加明-荔湾院区血液科-主任医师-广州医科大学附属第三医院.jpg,32402,d565de6928d927c35e4618467fee62b5e55387d9f91e6b0b23f2117bf00a5ecb,FFD8FFE11292457869660000,200,266,Upload原图,
罗冰,https://www.gy3y.cn/ks/nkxt/xyk/doctor_31.html,失败,详情不可达,,,,,,,,,第 1 轮 HTTP 302→200@2026-08-17T11:32:40Z Content-Type text/plain；页面标题 404；第 2 轮 HTTP 302→200@2026-08-17T11:33:40Z Content-Type text/plain；页面标题 404；第 3 轮 HTTP 302→200@2026-08-17T11:34:40Z Content-Type text/plain；页面标题 404；第 4 轮 HTTP 302→200@2026-08-17T11:35:40Z Content-Type text/plain；页面标题 404；第 5 轮 HTTP 302→200@2026-08-17T11:36:40Z Content-Type text/plain；页面标题 404
张建瑜,https://www.gy3y.cn/ks/nkxt/fsmyk/doctor_32.html,实采,,https://www.gy3y.cn/Upload/202506/638850746379947612.jpg,01_试点医院/广州医科大学附属第三医院/照片/张建瑜-荔湾院区风湿免疫科-主任医师-广州医科大学附属第三医院.jpg,33368,9d299885e66d86f70396ca96f07c7648154b19cea1962ef1fcddf546b9b9f229,FFD8FFE11657457869660000,200,266,Upload原图,
张莹,https://www.gy3y.cn/ks/nkxt/nfmk/doctor_33.html,失败,详情不可达,,,,,,,,,第 1 轮 HTTP 302→200@2026-08-17T11:32:40Z Content-Type text/plain；页面标题 404；第 2 轮 HTTP 302→200@2026-08-17T11:33:40Z Content-Type text/plain；页面标题 404；第 3 轮 HTTP 302→200@2026-08-17T11:34:40Z Content-Type text/plain；页面标题 404；第 4 轮 HTTP 302→200@2026-08-17T11:35:40Z Content-Type text/plain；页面标题 404；第 5 轮 HTTP 302→200@2026-08-17T11:36:40Z Content-Type text/plain；页面标题 404
林榕,https://www.gy3y.cn/ks/nkxt/nfmk/doctor_36.html,失败,详情不可达,,,,,,,,,第 1 轮 HTTP 302→200@2026-08-17T11:32:40Z Content-Type text/plain；页面标题 404；第 2 轮 HTTP 302→200@2026-08-17T11:33:40Z Content-Type text/plain；页面标题 404；第 3 轮 HTTP 302→200@2026-08-17T11:34:40Z Content-Type text/plain；页面标题 404；第 4 轮 HTTP 302→200@2026-08-17T11:35:40Z Content-Type text/plain；页面标题 404；第 5 轮 HTTP 302→200@2026-08-17T11:36:40Z Content-Type text/plain；页面标题 404
陈慧,https://www.gy3y.cn/ks/nkxt/nfmk/doctor_37.html,失败,详情不可达,,,,,,,,,第 1 轮 HTTP 302→200@2026-08-17T11:32:40Z Content-Type text/plain；页面标题 404；第 2 轮 HTTP 302→200@2026-08-17T11:33:40Z Content-Type text/plain；页面标题 404；第 3 轮 HTTP 302→200@2026-08-17T11:34:40Z Content-Type text/plain；页面标题 404；第 4 轮 HTTP 302→200@2026-08-17T11:35:40Z Content-Type text/plain；页面标题 404；第 5 轮 HTTP 302→200@2026-08-17T11:36:40Z Content-Type text/plain；页面标题 404
黄东健,https://www.gy3y.cn/ks/nkxt/zzyxk/doctor_38.html,实采,,https://www.gy3y.cn/Upload/201410/6354881270811944874812460.jpg,01_试点医院/广州医科大学附属第三医院/照片/黄东健-荔湾院区重症医学科（ICU）-主任医师-广州医科大学附属第三医院.jpg,145277,c615e333da2cac99d2ffb2e44d7a086461ae028d74b5e347070f16e16e73b5df,FFD8FFE000104A4649460001,496,661,Upload原图,
徐仲,https://www.gy3y.cn/ks/nkxt/lnyxk/doctor_39.html,实采,,https://www.gy3y.cn/Upload/201411/6355104595014981179810417.jpg,01_试点医院/广州医科大学附属第三医院/照片/徐仲-荔湾院区老年医学科-主任医师-广州医科大学附属第三医院.jpg,32694,920a7dd4c48186f2be83db3c731a3344add862bb7ac5ed571e399973bb3f6e0a,FFD8FFE1133C457869660000,200,266,Upload原图,
孔羽翱,https://www.gy3y.cn/ks/nkxt/zzyxk/doctor_40.html,实采,,https://www.gy3y.cn/Upload/201411/6355104604983603575622905.jpg,01_试点医院/广州医科大学附属第三医院/照片/孔羽翱-荔湾院区重症医学科（ICU）-副主任医师-广州医科大学附属第三医院.jpg,30738,c1dc48a776053dd06466f3692cca5437a7cc11adaaf8ccc0eff01a854c27b71d,FFD8FFE111B8457869660000,200,266,Upload原图,
李斌,https://www.gy3y.cn/ks/nkxt/lnyxk/doctor_42.html,实采,,https://www.gy3y.cn/Upload/201411/6355104626894260616416405.jpg,01_试点医院/广州医科大学附属第三医院/照片/李斌-荔湾院区老年医学科-副主任医师-广州医科大学附属第三医院.jpg,35116,dda350ba741bb13e13e1ee764cf4f533d89a35d1020cdac6c3c42960d0979f50,FFD8FFE113CF457869660000,200,266,Upload原图,
杨澄宇,https://www.gy3y.cn/ks/wkxt/xgwk/doctor_52.html,实采,,https://www.gy3y.cn/Upload/201411/6355123367278696612266579.jpg,01_试点医院/广州医科大学附属第三医院/照片/杨澄宇-荔湾院区普外一区（血管外科）-主任医师-广州医科大学附属第三医院.jpg,33502,1a684d5669477b2683167d6de5c03f0e81bb0215fd4340b0bd1062c3a65b246b,FFD8FFE113C5457869660000,200,266,Upload原图,
乔安意,https://www.gy3y.cn/ks/wkxt/pwyq/doctor_53.html,实采,,https://www.gy3y.cn/Upload/201411/6355104844008230059817316.jpg,01_试点医院/广州医科大学附属第三医院/照片/乔安意-荔湾院区普外一区（肝胆外科）-主任医师-广州医科大学附属第三医院.jpg,35059,1bf6da84516d25dc5ea00758365876c8419df68780678cc2fe99839b067f760c,FFD8FFE1141D457869660000,200,266,Upload原图,
潘裕国,https://www.gy3y.cn/ks/wkxt/pwyq/doctor_55.html,实采,,https://www.gy3y.cn/Upload/202207/637937323583684465.jpg,01_试点医院/广州医科大学附属第三医院/照片/潘裕国-荔湾院区普外一区（肝胆外科）-副主任医师-广州医科大学附属第三医院.jpg,1029148,470a99c3c204771bfeccf7a0ee15663dd3610a4f9c561918864cc5d674766a41,FFD8FFE113F5457869660000,2175,3180,Upload原图,
骆曦图,https://www.gy3y.cn/ks/wkxt/xgwk/doctor_56.html,实采,,https://www.gy3y.cn/Upload/201501/6355752271194008196904844.jpg,01_试点医院/广州医科大学附属第三医院/照片/骆曦图-荔湾院区普外一区（血管外科）-副主任医师-广州医科大学附属第三医院.jpg,205423,352fe28fc6798256a8c5d61a9da4aaae77615f314ed91fe5a4b0db07d0e9d4bb,FFD8FFE112EE457869660000,1181,1571,Upload原图,
张平,https://www.gy3y.cn/ks/wkxt/gkyq/doctor_65.html,实采,,https://www.gy3y.cn/Upload/201603/6359241991189243701173610.jpg,01_试点医院/广州医科大学附属第三医院/照片/张平-荔湾院区脊柱外科-主任医师-广州医科大学附属第三医院.jpg,217635,dac80dd1b047d74fb466e33b456c42cd6f35f75a6688a230050c5432f3a6d5b0,FFD8FFE000104A4649460001,825,1155,Upload原图,
杨波,https://www.gy3y.cn/ks/wkxt/gkyq/doctor_66.html,实采,,https://www.gy3y.cn/Upload/202506/638847290600207445.jpg,01_试点医院/广州医科大学附属第三医院/照片/杨波-荔湾院区脊柱外科-主任医师-广州医科大学附属第三医院.jpg,58554,f525dba5ec040f5e2bc030d4040dd93870b27ad77b2d3df4db9483b36dba5aaf,FFD8FFE000104A4649460001,960,1206,Upload原图,
潘永谦,https://www.gy3y.cn/ks/mjz/tjzx/doctor_68.html,实采,,https://www.gy3y.cn/Upload/201411/6355123403023780346729074.jpg,01_试点医院/广州医科大学附属第三医院/照片/潘永谦-荔湾院区健康管理中心-主任医师-广州医科大学附属第三医院.jpg,34570,7ad0a95ae75283e41aacad79d77dd2b2e358b0f0270cb0521d0f59c9e8e64f50,FFD8FFE11439457869660000,200,266,Upload原图,
张亮,https://www.gy3y.cn/ks/wkxt/gkyq/doctor_69.html,实采,,https://www.gy3y.cn/Upload/201411/6355123408811243301014603.jpg,01_试点医院/广州医科大学附属第三医院/照片/张亮-荔湾院区脊柱外科-主任医师-广州医科大学附属第三医院.jpg,33536,3c5765af7a3b82339ce3c053a2fc0768113786b4681033b2ae91ccdf22e30aa7,FFD8FFE113C4457869660000,200,266,Upload原图,
吕玉明,https://www.gy3y.cn/ks/wkxt/gkyq/doctor_71.html,实采,,https://www.gy3y.cn/Upload/201603/6359242632947850897135793.jpg,01_试点医院/广州医科大学附属第三医院/照片/吕玉明-荔湾院区脊柱外科-主任医师-广州医科大学附属第三医院.jpg,138805,4aaefd2011c381b5697074647b06319369e7aee02bbb3a5bf47af3424a1f80a7,FFD8FFE000104A4649460001,386,524,Upload原图,
尹飚,https://www.gy3y.cn/ks/wkxt/csgk/doctor_72.html,实采,,https://www.gy3y.cn/Upload/201411/6355123434123581309183490.jpg,01_试点医院/广州医科大学附属第三医院/照片/尹飚-荔湾院区创伤骨科-副主任医师-广州医科大学附属第三医院.jpg,32448,028ae975d3d2159cf8c7a490181b1d705405b2b32028cbb9704689713695de62,FFD8FFE11290457869660000,200,266,Upload原图,
余升华,https://www.gy3y.cn/ks/wkxt/csgk/doctor_75.html,实采,,https://www.gy3y.cn/Upload/202007/6372963367100294601990238.jpg,01_试点医院/广州医科大学附属第三医院/照片/余升华-荔湾院区创伤骨科-主任医师-广州医科大学附属第三医院.jpg,690231,ba6517fddc7a24163a407601177c10f443b63bc042716e4231e9ce84e9bfbb9f,FFD8FFE11413457869660000,1242,1668,Upload原图,
曾勉东,https://www.gy3y.cn/ks/wkxt/gkeq/doctor_76.html,实采,,https://www.gy3y.cn/Upload/201411/6355123525558933617476028.jpg,01_试点医院/广州医科大学附属第三医院/照片/曾勉东-荔湾院区关节外科-主任医师-广州医科大学附属第三医院.jpg,31925,0251e8e7cbdfb201a5d6b031e0e7d7b983233ddefaf78f11b4f28b5935067111,FFD8FFE11241457869660000,200,266,Upload原图,
范震波,https://www.gy3y.cn/ks/wkxt/csgk/doctor_77.html,失败,详情不可达,,,,,,,,,第 1 轮 HTTP 302→200@2026-08-17T11:32:40Z Content-Type text/plain；页面标题 404；第 2 轮 HTTP 302→200@2026-08-17T11:33:40Z Content-Type text/plain；页面标题 404；第 3 轮 HTTP 302→200@2026-08-17T11:34:40Z Content-Type text/plain；页面标题 404；第 4 轮 HTTP 302→200@2026-08-17T11:35:40Z Content-Type text/plain；页面标题 404；第 5 轮 HTTP 302→200@2026-08-17T11:36:40Z Content-Type text/plain；页面标题 404
詹鸿,https://www.gy3y.cn/ks/wkxt/mzk/doctor_78.html,实采,,https://www.gy3y.cn/Upload/202301/638094732310691276.png,01_试点医院/广州医科大学附属第三医院/照片/詹鸿-荔湾院区麻醉科-未标注-广州医科大学附属第三医院.png,63913,140c08086ed5a52c35c6809c91edb3f495c7f655412ece80338885e5e1a04240,89504E470D0A1A0A0000000D,229,314,Upload原图,第 1 轮 HTTP 302→200@2026-08-17T11:32:40Z Content-Type text/plain；页面标题 404；第 2 轮 HTTP 302→200@2026-08-17T11:33:40Z Content-Type text/plain；页面标题 404；第 3 轮 HTTP 302→200@2026-08-17T11:34:40Z Content-Type text/plain；页面标题 404；第 4 轮 HTTP 200@2026-08-17T11:35:40Z Content-Type text/plain；页面可达；照片引用=https://www.gy3y.cn/Upload/202301/638094732310691276.png；照片 HTTP 200@2026-08-17T11:35:40Z；原始字节=63913；尺寸=229x314；SHA-256=140c08086ed5a52c35c6809c91edb3f495c7f655412ece80338885e5e1a04240；当轮冻结；第 5 轮 HTTP 200@2026-08-17T11:36:40Z Content-Type text/plain；页面可达；照片引用=https://www.gy3y.cn/Upload/202301/638094732310691276.png；已冻结第 4 轮原始照片，后续轮不覆盖
吴涯雯,https://www.gy3y.cn/ks/wkxt/mzk/doctor_81.html,实采,,https://www.gy3y.cn/Upload/201411/6355123580336708034425314.jpg,01_试点医院/广州医科大学附属第三医院/照片/吴涯雯-荔湾院区麻醉科-主任医师-广州医科大学附属第三医院.jpg,35490,3dfb18a1fbdb1a349751d146d2b490e0cd433ca584eb388ccc57094c3fc9cbdc,FFD8FFE11427457869660000,200,266,Upload原图,
肖生红,https://www.gy3y.cn/ks/wkxt/mzk/doctor_85.html,实采,,https://www.gy3y.cn/Upload/201411/6355123619225521644249229.jpg,01_试点医院/广州医科大学附属第三医院/照片/肖生红-荔湾院区麻醉科-副主任医师-广州医科大学附属第三医院.jpg,35360,33a5f49807ce879e1bd342ab92c7c60b21db0f9e029a1b4b1278daf9369edc2f,FFD8FFE113BA457869660000,200,266,Upload原图,
刘平,https://www.gy3y.cn/ks/wkxt/mnwk/doctor_86.html,实采,,https://www.gy3y.cn/Upload/201411/6355123647591941998152769.jpg,01_试点医院/广州医科大学附属第三医院/照片/刘平-荔湾院区泌尿外科-主任医师-广州医科大学附属第三医院.jpg,32033,c4ffd316bd49dfb990eceffdd79eb0ff8b8f9e80f74d6890ea53b8cab1850a6e,FFD8FFE11299457869660000,200,266,Upload原图,
潘兆君,https://www.gy3y.cn/ks/wkxt/mnwk/doctor_88.html,实采,,https://www.gy3y.cn/Upload/201411/6355123657978577757518372.jpg,01_试点医院/广州医科大学附属第三医院/照片/潘兆君-荔湾院区泌尿外科-主任医师-广州医科大学附属第三医院.jpg,33377,89132c5a442449f6c6b9ee4a09556b83fae29ffa0951aca857540d4fe5498843,FFD8FFE113FF457869660000,200,266,Upload原图,
黄孝庭,https://www.gy3y.cn/ks/wkxt/mnwk/doctor_89.html,实采,,https://www.gy3y.cn/Upload/201411/6355123662481328096229109.jpg,01_试点医院/广州医科大学附属第三医院/照片/黄孝庭-荔湾院区泌尿外科-主任医师-广州医科大学附属第三医院.jpg,34046,9a689499b08941fc20569ccba367bd95dfc97207a312895c95eded3726a51ef1,FFD8FFE11435457869660000,200,266,Upload原图,
佘锡鸾,https://www.gy3y.cn/ks/wkxt/mnwk/doctor_91.html,实采,,https://www.gy3y.cn/Upload/201411/6355123690189433199807370.jpg,01_试点医院/广州医科大学附属第三医院/照片/佘锡鸾-荔湾院区泌尿外科-主任医师-广州医科大学附属第三医院.jpg,33731,d393383b91475ac265d2c83c17d5681e3bcd50315858dbe0fc50144200e900c4,FFD8FFE11405457869660000,200,266,Upload原图,
钟剑峰,https://www.gy3y.cn/ks/wkxt/mnwk/doctor_92.html,实采,,https://www.gy3y.cn/Upload/201411/6355123696665788444388459.jpg,01_试点医院/广州医科大学附属第三医院/照片/钟剑峰-荔湾院区泌尿外科-副主任医师-广州医科大学附属第三医院.jpg,31343,23415068b2cf673fa7e8eb8a083a22c22c14764038c43ba6b858c97e4136da13,FFD8FFE1127E457869660000,200,266,Upload原图,
邹自灏,https://www.gy3y.cn/ks/wkxt/mnwk/doctor_93.html,实采,,https://www.gy3y.cn/Upload/201411/6355123716173287911557432.jpg,01_试点医院/广州医科大学附属第三医院/照片/邹自灏-荔湾院区泌尿外科-副主任医师-广州医科大学附属第三医院.jpg,32106,46580dc3c1f6d0dd1c783135db4984b3c98c651f85acd5db4f979565113a9696,FFD8FFE11311457869660000,200,266,Upload原图,
李育斌,https://www.gy3y.cn/ks/wkxt/mnwk/doctor_94.html,失败,详情不可达,,,,,,,,,第 1 轮 HTTP 302→200@2026-08-17T11:32:40Z Content-Type text/plain；页面标题 404；第 2 轮 HTTP 302→200@2026-08-17T11:33:40Z Content-Type text/plain；页面标题 404；第 3 轮 HTTP 302→200@2026-08-17T11:34:40Z Content-Type text/plain；页面标题 404；第 4 轮 HTTP 302→200@2026-08-17T11:35:40Z Content-Type text/plain；页面标题 404；第 5 轮 HTTP 302→200@2026-08-17T11:36:40Z Content-Type text/plain；页面标题 404
王智坚,https://www.gy3y.cn/ks/wkxt/sjwk/doctor_101.html,实采,,https://www.gy3y.cn/Upload/202607/639202214755550828.jpg,01_试点医院/广州医科大学附属第三医院/照片/王智坚-荔湾院区神经外科-副主任医师-广州医科大学附属第三医院.jpg,969713,f0ad24f69280a3d2a84a0978cffb277a18c11b8c9719961cd1972b518f69f4c3,FFD8FFE000104A4649460001,2316,2796,Upload原图,
郭炜,https://www.gy3y.cn/ks/wkxt/sjwk/doctor_102.html,实采,,https://www.gy3y.cn/Upload/202607/639202215025679520.jpg,01_试点医院/广州医科大学附属第三医院/照片/郭炜-荔湾院区神经外科-副主任医师-广州医科大学附属第三医院.jpg,1083615,6a3d76716356580effad998d7e75fd67818ba36feb41c9fe8fce8437ed55186e,FFD8FFE000104A4649460001,2280,2894,Upload原图,
林民专,https://www.gy3y.cn/ks/wkxt/qgyzk/doctor_103.html,实采,,https://www.gy3y.cn/Upload/201411/6355130094871383124573942.jpg,01_试点医院/广州医科大学附属第三医院/照片/林民专-荔湾院区器官移植科-副主任医师-广州医科大学附属第三医院.jpg,32356,9473d55b709e4279a4eb903f610a04f20a3e6fc404c0f3ff652ff373645dcbbd,FFD8FFE1128E457869660000,200,266,Upload原图,
陈志勇,https://www.gy3y.cn/ks/wkxt/qgyzk/doctor_104.html,实采,,https://www.gy3y.cn/Upload/201411/6355130119299207979777521.jpg,01_试点医院/广州医科大学附属第三医院/照片/陈志勇-荔湾院区器官移植科-副主任医师-广州医科大学附属第三医院.jpg,33772,4027ce13531099b245cf34d519f0ad5442ca000cb556283096c13e263985a4e3,FFD8FFE113B6457869660000,200,266,Upload原图,
黄先恩,https://www.gy3y.cn/ks/wkxt/qgyzk/doctor_105.html,实采,,https://www.gy3y.cn/Upload/201411/6355130124675736067252506.jpg,01_试点医院/广州医科大学附属第三医院/照片/黄先恩-荔湾院区器官移植科-副主任医师-广州医科大学附属第三医院.jpg,33156,85c86fff6cc716bfd6598b38d93e63485bb0cc96450ffa7caa5e81612a92f459,FFD8FFE112E8457869660000,200,266,Upload原图,
郭雪坤,https://www.gy3y.cn/ks/wkxt/qgyzk/doctor_106.html,实采,,https://www.gy3y.cn/Upload/201411/6355130129255394252861531.jpg,01_试点医院/广州医科大学附属第三医院/照片/郭雪坤-荔湾院区器官移植科-副主任医师-广州医科大学附属第三医院.jpg,34521,6193632e1c580fcb4b62c9716e4efde632e582cbe11c73eb5a0de1b720a3800d,FFD8FFE11410457869660000,200,266,Upload原图,
赖永通,https://www.gy3y.cn/ks/wkxt/qgyzk/doctor_107.html,实采,,https://www.gy3y.cn/Upload/201411/6355130135730352813213375.jpg,01_试点医院/广州医科大学附属第三医院/照片/赖永通-荔湾院区器官移植科-副主任医师-广州医科大学附属第三医院.jpg,36816,5924341708206773b0f405246063b99391180be4c23114439dbd4dfead59e3c9,FFD8FFE115D9457869660000,200,266,Upload原图,
李映桃,https://www.gy3y.cn/ks/fckyjs/fys/doctor_111.html,失败,详情不可达,,,,,,,,,第 1 轮 HTTP 302→200@2026-08-17T11:32:40Z Content-Type text/plain；页面标题 404；第 2 轮 HTTP 302→200@2026-08-17T11:33:40Z Content-Type text/plain；页面标题 404；第 3 轮 HTTP 302→200@2026-08-17T11:34:40Z Content-Type text/plain；页面标题 404；第 4 轮 HTTP 302→200@2026-08-17T11:35:40Z Content-Type text/plain；页面标题 404；第 5 轮 HTTP 302→200@2026-08-17T11:36:40Z Content-Type text/plain；页面标题 404
苏春宏,https://www.gy3y.cn/ks/fckyjs/ck/doctor_112.html,实采,,https://www.gy3y.cn/Upload/202506/638847148819828341.png,01_试点医院/广州医科大学附属第三医院/照片/苏春宏-荔湾院区产 科（广州重症孕产妇救治中心）-未标注-广州医科大学附属第三医院.png,188375,e28eaff366df1195f4fc7c5472556622ff18c0186ac3448d85de5b02863300c0,89504E470D0A1A0A0000000D,390,567,Upload原图,第 1 轮 HTTP 200@2026-08-17T11:32:40Z Content-Type text/plain；页面可达；照片引用=https://www.gy3y.cn/Upload/202506/638847148819828341.png；照片 HTTP 200@2026-08-17T11:32:40Z；原始字节=188375；尺寸=390x567；SHA-256=e28eaff366df1195f4fc7c5472556622ff18c0186ac3448d85de5b02863300c0；当轮冻结；第 2 轮 HTTP 200@2026-08-17T11:33:40Z Content-Type text/plain；页面可达；照片引用=https://www.gy3y.cn/Upload/202506/638847148819828341.png；已冻结第 1 轮原始照片，后续轮不覆盖；第 3 轮 HTTP 200@2026-08-17T11:34:40Z Content-Type text/plain；页面可达；照片引用=https://www.gy3y.cn/Upload/202506/638847148819828341.png；已冻结第 1 轮原始照片，后续轮不覆盖；第 4 轮 HTTP 200@2026-08-17T11:35:40Z Content-Type text/plain；页面可达；照片引用=https://www.gy3y.cn/Upload/202506/638847148819828341.png；已冻结第 1 轮原始照片，后续轮不覆盖；第 5 轮 HTTP 200@2026-08-17T11:36:40Z Content-Type text/plain；页面可达；照片引用=https://www.gy3y.cn/Upload/202506/638847148819828341.png；已冻结第 1 轮原始照片，后续轮不覆盖
生秀杰,https://www.gy3y.cn/ks/fckyjs/fys/doctor_113.html,失败,详情不可达,,,,,,,,,第 1 轮 HTTP 302→200@2026-08-17T11:32:40Z Content-Type text/plain；页面标题 404；第 2 轮 HTTP 302→200@2026-08-17T11:33:40Z Content-Type text/plain；页面标题 404；第 3 轮 HTTP 302→200@2026-08-17T11:34:40Z Content-Type text/plain；页面标题 404；第 4 轮 HTTP 302→200@2026-08-17T11:35:40Z Content-Type text/plain；页面标题 404；第 5 轮 HTTP 302→200@2026-08-17T11:36:40Z Content-Type text/plain；页面标题 404
李维枢,https://www.gy3y.cn/ks/fckyjs/fk/doctor_115.html,实采,,https://www.gy3y.cn/Upload/201411/6355131532348046579083836.jpg,01_试点医院/广州医科大学附属第三医院/照片/李维枢-荔湾院区妇 科-主任医师-广州医科大学附属第三医院.jpg,33214,ef5da24ae58ce4dda289244552e74991cafb52a80cc7301ee049e1331d6e6339,FFD8FFE1139F457869660000,200,266,Upload原图,
谭鹰,https://www.gy3y.cn/ks/fckyjs/fk/doctor_117.html,实采,,https://www.gy3y.cn/Upload/202506/638853178493801964.jpg,01_试点医院/广州医科大学附属第三医院/照片/谭鹰-荔湾院区妇 科-主任医师-广州医科大学附属第三医院.jpg,33857,fa547e4a7cc8e6a14cb2efdc873100f027b4425b27d68dea890e4e01615206d6,FFD8FFE10E32457869660000,200,267,Upload原图,
黄凯清,https://www.gy3y.cn/ks/fckyjs/fk/doctor_118.html,实采,,https://www.gy3y.cn/Upload/201411/6355131580766357474994248.jpg,01_试点医院/广州医科大学附属第三医院/照片/黄凯清-荔湾院区妇 科-主任医师-广州医科大学附属第三医院.jpg,33922,38183b48410cbe64eab93608b7154b576d577a97d489db9e759b5d8d275c4fb4,FFD8FFE113B9457869660000,200,266,Upload原图,
苏静,https://www.gy3y.cn/ks/fckyjs/fk/doctor_119.html,实采,,https://www.gy3y.cn/Upload/202006/6372798394681759271925551.jpg,01_试点医院/广州医科大学附属第三医院/照片/苏静-荔湾院区妇 科-副主任医师-广州医科大学附属第三医院.jpg,208671,91b828428a3b3ec080eb571e150b342f7e53d9767658cb833b709af6a67088e6,FFD8FFE000104A4649460001,1266,1900,Upload原图,
李冰,https://www.gy3y.cn/ks/fckyjs/fckmz/doctor_120.html,实采,,https://www.gy3y.cn/Upload/201411/6355131617503622354992450.jpg,01_试点医院/广州医科大学附属第三医院/照片/李冰-荔湾院区妇产科门诊-主任医师-广州医科大学附属第三医院.jpg,31576,f038bb7f7d30e5a8e328789b71c0b5ae83eea12e1256925e1fe3e727cc596e80,FFD8FFE1126B457869660000,200,266,Upload原图,
刘明星,https://www.gy3y.cn/ks/fckyjs/fckmz/doctor_121.html,实采,,https://www.gy3y.cn/Upload/202006/6372798370464691218974241.jpg,01_试点医院/广州医科大学附属第三医院/照片/刘明星-荔湾院区妇产科门诊-主任医师-广州医科大学附属第三医院.jpg,186867,4ba418326ab8e91843714701d3a1e525393fe2b457eca6512daad7ac76af523a,FFD8FFE000104A4649460001,1316,1899,Upload原图,
张中芳,https://www.gy3y.cn/ks/fckyjs/fckmz/doctor_122.html,实采,,https://www.gy3y.cn/Upload/202006/6372798373564233227311582.jpg,01_试点医院/广州医科大学附属第三医院/照片/张中芳-荔湾院区妇产科门诊-主任医师-广州医科大学附属第三医院.jpg,180412,c39685182f5050b64b8b9f1a6b92c178995a65c179c283305c0350764c3f39e2,FFD8FFE000104A4649460001,1298,1900,Upload原图,
梁琨,https://www.gy3y.cn/ks/fckyjs/fckmz/doctor_134.html,实采,,https://www.gy3y.cn/Upload/202006/6372798376512681919918083.jpg,01_试点医院/广州医科大学附属第三医院/照片/梁琨-荔湾院区妇产科门诊-副主任医师-广州医科大学附属第三医院.jpg,242636,4de5889c61886a4044824253329e0f48f59417dbdbbcd8d21b5a5f19d5435bea,FFD8FFE000104A4649460001,1355,1900,Upload原图,
杨洁,https://www.gy3y.cn/ks/fckyjs/szyxk/doctor_137.html,实采,,https://www.gy3y.cn/Upload/202006/6372749245410126302111866.jpg,01_试点医院/广州医科大学附属第三医院/照片/杨洁-荔湾院区生殖医学科（生殖医学中心）-主任医师-广州医科大学附属第三医院.jpg,711190,8cc42616567de20e0419e85bcc64af1f87a59996633d3e02f0b59e62f699e732,FFD8FFE115BA457869660000,1000,1330,Upload原图,
黄青,https://www.gy3y.cn/ks/fckyjs/szyxk/doctor_138.html,实采,,https://www.gy3y.cn/Upload/202006/6372749315141513137145675.jpg,01_试点医院/广州医科大学附属第三医院/照片/黄青-荔湾院区生殖医学科（生殖医学中心）-主任医师-广州医科大学附属第三医院.jpg,921775,7969d978439c649b3f1721f67a7ac99179c78255db48c12133f8e6b97bd04e29,FFD8FFE11450457869660000,1429,1900,Upload原图,
许海燕,https://www.gy3y.cn/ks/fckyjs/szyxk/doctor_139.html,实采,,https://www.gy3y.cn/Upload/202006/6372749332436860846917390.jpg,01_试点医院/广州医科大学附属第三医院/照片/许海燕-荔湾院区生殖医学科（生殖医学中心）-副主任医师-广州医科大学附属第三医院.jpg,748048,6117d56721538471b325b0d55146c06efc7faa8133ad82e305ad19e7b62b4ecc,FFD8FFE112AF457869660000,1422,1891,Upload原图,
李斯晨,https://www.gy3y.cn/ks/fckyjs/szyxk/doctor_142.html,实采,,https://www.gy3y.cn/Upload/202006/6372749324019656563169304.jpg,01_试点医院/广州医科大学附属第三医院/照片/李斯晨-荔湾院区生殖医学科（生殖医学中心）-副主任医师-广州医科大学附属第三医院.jpg,460757,5eeb5bbebb92726eeb9a06e7aa20766767f9f98b04ee5c79c41bfd5408d4e5d2,FFD8FFE11174457869660000,1103,1467,Upload原图,
陈敦金,https://www.gy3y.cn/ks/fckyjs/fys/doctor_143.html,失败,详情不可达,,,,,,,,,第 1 轮 HTTP 302→200@2026-08-17T11:32:40Z Content-Type text/plain；页面标题 404；第 2 轮 HTTP 302→200@2026-08-17T11:33:40Z Content-Type text/plain；页面标题 404；第 3 轮 HTTP 302→200@2026-08-17T11:34:40Z Content-Type text/plain；页面标题 404；第 4 轮 HTTP 302→200@2026-08-17T11:35:40Z Content-Type text/plain；页面标题 404；第 5 轮 HTTP 302→200@2026-08-17T11:36:40Z Content-Type text/plain；页面标题 404
陈敏,https://www.gy3y.cn/ks/fckyjs/fys/doctor_144.html,失败,详情不可达,,,,,,,,,第 1 轮 HTTP 302→200@2026-08-17T11:32:40Z Content-Type text/plain；页面标题 404；第 2 轮 HTTP 302→200@2026-08-17T11:33:40Z Content-Type text/plain；页面标题 404；第 3 轮 HTTP 302→200@2026-08-17T11:34:40Z Content-Type text/plain；页面标题 404；第 4 轮 HTTP 302→200@2026-08-17T11:35:40Z Content-Type text/plain；页面标题 404；第 5 轮 HTTP 302→200@2026-08-17T11:36:40Z Content-Type text/plain；页面标题 404
李志华,https://www.gy3y.cn/ks/fckyjs/cqzdk/doctor_145.html,实采,,https://www.gy3y.cn/Upload/201911/6370940636304072958481538.jpg,01_试点医院/广州医科大学附属第三医院/照片/李志华-荔湾院区产前诊断科（胎儿医学中心）-副主任医师-广州医科大学附属第三医院.jpg,687015,e723bf388980eb8d4ba52f5bde4d8a74f935ba49750c5e29de6d262fdc85d8dc,FFD8FFE000104A4649460001,1165,1543,Upload原图,
黎青,https://www.gy3y.cn/ks/fckyjs/fywzsfjds/doctor_146.html,失败,详情不可达,,,,,,,,,第 1 轮 HTTP 302→200@2026-08-17T11:32:40Z Content-Type text/plain；页面标题 404；第 2 轮 HTTP 302→200@2026-08-17T11:33:40Z Content-Type text/plain；页面标题 404；第 3 轮 HTTP 302→200@2026-08-17T11:34:40Z Content-Type text/plain；页面标题 404；第 4 轮 HTTP 302→200@2026-08-17T11:35:40Z Content-Type text/plain；页面标题 404；第 5 轮 HTTP 302→200@2026-08-17T11:36:40Z Content-Type text/plain；页面标题 404
刘娟,https://www.gy3y.cn/ks/fckyjs/fk/doctor_147.html,失败,详情不可达,,,,,,,,,第 1 轮 HTTP 302→200@2026-08-17T11:32:40Z Content-Type text/plain；页面标题 404；第 2 轮 HTTP 302→200@2026-08-17T11:33:40Z Content-Type text/plain；页面标题 404；第 3 轮 HTTP 302→200@2026-08-17T11:34:40Z Content-Type text/plain；页面标题 404；第 4 轮 HTTP 302→200@2026-08-17T11:35:40Z Content-Type text/plain；页面标题 404；第 5 轮 HTTP 302→200@2026-08-17T11:36:40Z Content-Type text/plain；页面标题 404
崔其亮,https://www.gy3y.cn/ks/ek/ek1/doctor_148.html,实采,,https://www.gy3y.cn/Upload/201501/6355693434498241693178127.jpg,01_试点医院/广州医科大学附属第三医院/照片/崔其亮-荔湾院区儿 科（普通儿科-主任医师-广州医科大学附属第三医院.jpg,34382,294f71f590c13d4d5ebf4a4431e8b1c58b7478b8e5ccaefcc1e0ec9cf5c51dff,FFD8FFE113BB457869660000,200,266,Upload原图,
陈耀勇,https://www.gy3y.cn/ks/ek/ek1/doctor_149.html,实采,,https://www.gy3y.cn/Upload/201411/6355132074895650016719697.jpg,01_试点医院/广州医科大学附属第三医院/照片/陈耀勇-荔湾院区儿 科（普通儿科-主任医师-广州医科大学附属第三医院.jpg,36982,6005e65de6f8c33cdb4b2a346924f3771fca1f39c63d46ff6c15bdc2ed4c6361,FFD8FFE1158B457869660000,200,266,Upload原图,
张慧,https://www.gy3y.cn/ks/ek/ek1/doctor_150.html,实采,,https://www.gy3y.cn/Upload/202301/638094858586469022.png,01_试点医院/广州医科大学附属第三医院/照片/张慧-荔湾院区儿 科（普通儿科-主任医师-广州医科大学附属第三医院.png,58661,9fe5fd89dad393c0613226d2218aab510ab043d26a43713125aae4faf714a25f,89504E470D0A1A0A0000000D,200,266,Upload原图,
陈立民,https://www.gy3y.cn/ks/ek/ek1/doctor_151.html,实采,,https://www.gy3y.cn/Upload/201411/6355132086729949275832139.jpg,01_试点医院/广州医科大学附属第三医院/照片/陈立民-荔湾院区儿 科（普通儿科-副主任医师-广州医科大学附属第三医院.jpg,34649,0ef437f4c5a0e859e097d897bc83941cdaf228e19ee4842a4ec432290a65e780,FFD8FFE1148F457869660000,200,266,Upload原图,
李志方,https://www.gy3y.cn/ks/ek/ek1/doctor_153.html,实采,,https://www.gy3y.cn/Upload/201411/6355132097740816303392419.jpg,01_试点医院/广州医科大学附属第三医院/照片/李志方-荔湾院区儿 科（普通儿科-副主任医师-广州医科大学附属第三医院.jpg,31794,d2953e034dc28a50b376ed6f0645830ed5b1eb97daa7bc155ab7b015dd4f7950,FFD8FFE112A7457869660000,200,266,Upload原图,
冯崇廉,https://www.gy3y.cn/ks/zyk/zyk1/doctor_155.html,实采,,https://www.gy3y.cn/Upload/201411/6355132175298132438615373.jpg,01_试点医院/广州医科大学附属第三医院/照片/冯崇廉-荔湾院区中医科-主任中医师-广州医科大学附属第三医院.jpg,34707,2e64599759dc1c679fb1bdc402b6a00f10827c41d742db1a2b7f521d8a50ba99,FFD8FFE1142C457869660000,200,266,Upload原图,
郭小云,https://www.gy3y.cn/ks/zyk/zyk1/doctor_156.html,实采,,https://www.gy3y.cn/Upload/201411/6355137885302505521948039.jpg,01_试点医院/广州医科大学附属第三医院/照片/郭小云-荔湾院区中医科-主任中医师-广州医科大学附属第三医院.jpg,32649,f478b47d4447daeec4c43fa1c15a721daeeaff06bc58be9a0a39fe1bfe456464,FFD8FFE11312457869660000,200,266,Upload原图,
黎经兰,https://www.gy3y.cn/ks/zyk/zyk1/doctor_157.html,实采,,https://www.gy3y.cn/Upload/201410/6354908621180625033762984.jpg,01_试点医院/广州医科大学附属第三医院/照片/黎经兰-荔湾院区中医科-副主任中医师-广州医科大学附属第三医院.jpg,87705,d9affbc9d5f04b4c377cbdaa7256f5633f7369dea4f521e108a36fd0b67fdf49,FFD8FFE000104A4649460001,496,661,Upload原图,
幸宇坚,https://www.gy3y.cn/ks/zyk/zyk1/doctor_158.html,实采,,https://www.gy3y.cn/Upload/201411/6355138048858695255102816.jpg,01_试点医院/广州医科大学附属第三医院/照片/幸宇坚-荔湾院区中医科-主任中医师-广州医科大学附属第三医院.jpg,32814,28afae595e3edfe0ec557190d3fb0e60c0d0311cf4eabea67699847cbdc9658f,FFD8FFE11309457869660000,200,266,Upload原图,
房莉萍,https://www.gy3y.cn/ks/zyk/zyk1/doctor_159.html,实采,,https://www.gy3y.cn/Upload/202506/638850619676292992.jpg,01_试点医院/广州医科大学附属第三医院/照片/房莉萍-荔湾院区中医科-主任中医师-广州医科大学附属第三医院.jpg,34657,4ded9a5579b7d03cfacaa648591cdcda058453e8721182d2979e6b3613ce8797,FFD8FFE11695457869660000,200,266,Upload原图,
钟冬梅,https://www.gy3y.cn/ks/zyk/zyk1/doctor_160.html,实采,,https://www.gy3y.cn/Upload/201411/6355138060734916748386601.jpg,01_试点医院/广州医科大学附属第三医院/照片/钟冬梅-荔湾院区中医科-副主任中医师-广州医科大学附属第三医院.jpg,34771,d521d19bb2402cc53f979a1eb10da8f47cfa515548464dc8d9252d7c93566f6c,FFD8FFE114E7457869660000,200,266,Upload原图,
王小萍,https://www.gy3y.cn/ks/zyk/zyk1/doctor_161.html,实采,,https://www.gy3y.cn/Upload/201411/6355138065081624822140444.jpg,01_试点医院/广州医科大学附属第三医院/照片/王小萍-荔湾院区中医科-副主任中医师-广州医科大学附属第三医院.jpg,38540,e6d1377f2a1f6489d0073e6a27835941798f8a5c50a2efea92d30db3297c07d1,FFD8FFE116E6457869660000,200,266,Upload原图,
冯璐,https://www.gy3y.cn/ks/zyk/zyk1/doctor_162.html,实采,,https://www.gy3y.cn/Upload/201501/6355693405524684502881500.jpg,01_试点医院/广州医科大学附属第三医院/照片/冯璐-荔湾院区中医科-副主任中医师-广州医科大学附属第三医院.jpg,51828,6356611a06d3477270a59afae88aa5b9b2282b0c04a5b2b13f672f85b903228a,FFD8FFE11483457869660000,200,266,Upload原图,
胥海斌,https://www.gy3y.cn/ks/zyk/zyk1/doctor_163.html,实采,,https://www.gy3y.cn/Upload/202506/638850626199583386.jpg,01_试点医院/广州医科大学附属第三医院/照片/胥海斌-荔湾院区中医科-主任中医师-广州医科大学附属第三医院.jpg,32205,f4689657ad0e2359eaff96db832944d00c4c5302c938dd9783d5cf4ed5ea9e60,FFD8FFE114DC457869660000,200,266,Upload原图,
陈璐,https://www.gy3y.cn/ks/zyk/zyk1/doctor_164.html,实采,,https://www.gy3y.cn/Upload/201411/6355138179203345656919564.jpg,01_试点医院/广州医科大学附属第三医院/照片/陈璐-荔湾院区中医科-副主任中医师-广州医科大学附属第三医院.jpg,31815,15e4ad4c74e4940f6829f8093a606b0d1f3188ac8832dfd08bfa9c76d4122bc1,FFD8FFE112CA457869660000,200,266,Upload原图,
宁卫兵,https://www.gy3y.cn/ks/zyk/zyk1/doctor_165.html,实采,,https://www.gy3y.cn/Upload/202506/638850623583370404.jpg,01_试点医院/广州医科大学附属第三医院/照片/宁卫兵-荔湾院区中医科-副主任医师-广州医科大学附属第三医院.jpg,31580,0b4f412184cb6e41fbf19564b10786435d9cfb6779b7a15939c1cb7a4d622568,FFD8FFE11388457869660000,200,266,Upload原图,
李振,https://www.gy3y.cn/ks/zyk/zyk1/doctor_166.html,实采,,https://www.gy3y.cn/Upload/202506/638850622738073918.jpg,01_试点医院/广州医科大学附属第三医院/照片/李振-荔湾院区中医科-主任中医师-广州医科大学附属第三医院.jpg,27553,afde59bbd9cc4156bf2518c491e1b2caaa1d1bfc1586ef4031ae146c8f533c9a,FFD8FFE111AC457869660000,200,266,Upload原图,
欧阳顺林,https://www.gy3y.cn/ks/wgk/ebhk/doctor_171.html,实采,,https://www.gy3y.cn/Upload/202603/639084061198186136.png,01_试点医院/广州医科大学附属第三医院/照片/欧阳顺林-荔湾院区耳鼻喉科-主任医师-广州医科大学附属第三医院.png,318335,5fa54afbf378018fd7829c15b49f540c8b8ee20e8979bd6b27437df2a8944c33,89504E470D0A1A0A0000000D,230,345,Upload原图,
史剑杰,https://www.gy3y.cn/ks/wgk/kqk/doctor_178.html,实采,,https://www.gy3y.cn/Upload/201411/6355138378498060292023511.jpg,01_试点医院/广州医科大学附属第三医院/照片/史剑杰-荔湾院区口腔科-主任医师-广州医科大学附属第三医院.jpg,34940,fc6cb3f56d2cc98cf9e37fdd7ff1aff9e005b62531edd9ba7dd9322c418b19af,FFD8FFE111B0457869660000,200,279,Upload原图,
翁智胜,https://www.gy3y.cn/ks/mjz/pfk/doctor_181.html,实采,,https://www.gy3y.cn/Upload/201411/6355138488174977993450206.jpg,01_试点医院/广州医科大学附属第三医院/照片/翁智胜-荔湾院区皮肤科-主任医师-广州医科大学附属第三医院.jpg,32284,310d35f2acc52541f311b9f1167380fe3640f31a19382686f2e8ec023a405e46,FFD8FFE112FE457869660000,200,266,Upload原图,
彭洁雯,https://www.gy3y.cn/ks/mjz/pfk/doctor_183.html,实采,,https://www.gy3y.cn/Upload/201411/6355138496860699026513493.jpg,01_试点医院/广州医科大学附属第三医院/照片/彭洁雯-荔湾院区皮肤科-副主任医师-广州医科大学附属第三医院.jpg,33677,b50d6b94fe735e93adf3522a5a3e5ae3977d66469f071f5f193dac1be3c1f69a,FFD8FFE1146E457869660000,200,266,Upload原图,
秦媛怡,https://www.gy3y.cn/ks/mjz/tjzx/doctor_188.html,实采,,https://www.gy3y.cn/Upload/202506/638847177129839649.jpg,01_试点医院/广州医科大学附属第三医院/照片/秦媛怡-荔湾院区健康管理中心-副主任医师-广州医科大学附属第三医院.jpg,30165,0b418474795067e9ff13b187a7e0095bfd15e375379b550e2fb0b11b305198c8,FFD8FFE10AA5457869660000,200,266,Upload原图,
蔡名金,https://www.gy3y.cn/ks/yjbm/fsk/doctor_189.html,实采,,https://www.gy3y.cn/Upload/202310/638340001529611880.jpg,01_试点医院/广州医科大学附属第三医院/照片/蔡名金-荔湾院区放射科-主任医师-广州医科大学附属第三医院.jpg,1000949,182fc8c7ca6efce7908ce07f764acc4e3123fccb6c24b2ee4b5bde141ae2e693,FFD8FFE11247457869660000,1344,1788,Upload原图,
麦伟文,https://www.gy3y.cn/ks/yjbm/fsk/doctor_190.html,失败,详情不可达,,,,,,,,,第 1 轮 HTTP 302→200@2026-08-17T11:32:40Z Content-Type text/plain；页面标题 404；第 2 轮 HTTP 302→200@2026-08-17T11:33:40Z Content-Type text/plain；页面标题 404；第 3 轮 HTTP 302→200@2026-08-17T11:34:40Z Content-Type text/plain；页面标题 404；第 4 轮 HTTP 302→200@2026-08-17T11:35:40Z Content-Type text/plain；页面标题 404；第 5 轮 HTTP 302→200@2026-08-17T11:36:40Z Content-Type text/plain；页面标题 404
梁伟翔,https://www.gy3y.cn/ks/yjbm/csyx/doctor_192.html,实采,,https://www.gy3y.cn/Upload/202301/638094746033475679.png,01_试点医院/广州医科大学附属第三医院/照片/梁伟翔-荔湾院区超声医学科-主任医师-广州医科大学附属第三医院.png,88650,15cbe7bf36932e410790c87c937557db952d289c724173d587ebe0cab449e616,89504E470D0A1A0A0000000D,200,266,Upload原图,
谢亦农,https://www.gy3y.cn/ks/fckyjs/cqzdk/doctor_193.html,实采,,https://www.gy3y.cn/Upload/201411/6355138901656686911018522.jpg,01_试点医院/广州医科大学附属第三医院/照片/谢亦农-荔湾院区产前诊断科（胎儿医学中心）-主任医师-广州医科大学附属第三医院.jpg,33506,fa9dbf33f14199f4fcee648cad46fabaa55fe7253c6be8be9b7f9da7c05063d8,FFD8FFE1145F457869660000,200,266,Upload原图,
王伟群,https://www.gy3y.cn/ks/yjbm/csyx/doctor_194.html,实采,,https://www.gy3y.cn/Upload/202301/638095491158169883.png,01_试点医院/广州医科大学附属第三医院/照片/王伟群-荔湾院区超声医学科-主任医师-广州医科大学附属第三医院.png,57120,a3fa919ff366cf4d3b8eac45dda969e03e2679df6e3568938a9545e1d70d6e3f,89504E470D0A1A0A0000000D,200,266,Upload原图,
朱珺琳,https://www.gy3y.cn/ks/yjbm/csyx/doctor_195.html,实采,,https://www.gy3y.cn/Upload/201501/6355693399373832693749991.jpg,01_试点医院/广州医科大学附属第三医院/照片/朱珺琳-荔湾院区超声医学科-副主任医师-广州医科大学附属第三医院.jpg,50538,9a827c84108af83c0f8872fd869a7d6998cb5fc62f74e993b2c5cc5edf608973,FFD8FFE11453457869660000,200,266,Upload原图,
夏勇,https://www.gy3y.cn/ks/yjbm/jyk/doctor_196.html,实采,,https://www.gy3y.cn/Upload/202506/638847363671240893.jpg,01_试点医院/广州医科大学附属第三医院/照片/夏勇-荔湾院区检验科-主任技师-广州医科大学附属第三医院.jpg,26796,8ef925ec5cabb68dfda15087a3016ca4b99963b015bd2c3d25a692237e66d018,FFD8FFE109AB457869660000,200,266,Upload原图,
张伟雯,https://www.gy3y.cn/ks/yjbm/jyk/doctor_197.html,实采,,https://www.gy3y.cn/Upload/201411/6355138940460493551499750.jpg,01_试点医院/广州医科大学附属第三医院/照片/张伟雯-荔湾院区检验科-主任技师-广州医科大学附属第三医院.jpg,33574,3a6b19f97c662e7c6e5c893cea172177d422f6679ada9b5caa3a5ae8c937266c,FFD8FFE1139F457869660000,200,266,Upload原图,
张金山,https://www.gy3y.cn/ks/yjbm/hyxfszlk/doctor_198.html,实采,,https://www.gy3y.cn/Upload/202303/638151603347598194.jpg,01_试点医院/广州医科大学附属第三医院/照片/张金山-荔湾院区核医学科-主任医师-广州医科大学附属第三医院.jpg,27653,cd2dc72d0f4c81f242b5a449c963b5f162203f4278f03b71bb9b37374951ad11,FFD8FFE000104A4649460001,330,392,Upload原图,
邓咏梅,https://www.gy3y.cn/ks/yjbm/hyxfszlk/doctor_199.html,实采,,https://www.gy3y.cn/Upload/202303/638151606091666202.jpg,01_试点医院/广州医科大学附属第三医院/照片/邓咏梅-荔湾院区核医学科-副主任医师-广州医科大学附属第三医院.jpg,30506,65060f568fa9eb9aa8174aa6d82dab0bb81fd41505e17ffb72963f040245a75d,FFD8FFE000104A4649460001,363,417,Upload原图,
韩明生,https://www.gy3y.cn/ks/wgk/kqk/doctor_201.html,实采,,https://www.gy3y.cn/Upload/202506/638851663822877899.jpg,01_试点医院/广州医科大学附属第三医院/照片/韩明生-荔湾院区口腔科-副主任医师-广州医科大学附属第三医院.jpg,32244,aa7c6e2ff2a6e04eb567c054f4058742e5461783e542c8c9a7bf2806e9476ab4,FFD8FFE1132D457869660000,200,266,Upload原图,
宋亭,https://www.gy3y.cn/ks/yjbm/fsk/doctor_203.html,实采,,https://www.gy3y.cn/Upload/201411/6355138561547462505389538.jpg,01_试点医院/广州医科大学附属第三医院/照片/宋亭-荔湾院区放射科-主任医师-广州医科大学附属第三医院.jpg,31997,f341b7e1b957c5a2f6fc7a1e09f51a2d7daf33be66c2cfb6a3c2a1cd060cf635,FFD8FFE112C7457869660000,200,266,Upload原图,
董天发,https://www.gy3y.cn/ks/yjbm/fsk/doctor_205.html,实采,,https://www.gy3y.cn/Upload/201411/6355138815530840955343423.jpg,01_试点医院/广州医科大学附属第三医院/照片/董天发-荔湾院区放射科-副主任医师-广州医科大学附属第三医院.jpg,30768,52d8886154aa4dad157d182da4dc13399814dad5a36f17e2855a75f932550548,FFD8FFE11234457869660000,200,266,Upload原图,
李志钊,https://www.gy3y.cn/ks/yjbm/fsk/doctor_206.html,实采,,https://www.gy3y.cn/Upload/201411/6355138823427665418985149.jpg,01_试点医院/广州医科大学附属第三医院/照片/李志钊-荔湾院区放射科-副主任医师-广州医科大学附属第三医院.jpg,30522,90902cb311d32f8304b1904284b2e8c20c28d4040fee07ac9ae4eaf1a840d35d,FFD8FFE11200457869660000,200,266,Upload原图,
唐文艳,https://www.gy3y.cn/ks/yjbm/fsk/doctor_207.html,实采,,https://www.gy3y.cn/Upload/201411/6355138829277627977913069.jpg,01_试点医院/广州医科大学附属第三医院/照片/唐文艳-荔湾院区放射科-副主任医师-广州医科大学附属第三医院.jpg,35266,987e85c8b6fb075d907338cac437fd7a0da8ba4f31ce234a6349fba8ec53e88a,FFD8FFE114BE457869660000,200,266,Upload原图,
张家云,https://www.gy3y.cn/ks/yjbm/fsk/doctor_208.html,实采,,https://www.gy3y.cn/Upload/201411/6355138835486963233210203.jpg,01_试点医院/广州医科大学附属第三医院/照片/张家云-荔湾院区放射科-副主任医师-广州医科大学附属第三医院.jpg,34390,f68d65d11230ecb5652f8f7116a58988dc978794cd87e0dcb18309b9d13862b4,FFD8FFE11437457869660000,200,266,Upload原图,
严鹏科,https://www.gy3y.cn/ks/yjbm/lcyx/doctor_209.html,实采,,https://www.gy3y.cn/Upload/201412/6355380695135641276892964.jpg,01_试点医院/广州医科大学附属第三医院/照片/严鹏科-荔湾院区临床药学-主任药师-广州医科大学附属第三医院.jpg,34624,2193674514cd45f1a6734cb45b7fd2e77a6b7ca1ae267068a4a6c00a8b6394f4,FFD8FFE11456457869660000,200,266,Upload原图,
王寿平,https://www.gy3y.cn/ks/wkxt/mzk/doctor_210.html,失败,详情不可达,,,,,,,,,第 1 轮 HTTP 302→200@2026-08-17T11:32:40Z Content-Type text/plain；页面标题 404；第 2 轮 HTTP 302→200@2026-08-17T11:33:40Z Content-Type text/plain；页面标题 404；第 3 轮 HTTP 302→200@2026-08-17T11:34:40Z Content-Type text/plain；页面标题 404；第 4 轮 HTTP 302→200@2026-08-17T11:35:40Z Content-Type text/plain；页面标题 404；第 5 轮 HTTP 302→200@2026-08-17T11:36:40Z Content-Type text/plain；页面标题 404
孙筱放,https://www.gy3y.cn/ks/fckyjs/fys/doctor_211.html,失败,详情不可达,,,,,,,,,第 1 轮 HTTP 302→200@2026-08-17T11:32:40Z Content-Type text/plain；页面标题 404；第 2 轮 HTTP 302→200@2026-08-17T11:33:40Z Content-Type text/plain；页面标题 404；第 3 轮 HTTP 302→200@2026-08-17T11:34:40Z Content-Type text/plain；页面标题 404；第 4 轮 HTTP 302→200@2026-08-17T11:35:40Z Content-Type text/plain；页面标题 404；第 5 轮 HTTP 302→200@2026-08-17T11:36:40Z Content-Type text/plain；页面标题 404
谢毅娟,https://www.gy3y.cn/ks/nkxt/nfmk/doctor_213.html,实采,,https://www.gy3y.cn/Upload/201504/6356401445460709035666853.jpg,01_试点医院/广州医科大学附属第三医院/照片/谢毅娟-荔湾院区内分泌代谢科-副主任医师-广州医科大学附属第三医院.jpg,179539,2e48603df63da4172af03f34f190a6c91da324e292879dbe3da9ca1f6d09b743,FFD8FFE000104A4649460001,1428,1900,Upload原图,
谭小华,https://www.gy3y.cn/ks/ek/ek1/doctor_214.html,实采,,https://www.gy3y.cn/Upload/202301/638094858746625669.png,01_试点医院/广州医科大学附属第三医院/照片/谭小华-荔湾院区儿 科（普通儿科-副主任医师-广州医科大学附属第三医院.png,57831,e950f651ee6a8a5d24771ca76f8b1998041c7c2bd2b52b34bd7055234b99261a,89504E470D0A1A0A0000000D,200,266,Upload原图,
余琳,https://www.gy3y.cn/ks/fckyjs/ck/doctor_215.html,实采,,https://www.gy3y.cn/Upload/202302/638119657015268516.jpg,01_试点医院/广州医科大学附属第三医院/照片/余琳-荔湾院区产 科（广州重症孕产妇救治中心）-主任医师-广州医科大学附属第三医院.jpg,28574,709f6e2aa148df7a44ea5956929286f41d883c7868ade8a0c62d22b600fb7bf0,FFD8FFE10A36457869660000,200,266,Upload原图,
崔丽贞,https://www.gy3y.cn/ks/wgk/yk/doctor_216.html,实采,,https://www.gy3y.cn/Upload/201411/6355138364715159583497675.jpg,01_试点医院/广州医科大学附属第三医院/照片/崔丽贞-荔湾院区眼 科-副主任医师-广州医科大学附属第三医院.jpg,32197,5d6f9bc1e26e89e7947fd4c3b6f8908e256d2acf566efd0753488b36f114791b,FFD8FFE1130A457869660000,200,266,Upload原图,
刘玉冰,https://www.gy3y.cn/ks/fckyjs/ck/doctor_217.html,实采,,https://www.gy3y.cn/Upload/201508/6357498901800748172895067.jpg,01_试点医院/广州医科大学附属第三医院/照片/刘玉冰-荔湾院区产 科（广州重症孕产妇救治中心）-副主任医师-广州医科大学附属第三医院.jpg,35417,20f09eb59ae0de922792aaa1af48223e007546fb8e08a7c5415fafed4fec85e8,FFD8FFE11506457869660000,200,266,Upload原图,
蒋亚玲,https://www.gy3y.cn/ks/fckyjs/fckmz/doctor_219.html,实采,,https://www.gy3y.cn/Upload/202006/6372798378626749569277805.jpg,01_试点医院/广州医科大学附属第三医院/照片/蒋亚玲-荔湾院区妇产科门诊-主任医师-广州医科大学附属第三医院.jpg,237656,bf4e5e73368662e56ef98800c27325795947580789301a2fafd87a155964f2fc,FFD8FFE000104A4649460001,1417,1899,Upload原图,
石宇,https://www.gy3y.cn/ks/fckyjs/fckmz/doctor_221.html,实采,,https://www.gy3y.cn/Upload/202301/638095453095484617.png,01_试点医院/广州医科大学附属第三医院/照片/石宇-荔湾院区妇产科门诊-副主任医师-广州医科大学附属第三医院.png,75684,8f456ec12f7434b9b0f92275f0e2db30b5ebd67168c9e74eb356cfb3892cc965,89504E470D0A1A0A0000000D,200,266,Upload原图,
张文,https://www.gy3y.cn/ks/fckyjs/szyxk/doctor_222.html,实采,,https://www.gy3y.cn/Upload/202006/6372749456955862179328269.jpg,01_试点医院/广州医科大学附属第三医院/照片/张文-荔湾院区生殖医学科（生殖医学中心）-副主任医师-广州医科大学附属第三医院.jpg,216149,d8dd9e6d9e6750446c71bf0afcc72ea0cad8271b1354f10160b04b0806be736f,FFD8FFE000104A4649460001,1428,1900,Upload原图,
张 文,https://www.gy3y.cn/ks/fckyjs/nk/doctor_260.html,实采,,https://www.gy3y.cn/Upload/201801/6365223721174320263646525.jpg,01_试点医院/广州医科大学附属第三医院/照片/张 文-荔湾院区男科-副主任医师-广州医科大学附属第三医院.jpg,286235,cf6e8bf1733ac7cff8241d2d578f313097884b400f1a4b3816cb7277a4db3462,FFD8FFE11466457869660000,1440,1873,Upload原图,
贺芳,https://www.gy3y.cn/ks/fckyjs/fys/doctor_223.html,失败,详情不可达,,,,,,,,,第 1 轮 HTTP 302→200@2026-08-17T11:32:40Z Content-Type text/plain；页面标题 404；第 2 轮 HTTP 302→200@2026-08-17T11:33:40Z Content-Type text/plain；页面标题 404；第 3 轮 HTTP 302→200@2026-08-17T11:34:40Z Content-Type text/plain；页面标题 404；第 4 轮 HTTP 302→200@2026-08-17T11:35:40Z Content-Type text/plain；页面标题 404；第 5 轮 HTTP 302→200@2026-08-17T11:36:40Z Content-Type text/plain；页面标题 404
苏志源,https://www.gy3y.cn/ks/wkxt/mzk/doctor_224.html,实采,,https://www.gy3y.cn/Upload/202301/638094731505220855.png,01_试点医院/广州医科大学附属第三医院/照片/苏志源-荔湾院区麻醉科-副主任医师-广州医科大学附属第三医院.png,46526,9c6ace70892bd2f928aad5d4ab7743bd400bbe31b07469cdcb51996b6c5c5d74,89504E470D0A1A0A0000000D,191,260,Upload原图,第 1 轮 HTTP 200@2026-08-17T11:32:40Z Content-Type text/plain；页面可达；照片引用=https://www.gy3y.cn/Upload/202301/638094731505220855.png；照片 HTTP 200@2026-08-17T11:32:40Z；原始字节=46526；尺寸=191x260；SHA-256=9c6ace70892bd2f928aad5d4ab7743bd400bbe31b07469cdcb51996b6c5c5d74；当轮冻结；第 2 轮 HTTP 200@2026-08-17T11:33:40Z Content-Type text/plain；页面可达；照片引用=https://www.gy3y.cn/Upload/202301/638094731505220855.png；已冻结第 1 轮原始照片，后续轮不覆盖；第 3 轮 HTTP 200@2026-08-17T11:34:40Z Content-Type text/plain；页面可达；照片引用=https://www.gy3y.cn/Upload/202301/638094731505220855.png；已冻结第 1 轮原始照片，后续轮不覆盖；第 4 轮 HTTP 200@2026-08-17T11:35:40Z Content-Type text/plain；页面可达；照片引用=https://www.gy3y.cn/Upload/202301/638094731505220855.png；已冻结第 1 轮原始照片，后续轮不覆盖；第 5 轮 HTTP 200@2026-08-17T11:36:40Z Content-Type text/plain；页面可达；照片引用=https://www.gy3y.cn/Upload/202301/638094731505220855.png；已冻结第 1 轮原始照片，后续轮不覆盖
谭秀华,https://www.gy3y.cn/ks/wkxt/mzk/doctor_225.html,实采,,https://www.gy3y.cn/Upload/201603/6359321816586965204458246.JPG,01_试点医院/广州医科大学附属第三医院/照片/谭秀华-荔湾院区麻醉科-副主任医师-广州医科大学附属第三医院.jpg,33738,0c337c42a1fbd45cd605c92f9824aab36238113ca1844cf31b9488bdefeb4bd3,FFD8FFE11297457869660000,200,266,Upload原图,
李明睿,https://www.gy3y.cn/ks/wkxt/mzk/doctor_226.html,实采,,https://www.gy3y.cn/Upload/201603/6359321827057703593470063.jpg,01_试点医院/广州医科大学附属第三医院/照片/李明睿-荔湾院区麻醉科-副主任医师-广州医科大学附属第三医院.jpg,31464,50247dc44fbdf363c8069724f801ce8bae2b3c90064d9491510be5235cc2bb50,FFD8FFE1118D457869660000,200,266,Upload原图,
石磊,https://www.gy3y.cn/ks/wkxt/mzk/doctor_227.html,实采,,https://www.gy3y.cn/Upload/201603/6359321857817837622826606.jpg,01_试点医院/广州医科大学附属第三医院/照片/石磊-荔湾院区麻醉科-副主任医师-广州医科大学附属第三医院.jpg,209993,fc3888a8aad89447d06f9a29c5ab60f918e552e6440ba1c7264813ae4ef4866f,FFD8FFE111DD457869660000,1000,1370,Upload原图,
张费通,https://www.gy3y.cn/ks/ek/ek1/doctor_229.html,实采,,https://www.gy3y.cn/Upload/201603/6359431777500697985105163.jpg,01_试点医院/广州医科大学附属第三医院/照片/张费通-荔湾院区儿 科（普通儿科-副主任医师-广州医科大学附属第三医院.jpg,24110,d3a167fb906ff9e8872b5e31ab6525fb28320da4ba0b79a391ab2f840dc6f0d8,FFD8FFE000104A4649460001,200,273,Upload原图,
吴繁,https://www.gy3y.cn/ks/ek/ek1/doctor_230.html,实采,,https://www.gy3y.cn/Upload/201603/6359431787294395183017125.jpg,01_试点医院/广州医科大学附属第三医院/照片/吴繁-荔湾院区儿 科（普通儿科-主任医师-广州医科大学附属第三医院.jpg,22184,df48bdb6b8ebd8cc93a1f3f74c1674b1b244afb642508d90607c2547272c27f9,FFD8FFE000104A4649460001,200,243,Upload原图,
李军,https://www.gy3y.cn/ks/ek/ek1/doctor_231.html,实采,,https://www.gy3y.cn/Upload/201603/6359328926906293828866883.jpg,01_试点医院/广州医科大学附属第三医院/照片/李军-荔湾院区儿 科（普通儿科-副主任医师-广州医科大学附属第三医院.jpg,178906,b4c834c28df0038cd109bc1c7a4eaf02d71ba63ab0c0481023fcb3899ef00de0,FFD8FFE113D3457869660000,1000,1370,Upload原图,
罗俏丽,https://www.gy3y.cn/ks/wgk/kqk/doctor_232.html,实采,,https://www.gy3y.cn/Upload/202506/638851664293324484.jpg,01_试点医院/广州医科大学附属第三医院/照片/罗俏丽-荔湾院区口腔科-副主任医师-广州医科大学附属第三医院.jpg,35141,4d916a1591ebf0f67be5fad6c02fcbaa4d37915d9c05f5b6b00f612d45a89686,FFD8FFE1154F457869660000,200,266,Upload原图,
钟柳英,https://www.gy3y.cn/ks/fckyjs/ck/doctor_233.html,实采,,https://www.gy3y.cn/Upload/202302/638119649395097044.jpg,01_试点医院/广州医科大学附属第三医院/照片/钟柳英-荔湾院区产 科（广州重症孕产妇救治中心）-副主任医师-广州医科大学附属第三医院.jpg,31295,da1336975cb16d53bbead9743f23c24c849e8096219fdcc5282be2dd1aaef1e1,FFD8FFE10A6E457869660000,200,266,Upload原图,
孙嫣,https://www.gy3y.cn/ks/nkxt/xhnk/doctor_234.html,实采,,https://www.gy3y.cn/Upload/202208/637957381823601715.jpg,01_试点医院/广州医科大学附属第三医院/照片/孙嫣-荔湾院区消化内科-主任医师-广州医科大学附属第三医院.jpg,11720,30ee85b7b6b325d497af1519efefcb45957554f57a7a7c22002e25dfb0fcfb39,FFD8FFE000104A4649460001,314,457,Upload原图,
陈兢思,https://www.gy3y.cn/ks/fckyjs/cqzdk/doctor_235.html,实采,,https://www.gy3y.cn/Upload/202302/638114736135241954.png,01_试点医院/广州医科大学附属第三医院/照片/陈兢思-荔湾院区产前诊断科（胎儿医学中心）-主任医师-广州医科大学附属第三医院.png,64804,f5ac3ba3b1c92333edd1758a728a9ee9b351e2489356e4306babd191a80f3f32,89504E470D0A1A0A0000000D,200,266,Upload原图,
陈友权,https://www.gy3y.cn/ks/nkxt/xxgnk/doctor_236.html,失败,详情不可达,,,,,,,,,第 1 轮 HTTP 302→200@2026-08-17T11:32:40Z Content-Type text/plain；页面标题 404；第 2 轮 HTTP 302→200@2026-08-17T11:33:40Z Content-Type text/plain；页面标题 404；第 3 轮 HTTP 302→200@2026-08-17T11:34:40Z Content-Type text/plain；页面标题 404；第 4 轮 HTTP 302→200@2026-08-17T11:35:40Z Content-Type text/plain；页面标题 404；第 5 轮 HTTP 302→200@2026-08-17T11:36:40Z Content-Type text/plain；页面标题 404
丛鹏,https://www.gy3y.cn/ks/zyk/zyk1/doctor_237.html,实采,,https://www.gy3y.cn/Upload/202506/638850618566471953.jpg,01_试点医院/广州医科大学附属第三医院/照片/丛鹏-荔湾院区中医科-副主任医师-广州医科大学附属第三医院.jpg,32995,0809f248ef11c0f31d7ffb19f6c0e7d5da7c9969bd8de5366cda794de51a303e,FFD8FFE11487457869660000,200,266,Upload原图,
岑东芝,https://www.gy3y.cn/ks/nkxt/pwszlk/doctor_238.html,实采,,https://www.gy3y.cn/Upload/202303/638151609516047915.jpg,01_试点医院/广州医科大学附属第三医院/照片/岑东芝-荔湾院区肿瘤科-主任医师-广州医科大学附属第三医院.jpg,1949787,7f21efffec15886c7dbb40817a1a5764ff1d3cbe048da606abd7712822a62221,FFD8FFE000104A4649460001,2679,3287,Upload原图,
杨薪,https://www.gy3y.cn/ks/nkxt/lnyxk/doctor_239.html,实采,,https://www.gy3y.cn/Upload/201608/6360817145670217314411410.jpg,01_试点医院/广州医科大学附属第三医院/照片/杨薪-荔湾院区老年医学科-副主任医师-广州医科大学附属第三医院.jpg,41078,7974b40f3b7da71b5f7d773d4a746cbc023b678e94e2a501c010aaf8ae7269d2,FFD8FFE114B3457869660000,200,266,Upload原图,
郭建辉,https://www.gy3y.cn/ks/zyk/zyk1/doctor_240.html,实采,,https://www.gy3y.cn/Upload/201608/6360817189119413637162334.jpg,01_试点医院/广州医科大学附属第三医院/照片/郭建辉-荔湾院区中医科-副主任医师-广州医科大学附属第三医院.jpg,41720,ad11ded01ae517ca5edd19787797c19eb289c1e5eed6b5d123cc7f0b5a36cf2c,FFD8FFE112B5457869660000,200,260,Upload原图,
梁伟强,https://www.gy3y.cn/ks/nkxt/hxnk/doctor_241.html,实采,,https://www.gy3y.cn/Upload/201609/6360840149157060804904645.jpg,01_试点医院/广州医科大学附属第三医院/照片/梁伟强-荔湾院区呼吸与危重症医学科-主任医师-广州医科大学附属第三医院.jpg,20114,8bacc9bc6a401e2bb8f50fee2d7d1256dd609048ce741f2b6ac257053afef588,FFD8FFE000104A4649460001,200,267,Upload原图,
姚红霞,https://www.gy3y.cn/ks/yjbm/hyxfszlk/doctor_242.html,实采,,https://www.gy3y.cn/Upload/202303/638151607299637689.png,01_试点医院/广州医科大学附属第三医院/照片/姚红霞-荔湾院区核医学科-副主任医师-广州医科大学附属第三医院.png,164736,fada0f1b9e1ac87527dfed0f9d8129cfd444f3febb6c5720a23eb0e43d786db1,89504E470D0A1A0A0000000D,385,385,Upload原图,
李莉,https://www.gy3y.cn/ks/fckyjs/szyxk/doctor_244.html,实采,,https://www.gy3y.cn/Upload/202006/6372749340954065386837649.jpg,01_试点医院/广州医科大学附属第三医院/照片/李莉-荔湾院区生殖医学科（生殖医学中心）-主任医师-广州医科大学附属第三医院.jpg,514641,e469fb1d45ea2b81f1fc76151972841096ebbd49e369634f6b131f994cf9497d,FFD8FFE11282457869660000,1187,1579,Upload原图,
何晟,https://www.gy3y.cn/ks/nkxt/hxnk/doctor_245.html,实采,,https://www.gy3y.cn/Upload/201611/6361559949026174368390212.jpg,01_试点医院/广州医科大学附属第三医院/照片/何晟-荔湾院区呼吸与危重症医学科-副主任医师-广州医科大学附属第三医院.jpg,37834,eb28ea67257fb2ce2de3e9d3461111f62980923ab3f4a2c9217271f4a40e4c92,FFD8FFE11352457869660000,200,260,Upload原图,
何晓青,https://www.gy3y.cn/ks/nkxt/xxgnk/doctor_246.html,实采,,https://www.gy3y.cn/Upload/202506/638848015749494422.jpg,01_试点医院/广州医科大学附属第三医院/照片/何晓青-荔湾院区心血管内科-副主任医师-广州医科大学附属第三医院.jpg,29878,4518dd88cf945d1e6478075d3f14cc67c2f93ff60f07f80356427d36023004e8,FFD8FFE10AB0457869660000,200,266,Upload原图,
陈德雄,https://www.gy3y.cn/ks/mjz/qk/doctor_248.html,失败,详情不可达,,,,,,,,,第 1 轮 HTTP 302→200@2026-08-17T11:32:40Z Content-Type text/plain；页面标题 404；第 2 轮 HTTP 302→200@2026-08-17T11:33:40Z Content-Type text/plain；页面标题 404；第 3 轮 HTTP 302→200@2026-08-17T11:34:40Z Content-Type text/plain；页面标题 404；第 4 轮 HTTP 302→200@2026-08-17T11:35:40Z Content-Type text/plain；页面标题 404；第 5 轮 HTTP 302→200@2026-08-17T11:36:40Z Content-Type text/plain；页面标题 404
潘兴飞,https://www.gy3y.cn/ks/nkxt/grjbk/doctor_249.html,失败,详情不可达,,,,,,,,,第 1 轮 HTTP 302→200@2026-08-17T11:32:40Z Content-Type text/plain；页面标题 404；第 2 轮 HTTP 302→200@2026-08-17T11:33:40Z Content-Type text/plain；页面标题 404；第 3 轮 HTTP 302→200@2026-08-17T11:34:40Z Content-Type text/plain；页面标题 404；第 4 轮 HTTP 302→200@2026-08-17T11:35:40Z Content-Type text/plain；页面标题 404；第 5 轮 HTTP 302→200@2026-08-17T11:36:40Z Content-Type text/plain；页面标题 404
安庚,https://www.gy3y.cn/ks/fckyjs/szyxk/doctor_250.html,实采,,https://www.gy3y.cn/Upload/202006/6372749448307407778907948.jpg,01_试点医院/广州医科大学附属第三医院/照片/安庚-荔湾院区生殖医学科（生殖医学中心）-未标注-广州医科大学附属第三医院.jpg,225643,c0de12e1bfb276312b110ca3c750c1410dd3316c78b1605f90191471e6bdef67,FFD8FFE000104A4649460001,1428,1900,Upload原图,
安 庚,https://www.gy3y.cn/ks/fckyjs/nk/doctor_259.html,实采,,https://www.gy3y.cn/Upload/201705/6363147464656667376680705.jpg,01_试点医院/广州医科大学附属第三医院/照片/安 庚-荔湾院区男科-副主任医师-广州医科大学附属第三医院.jpg,62101,a05688bc96b02725cdb207797ac08caaef73139bc6fe195811c1661d0b8bfabc,FFD8FFE11410457869660000,260,331,Upload原图,
燕翼,https://www.gy3y.cn/ks/nkxt/xxgnk/doctor_251.html,实采,,https://www.gy3y.cn/Upload/201706/6363226845002971581313624.jpg,01_试点医院/广州医科大学附属第三医院/照片/燕翼-荔湾院区心血管内科-副主任医师-广州医科大学附属第三医院.jpg,342218,801ccf3e12bac4d03875c8f2ad3c7ac48965b62644e99b2246a0fd8f9e4b02a3,FFD8FFE11242457869660000,1000,1300,Upload原图,
麦凤鸣,https://www.gy3y.cn/ks/fckyjs/ck/doctor_252.html,失败,详情不可达,,,,,,,,,第 1 轮 HTTP 302→200@2026-08-17T11:32:40Z Content-Type text/plain；页面标题 404；第 2 轮 HTTP 302→200@2026-08-17T11:33:40Z Content-Type text/plain；页面标题 404；第 3 轮 HTTP 302→200@2026-08-17T11:34:40Z Content-Type text/plain；页面标题 404；第 4 轮 HTTP 302→200@2026-08-17T11:35:40Z Content-Type text/plain；页面标题 404；第 5 轮 HTTP 302→200@2026-08-17T11:36:40Z Content-Type text/plain；页面标题 404
黄蓓,https://www.gy3y.cn/ks/fckyjs/fckmz/doctor_255.html,实采,,https://www.gy3y.cn/Upload/202506/638851619343383971.jpg,01_试点医院/广州医科大学附属第三医院/照片/黄蓓-荔湾院区妇产科门诊-副主任医师-广州医科大学附属第三医院.jpg,29817,dcf9fe554b083d4c7ce18f6afcf2e4e533c3cc8554cd75523fee59219a7d7aed,FFD8FFE11246457869660000,200,266,Upload原图,
张智勇,https://www.gy3y.cn/ks/wkxt/zsyx/doctor_256.html,实采,,https://www.gy3y.cn/Upload/201712/6364870199972715126458635.png,01_试点医院/广州医科大学附属第三医院/照片/张智勇-荔湾院区再生医学与3D打印技术转化研究中心-教授-广州医科大学附属第三医院.png,720444,a7b9e84365132e6d41ddba650c6a9a35d0903b77624281d5e47f43a2cf4a68b8,89504E470D0A1A0A0000000D,609,802,Upload原图,
王簕,https://www.gy3y.cn/ks/wkxt/gkyq/doctor_257.html,实采,,https://www.gy3y.cn/Upload/201712/6364870235557594708909401.png,01_试点医院/广州医科大学附属第三医院/照片/王簕-荔湾院区脊柱外科-副主任医师-广州医科大学附属第三医院.png,676100,d520d6386a034235d9568ffa801e109e2a7342527ac8aa7e6b39ee6bc4bd988b,89504E470D0A1A0A0000000D,715,784,Upload原图,
刘先保,https://www.gy3y.cn/ks/wkxt/mzk/doctor_258.html,实采,,https://www.gy3y.cn/Upload/202301/638094733529287430.png,01_试点医院/广州医科大学附属第三医院/照片/刘先保-荔湾院区麻醉科-副主任医师-广州医科大学附属第三医院.png,61906,583acd8b57784c9f75f6438743e9019cbf172b023b1f883a929a0ffdb8e1a8b6,89504E470D0A1A0A0000000D,229,314,Upload原图,
罗超元,https://www.gy3y.cn/ks/wkxt/wcwk/doctor_261.html,实采,,https://www.gy3y.cn/Upload/202506/638852479740502035.JPG,01_试点医院/广州医科大学附属第三医院/照片/罗超元-荔湾院区普外二区（胃肠外科）-副主任医师-广州医科大学附属第三医院.jpg,117393,6a3f264a4a3b0db1a3666e4879eb9e1db6a586d7f0697c58becdda6e865f0ab6,FFD8FFE000104A4649460001,1042,1452,Upload原图,
谭岱峰,https://www.gy3y.cn/ks/ek/ek1/doctor_263.html,实采,,https://www.gy3y.cn/Upload/202301/638094858890375897.png,01_试点医院/广州医科大学附属第三医院/照片/谭岱峰-荔湾院区儿 科（普通儿科-副主任医师-广州医科大学附属第三医院.png,53777,fb0cdc9bf0cfec35a2f2731a464ba39750da32131ecd67837c38e56f5822923b,89504E470D0A1A0A0000000D,200,266,Upload原图,
江庆萍,https://www.gy3y.cn/ks/yjbm/blk/doctor_264.html,实采,,https://www.gy3y.cn/Upload/202306/638217244269154036.jpg,01_试点医院/广州医科大学附属第三医院/照片/江庆萍-荔湾院区病理科-主任医师-广州医科大学附属第三医院.jpg,1120835,afe1941624901caffa201d4a7ace865e15eb39431915706b507574ead9763050,FFD8FFE000104A4649460001,2429,3637,Upload原图,
熊汉真,https://www.gy3y.cn/ks/yjbm/blk/doctor_266.html,实采,,https://www.gy3y.cn/Upload/202306/638217245113061978.jpg,01_试点医院/广州医科大学附属第三医院/照片/熊汉真-荔湾院区病理科-副主任医师-广州医科大学附属第三医院.jpg,1229278,012c9bcef862c537eebbf00fbde0ca5361c55c09a5be87fb821f41732f92ba1a,FFD8FFE000104A4649460001,2529,3641,Upload原图,第 1 轮 HTTP 200@2026-08-17T11:32:40Z Content-Type text/plain；页面可达；照片引用=https://www.gy3y.cn/Upload/202306/638217245113061978.jpg；照片 HTTP 200@2026-08-17T11:32:40Z；原始字节=1229278；尺寸=2529x3641；SHA-256=012c9bcef862c537eebbf00fbde0ca5361c55c09a5be87fb821f41732f92ba1a；当轮冻结；第 2 轮 HTTP 200@2026-08-17T11:33:40Z Content-Type text/plain；页面可达；照片引用=https://www.gy3y.cn/Upload/202306/638217245113061978.jpg；已冻结第 1 轮原始照片，后续轮不覆盖；第 3 轮 HTTP 200@2026-08-17T11:34:40Z Content-Type text/plain；页面可达；照片引用=https://www.gy3y.cn/Upload/202306/638217245113061978.jpg；已冻结第 1 轮原始照片，后续轮不覆盖；第 4 轮 HTTP 200@2026-08-17T11:35:40Z Content-Type text/plain；页面可达；照片引用=https://www.gy3y.cn/Upload/202306/638217245113061978.jpg；已冻结第 1 轮原始照片，后续轮不覆盖；第 5 轮 HTTP 200@2026-08-17T11:36:40Z Content-Type text/plain；页面可达；照片引用=https://www.gy3y.cn/Upload/202306/638217245113061978.jpg；已冻结第 1 轮原始照片，后续轮不覆盖
彭娟,https://www.gy3y.cn/ks/yjbm/blk/doctor_267.html,实采,,https://www.gy3y.cn/Upload/202306/638217245778532320.jpg,01_试点医院/广州医科大学附属第三医院/照片/彭娟-荔湾院区病理科-主任医师-广州医科大学附属第三医院.jpg,58290,121984c0831e814eb235c1ad6e394ac20d4a8b4306d1e407cd7837983f66dcb2,FFD8FFE000104A4649460001,462,693,Upload原图,
晏光荣​,https://www.gy3y.cn/ks/yjbm/zxsys/doctor_268.html,实采,,https://www.gy3y.cn/Upload/201802/6365316725995035797625302.jpg,01_试点医院/广州医科大学附属第三医院/照片/晏光荣​-荔湾院区中心实验室-教授-广州医科大学附属第三医院.jpg,93238,e8a66dc9a55d6d6628b1f7292c89a312f72659789ecb0c463216bca58429bc12,FFD8FFE1112A457869660000,390,546,Upload原图,
李少英,https://www.gy3y.cn/ks/fckyjs/fywzsfjds/doctor_270.html,实采,,https://www.gy3y.cn/Upload/201803/6365739144141829764776962.jpg,01_试点医院/广州医科大学附属第三医院/照片/李少英-荔湾院区法医物证司法鉴定所-副主任技师-广州医科大学附属第三医院.jpg,195746,ae58ef2a1949e8d773619def28461fec6a22f6f288d0bb4ef39b4934adcb0b35,FFD8FFE000104A4649460001,1450,1900,Upload原图,
马晓燕,https://www.gy3y.cn/ks/fckyjs/fywzsfjds/doctor_271.html,实采,,https://www.gy3y.cn/Upload/201803/6365739166306561053598522.jpg,01_试点医院/广州医科大学附属第三医院/照片/马晓燕-荔湾院区法医物证司法鉴定所-医师-广州医科大学附属第三医院.jpg,175149,f1e8288d5afe76c53995fbb8df9dd8a238cd9b35c2baf9d085e191af952d3d43,FFD8FFE000104A4649460001,1450,1900,Upload原图,
何文智,https://www.gy3y.cn/ks/fckyjs/fywzsfjds/doctor_272.html,实采,,https://www.gy3y.cn/Upload/201803/6365739192633362602003409.jpg,01_试点医院/广州医科大学附属第三医院/照片/何文智-荔湾院区法医物证司法鉴定所-医师-广州医科大学附属第三医院.jpg,196496,4f29d1fc62e09ed9db07bf1726a50bb2961a83c2a8fd253867626b4c4cef8311,FFD8FFE000104A4649460001,1450,1900,Upload原图,
刘美玲,https://www.gy3y.cn/ks/yjbm/jyk/doctor_273.html,实采,,https://www.gy3y.cn/Upload/201807/6366637975556956083819661.jpg,01_试点医院/广州医科大学附属第三医院/照片/刘美玲-荔湾院区检验科-副主任技师-广州医科大学附属第三医院.jpg,34298,2f8a7bd1310c91159868f0d9b57fe53beff8f1bd8e37ff805d66b4f11c34a823,FFD8FFE114E2457869660000,200,266,Upload原图,
唐希才,https://www.gy3y.cn/ks/yjbm/jyk/doctor_274.html,实采,,https://www.gy3y.cn/Upload/201807/6366637977102310464165082.jpg,01_试点医院/广州医科大学附属第三医院/照片/唐希才-荔湾院区检验科-副主任技师-广州医科大学附属第三医院.jpg,32355,22c4e07c92bbb1134b3406e5b4d245350c961e6664801a7270010643330b2b8a,FFD8FFE112B7457869660000,200,266,Upload原图,
黄炯华,https://www.gy3y.cn/ks/nkxt/xxgnk/doctor_275.html,实采,,https://www.gy3y.cn/Upload/202506/638848016541383580.jpg,01_试点医院/广州医科大学附属第三医院/照片/黄炯华-荔湾院区心血管内科-副主任医师-广州医科大学附属第三医院.jpg,26394,6591d2a349e4931cbe0bec3953450105432aa5dfc4895120d74794045e78c810,FFD8FFE10A2A457869660000,200,266,Upload原图,
付熙,https://www.gy3y.cn/ks/fckyjs/fk/doctor_276.html,实采,,https://www.gy3y.cn/Upload/202006/6372798391844485329290162.jpg,01_试点医院/广州医科大学附属第三医院/照片/付熙-荔湾院区妇 科-主任医师-广州医科大学附属第三医院.jpg,223952,907eb95822f86418f1b5d3dd63660e617209a8d654403d8b0ddb05f573069e46,FFD8FFE000104A4649460001,1417,1900,Upload原图,
马莉,https://www.gy3y.cn/ks/nkxt/xxgnk/doctor_278.html,失败,详情不可达,,,,,,,,,第 1 轮 HTTP 302→200@2026-08-17T11:32:40Z Content-Type text/plain；页面标题 404；第 2 轮 HTTP 302→200@2026-08-17T11:33:40Z Content-Type text/plain；页面标题 404；第 3 轮 HTTP 302→200@2026-08-17T11:34:40Z Content-Type text/plain；页面标题 404；第 4 轮 HTTP 302→200@2026-08-17T11:35:40Z Content-Type text/plain；页面标题 404；第 5 轮 HTTP 302→200@2026-08-17T11:36:40Z Content-Type text/plain；页面标题 404
张弛,https://www.gy3y.cn/ks/wkxt/gkeq/doctor_279.html,实采,,https://www.gy3y.cn/Upload/202406/638549930885589748.png,01_试点医院/广州医科大学附属第三医院/照片/张弛-荔湾院区关节外科-副主任医师-广州医科大学附属第三医院.jpg,38336,b6ffde14541870a67d7124902e7db1be0a9dcdfc280a675109a5dcecf7cfc3e4,FFD8FFE000104A4649460001,278,348,Upload原图,
戴文军,https://www.gy3y.cn/ks/nkxt/xxgnk/doctor_280.html,失败,详情不可达,,,,,,,,,第 1 轮 HTTP 302→200@2026-08-17T11:32:40Z Content-Type text/plain；页面标题 404；第 2 轮 HTTP 302→200@2026-08-17T11:33:40Z Content-Type text/plain；页面标题 404；第 3 轮 HTTP 302→200@2026-08-17T11:34:40Z Content-Type text/plain；页面标题 404；第 4 轮 HTTP 302→200@2026-08-17T11:35:40Z Content-Type text/plain；页面标题 404；第 5 轮 HTTP 302→200@2026-08-17T11:36:40Z Content-Type text/plain；页面标题 404
洪宏海,https://www.gy3y.cn/ks/yjbm/jyk/doctor_281.html,实采,,https://www.gy3y.cn/Upload/201901/6368331177950536178699788.jpg,01_试点医院/广州医科大学附属第三医院/照片/洪宏海-荔湾院区检验科-主任技师-广州医科大学附属第三医院.jpg,556968,81c930c4787dcb4e50041ac64f16a6781580638a477365b4be142da1157c947e,FFD8FFE112C7457869660000,1219,1683,Upload原图,
陈静,https://www.gy3y.cn/ks/wgk/yk/doctor_282.html,实采,,https://www.gy3y.cn/Upload/201901/6368365844144675746120779.jpg,01_试点医院/广州医科大学附属第三医院/照片/陈静-荔湾院区眼 科-副主任医师-广州医科大学附属第三医院.jpg,36731,4fb0ac97e2ffd28d12ef6f11a641e996cfd3d0cfa31cb6b154f25f050ad0ecba,FFD8FFE11308457869660000,200,267,Upload原图,
蔡款,https://www.gy3y.cn/ks/yjbm/csyx/doctor_283.html,实采,,https://www.gy3y.cn/Upload/201901/6368435325751733542032359.jpg,01_试点医院/广州医科大学附属第三医院/照片/蔡款-荔湾院区超声医学科-副主任医师-广州医科大学附属第三医院.jpg,299488,586e102abff4aa086fb3a375742619220c93d82fd170a139c4e94d79003f309c,FFD8FFE1153B457869660000,1281,1756,Upload原图,
王琨,https://www.gy3y.cn/ks/yjbm/csyx/doctor_284.html,实采,,https://www.gy3y.cn/Upload/202301/638095491038795165.png,01_试点医院/广州医科大学附属第三医院/照片/王琨-荔湾院区超声医学科-副主任医师-广州医科大学附属第三医院.png,60075,226ba6f4bb7242c0c601cb79758a7059f8fd1a19998babb98e3d01220706585b,89504E470D0A1A0A0000000D,200,266,Upload原图,
黄健威,https://www.gy3y.cn/ks/yjbm/fsk/doctor_285.html,实采,,https://www.gy3y.cn/Upload/202301/638106730595791375.png,01_试点医院/广州医科大学附属第三医院/照片/黄健威-荔湾院区放射科-主任技师-广州医科大学附属第三医院.png,47597,7f3f729e15930a0961034e571a9040aada906bfd1eae7622b2f6e74857b3e7bb,89504E470D0A1A0A0000000D,200,266,Upload原图,
曾毅,https://www.gy3y.cn/ks/fckyjs/ck/doctor_287.html,实采,,https://www.gy3y.cn/Upload/202302/638109279670203420.png,01_试点医院/广州医科大学附属第三医院/照片/曾毅-荔湾院区产 科（广州重症孕产妇救治中心）-副主任医师-广州医科大学附属第三医院.png,56348,4a0d1e664514bbf31cbe4f1aa5283fee344e9096a821c7faddb369f8eb1b266a,89504E470D0A1A0A0000000D,200,266,Upload原图,
王世祥,https://www.gy3y.cn/ks/nkxt/xxgnk/doctor_288.html,失败,详情不可达,,,,,,,,,第 1 轮 HTTP 302→200@2026-08-17T11:32:40Z Content-Type text/plain；页面标题 404；第 2 轮 HTTP 302→200@2026-08-17T11:33:40Z Content-Type text/plain；页面标题 404；第 3 轮 HTTP 302→200@2026-08-17T11:34:40Z Content-Type text/plain；页面标题 404；第 4 轮 HTTP 302→200@2026-08-17T11:35:40Z Content-Type text/plain；页面标题 404；第 5 轮 HTTP 302→200@2026-08-17T11:36:40Z Content-Type text/plain；页面标题 404
全天一,https://www.gy3y.cn/ks/wkxt/wcwk/doctor_289.html,实采,,https://www.gy3y.cn/Upload/201904/6369057496852367949354273.jpg,01_试点医院/广州医科大学附属第三医院/照片/全天一-荔湾院区普外二区（胃肠外科）-副主任医师-广州医科大学附属第三医院.jpg,130899,e6e6a21185e7f58e1e361b3701349654c3ae735c4de776c1676f32fe2c45ae62,FFD8FFE11094457869660000,390,567,Upload原图,
刘盛华,https://www.gy3y.cn/ks/wkxt/xxwk/doctor_291.html,失败,详情不可达,,,,,,,,,第 1 轮 HTTP 302→200@2026-08-17T11:32:40Z Content-Type text/plain；页面标题 404；第 2 轮 HTTP 302→200@2026-08-17T11:33:40Z Content-Type text/plain；页面标题 404；第 3 轮 HTTP 302→200@2026-08-17T11:34:40Z Content-Type text/plain；页面标题 404；第 4 轮 HTTP 302→200@2026-08-17T11:35:40Z Content-Type text/plain；页面标题 404；第 5 轮 HTTP 302→200@2026-08-17T11:36:40Z Content-Type text/plain；页面标题 404
翦薇,https://www.gy3y.cn/ks/fckyjs/cqzdk/doctor_292.html,实采,,https://www.gy3y.cn/Upload/201907/6369854386942151242911668.jpg,01_试点医院/广州医科大学附属第三医院/照片/翦薇-荔湾院区产前诊断科（胎儿医学中心）-副主任医师-广州医科大学附属第三医院.jpg,21507,4b3c06d5c1d03726b00733080487f0ed685162a6ef6eedb5c424a96e52c44ab6,FFD8FFE000104A4649460001,220,319,Upload原图,
李南,https://www.gy3y.cn/ks/fckyjs/cqzdk/doctor_293.html,实采,,https://www.gy3y.cn/Upload/201907/6369889268272466637636459.jpg,01_试点医院/广州医科大学附属第三医院/照片/李南-荔湾院区产前诊断科（胎儿医学中心）-副主任医师-广州医科大学附属第三医院.jpg,27724,f4c82b0be50927742a42e302c1011e68dd3ed88bc6f11db52576e1d31e831866,FFD8FFE10FFE457869660000,100,135,Upload原图,
黄兆琦,https://www.gy3y.cn/ks/nkxt/xxgnk/doctor_294.html,失败,详情不可达,,,,,,,,,第 1 轮 HTTP 302→200@2026-08-17T11:32:40Z Content-Type text/plain；页面标题 404；第 2 轮 HTTP 302→200@2026-08-17T11:33:40Z Content-Type text/plain；页面标题 404；第 3 轮 HTTP 302→200@2026-08-17T11:34:40Z Content-Type text/plain；页面标题 404；第 4 轮 HTTP 302→200@2026-08-17T11:35:40Z Content-Type text/plain；页面标题 404；第 5 轮 HTTP 302→200@2026-08-17T11:36:40Z Content-Type text/plain；页面标题 404
陈文裕,https://www.gy3y.cn/ks/zyk/zyk1/doctor_295.html,实采,,https://www.gy3y.cn/Upload/202506/638850616986221273.jpg,01_试点医院/广州医科大学附属第三医院/照片/陈文裕-荔湾院区中医科-副主任医师-广州医科大学附属第三医院.jpg,31249,cab423e370f395d9f3ee924ba15965c1ed0ad3f2d0f394f70a639b70e77d3eda,FFD8FFE1140D457869660000,200,266,Upload原图,
林永强,https://www.gy3y.cn/ks/nkxt/sjnk/doctor_296.html,实采,,https://www.gy3y.cn/Upload/201907/6369946772738294045208110.jpg,01_试点医院/广州医科大学附属第三医院/照片/林永强-荔湾院区神经内科-副主任医师-广州医科大学附属第三医院.jpg,24136,622ee77dad8e996f86348b6ea53b404989538aa1434b054051cfa35e20cb4a19,FFD8FFE10EB6457869660000,100,140,Upload原图,
周晓彤,https://www.gy3y.cn/ks/ek/xewk/doctor_297.html,实采,,https://www.gy3y.cn/Upload/201907/6370010591535445805012763.jpg,01_试点医院/广州医科大学附属第三医院/照片/周晓彤-荔湾院区小儿外科-副主任医师-广州医科大学附属第三医院.jpg,21287,adc01e36ce726198583b6dafff2d924cca7dc0c4e039b30bcaba5419c206f47e,FFD8FFE10B86457869660000,100,131,Upload原图,
邱勤业,https://www.gy3y.cn/ks/wkxt/gkeq/doctor_298.html,实采,,https://www.gy3y.cn/Upload/202406/638549931834719963.png,01_试点医院/广州医科大学附属第三医院/照片/邱勤业-荔湾院区关节外科-副主任医师-广州医科大学附属第三医院.png,648394,e18727ebbda19f1bb3f6c808b7ab11c48947ddbf5305c15af14599db15cf4880,89504E470D0A1A0A0000000D,350,462,Upload原图,
钟志宏,https://www.gy3y.cn/ks/wkxt/gkyq/doctor_299.html,实采,,https://www.gy3y.cn/Upload/201909/6370312527936907185033872.jpg,01_试点医院/广州医科大学附属第三医院/照片/钟志宏-荔湾院区脊柱外科-副主任医师-广州医科大学附属第三医院.jpg,27973,c29aaf651343846a835e5f44030eea67e61593c515a4467bff8effe364f308a1,FFD8FFE1103B457869660000,100,145,Upload原图,
王懿春,https://www.gy3y.cn/ks/nkxt/zzyxk/doctor_300.html,实采,,https://www.gy3y.cn/Upload/202506/638851601557842830.jpg,01_试点医院/广州医科大学附属第三医院/照片/王懿春-荔湾院区重症医学科（ICU）-主任医师-广州医科大学附属第三医院.jpg,29849,835a5f5d2d49ba5225f7360c0f047cfbe32525d06c8c39fdba6776a8291901a7,FFD8FFE1123F457869660000,200,266,Upload原图,
黄敏,https://www.gy3y.cn/ks/mjz/tjzx/doctor_301.html,实采,,https://www.gy3y.cn/Upload/202506/638847178058496852.jpg,01_试点医院/广州医科大学附属第三医院/照片/黄敏-荔湾院区健康管理中心-副主任医师-广州医科大学附属第三医院.jpg,29004,cabbf724cebd61f4395455441b9b11ffa141c38214ca49fe60ceb14b480389ce,FFD8FFE10A79457869660000,200,266,Upload原图,
刘瓅,https://www.gy3y.cn/ks/fckyjs/fk/doctor_302.html,实采,,https://www.gy3y.cn/Upload/201910/6370699161647800895004092.jpg,01_试点医院/广州医科大学附属第三医院/照片/刘瓅-荔湾院区妇 科-副主任医师-广州医科大学附属第三医院.jpg,292335,5b36bcc7f41447143d40abdfddc445c8cd83ca869c9dc0a7e09dfa16ccbdd66f,FFD8FFE114DB457869660000,1000,1333,Upload原图,
王双勇,https://www.gy3y.cn/ks/wgk/yk/doctor_303.html,实采,,https://www.gy3y.cn/Upload/201910/6370692770034967767840200.jpg,01_试点医院/广州医科大学附属第三医院/照片/王双勇-荔湾院区眼 科-副主任医师-广州医科大学附属第三医院.jpg,188652,2c561dcbd2b1a7caf0d351e1c901fd5ecd2f5edbd51c868e424b274f621882ed,FFD8FFE000104A4649460001,1462,1900,Upload原图,
邹卿,https://www.gy3y.cn/ks/nkxt/sjnk/doctor_304.html,实采,,https://www.gy3y.cn/Upload/202001/6371409171743965523666761.jpg,01_试点医院/广州医科大学附属第三医院/照片/邹卿-荔湾院区神经内科-副主任医师-广州医科大学附属第三医院.jpg,46287,7db90ea1355fb4f47721e7c4978429ff9aca804ad7a8bf2f97dc1337b5b554ee,FFD8FFE11458457869660000,200,258,Upload原图,
王润妹,https://www.gy3y.cn/ks/mjz/kfyxk/doctor_305.html,实采,,https://www.gy3y.cn/Upload/202003/6371874601766520451180955.jpg,01_试点医院/广州医科大学附属第三医院/照片/王润妹-荔湾院区康复医学科-副主任医师-广州医科大学附属第三医院.jpg,32275,6b587c47cbe8811162d212fe64637e47064f6cd7fb76b41c03ede8c8ff18bb53,FFD8FFE1134C457869660000,200,266,Upload原图,
赵纪强,https://www.gy3y.cn/ks/wkxt/qgyzk/doctor_306.html,实采,,https://www.gy3y.cn/Upload/202003/6371908107467095027080163.jpg,01_试点医院/广州医科大学附属第三医院/照片/赵纪强-荔湾院区器官移植科-副主任医师-广州医科大学附属第三医院.jpg,278446,300c9e8f3c437efc6261f10295a092c0e377de2895a7a3d7e7ceedbbd77a9540,FFD8FFE110CC457869660000,1000,1395,Upload原图,
赵国志,https://www.gy3y.cn/ks/wkxt/qgyzk/doctor_307.html,实采,,https://www.gy3y.cn/Upload/202003/6371908140718682889360291.jpg,01_试点医院/广州医科大学附属第三医院/照片/赵国志-荔湾院区器官移植科-副主任医师-广州医科大学附属第三医院.jpg,34838,75f4c6ac7e95be68c30d6362fbbfbcc9195a4608428e0396d8b5289c088e0204,FFD8FFE1140A457869660000,200,266,Upload原图,
吴增晖,https://www.gy3y.cn/ks/wkxt/gkyq/doctor_308.html,实采,,https://www.gy3y.cn/Upload/202003/6371942746397726813482681.jpg,01_试点医院/广州医科大学附属第三医院/照片/吴增晖-荔湾院区脊柱外科-主任医师-广州医科大学附属第三医院.jpg,35075,5d10b9d231bd707229f85e8c74a28d565b49478407e81c28ac381b866b8112d2,FFD8FFE11541457869660000,200,261,Upload原图,
李远辉,https://www.gy3y.cn/ks/wkxt/gkeq/doctor_309.html,实采,,https://www.gy3y.cn/Upload/202406/638549929048160587.png,01_试点医院/广州医科大学附属第三医院/照片/李远辉-荔湾院区关节外科-副主任医师-广州医科大学附属第三医院.png,171412,af8d1806891529d5078ba380a7ed72c0f1c06e5196a2d3c97e5e405911636a8b,89504E470D0A1A0A0000000D,497,593,Upload原图,
王钊,https://www.gy3y.cn/ks/wkxt/gkeq/doctor_310.html,失败,详情不可达,,,,,,,,,第 1 轮 HTTP 302→200@2026-08-17T11:32:40Z Content-Type text/plain；页面标题 404；第 2 轮 HTTP 302→200@2026-08-17T11:33:40Z Content-Type text/plain；页面标题 404；第 3 轮 HTTP 302→200@2026-08-17T11:34:40Z Content-Type text/plain；页面标题 404；第 4 轮 HTTP 302→200@2026-08-17T11:35:40Z Content-Type text/plain；页面标题 404；第 5 轮 HTTP 302→200@2026-08-17T11:36:40Z Content-Type text/plain；页面标题 404
闻毅颐,https://www.gy3y.cn/ks/wgk/yk/doctor_311.html,实采,,https://www.gy3y.cn/Upload/202003/6371943871524692666608829.jpg,01_试点医院/广州医科大学附属第三医院/照片/闻毅颐-荔湾院区眼 科-副主任医师-广州医科大学附属第三医院.jpg,215373,2f4a3692c0aba4e7b4431a9c08ba23d3c2dec3af1fa3b6e0ae7a44df328e4c59,FFD8FFE000104A4649460001,1461,1900,Upload原图,
赵忠芳,https://www.gy3y.cn/ks/wkxt/zxmrk/doctor_312.html,实采,,https://www.gy3y.cn/Upload/202303/638156138063766382.jpg,01_试点医院/广州医科大学附属第三医院/照片/赵忠芳-荔湾院区整形美容科-副主任医师-广州医科大学附属第三医院.jpg,54304,25088c595b719c0fbaf308103acabd9938c517e01626526998f4ff9fcd8b6aea,FFD8FFE10B0E457869660000,200,266,Upload原图,
吴乙璇,https://www.gy3y.cn/ks/fckyjs/szyxk/doctor_313.html,实采,,https://www.gy3y.cn/Upload/202006/6372749406108884841021993.jpg,01_试点医院/广州医科大学附属第三医院/照片/吴乙璇-荔湾院区生殖医学科（生殖医学中心）-副主任医师-广州医科大学附属第三医院.jpg,467054,3c786a9a8be39a829377397d0fffb340486626734a783fa925b2ca7627f1a9bd,FFD8FFE112B2457869660000,1147,1525,Upload原图,
谭文鹏,https://www.gy3y.cn/ks/nkxt/xxgnk/doctor_314.html,实采,,https://www.gy3y.cn/Upload/202506/638848011159168150.jpg,01_试点医院/广州医科大学附属第三医院/照片/谭文鹏-荔湾院区心血管内科-主任医师-广州医科大学附属第三医院.jpg,28724,5d1456ff64243e11342ca67c5fdcdd163a8a69266d8aa6bdfa2dbc085ca00f06,FFD8FFE10AB9457869660000,200,266,Upload原图,
许越,https://www.gy3y.cn/ks/zyk/zyk1/doctor_315.html,实采,,https://www.gy3y.cn/Upload/202506/638850626945264056.jpg,01_试点医院/广州医科大学附属第三医院/照片/许越-荔湾院区中医科-副主任医师-广州医科大学附属第三医院.jpg,30245,45050f377997b44bb0e872fffa938edeee2454e4afe4688719c928b99da207f6,FFD8FFE11386457869660000,200,266,Upload原图,
潘玲兰,https://www.gy3y.cn/ks/fckyjs/fk/doctor_316.html,实采,,https://www.gy3y.cn/Upload/202401/638417902640902463.jpg,01_试点医院/广州医科大学附属第三医院/照片/潘玲兰-荔湾院区妇 科-副主任医师-广州医科大学附属第三医院.jpg,185675,18a167fb641f1daa2584a11155fbf8ac0fd56d723ed68d10800aadcbe99a1b1a,FFD8FFE000104A4649460001,1280,1680,Upload原图,
陈永铃,https://www.gy3y.cn/ks/wgk/yk/doctor_317.html,实采,,https://www.gy3y.cn/Upload/202005/6372601474960984971927093.jpg,01_试点医院/广州医科大学附属第三医院/照片/陈永铃-荔湾院区眼 科-副主任医师-广州医科大学附属第三医院.jpg,45802,39949ec21e5d99213afa365852c69f20ee402ef5a9ed5a3f305e5f71d74fd0fa,FFD8FFE000104A4649460001,413,579,Upload原图,
刘海英,https://www.gy3y.cn/ks/fckyjs/szyxk/doctor_318.html,实采,,https://www.gy3y.cn/Upload/202006/6372749241177302254080157.jpg,01_试点医院/广州医科大学附属第三医院/照片/刘海英-荔湾院区生殖医学科（生殖医学中心）-主任医师-广州医科大学附属第三医院.jpg,567527,4dda11623fd5a89a3bc638d9e9e36566acc394877396ff1597df76d798175269,FFD8FFE11406457869660000,1188,1580,Upload原图,
王慧慧,https://www.gy3y.cn/ks/fckyjs/szyxk/doctor_319.html,实采,,https://www.gy3y.cn/Upload/202006/6372749367488495673034535.jpg,01_试点医院/广州医科大学附属第三医院/照片/王慧慧-荔湾院区生殖医学科（生殖医学中心）-副主任医师-广州医科大学附属第三医院.jpg,492179,49b6f5847bbc9eccb1899ac1346fbeb81893050ffd8ebf9bdd3436fae40dda79,FFD8FFE11207457869660000,1187,1579,Upload原图,
林琼燕,https://www.gy3y.cn/ks/fckyjs/fk/doctor_323.html,实采,,https://www.gy3y.cn/Upload/202301/638095449616289208.png,01_试点医院/广州医科大学附属第三医院/照片/林琼燕-荔湾院区妇 科-副主任医师-广州医科大学附属第三医院.png,75788,968dba80c67bfa061f9ba9f9bdc93e20734bedd118c409167472b474d0edc505,89504E470D0A1A0A0000000D,200,266,Upload原图,
张刚,https://www.gy3y.cn/ks/ek/xewk/doctor_324.html,实采,,https://www.gy3y.cn/Upload/202012/6374319571820033165049617.jpg,01_试点医院/广州医科大学附属第三医院/照片/张刚-荔湾院区小儿外科-副主任医师-广州医科大学附属第三医院.jpg,1030502,0b9010b528371b504dab5c94feac80e6d7ef135e7d4a020563595d4cc38a20be,FFD8FFE000104A4649460001,1872,2351,Upload原图,
赵杨,https://www.gy3y.cn/ks/fckyjs/fk/doctor_325.html,实采,,https://www.gy3y.cn/Upload/202107/637617732445234752.jpg,01_试点医院/广州医科大学附属第三医院/照片/赵杨-荔湾院区妇 科-主任医师-广州医科大学附属第三医院.jpg,574250,455bae9da646d193bc72fa8c15d4dd8a4f19553342307e2933806ff540c50ebb,FFD8FFE10A85457869660000,1530,2035,Upload原图,
闫宪刚,https://www.gy3y.cn/ks/ek/xewk/doctor_326.html,失败,详情不可达,,,,,,,,,第 1 轮 HTTP 302→200@2026-08-17T11:32:40Z Content-Type text/plain；页面标题 404；第 2 轮 HTTP 302→200@2026-08-17T11:33:40Z Content-Type text/plain；页面标题 404；第 3 轮 HTTP 302→200@2026-08-17T11:34:40Z Content-Type text/plain；页面标题 404；第 4 轮 HTTP 302→200@2026-08-17T11:35:40Z Content-Type text/plain；页面标题 404；第 5 轮 HTTP 302→200@2026-08-17T11:36:40Z Content-Type text/plain；页面标题 404
秦军建,https://www.gy3y.cn/ks/nkxt/snk/doctor_327.html,实采,,https://www.gy3y.cn/Upload/202108/637635800613420719.jpg,01_试点医院/广州医科大学附属第三医院/照片/秦军建-荔湾院区肾内科-副主任医师-广州医科大学附属第三医院.jpg,2126410,ea9886afdc0acf946229a73d86767fed2f275d6a5014dbc27cfb10e8bd2704ac,FFD8FFE000104A4649460001,1993,2970,Upload原图,
王戈菲,https://www.gy3y.cn/ks/wkxt/xxwk/doctor_328.html,实采,,https://www.gy3y.cn/Upload/202108/637636838370460478.jpg,01_试点医院/广州医科大学附属第三医院/照片/王戈菲-荔湾院区心胸外科-副主任医师-广州医科大学附属第三医院.jpg,72014,fbe6dd99873f4170de5e32ff919b7939624ad9a4d6242e1b0d0277928ddbf188,FFD8FFE000104A4649460001,1080,1440,Upload原图,
邓楠,https://www.gy3y.cn/ks/wkxt/mnwk/doctor_329.html,实采,,https://www.gy3y.cn/Upload/202108/637636891633104237.jpg,01_试点医院/广州医科大学附属第三医院/照片/邓楠-荔湾院区泌尿外科-副主任医师-广州医科大学附属第三医院.jpg,604160,37457c4e8a22b9f9b98f2b15f75e7f94e25ddab293dba093ed32762bcace070a,FFD8FFE000104A4649460001,1666,2190,Upload原图,
秦础强,https://www.gy3y.cn/ks/wkxt/gkyq/doctor_330.html,实采,,https://www.gy3y.cn/Upload/202108/637641939883487187.jpg,01_试点医院/广州医科大学附属第三医院/照片/秦础强-荔湾院区脊柱外科-副教授-广州医科大学附属第三医院.jpg,1182742,8365e138de07380ae6638fe966c59b7cb4ce337e231939d1bb20505ab05175f3,FFD8FFE000104A4649460001,2211,2451,Upload原图,
邢艳芳,https://www.gy3y.cn/ks/nkxt/snk/doctor_331.html,实采,,https://www.gy3y.cn/Upload/202108/637648770723602701.jpg,01_试点医院/广州医科大学附属第三医院/照片/邢艳芳-荔湾院区肾内科-副主任医师-广州医科大学附属第三医院.jpg,117357,d370e0f2b2172504029654ed987d9aeb609d0b09dee6f854ad5efee8345543d4,FFD8FFE000104A4649460001,390,567,Upload原图,
林育辉,https://www.gy3y.cn/ks/nkxt/xxgnk/doctor_334.html,实采,,https://www.gy3y.cn/Upload/202108/637656795073767199.jpg,01_试点医院/广州医科大学附属第三医院/照片/林育辉-荔湾院区心血管内科-副主任医师-广州医科大学附属第三医院.jpg,199356,c09030724e4be3a5edaeb6ce819acf4b0e62e6cc16a73991e1efe101df11f6d5,FFD8FFE000104A4649460001,1461,1900,Upload原图,
张春芳,https://www.gy3y.cn/ks/fckyjs/ck/doctor_335.html,实采,,https://www.gy3y.cn/Upload/202109/637661091681891393.jpg,01_试点医院/广州医科大学附属第三医院/照片/张春芳-荔湾院区产 科（广州重症孕产妇救治中心）-副主任医师-广州医科大学附属第三医院.jpg,181910,2fd762abb6c720bb0969094a2a13298bcca6c727c1766edd693e5dfaa40f498c,FFD8FFE10F3B457869660000,602,911,Upload原图,
曾利芳,https://www.gy3y.cn/ks/nkxt/xhnk/doctor_336.html,实采,,https://www.gy3y.cn/Upload/202110/637696313727128754.jpg,01_试点医院/广州医科大学附属第三医院/照片/曾利芳-荔湾院区消化内科-副主任医师-广州医科大学附属第三医院.jpg,1328666,6b5f13ef754c29d5589f4d58bd519b5544220cae80c813685cb2484d4e801782,FFD8FFE000104A4649460001,3030,3805,Upload原图,
邵明,https://www.gy3y.cn/ks/wkxt/csgk/doctor_337.html,实采,,https://www.gy3y.cn/Upload/202506/638853335927511799.jpg,01_试点医院/广州医科大学附属第三医院/照片/邵明-荔湾院区创伤骨科-主任医师-广州医科大学附属第三医院.jpg,28314,db0e3dad4df8a1adc658e8c8c419795aba0c371415ceb4b97361e4d2e5f20e53,FFD8FFE10A5A457869660000,200,266,Upload原图,
兰海峰,https://www.gy3y.cn/ks/wkxt/csgk/doctor_338.html,实采,,https://www.gy3y.cn/Upload/202406/638549937809060151.png,01_试点医院/广州医科大学附属第三医院/照片/兰海峰-荔湾院区创伤骨科-副主任医师-广州医科大学附属第三医院.jpg,46431,655787306fbf7e6423347b87e64e6a6136bec47526fab09e180669ec3a5eaffe,FFD8FFE000104A4649460001,261,340,Upload原图,
何泓,https://www.gy3y.cn/ks/fckyjs/fk/doctor_340.html,实采,,https://www.gy3y.cn/Upload/202506/638853183033402652.jpg,01_试点医院/广州医科大学附属第三医院/照片/何泓-荔湾院区妇 科-副主任医师-广州医科大学附属第三医院.jpg,28641,c446ecd9dada0b1552593a67bbc5b29a0b0bd3223558366569eceab15a25f904,FFD8FFE10C71457869660000,200,267,Upload原图,
黄丽,https://www.gy3y.cn/ks/nkxt/snk/doctor_341.html,实采,,https://www.gy3y.cn/Upload/202112/637755916796386878.jpg,01_试点医院/广州医科大学附属第三医院/照片/黄丽-荔湾院区肾内科-副主任医师-广州医科大学附属第三医院.jpg,37807,dd459ef0cd6d5385281b2abe85a83ca5faf4997e2e1dbfafbf0a8f91aa4722dd,FFD8FFE000104A4649460001,260,354,Upload原图,
刘震,https://www.gy3y.cn/ks/mjz/kfyxk/doctor_342.html,实采,,https://www.gy3y.cn/Upload/202601/639040703046049469.png,01_试点医院/广州医科大学附属第三医院/照片/刘震-荔湾院区康复医学科-主任医师-广州医科大学附属第三医院.png,194339,23650f3fc4b3a6e42c94b5c9b73e0c4a3afc02ad590557dee3877d5f54b24827,89504E470D0A1A0A0000000D,180,269,Upload原图,
陈艳红,https://www.gy3y.cn/ks/fckyjs/ck/doctor_343.html,实采,,https://www.gy3y.cn/Upload/202201/637771528013676941.png,01_试点医院/广州医科大学附属第三医院/照片/陈艳红-荔湾院区产 科（广州重症孕产妇救治中心）-未标注-广州医科大学附属第三医院.png,1358049,bf09f4d314c75f38b55b535ead2ec4ffad702ac9f0561148b21aa6c53e52fad0,89504E470D0A1A0A0000000D,1335,1766,Upload原图,第 1 轮 HTTP 200@2026-08-17T11:32:40Z Content-Type text/plain；页面可达；照片引用=https://www.gy3y.cn/Upload/202201/637771528013676941.png；照片 HTTP 200@2026-08-17T11:32:40Z；原始字节=1358049；尺寸=1335x1766；SHA-256=bf09f4d314c75f38b55b535ead2ec4ffad702ac9f0561148b21aa6c53e52fad0；当轮冻结；第 2 轮 HTTP 200@2026-08-17T11:33:40Z Content-Type text/plain；页面可达；照片引用=https://www.gy3y.cn/Upload/202201/637771528013676941.png；已冻结第 1 轮原始照片，后续轮不覆盖；第 3 轮 HTTP 200@2026-08-17T11:34:40Z Content-Type text/plain；页面可达；照片引用=https://www.gy3y.cn/Upload/202201/637771528013676941.png；已冻结第 1 轮原始照片，后续轮不覆盖；第 4 轮 HTTP 200@2026-08-17T11:35:40Z Content-Type text/plain；页面可达；照片引用=https://www.gy3y.cn/Upload/202201/637771528013676941.png；已冻结第 1 轮原始照片，后续轮不覆盖；第 5 轮 HTTP 200@2026-08-17T11:36:40Z Content-Type text/plain；页面可达；照片引用=https://www.gy3y.cn/Upload/202201/637771528013676941.png；已冻结第 1 轮原始照片，后续轮不覆盖
李晓辉,https://www.gy3y.cn/ks/mjz/pfk/doctor_345.html,实采,,https://www.gy3y.cn/Upload/202401/638418652437938992.jpg,01_试点医院/广州医科大学附属第三医院/照片/李晓辉-荔湾院区皮肤科-副主任医师-广州医科大学附属第三医院.jpg,506707,4bbac6f14ab81e08682a4b20d6c0f33fc697dbca350b99c1b1ca65c411f3a84b,FFD8FFE113B1457869660000,1445,1985,Upload原图,
陆志锋,https://www.gy3y.cn/ks/nkxt/xxgnk/doctor_346.html,失败,详情不可达,,,,,,,,,第 1 轮 HTTP 302→200@2026-08-17T11:32:40Z Content-Type text/plain；页面标题 404；第 2 轮 HTTP 302→200@2026-08-17T11:33:40Z Content-Type text/plain；页面标题 404；第 3 轮 HTTP 302→200@2026-08-17T11:34:40Z Content-Type text/plain；页面标题 404；第 4 轮 HTTP 302→200@2026-08-17T11:35:40Z Content-Type text/plain；页面标题 404；第 5 轮 HTTP 302→200@2026-08-17T11:36:40Z Content-Type text/plain；页面标题 404
薛森新,https://www.gy3y.cn/ks/mjz/kfyxk/doctor_347.html,实采,,https://www.gy3y.cn/Upload/202207/637932399157576093.jpg,01_试点医院/广州医科大学附属第三医院/照片/薛森新-荔湾院区康复医学科-副主任医师-广州医科大学附属第三医院.jpg,596052,4c0c94fee9a520864a3a887519157b626a360a897070cab3ed791203025de7f5,FFD8FFE11271457869660000,1451,1876,Upload原图,
李舜,https://www.gy3y.cn/ks/wkxt/ttk/doctor_348.html,失败,详情不可达,,,,,,,,,第 1 轮 HTTP 302→200@2026-08-17T11:32:40Z Content-Type text/plain；页面标题 404；第 2 轮 HTTP 302→200@2026-08-17T11:33:40Z Content-Type text/plain；页面标题 404；第 3 轮 HTTP 302→200@2026-08-17T11:34:40Z Content-Type text/plain；页面标题 404；第 4 轮 HTTP 302→200@2026-08-17T11:35:40Z Content-Type text/plain；页面标题 404；第 5 轮 HTTP 302→200@2026-08-17T11:36:40Z Content-Type text/plain；页面标题 404
何雨,https://www.gy3y.cn/ks/yjbm/csyx/doctor_349.html,实采,,https://www.gy3y.cn/Upload/202301/638095490910825578.png,01_试点医院/广州医科大学附属第三医院/照片/何雨-荔湾院区超声医学科-主任医师-广州医科大学附属第三医院.png,52405,7df626d3679fb3e7894ebb8331ccffa5e1a321514d4fe1b2575b943f72e82dbb,89504E470D0A1A0A0000000D,200,266,Upload原图,
李任远,https://www.gy3y.cn/ks/nkxt/nfmk/doctor_350.html,失败,详情不可达,,,,,,,,,第 1 轮 HTTP 302→200@2026-08-17T11:32:40Z Content-Type text/plain；页面标题 404；第 2 轮 HTTP 302→200@2026-08-17T11:33:40Z Content-Type text/plain；页面标题 404；第 3 轮 HTTP 302→200@2026-08-17T11:34:40Z Content-Type text/plain；页面标题 404；第 4 轮 HTTP 302→200@2026-08-17T11:35:40Z Content-Type text/plain；页面标题 404；第 5 轮 HTTP 302→200@2026-08-17T11:36:40Z Content-Type text/plain；页面标题 404
崔英,https://www.gy3y.cn/ks/nkxt/jsyxk/doctor_351.html,实采,,https://www.gy3y.cn/Upload/202207/637932369293752968.jpg,01_试点医院/广州医科大学附属第三医院/照片/崔英-荔湾院区精神医学科-副主任医师-广州医科大学附属第三医院.jpg,796861,bdfe0e4d90ff17f8d94cae8c69aa817bc7a3a3344d856b05f9d7d2e436b5a439,FFD8FFE1136F457869660000,1735,2165,Upload原图,
杨慧民,https://www.gy3y.cn/ks/nkxt/sjnk/doctor_352.html,实采,,https://www.gy3y.cn/Upload/202207/637932971041360696.jpg,01_试点医院/广州医科大学附属第三医院/照片/杨慧民-荔湾院区神经内科-副主任医师-广州医科大学附属第三医院.jpg,673183,af7fcdd70a005af9d2503a80d5396b6c39c802053b7ccdc3d8798590fb2c0949,FFD8FFE113CF457869660000,1005,1383,Upload原图,
陈岗东,https://www.gy3y.cn/ks/wkxt/xxwk/doctor_353.html,实采,,https://www.gy3y.cn/Upload/202207/637937560904183976.JPG,01_试点医院/广州医科大学附属第三医院/照片/陈岗东-荔湾院区心胸外科-副主任医师-广州医科大学附属第三医院.jpg,922633,989bdb67685f1fbac65b5f820dce41f21dfdd553c9395c597ff6a5d066e75045,FFD8FFE1148C457869660000,1757,2234,Upload原图,
张莉,https://www.gy3y.cn/ks/nkxt/xhnk/doctor_354.html,实采,,https://www.gy3y.cn/Upload/202207/637939052158033928.jpg,01_试点医院/广州医科大学附属第三医院/照片/张莉-荔湾院区消化内科-副主任医师-广州医科大学附属第三医院.jpg,466223,bdf98b211a021a1b91d4a25078a747806dc92a26c3f674d6edb41d755bd3605f,FFD8FFE11309457869660000,1439,1969,Upload原图,
吴小兵,https://www.gy3y.cn/ks/wkxt/wcwk/doctor_355.html,实采,,https://www.gy3y.cn/Upload/202207/637939063945778510.JPG,01_试点医院/广州医科大学附属第三医院/照片/吴小兵-荔湾院区普外二区（胃肠外科）-副主任医师-广州医科大学附属第三医院.jpg,1259143,0a0da9c27817f354c4ffb6e0d578c193c5940ddd6df6e54ee0b2bfafd8e086a7,FFD8FFE11410457869660000,1851,2301,Upload原图,
潘有光,https://www.gy3y.cn/ks/wkxt/xxwk/doctor_356.html,实采,,https://www.gy3y.cn/Upload/202207/637939227568532784.png,01_试点医院/广州医科大学附属第三医院/照片/潘有光-荔湾院区心胸外科-副主任医师-广州医科大学附属第三医院.png,1337031,4ed08c75d0477e68a7d6d9ef15094f46d61df850b58c50badda911881a290edc,89504E470D0A1A0A0000000D,1007,1173,Upload原图,
应瑛,https://www.gy3y.cn/ks/fckyjs/szyxk/doctor_358.html,实采,,https://www.gy3y.cn/Upload/202301/638094765933052586.png,01_试点医院/广州医科大学附属第三医院/照片/应瑛-荔湾院区生殖医学科（生殖医学中心）-副主任医师-广州医科大学附属第三医院.png,67560,90f63be00844418dde90f6e5eb4c6164aa52b25010cbdbb3f488f6281470b6b6,89504E470D0A1A0A0000000D,200,266,Upload原图,
郭奇桑,https://www.gy3y.cn/ks/fckyjs/fk/doctor_359.html,实采,,https://www.gy3y.cn/Upload/202301/638095451534095823.png,01_试点医院/广州医科大学附属第三医院/照片/郭奇桑-荔湾院区妇 科-副主任医师-广州医科大学附属第三医院.png,67537,ddfa091f9ab70eb297ae76d80fb5018eabe8332b770742ab2d474621481c683a,89504E470D0A1A0A0000000D,200,266,Upload原图,
江岚,https://www.gy3y.cn/ks/hp/yjbm/csyxk/doctor_360.html,实采,,https://www.gy3y.cn/Upload/202301/638094744986268561.png,01_试点医院/广州医科大学附属第三医院/照片/江岚-黄埔院区超声医学科-副主任医师-广州医科大学附属第三医院.png,83536,f42e42424597e8cbe212c9f0c628f619c2efbd54fc22dd9c39420d0ee5802699,89504E470D0A1A0A0000000D,200,266,Upload原图,
刘丹丹,https://www.gy3y.cn/ks/hp/yjbm/csyxk/doctor_361.html,实采,,https://www.gy3y.cn/Upload/202301/638094745267519174.png,01_试点医院/广州医科大学附属第三医院/照片/刘丹丹-黄埔院区超声医学科-副主任医师-广州医科大学附属第三医院.png,76261,a8cd593a47a99ad3dac70df40e457f9e0e15d2a9541442956516adbaaba59399,89504E470D0A1A0A0000000D,200,266,Upload原图,
彭天文,https://www.gy3y.cn/ks/hp/fck/szyxzx/doctor_370.html,实采,,https://www.gy3y.cn/Upload/202301/638094771812017103.png,01_试点医院/广州医科大学附属第三医院/照片/彭天文-黄埔院区生殖医学中心-医师-广州医科大学附属第三医院.png,70900,0ad779d251de49199ae012f9f9a2a0a30ae7dd4247d9ca717525ce767a83505a,89504E470D0A1A0A0000000D,200,266,Upload原图,
周星楠,https://www.gy3y.cn/ks/fckyjs/pdzzzx/doctor_373.html,失败,详情不可达,,,,,,,,,第 1 轮 HTTP 302→200@2026-08-17T11:32:40Z Content-Type text/plain；页面标题 404；第 2 轮 HTTP 302→200@2026-08-17T11:33:40Z Content-Type text/plain；页面标题 404；第 3 轮 HTTP 302→200@2026-08-17T11:34:40Z Content-Type text/plain；页面标题 404；第 4 轮 HTTP 302→200@2026-08-17T11:35:40Z Content-Type text/plain；页面标题 404；第 5 轮 HTTP 302→200@2026-08-17T11:36:40Z Content-Type text/plain；页面标题 404
马媛媛,https://www.gy3y.cn/ks/fckyjs/pdzzzx/doctor_374.html,失败,详情不可达,,,,,,,,,第 1 轮 HTTP 302→200@2026-08-17T11:32:40Z Content-Type text/plain；页面标题 404；第 2 轮 HTTP 302→200@2026-08-17T11:33:40Z Content-Type text/plain；页面标题 404；第 3 轮 HTTP 302→200@2026-08-17T11:34:40Z Content-Type text/plain；页面标题 404；第 4 轮 HTTP 302→200@2026-08-17T11:35:40Z Content-Type text/plain；页面标题 404；第 5 轮 HTTP 302→200@2026-08-17T11:36:40Z Content-Type text/plain；页面标题 404
谭湘萍,https://www.gy3y.cn/ks/hp/yjbm/yxb/doctor_377.html,实采,,https://www.gy3y.cn/Upload/202301/638094796783505034.png,01_试点医院/广州医科大学附属第三医院/照片/谭湘萍-黄埔院区药学部-主任药师-广州医科大学附属第三医院.png,55136,cb516f8d3f847d199e90f24cd65998f07dbe6a2203e061f01d8ce36c752355d0,89504E470D0A1A0A0000000D,200,266,Upload原图,
梅峥嵘,https://www.gy3y.cn/ks/hp/yjbm/yxb/doctor_378.html,实采,,https://www.gy3y.cn/Upload/202301/638094796665848207.png,01_试点医院/广州医科大学附属第三医院/照片/梅峥嵘-黄埔院区药学部-主任药师-广州医科大学附属第三医院.png,55719,b1532489ba25f28d165da95e560aa39318153ff753015bb3e50306bd4f9d54c8,89504E470D0A1A0A0000000D,200,266,Upload原图,
王颖,https://www.gy3y.cn/ks/hp/yjbm/yxb/doctor_379.html,实采,,https://www.gy3y.cn/Upload/202301/638094796483660280.png,01_试点医院/广州医科大学附属第三医院/照片/王颖-黄埔院区药学部-副主任药师-广州医科大学附属第三医院.png,50906,3e70ccb589fd89f46bc2073caf2bb9de7bf7f193da580c9d666d0212e27b6f9b,89504E470D0A1A0A0000000D,200,266,Upload原图,
王勇,https://www.gy3y.cn/ks/hp/ek/xewk/doctor_382.html,实采,,https://www.gy3y.cn/Upload/202301/638094812234564843.png,01_试点医院/广州医科大学附属第三医院/照片/王勇-黄埔院区小儿外科-主任医师-广州医科大学附属第三医院.png,68359,0f574383aef0c0f01be9054c082e5efb6a4a41604913de28a1f23782a51f0d69,89504E470D0A1A0A0000000D,200,266,Upload原图,
麦慧,https://www.gy3y.cn/ks/hp/yjbm/fsk/doctor_393.html,实采,,https://www.gy3y.cn/Upload/202301/638106712565598888.png,01_试点医院/广州医科大学附属第三医院/照片/麦慧-黄埔院区医学影像科-副主任医师-广州医科大学附属第三医院.png,72888,15ae1adc01e47b1180e151a5a9d8425ef2499c630f703f81d92877817381b4fe,89504E470D0A1A0A0000000D,200,266,Upload原图,
周军,https://www.gy3y.cn/ks/wkxt/wcwk/doctor_401.html,失败,详情不可达,,,,,,,,,第 1 轮 HTTP 302→200@2026-08-17T11:32:40Z Content-Type text/plain；页面标题 404；第 2 轮 HTTP 302→200@2026-08-17T11:33:40Z Content-Type text/plain；页面标题 404；第 3 轮 HTTP 302→200@2026-08-17T11:34:40Z Content-Type text/plain；页面标题 404；第 4 轮 HTTP 302→200@2026-08-17T11:35:40Z Content-Type text/plain；页面标题 404；第 5 轮 HTTP 302→200@2026-08-17T11:36:40Z Content-Type text/plain；页面标题 404
王晓怡,https://www.gy3y.cn/ks/hp/fck/ck/doctor_402.html,实采,,https://www.gy3y.cn/Upload/202302/638109274757736311.png,01_试点医院/广州医科大学附属第三医院/照片/王晓怡-黄埔院区产科-主任医师-广州医科大学附属第三医院.png,53657,d51a381d9063b4eb0e258a6695fb4578d51588b18b0345ed4e963ccd24c9e69a,89504E470D0A1A0A0000000D,200,266,Upload原图,
王永,https://www.gy3y.cn/ks/hp/fck/ck/doctor_403.html,实采,,https://www.gy3y.cn/Upload/202302/638119655199483858.jpg,01_试点医院/广州医科大学附属第三医院/照片/王永-黄埔院区产科-副主任医师-广州医科大学附属第三医院.jpg,28767,9f57760697cf677a4fcad4fa3d9487ab17582fd314ff6503f4de28d39d7b37d6,FFD8FFE10A34457869660000,200,266,Upload原图,
印贤琴,https://www.gy3y.cn/ks/hp/fck/ck/doctor_404.html,实采,,https://www.gy3y.cn/Upload/202302/638109278268481896.png,01_试点医院/广州医科大学附属第三医院/照片/印贤琴-黄埔院区产科-副主任医师-广州医科大学附属第三医院.png,55381,93a698f33e204e2ba4c2bb20a1a01fb52b2eb2c03333ae3bdc46863b3743d4e4,89504E470D0A1A0A0000000D,200,266,Upload原图,
陈娟娟,https://www.gy3y.cn/ks/hp/fck/teyxycqzdk/doctor_405.html,实采,,https://www.gy3y.cn/Upload/202302/638109289085129168.png,01_试点医院/广州医科大学附属第三医院/照片/陈娟娟-黄埔院区胎儿医学与产前诊断科-副主任医师-广州医科大学附属第三医院.png,50207,90c982f6300428ea51576bd52aa36d1a4c1296830b28be55c344416c59ff40cc,89504E470D0A1A0A0000000D,200,266,Upload原图,
刘予,https://www.gy3y.cn/ks/hp/fck/teyxycqzdk/doctor_406.html,实采,,https://www.gy3y.cn/Upload/202302/638109289784015438.png,01_试点医院/广州医科大学附属第三医院/照片/刘予-黄埔院区胎儿医学与产前诊断科-副主任医师-广州医科大学附属第三医院.png,47682,64209c97a726e9bb440d8b338e23840df0dc0f703699e1405dd39e191f6beeac,89504E470D0A1A0A0000000D,200,266,Upload原图,
谢丽春,https://www.gy3y.cn/ks/hp/ek/xenk/doctor_410.html,实采,,https://www.gy3y.cn/Upload/202302/638109345544292938.png,01_试点医院/广州医科大学附属第三医院/照片/谢丽春-黄埔院区儿科-副主任医师-广州医科大学附属第三医院.png,74116,685b9b6a9b20ad79d45628d4053ec8b09f6a7bb20748b51e4c2e4718873b1073,89504E470D0A1A0A0000000D,200,266,Upload原图,
冯帼,https://www.gy3y.cn/ks/hp/ek/etbjk/doctor_411.html,失败,详情不可达,,,,,,,,,第 1 轮 HTTP 302→200@2026-08-17T11:32:40Z Content-Type text/plain；页面标题 404；第 2 轮 HTTP 302→200@2026-08-17T11:33:40Z Content-Type text/plain；页面标题 404；第 3 轮 HTTP 302→200@2026-08-17T11:34:40Z Content-Type text/plain；页面标题 404；第 4 轮 HTTP 302→200@2026-08-17T11:35:40Z Content-Type text/plain；页面标题 404；第 5 轮 HTTP 302→200@2026-08-17T11:36:40Z Content-Type text/plain；页面标题 404
伦浩,https://www.gy3y.cn/ks/hp/yjbm/yxb/doctor_416.html,实采,,https://www.gy3y.cn/Upload/202302/638116432855641396.png,01_试点医院/广州医科大学附属第三医院/照片/伦浩-黄埔院区药学部-副主任药师-广州医科大学附属第三医院.png,58380,796344843c2577c50b8147717b7ca0401587afc7deb26952997e7e0c15ea05b7,89504E470D0A1A0A0000000D,200,266,Upload原图,
高元妹,https://www.gy3y.cn/ks/nkxt/hxnk/doctor_422.html,失败,详情不可达,,,,,,,,,第 1 轮 HTTP 302→200@2026-08-17T11:32:40Z Content-Type text/plain；页面标题 404；第 2 轮 HTTP 302→200@2026-08-17T11:33:40Z Content-Type text/plain；页面标题 404；第 3 轮 HTTP 302→200@2026-08-17T11:34:40Z Content-Type text/plain；页面标题 404；第 4 轮 HTTP 302→200@2026-08-17T11:35:40Z Content-Type text/plain；页面标题 404；第 5 轮 HTTP 302→200@2026-08-17T11:36:40Z Content-Type text/plain；页面标题 404
温戈,https://www.gy3y.cn/ks/yjbm/hyxfszlk/doctor_423.html,实采,,https://www.gy3y.cn/Upload/202303/638151608807296694.jpg,01_试点医院/广州医科大学附属第三医院/照片/温戈-荔湾院区核医学科-副主任医师-广州医科大学附属第三医院.jpg,22678,072f1297c2c1564b091119da15d1c63443446435c6cd400764ba17554bc93e5c,FFD8FFE000104A4649460001,380,506,Upload原图,
刘佳,https://www.gy3y.cn/ks/mjz/lcyyk/doctor_426.html,失败,详情不可达,,,,,,,,,第 1 轮 HTTP 302→200@2026-08-17T11:32:40Z Content-Type text/plain；页面标题 404；第 2 轮 HTTP 302→200@2026-08-17T11:33:40Z Content-Type text/plain；页面标题 404；第 3 轮 HTTP 302→200@2026-08-17T11:34:40Z Content-Type text/plain；页面标题 404；第 4 轮 HTTP 302→200@2026-08-17T11:35:40Z Content-Type text/plain；页面标题 404；第 5 轮 HTTP 302→200@2026-08-17T11:36:40Z Content-Type text/plain；页面标题 404
李林艳,https://www.gy3y.cn/ks/mjz/lcyyk/doctor_427.html,失败,详情不可达,,,,,,,,,第 1 轮 HTTP 302→200@2026-08-17T11:32:40Z Content-Type text/plain；页面标题 404；第 2 轮 HTTP 302→200@2026-08-17T11:33:40Z Content-Type text/plain；页面标题 404；第 3 轮 HTTP 302→200@2026-08-17T11:34:40Z Content-Type text/plain；页面标题 404；第 4 轮 HTTP 302→200@2026-08-17T11:35:40Z Content-Type text/plain；页面标题 404；第 5 轮 HTTP 302→200@2026-08-17T11:36:40Z Content-Type text/plain；页面标题 404
徐学虎,https://www.gy3y.cn/ks/wkxt/wcwk/doctor_437.html,失败,详情不可达,,,,,,,,,第 1 轮 HTTP 302→200@2026-08-17T11:32:40Z Content-Type text/plain；页面标题 404；第 2 轮 HTTP 302→200@2026-08-17T11:33:40Z Content-Type text/plain；页面标题 404；第 3 轮 HTTP 302→200@2026-08-17T11:34:40Z Content-Type text/plain；页面标题 404；第 4 轮 HTTP 302→200@2026-08-17T11:35:40Z Content-Type text/plain；页面标题 404；第 5 轮 HTTP 302→200@2026-08-17T11:36:40Z Content-Type text/plain；页面标题 404
唐毅,https://www.gy3y.cn/ks/wkxt/rxwk/doctor_438.html,失败,详情不可达,,,,,,,,,第 1 轮 HTTP 302→200@2026-08-17T11:32:40Z Content-Type text/plain；页面标题 404；第 2 轮 HTTP 302→200@2026-08-17T11:33:40Z Content-Type text/plain；页面标题 404；第 3 轮 HTTP 302→200@2026-08-17T11:34:40Z Content-Type text/plain；页面标题 404；第 4 轮 HTTP 302→200@2026-08-17T11:35:40Z Content-Type text/plain；页面标题 404；第 5 轮 HTTP 302→200@2026-08-17T11:36:40Z Content-Type text/plain；页面标题 404
徐鋆耀,https://www.gy3y.cn/ks/wkxt/pwyq/doctor_444.html,实采,,https://www.gy3y.cn/Upload/202411/638681464682174598.jpg,01_试点医院/广州医科大学附属第三医院/照片/徐鋆耀-荔湾院区普外一区（肝胆外科）-主任医师-广州医科大学附属第三医院.jpg,391216,942b8633c1e96cfcdffbef3d3cfb6707a9d34e72d6795ae1ab66ac80b08a800b,FFD8FFE000104A4649460001,1524,2027,Upload原图,
熊中堂,https://www.gy3y.cn/ks/yjbm/blk/doctor_445.html,失败,详情不可达,,,,,,,,,第 1 轮 HTTP 302→200@2026-08-17T11:32:40Z Content-Type text/plain；页面标题 404；第 2 轮 HTTP 302→200@2026-08-17T11:33:40Z Content-Type text/plain；页面标题 404；第 3 轮 HTTP 302→200@2026-08-17T11:34:40Z Content-Type text/plain；页面标题 404；第 4 轮 HTTP 302→200@2026-08-17T11:35:40Z Content-Type text/plain；页面标题 404；第 5 轮 HTTP 302→200@2026-08-17T11:36:40Z Content-Type text/plain；页面标题 404
王娜,https://www.gy3y.cn/ks/yjbm/blk/doctor_446.html,失败,详情不可达,,,,,,,,,第 1 轮 HTTP 302→200@2026-08-17T11:32:40Z Content-Type text/plain；页面标题 404；第 2 轮 HTTP 302→200@2026-08-17T11:33:40Z Content-Type text/plain；页面标题 404；第 3 轮 HTTP 302→200@2026-08-17T11:34:40Z Content-Type text/plain；页面标题 404；第 4 轮 HTTP 302→200@2026-08-17T11:35:40Z Content-Type text/plain；页面标题 404；第 5 轮 HTTP 302→200@2026-08-17T11:36:40Z Content-Type text/plain；页面标题 404
易爱文,https://www.gy3y.cn/ks/hp/ek/etbjk/doctor_447.html,实采,,https://www.gy3y.cn/Upload/202306/638222505461871689.png,01_试点医院/广州医科大学附属第三医院/照片/易爱文-黄埔院区儿童保健科-主任医师-广州医科大学附属第三医院.png,191086,eb89deddd12457bf6a61ec1d63b0ab68c260e35126b6cd3664ceaca5fd1c2c8d,89504E470D0A1A0A0000000D,374,499,Upload原图,
郭旭光,https://www.gy3y.cn/ks/yjbm/jyk/doctor_448.html,实采,,https://www.gy3y.cn/Upload/202309/638300513881558889.JPG,01_试点医院/广州医科大学附属第三医院/照片/郭旭光-荔湾院区检验科-主任技师-广州医科大学附属第三医院.jpg,255409,064514f94055b08094d909b69577423a546f55adf28bd3f9a1b0df1eb326dd73,FFD8FFE11323457869660000,1000,1300,Upload原图,
李磊,https://www.gy3y.cn/ks/yjbm/jyk/doctor_449.html,实采,,https://www.gy3y.cn/Upload/202309/638300514560480106.JPG,01_试点医院/广州医科大学附属第三医院/照片/李磊-荔湾院区检验科-副主任技师-广州医科大学附属第三医院.jpg,172089,35c829af94bdbafeae912f238e8aa1464a490bf20a485c2afee7246f64c48e62,FFD8FFE1149A457869660000,1000,1300,Upload原图,
姜翙,https://www.gy3y.cn/ks/hp/fck/fk/doctor_450.html,实采,,https://www.gy3y.cn/Upload/202401/638417025195450585.jpg,01_试点医院/广州医科大学附属第三医院/照片/姜翙-黄埔院区妇科-主任医师-广州医科大学附属第三医院.jpg,2678050,15c0ae7bf33e3642f9a0bab69d6b6b695734b0dc6b92268cd2885122ccccf2d1,FFD8FFE000104A4649460001,1918,2558,Upload原图,
徐文婷,https://www.gy3y.cn/ks/hp/nk/hxywzzyxk/doctor_451.html,失败,详情不可达,,,,,,,,,第 1 轮 HTTP 302→200@2026-08-17T11:32:40Z Content-Type text/plain；页面标题 404；第 2 轮 HTTP 302→200@2026-08-17T11:33:40Z Content-Type text/plain；页面标题 404；第 3 轮 HTTP 302→200@2026-08-17T11:34:40Z Content-Type text/plain；页面标题 404；第 4 轮 HTTP 302→200@2026-08-17T11:35:40Z Content-Type text/plain；页面标题 404；第 5 轮 HTTP 302→200@2026-08-17T11:36:40Z Content-Type text/plain；页面标题 404
陈戎,https://www.gy3y.cn/ks/wkxt/wcwk/doctor_452.html,失败,详情不可达,,,,,,,,,第 1 轮 HTTP 302→200@2026-08-17T11:32:40Z Content-Type text/plain；页面标题 404；第 2 轮 HTTP 302→200@2026-08-17T11:33:40Z Content-Type text/plain；页面标题 404；第 3 轮 HTTP 302→200@2026-08-17T11:34:40Z Content-Type text/plain；页面标题 404；第 4 轮 HTTP 302→200@2026-08-17T11:35:40Z Content-Type text/plain；页面标题 404；第 5 轮 HTTP 302→200@2026-08-17T11:36:40Z Content-Type text/plain；页面标题 404
张颖,https://www.gy3y.cn/ks/mjz/pfk/doctor_453.html,实采,,https://www.gy3y.cn/Upload/202401/638418653007922382.jpg,01_试点医院/广州医科大学附属第三医院/照片/张颖-荔湾院区皮肤科-副主任医师-广州医科大学附属第三医院.jpg,756370,d5cbd3e71f31e3d37601aed8fd65e97b36a15632ad95358dfa22aaca0cbdab5b,FFD8FFE113E0457869660000,2171,3102,Upload原图,
易江华,https://www.gy3y.cn/ks/mjz/pfk/doctor_454.html,实采,,https://www.gy3y.cn/Upload/202401/638418652791377241.JPG,01_试点医院/广州医科大学附属第三医院/照片/易江华-荔湾院区皮肤科-主治医师-广州医科大学附属第三医院.jpg,695849,520f3b85e76219371a1be6fd28c9f55eaac707f2fec3def0701a9339e97963bb,FFD8FFE11498457869660000,1749,2255,Upload原图,
廖梦怡,https://www.gy3y.cn/ks/mjz/pfk/doctor_455.html,实采,,https://www.gy3y.cn/Upload/202401/638418651841043905.jpg,01_试点医院/广州医科大学附属第三医院/照片/廖梦怡-荔湾院区皮肤科-主治中医师-广州医科大学附属第三医院.jpg,1667956,185e0096084b28d0f1dd442775cdb1c9ae8ef7ea7a2732f148c7dc96b18a8f9a,FFD8FFE113C8457869660000,2585,3430,Upload原图,
辛甜甜,https://www.gy3y.cn/ks/mjz/pfk/doctor_456.html,实采,,https://www.gy3y.cn/Upload/202401/638418655271017660.jpg,01_试点医院/广州医科大学附属第三医院/照片/辛甜甜-荔湾院区皮肤科-主治医师-广州医科大学附属第三医院.jpg,467183,db261c29fcafb2d6870e5bd190564f117f11ed4a6b6093c9232f2c4b79fe5269,FFD8FFE11333457869660000,1481,1915,Upload原图,
李茗芳,https://www.gy3y.cn/ks/mjz/pfk/doctor_457.html,实采,,https://www.gy3y.cn/Upload/202401/638418652256219940.jpg,01_试点医院/广州医科大学附属第三医院/照片/李茗芳-荔湾院区皮肤科-住院医师-广州医科大学附属第三医院.jpg,808032,c3136f67c52ee0ca8dedf405a49576151a3767fe0ba364b72ebf8c1e07f36446,FFD8FFE10022457869660000,2348,3120,Upload原图,
刘诗琪,https://www.gy3y.cn/ks/mjz/pfk/doctor_458.html,实采,,https://www.gy3y.cn/Upload/202401/638418652605751846.jpg,01_试点医院/广州医科大学附属第三医院/照片/刘诗琪-荔湾院区皮肤科-住院医师-广州医科大学附属第三医院.jpg,708704,2acc214a142643c5ae3ed027cb3a1c10b61dfe283680a2921020345272e20d1a,FFD8FFE115FB457869660000,1871,2402,Upload原图,
周咪咪,https://www.gy3y.cn/ks/yjbm/jrfs/doctor_459.html,实采,,https://www.gy3y.cn/Upload/202310/638340002015663181.jpg,01_试点医院/广州医科大学附属第三医院/照片/周咪咪-荔湾院区介入放射-未标注-广州医科大学附属第三医院.jpg,1000444,8ecd04d80f04d4967cee54e4337c297a0041deb893f36ee5a677c195d02000c9,FFD8FFE112DF457869660000,1344,1788,Upload原图,第 1 轮 HTTP 200@2026-08-17T11:32:40Z Content-Type text/plain；页面可达；照片引用=https://www.gy3y.cn/Upload/202310/638340002015663181.jpg；照片 HTTP 200@2026-08-17T11:32:40Z；原始字节=1000444；尺寸=1344x1788；SHA-256=8ecd04d80f04d4967cee54e4337c297a0041deb893f36ee5a677c195d02000c9；当轮冻结；第 2 轮 HTTP 200@2026-08-17T11:33:40Z Content-Type text/plain；页面可达；照片引用=https://www.gy3y.cn/Upload/202310/638340002015663181.jpg；已冻结第 1 轮原始照片，后续轮不覆盖；第 3 轮 HTTP 200@2026-08-17T11:34:40Z Content-Type text/plain；页面可达；照片引用=https://www.gy3y.cn/Upload/202310/638340002015663181.jpg；已冻结第 1 轮原始照片，后续轮不覆盖；第 4 轮 HTTP 200@2026-08-17T11:35:40Z Content-Type text/plain；页面可达；照片引用=https://www.gy3y.cn/Upload/202310/638340002015663181.jpg；已冻结第 1 轮原始照片，后续轮不覆盖；第 5 轮 HTTP 200@2026-08-17T11:36:40Z Content-Type text/plain；页面可达；照片引用=https://www.gy3y.cn/Upload/202310/638340002015663181.jpg；已冻结第 1 轮原始照片，后续轮不覆盖
沈华伟,https://www.gy3y.cn/ks/yjbm/jrfs/doctor_460.html,实采,,https://www.gy3y.cn/Upload/202310/638340002635408436.jpg,01_试点医院/广州医科大学附属第三医院/照片/沈华伟-荔湾院区介入放射-未标注-广州医科大学附属第三医院.jpg,574058,64399d25cc0d7db010e177cc42ca7823c49b4d784903b124bfe90d3f8c12f1aa,FFD8FFE111E3457869660000,1344,1788,Upload原图,第 1 轮 HTTP 200@2026-08-17T11:32:40Z Content-Type text/plain；页面可达；照片引用=https://www.gy3y.cn/Upload/202310/638340002635408436.jpg；照片 HTTP 200@2026-08-17T11:32:40Z；原始字节=574058；尺寸=1344x1788；SHA-256=64399d25cc0d7db010e177cc42ca7823c49b4d784903b124bfe90d3f8c12f1aa；当轮冻结；第 2 轮 HTTP 200@2026-08-17T11:33:40Z Content-Type text/plain；页面可达；照片引用=https://www.gy3y.cn/Upload/202310/638340002635408436.jpg；已冻结第 1 轮原始照片，后续轮不覆盖；第 3 轮 HTTP 200@2026-08-17T11:34:40Z Content-Type text/plain；页面可达；照片引用=https://www.gy3y.cn/Upload/202310/638340002635408436.jpg；已冻结第 1 轮原始照片，后续轮不覆盖；第 4 轮 HTTP 200@2026-08-17T11:35:40Z Content-Type text/plain；页面可达；照片引用=https://www.gy3y.cn/Upload/202310/638340002635408436.jpg；已冻结第 1 轮原始照片，后续轮不覆盖；第 5 轮 HTTP 200@2026-08-17T11:36:40Z Content-Type text/plain；页面可达；照片引用=https://www.gy3y.cn/Upload/202310/638340002635408436.jpg；已冻结第 1 轮原始照片，后续轮不覆盖
龙文,https://www.gy3y.cn/ks/yjbm/jrfs/doctor_461.html,实采,,https://www.gy3y.cn/Upload/202310/638340002950765244.jpg,01_试点医院/广州医科大学附属第三医院/照片/龙文-荔湾院区介入放射-未标注-广州医科大学附属第三医院.jpg,666758,cc5c95e41c7de8effff80196f7d4e9092c5995e196115e69647d2da2c4fcc303,FFD8FFE1143F457869660000,1344,1788,Upload原图,第 1 轮 HTTP 200@2026-08-17T11:32:40Z Content-Type text/plain；页面可达；照片引用=https://www.gy3y.cn/Upload/202310/638340002950765244.jpg；照片 HTTP 200@2026-08-17T11:32:40Z；原始字节=666758；尺寸=1344x1788；SHA-256=cc5c95e41c7de8effff80196f7d4e9092c5995e196115e69647d2da2c4fcc303；当轮冻结；第 2 轮 HTTP 200@2026-08-17T11:33:40Z Content-Type text/plain；页面可达；照片引用=https://www.gy3y.cn/Upload/202310/638340002950765244.jpg；已冻结第 1 轮原始照片，后续轮不覆盖；第 3 轮 HTTP 200@2026-08-17T11:34:40Z Content-Type text/plain；页面可达；照片引用=https://www.gy3y.cn/Upload/202310/638340002950765244.jpg；已冻结第 1 轮原始照片，后续轮不覆盖；第 4 轮 HTTP 200@2026-08-17T11:35:40Z Content-Type text/plain；页面可达；照片引用=https://www.gy3y.cn/Upload/202310/638340002950765244.jpg；已冻结第 1 轮原始照片，后续轮不覆盖；第 5 轮 HTTP 200@2026-08-17T11:36:40Z Content-Type text/plain；页面可达；照片引用=https://www.gy3y.cn/Upload/202310/638340002950765244.jpg；已冻结第 1 轮原始照片，后续轮不覆盖
刘树基,https://www.gy3y.cn/ks/mjz/qk/doctor_463.html,失败,详情不可达,,,,,,,,,第 1 轮 HTTP 302→200@2026-08-17T11:32:40Z Content-Type text/plain；页面标题 404；第 2 轮 HTTP 302→200@2026-08-17T11:33:40Z Content-Type text/plain；页面标题 404；第 3 轮 HTTP 302→200@2026-08-17T11:34:40Z Content-Type text/plain；页面标题 404；第 4 轮 HTTP 302→200@2026-08-17T11:35:40Z Content-Type text/plain；页面标题 404；第 5 轮 HTTP 302→200@2026-08-17T11:36:40Z Content-Type text/plain；页面标题 404
朱慧儿,https://www.gy3y.cn/ks/hp/mjz/qk/doctor_464.html,实采,,https://www.gy3y.cn/Upload/202401/638416190720894692.jpg,01_试点医院/广州医科大学附属第三医院/照片/朱慧儿-黄埔院区全科医学科-副主任医师-广州医科大学附属第三医院.jpg,167381,297e65671b370bad270e7b3856ca14d5f5eff87b0e61700abe0547751981a2fb,FFD8FFE000104A4649460001,1080,1500,Upload原图,
吴时光,https://www.gy3y.cn/ks/hp/ek/xenk/doctor_465.html,实采,,https://www.gy3y.cn/Upload/202401/638416986680247644.png,01_试点医院/广州医科大学附属第三医院/照片/吴时光-黄埔院区儿科-主任医师-广州医科大学附属第三医院.png,191776,9a44d9f952d01836843c7b62effac1f3c1e1c61414fcee82142569692593db9f,89504E470D0A1A0A0000000D,380,488,Upload原图,
林晓源,https://www.gy3y.cn/ks/hp/ek/xenk/doctor_466.html,实采,,https://www.gy3y.cn/Upload/202401/638417003775507019.jpg,01_试点医院/广州医科大学附属第三医院/照片/林晓源-黄埔院区儿科-主任医师-广州医科大学附属第三医院.jpg,8516,3c9af9f12eeae205cca3e326a7aa3a415065cebded4c847c3d7c9ceaf320ae64,FFD8FFE000104A4649460001,202,267,Upload原图,
高红,https://www.gy3y.cn/ks/hp/fck/ck/doctor_467.html,实采,,https://www.gy3y.cn/Upload/202401/638417897535365146.png,01_试点医院/广州医科大学附属第三医院/照片/高红-黄埔院区产科-主任医师-广州医科大学附属第三医院.png,109989,8e5c1111a23b06385059e4e32ebe03633a7561dc7973cc461105973ae1ec2116,89504E470D0A1A0A0000000D,337,410,Upload原图,
彭宇华,https://www.gy3y.cn/ks/hp/mjz/jzk/doctor_468.html,实采,,https://www.gy3y.cn/Upload/202402/638439318935141266.jpg,01_试点医院/广州医科大学附属第三医院/照片/彭宇华-黄埔院区急诊科-副主任医师-广州医科大学附属第三医院.jpg,359683,cc1f9153fba0292130b96b5fd50da5f0efc974857bbc74a9fa071e67e4b1dec8,FFD8FFE1146C457869660000,1097,1453,Upload原图,
张文华,https://www.gy3y.cn/ks/wkxt/mzk/doctor_469.html,失败,详情不可达,,,,,,,,,第 1 轮 HTTP 302→200@2026-08-17T11:32:40Z Content-Type text/plain；页面标题 404；第 2 轮 HTTP 302→200@2026-08-17T11:33:40Z Content-Type text/plain；页面标题 404；第 3 轮 HTTP 302→200@2026-08-17T11:34:40Z Content-Type text/plain；页面标题 404；第 4 轮 HTTP 302→200@2026-08-17T11:35:40Z Content-Type text/plain；页面标题 404；第 5 轮 HTTP 302→200@2026-08-17T11:36:40Z Content-Type text/plain；页面标题 404
王志坚,https://www.gy3y.cn/ks/hp/fck/ck/doctor_470.html,实采,,https://www.gy3y.cn/Upload/202404/638481873879723025.jpg,01_试点医院/广州医科大学附属第三医院/照片/王志坚-黄埔院区产科-主任医师-广州医科大学附属第三医院.jpg,13475,81d350bad9f0f0df78f8a4f9770b46d1f597a78f5a77100a1405343f8ebf9351,FFD8FFE000104A4649460001,319,410,Upload原图,
王伟伟,https://www.gy3y.cn/ks/hp/fck/teyxycqzdk/doctor_471.html,实采,,https://www.gy3y.cn/Upload/202404/638482667086206106.png,01_试点医院/广州医科大学附属第三医院/照片/王伟伟-黄埔院区胎儿医学与产前诊断科-副主任医师-广州医科大学附属第三医院.png,101058,2b316db6a14edc86b9562fd08e1d47fd90fa81f33c59741029fa14d53f60c000,89504E470D0A1A0A0000000D,276,391,Upload原图,
熊英,https://www.gy3y.cn/ks/hp/fck/fk/doctor_472.html,实采,,https://www.gy3y.cn/Upload/202404/638490334331769334.jpg,01_试点医院/广州医科大学附属第三医院/照片/熊英-黄埔院区妇科-主任医师-广州医科大学附属第三医院.jpg,107976,0393dcdb8baf5817a0f165e0c8dbca46ce86e28fa7f08927fc6787da176d8f27,FFD8FFE000104A4649460001,1080,1440,Upload原图,
王明俊,https://www.gy3y.cn/ks/wkxt/pwyq/doctor_473.html,失败,详情不可达,,,,,,,,,第 1 轮 HTTP 302→200@2026-08-17T11:32:40Z Content-Type text/plain；页面标题 404；第 2 轮 HTTP 302→200@2026-08-17T11:33:40Z Content-Type text/plain；页面标题 404；第 3 轮 HTTP 302→200@2026-08-17T11:34:40Z Content-Type text/plain；页面标题 404；第 4 轮 HTTP 302→200@2026-08-17T11:35:40Z Content-Type text/plain；页面标题 404；第 5 轮 HTTP 302→200@2026-08-17T11:36:40Z Content-Type text/plain；页面标题 404
罗恒聪,https://www.gy3y.cn/ks/nkxt/nfmk/doctor_474.html,实采,,https://www.gy3y.cn/Upload/202405/638525070518729108.jpg,01_试点医院/广州医科大学附属第三医院/照片/罗恒聪-荔湾院区内分泌代谢科-副主任医师-广州医科大学附属第三医院.jpg,205167,efae11fa9852f939aae093d0548c1abaaf20fea72bdb386ae1b66b0293b5a41f,FFD8FFE000104A4649460001,1462,1900,Upload原图,
刘松,https://www.gy3y.cn/ks/wkxt/gkyq/doctor_475.html,实采,,https://www.gy3y.cn/Upload/202406/638549925182532273.png,01_试点医院/广州医科大学附属第三医院/照片/刘松-荔湾院区脊柱外科-主治医师-广州医科大学附属第三医院.png,750616,8a46b73cba4a679d3cdc00eb8c715f8bb9ec5a4c3c4e145038015e59a88a5812,89504E470D0A1A0A0000000D,386,485,Upload原图,
张清顺,https://www.gy3y.cn/ks/wkxt/gkyq/doctor_476.html,实采,,https://www.gy3y.cn/Upload/202406/638549925735155146.png,01_试点医院/广州医科大学附属第三医院/照片/张清顺-荔湾院区脊柱外科-主治医师-广州医科大学附属第三医院.png,128238,e1eb4e04e6b80c6f757a70b3004778ba764e1421e61f12edc9fca03bc677a2b8,89504E470D0A1A0A0000000D,339,471,Upload原图,
王智勇,https://www.gy3y.cn/ks/wkxt/gkeq/doctor_477.html,实采,,https://www.gy3y.cn/Upload/202406/638549930231284002.png,01_试点医院/广州医科大学附属第三医院/照片/王智勇-荔湾院区关节外科-副教授-广州医科大学附属第三医院.jpg,30177,4fd70d75a7249b6db6d3d7f5388b90429ce237ff671c323eee09d0298a4087c8,FFD8FFE000104A4649460001,267,297,Upload原图,
杨展翔,https://www.gy3y.cn/ks/wkxt/csgk/doctor_478.html,实采,,https://www.gy3y.cn/Upload/202406/638549936522293356.png,01_试点医院/广州医科大学附属第三医院/照片/杨展翔-荔湾院区创伤骨科-主治医师-广州医科大学附属第三医院.png,430928,f7ce89ba5595c40f7905873425e87d0df6221bfa978dd9b60a3f15a1e7c79006,89504E470D0A1A0A0000000D,272,395,Upload原图,
尹德龙,https://www.gy3y.cn/ks/wkxt/csgk/doctor_479.html,实采,,https://www.gy3y.cn/Upload/202406/638549937148209328.png,01_试点医院/广州医科大学附属第三医院/照片/尹德龙-荔湾院区创伤骨科-副主任医师-广州医科大学附属第三医院.jpg,30810,5586e224a1e22543afd6ac7ddbf1552978952f89f64beb4891ba8b9f3d256397,FFD8FFE000104A4649460001,231,284,Upload原图,
梁桂玲,https://www.gy3y.cn/ks/hp/fck/ck/doctor_480.html,失败,详情不可达,,,,,,,,,第 1 轮 HTTP 302→200@2026-08-17T11:32:40Z Content-Type text/plain；页面标题 404；第 2 轮 HTTP 302→200@2026-08-17T11:33:40Z Content-Type text/plain；页面标题 404；第 3 轮 HTTP 302→200@2026-08-17T11:34:40Z Content-Type text/plain；页面标题 404；第 4 轮 HTTP 302→200@2026-08-17T11:35:40Z Content-Type text/plain；页面标题 404；第 5 轮 HTTP 302→200@2026-08-17T11:36:40Z Content-Type text/plain；页面标题 404
张园,https://www.gy3y.cn/ks/hp/nk/hxywzzyxk/doctor_481.html,失败,详情不可达,,,,,,,,,第 1 轮 HTTP 302→200@2026-08-17T11:32:40Z Content-Type text/plain；页面标题 404；第 2 轮 HTTP 302→200@2026-08-17T11:33:40Z Content-Type text/plain；页面标题 404；第 3 轮 HTTP 302→200@2026-08-17T11:34:40Z Content-Type text/plain；页面标题 404；第 4 轮 HTTP 302→200@2026-08-17T11:35:40Z Content-Type text/plain；页面标题 404；第 5 轮 HTTP 302→200@2026-08-17T11:36:40Z Content-Type text/plain；页面标题 404
林琳,https://www.gy3y.cn/ks/hp/fck/ck/doctor_482.html,实采,,https://www.gy3y.cn/Upload/202408/638599361676706365.jpg,01_试点医院/广州医科大学附属第三医院/照片/林琳-黄埔院区产科-副主任医师-广州医科大学附属第三医院.jpg,29671,f62cbff55522bbbe087f2d5c73b5053bb4ef5b1df212bf54eb06a1577c8622d5,FFD8FFE000104A4649460001,358,477,Upload原图,
林 琳,https://www.gy3y.cn/ks/mjz/tjzx/doctor_491.html,实采,,https://www.gy3y.cn/Upload/202506/638847181187571971.jpg,01_试点医院/广州医科大学附属第三医院/照片/林 琳-荔湾院区健康管理中心-主治医师-广州医科大学附属第三医院.jpg,26514,01c10b6a32ce55e5dc0535a2f8c92f0390c09f6c07fa53ac0f8f014d35a1cad7,FFD8FFE10A06457869660000,200,266,Upload原图,
王宇光,https://www.gy3y.cn/ks/hp/fck/ck/doctor_483.html,实采,,https://www.gy3y.cn/Upload/202506/638851625500299282.jpg,01_试点医院/广州医科大学附属第三医院/照片/王宇光-黄埔院区产科-主任医师-广州医科大学附属第三医院.jpg,35791,721e1db119690463396ea15fb26e567085a788d4637b0c2256492b6aadda891b,FFD8FFE115F7457869660000,200,266,Upload原图,
青青,https://www.gy3y.cn/ks/hp/nk/xhnk/doctor_484.html,实采,,https://www.gy3y.cn/Upload/202411/638682256147568181.jpg,01_试点医院/广州医科大学附属第三医院/照片/青青-黄埔院区消化内科-副主任医师-广州医科大学附属第三医院.jpg,14245,75f80bb7c8eac3305e89ccdac0658e748ec15fcd1fb6b8f642ca2fb285f66e4a,FFD8FFE000104A4649460001,324,445,Upload原图,
纪华英,https://www.gy3y.cn/ks/hp/nk/xhnk/doctor_485.html,实采,,https://www.gy3y.cn/Upload/202411/638682259892855024.jpg,01_试点医院/广州医科大学附属第三医院/照片/纪华英-黄埔院区消化内科-副主任医师-广州医科大学附属第三医院.jpg,632649,6121454c92f685e02873743c40e53ccee1b32a10e76ba64f314cc2a1aee60c1f,FFD8FFE000104A4649460001,2580,2848,Upload原图,
黎燕霞,https://www.gy3y.cn/ks/hp/fck/fk/doctor_486.html,实采,,https://www.gy3y.cn/Upload/202412/638708193728200798.png,01_试点医院/广州医科大学附属第三医院/照片/黎燕霞-黄埔院区妇科-副主任医师-广州医科大学附属第三医院.png,6055447,04cf3c45d6a0955142adc3c7a9221a4dcd85363e4b902eabab4e3e454a3c2d1a,89504E470D0A1A0A0000000D,2208,2944,Upload原图,
郭元,https://www.gy3y.cn/ks/mjz/tjzx/doctor_487.html,实采,,https://www.gy3y.cn/Upload/202506/638847165196978730.jpg,01_试点医院/广州医科大学附属第三医院/照片/郭元-荔湾院区健康管理中心-主任医师-广州医科大学附属第三医院.jpg,39246,94ea05f14d5c4860e1487e1e8626a29351e86cea5f00b47f51fb4b1868486653,FFD8FFE10B1E457869660000,200,266,Upload原图,
饶芳,https://www.gy3y.cn/ks/mjz/tjzx/doctor_488.html,实采,,https://www.gy3y.cn/Upload/202506/638847173363904725.jpg,01_试点医院/广州医科大学附属第三医院/照片/饶芳-荔湾院区健康管理中心-副主任医师-广州医科大学附属第三医院.jpg,25614,2b4fec8d056f72a7c7ad670bb8146b9384057b0e6575e6a2011a42dae37d45de,FFD8FFE109F0457869660000,200,266,Upload原图,
杨宁,https://www.gy3y.cn/ks/mjz/tjzx/doctor_489.html,实采,,https://www.gy3y.cn/Upload/202506/638847175213789058.jpg,01_试点医院/广州医科大学附属第三医院/照片/杨宁-荔湾院区健康管理中心-主任医师-广州医科大学附属第三医院.jpg,28650,160c5379f99015bb99831d3c7af67973f66f2cd6e806de660f64cb7e896b4de1,FFD8FFE10A8E457869660000,200,266,Upload原图,
冯智毅,https://www.gy3y.cn/ks/mjz/tjzx/doctor_490.html,实采,,https://www.gy3y.cn/Upload/202506/638847201130547521.jpg,01_试点医院/广州医科大学附属第三医院/照片/冯智毅-荔湾院区健康管理中心-主任医师-广州医科大学附属第三医院.jpg,28655,bfb7a33f36bfa2a401d14139415a497ccdc2163a86c1c64e70d7186d140d07c2,FFD8FFE10A00457869660000,200,266,Upload原图,
谭娜娜,https://www.gy3y.cn/ks/mjz/tjzx/doctor_492.html,实采,,https://www.gy3y.cn/Upload/202506/638847185624480873.jpg,01_试点医院/广州医科大学附属第三医院/照片/谭娜娜-荔湾院区健康管理中心-主治医师-广州医科大学附属第三医院.jpg,25220,7767a6089be6bc03eaa752975918a8988bb3c67d8e7fc0e7227e6c53009107e5,FFD8FFE109E3457869660000,200,266,Upload原图,
​湛倩影,https://www.gy3y.cn/ks/hp/mjz/tjzx/doctor_493.html,实采,,https://www.gy3y.cn/Upload/202506/638847191928064132.jpg,01_试点医院/广州医科大学附属第三医院/照片/​湛倩影-黄埔院区健康管理中心-医师-广州医科大学附属第三医院.jpg,30253,448476014d21d203dedeafc292c3002b6122d525ba76151c9ea21cc9e00a234c,FFD8FFE10AB9457869660000,200,266,Upload原图,
崔鹏,https://www.gy3y.cn/ks/wkxt/pwyq/doctor_494.html,实采,,https://www.gy3y.cn/Upload/202506/638852482045099302.JPG,01_试点医院/广州医科大学附属第三医院/照片/崔鹏-荔湾院区普外一区（肝胆外科）-主治医师-广州医科大学附属第三医院.jpg,29985,cefaaa0232c3ba2b73238c82c58cef980642638d831dc43415b461c9692c7741,FFD8FFE10A4B457869660000,200,266,Upload原图,
﻿王军伟,https://www.gy3y.cn/ks/wkxt/pwyq/doctor_495.html,失败,占位图,,,,,,,,,占位图
李小勇,https://www.gy3y.cn/ks/wkxt/pwyq/doctor_496.html,失败,占位图,,,,,,,,,占位图
李婷,https://www.gy3y.cn/ks/wkxt/pwyq/doctor_497.html,失败,占位图,,,,,,,,,占位图
蓝然,https://www.gy3y.cn/ks/wkxt/pwyq/doctor_498.html,失败,占位图,,,,,,,,,占位图
余昊,https://www.gy3y.cn/ks/wkxt/pwyq/doctor_499.html,失败,占位图,,,,,,,,,占位图
王泽桐,https://www.gy3y.cn/ks/wkxt/pwyq/doctor_500.html,失败,占位图,,,,,,,,,占位图
曾青山,https://www.gy3y.cn/ks/mjz/lcyyk/doctor_502.html,实采,,https://www.gy3y.cn/Upload/202506/638847302200943726.jpg,01_试点医院/广州医科大学附属第三医院/照片/曾青山-荔湾院区临床营养科-副主任医师-广州医科大学附属第三医院.jpg,29665,1dc76eff17f22777fc40c974760e1e071f8af83282b7705863b0b487cac444a8,FFD8FFE10A93457869660000,200,266,Upload原图,
王晓彤,https://www.gy3y.cn/ks/mjz/lcyyk/doctor_503.html,实采,,https://www.gy3y.cn/Upload/202506/638847302093371439.jpg,01_试点医院/广州医科大学附属第三医院/照片/王晓彤-荔湾院区临床营养科-医师-广州医科大学附属第三医院.jpg,28642,7fc52a7c8738b052075d2f47da4c5288e17dc87c3bb62d88efbba3d2d25d3e0e,FFD8FFE10A88457869660000,200,266,Upload原图,
谭正玲,https://www.gy3y.cn/ks/wkxt/mzk/doctor_504.html,实采,,https://www.gy3y.cn/Upload/202506/638847320665534514.jpg,01_试点医院/广州医科大学附属第三医院/照片/谭正玲-荔湾院区麻醉科-副主任医师-广州医科大学附属第三医院.jpg,30083,7e0540ac217047c8a44bed5b6b33602a434c4449af776fcd1e0e0409bb864658,FFD8FFE10AE0457869660000,200,266,Upload原图,
郑兴,https://www.gy3y.cn/ks/hp/wk/xxwk/doctor_505.html,实采,,https://www.gy3y.cn/Upload/202506/638847355307704956.JPG,01_试点医院/广州医科大学附属第三医院/照片/郑兴-黄埔院区心胸外科-主治医师-广州医科大学附属第三医院.jpg,32782,8393ab4b7ee5db8f886289c95a668b6d6a3f9e5af03e4bee95738ac1d53e653c,FFD8FFE10AD7457869660000,200,266,Upload原图,
林丽英,https://www.gy3y.cn/ks/hp/yjbm/yxjyk/doctor_506.html,实采,,https://www.gy3y.cn/Upload/202506/638847366018038283.jpg,01_试点医院/广州医科大学附属第三医院/照片/林丽英-黄埔院区医学检验科-副主任技师-广州医科大学附属第三医院.jpg,28740,8f0cc227b048a0a982abbfaeda624dc12a8a44871e17bba67dc9e63482248349,FFD8FFE10A30457869660000,200,266,Upload原图,
冯遥,https://www.gy3y.cn/ks/hp/yjbm/yxjyk/doctor_507.html,实采,,https://www.gy3y.cn/Upload/202506/638847367167633625.jpg,01_试点医院/广州医科大学附属第三医院/照片/冯遥-黄埔院区医学检验科-副主任技师-广州医科大学附属第三医院.jpg,30383,9cccb352aa58be40e01d71374383cf3d296b597697f57148619fb87a2a73ee0e,FFD8FFE10ACB457869660000,200,266,Upload原图,
林泉士,https://www.gy3y.cn/ks/hp/yjbm/yxjyk/doctor_508.html,实采,,https://www.gy3y.cn/Upload/202506/638847368508842923.jpg,01_试点医院/广州医科大学附属第三医院/照片/林泉士-黄埔院区医学检验科-未标注-广州医科大学附属第三医院.jpg,27592,d2eaa6acedbdfd7752313f3737d02a468d0bfe395a68821af7df2033299d9c01,FFD8FFE10A63457869660000,200,266,Upload原图,
马芙蓉,https://www.gy3y.cn/ks/hp/yjbm/yxjyk/doctor_509.html,实采,,https://www.gy3y.cn/Upload/202506/638847369471206503.jpg,01_试点医院/广州医科大学附属第三医院/照片/马芙蓉-黄埔院区医学检验科-未标注-广州医科大学附属第三医院.jpg,30623,2e421bc22e5f2d05cebd1c4e9691fd0bd260ef37dc41657b2663bbd55f31c516,FFD8FFE10A4E457869660000,200,266,Upload原图,
任朴芳,https://www.gy3y.cn/ks/hp/yjbm/yxjyk/doctor_510.html,实采,,https://www.gy3y.cn/Upload/202506/638847370228383129.jpg,01_试点医院/广州医科大学附属第三医院/照片/任朴芳-黄埔院区医学检验科-未标注-广州医科大学附属第三医院.jpg,26728,e7a1135bd9c8e121989cbab8b023e9293a1b4ad26ee98d1774c0c0ebdae70c0f,FFD8FFE109E4457869660000,200,266,Upload原图,
王琳琳,https://www.gy3y.cn/ks/hp/yjbm/yxjyk/doctor_511.html,实采,,https://www.gy3y.cn/Upload/202506/638847371492702673.jpg,01_试点医院/广州医科大学附属第三医院/照片/王琳琳-黄埔院区医学检验科-未标注-广州医科大学附属第三医院.jpg,27415,433c8e5079b4b9ea92a4a10b97dedbe079dd704f5d2dae26e411c32311075bd3,FFD8FFE10A80457869660000,200,266,Upload原图,
方超,https://www.gy3y.cn/ks/hp/yjbm/yxjyk/doctor_512.html,实采,,https://www.gy3y.cn/Upload/202506/638847372247494498.jpg,01_试点医院/广州医科大学附属第三医院/照片/方超-黄埔院区医学检验科-未标注-广州医科大学附属第三医院.jpg,28554,fb48d0bae05d4b4eb231ee009fcc9221ceea6c9088c1570ebadb72a283bb4f02,FFD8FFE10A23457869660000,200,266,Upload原图,
姜博璠,https://www.gy3y.cn/ks/hp/yjbm/yxjyk/doctor_513.html,实采,,https://www.gy3y.cn/Upload/202506/638847373194972976.jpg,01_试点医院/广州医科大学附属第三医院/照片/姜博璠-黄埔院区医学检验科-未标注-广州医科大学附属第三医院.jpg,26701,bfb9f61ac8964240095aa8093609c4170abd233739e88f60242172e72a85ae76,FFD8FFE109E0457869660000,200,266,Upload原图,
董郡,https://www.gy3y.cn/ks/hp/yjbm/yxjyk/doctor_514.html,实采,,https://www.gy3y.cn/Upload/202506/638847373716618929.png,01_试点医院/广州医科大学附属第三医院/照片/董郡-黄埔院区医学检验科-未标注-广州医科大学附属第三医院.png,123106,97993d4da478ed35c099bd86d34d835b25dea77cdbf6c564d4f142af5212a11c,89504E470D0A1A0A0000000D,281,375,Upload原图,
童璐,https://www.gy3y.cn/ks/hp/yjbm/yxjyk/doctor_515.html,实采,,https://www.gy3y.cn/Upload/202506/638847374239512264.png,01_试点医院/广州医科大学附属第三医院/照片/童璐-黄埔院区医学检验科-未标注-广州医科大学附属第三医院.png,139035,c413a06529896825788d63c4bb49b00977e659a66cdfe980d13359daec5df872,89504E470D0A1A0A0000000D,292,409,Upload原图,
区晓雯,https://www.gy3y.cn/ks/hp/yjbm/yxjyk/doctor_516.html,实采,,https://www.gy3y.cn/Upload/202506/638847374703708136.png,01_试点医院/广州医科大学附属第三医院/照片/区晓雯-黄埔院区医学检验科-未标注-广州医科大学附属第三医院.png,150477,b066ef80a13c8e2ed820a19eb6c4f4cfec60a02e3a82d94df1b458c2a8bf082c,89504E470D0A1A0A0000000D,297,409,Upload原图,
张梦圆,https://www.gy3y.cn/ks/hp/yjbm/yxjyk/doctor_517.html,实采,,https://www.gy3y.cn/Upload/202506/638847375879288209.jpg,01_试点医院/广州医科大学附属第三医院/照片/张梦圆-黄埔院区医学检验科-未标注-广州医科大学附属第三医院.jpg,32193,44dbcff948ac6daa1e6b7e67b47d9dd81cff0a06d94bb902012f1f71a4172dc6,FFD8FFE10B01457869660000,200,266,Upload原图,
詹田英,https://www.gy3y.cn/ks/hp/yjbm/yxjyk/doctor_518.html,实采,,https://www.gy3y.cn/Upload/202506/638847376338056009.png,01_试点医院/广州医科大学附属第三医院/照片/詹田英-黄埔院区医学检验科-未标注-广州医科大学附属第三医院.png,97207,f97762fa0975f68b99abd23c01913d1862147e3c200442123a1d69e0aace5f52,89504E470D0A1A0A0000000D,261,367,Upload原图,
邵玲,https://www.gy3y.cn/ks/hp/yjbm/yxjyk/doctor_519.html,实采,,https://www.gy3y.cn/Upload/202506/638847377350796432.jpg,01_试点医院/广州医科大学附属第三医院/照片/邵玲-黄埔院区医学检验科-未标注-广州医科大学附属第三医院.jpg,29224,e143f6c62d2d50ac8ca990686cf41ea300275830fd4d970cbc1608aa98083d72,FFD8FFE10AA2457869660000,200,266,Upload原图,
彭思远,https://www.gy3y.cn/ks/hp/yjbm/yxjyk/doctor_520.html,实采,,https://www.gy3y.cn/Upload/202506/638847377884277220.png,01_试点医院/广州医科大学附属第三医院/照片/彭思远-黄埔院区医学检验科-未标注-广州医科大学附属第三医院.png,30933,ca5e4f7b7c525f922f9aa6674dd04ea1d7a992f71f7b4c4de6e355f4605b55b5,89504E470D0A1A0A0000000D,134,188,Upload原图,
罗鹏,https://www.gy3y.cn/ks/wkxt/sjwk/doctor_531.html,实采,,https://www.gy3y.cn/Upload/202607/639202215686855835.jpg,01_试点医院/广州医科大学附属第三医院/照片/罗鹏-荔湾院区神经外科-副主任医师-广州医科大学附属第三医院.jpg,1007632,bf4e6e9cd4a323f96be99be0608043faf35d70b0f26a65c4136dd543ff144f63,FFD8FFE000104A4649460001,2139,2724,Upload原图,
赖日贵,https://www.gy3y.cn/ks/wkxt/sjwk/doctor_532.html,实采,,https://www.gy3y.cn/Upload/202607/639202215890903481.jpg,01_试点医院/广州医科大学附属第三医院/照片/赖日贵-荔湾院区神经外科-主治医师-广州医科大学附属第三医院.jpg,989648,6de91101f257c20a8d8c61933033e242fb52c9b7b1127ebe57da9cc348259282,FFD8FFE000104A4649460001,2556,3102,Upload原图,
李维,https://www.gy3y.cn/ks/wkxt/sjwk/doctor_533.html,实采,,https://www.gy3y.cn/Upload/202607/639202220158898793.jpg,01_试点医院/广州医科大学附属第三医院/照片/李维-荔湾院区神经外科-主治医师-广州医科大学附属第三医院.jpg,144628,8c4ca4c3b99cc71d1bea8bbadd121c48d04aa0d138a26dd9272b00957298a46e,FFD8FFE000104A4649460001,860,1068,Upload原图,
黄晓琳,https://www.gy3y.cn/ks/zyk/zyk1/doctor_536.html,实采,,https://www.gy3y.cn/Upload/202506/638850622072690009.jpg,01_试点医院/广州医科大学附属第三医院/照片/黄晓琳-荔湾院区中医科-未标注-广州医科大学附属第三医院.jpg,31367,b416c9b1f5e95a44d8fb07b44af74a3edd49006cf6f3010d12f27a3d0a93df87,FFD8FFE113F6457869660000,200,266,Upload原图,
王芸欣,https://www.gy3y.cn/ks/zyk/zyk1/doctor_538.html,实采,,https://www.gy3y.cn/Upload/202506/638850625296301632.jpg,01_试点医院/广州医科大学附属第三医院/照片/王芸欣-荔湾院区中医科-未标注-广州医科大学附属第三医院.jpg,33031,09ae1eb77a4a916453e4b8ecc63fbecee80511d6a154b254511c436a7fe03971,FFD8FFE11560457869660000,200,266,Upload原图,
​梁国华,https://www.gy3y.cn/ks/nkxt/xyk/doctor_540.html,失败,占位图,,,,,,,,,占位图
张振辉,https://www.gy3y.cn/ks/nkxt/zzyxk/doctor_549.html,实采,,https://www.gy3y.cn/Upload/202506/638851601967630815.jpg,01_试点医院/广州医科大学附属第三医院/照片/张振辉-荔湾院区重症医学科（ICU）-主任医师-广州医科大学附属第三医院.jpg,33325,df21cb8597f1ae114ee64bb78ce9b6042bf9ebbdb10e6e8285650763b0b22326,FFD8FFE1142E457869660000,200,266,Upload原图,
周燕,https://www.gy3y.cn/ks/nkxt/zzyxk/doctor_550.html,实采,,https://www.gy3y.cn/Upload/202506/638851603507786418.jpg,01_试点医院/广州医科大学附属第三医院/照片/周燕-荔湾院区重症医学科（ICU）-副主任医师-广州医科大学附属第三医院.jpg,27346,ea7bd44a876c62ba91a60fe8e77efaf00121565afb9e00ef9426b2288f3132f7,FFD8FFE110CB457869660000,200,266,Upload原图,
甘朝晖,https://www.gy3y.cn/ks/nkxt/zzyxk/doctor_551.html,实采,,https://www.gy3y.cn/Upload/202506/638851604459955427.jpg,01_试点医院/广州医科大学附属第三医院/照片/甘朝晖-荔湾院区重症医学科（ICU）-副主任医师-广州医科大学附属第三医院.jpg,30313,b37a0a12ec4e185fb3d3433d98a0aefdc9b583d20cb98cd14bb175d9cf75324a,FFD8FFE112B6457869660000,200,266,Upload原图,
贾明旺,https://www.gy3y.cn/ks/nkxt/zzyxk/doctor_552.html,实采,,https://www.gy3y.cn/Upload/202506/638851605187416724.jpg,01_试点医院/广州医科大学附属第三医院/照片/贾明旺-荔湾院区重症医学科（ICU）-副主任医师-广州医科大学附属第三医院.jpg,30296,9842aad57d2cb6cb66e820fe9ea6519384f21cdcb5805b8834312726778c2bd9,FFD8FFE11221457869660000,200,266,Upload原图,
靳国青,https://www.gy3y.cn/ks/nkxt/zzyxk/doctor_553.html,实采,,https://www.gy3y.cn/Upload/202506/638851606041124995.jpg,01_试点医院/广州医科大学附属第三医院/照片/靳国青-荔湾院区重症医学科（ICU）-副主任医师-广州医科大学附属第三医院.jpg,30222,7222f546daa3e40a38a209ed2509b74099404ff6b0a15ffe65f50288922318e7,FFD8FFE112AC457869660000,200,266,Upload原图,
倪淑媛,https://www.gy3y.cn/ks/nkxt/zzyxk/doctor_554.html,实采,,https://www.gy3y.cn/Upload/202506/638851606731617768.jpg,01_试点医院/广州医科大学附属第三医院/照片/倪淑媛-荔湾院区重症医学科（ICU）-副主任医师-广州医科大学附属第三医院.jpg,30467,435123f7874383cbbd703e6a8b403d4cfc661b4a3f6523fe461525357ff18a0a,FFD8FFE1131B457869660000,200,266,Upload原图,
杨嘉琳,https://www.gy3y.cn/ks/nkxt/zzyxk/doctor_555.html,实采,,https://www.gy3y.cn/Upload/202506/638851607623205894.jpg,01_试点医院/广州医科大学附属第三医院/照片/杨嘉琳-荔湾院区重症医学科（ICU）-副主任医师-广州医科大学附属第三医院.jpg,32555,abfa269095bc5e90fd733538ea5e4f187524598716dbdc1c1753be32be35cf79,FFD8FFE11466457869660000,200,266,Upload原图,
李静,https://www.gy3y.cn/ks/nkxt/zzyxk/doctor_556.html,实采,,https://www.gy3y.cn/Upload/202506/638851608206268283.jpg,01_试点医院/广州医科大学附属第三医院/照片/李静-荔湾院区重症医学科（ICU）-主治医师-广州医科大学附属第三医院.jpg,28273,22cbf043f85e0b02ca8a5f455718e2e99ed324eb4dd2c5aec13b47a4acfae061,FFD8FFE11162457869660000,200,266,Upload原图,
廖广园,https://www.gy3y.cn/ks/nkxt/zzyxk/doctor_557.html,实采,,https://www.gy3y.cn/Upload/202506/638851608956818602.jpg,01_试点医院/广州医科大学附属第三医院/照片/廖广园-荔湾院区重症医学科（ICU）-主治医师-广州医科大学附属第三医院.jpg,31858,4ca2f63c33957bea22f28963297b2bd646ff123317c193005e519b433de2a209,FFD8FFE113CD457869660000,200,266,Upload原图,
彭芳,https://www.gy3y.cn/ks/nkxt/zzyxk/doctor_558.html,实采,,https://www.gy3y.cn/Upload/202506/638851609547509873.jpg,01_试点医院/广州医科大学附属第三医院/照片/彭芳-荔湾院区重症医学科（ICU）-主治医师-广州医科大学附属第三医院.jpg,30244,66bbf8ca3e2701e9d611ff7032d0600507c8fe4ccebea202a6006425630c086c,FFD8FFE11317457869660000,200,266,Upload原图,
王银玲,https://www.gy3y.cn/ks/nkxt/zzyxk/doctor_559.html,实采,,https://www.gy3y.cn/Upload/202506/638851610089635385.jpg,01_试点医院/广州医科大学附属第三医院/照片/王银玲-荔湾院区重症医学科（ICU）-主治医师-广州医科大学附属第三医院.jpg,30922,1914dd78f4856f4d6e9d12c48cdc315f65a159494e4c0c63c39a12418b21d2bf,FFD8FFE11305457869660000,200,266,Upload原图,
陈秉均,https://www.gy3y.cn/ks/hp/fck/ck/doctor_560.html,实采,,https://www.gy3y.cn/Upload/202506/638851616950567085.jpg,01_试点医院/广州医科大学附属第三医院/照片/陈秉均-黄埔院区产科-未标注-广州医科大学附属第三医院.jpg,32218,cf72c47031a868162acded9bae5d2ea4a4d5edabd9f19e1c4984bb361ff1b4a2,FFD8FFE113E1457869660000,200,266,Upload原图,
方畅平,https://www.gy3y.cn/ks/hp/fck/ck/doctor_561.html,实采,,https://www.gy3y.cn/Upload/202506/638851617877775337.jpg,01_试点医院/广州医科大学附属第三医院/照片/方畅平-黄埔院区产科-医师-广州医科大学附属第三医院.jpg,34796,1744a31847e58a0f976e70aa3adc8caed75d5cdf5f5de7a3a666b828e0e392f0,FFD8FFE115C2457869660000,200,266,Upload原图,
黄珺,https://www.gy3y.cn/ks/hp/fck/ck/doctor_562.html,失败,占位图,,,,,,,,,占位图
李霞林,https://www.gy3y.cn/ks/hp/fck/ck/doctor_563.html,实采,,https://www.gy3y.cn/Upload/202506/638851620902321436.jpg,01_试点医院/广州医科大学附属第三医院/照片/李霞林-黄埔院区产科-未标注-广州医科大学附属第三医院.jpg,31333,4f2d528cf73ca4a213232e32d28b99154528146e218d741d4711b8ebf70b2e5b,FFD8FFE1134F457869660000,200,266,Upload原图,
梁新月,https://www.gy3y.cn/ks/hp/fck/ck/doctor_564.html,实采,,https://www.gy3y.cn/Upload/202506/638851622722511664.jpg,01_试点医院/广州医科大学附属第三医院/照片/梁新月-黄埔院区产科-住院医师-广州医科大学附属第三医院.jpg,31081,a82914c6222fe6dc7dfdfae158cdcd1137033e46856caa76d80740a292079904,FFD8FFE11312457869660000,200,266,Upload原图,
卢秋敏,https://www.gy3y.cn/ks/hp/fck/ck/doctor_565.html,实采,,https://www.gy3y.cn/Upload/202506/638851623992165650.jpg,01_试点医院/广州医科大学附属第三医院/照片/卢秋敏-黄埔院区产科-医师-广州医科大学附属第三医院.jpg,32409,44976bdb2504f7b93327ddb32274e7e1a6cf1978517f542ae2d9e71d640352ef,FFD8FFE1141E457869660000,200,266,Upload原图,
苗永慧,https://www.gy3y.cn/ks/hp/fck/ck/doctor_566.html,实采,,https://www.gy3y.cn/Upload/202506/638851624761266380.jpg,01_试点医院/广州医科大学附属第三医院/照片/苗永慧-黄埔院区产科-医师-广州医科大学附属第三医院.jpg,35579,ffed81cc22cc8297a5cad09e78466ee24f54b82e7b105a3af439ca4b16d88a8b,FFD8FFE11628457869660000,200,266,Upload原图,
吴毅,https://www.gy3y.cn/ks/hp/fck/ck/doctor_567.html,实采,,https://www.gy3y.cn/Upload/202506/638851626130764195.jpg,01_试点医院/广州医科大学附属第三医院/照片/吴毅-黄埔院区产科-医师-广州医科大学附属第三医院.jpg,31877,78640e2dd19b94244f5e4b644f1b17edaeecd8d93af2d31e2ab33baa7c8c5c15,FFD8FFE11388457869660000,200,266,Upload原图,
杨燕平,https://www.gy3y.cn/ks/hp/fck/ck/doctor_568.html,实采,,https://www.gy3y.cn/Upload/202506/638851626773229519.jpg,01_试点医院/广州医科大学附属第三医院/照片/杨燕平-黄埔院区产科-医师-广州医科大学附属第三医院.jpg,30652,1f93cec380d146ea777d96f2eab48afd57a31ae2c2f3e3c9e23955635a555338,FFD8FFE112D3457869660000,200,266,Upload原图,
张慧丽,https://www.gy3y.cn/ks/hp/fck/ck/doctor_569.html,实采,,https://www.gy3y.cn/Upload/202506/638851627958378323.jpg,01_试点医院/广州医科大学附属第三医院/照片/张慧丽-黄埔院区产科-主治医师-广州医科大学附属第三医院.jpg,37434,3f4be23bc76e8b4a0b8daf4e9995612732a37252d27f8baf3ea9e13bb36520b9,FFD8FFE11679457869660000,200,266,Upload原图,
周燕媚,https://www.gy3y.cn/ks/hp/fck/ck/doctor_570.html,实采,,https://www.gy3y.cn/Upload/202506/638851628425446654.jpg,01_试点医院/广州医科大学附属第三医院/照片/周燕媚-黄埔院区产科-主治医师-广州医科大学附属第三医院.jpg,33436,0d748123be5c6ec97efa6f532b323f67d0e01912ac325a6b4957c81adc889329,FFD8FFE114A3457869660000,200,266,Upload原图,
唐连,https://www.gy3y.cn/ks/fckyjs/pdzzzx/doctor_571.html,实采,,https://www.gy3y.cn/Upload/202506/638851647040985541.jpg,01_试点医院/广州医科大学附属第三医院/照片/唐连-荔湾院区盆底诊治中心-主治医师-广州医科大学附属第三医院.jpg,35734,9fcbf4d2a6b7f6b9676b3dfa8cf4b425c3cb452d47b6849cbc704f32c5ca4aac,FFD8FFE11641457869660000,200,266,Upload原图,
赵春梅,https://www.gy3y.cn/ks/fckyjs/pdzzzx/doctor_572.html,实采,,https://www.gy3y.cn/Upload/202506/638851652456732977.jpg,01_试点医院/广州医科大学附属第三医院/照片/赵春梅-荔湾院区盆底诊治中心-主治医师-广州医科大学附属第三医院.jpg,30485,149dd5cd67521721a3811cb56dfd9399bd2e7d0358a30c4869b9c09b82df9423,FFD8FFE11308457869660000,200,266,Upload原图,
陈硕臻,https://www.gy3y.cn/ks/fckyjs/pdzzzx/doctor_573.html,实采,,https://www.gy3y.cn/Upload/202506/638851653700988500.jpg,01_试点医院/广州医科大学附属第三医院/照片/陈硕臻-荔湾院区盆底诊治中心-主治医师-广州医科大学附属第三医院.jpg,46024,24e08170cda3752394b65a43d1414ffe90c1fea535d4174a4798a1e178b3d9b3,FFD8FFE11CA4457869660000,200,266,Upload原图,
赵新,https://www.gy3y.cn/ks/wgk/kqk/doctor_574.html,实采,,https://www.gy3y.cn/Upload/202506/638851662638635612.jpg,01_试点医院/广州医科大学附属第三医院/照片/赵新-荔湾院区口腔科-副主任医师-广州医科大学附属第三医院.jpg,33688,193e91bfd2cd5d8864882c14a61222a69dae5540157096493a47b4a3a9ac737e,FFD8FFE11564457869660000,200,266,Upload原图,
黄俊强,https://www.gy3y.cn/ks/wgk/kqk/doctor_575.html,实采,,https://www.gy3y.cn/Upload/202506/638851665009218601.jpg,01_试点医院/广州医科大学附属第三医院/照片/黄俊强-荔湾院区口腔科-主治医师-广州医科大学附属第三医院.jpg,31041,d53e64f3df0d750dc01fe125f8b80a3a05d774ac21f80270e110e13a599c0a48,FFD8FFE11246457869660000,200,266,Upload原图,
​简晓岚,https://www.gy3y.cn/ks/wgk/kqk/doctor_576.html,实采,,https://www.gy3y.cn/Upload/202506/638851665769035268.jpg,01_试点医院/广州医科大学附属第三医院/照片/​简晓岚-荔湾院区口腔科-主治医师-广州医科大学附属第三医院.jpg,32765,decc9a201947aee4ad8b586e080707317388a80e9c128cbad7562098b611630f,FFD8FFE1140A457869660000,200,266,Upload原图,
陆文嘉,https://www.gy3y.cn/ks/wgk/kqk/doctor_577.html,实采,,https://www.gy3y.cn/Upload/202506/638851666461657440.jpg,01_试点医院/广州医科大学附属第三医院/照片/陆文嘉-荔湾院区口腔科-主治医师-广州医科大学附属第三医院.jpg,32782,ab56391b28844d0c4c16f4b3c5a04c961e8bb55a2cadfaf882e102178a08396c,FFD8FFE113F2457869660000,200,266,Upload原图,
​李彩平,https://www.gy3y.cn/ks/wgk/kqk/doctor_578.html,实采,,https://www.gy3y.cn/Upload/202506/638851666902455256.jpg,01_试点医院/广州医科大学附属第三医院/照片/​李彩平-荔湾院区口腔科-主治医师-广州医科大学附属第三医院.jpg,32383,1650cfaf46a741087650b18d3e4f292ecf2c316eff4f7a8cab213e8c2f2b94e1,FFD8FFE1137D457869660000,200,266,Upload原图,
​陈敏乐,https://www.gy3y.cn/ks/wgk/kqk/doctor_579.html,实采,,https://www.gy3y.cn/Upload/202506/638851667409058951.jpg,01_试点医院/广州医科大学附属第三医院/照片/​陈敏乐-荔湾院区口腔科-主治医师-广州医科大学附属第三医院.jpg,35151,7386acd37563eb5fe0845a23266548cdd564378670fb754244060f637088f778,FFD8FFE1152D457869660000,200,266,Upload原图,
​吴玉婷,https://www.gy3y.cn/ks/wgk/kqk/doctor_580.html,实采,,https://www.gy3y.cn/Upload/202506/638851668005901383.jpg,01_试点医院/广州医科大学附属第三医院/照片/​吴玉婷-荔湾院区口腔科-主治医师-广州医科大学附属第三医院.jpg,38652,4af2c58e9a5c5113b051d9c9d228df3548c67e80146901b74d3f8716b9fc596a,FFD8FFE11823457869660000,200,266,Upload原图,
蒙钇伶,https://www.gy3y.cn/ks/wgk/kqk/doctor_581.html,实采,,https://www.gy3y.cn/Upload/202506/638851668412858580.jpg,01_试点医院/广州医科大学附属第三医院/照片/蒙钇伶-荔湾院区口腔科-医师-广州医科大学附属第三医院.jpg,37095,b0cb214f56c2811222795f588a9839a19e99d50ed2c70279d4f23efd224babee,FFD8FFE11728457869660000,200,266,Upload原图,
​宋志钧,https://www.gy3y.cn/ks/wgk/kqk/doctor_582.html,实采,,https://www.gy3y.cn/Upload/202506/638851669078784780.jpg,01_试点医院/广州医科大学附属第三医院/照片/​宋志钧-荔湾院区口腔科-医师-广州医科大学附属第三医院.jpg,30552,731356ca601926ddf517c3dbe72aa414abd4104097ea01d6155d87ae23b95268,FFD8FFE11165457869660000,200,266,Upload原图,
​彭松,https://www.gy3y.cn/ks/wgk/kqk/doctor_583.html,实采,,https://www.gy3y.cn/Upload/202506/638851669488091237.jpg,01_试点医院/广州医科大学附属第三医院/照片/​彭松-荔湾院区口腔科-医师-广州医科大学附属第三医院.jpg,35453,7493a492dc31d6c7b6f031bb54ee30e7927fbe190e5732cbca557131246064f6,FFD8FFE11524457869660000,200,266,Upload原图,
​叶长缨,https://www.gy3y.cn/ks/wgk/kqk/doctor_584.html,实采,,https://www.gy3y.cn/Upload/202506/638851669989936224.jpg,01_试点医院/广州医科大学附属第三医院/照片/​叶长缨-荔湾院区口腔科-医师-广州医科大学附属第三医院.jpg,31827,cf61070b1d785e8d5e8e14581c538f1c6a7ad38bc0b37dc55556c688fe8af71c,FFD8FFE1123E457869660000,200,266,Upload原图,
​陈婷,https://www.gy3y.cn/ks/wgk/kqk/doctor_585.html,实采,,https://www.gy3y.cn/Upload/202506/638851670415373377.jpg,01_试点医院/广州医科大学附属第三医院/照片/​陈婷-荔湾院区口腔科-医师-广州医科大学附属第三医院.jpg,52071,a64aa4cf7bafb4b0b3d9a341958d7cfb547184282085074e719826a7d27a0987,FFD8FFE115FB457869660000,200,266,Upload原图,
李志发,https://www.gy3y.cn/ks/hp/wk/wcwk/doctor_586.html,实采,,https://www.gy3y.cn/Upload/202506/638852480331801960.JPG,01_试点医院/广州医科大学附属第三医院/照片/李志发-黄埔院区胃肠外科-主治医师-广州医科大学附属第三医院.jpg,29538,490111dcb364059ec137dfe5d2ae2904facc8057d00acf5e59ed56cd125e2302,FFD8FFE10A80457869660000,200,266,Upload原图,
吕道均,https://www.gy3y.cn/ks/hp/wk/mnwk/doctor_587.html,实采,,https://www.gy3y.cn/Upload/202506/638852483640403942.JPG,01_试点医院/广州医科大学附属第三医院/照片/吕道均-黄埔院区泌尿外科-主治医师-广州医科大学附属第三医院.jpg,218875,d001aa1fb6be7ddb74e2089859bf73709c2575218d66bcb2e349724d6dbf383c,FFD8FFE000104A4649460001,1981,2560,Upload原图,
余灏涛,https://www.gy3y.cn/ks/hp/wk/gk/doctor_588.html,实采,,https://www.gy3y.cn/Upload/202506/638852484965752654.jpg,01_试点医院/广州医科大学附属第三医院/照片/余灏涛-黄埔院区骨科-主治医师-广州医科大学附属第三医院.jpg,29344,1a56d1b8524d580568666fdbe1920ea661ebc841a211a5a88f117e4a10eb7710,FFD8FFE10A25457869660000,200,266,Upload原图,
陈说,https://www.gy3y.cn/ks/fckyjs/fkzl/doctor_598.html,实采,,https://www.gy3y.cn/Upload/202506/638853176400020997.jpg,01_试点医院/广州医科大学附属第三医院/照片/陈说-荔湾院区妇科肿瘤病区-副主任医师-广州医科大学附属第三医院.jpg,34248,aed3f731d60fc1656f967a00bf18bdcd1e3ce593ec09c52d4f4802652b48d6cd,FFD8FFE10DDB457869660000,200,267,Upload原图,
汪志辉,https://www.gy3y.cn/ks/fckyjs/fkzl/doctor_599.html,实采,,https://www.gy3y.cn/Upload/202506/638853180551449772.jpg,01_试点医院/广州医科大学附属第三医院/照片/汪志辉-荔湾院区妇科肿瘤病区-副主任医师-广州医科大学附属第三医院.jpg,32348,fea95bddbe33600f270453aff8ce05e246b6b6ba3a9bb19c4b3fcc0c538565b0,FFD8FFE10DCD457869660000,200,267,Upload原图,
王天红,https://www.gy3y.cn/ks/fckyjs/fkzl/doctor_600.html,实采,,https://www.gy3y.cn/Upload/202506/638853181740351549.jpg,01_试点医院/广州医科大学附属第三医院/照片/王天红-荔湾院区妇科肿瘤病区-副主任医师-广州医科大学附属第三医院.jpg,30717,78ad3f54df662bb8a6cea6a65912bea77635cf5af7363b6146f793273bc4e254,FFD8FFE10CB6457869660000,200,267,Upload原图,
梁培丽,https://www.gy3y.cn/ks/fckyjs/fkzl/doctor_601.html,实采,,https://www.gy3y.cn/Upload/202506/638853184568326298.jpg,01_试点医院/广州医科大学附属第三医院/照片/梁培丽-荔湾院区妇科肿瘤病区-未标注-广州医科大学附属第三医院.jpg,35402,61bde386c4452a5165f13a0d6333b288f9476431888763cb57a8b9bc87a9cf86,FFD8FFE10ECD457869660000,200,267,Upload原图,
张玉萍,https://www.gy3y.cn/ks/fckyjs/fkzl/doctor_602.html,实采,,https://www.gy3y.cn/Upload/202506/638853187192350157.jpg,01_试点医院/广州医科大学附属第三医院/照片/张玉萍-荔湾院区妇科肿瘤病区-主治医师-广州医科大学附属第三医院.jpg,32053,5d7d24505c798953d48eee66ef6c183c938fe38b330b9a4a160647f5769cb79f,FFD8FFE10D3A457869660000,200,267,Upload原图,
银琪,https://www.gy3y.cn/ks/fckyjs/fkzl/doctor_603.html,实采,,https://www.gy3y.cn/Upload/202506/638853188817152581.jpg,01_试点医院/广州医科大学附属第三医院/照片/银琪-荔湾院区妇科肿瘤病区-主治医师-广州医科大学附属第三医院.jpg,31128,de1ec7963babac231ab33e5473676c1fa336cbe196de4fb4ea4644df0ff1f38b,FFD8FFE10D14457869660000,200,267,Upload原图,
周冬梅,https://www.gy3y.cn/ks/fckyjs/fkzl/doctor_604.html,实采,,https://www.gy3y.cn/Upload/202506/638853189814326636.png,01_试点医院/广州医科大学附属第三医院/照片/周冬梅-荔湾院区妇科肿瘤病区-主治医师-广州医科大学附属第三医院.png,894077,51fb79e0c42351df67563675eeb757f07c8b7f5bcabcc2661c8240c3b7606896,89504E470D0A1A0A0000000D,961,1228,Upload原图,
李竞雄,https://www.gy3y.cn/ks/fckyjs/fkzl/doctor_605.html,实采,,https://www.gy3y.cn/Upload/202506/638853191244138080.jpg,01_试点医院/广州医科大学附属第三医院/照片/李竞雄-荔湾院区妇科肿瘤病区-主治医师-广州医科大学附属第三医院.jpg,28885,fd54f3b91e620e0940a384b64773fa161a2d64d669fbc529159eedbf8106cb2a,FFD8FFE10C5D457869660000,200,267,Upload原图,
黎璞,https://www.gy3y.cn/ks/fckyjs/fkzl/doctor_606.html,实采,,https://www.gy3y.cn/Upload/202506/638853191788177465.png,01_试点医院/广州医科大学附属第三医院/照片/黎璞-荔湾院区妇科肿瘤病区-主治医师-广州医科大学附属第三医院.png,112065,f1fba94f17871dce2d60fe3c68e1b9f2d49f733379399a596347a0b773f61297,89504E470D0A1A0A0000000D,395,536,Upload原图,
李剑琦,https://www.gy3y.cn/ks/fckyjs/fkzl/doctor_607.html,实采,,https://www.gy3y.cn/Upload/202506/638853192750318539.png,01_试点医院/广州医科大学附属第三医院/照片/李剑琦-荔湾院区妇科肿瘤病区-主治医师-广州医科大学附属第三医院.png,210858,13f6ef23ec57725cf3bf78595424ba7f93cb0e947e5c014de5c3f60ed0320968,89504E470D0A1A0A0000000D,479,641,Upload原图,
杜玉平,https://www.gy3y.cn/ks/fckyjs/fkzl/doctor_608.html,实采,,https://www.gy3y.cn/Upload/202506/638853193550198753.png,01_试点医院/广州医科大学附属第三医院/照片/杜玉平-荔湾院区妇科肿瘤病区-医师-广州医科大学附属第三医院.png,423925,ad67ee16d3ba8b4801d62633d4b025bb18f7811b0b0dce4a6cf51ba9449f41b8,89504E470D0A1A0A0000000D,415,535,Upload原图,
李白雪,https://www.gy3y.cn/ks/fckyjs/fkzl/doctor_609.html,实采,,https://www.gy3y.cn/Upload/202506/638853194219613112.jpg,01_试点医院/广州医科大学附属第三医院/照片/李白雪-荔湾院区妇科肿瘤病区-医师-广州医科大学附属第三医院.jpg,31743,fc98fb105a77c009923c1a10ab9b7fb10c0e3dbb20dcca4267d991916708ec19,FFD8FFE10D57457869660000,200,267,Upload原图,
沈帆,https://www.gy3y.cn/ks/fckyjs/fkzl/doctor_610.html,实采,,https://www.gy3y.cn/Upload/202506/638853194942170822.jpg,01_试点医院/广州医科大学附属第三医院/照片/沈帆-荔湾院区妇科肿瘤病区-医师-广州医科大学附属第三医院.jpg,29682,ea5d0a62164de25549960d868eddc4704134f5707ec73ba5f601ab68aa33f1f6,FFD8FFE10C40457869660000,200,267,Upload原图,
刘瑶,https://www.gy3y.cn/ks/fckyjs/fkzl/doctor_611.html,实采,,https://www.gy3y.cn/Upload/202506/638853197783412398.jpg,01_试点医院/广州医科大学附属第三医院/照片/刘瑶-荔湾院区妇科肿瘤病区-医师-广州医科大学附属第三医院.jpg,31040,079bcb238fe07164e25354cf080827b385aad5f976330eb470167e9c787e378d,FFD8FFE10D3B457869660000,200,267,Upload原图,
杨耀明,https://www.gy3y.cn/ks/fckyjs/fkzl/doctor_612.html,实采,,https://www.gy3y.cn/Upload/202506/638853199330465707.png,01_试点医院/广州医科大学附属第三医院/照片/杨耀明-荔湾院区妇科肿瘤病区-主治医师-广州医科大学附属第三医院.png,2097334,e2df27af7a3dbdf0e2d66ec0f1f62a02dee41ef1c5ed52c39c0c67cda41d7d4b,89504E470D0A1A0A0000000D,598,875,Upload原图,
刘艳,https://www.gy3y.cn/ks/fckyjs/fkzl/doctor_613.html,实采,,https://www.gy3y.cn/Upload/202506/638853203560102364.jpg,01_试点医院/广州医科大学附属第三医院/照片/刘艳-荔湾院区妇科肿瘤病区-医师-广州医科大学附属第三医院.jpg,34545,246cfb65b8dfdec0b4f53e0aba56f326dccfe797c9646aa287e458dde5e044eb,FFD8FFE10DBB457869660000,200,267,Upload原图,
杨蓉,https://www.gy3y.cn/ks/fckyjs/fkzl/doctor_614.html,实采,,https://www.gy3y.cn/Upload/202506/638853204314014907.jpg,01_试点医院/广州医科大学附属第三医院/照片/杨蓉-荔湾院区妇科肿瘤病区-住院医师-广州医科大学附属第三医院.jpg,34922,62ef436a6bec009a6f89147be11c9e9c7b91d1d412c7e926cf6ea804e084f915,FFD8FFE10DE6457869660000,200,267,Upload原图,
刘任赐,https://www.gy3y.cn/ks/fckyjs/fkzl/doctor_615.html,实采,,https://www.gy3y.cn/Upload/202506/638853205353312283.jpg,01_试点医院/广州医科大学附属第三医院/照片/刘任赐-荔湾院区妇科肿瘤病区-未标注-广州医科大学附属第三医院.jpg,31102,844e779b7d71bdd1eabe3b6b5024e7947bade6d037b7f71b06fde4f91548182d,FFD8FFE10CE7457869660000,200,267,Upload原图,
​林荣锦,https://www.gy3y.cn/ks/fckyjs/fkzl/doctor_616.html,实采,,https://www.gy3y.cn/Upload/202506/638853206032527757.png,01_试点医院/广州医科大学附属第三医院/照片/​林荣锦-荔湾院区妇科肿瘤病区-未标注-广州医科大学附属第三医院.png,562848,f0fe3fdee6a41a1f8db25da17a3c453afe458754558e72ea998efbf8dbe50017,89504E470D0A1A0A0000000D,661,876,Upload原图,
李浩贤,https://www.gy3y.cn/ks/fckyjs/fkzl/doctor_617.html,实采,,https://www.gy3y.cn/Upload/202506/638853206900191724.jpg,01_试点医院/广州医科大学附属第三医院/照片/李浩贤-荔湾院区妇科肿瘤病区-住院医师-广州医科大学附属第三医院.jpg,28780,7231906c2eb0fb598a4c88585f578070274915ee8307ddf5b0eb359d2201d770,FFD8FFE10C67457869660000,200,267,Upload原图,
胡峻岩,https://www.gy3y.cn/ks/hp/mjz/jzk/doctor_619.html,实采,,https://www.gy3y.cn/Upload/202510/638959451294539077.png,01_试点医院/广州医科大学附属第三医院/照片/胡峻岩-黄埔院区急诊科-副主任医师-广州医科大学附属第三医院.png,122223,66ca874eb1778b52a6a8de2fe1d80742fb01f0ed70a9847103ce8e7918ab6073,89504E470D0A1A0A0000000D,325,450,Upload原图,
刘波,https://www.gy3y.cn/ks/hp/mjz/jzk/doctor_620.html,实采,,https://www.gy3y.cn/Upload/202510/638959455124294069.png,01_试点医院/广州医科大学附属第三医院/照片/刘波-黄埔院区急诊科-副主任医师-广州医科大学附属第三医院.png,63800,9049944c8f02ad46b817b4edfcf3eae576e502ccf1741522f20debe5c891c5ca,89504E470D0A1A0A0000000D,237,338,Upload原图,
罗唯师,https://www.gy3y.cn/ks/wkxt/sjwk/doctor_621.html,实采,,https://www.gy3y.cn/Upload/202607/639192813542441221.jpg,01_试点医院/广州医科大学附属第三医院/照片/罗唯师-荔湾院区神经外科-主任医师-广州医科大学附属第三医院.jpg,1329956,d15af62ed6dbbf1c0d219ce9f486491e218fe02bc6576b83aec47e355b4ff92e,FFD8FFE000104A4649460001,1868,2564,Upload原图,
朱明华,https://www.gy3y.cn/ks/wkxt/sjwk/doctor_622.html,实采,,https://www.gy3y.cn/Upload/202607/639202215501576701.jpg,01_试点医院/广州医科大学附属第三医院/照片/朱明华-荔湾院区神经外科-副主任医师-广州医科大学附属第三医院.jpg,1605832,943d8bfab583854d51577e21886510ee4ee8e847023f5b63f11f28e869315397,FFD8FFE000104A4649460001,3292,4096,Upload原图,
