ID,姓名,来源链接,状态,失败分类,分类状态,API category,API keshi_ids,API image 字段原值,照片链接,照片文件,实际格式,字节数,SHA-256,宽,高,来源批次,错误证据
195,李江,https://www.gykqyy.com/list.html?category=55&id=195,实采,,FINAL,55,19,https://www.gykqyy.com/uploads/20240710/668ba01bea0b1840f1a4770078a74e74.jpg,https://www.gykqyy.com/uploads/20240710/668ba01bea0b1840f1a4770078a74e74.jpg,01_试点医院/广州医科大学附属口腔医院/照片/李江-越秀院区口腔修复科-主任医师-广州医科大学附属口腔医院.jpg,jpg,479630,e18df6c7804c42c015073d05e0fef8822e5469e36ace36ccc2ddfc1b5c1ad948,2269,2934,TRIAL_REUSE,
136,张清彬,https://www.gykqyy.com/list.html?category=55&id=136,实采,,FINAL,55,"15,30",https://www.gykqyy.com/uploads/20240710/20ba379d57fa3bd13a8229dc6894e3e1.jpg,https://www.gykqyy.com/uploads/20240710/20ba379d57fa3bd13a8229dc6894e3e1.jpg,01_试点医院/广州医科大学附属口腔医院/照片/张清彬-荔湾院区颞下颌关节科-主任医师-广州医科大学附属口腔医院.jpg,jpg,561160,fa52e14c6ac2ffed974bd22b90056adf9757d2eb999b1f421ad54be79bc92a7d,2443,3309,TRIAL_REUSE,
80,江千舟,https://www.gykqyy.com/list.html?category=55&id=80,实采,,FINAL,55,10,https://www.gykqyy.com/uploads/20240710/e7ed6ebd9d63938be385830baf1755b7.jpg,https://www.gykqyy.com/uploads/20240710/e7ed6ebd9d63938be385830baf1755b7.jpg,01_试点医院/广州医科大学附属口腔医院/照片/江千舟-荔湾院区牙体牙髓科-主任医师-广州医科大学附属口腔医院.jpg,jpg,575788,a0d9584bffefa19074d4e23bc0b2ab71c734bb6cfc8d3bb92f7865b5f5df2bd2,2473,3510,TRIAL_REUSE,
196,郭吕华,https://www.gykqyy.com/list.html?category=55&id=196,实采,,FINAL,55,19,https://www.gykqyy.com/uploads/20240710/5a52c91de206a5abb80e9ec555fbade5.jpg,https://www.gykqyy.com/uploads/20240710/5a52c91de206a5abb80e9ec555fbade5.jpg,01_试点医院/广州医科大学附属口腔医院/照片/郭吕华-越秀院区口腔修复科-主任医师-广州医科大学附属口腔医院.jpg,jpg,580308,c937a01c05b8cfadfeafd75f9f5126be56ec1e0fa5a8315a817fb5aeddd9fdc9,2629,3483,FULL_FETCH,
51,朴正国,https://www.gykqyy.com/list.html?category=55&id=51,实采,,FINAL,55,"6,17",https://www.gykqyy.com/uploads/20240724/8ab8956fe055a83048786457946f8ce5.jpg,https://www.gykqyy.com/uploads/20240724/8ab8956fe055a83048786457946f8ce5.jpg,01_试点医院/广州医科大学附属口腔医院/照片/朴正国-荔湾院区口腔颌面外科-主任医师-广州医科大学附属口腔医院.png,png,188668,b67aed236e0c35cbfe7692048f40179da2ac44fc5d470472c0b64326c6720b6b,315,422,TRIAL_REUSE,
70,吴哲,https://www.gykqyy.com/list.html?category=55&id=70,实采,,FINAL,55,"8,19",https://www.gykqyy.com/uploads/20241006/b701022e9bb49edc26e6020bee70ead6.png,https://www.gykqyy.com/uploads/20241006/b701022e9bb49edc26e6020bee70ead6.png,01_试点医院/广州医科大学附属口腔医院/照片/吴哲-荔湾院区口腔修复科-主任医师-广州医科大学附属口腔医院.png,png,437108,737c505280a8134e90364ef38b6624e7d1c7fd56cbb80cff25c8b3f5af1de3a6,800,1216,FULL_FETCH,
110,刘畅,https://www.gykqyy.com/list.html?category=55&id=110,实采,,FINAL,55,13,https://www.gykqyy.com/uploads/20241006/93906ddf0b2422cd529d330ca1be7e8a.jpg,https://www.gykqyy.com/uploads/20241006/93906ddf0b2422cd529d330ca1be7e8a.jpg,01_试点医院/广州医科大学附属口腔医院/照片/刘畅-荔湾院区口腔正畸科-主任医师-广州医科大学附属口腔医院.jpg,jpg,499274,f817cb3113f919a7d4afe73ff29b0869141600ba3359714df440d521395c8e3b,1692,2572,TRIAL_REUSE,
240,申玉芹,https://www.gykqyy.com/list.html?category=55&id=240,实采,,FINAL,55,"21,11,39",https://www.gykqyy.com/uploads/20240710/1211ddf5de26d838a830ba1f64f184eb.jpg,https://www.gykqyy.com/uploads/20240710/1211ddf5de26d838a830ba1f64f184eb.jpg,01_试点医院/广州医科大学附属口腔医院/照片/申玉芹-荔湾院区牙周病科-主任医师-广州医科大学附属口腔医院.jpg,jpg,357261,8d05dafcc6d87f36714d17497d8eb053e3038cf51ce6b8fd2a7283e357379734,2185,3035,FULL_FETCH,
210,杨雪超,https://www.gykqyy.com/list.html?category=55&id=210,实采,,FINAL,55,"20,39",https://www.gykqyy.com/uploads/20240710/593b3604d841e44b19f77afe41f689c0.jpg,https://www.gykqyy.com/uploads/20240710/593b3604d841e44b19f77afe41f689c0.jpg,01_试点医院/广州医科大学附属口腔医院/照片/杨雪超-越秀院区牙体牙髓科-主任医师-广州医科大学附属口腔医院.jpg,jpg,857347,2975fa3e78589f945f63e7346e73585edaec471d8653c4f5f8406668be29e5a9,3006,3817,FULL_FETCH,
123,王丽萍,https://www.gykqyy.com/list.html?category=55&id=123,实采,,FINAL,55,"14,23",https://www.gykqyy.com/uploads/20240710/153f296e8ee8849e6a9aa165b9227ff1.jpg,https://www.gykqyy.com/uploads/20240710/153f296e8ee8849e6a9aa165b9227ff1.jpg,01_试点医院/广州医科大学附属口腔医院/照片/王丽萍-荔湾院区口腔种植科-主任医师-广州医科大学附属口腔医院.jpg,jpg,456015,2d83cef8c616ab2ccc2c7962e242e34ad758d9e84113510dc344e327a43034c8,2322,3111,FULL_FETCH,
31,曾素娟,https://www.gykqyy.com/list.html?category=55&id=31,实采,,FINAL,55,"5,39",https://www.gykqyy.com/uploads/20240710/dbca7c09ded37e5d1fbfb86311b5607a.jpg,https://www.gykqyy.com/uploads/20240710/dbca7c09ded37e5d1fbfb86311b5607a.jpg,01_试点医院/广州医科大学附属口腔医院/照片/曾素娟-荔湾院区儿童口腔科-主任医师-广州医科大学附属口腔医院.jpg,jpg,584415,05702318e6e088ce6335f26b2a02cfad383b0f592b8d437728e11b66a0b8bce0,2493,3296,FULL_FETCH,
3,杨莉,https://www.gykqyy.com/list.html?category=55&id=3,实采,,FINAL,55,39,https://www.gykqyy.com/uploads/20240710/128221a530d6adfa905c3021325dba2a.jpg,https://www.gykqyy.com/uploads/20240710/128221a530d6adfa905c3021325dba2a.jpg,01_试点医院/广州医科大学附属口腔医院/照片/杨莉-专家门诊特诊中心-主任医师-广州医科大学附属口腔医院.jpg,jpg,473571,59e7939b8d4174648b3ea19786eef74b896cf06a09d1ab224ad327083f52afca,2168,3083,FULL_FETCH,
52,欧阳可雄,https://www.gykqyy.com/list.html?category=55&id=52,实采,,FINAL,55,6,https://www.gykqyy.com/uploads/20240710/ce9c797e2b5f8c5877865a37939018f7.jpg,https://www.gykqyy.com/uploads/20240710/ce9c797e2b5f8c5877865a37939018f7.jpg,01_试点医院/广州医科大学附属口腔医院/照片/欧阳可雄-荔湾院区口腔颌面外科-主任医师-广州医科大学附属口腔医院.jpg,jpg,462323,0b1f2751e771b730cc17258d36d71d8e72cac73c742f79f4addebc79f1cbed5c,2366,3186,FULL_FETCH,
301,王朝俭,https://www.gykqyy.com/list.html?category=55&id=301,实采,,FINAL,55,34,https://www.gykqyy.com/uploads/20240716/3bbee6080a3debb309bb60167174e946.png,https://www.gykqyy.com/uploads/20240716/3bbee6080a3debb309bb60167174e946.png,01_试点医院/广州医科大学附属口腔医院/照片/王朝俭-放射科-主任医师-广州医科大学附属口腔医院.png,png,422954,bb9f785a6d48c6e7cd5749fe112a1cbab355b43d23a95cb883e626b0019e5a4a,483,702,FULL_FETCH,
182,鲍喆煊,https://www.gykqyy.com/list.html?category=55&id=182,实采,,FINAL,55,"18,31",https://www.gykqyy.com/uploads/20240710/d73b0912342d654b47cb0cbe8066c4fa.jpg,https://www.gykqyy.com/uploads/20240710/d73b0912342d654b47cb0cbe8066c4fa.jpg,01_试点医院/广州医科大学附属口腔医院/照片/鲍喆煊-越秀院区口腔黏膜病科-主任医师-广州医科大学附属口腔医院.jpg,jpg,684974,8803d48e04c1e62e616ec2003e0d7e685a81681938869f7e57e05db97a7bc76a,2740,3747,FULL_FETCH,
111,陈良娇,https://www.gykqyy.com/list.html?category=55&id=111,实采,,FINAL,55,13,https://www.gykqyy.com/uploads/20240710/cb51ca0410a3755c3a41c3a13cf64a96.jpg,https://www.gykqyy.com/uploads/20240710/cb51ca0410a3755c3a41c3a13cf64a96.jpg,01_试点医院/广州医科大学附属口腔医院/照片/陈良娇-荔湾院区口腔正畸科-主任医师-广州医科大学附属口腔医院.jpg,jpg,486986,f05e6cf08a4e946edf3171c043a06c9a65e4b3d82a1ae0e4fd07d42829166445,2303,2972,FULL_FETCH,
239,于淼,https://www.gykqyy.com/list.html?category=55&id=239,实采,,FINAL,55,"21,39",https://www.gykqyy.com/uploads/20240710/16bcab4d67425e158f51c37dd56bef4e.jpg,https://www.gykqyy.com/uploads/20240710/16bcab4d67425e158f51c37dd56bef4e.jpg,01_试点医院/广州医科大学附属口腔医院/照片/于淼-越秀院区牙周病科-主任医师-广州医科大学附属口腔医院.jpg,jpg,677770,9df797278cf27f1b8a579a9d3c2f240c0842767de570cf85a5ab839d4c65bd9a,2750,3573,FULL_FETCH,
302,覃兆军,https://www.gykqyy.com/list.html?category=55&id=302,实采,,FINAL,55,35,https://www.gykqyy.com/uploads/20240716/52fef2497fe58f83a8f04214c4d27d17.jpg,https://www.gykqyy.com/uploads/20240716/52fef2497fe58f83a8f04214c4d27d17.jpg,01_试点医院/广州医科大学附属口腔医院/照片/覃兆军-麻醉手术中心-主任医师-广州医科大学附属口腔医院.jpg,jpg,69012,d3a96292666eb64bf9ef280cb52a0fb76db0995cd7b0d2071bc1efaaf881ccaf,912,1280,FULL_FETCH,
259,陈建明,https://www.gykqyy.com/list.html?category=55&id=259,实采,,FINAL,55,22,https://www.gykqyy.com/uploads/20240710/0db673f76728b580fddec1b2d687c628.jpg,https://www.gykqyy.com/uploads/20240710/0db673f76728b580fddec1b2d687c628.jpg,01_试点医院/广州医科大学附属口腔医院/照片/陈建明-越秀院区口腔正畸科-主任医师-广州医科大学附属口腔医院.jpg,jpg,665922,feac2ad90a6e9c89103227d565d3bd864c7a60a7f43d376c38e20c97875a1d15,2652,3396,FULL_FETCH,
171,周丽斌,https://www.gykqyy.com/list.html?category=55&id=171,实采,,FINAL,55,17,https://www.gykqyy.com/uploads/20240710/baa380fc599a453a34f0e64af45c1711.jpg,https://www.gykqyy.com/uploads/20240710/baa380fc599a453a34f0e64af45c1711.jpg,01_试点医院/广州医科大学附属口腔医院/照片/周丽斌-越秀院区口腔颌面外科-主任医师-广州医科大学附属口腔医院.jpg,jpg,528245,54b6717756aee152f7a2f13aed9692458eacb45b0363cde6eed50f3347312a41,2321,3154,FULL_FETCH,
20,于丽娜,https://www.gykqyy.com/list.html?category=55&id=20,实采,,FINAL,55,4,https://www.gykqyy.com/uploads/20240710/e4dd98fca998e76cacb4e1409e6a4f71.jpg,https://www.gykqyy.com/uploads/20240710/e4dd98fca998e76cacb4e1409e6a4f71.jpg,01_试点医院/广州医科大学附属口腔医院/照片/于丽娜-口腔预防科-主任医师-广州医科大学附属口腔医院.jpg,jpg,598534,732468faaa9b92ee45ceffadeda4688771b3a48dfd299f01d49257507279d00f,2635,3628,FULL_FETCH,
152,张云燕,https://www.gykqyy.com/list.html?category=55&id=152,实采,,FINAL,55,16,https://www.gykqyy.com/uploads/20240724/29a5b13779b11fa076c6f0031f905616.jpg,https://www.gykqyy.com/uploads/20240724/29a5b13779b11fa076c6f0031f905616.jpg,01_试点医院/广州医科大学附属口腔医院/照片/张云燕-越秀院区儿童口腔科-副主任医师-广州医科大学附属口腔医院.png,png,1081247,47fd7198aa3a8b98703a7bc6293273e0a4acc4776ece6e01025a6850f4ab95b9,697,924,TRIAL_REUSE,
198,黄江勇,https://www.gykqyy.com/list.html?category=55&id=198,实采,,FINAL,55,"19,39",https://www.gykqyy.com/uploads/20240710/5af0a861ba46072163b56e86227d2744.jpg,https://www.gykqyy.com/uploads/20240710/5af0a861ba46072163b56e86227d2744.jpg,01_试点医院/广州医科大学附属口腔医院/照片/黄江勇-越秀院区口腔修复科-副主任医师-广州医科大学附属口腔医院.jpg,jpg,438872,2227cbfc893700b3c41e23a27a320f4a033dbc93c4f06cc743d74a0ea730354d,2095,2861,FULL_FETCH,
5,杜发亮,https://www.gykqyy.com/list.html?category=55&id=5,实采,,FINAL,55,"39,37",https://www.gykqyy.com/uploads/20240710/e166fb7560d199891d941a0e882c8925.jpg,https://www.gykqyy.com/uploads/20240710/e166fb7560d199891d941a0e882c8925.jpg,01_试点医院/广州医科大学附属口腔医院/照片/杜发亮-专家门诊特诊中心-副主任医师-广州医科大学附属口腔医院.jpg,jpg,465186,0070688121eb59065f534bfc6d00b687a8a3e113dd11cee72e4319a54029a157,2481,3430,TRIAL_REUSE,
241,余挺,https://www.gykqyy.com/list.html?category=55&id=241,实采,,FINAL,55,21,https://www.gykqyy.com/uploads/20240710/2499360d61fd7ab79c766c2ab46bba16.jpg,https://www.gykqyy.com/uploads/20240710/2499360d61fd7ab79c766c2ab46bba16.jpg,01_试点医院/广州医科大学附属口腔医院/照片/余挺-越秀院区牙周病科-副主任医师-广州医科大学附属口腔医院.jpg,jpg,516522,900888f6dab3f91e374b18c0f8d17ff0ea574162347238e6be303d1dbac403f2,2336,3213,TRIAL_REUSE,
287,熊洁,https://www.gykqyy.com/list.html?category=55&id=287,实采,,FINAL,55,"24,27",https://www.gykqyy.com/uploads/20240710/a0ede84b83d0b74d17a4387157281ac2.jpg,https://www.gykqyy.com/uploads/20240710/a0ede84b83d0b74d17a4387157281ac2.jpg,01_试点医院/广州医科大学附属口腔医院/照片/熊洁-荔湾院区综合急诊科-副主任医师-广州医科大学附属口腔医院.jpg,jpg,459206,d117442150125669cfd69bb6539bff146d57e8a4eca8c8e02b97a2d11c6cabfe,2192,3150,TRIAL_REUSE,
213,杜暘,https://www.gykqyy.com/list.html?category=55&id=213,实采,,FINAL,55,20,https://www.gykqyy.com/uploads/20240716/26f2844ee5e6e4a02bb57a0999262e96.jpg,https://www.gykqyy.com/uploads/20240716/26f2844ee5e6e4a02bb57a0999262e96.jpg,01_试点医院/广州医科大学附属口腔医院/照片/杜暘-越秀院区牙体牙髓科-副主任医师-广州医科大学附属口腔医院.jpg,jpg,2202646,ded042bacb452ece3a44c557a87bfceb846362ba8a87a2791433c649e6e27284,2083,2824,FULL_FETCH,
258,张斌,https://www.gykqyy.com/list.html?category=55&id=258,实采,,FINAL,55,38,https://www.gykqyy.com/uploads/20240710/d18943fa04bfd0aeb06e59900d829753.jpg,https://www.gykqyy.com/uploads/20240710/d18943fa04bfd0aeb06e59900d829753.jpg,01_试点医院/广州医科大学附属口腔医院/照片/张斌-正畸与儿童口腔中心-副主任医师-广州医科大学附属口腔医院.jpg,jpg,473078,8b95af93cb573a2f88a634470e6a2c6c148cfc2696c557ee642ca8dfa1d672f3,2386,3210,TRIAL_REUSE,
33,刘亚蕊,https://www.gykqyy.com/list.html?category=55&id=33,实采,,FINAL,55,5,https://www.gykqyy.com/uploads/20240710/1b99d7dee717bb8f1791fdd6c95f2b07.jpg,https://www.gykqyy.com/uploads/20240710/1b99d7dee717bb8f1791fdd6c95f2b07.jpg,01_试点医院/广州医科大学附属口腔医院/照片/刘亚蕊-荔湾院区儿童口腔科-副主任医师-广州医科大学附属口腔医院.jpg,jpg,734718,8ca1cb2e630006addacd129c4f9b1e0d4f4a9e66709e3bf3940e3ae5b7945dde,2782,3691,FULL_FETCH,
81,张晓蓉,https://www.gykqyy.com/list.html?category=55&id=81,实采,,FINAL,55,10,https://www.gykqyy.com/uploads/20240710/b60727a62a8e31767fcceaec111e67be.jpg,https://www.gykqyy.com/uploads/20240710/b60727a62a8e31767fcceaec111e67be.jpg,01_试点医院/广州医科大学附属口腔医院/照片/张晓蓉-荔湾院区牙体牙髓科-副主任医师-广州医科大学附属口腔医院.jpg,jpg,626278,eedb0c6537c43d2937bd07146f4c0d57a27ffc8f87c3d4cbafc6a56ba71964ae,2541,3467,FULL_FETCH,
128,方颖,https://www.gykqyy.com/list.html?category=55&id=128,实采,,FINAL,55,14,https://www.gykqyy.com/uploads/20240710/5110631a921deabba117783c6a61f51b.jpg,https://www.gykqyy.com/uploads/20240710/5110631a921deabba117783c6a61f51b.jpg,01_试点医院/广州医科大学附属口腔医院/照片/方颖-荔湾院区口腔种植科-副教授-广州医科大学附属口腔医院.jpg,jpg,555504,6fe03b86495f699f8b18f227b96972abbc13eecd49acaa7b69af29d5e6700ec8,2659,3790,FULL_FETCH,
112,吴晓雪,https://www.gykqyy.com/list.html?category=55&id=112,实采,,FINAL,55,13,https://www.gykqyy.com/uploads/20240710/e5c199ab3daa64b1031f0f442b4fe3ea.jpg,https://www.gykqyy.com/uploads/20240710/e5c199ab3daa64b1031f0f442b4fe3ea.jpg,01_试点医院/广州医科大学附属口腔医院/照片/吴晓雪-荔湾院区口腔正畸科-副主任医师-广州医科大学附属口腔医院.jpg,jpg,832977,aa1d6305070aa08ab18c1889ffc872ff1d6b0d6c8e78a215fd8d3fbdbe593b6c,2542,3423,FULL_FETCH,
138,张戎,https://www.gykqyy.com/list.html?category=55&id=138,实采,,FINAL,55,15,https://www.gykqyy.com/uploads/20240716/cf686665c8209127a1b6e2916ed714df.png,https://www.gykqyy.com/uploads/20240716/cf686665c8209127a1b6e2916ed714df.png,01_试点医院/广州医科大学附属口腔医院/照片/张戎-越秀院区颞下颌关节科-主任医师-广州医科大学附属口腔医院.png,png,133703,d3c7d75ce5bde258a0b8ee7295dd98804f66e7924ee9b95adee2379fc2362a94,308,401,FULL_FETCH,
172,匡威,https://www.gykqyy.com/list.html?category=55&id=172,实采,,FINAL,55,"17,39",https://www.gykqyy.com/uploads/20240710/2548506dbfc0997787a8d44143c09b1e.jpg,https://www.gykqyy.com/uploads/20240710/2548506dbfc0997787a8d44143c09b1e.jpg,01_试点医院/广州医科大学附属口腔医院/照片/匡威-越秀院区口腔颌面外科-副主任医师-广州医科大学附属口腔医院.jpg,jpg,538499,fbb74f0265465629fab6660f5d28a5db1c6d350717bf37de0283b907f1be20a0,2611,3346,FULL_FETCH,
197,罗涛,https://www.gykqyy.com/list.html?category=55&id=197,实采,,FINAL,55,19,https://www.gykqyy.com/uploads/20240710/b6ce0f7f1e013345e3f8a674f43a8f7e.jpg,https://www.gykqyy.com/uploads/20240710/b6ce0f7f1e013345e3f8a674f43a8f7e.jpg,01_试点医院/广州医科大学附属口腔医院/照片/罗涛-越秀院区口腔修复科-副主任医师-广州医科大学附属口腔医院.jpg,jpg,756967,ef85e8ecce8739cf1671c0cd4e489021dd75544648779b8c6ad16aa9ed12e556,2498,3581,FULL_FETCH,
211,朱玉婷,https://www.gykqyy.com/list.html?category=55&id=211,实采,,FINAL,55,20,https://www.gykqyy.com/uploads/20240710/9740a2b0e83f65abe503903f3e75d036.jpg,https://www.gykqyy.com/uploads/20240710/9740a2b0e83f65abe503903f3e75d036.jpg,01_试点医院/广州医科大学附属口腔医院/照片/朱玉婷-越秀院区牙体牙髓科-副主任医师-广州医科大学附属口腔医院.jpg,jpg,111735,cb13321614c547c66b74deed72a433b99a497ef1e8d5bc8502a0c9f3b2d2cdb4,1281,1664,FULL_FETCH,
4,林婷,https://www.gykqyy.com/list.html?category=55&id=4,实采,,FINAL,55,22,https://www.gykqyy.com/uploads/20240710/92e702b72557513dfbe9921737109a66.jpg,https://www.gykqyy.com/uploads/20240710/92e702b72557513dfbe9921737109a66.jpg,01_试点医院/广州医科大学附属口腔医院/照片/林婷-越秀院区口腔正畸科-副主任医师-广州医科大学附属口腔医院.jpg,jpg,472099,725f0e18529587a1f5a34eb64c782b5e9107f9cf4555f7a3b29ebbd6d8619123,2149,2752,FULL_FETCH,
124,杨岚,https://www.gykqyy.com/list.html?category=55&id=124,实采,,FINAL,55,14,https://www.gykqyy.com/uploads/20240710/4532300914bac2822cbee488471cc88b.jpg,https://www.gykqyy.com/uploads/20240710/4532300914bac2822cbee488471cc88b.jpg,01_试点医院/广州医科大学附属口腔医院/照片/杨岚-荔湾院区口腔种植科-副教授-广州医科大学附属口腔医院.jpg,jpg,32642,271dc60758ebd8dc8e28f1e2c84d8a640cc2f03b75fcf9f380305bbc6d8186cd,541,781,FULL_FETCH,
137,郝建锁,https://www.gykqyy.com/list.html?category=55&id=137,实采,,FINAL,55,15,https://www.gykqyy.com/uploads/20240716/b3d5650e1fff815c6b6262079b6aca19.png,https://www.gykqyy.com/uploads/20240716/b3d5650e1fff815c6b6262079b6aca19.png,01_试点医院/广州医科大学附属口腔医院/照片/郝建锁-越秀院区颞下颌关节科-副主任医师-广州医科大学附属口腔医院.png,png,52228,166ba8eb965ba08c0b085a490f7dbe2d5c33a3890ed021b917a0e490b47b2c3f,177,266,FULL_FETCH,
272,赵世勇,https://www.gykqyy.com/list.html?category=55&id=272,实采,,FINAL,55,"23,39",https://www.gykqyy.com/uploads/20240710/e520e536f5a2b56fc8f2030beeb02dbd.jpg,https://www.gykqyy.com/uploads/20240710/e520e536f5a2b56fc8f2030beeb02dbd.jpg,01_试点医院/广州医科大学附属口腔医院/照片/赵世勇-越秀院区口腔种植科-副主任医师-广州医科大学附属口腔医院.jpg,jpg,33590,f3805fca034d1edb1d30e7f1caeb6b2690b0bb363bfbff42d285541c337a9392,597,820,FULL_FETCH,
212,王伟东,https://www.gykqyy.com/list.html?category=55&id=212,实采,,FINAL,55,20,https://www.gykqyy.com/uploads/20240710/afa770f4b71ad46e9044080fb41f2d87.jpg,https://www.gykqyy.com/uploads/20240710/afa770f4b71ad46e9044080fb41f2d87.jpg,01_试点医院/广州医科大学附属口腔医院/照片/王伟东-越秀院区牙体牙髓科-副主任医师-广州医科大学附属口腔医院.jpg,jpg,507913,3cf1b736ac74036b9224c39fe4e57b2b2e772b9aa29e9e99e8ac2e8e227cd8cb,2295,3250,FULL_FETCH,
32,徐冬雪,https://www.gykqyy.com/list.html?category=55&id=32,实采,,FINAL,55,5,https://www.gykqyy.com/uploads/20240717/f0f92226120e164e535787d9027c6ce2.png,https://www.gykqyy.com/uploads/20240717/f0f92226120e164e535787d9027c6ce2.png,01_试点医院/广州医科大学附属口腔医院/照片/徐冬雪-荔湾院区儿童口腔科-副主任医师-广州医科大学附属口腔医院.png,png,165617,648b31a723b8575ad06f3325d4ded8602e8d01a3cec1f9951294c95d619610d3,369,464,FULL_FETCH,
53,赵伟,https://www.gykqyy.com/list.html?category=55&id=53,实采,,FINAL,55,6,https://www.gykqyy.com/uploads/20240718/0e9a5ea23ea2bbfaefef6815aff6bdf1.png,https://www.gykqyy.com/uploads/20240718/0e9a5ea23ea2bbfaefef6815aff6bdf1.png,01_试点医院/广州医科大学附属口腔医院/照片/赵伟-荔湾院区口腔颌面外科-副主任医师-广州医科大学附属口腔医院.png,png,909229,af9ea6ec034416afdbe96c551060e597148fa3333038a4e67f15c33c15f14854,800,980,FULL_FETCH,
139,邓力,https://www.gykqyy.com/list.html?category=55&id=139,实采,,FINAL,55,30,https://www.gykqyy.com/uploads/20240710/9ad90c551c90f358ea66fa0ccebe70f8.jpg,https://www.gykqyy.com/uploads/20240710/9ad90c551c90f358ea66fa0ccebe70f8.jpg,01_试点医院/广州医科大学附属口腔医院/照片/邓力-荔湾院区颞下颌关节科-副主任医师-广州医科大学附属口腔医院.jpg,jpg,609834,5879d99e31cb601c3ad46cdde711a9b8fcfe49f208172efb0d39272e25d640cb,2486,3719,FULL_FETCH,
140,麦熙,https://www.gykqyy.com/list.html?category=55&id=140,实采,,FINAL,55,"15,30",https://www.gykqyy.com/uploads/20240822/4f1dd8c87502085d37c11d59177d911c.jpg,https://www.gykqyy.com/uploads/20240822/4f1dd8c87502085d37c11d59177d911c.jpg,01_试点医院/广州医科大学附属口腔医院/照片/麦熙-荔湾院区颞下颌关节科-副主任医师-广州医科大学附属口腔医院.jpg,jpg,16406,cedd9270cfbf47f492b0881210cc6dbfb6932c23fbfbdf22a80caca8f62e4785,267,400,FULL_FETCH,
308,刘春江,https://www.gykqyy.com/list.html?category=55&id=308,实采,,FINAL,55,35,https://www.gykqyy.com/uploads/20240724/222e16a9dadc30e87b42cf4351e5aaf8.jpg,https://www.gykqyy.com/uploads/20240724/222e16a9dadc30e87b42cf4351e5aaf8.jpg,01_试点医院/广州医科大学附属口腔医院/照片/刘春江-麻醉手术中心-副主任医师-广州医科大学附属口腔医院.png,png,299388,8dd8f41ffb6ef0c8dca0161c0bd382bbdaa24c2b75b5a75e8573dd6375fb7670,480,625,FULL_FETCH,
35,盛婷,https://www.gykqyy.com/list.html?category=55&id=35,实采,,FINAL,55,5,https://www.gykqyy.com/uploads/20241012/ac0261f93fe78b8df2efe8ab89b6885b.jpg,https://www.gykqyy.com/uploads/20241012/ac0261f93fe78b8df2efe8ab89b6885b.jpg,01_试点医院/广州医科大学附属口腔医院/照片/盛婷-荔湾院区儿童口腔科-副主任医师-广州医科大学附属口腔医院.png,png,198771,c23f1593f6b70d935f1131800031663a2276a1137381e5d002b34b8bc0d06fd7,314,416,FULL_FETCH,
317,俞艳,https://www.gykqyy.com/list.html?category=55&id=317,实采,,FINAL,55,10,https://www.gykqyy.com/uploads/20240815/61137ee0f7a10fbeac32f6ba06734ac4.png,https://www.gykqyy.com/uploads/20240815/61137ee0f7a10fbeac32f6ba06734ac4.png,01_试点医院/广州医科大学附属口腔医院/照片/俞艳-荔湾院区牙体牙髓科-副主任医师-广州医科大学附属口腔医院.png,png,342951,4a9bb95c09d0cbc41cb7857d4519cee99363ce3b3ddc405b8d880b4a738cf1ef,498,659,FULL_FETCH,
126,韦丽芬,https://www.gykqyy.com/list.html?category=55&id=126,实采,,FINAL,55,14,https://www.gykqyy.com/uploads/20241012/0c0611226fd899fde783c22a96b339b2.jpg,https://www.gykqyy.com/uploads/20241012/0c0611226fd899fde783c22a96b339b2.jpg,01_试点医院/广州医科大学附属口腔医院/照片/韦丽芬-荔湾院区口腔种植科-副主任医师-广州医科大学附属口腔医院.jpg,jpg,459765,cfb560289ce7e8f8cb818ace6cb53fed84b93e63557699b5985cc89f65d08613,2782,3709,FULL_FETCH,
87,孔媛媛,https://www.gykqyy.com/list.html?category=55&id=87,实采,,FINAL,55,"10,39",https://www.gykqyy.com/uploads/20241012/23aa9ea459ab9604e70ecd7d17360bb3.jpg,https://www.gykqyy.com/uploads/20241012/23aa9ea459ab9604e70ecd7d17360bb3.jpg,01_试点医院/广州医科大学附属口腔医院/照片/孔媛媛-荔湾院区牙体牙髓科-副主任医师-广州医科大学附属口腔医院.jpg,jpg,489794,470b4d73ba12e70b9a27c07539ccf100b65062804c237fa2ec50f403f2d3828a,2880,3840,FULL_FETCH,
74,吕胡玲,https://www.gykqyy.com/list.html?category=55&id=74,实采,,FINAL,55,8,https://www.gykqyy.com/uploads/20241016/24cb8ad298780455385fc50cec93c7db.jpg,https://www.gykqyy.com/uploads/20241016/24cb8ad298780455385fc50cec93c7db.jpg,01_试点医院/广州医科大学附属口腔医院/照片/吕胡玲-荔湾院区口腔修复科-副主任医师-广州医科大学附属口腔医院.jpg,jpg,466654,46265251c1f34f56c034e88552f7d8a2b486f09fcae020998a819a1ad3f4bd12,2880,3840,FULL_FETCH,
106,秦文光,https://www.gykqyy.com/list.html?category=55&id=106,实采,,FINAL,55,11,https://www.gykqyy.com/uploads/20241012/3d55c5f9276ddb32554dd68b6c13bee9.png,https://www.gykqyy.com/uploads/20241012/3d55c5f9276ddb32554dd68b6c13bee9.png,01_试点医院/广州医科大学附属口腔医院/照片/秦文光-荔湾院区牙周病科-副主任医师-广州医科大学附属口腔医院.png,png,538437,7bdd4deae4c8e9f8b0b8b2f25671d85ca651b037eb028d1b9651cf30b5e6741c,495,662,FULL_FETCH,
72,余培,https://www.gykqyy.com/list.html?category=55&id=72,实采,,FINAL,55,"8,39",https://www.gykqyy.com/uploads/20241016/f36e37d50bae0e85898f377d2e2dc785.jpg,https://www.gykqyy.com/uploads/20241016/f36e37d50bae0e85898f377d2e2dc785.jpg,01_试点医院/广州医科大学附属口腔医院/照片/余培-荔湾院区口腔修复科-副主任医师-广州医科大学附属口腔医院.jpg,jpg,411710,94f764feb60325ec23ffbedbe7c735e4e4b3dd494b2707bc805a0ab03d532f35,2827,3769,FULL_FETCH,
118,赵陆,https://www.gykqyy.com/list.html?category=55&id=118,实采,,FINAL,55,13,https://www.gykqyy.com/uploads/20260226/16452531a8e17000bce5ed9348dbe14a.png,https://www.gykqyy.com/uploads/20260226/16452531a8e17000bce5ed9348dbe14a.png,01_试点医院/广州医科大学附属口腔医院/照片/赵陆-荔湾院区口腔正畸科-副主任医师-广州医科大学附属口腔医院.png,png,475994,e4ab72a973e071608f6ae1b9189e785925e82822e182ceb07ab90f9034e5563b,1266,1266,FULL_FETCH,
256,欧玲伶,https://www.gykqyy.com/list.html?category=55&id=256,失败留空,无照片容器,FINAL,55,21,,,,,,,,,FULL_API_SIGNAL,UTC=2026-08-18T19:45:51Z；API=https://www.gykqyy.com/api/article/getZhuanjiaList?category=55；category=55；image_field=null；signal=NO_PHOTO_CONTAINER_EMPTY_IMAGE_FIELD；判定=API image 字段为空/null；页面 fallback 为 ./images/null.jpg，未下载 fallback
82,张文娟,https://www.gykqyy.com/list.html?category=55&id=82,失败留空,无照片容器,FINAL,55,10,,,,,,,,,FULL_API_SIGNAL,UTC=2026-08-18T19:45:51Z；API=https://www.gykqyy.com/api/article/getZhuanjiaList?category=55；category=55；image_field=null；signal=NO_PHOTO_CONTAINER_EMPTY_IMAGE_FIELD；判定=API image 字段为空/null；页面 fallback 为 ./images/null.jpg，未下载 fallback
83,闫亮,https://www.gykqyy.com/list.html?category=55&id=83,失败留空,无照片容器,FINAL,55,10,,,,,,,,,FULL_API_SIGNAL,UTC=2026-08-18T19:45:51Z；API=https://www.gykqyy.com/api/article/getZhuanjiaList?category=55；category=55；image_field=null；signal=NO_PHOTO_CONTAINER_EMPTY_IMAGE_FIELD；判定=API image 字段为空/null；页面 fallback 为 ./images/null.jpg，未下载 fallback
300,吴磊,https://www.gykqyy.com/list.html?category=55&id=300,失败留空,无照片容器,FINAL,55,37,,,,,,,,,FULL_API_SIGNAL,UTC=2026-08-18T19:45:51Z；API=https://www.gykqyy.com/api/article/getZhuanjiaList?category=55；category=55；image_field=null；signal=NO_PHOTO_CONTAINER_EMPTY_IMAGE_FIELD；判定=API image 字段为空/null；页面 fallback 为 ./images/null.jpg，未下载 fallback
55,张君伟,https://www.gykqyy.com/list.html?category=55&id=55,失败留空,无照片容器,FINAL,55,6,,,,,,,,,FULL_API_SIGNAL,UTC=2026-08-18T19:45:51Z；API=https://www.gykqyy.com/api/article/getZhuanjiaList?category=55；category=55；image_field=null；signal=NO_PHOTO_CONTAINER_EMPTY_IMAGE_FIELD；判定=API image 字段为空/null；页面 fallback 为 ./images/null.jpg，未下载 fallback
59,黄珞,https://www.gykqyy.com/list.html?category=55&id=59,失败留空,无照片容器,FINAL,55,6,,,,,,,,,FULL_API_SIGNAL,UTC=2026-08-18T19:45:51Z；API=https://www.gykqyy.com/api/article/getZhuanjiaList?category=55；category=55；image_field=null；signal=NO_PHOTO_CONTAINER_EMPTY_IMAGE_FIELD；判定=API image 字段为空/null；页面 fallback 为 ./images/null.jpg，未下载 fallback
141,李传洁,https://www.gykqyy.com/list.html?category=55&id=141,实采,,FINAL,55,15,https://www.gykqyy.com/uploads/20260226/df096a04ab52969e7e17a47386a93e03.png,https://www.gykqyy.com/uploads/20260226/df096a04ab52969e7e17a47386a93e03.png,01_试点医院/广州医科大学附属口腔医院/照片/李传洁-越秀院区颞下颌关节科-副主任医师-广州医科大学附属口腔医院.png,png,258583,9b159b8487a2874c1c872b6217489631e08ae36db9bd6776107186d162da407c,1267,845,FULL_FETCH,
143,曹威,https://www.gykqyy.com/list.html?category=55&id=143,失败留空,无照片容器,FINAL,55,30,,,,,,,,,FULL_API_SIGNAL,UTC=2026-08-18T19:45:51Z；API=https://www.gykqyy.com/api/article/getZhuanjiaList?category=55；category=55；image_field=null；signal=NO_PHOTO_CONTAINER_EMPTY_IMAGE_FIELD；判定=API image 字段为空/null；页面 fallback 为 ./images/null.jpg，未下载 fallback
289,陈伟鸿,https://www.gykqyy.com/list.html?category=55&id=289,失败留空,无照片容器,FINAL,55,24,,,,,,,,,FULL_API_SIGNAL,UTC=2026-08-18T19:45:51Z；API=https://www.gykqyy.com/api/article/getZhuanjiaList?category=55；category=55；image_field=null；signal=NO_PHOTO_CONTAINER_EMPTY_IMAGE_FIELD；判定=API image 字段为空/null；页面 fallback 为 ./images/null.jpg，未下载 fallback
69,梁倩,https://www.gykqyy.com/list.html?category=55&id=69,失败留空,无照片容器,FINAL,55,8,,,,,,,,,FULL_API_SIGNAL,UTC=2026-08-18T19:45:51Z；API=https://www.gykqyy.com/api/article/getZhuanjiaList?category=55；category=55；image_field=null；signal=NO_PHOTO_CONTAINER_EMPTY_IMAGE_FIELD；判定=API image 字段为空/null；页面 fallback 为 ./images/null.jpg，未下载 fallback
86,李阳,https://www.gykqyy.com/list.html?category=55&id=86,实采,,FINAL,55,10,https://www.gykqyy.com/uploads/20260226/d7ab6b314bb4db57f1cb8ff0280c5fcb.png,https://www.gykqyy.com/uploads/20260226/d7ab6b314bb4db57f1cb8ff0280c5fcb.png,01_试点医院/广州医科大学附属口腔医院/照片/李阳-荔湾院区牙体牙髓科-副主任医师-广州医科大学附属口腔医院.png,png,98475,478de64552d3c0e056e13919a4255e64d486a3bb5312ac7bd81d3e53fb5235cf,337,389,FULL_FETCH,
103,朱德星,https://www.gykqyy.com/list.html?category=55&id=103,失败留空,无照片容器,FINAL,55,11,,,,,,,,,FULL_API_SIGNAL,UTC=2026-08-18T19:45:51Z；API=https://www.gykqyy.com/api/article/getZhuanjiaList?category=55；category=55；image_field=null；signal=NO_PHOTO_CONTAINER_EMPTY_IMAGE_FIELD；判定=API image 字段为空/null；页面 fallback 为 ./images/null.jpg，未下载 fallback
288,周子亮,https://www.gykqyy.com/list.html?category=55&id=288,失败留空,无照片容器,FINAL,55,27,,,,,,,,,FULL_API_SIGNAL,UTC=2026-08-18T19:45:51Z；API=https://www.gykqyy.com/api/article/getZhuanjiaList?category=55；category=55；image_field=null；signal=NO_PHOTO_CONTAINER_EMPTY_IMAGE_FIELD；判定=API image 字段为空/null；页面 fallback 为 ./images/null.jpg，未下载 fallback
65,陈浩,https://www.gykqyy.com/list.html?category=55&id=65,失败留空,无照片容器,FINAL,55,6,,,,,,,,,FULL_API_SIGNAL,UTC=2026-08-18T19:45:51Z；API=https://www.gykqyy.com/api/article/getZhuanjiaList?category=55；category=55；image_field=null；signal=NO_PHOTO_CONTAINER_EMPTY_IMAGE_FIELD；判定=API image 字段为空/null；页面 fallback 为 ./images/null.jpg，未下载 fallback
73,孙千月,https://www.gykqyy.com/list.html?category=55&id=73,失败留空,无照片容器,FINAL,55,8,,,,,,,,,FULL_API_SIGNAL,UTC=2026-08-18T19:45:51Z；API=https://www.gykqyy.com/api/article/getZhuanjiaList?category=55；category=55；image_field=null；signal=NO_PHOTO_CONTAINER_EMPTY_IMAGE_FIELD；判定=API image 字段为空/null；页面 fallback 为 ./images/null.jpg，未下载 fallback
88,李慧,https://www.gykqyy.com/list.html?category=55&id=88,失败留空,无照片容器,FINAL,55,10,,,,,,,,,FULL_API_SIGNAL,UTC=2026-08-18T19:45:51Z；API=https://www.gykqyy.com/api/article/getZhuanjiaList?category=55；category=55；image_field=null；signal=NO_PHOTO_CONTAINER_EMPTY_IMAGE_FIELD；判定=API image 字段为空/null；页面 fallback 为 ./images/null.jpg，未下载 fallback
104,叶兰峰,https://www.gykqyy.com/list.html?category=55&id=104,失败留空,无照片容器,FINAL,55,11,,,,,,,,,FULL_API_SIGNAL,UTC=2026-08-18T19:45:51Z；API=https://www.gykqyy.com/api/article/getZhuanjiaList?category=55；category=55；image_field=null；signal=NO_PHOTO_CONTAINER_EMPTY_IMAGE_FIELD；判定=API image 字段为空/null；页面 fallback 为 ./images/null.jpg，未下载 fallback
129,曾妃菲,https://www.gykqyy.com/list.html?category=55&id=129,失败留空,无照片容器,FINAL,55,14,,,,,,,,,FULL_API_SIGNAL,UTC=2026-08-18T19:45:51Z；API=https://www.gykqyy.com/api/article/getZhuanjiaList?category=55；category=55；image_field=null；signal=NO_PHOTO_CONTAINER_EMPTY_IMAGE_FIELD；判定=API image 字段为空/null；页面 fallback 为 ./images/null.jpg，未下载 fallback
251,杨凯,https://www.gykqyy.com/list.html?category=55&id=251,失败留空,无照片容器,FINAL,55,11,,,,,,,,,FULL_API_SIGNAL,UTC=2026-08-18T19:45:51Z；API=https://www.gykqyy.com/api/article/getZhuanjiaList?category=55；category=55；image_field=null；signal=NO_PHOTO_CONTAINER_EMPTY_IMAGE_FIELD；判定=API image 字段为空/null；页面 fallback 为 ./images/null.jpg，未下载 fallback
64,陈伦秋,https://www.gykqyy.com/list.html?category=55&id=64,失败留空,无照片容器,FINAL,55,6,,,,,,,,,FULL_API_SIGNAL,UTC=2026-08-18T19:45:51Z；API=https://www.gykqyy.com/api/article/getZhuanjiaList?category=55；category=55；image_field=null；signal=NO_PHOTO_CONTAINER_EMPTY_IMAGE_FIELD；判定=API image 字段为空/null；页面 fallback 为 ./images/null.jpg，未下载 fallback
90,赵健,https://www.gykqyy.com/list.html?category=55&id=90,失败留空,无照片容器,FINAL,55,10,,,,,,,,,FULL_API_SIGNAL,UTC=2026-08-18T19:45:51Z；API=https://www.gykqyy.com/api/article/getZhuanjiaList?category=55；category=55；image_field=null；signal=NO_PHOTO_CONTAINER_EMPTY_IMAGE_FIELD；判定=API image 字段为空/null；页面 fallback 为 ./images/null.jpg，未下载 fallback
108,姜新娣,https://www.gykqyy.com/list.html?category=55&id=108,失败留空,无照片容器,FINAL,55,11,,,,,,,,,FULL_API_SIGNAL,UTC=2026-08-18T19:45:51Z；API=https://www.gykqyy.com/api/article/getZhuanjiaList?category=55；category=55；image_field=null；signal=NO_PHOTO_CONTAINER_EMPTY_IMAGE_FIELD；判定=API image 字段为空/null；页面 fallback 为 ./images/null.jpg，未下载 fallback
58,刘耀然,https://www.gykqyy.com/list.html?category=55&id=58,失败留空,无照片容器,FINAL,55,6,,,,,,,,,FULL_API_SIGNAL,UTC=2026-08-18T19:45:51Z；API=https://www.gykqyy.com/api/article/getZhuanjiaList?category=55；category=55；image_field=null；signal=NO_PHOTO_CONTAINER_EMPTY_IMAGE_FIELD；判定=API image 字段为空/null；页面 fallback 为 ./images/null.jpg，未下载 fallback
77,杨双,https://www.gykqyy.com/list.html?category=55&id=77,失败留空,无照片容器,FINAL,55,8,,,,,,,,,FULL_API_SIGNAL,UTC=2026-08-18T19:45:51Z；API=https://www.gykqyy.com/api/article/getZhuanjiaList?category=55；category=55；image_field=null；signal=NO_PHOTO_CONTAINER_EMPTY_IMAGE_FIELD；判定=API image 字段为空/null；页面 fallback 为 ./images/null.jpg，未下载 fallback
107,乔聪聪,https://www.gykqyy.com/list.html?category=55&id=107,失败留空,无照片容器,FINAL,55,11,,,,,,,,,FULL_API_SIGNAL,UTC=2026-08-18T19:45:51Z；API=https://www.gykqyy.com/api/article/getZhuanjiaList?category=55；category=55；image_field=null；signal=NO_PHOTO_CONTAINER_EMPTY_IMAGE_FIELD；判定=API image 字段为空/null；页面 fallback 为 ./images/null.jpg，未下载 fallback
134,查骏,https://www.gykqyy.com/list.html?category=55&id=134,失败留空,无照片容器,FINAL,55,14,,,,,,,,,FULL_API_SIGNAL,UTC=2026-08-18T19:45:51Z；API=https://www.gykqyy.com/api/article/getZhuanjiaList?category=55；category=55；image_field=null；signal=NO_PHOTO_CONTAINER_EMPTY_IMAGE_FIELD；判定=API image 字段为空/null；页面 fallback 为 ./images/null.jpg，未下载 fallback
261,王记位,https://www.gykqyy.com/list.html?category=55&id=261,失败留空,无照片容器,FINAL,55,22,,,,,,,,,FULL_API_SIGNAL,UTC=2026-08-18T19:45:51Z；API=https://www.gykqyy.com/api/article/getZhuanjiaList?category=55；category=55；image_field=null；signal=NO_PHOTO_CONTAINER_EMPTY_IMAGE_FIELD；判定=API image 字段为空/null；页面 fallback 为 ./images/null.jpg，未下载 fallback
105,唐樱花,https://www.gykqyy.com/list.html?category=55&id=105,失败留空,无照片容器,FINAL,55,11,,,,,,,,,FULL_API_SIGNAL,UTC=2026-08-18T19:45:51Z；API=https://www.gykqyy.com/api/article/getZhuanjiaList?category=55；category=55；image_field=null；signal=NO_PHOTO_CONTAINER_EMPTY_IMAGE_FIELD；判定=API image 字段为空/null；页面 fallback 为 ./images/null.jpg，未下载 fallback
132,李小宇,https://www.gykqyy.com/list.html?category=55&id=132,失败留空,无照片容器,FINAL,55,14,,,,,,,,,FULL_API_SIGNAL,UTC=2026-08-18T19:45:51Z；API=https://www.gykqyy.com/api/article/getZhuanjiaList?category=55；category=55；image_field=null；signal=NO_PHOTO_CONTAINER_EMPTY_IMAGE_FIELD；判定=API image 字段为空/null；页面 fallback 为 ./images/null.jpg，未下载 fallback
186,李源静,https://www.gykqyy.com/list.html?category=55&id=186,失败留空,无照片容器,FINAL,55,8,,,,,,,,,FULL_API_SIGNAL,UTC=2026-08-18T19:45:51Z；API=https://www.gykqyy.com/api/article/getZhuanjiaList?category=55；category=55；image_field=null；signal=NO_PHOTO_CONTAINER_EMPTY_IMAGE_FIELD；判定=API image 字段为空/null；页面 fallback 为 ./images/null.jpg，未下载 fallback
203,李平,https://www.gykqyy.com/list.html?category=55&id=203,失败留空,无照片容器,FINAL,55,19,,,,,,,,,FULL_API_SIGNAL,UTC=2026-08-18T19:45:51Z；API=https://www.gykqyy.com/api/article/getZhuanjiaList?category=55；category=55；image_field=null；signal=NO_PHOTO_CONTAINER_EMPTY_IMAGE_FIELD；判定=API image 字段为空/null；页面 fallback 为 ./images/null.jpg，未下载 fallback
242,张翠翠,https://www.gykqyy.com/list.html?category=55&id=242,失败留空,无照片容器,FINAL,55,21,,,,,,,,,FULL_API_SIGNAL,UTC=2026-08-18T19:45:51Z；API=https://www.gykqyy.com/api/article/getZhuanjiaList?category=55；category=55；image_field=null；signal=NO_PHOTO_CONTAINER_EMPTY_IMAGE_FIELD；判定=API image 字段为空/null；页面 fallback 为 ./images/null.jpg，未下载 fallback
57,潘国凯,https://www.gykqyy.com/list.html?category=55&id=57,失败留空,无照片容器,FINAL,55,6,,,,,,,,,FULL_API_SIGNAL,UTC=2026-08-18T19:45:51Z；API=https://www.gykqyy.com/api/article/getZhuanjiaList?category=55；category=55；image_field=null；signal=NO_PHOTO_CONTAINER_EMPTY_IMAGE_FIELD；判定=API image 字段为空/null；页面 fallback 为 ./images/null.jpg，未下载 fallback
92,黄雨婷,https://www.gykqyy.com/list.html?category=55&id=92,失败留空,无照片容器,FINAL,55,37,,,,,,,,,FULL_API_SIGNAL,UTC=2026-08-18T19:45:51Z；API=https://www.gykqyy.com/api/article/getZhuanjiaList?category=55；category=55；image_field=null；signal=NO_PHOTO_CONTAINER_EMPTY_IMAGE_FIELD；判定=API image 字段为空/null；页面 fallback 为 ./images/null.jpg，未下载 fallback
200,赵爽,https://www.gykqyy.com/list.html?category=55&id=200,失败留空,无照片容器,FINAL,55,19,,,,,,,,,FULL_API_SIGNAL,UTC=2026-08-18T19:45:51Z；API=https://www.gykqyy.com/api/article/getZhuanjiaList?category=55；category=55；image_field=null；signal=NO_PHOTO_CONTAINER_EMPTY_IMAGE_FIELD；判定=API image 字段为空/null；页面 fallback 为 ./images/null.jpg，未下载 fallback
37,李唐萍,https://www.gykqyy.com/list.html?category=55&id=37,失败留空,无照片容器,FINAL,55,5,,,,,,,,,FULL_API_SIGNAL,UTC=2026-08-18T19:45:51Z；API=https://www.gykqyy.com/api/article/getZhuanjiaList?category=55；category=55；image_field=null；signal=NO_PHOTO_CONTAINER_EMPTY_IMAGE_FIELD；判定=API image 字段为空/null；页面 fallback 为 ./images/null.jpg，未下载 fallback
61,李智聪,https://www.gykqyy.com/list.html?category=55&id=61,失败留空,无照片容器,FINAL,55,6,,,,,,,,,FULL_API_SIGNAL,UTC=2026-08-18T19:45:51Z；API=https://www.gykqyy.com/api/article/getZhuanjiaList?category=55；category=55；image_field=null；signal=NO_PHOTO_CONTAINER_EMPTY_IMAGE_FIELD；判定=API image 字段为空/null；页面 fallback 为 ./images/null.jpg，未下载 fallback
84,涂欣冉,https://www.gykqyy.com/list.html?category=55&id=84,失败留空,无照片容器,FINAL,55,10,,,,,,,,,FULL_API_SIGNAL,UTC=2026-08-18T19:45:51Z；API=https://www.gykqyy.com/api/article/getZhuanjiaList?category=55；category=55；image_field=null；signal=NO_PHOTO_CONTAINER_EMPTY_IMAGE_FIELD；判定=API image 字段为空/null；页面 fallback 为 ./images/null.jpg，未下载 fallback
102,陈吉荣,https://www.gykqyy.com/list.html?category=55&id=102,失败留空,无照片容器,FINAL,55,11,,,,,,,,,FULL_API_SIGNAL,UTC=2026-08-18T19:45:51Z；API=https://www.gykqyy.com/api/article/getZhuanjiaList?category=55；category=55；image_field=null；signal=NO_PHOTO_CONTAINER_EMPTY_IMAGE_FIELD；判定=API image 字段为空/null；页面 fallback 为 ./images/null.jpg，未下载 fallback
155,谢灵芝,https://www.gykqyy.com/list.html?category=55&id=155,失败留空,无照片容器,FINAL,55,16,,,,,,,,,FULL_API_SIGNAL,UTC=2026-08-18T19:45:51Z；API=https://www.gykqyy.com/api/article/getZhuanjiaList?category=55；category=55；image_field=null；signal=NO_PHOTO_CONTAINER_EMPTY_IMAGE_FIELD；判定=API image 字段为空/null；页面 fallback 为 ./images/null.jpg，未下载 fallback
202,陈志英,https://www.gykqyy.com/list.html?category=55&id=202,失败留空,无照片容器,FINAL,55,19,,,,,,,,,FULL_API_SIGNAL,UTC=2026-08-18T19:45:51Z；API=https://www.gykqyy.com/api/article/getZhuanjiaList?category=55；category=55；image_field=null；signal=NO_PHOTO_CONTAINER_EMPTY_IMAGE_FIELD；判定=API image 字段为空/null；页面 fallback 为 ./images/null.jpg，未下载 fallback
216,魏珍,https://www.gykqyy.com/list.html?category=55&id=216,失败留空,无照片容器,FINAL,55,20,,,,,,,,,FULL_API_SIGNAL,UTC=2026-08-18T19:45:51Z；API=https://www.gykqyy.com/api/article/getZhuanjiaList?category=55；category=55；image_field=null；signal=NO_PHOTO_CONTAINER_EMPTY_IMAGE_FIELD；判定=API image 字段为空/null；页面 fallback 为 ./images/null.jpg，未下载 fallback
223,陈勰,https://www.gykqyy.com/list.html?category=55&id=223,失败留空,无照片容器,FINAL,55,20,,,,,,,,,FULL_API_SIGNAL,UTC=2026-08-18T19:45:51Z；API=https://www.gykqyy.com/api/article/getZhuanjiaList?category=55；category=55；image_field=null；signal=NO_PHOTO_CONTAINER_EMPTY_IMAGE_FIELD；判定=API image 字段为空/null；页面 fallback 为 ./images/null.jpg，未下载 fallback
244,聂敏,https://www.gykqyy.com/list.html?category=55&id=244,实采,,FINAL,55,37,https://www.gykqyy.com/uploads/20260226/b9846b40effe3aa9bafd53836f18882b.png,https://www.gykqyy.com/uploads/20260226/b9846b40effe3aa9bafd53836f18882b.png,01_试点医院/广州医科大学附属口腔医院/照片/聂敏-全科口腔中心-副主任医师-广州医科大学附属口腔医院.png,png,229973,e1cc3d5943e79c72a6860903bd80a3961d3f1cdc0aac315556bd9f250336269a,754,754,FULL_FETCH,
247,安银哲,https://www.gykqyy.com/list.html?category=55&id=247,实采,,FINAL,55,21,https://www.gykqyy.com/uploads/20260226/609b1e90ed2b727377a497f83f6ee20b.png,https://www.gykqyy.com/uploads/20260226/609b1e90ed2b727377a497f83f6ee20b.png,01_试点医院/广州医科大学附属口腔医院/照片/安银哲-越秀院区牙周病科-副主任医师-广州医科大学附属口腔医院.png,png,485186,b1150f78cf394bfa3b4a52dc80fa96bb58d25aa383768e5413b64a76f36027e6,1489,1916,FULL_FETCH,
277,陈斌,https://www.gykqyy.com/list.html?category=55&id=277,失败留空,无照片容器,FINAL,55,23,,,,,,,,,FULL_API_SIGNAL,UTC=2026-08-18T19:45:51Z；API=https://www.gykqyy.com/api/article/getZhuanjiaList?category=55；category=55；image_field=null；signal=NO_PHOTO_CONTAINER_EMPTY_IMAGE_FIELD；判定=API image 字段为空/null；页面 fallback 为 ./images/null.jpg，未下载 fallback
312,谢俊明,https://www.gykqyy.com/list.html?category=55&id=312,失败留空,无照片容器,FINAL,55,33,,,,,,,,,FULL_API_SIGNAL,UTC=2026-08-18T19:45:51Z；API=https://www.gykqyy.com/api/article/getZhuanjiaList?category=55；category=55；image_field=null；signal=NO_PHOTO_CONTAINER_EMPTY_IMAGE_FIELD；判定=API image 字段为空/null；页面 fallback 为 ./images/null.jpg，未下载 fallback
39,郑蒲珏,https://www.gykqyy.com/list.html?category=55&id=39,失败留空,无照片容器,FINAL,55,5,,,,,,,,,FULL_API_SIGNAL,UTC=2026-08-18T19:45:51Z；API=https://www.gykqyy.com/api/article/getZhuanjiaList?category=55；category=55；image_field=null；signal=NO_PHOTO_CONTAINER_EMPTY_IMAGE_FIELD；判定=API image 字段为空/null；页面 fallback 为 ./images/null.jpg，未下载 fallback
162,高旭广,https://www.gykqyy.com/list.html?category=55&id=162,失败留空,无照片容器,FINAL,55,16,,,,,,,,,FULL_API_SIGNAL,UTC=2026-08-18T19:45:51Z；API=https://www.gykqyy.com/api/article/getZhuanjiaList?category=55；category=55；image_field=null；signal=NO_PHOTO_CONTAINER_EMPTY_IMAGE_FIELD；判定=API image 字段为空/null；页面 fallback 为 ./images/null.jpg，未下载 fallback
175,胡涌昕,https://www.gykqyy.com/list.html?category=55&id=175,失败留空,无照片容器,FINAL,55,31,,,,,,,,,FULL_API_SIGNAL,UTC=2026-08-18T19:45:51Z；API=https://www.gykqyy.com/api/article/getZhuanjiaList?category=55；category=55；image_field=null；signal=NO_PHOTO_CONTAINER_EMPTY_IMAGE_FIELD；判定=API image 字段为空/null；页面 fallback 为 ./images/null.jpg，未下载 fallback
183,吴瑛,https://www.gykqyy.com/list.html?category=55&id=183,失败留空,无照片容器,FINAL,55,31,,,,,,,,,FULL_API_SIGNAL,UTC=2026-08-18T19:45:51Z；API=https://www.gykqyy.com/api/article/getZhuanjiaList?category=55；category=55；image_field=null；signal=NO_PHOTO_CONTAINER_EMPTY_IMAGE_FIELD；判定=API image 字段为空/null；页面 fallback 为 ./images/null.jpg，未下载 fallback
185,唐智群,https://www.gykqyy.com/list.html?category=55&id=185,失败留空,无照片容器,FINAL,55,"18,31",,,,,,,,,FULL_API_SIGNAL,UTC=2026-08-18T19:45:51Z；API=https://www.gykqyy.com/api/article/getZhuanjiaList?category=55；category=55；image_field=null；signal=NO_PHOTO_CONTAINER_EMPTY_IMAGE_FIELD；判定=API image 字段为空/null；页面 fallback 为 ./images/null.jpg，未下载 fallback
187,晏挺林,https://www.gykqyy.com/list.html?category=55&id=187,失败留空,无照片容器,FINAL,55,6,,,,,,,,,FULL_API_SIGNAL,UTC=2026-08-18T19:45:51Z；API=https://www.gykqyy.com/api/article/getZhuanjiaList?category=55；category=55；image_field=null；signal=NO_PHOTO_CONTAINER_EMPTY_IMAGE_FIELD；判定=API image 字段为空/null；页面 fallback 为 ./images/null.jpg，未下载 fallback
206,王涛,https://www.gykqyy.com/list.html?category=55&id=206,失败留空,无照片容器,FINAL,55,19,,,,,,,,,FULL_API_SIGNAL,UTC=2026-08-18T19:45:51Z；API=https://www.gykqyy.com/api/article/getZhuanjiaList?category=55；category=55；image_field=null；signal=NO_PHOTO_CONTAINER_EMPTY_IMAGE_FIELD；判定=API image 字段为空/null；页面 fallback 为 ./images/null.jpg，未下载 fallback
220,李英华,https://www.gykqyy.com/list.html?category=55&id=220,失败留空,无照片容器,FINAL,55,20,,,,,,,,,FULL_API_SIGNAL,UTC=2026-08-18T19:45:51Z；API=https://www.gykqyy.com/api/article/getZhuanjiaList?category=55；category=55；image_field=null；signal=NO_PHOTO_CONTAINER_EMPTY_IMAGE_FIELD；判定=API image 字段为空/null；页面 fallback 为 ./images/null.jpg，未下载 fallback
225,丁世俊,https://www.gykqyy.com/list.html?category=55&id=225,失败留空,无照片容器,FINAL,55,20,,,,,,,,,FULL_API_SIGNAL,UTC=2026-08-18T19:45:51Z；API=https://www.gykqyy.com/api/article/getZhuanjiaList?category=55；category=55；image_field=null；signal=NO_PHOTO_CONTAINER_EMPTY_IMAGE_FIELD；判定=API image 字段为空/null；页面 fallback 为 ./images/null.jpg，未下载 fallback
243,唐春玲,https://www.gykqyy.com/list.html?category=55&id=243,失败留空,无照片容器,FINAL,55,21,,,,,,,,,FULL_API_SIGNAL,UTC=2026-08-18T19:45:51Z；API=https://www.gykqyy.com/api/article/getZhuanjiaList?category=55；category=55；image_field=null；signal=NO_PHOTO_CONTAINER_EMPTY_IMAGE_FIELD；判定=API image 字段为空/null；页面 fallback 为 ./images/null.jpg，未下载 fallback
264,陈瑾,https://www.gykqyy.com/list.html?category=55&id=264,失败留空,无照片容器,FINAL,55,22,,,,,,,,,FULL_API_SIGNAL,UTC=2026-08-18T19:45:51Z；API=https://www.gykqyy.com/api/article/getZhuanjiaList?category=55；category=55；image_field=null；signal=NO_PHOTO_CONTAINER_EMPTY_IMAGE_FIELD；判定=API image 字段为空/null；页面 fallback 为 ./images/null.jpg，未下载 fallback
273,苏汉福,https://www.gykqyy.com/list.html?category=55&id=273,失败留空,无照片容器,FINAL,55,23,,,,,,,,,FULL_API_SIGNAL,UTC=2026-08-18T19:45:51Z；API=https://www.gykqyy.com/api/article/getZhuanjiaList?category=55；category=55；image_field=null；signal=NO_PHOTO_CONTAINER_EMPTY_IMAGE_FIELD；判定=API image 字段为空/null；页面 fallback 为 ./images/null.jpg，未下载 fallback
307,方颖,https://www.gykqyy.com/list.html?category=55&id=307,失败留空,无照片容器,FINAL,55,16,,,,,,,,,FULL_API_SIGNAL,UTC=2026-08-18T19:45:51Z；API=https://www.gykqyy.com/api/article/getZhuanjiaList?category=55；category=55；image_field=null；signal=NO_PHOTO_CONTAINER_EMPTY_IMAGE_FIELD；判定=API image 字段为空/null；页面 fallback 为 ./images/null.jpg，未下载 fallback
176,易根正,https://www.gykqyy.com/list.html?category=55&id=176,失败留空,无照片容器,FINAL,55,17,,,,,,,,,FULL_API_SIGNAL,UTC=2026-08-18T19:45:51Z；API=https://www.gykqyy.com/api/article/getZhuanjiaList?category=55；category=55；image_field=null；signal=NO_PHOTO_CONTAINER_EMPTY_IMAGE_FIELD；判定=API image 字段为空/null；页面 fallback 为 ./images/null.jpg，未下载 fallback
194,杨晓彬,https://www.gykqyy.com/list.html?category=55&id=194,失败留空,无照片容器,FINAL,55,37,,,,,,,,,FULL_API_SIGNAL,UTC=2026-08-18T19:45:51Z；API=https://www.gykqyy.com/api/article/getZhuanjiaList?category=55；category=55；image_field=null；signal=NO_PHOTO_CONTAINER_EMPTY_IMAGE_FIELD；判定=API image 字段为空/null；页面 fallback 为 ./images/null.jpg，未下载 fallback
204,罗有成,https://www.gykqyy.com/list.html?category=55&id=204,失败留空,无照片容器,FINAL,55,31,,,,,,,,,FULL_API_SIGNAL,UTC=2026-08-18T19:45:51Z；API=https://www.gykqyy.com/api/article/getZhuanjiaList?category=55；category=55；image_field=null；signal=NO_PHOTO_CONTAINER_EMPTY_IMAGE_FIELD；判定=API image 字段为空/null；页面 fallback 为 ./images/null.jpg，未下载 fallback
263,化珍,https://www.gykqyy.com/list.html?category=55&id=263,失败留空,无照片容器,FINAL,55,22,,,,,,,,,FULL_API_SIGNAL,UTC=2026-08-18T19:45:51Z；API=https://www.gykqyy.com/api/article/getZhuanjiaList?category=55；category=55；image_field=null；signal=NO_PHOTO_CONTAINER_EMPTY_IMAGE_FIELD；判定=API image 字段为空/null；页面 fallback 为 ./images/null.jpg，未下载 fallback
265,袁韵仪,https://www.gykqyy.com/list.html?category=55&id=265,失败留空,无照片容器,FINAL,55,38,,,,,,,,,FULL_API_SIGNAL,UTC=2026-08-18T19:45:51Z；API=https://www.gykqyy.com/api/article/getZhuanjiaList?category=55；category=55；image_field=null；signal=NO_PHOTO_CONTAINER_EMPTY_IMAGE_FIELD；判定=API image 字段为空/null；页面 fallback 为 ./images/null.jpg，未下载 fallback
278,魏永祥,https://www.gykqyy.com/list.html?category=55&id=278,失败留空,无照片容器,FINAL,55,23,,,,,,,,,FULL_API_SIGNAL,UTC=2026-08-18T19:45:51Z；API=https://www.gykqyy.com/api/article/getZhuanjiaList?category=55；category=55；image_field=null；signal=NO_PHOTO_CONTAINER_EMPTY_IMAGE_FIELD；判定=API image 字段为空/null；页面 fallback 为 ./images/null.jpg，未下载 fallback
286,陈希立,https://www.gykqyy.com/list.html?category=55&id=286,失败留空,无照片容器,FINAL,55,14,,,,,,,,,FULL_API_SIGNAL,UTC=2026-08-18T19:45:51Z；API=https://www.gykqyy.com/api/article/getZhuanjiaList?category=55；category=55；image_field=null；signal=NO_PHOTO_CONTAINER_EMPTY_IMAGE_FIELD；判定=API image 字段为空/null；页面 fallback 为 ./images/null.jpg，未下载 fallback
293,何露,https://www.gykqyy.com/list.html?category=55&id=293,失败留空,无照片容器,FINAL,55,24,,,,,,,,,FULL_API_SIGNAL,UTC=2026-08-18T19:45:51Z；API=https://www.gykqyy.com/api/article/getZhuanjiaList?category=55；category=55；image_field=null；signal=NO_PHOTO_CONTAINER_EMPTY_IMAGE_FIELD；判定=API image 字段为空/null；页面 fallback 为 ./images/null.jpg，未下载 fallback
309,邓宇杰,https://www.gykqyy.com/list.html?category=55&id=309,失败留空,无照片容器,FINAL,55,35,,,,,,,,,FULL_API_SIGNAL,UTC=2026-08-18T19:45:51Z；API=https://www.gykqyy.com/api/article/getZhuanjiaList?category=55；category=55；image_field=null；signal=NO_PHOTO_CONTAINER_EMPTY_IMAGE_FIELD；判定=API image 字段为空/null；页面 fallback 为 ./images/null.jpg，未下载 fallback
310,李明,https://www.gykqyy.com/list.html?category=55&id=310,失败留空,无照片容器,FINAL,55,35,,,,,,,,,FULL_API_SIGNAL,UTC=2026-08-18T19:45:51Z；API=https://www.gykqyy.com/api/article/getZhuanjiaList?category=55；category=55；image_field=null；signal=NO_PHOTO_CONTAINER_EMPTY_IMAGE_FIELD；判定=API image 字段为空/null；页面 fallback 为 ./images/null.jpg，未下载 fallback
311,陈璐,https://www.gykqyy.com/list.html?category=55&id=311,失败留空,无照片容器,OWNER_FINAL_CLASSIFICATION_REQUIRED,55,36,https://www.gykqyy.com,,,,,,,,FULL_API_SIGNAL,UTC=2026-08-18T19:45:51Z；API=https://www.gykqyy.com/api/article/getZhuanjiaList?category=55；category=55；image_field=null；signal=NO_PHOTO_CONTAINER_NON_UPLOAD_IMAGE_FIELD；判定=API image 字段非空但不是获准 /uploads 原图；未请求、未构造路径
314,马化森,https://www.gykqyy.com/list.html?category=55&id=314,失败留空,无照片容器,FINAL,55,34,,,,,,,,,FULL_API_SIGNAL,UTC=2026-08-18T19:45:51Z；API=https://www.gykqyy.com/api/article/getZhuanjiaList?category=55；category=55；image_field=null；signal=NO_PHOTO_CONTAINER_EMPTY_IMAGE_FIELD；判定=API image 字段为空/null；页面 fallback 为 ./images/null.jpg，未下载 fallback
315,李修元,https://www.gykqyy.com/list.html?category=55&id=315,失败留空,无照片容器,FINAL,55,34,,,,,,,,,FULL_API_SIGNAL,UTC=2026-08-18T19:45:51Z；API=https://www.gykqyy.com/api/article/getZhuanjiaList?category=55；category=55；image_field=null；signal=NO_PHOTO_CONTAINER_EMPTY_IMAGE_FIELD；判定=API image 字段为空/null；页面 fallback 为 ./images/null.jpg，未下载 fallback
316,杨淑华,https://www.gykqyy.com/list.html?category=55&id=316,失败留空,无照片容器,FINAL,55,35,,,,,,,,,FULL_API_SIGNAL,UTC=2026-08-18T19:45:51Z；API=https://www.gykqyy.com/api/article/getZhuanjiaList?category=55；category=55；image_field=null；signal=NO_PHOTO_CONTAINER_EMPTY_IMAGE_FIELD；判定=API image 字段为空/null；页面 fallback 为 ./images/null.jpg，未下载 fallback
318,冯源,https://www.gykqyy.com/list.html?category=55&id=318,失败留空,无照片容器,FINAL,55,17,,,,,,,,,FULL_API_SIGNAL,UTC=2026-08-18T19:45:51Z；API=https://www.gykqyy.com/api/article/getZhuanjiaList?category=55；category=55；image_field=null；signal=NO_PHOTO_CONTAINER_EMPTY_IMAGE_FIELD；判定=API image 字段为空/null；页面 fallback 为 ./images/null.jpg，未下载 fallback
319,程皓宇,https://www.gykqyy.com/list.html?category=55&id=319,失败留空,无照片容器,FINAL,55,17,,,,,,,,,FULL_API_SIGNAL,UTC=2026-08-18T19:45:51Z；API=https://www.gykqyy.com/api/article/getZhuanjiaList?category=55；category=55；image_field=null；signal=NO_PHOTO_CONTAINER_EMPTY_IMAGE_FIELD；判定=API image 字段为空/null；页面 fallback 为 ./images/null.jpg，未下载 fallback
320,刘珍艳,https://www.gykqyy.com/list.html?category=55&id=320,失败留空,无照片容器,FINAL,55,35,,,,,,,,,FULL_API_SIGNAL,UTC=2026-08-18T19:45:51Z；API=https://www.gykqyy.com/api/article/getZhuanjiaList?category=55；category=55；image_field=null；signal=NO_PHOTO_CONTAINER_EMPTY_IMAGE_FIELD；判定=API image 字段为空/null；页面 fallback 为 ./images/null.jpg，未下载 fallback
321,邱秋劲,https://www.gykqyy.com/list.html?category=55&id=321,失败留空,无照片容器,FINAL,55,5,,,,,,,,,FULL_API_SIGNAL,UTC=2026-08-18T19:45:51Z；API=https://www.gykqyy.com/api/article/getZhuanjiaList?category=55；category=55；image_field=null；signal=NO_PHOTO_CONTAINER_EMPTY_IMAGE_FIELD；判定=API image 字段为空/null；页面 fallback 为 ./images/null.jpg，未下载 fallback
322,齐佳,https://www.gykqyy.com/list.html?category=55&id=322,失败留空,无照片容器,OWNER_FINAL_CLASSIFICATION_REQUIRED,55,13,https://www.gykqyy.com,,,,,,,,FULL_API_SIGNAL,UTC=2026-08-18T19:45:51Z；API=https://www.gykqyy.com/api/article/getZhuanjiaList?category=55；category=55；image_field=null；signal=NO_PHOTO_CONTAINER_NON_UPLOAD_IMAGE_FIELD；判定=API image 字段非空但不是获准 /uploads 原图；未请求、未构造路径
323,赵稚宁,https://www.gykqyy.com/list.html?category=55&id=323,失败留空,无照片容器,OWNER_FINAL_CLASSIFICATION_REQUIRED,55,4,https://www.gykqyy.com,,,,,,,,FULL_API_SIGNAL,UTC=2026-08-18T19:45:51Z；API=https://www.gykqyy.com/api/article/getZhuanjiaList?category=55；category=55；image_field=null；signal=NO_PHOTO_CONTAINER_NON_UPLOAD_IMAGE_FIELD；判定=API image 字段非空但不是获准 /uploads 原图；未请求、未构造路径
324,朱冠雄,https://www.gykqyy.com/list.html?category=55&id=324,失败留空,无照片容器,OWNER_FINAL_CLASSIFICATION_REQUIRED,55,4,https://www.gykqyy.com,,,,,,,,FULL_API_SIGNAL,UTC=2026-08-18T19:45:51Z；API=https://www.gykqyy.com/api/article/getZhuanjiaList?category=55；category=55；image_field=null；signal=NO_PHOTO_CONTAINER_NON_UPLOAD_IMAGE_FIELD；判定=API image 字段非空但不是获准 /uploads 原图；未请求、未构造路径
325,蔡东萍,https://www.gykqyy.com/list.html?category=55&id=325,失败留空,无照片容器,OWNER_FINAL_CLASSIFICATION_REQUIRED,55,20,https://www.gykqyy.com,,,,,,,,FULL_API_SIGNAL,UTC=2026-08-18T19:45:51Z；API=https://www.gykqyy.com/api/article/getZhuanjiaList?category=55；category=55；image_field=null；signal=NO_PHOTO_CONTAINER_NON_UPLOAD_IMAGE_FIELD；判定=API image 字段非空但不是获准 /uploads 原图；未请求、未构造路径
326,闫春阳,https://www.gykqyy.com/list.html?category=55&id=326,失败留空,无照片容器,OWNER_FINAL_CLASSIFICATION_REQUIRED,55,21,https://www.gykqyy.com,,,,,,,,FULL_API_SIGNAL,UTC=2026-08-18T19:45:51Z；API=https://www.gykqyy.com/api/article/getZhuanjiaList?category=55；category=55；image_field=null；signal=NO_PHOTO_CONTAINER_NON_UPLOAD_IMAGE_FIELD；判定=API image 字段非空但不是获准 /uploads 原图；未请求、未构造路径
327,胡诗琳,https://www.gykqyy.com/list.html?category=55&id=327,失败留空,无照片容器,OWNER_FINAL_CLASSIFICATION_REQUIRED,55,37,https://www.gykqyy.com,,,,,,,,FULL_API_SIGNAL,UTC=2026-08-18T19:45:51Z；API=https://www.gykqyy.com/api/article/getZhuanjiaList?category=55；category=55；image_field=null；signal=NO_PHOTO_CONTAINER_NON_UPLOAD_IMAGE_FIELD；判定=API image 字段非空但不是获准 /uploads 原图；未请求、未构造路径
329,刘辉,https://www.gykqyy.com/list.html?category=55&id=329,失败留空,无照片容器,OWNER_FINAL_CLASSIFICATION_REQUIRED,55,35,https://www.gykqyy.com,,,,,,,,FULL_API_SIGNAL,UTC=2026-08-18T19:45:51Z；API=https://www.gykqyy.com/api/article/getZhuanjiaList?category=55；category=55；image_field=null；signal=NO_PHOTO_CONTAINER_NON_UPLOAD_IMAGE_FIELD；判定=API image 字段非空但不是获准 /uploads 原图；未请求、未构造路径
6,陈俊,https://www.gykqyy.com/list.html?category=55&id=6,失败留空,无照片容器,FINAL,55,37,,,,,,,,,FULL_API_SIGNAL,UTC=2026-08-18T19:45:51Z；API=https://www.gykqyy.com/api/article/getZhuanjiaList?category=55；category=55；image_field=null；signal=NO_PHOTO_CONTAINER_EMPTY_IMAGE_FIELD；判定=API image 字段为空/null；页面 fallback 为 ./images/null.jpg，未下载 fallback
7,张海兵,https://www.gykqyy.com/list.html?category=55&id=7,失败留空,无照片容器,FINAL,55,37,,,,,,,,,FULL_API_SIGNAL,UTC=2026-08-18T19:45:51Z；API=https://www.gykqyy.com/api/article/getZhuanjiaList?category=55；category=55；image_field=null；signal=NO_PHOTO_CONTAINER_EMPTY_IMAGE_FIELD；判定=API image 字段为空/null；页面 fallback 为 ./images/null.jpg，未下载 fallback
8,吴圣轩,https://www.gykqyy.com/list.html?category=55&id=8,失败留空,无照片容器,FINAL,55,37,,,,,,,,,FULL_API_SIGNAL,UTC=2026-08-18T19:45:51Z；API=https://www.gykqyy.com/api/article/getZhuanjiaList?category=55；category=55；image_field=null；signal=NO_PHOTO_CONTAINER_EMPTY_IMAGE_FIELD；判定=API image 字段为空/null；页面 fallback 为 ./images/null.jpg，未下载 fallback
9,毛捷,https://www.gykqyy.com/list.html?category=55&id=9,失败留空,无照片容器,FINAL,55,38,,,,,,,,,FULL_API_SIGNAL,UTC=2026-08-18T19:45:51Z；API=https://www.gykqyy.com/api/article/getZhuanjiaList?category=55；category=55；image_field=null；signal=NO_PHOTO_CONTAINER_EMPTY_IMAGE_FIELD；判定=API image 字段为空/null；页面 fallback 为 ./images/null.jpg，未下载 fallback
10,李五一,https://www.gykqyy.com/list.html?category=55&id=10,失败留空,无照片容器,FINAL,55,37,,,,,,,,,FULL_API_SIGNAL,UTC=2026-08-18T19:45:51Z；API=https://www.gykqyy.com/api/article/getZhuanjiaList?category=55；category=55；image_field=null；signal=NO_PHOTO_CONTAINER_EMPTY_IMAGE_FIELD；判定=API image 字段为空/null；页面 fallback 为 ./images/null.jpg，未下载 fallback
11,王乐诗,https://www.gykqyy.com/list.html?category=55&id=11,失败留空,无照片容器,FINAL,55,37,,,,,,,,,FULL_API_SIGNAL,UTC=2026-08-18T19:45:51Z；API=https://www.gykqyy.com/api/article/getZhuanjiaList?category=55；category=55；image_field=null；signal=NO_PHOTO_CONTAINER_EMPTY_IMAGE_FIELD；判定=API image 字段为空/null；页面 fallback 为 ./images/null.jpg，未下载 fallback
12,郑伟龙,https://www.gykqyy.com/list.html?category=55&id=12,失败留空,无照片容器,FINAL,55,38,,,,,,,,,FULL_API_SIGNAL,UTC=2026-08-18T19:45:51Z；API=https://www.gykqyy.com/api/article/getZhuanjiaList?category=55；category=55；image_field=null；signal=NO_PHOTO_CONTAINER_EMPTY_IMAGE_FIELD；判定=API image 字段为空/null；页面 fallback 为 ./images/null.jpg，未下载 fallback
13,谭仲娟,https://www.gykqyy.com/list.html?category=55&id=13,失败留空,无照片容器,FINAL,55,37,,,,,,,,,FULL_API_SIGNAL,UTC=2026-08-18T19:45:51Z；API=https://www.gykqyy.com/api/article/getZhuanjiaList?category=55；category=55；image_field=null；signal=NO_PHOTO_CONTAINER_EMPTY_IMAGE_FIELD；判定=API image 字段为空/null；页面 fallback 为 ./images/null.jpg，未下载 fallback
14,任文,https://www.gykqyy.com/list.html?category=55&id=14,失败留空,无照片容器,FINAL,55,37,,,,,,,,,FULL_API_SIGNAL,UTC=2026-08-18T19:45:51Z；API=https://www.gykqyy.com/api/article/getZhuanjiaList?category=55；category=55；image_field=null；signal=NO_PHOTO_CONTAINER_EMPTY_IMAGE_FIELD；判定=API image 字段为空/null；页面 fallback 为 ./images/null.jpg，未下载 fallback
15,李雪洋,https://www.gykqyy.com/list.html?category=55&id=15,失败留空,无照片容器,FINAL,55,10,,,,,,,,,FULL_API_SIGNAL,UTC=2026-08-18T19:45:51Z；API=https://www.gykqyy.com/api/article/getZhuanjiaList?category=55；category=55；image_field=null；signal=NO_PHOTO_CONTAINER_EMPTY_IMAGE_FIELD；判定=API image 字段为空/null；页面 fallback 为 ./images/null.jpg，未下载 fallback
16,周肖龙,https://www.gykqyy.com/list.html?category=55&id=16,失败留空,无照片容器,FINAL,55,38,,,,,,,,,FULL_API_SIGNAL,UTC=2026-08-18T19:45:51Z；API=https://www.gykqyy.com/api/article/getZhuanjiaList?category=55；category=55；image_field=null；signal=NO_PHOTO_CONTAINER_EMPTY_IMAGE_FIELD；判定=API image 字段为空/null；页面 fallback 为 ./images/null.jpg，未下载 fallback
21,王思然,https://www.gykqyy.com/list.html?category=55&id=21,失败留空,无照片容器,FINAL,55,4,,,,,,,,,FULL_API_SIGNAL,UTC=2026-08-18T19:45:51Z；API=https://www.gykqyy.com/api/article/getZhuanjiaList?category=55；category=55；image_field=null；signal=NO_PHOTO_CONTAINER_EMPTY_IMAGE_FIELD；判定=API image 字段为空/null；页面 fallback 为 ./images/null.jpg，未下载 fallback
22,刘佳玥,https://www.gykqyy.com/list.html?category=55&id=22,失败留空,无照片容器,FINAL,55,4,,,,,,,,,FULL_API_SIGNAL,UTC=2026-08-18T19:45:51Z；API=https://www.gykqyy.com/api/article/getZhuanjiaList?category=55；category=55；image_field=null；signal=NO_PHOTO_CONTAINER_EMPTY_IMAGE_FIELD；判定=API image 字段为空/null；页面 fallback 为 ./images/null.jpg，未下载 fallback
23,林晓敏,https://www.gykqyy.com/list.html?category=55&id=23,失败留空,无照片容器,FINAL,55,4,,,,,,,,,FULL_API_SIGNAL,UTC=2026-08-18T19:45:51Z；API=https://www.gykqyy.com/api/article/getZhuanjiaList?category=55；category=55；image_field=null；signal=NO_PHOTO_CONTAINER_EMPTY_IMAGE_FIELD；判定=API image 字段为空/null；页面 fallback 为 ./images/null.jpg，未下载 fallback
24,郝梦淅,https://www.gykqyy.com/list.html?category=55&id=24,失败留空,无照片容器,FINAL,55,4,,,,,,,,,FULL_API_SIGNAL,UTC=2026-08-18T19:45:51Z；API=https://www.gykqyy.com/api/article/getZhuanjiaList?category=55；category=55；image_field=null；signal=NO_PHOTO_CONTAINER_EMPTY_IMAGE_FIELD；判定=API image 字段为空/null；页面 fallback 为 ./images/null.jpg，未下载 fallback
25,程哲贤,https://www.gykqyy.com/list.html?category=55&id=25,失败留空,无照片容器,FINAL,55,4,,,,,,,,,FULL_API_SIGNAL,UTC=2026-08-18T19:45:51Z；API=https://www.gykqyy.com/api/article/getZhuanjiaList?category=55；category=55；image_field=null；signal=NO_PHOTO_CONTAINER_EMPTY_IMAGE_FIELD；判定=API image 字段为空/null；页面 fallback 为 ./images/null.jpg，未下载 fallback
26,孙思超,https://www.gykqyy.com/list.html?category=55&id=26,失败留空,无照片容器,FINAL,55,4,,,,,,,,,FULL_API_SIGNAL,UTC=2026-08-18T19:45:51Z；API=https://www.gykqyy.com/api/article/getZhuanjiaList?category=55；category=55；image_field=null；signal=NO_PHOTO_CONTAINER_EMPTY_IMAGE_FIELD；判定=API image 字段为空/null；页面 fallback 为 ./images/null.jpg，未下载 fallback
27,李美文,https://www.gykqyy.com/list.html?category=55&id=27,失败留空,无照片容器,FINAL,55,4,,,,,,,,,FULL_API_SIGNAL,UTC=2026-08-18T19:45:51Z；API=https://www.gykqyy.com/api/article/getZhuanjiaList?category=55；category=55；image_field=null；signal=NO_PHOTO_CONTAINER_EMPTY_IMAGE_FIELD；判定=API image 字段为空/null；页面 fallback 为 ./images/null.jpg，未下载 fallback
29,赵稚宁,https://www.gykqyy.com/list.html?category=55&id=29,失败留空,无照片容器,FINAL,55,4,,,,,,,,,FULL_API_SIGNAL,UTC=2026-08-18T19:45:51Z；API=https://www.gykqyy.com/api/article/getZhuanjiaList?category=55；category=55；image_field=null；signal=NO_PHOTO_CONTAINER_EMPTY_IMAGE_FIELD；判定=API image 字段为空/null；页面 fallback 为 ./images/null.jpg，未下载 fallback
30,曾丽婷,https://www.gykqyy.com/list.html?category=55&id=30,失败留空,无照片容器,FINAL,55,4,,,,,,,,,FULL_API_SIGNAL,UTC=2026-08-18T19:45:51Z；API=https://www.gykqyy.com/api/article/getZhuanjiaList?category=55；category=55；image_field=null；signal=NO_PHOTO_CONTAINER_EMPTY_IMAGE_FIELD；判定=API image 字段为空/null；页面 fallback 为 ./images/null.jpg，未下载 fallback
34,张雨慧,https://www.gykqyy.com/list.html?category=55&id=34,失败留空,无照片容器,FINAL,55,5,,,,,,,,,FULL_API_SIGNAL,UTC=2026-08-18T19:45:51Z；API=https://www.gykqyy.com/api/article/getZhuanjiaList?category=55；category=55；image_field=null；signal=NO_PHOTO_CONTAINER_EMPTY_IMAGE_FIELD；判定=API image 字段为空/null；页面 fallback 为 ./images/null.jpg，未下载 fallback
36,李益玲,https://www.gykqyy.com/list.html?category=55&id=36,失败留空,无照片容器,FINAL,55,5,,,,,,,,,FULL_API_SIGNAL,UTC=2026-08-18T19:45:51Z；API=https://www.gykqyy.com/api/article/getZhuanjiaList?category=55；category=55；image_field=null；signal=NO_PHOTO_CONTAINER_EMPTY_IMAGE_FIELD；判定=API image 字段为空/null；页面 fallback 为 ./images/null.jpg，未下载 fallback
38,马明,https://www.gykqyy.com/list.html?category=55&id=38,失败留空,无照片容器,FINAL,55,20,,,,,,,,,FULL_API_SIGNAL,UTC=2026-08-18T19:45:51Z；API=https://www.gykqyy.com/api/article/getZhuanjiaList?category=55；category=55；image_field=null；signal=NO_PHOTO_CONTAINER_EMPTY_IMAGE_FIELD；判定=API image 字段为空/null；页面 fallback 为 ./images/null.jpg，未下载 fallback
40,黄文燕,https://www.gykqyy.com/list.html?category=55&id=40,失败留空,无照片容器,FINAL,55,5,,,,,,,,,FULL_API_SIGNAL,UTC=2026-08-18T19:45:51Z；API=https://www.gykqyy.com/api/article/getZhuanjiaList?category=55；category=55；image_field=null；signal=NO_PHOTO_CONTAINER_EMPTY_IMAGE_FIELD；判定=API image 字段为空/null；页面 fallback 为 ./images/null.jpg，未下载 fallback
41,封琼,https://www.gykqyy.com/list.html?category=55&id=41,失败留空,无照片容器,FINAL,55,5,,,,,,,,,FULL_API_SIGNAL,UTC=2026-08-18T19:45:51Z；API=https://www.gykqyy.com/api/article/getZhuanjiaList?category=55；category=55；image_field=null；signal=NO_PHOTO_CONTAINER_EMPTY_IMAGE_FIELD；判定=API image 字段为空/null；页面 fallback 为 ./images/null.jpg，未下载 fallback
42,王云杰,https://www.gykqyy.com/list.html?category=55&id=42,失败留空,无照片容器,FINAL,55,5,,,,,,,,,FULL_API_SIGNAL,UTC=2026-08-18T19:45:51Z；API=https://www.gykqyy.com/api/article/getZhuanjiaList?category=55；category=55；image_field=null；signal=NO_PHOTO_CONTAINER_EMPTY_IMAGE_FIELD；判定=API image 字段为空/null；页面 fallback 为 ./images/null.jpg，未下载 fallback
43,朱阳,https://www.gykqyy.com/list.html?category=55&id=43,失败留空,无照片容器,FINAL,55,5,,,,,,,,,FULL_API_SIGNAL,UTC=2026-08-18T19:45:51Z；API=https://www.gykqyy.com/api/article/getZhuanjiaList?category=55；category=55；image_field=null；signal=NO_PHOTO_CONTAINER_EMPTY_IMAGE_FIELD；判定=API image 字段为空/null；页面 fallback 为 ./images/null.jpg，未下载 fallback
44,赵雪丹,https://www.gykqyy.com/list.html?category=55&id=44,失败留空,无照片容器,FINAL,55,5,,,,,,,,,FULL_API_SIGNAL,UTC=2026-08-18T19:45:51Z；API=https://www.gykqyy.com/api/article/getZhuanjiaList?category=55；category=55；image_field=null；signal=NO_PHOTO_CONTAINER_EMPTY_IMAGE_FIELD；判定=API image 字段为空/null；页面 fallback 为 ./images/null.jpg，未下载 fallback
45,李州,https://www.gykqyy.com/list.html?category=55&id=45,失败留空,无照片容器,FINAL,55,5,,,,,,,,,FULL_API_SIGNAL,UTC=2026-08-18T19:45:51Z；API=https://www.gykqyy.com/api/article/getZhuanjiaList?category=55；category=55；image_field=null；signal=NO_PHOTO_CONTAINER_EMPTY_IMAGE_FIELD；判定=API image 字段为空/null；页面 fallback 为 ./images/null.jpg，未下载 fallback
46,李琳娟,https://www.gykqyy.com/list.html?category=55&id=46,失败留空,无照片容器,FINAL,55,5,,,,,,,,,FULL_API_SIGNAL,UTC=2026-08-18T19:45:51Z；API=https://www.gykqyy.com/api/article/getZhuanjiaList?category=55；category=55；image_field=null；signal=NO_PHOTO_CONTAINER_EMPTY_IMAGE_FIELD；判定=API image 字段为空/null；页面 fallback 为 ./images/null.jpg，未下载 fallback
48,营颖,https://www.gykqyy.com/list.html?category=55&id=48,失败留空,无照片容器,FINAL,55,38,,,,,,,,,FULL_API_SIGNAL,UTC=2026-08-18T19:45:51Z；API=https://www.gykqyy.com/api/article/getZhuanjiaList?category=55；category=55；image_field=null；signal=NO_PHOTO_CONTAINER_EMPTY_IMAGE_FIELD；判定=API image 字段为空/null；页面 fallback 为 ./images/null.jpg，未下载 fallback
49,高诗祺,https://www.gykqyy.com/list.html?category=55&id=49,失败留空,无照片容器,FINAL,55,5,,,,,,,,,FULL_API_SIGNAL,UTC=2026-08-18T19:45:51Z；API=https://www.gykqyy.com/api/article/getZhuanjiaList?category=55；category=55；image_field=null；signal=NO_PHOTO_CONTAINER_EMPTY_IMAGE_FIELD；判定=API image 字段为空/null；页面 fallback 为 ./images/null.jpg，未下载 fallback
50,黄宇航,https://www.gykqyy.com/list.html?category=55&id=50,失败留空,无照片容器,FINAL,55,5,,,,,,,,,FULL_API_SIGNAL,UTC=2026-08-18T19:45:51Z；API=https://www.gykqyy.com/api/article/getZhuanjiaList?category=55；category=55；image_field=null；signal=NO_PHOTO_CONTAINER_EMPTY_IMAGE_FIELD；判定=API image 字段为空/null；页面 fallback 为 ./images/null.jpg，未下载 fallback
54,韩国旭,https://www.gykqyy.com/list.html?category=55&id=54,失败留空,无照片容器,FINAL,55,6,,,,,,,,,FULL_API_SIGNAL,UTC=2026-08-18T19:45:51Z；API=https://www.gykqyy.com/api/article/getZhuanjiaList?category=55；category=55；image_field=null；signal=NO_PHOTO_CONTAINER_EMPTY_IMAGE_FIELD；判定=API image 字段为空/null；页面 fallback 为 ./images/null.jpg，未下载 fallback
56,闫璟,https://www.gykqyy.com/list.html?category=55&id=56,失败留空,无照片容器,FINAL,55,31,,,,,,,,,FULL_API_SIGNAL,UTC=2026-08-18T19:45:51Z；API=https://www.gykqyy.com/api/article/getZhuanjiaList?category=55；category=55；image_field=null；signal=NO_PHOTO_CONTAINER_EMPTY_IMAGE_FIELD；判定=API image 字段为空/null；页面 fallback 为 ./images/null.jpg，未下载 fallback
60,韩志琪,https://www.gykqyy.com/list.html?category=55&id=60,失败留空,无照片容器,FINAL,55,6,,,,,,,,,FULL_API_SIGNAL,UTC=2026-08-18T19:45:51Z；API=https://www.gykqyy.com/api/article/getZhuanjiaList?category=55；category=55；image_field=null；signal=NO_PHOTO_CONTAINER_EMPTY_IMAGE_FIELD；判定=API image 字段为空/null；页面 fallback 为 ./images/null.jpg，未下载 fallback
62,朱川东,https://www.gykqyy.com/list.html?category=55&id=62,失败留空,无照片容器,FINAL,55,6,,,,,,,,,FULL_API_SIGNAL,UTC=2026-08-18T19:45:51Z；API=https://www.gykqyy.com/api/article/getZhuanjiaList?category=55；category=55；image_field=null；signal=NO_PHOTO_CONTAINER_EMPTY_IMAGE_FIELD；判定=API image 字段为空/null；页面 fallback 为 ./images/null.jpg，未下载 fallback
63,赵天宇,https://www.gykqyy.com/list.html?category=55&id=63,失败留空,无照片容器,FINAL,55,6,,,,,,,,,FULL_API_SIGNAL,UTC=2026-08-18T19:45:51Z；API=https://www.gykqyy.com/api/article/getZhuanjiaList?category=55；category=55；image_field=null；signal=NO_PHOTO_CONTAINER_EMPTY_IMAGE_FIELD；判定=API image 字段为空/null；页面 fallback 为 ./images/null.jpg，未下载 fallback
67,葛逸飞,https://www.gykqyy.com/list.html?category=55&id=67,失败留空,无照片容器,FINAL,55,7,,,,,,,,,FULL_API_SIGNAL,UTC=2026-08-18T19:45:51Z；API=https://www.gykqyy.com/api/article/getZhuanjiaList?category=55；category=55；image_field=null；signal=NO_PHOTO_CONTAINER_EMPTY_IMAGE_FIELD；判定=API image 字段为空/null；页面 fallback 为 ./images/null.jpg，未下载 fallback
68,刘韦佳,https://www.gykqyy.com/list.html?category=55&id=68,失败留空,无照片容器,FINAL,55,7,,,,,,,,,FULL_API_SIGNAL,UTC=2026-08-18T19:45:51Z；API=https://www.gykqyy.com/api/article/getZhuanjiaList?category=55；category=55；image_field=null；signal=NO_PHOTO_CONTAINER_EMPTY_IMAGE_FIELD；判定=API image 字段为空/null；页面 fallback 为 ./images/null.jpg，未下载 fallback
71,赵丽丹,https://www.gykqyy.com/list.html?category=55&id=71,失败留空,无照片容器,FINAL,55,8,,,,,,,,,FULL_API_SIGNAL,UTC=2026-08-18T19:45:51Z；API=https://www.gykqyy.com/api/article/getZhuanjiaList?category=55；category=55；image_field=null；signal=NO_PHOTO_CONTAINER_EMPTY_IMAGE_FIELD；判定=API image 字段为空/null；页面 fallback 为 ./images/null.jpg，未下载 fallback
75,李倩倩,https://www.gykqyy.com/list.html?category=55&id=75,失败留空,无照片容器,FINAL,55,8,,,,,,,,,FULL_API_SIGNAL,UTC=2026-08-18T19:45:51Z；API=https://www.gykqyy.com/api/article/getZhuanjiaList?category=55；category=55；image_field=null；signal=NO_PHOTO_CONTAINER_EMPTY_IMAGE_FIELD；判定=API image 字段为空/null；页面 fallback 为 ./images/null.jpg，未下载 fallback
76,苗辛超,https://www.gykqyy.com/list.html?category=55&id=76,失败留空,无照片容器,FINAL,55,8,,,,,,,,,FULL_API_SIGNAL,UTC=2026-08-18T19:45:51Z；API=https://www.gykqyy.com/api/article/getZhuanjiaList?category=55；category=55；image_field=null；signal=NO_PHOTO_CONTAINER_EMPTY_IMAGE_FIELD；判定=API image 字段为空/null；页面 fallback 为 ./images/null.jpg，未下载 fallback
78,黄超仪,https://www.gykqyy.com/list.html?category=55&id=78,失败留空,无照片容器,FINAL,55,8,,,,,,,,,FULL_API_SIGNAL,UTC=2026-08-18T19:45:51Z；API=https://www.gykqyy.com/api/article/getZhuanjiaList?category=55；category=55；image_field=null；signal=NO_PHOTO_CONTAINER_EMPTY_IMAGE_FIELD；判定=API image 字段为空/null；页面 fallback 为 ./images/null.jpg，未下载 fallback
85,刘泽妮,https://www.gykqyy.com/list.html?category=55&id=85,失败留空,无照片容器,FINAL,55,10,,,,,,,,,FULL_API_SIGNAL,UTC=2026-08-18T19:45:51Z；API=https://www.gykqyy.com/api/article/getZhuanjiaList?category=55；category=55；image_field=null；signal=NO_PHOTO_CONTAINER_EMPTY_IMAGE_FIELD；判定=API image 字段为空/null；页面 fallback 为 ./images/null.jpg，未下载 fallback
91,向鹏飞,https://www.gykqyy.com/list.html?category=55&id=91,失败留空,无照片容器,FINAL,55,10,,,,,,,,,FULL_API_SIGNAL,UTC=2026-08-18T19:45:51Z；API=https://www.gykqyy.com/api/article/getZhuanjiaList?category=55；category=55；image_field=null；signal=NO_PHOTO_CONTAINER_EMPTY_IMAGE_FIELD；判定=API image 字段为空/null；页面 fallback 为 ./images/null.jpg，未下载 fallback
93,周子伊,https://www.gykqyy.com/list.html?category=55&id=93,失败留空,无照片容器,FINAL,55,37,,,,,,,,,FULL_API_SIGNAL,UTC=2026-08-18T19:45:51Z；API=https://www.gykqyy.com/api/article/getZhuanjiaList?category=55；category=55；image_field=null；signal=NO_PHOTO_CONTAINER_EMPTY_IMAGE_FIELD；判定=API image 字段为空/null；页面 fallback 为 ./images/null.jpg，未下载 fallback
94,李宁,https://www.gykqyy.com/list.html?category=55&id=94,失败留空,无照片容器,FINAL,55,10,,,,,,,,,FULL_API_SIGNAL,UTC=2026-08-18T19:45:51Z；API=https://www.gykqyy.com/api/article/getZhuanjiaList?category=55；category=55；image_field=null；signal=NO_PHOTO_CONTAINER_EMPTY_IMAGE_FIELD；判定=API image 字段为空/null；页面 fallback 为 ./images/null.jpg，未下载 fallback
95,陈璇,https://www.gykqyy.com/list.html?category=55&id=95,失败留空,无照片容器,FINAL,55,10,,,,,,,,,FULL_API_SIGNAL,UTC=2026-08-18T19:45:51Z；API=https://www.gykqyy.com/api/article/getZhuanjiaList?category=55；category=55；image_field=null；signal=NO_PHOTO_CONTAINER_EMPTY_IMAGE_FIELD；判定=API image 字段为空/null；页面 fallback 为 ./images/null.jpg，未下载 fallback
96,张玉静,https://www.gykqyy.com/list.html?category=55&id=96,失败留空,无照片容器,FINAL,55,10,,,,,,,,,FULL_API_SIGNAL,UTC=2026-08-18T19:45:51Z；API=https://www.gykqyy.com/api/article/getZhuanjiaList?category=55；category=55；image_field=null；signal=NO_PHOTO_CONTAINER_EMPTY_IMAGE_FIELD；判定=API image 字段为空/null；页面 fallback 为 ./images/null.jpg，未下载 fallback
97,张晓萌,https://www.gykqyy.com/list.html?category=55&id=97,失败留空,无照片容器,FINAL,55,10,,,,,,,,,FULL_API_SIGNAL,UTC=2026-08-18T19:45:51Z；API=https://www.gykqyy.com/api/article/getZhuanjiaList?category=55；category=55；image_field=null；signal=NO_PHOTO_CONTAINER_EMPTY_IMAGE_FIELD；判定=API image 字段为空/null；页面 fallback 为 ./images/null.jpg，未下载 fallback
100,董惠贤,https://www.gykqyy.com/list.html?category=55&id=100,失败留空,无照片容器,FINAL,55,10,,,,,,,,,FULL_API_SIGNAL,UTC=2026-08-18T19:45:51Z；API=https://www.gykqyy.com/api/article/getZhuanjiaList?category=55；category=55；image_field=null；signal=NO_PHOTO_CONTAINER_EMPTY_IMAGE_FIELD；判定=API image 字段为空/null；页面 fallback 为 ./images/null.jpg，未下载 fallback
109,周灏雯,https://www.gykqyy.com/list.html?category=55&id=109,失败留空,无照片容器,FINAL,55,11,,,,,,,,,FULL_API_SIGNAL,UTC=2026-08-18T19:45:51Z；API=https://www.gykqyy.com/api/article/getZhuanjiaList?category=55；category=55；image_field=null；signal=NO_PHOTO_CONTAINER_EMPTY_IMAGE_FIELD；判定=API image 字段为空/null；页面 fallback 为 ./images/null.jpg，未下载 fallback
113,张先跃,https://www.gykqyy.com/list.html?category=55&id=113,失败留空,无照片容器,FINAL,55,13,,,,,,,,,FULL_API_SIGNAL,UTC=2026-08-18T19:45:51Z；API=https://www.gykqyy.com/api/article/getZhuanjiaList?category=55；category=55；image_field=null；signal=NO_PHOTO_CONTAINER_EMPTY_IMAGE_FIELD；判定=API image 字段为空/null；页面 fallback 为 ./images/null.jpg，未下载 fallback
114,王硕,https://www.gykqyy.com/list.html?category=55&id=114,失败留空,无照片容器,FINAL,55,13,,,,,,,,,FULL_API_SIGNAL,UTC=2026-08-18T19:45:51Z；API=https://www.gykqyy.com/api/article/getZhuanjiaList?category=55；category=55；image_field=null；signal=NO_PHOTO_CONTAINER_EMPTY_IMAGE_FIELD；判定=API image 字段为空/null；页面 fallback 为 ./images/null.jpg，未下载 fallback
115,童晓洁,https://www.gykqyy.com/list.html?category=55&id=115,失败留空,无照片容器,FINAL,55,13,,,,,,,,,FULL_API_SIGNAL,UTC=2026-08-18T19:45:51Z；API=https://www.gykqyy.com/api/article/getZhuanjiaList?category=55；category=55；image_field=null；signal=NO_PHOTO_CONTAINER_EMPTY_IMAGE_FIELD；判定=API image 字段为空/null；页面 fallback 为 ./images/null.jpg，未下载 fallback
119,张兵,https://www.gykqyy.com/list.html?category=55&id=119,失败留空,无照片容器,FINAL,55,13,,,,,,,,,FULL_API_SIGNAL,UTC=2026-08-18T19:45:51Z；API=https://www.gykqyy.com/api/article/getZhuanjiaList?category=55；category=55；image_field=null；signal=NO_PHOTO_CONTAINER_EMPTY_IMAGE_FIELD；判定=API image 字段为空/null；页面 fallback 为 ./images/null.jpg，未下载 fallback
120,王瑜,https://www.gykqyy.com/list.html?category=55&id=120,失败留空,无照片容器,FINAL,55,13,,,,,,,,,FULL_API_SIGNAL,UTC=2026-08-18T19:45:51Z；API=https://www.gykqyy.com/api/article/getZhuanjiaList?category=55；category=55；image_field=null；signal=NO_PHOTO_CONTAINER_EMPTY_IMAGE_FIELD；判定=API image 字段为空/null；页面 fallback 为 ./images/null.jpg，未下载 fallback
121,曹宇鸣,https://www.gykqyy.com/list.html?category=55&id=121,失败留空,无照片容器,FINAL,55,38,,,,,,,,,FULL_API_SIGNAL,UTC=2026-08-18T19:45:51Z；API=https://www.gykqyy.com/api/article/getZhuanjiaList?category=55；category=55；image_field=null；signal=NO_PHOTO_CONTAINER_EMPTY_IMAGE_FIELD；判定=API image 字段为空/null；页面 fallback 为 ./images/null.jpg，未下载 fallback
122,陈宝仪,https://www.gykqyy.com/list.html?category=55&id=122,失败留空,无照片容器,FINAL,55,13,,,,,,,,,FULL_API_SIGNAL,UTC=2026-08-18T19:45:51Z；API=https://www.gykqyy.com/api/article/getZhuanjiaList?category=55；category=55；image_field=null；signal=NO_PHOTO_CONTAINER_EMPTY_IMAGE_FIELD；判定=API image 字段为空/null；页面 fallback 为 ./images/null.jpg，未下载 fallback
130,葛青,https://www.gykqyy.com/list.html?category=55&id=130,失败留空,无照片容器,FINAL,55,14,,,,,,,,,FULL_API_SIGNAL,UTC=2026-08-18T19:45:51Z；API=https://www.gykqyy.com/api/article/getZhuanjiaList?category=55；category=55；image_field=null；signal=NO_PHOTO_CONTAINER_EMPTY_IMAGE_FIELD；判定=API image 字段为空/null；页面 fallback 为 ./images/null.jpg，未下载 fallback
133,陈韵欣,https://www.gykqyy.com/list.html?category=55&id=133,失败留空,无照片容器,FINAL,55,14,,,,,,,,,FULL_API_SIGNAL,UTC=2026-08-18T19:45:51Z；API=https://www.gykqyy.com/api/article/getZhuanjiaList?category=55；category=55；image_field=null；signal=NO_PHOTO_CONTAINER_EMPTY_IMAGE_FIELD；判定=API image 字段为空/null；页面 fallback 为 ./images/null.jpg，未下载 fallback
135,黄茵茵,https://www.gykqyy.com/list.html?category=55&id=135,失败留空,无照片容器,FINAL,55,14,,,,,,,,,FULL_API_SIGNAL,UTC=2026-08-18T19:45:51Z；API=https://www.gykqyy.com/api/article/getZhuanjiaList?category=55；category=55；image_field=null；signal=NO_PHOTO_CONTAINER_EMPTY_IMAGE_FIELD；判定=API image 字段为空/null；页面 fallback 为 ./images/null.jpg，未下载 fallback
142,张颖,https://www.gykqyy.com/list.html?category=55&id=142,失败留空,无照片容器,FINAL,55,30,,,,,,,,,FULL_API_SIGNAL,UTC=2026-08-18T19:45:51Z；API=https://www.gykqyy.com/api/article/getZhuanjiaList?category=55；category=55；image_field=null；signal=NO_PHOTO_CONTAINER_EMPTY_IMAGE_FIELD；判定=API image 字段为空/null；页面 fallback 为 ./images/null.jpg，未下载 fallback
144,朱明静,https://www.gykqyy.com/list.html?category=55&id=144,失败留空,无照片容器,FINAL,55,15,,,,,,,,,FULL_API_SIGNAL,UTC=2026-08-18T19:45:51Z；API=https://www.gykqyy.com/api/article/getZhuanjiaList?category=55；category=55；image_field=null；signal=NO_PHOTO_CONTAINER_EMPTY_IMAGE_FIELD；判定=API image 字段为空/null；页面 fallback 为 ./images/null.jpg，未下载 fallback
145,钟文超,https://www.gykqyy.com/list.html?category=55&id=145,失败留空,无照片容器,FINAL,55,15,,,,,,,,,FULL_API_SIGNAL,UTC=2026-08-18T19:45:51Z；API=https://www.gykqyy.com/api/article/getZhuanjiaList?category=55；category=55；image_field=null；signal=NO_PHOTO_CONTAINER_EMPTY_IMAGE_FIELD；判定=API image 字段为空/null；页面 fallback 为 ./images/null.jpg，未下载 fallback
146,黎星阳,https://www.gykqyy.com/list.html?category=55&id=146,失败留空,无照片容器,FINAL,55,15,,,,,,,,,FULL_API_SIGNAL,UTC=2026-08-18T19:45:51Z；API=https://www.gykqyy.com/api/article/getZhuanjiaList?category=55；category=55；image_field=null；signal=NO_PHOTO_CONTAINER_EMPTY_IMAGE_FIELD；判定=API image 字段为空/null；页面 fallback 为 ./images/null.jpg，未下载 fallback
147,吴安桐,https://www.gykqyy.com/list.html?category=55&id=147,失败留空,无照片容器,FINAL,55,15,,,,,,,,,FULL_API_SIGNAL,UTC=2026-08-18T19:45:51Z；API=https://www.gykqyy.com/api/article/getZhuanjiaList?category=55；category=55；image_field=null；signal=NO_PHOTO_CONTAINER_EMPTY_IMAGE_FIELD；判定=API image 字段为空/null；页面 fallback 为 ./images/null.jpg，未下载 fallback
148,刘振龙,https://www.gykqyy.com/list.html?category=55&id=148,失败留空,无照片容器,FINAL,55,30,,,,,,,,,FULL_API_SIGNAL,UTC=2026-08-18T19:45:51Z；API=https://www.gykqyy.com/api/article/getZhuanjiaList?category=55；category=55；image_field=null；signal=NO_PHOTO_CONTAINER_EMPTY_IMAGE_FIELD；判定=API image 字段为空/null；页面 fallback 为 ./images/null.jpg，未下载 fallback
151,袁珊珊,https://www.gykqyy.com/list.html?category=55&id=151,失败留空,无照片容器,FINAL,55,15,,,,,,,,,FULL_API_SIGNAL,UTC=2026-08-18T19:45:51Z；API=https://www.gykqyy.com/api/article/getZhuanjiaList?category=55；category=55；image_field=null；signal=NO_PHOTO_CONTAINER_EMPTY_IMAGE_FIELD；判定=API image 字段为空/null；页面 fallback 为 ./images/null.jpg，未下载 fallback
153,周凤,https://www.gykqyy.com/list.html?category=55&id=153,失败留空,无照片容器,FINAL,55,16,,,,,,,,,FULL_API_SIGNAL,UTC=2026-08-18T19:45:51Z；API=https://www.gykqyy.com/api/article/getZhuanjiaList?category=55；category=55；image_field=null；signal=NO_PHOTO_CONTAINER_EMPTY_IMAGE_FIELD；判定=API image 字段为空/null；页面 fallback 为 ./images/null.jpg，未下载 fallback
154,徐晓雅,https://www.gykqyy.com/list.html?category=55&id=154,失败留空,无照片容器,FINAL,55,16,,,,,,,,,FULL_API_SIGNAL,UTC=2026-08-18T19:45:51Z；API=https://www.gykqyy.com/api/article/getZhuanjiaList?category=55；category=55；image_field=null；signal=NO_PHOTO_CONTAINER_EMPTY_IMAGE_FIELD；判定=API image 字段为空/null；页面 fallback 为 ./images/null.jpg，未下载 fallback
156,彭博,https://www.gykqyy.com/list.html?category=55&id=156,失败留空,无照片容器,FINAL,55,16,,,,,,,,,FULL_API_SIGNAL,UTC=2026-08-18T19:45:51Z；API=https://www.gykqyy.com/api/article/getZhuanjiaList?category=55；category=55；image_field=null；signal=NO_PHOTO_CONTAINER_EMPTY_IMAGE_FIELD；判定=API image 字段为空/null；页面 fallback 为 ./images/null.jpg，未下载 fallback
158,杨晶晶,https://www.gykqyy.com/list.html?category=55&id=158,失败留空,无照片容器,FINAL,55,16,,,,,,,,,FULL_API_SIGNAL,UTC=2026-08-18T19:45:51Z；API=https://www.gykqyy.com/api/article/getZhuanjiaList?category=55；category=55；image_field=null；signal=NO_PHOTO_CONTAINER_EMPTY_IMAGE_FIELD；判定=API image 字段为空/null；页面 fallback 为 ./images/null.jpg，未下载 fallback
159,闫娈,https://www.gykqyy.com/list.html?category=55&id=159,失败留空,无照片容器,FINAL,55,16,,,,,,,,,FULL_API_SIGNAL,UTC=2026-08-18T19:45:51Z；API=https://www.gykqyy.com/api/article/getZhuanjiaList?category=55；category=55；image_field=null；signal=NO_PHOTO_CONTAINER_EMPTY_IMAGE_FIELD；判定=API image 字段为空/null；页面 fallback 为 ./images/null.jpg，未下载 fallback
160,徐明雪,https://www.gykqyy.com/list.html?category=55&id=160,失败留空,无照片容器,FINAL,55,16,,,,,,,,,FULL_API_SIGNAL,UTC=2026-08-18T19:45:51Z；API=https://www.gykqyy.com/api/article/getZhuanjiaList?category=55；category=55；image_field=null；signal=NO_PHOTO_CONTAINER_EMPTY_IMAGE_FIELD；判定=API image 字段为空/null；页面 fallback 为 ./images/null.jpg，未下载 fallback
161,米会会,https://www.gykqyy.com/list.html?category=55&id=161,失败留空,无照片容器,FINAL,55,16,,,,,,,,,FULL_API_SIGNAL,UTC=2026-08-18T19:45:51Z；API=https://www.gykqyy.com/api/article/getZhuanjiaList?category=55；category=55；image_field=null；signal=NO_PHOTO_CONTAINER_EMPTY_IMAGE_FIELD；判定=API image 字段为空/null；页面 fallback 为 ./images/null.jpg，未下载 fallback
163,陈依静,https://www.gykqyy.com/list.html?category=55&id=163,失败留空,无照片容器,FINAL,55,16,,,,,,,,,FULL_API_SIGNAL,UTC=2026-08-18T19:45:51Z；API=https://www.gykqyy.com/api/article/getZhuanjiaList?category=55；category=55；image_field=null；signal=NO_PHOTO_CONTAINER_EMPTY_IMAGE_FIELD；判定=API image 字段为空/null；页面 fallback 为 ./images/null.jpg，未下载 fallback
164,曾鉴鸿,https://www.gykqyy.com/list.html?category=55&id=164,失败留空,无照片容器,FINAL,55,38,,,,,,,,,FULL_API_SIGNAL,UTC=2026-08-18T19:45:51Z；API=https://www.gykqyy.com/api/article/getZhuanjiaList?category=55；category=55；image_field=null；signal=NO_PHOTO_CONTAINER_EMPTY_IMAGE_FIELD；判定=API image 字段为空/null；页面 fallback 为 ./images/null.jpg，未下载 fallback
165,向茜,https://www.gykqyy.com/list.html?category=55&id=165,失败留空,无照片容器,FINAL,55,16,,,,,,,,,FULL_API_SIGNAL,UTC=2026-08-18T19:45:51Z；API=https://www.gykqyy.com/api/article/getZhuanjiaList?category=55；category=55；image_field=null；signal=NO_PHOTO_CONTAINER_EMPTY_IMAGE_FIELD；判定=API image 字段为空/null；页面 fallback 为 ./images/null.jpg，未下载 fallback
166,孟斯,https://www.gykqyy.com/list.html?category=55&id=166,失败留空,无照片容器,FINAL,55,16,,,,,,,,,FULL_API_SIGNAL,UTC=2026-08-18T19:45:51Z；API=https://www.gykqyy.com/api/article/getZhuanjiaList?category=55；category=55；image_field=null；signal=NO_PHOTO_CONTAINER_EMPTY_IMAGE_FIELD；判定=API image 字段为空/null；页面 fallback 为 ./images/null.jpg，未下载 fallback
167,郭艺佳,https://www.gykqyy.com/list.html?category=55&id=167,失败留空,无照片容器,FINAL,55,16,,,,,,,,,FULL_API_SIGNAL,UTC=2026-08-18T19:45:51Z；API=https://www.gykqyy.com/api/article/getZhuanjiaList?category=55；category=55；image_field=null；signal=NO_PHOTO_CONTAINER_EMPTY_IMAGE_FIELD；判定=API image 字段为空/null；页面 fallback 为 ./images/null.jpg，未下载 fallback
168,蔡雪培,https://www.gykqyy.com/list.html?category=55&id=168,失败留空,无照片容器,FINAL,55,16,,,,,,,,,FULL_API_SIGNAL,UTC=2026-08-18T19:45:51Z；API=https://www.gykqyy.com/api/article/getZhuanjiaList?category=55；category=55；image_field=null；signal=NO_PHOTO_CONTAINER_EMPTY_IMAGE_FIELD；判定=API image 字段为空/null；页面 fallback 为 ./images/null.jpg，未下载 fallback
169,李云阳,https://www.gykqyy.com/list.html?category=55&id=169,失败留空,无照片容器,FINAL,55,16,,,,,,,,,FULL_API_SIGNAL,UTC=2026-08-18T19:45:51Z；API=https://www.gykqyy.com/api/article/getZhuanjiaList?category=55；category=55；image_field=null；signal=NO_PHOTO_CONTAINER_EMPTY_IMAGE_FIELD；判定=API image 字段为空/null；页面 fallback 为 ./images/null.jpg，未下载 fallback
170,李键文,https://www.gykqyy.com/list.html?category=55&id=170,失败留空,无照片容器,FINAL,55,16,,,,,,,,,FULL_API_SIGNAL,UTC=2026-08-18T19:45:51Z；API=https://www.gykqyy.com/api/article/getZhuanjiaList?category=55；category=55；image_field=null；signal=NO_PHOTO_CONTAINER_EMPTY_IMAGE_FIELD；判定=API image 字段为空/null；页面 fallback 为 ./images/null.jpg，未下载 fallback
173,王慧菁,https://www.gykqyy.com/list.html?category=55&id=173,失败留空,无照片容器,FINAL,55,17,,,,,,,,,FULL_API_SIGNAL,UTC=2026-08-18T19:45:51Z；API=https://www.gykqyy.com/api/article/getZhuanjiaList?category=55；category=55；image_field=null；signal=NO_PHOTO_CONTAINER_EMPTY_IMAGE_FIELD；判定=API image 字段为空/null；页面 fallback 为 ./images/null.jpg，未下载 fallback
174,廖婷,https://www.gykqyy.com/list.html?category=55&id=174,失败留空,无照片容器,FINAL,55,17,,,,,,,,,FULL_API_SIGNAL,UTC=2026-08-18T19:45:51Z；API=https://www.gykqyy.com/api/article/getZhuanjiaList?category=55；category=55；image_field=null；signal=NO_PHOTO_CONTAINER_EMPTY_IMAGE_FIELD；判定=API image 字段为空/null；页面 fallback 为 ./images/null.jpg，未下载 fallback
177,朱素文,https://www.gykqyy.com/list.html?category=55&id=177,失败留空,无照片容器,FINAL,55,17,,,,,,,,,FULL_API_SIGNAL,UTC=2026-08-18T19:45:51Z；API=https://www.gykqyy.com/api/article/getZhuanjiaList?category=55；category=55；image_field=null；signal=NO_PHOTO_CONTAINER_EMPTY_IMAGE_FIELD；判定=API image 字段为空/null；页面 fallback 为 ./images/null.jpg，未下载 fallback
178,岳海琼,https://www.gykqyy.com/list.html?category=55&id=178,失败留空,无照片容器,FINAL,55,17,,,,,,,,,FULL_API_SIGNAL,UTC=2026-08-18T19:45:51Z；API=https://www.gykqyy.com/api/article/getZhuanjiaList?category=55；category=55；image_field=null；signal=NO_PHOTO_CONTAINER_EMPTY_IMAGE_FIELD；判定=API image 字段为空/null；页面 fallback 为 ./images/null.jpg，未下载 fallback
179,刘于冬,https://www.gykqyy.com/list.html?category=55&id=179,失败留空,无照片容器,FINAL,55,17,,,,,,,,,FULL_API_SIGNAL,UTC=2026-08-18T19:45:51Z；API=https://www.gykqyy.com/api/article/getZhuanjiaList?category=55；category=55；image_field=null；signal=NO_PHOTO_CONTAINER_EMPTY_IMAGE_FIELD；判定=API image 字段为空/null；页面 fallback 为 ./images/null.jpg，未下载 fallback
180,魏志斌,https://www.gykqyy.com/list.html?category=55&id=180,失败留空,无照片容器,FINAL,55,17,,,,,,,,,FULL_API_SIGNAL,UTC=2026-08-18T19:45:51Z；API=https://www.gykqyy.com/api/article/getZhuanjiaList?category=55；category=55；image_field=null；signal=NO_PHOTO_CONTAINER_EMPTY_IMAGE_FIELD；判定=API image 字段为空/null；页面 fallback 为 ./images/null.jpg，未下载 fallback
181,谭国忠,https://www.gykqyy.com/list.html?category=55&id=181,失败留空,无照片容器,FINAL,55,17,,,,,,,,,FULL_API_SIGNAL,UTC=2026-08-18T19:45:51Z；API=https://www.gykqyy.com/api/article/getZhuanjiaList?category=55；category=55；image_field=null；signal=NO_PHOTO_CONTAINER_EMPTY_IMAGE_FIELD；判定=API image 字段为空/null；页面 fallback 为 ./images/null.jpg，未下载 fallback
184,王一舟,https://www.gykqyy.com/list.html?category=55&id=184,失败留空,无照片容器,FINAL,55,20,,,,,,,,,FULL_API_SIGNAL,UTC=2026-08-18T19:45:51Z；API=https://www.gykqyy.com/api/article/getZhuanjiaList?category=55；category=55；image_field=null；signal=NO_PHOTO_CONTAINER_EMPTY_IMAGE_FIELD；判定=API image 字段为空/null；页面 fallback 为 ./images/null.jpg，未下载 fallback
188,欧晶晶,https://www.gykqyy.com/list.html?category=55&id=188,失败留空,无照片容器,FINAL,55,31,,,,,,,,,FULL_API_SIGNAL,UTC=2026-08-18T19:45:51Z；API=https://www.gykqyy.com/api/article/getZhuanjiaList?category=55；category=55；image_field=null；signal=NO_PHOTO_CONTAINER_EMPTY_IMAGE_FIELD；判定=API image 字段为空/null；页面 fallback 为 ./images/null.jpg，未下载 fallback
189,陈冠影,https://www.gykqyy.com/list.html?category=55&id=189,失败留空,无照片容器,FINAL,55,"18,31",,,,,,,,,FULL_API_SIGNAL,UTC=2026-08-18T19:45:51Z；API=https://www.gykqyy.com/api/article/getZhuanjiaList?category=55；category=55；image_field=null；signal=NO_PHOTO_CONTAINER_EMPTY_IMAGE_FIELD；判定=API image 字段为空/null；页面 fallback 为 ./images/null.jpg，未下载 fallback
190,刘元,https://www.gykqyy.com/list.html?category=55&id=190,失败留空,无照片容器,FINAL,55,18,,,,,,,,,FULL_API_SIGNAL,UTC=2026-08-18T19:45:51Z；API=https://www.gykqyy.com/api/article/getZhuanjiaList?category=55；category=55；image_field=null；signal=NO_PHOTO_CONTAINER_EMPTY_IMAGE_FIELD；判定=API image 字段为空/null；页面 fallback 为 ./images/null.jpg，未下载 fallback
191,吴志聪,https://www.gykqyy.com/list.html?category=55&id=191,失败留空,无照片容器,FINAL,55,18,,,,,,,,,FULL_API_SIGNAL,UTC=2026-08-18T19:45:51Z；API=https://www.gykqyy.com/api/article/getZhuanjiaList?category=55；category=55；image_field=null；signal=NO_PHOTO_CONTAINER_EMPTY_IMAGE_FIELD；判定=API image 字段为空/null；页面 fallback 为 ./images/null.jpg，未下载 fallback
192,刘晓,https://www.gykqyy.com/list.html?category=55&id=192,失败留空,无照片容器,FINAL,55,31,,,,,,,,,FULL_API_SIGNAL,UTC=2026-08-18T19:45:51Z；API=https://www.gykqyy.com/api/article/getZhuanjiaList?category=55；category=55；image_field=null；signal=NO_PHOTO_CONTAINER_EMPTY_IMAGE_FIELD；判定=API image 字段为空/null；页面 fallback 为 ./images/null.jpg，未下载 fallback
193,何晓茜,https://www.gykqyy.com/list.html?category=55&id=193,失败留空,无照片容器,FINAL,55,18,,,,,,,,,FULL_API_SIGNAL,UTC=2026-08-18T19:45:51Z；API=https://www.gykqyy.com/api/article/getZhuanjiaList?category=55；category=55；image_field=null；signal=NO_PHOTO_CONTAINER_EMPTY_IMAGE_FIELD；判定=API image 字段为空/null；页面 fallback 为 ./images/null.jpg，未下载 fallback
199,钟梅,https://www.gykqyy.com/list.html?category=55&id=199,失败留空,无照片容器,FINAL,55,19,,,,,,,,,FULL_API_SIGNAL,UTC=2026-08-18T19:45:51Z；API=https://www.gykqyy.com/api/article/getZhuanjiaList?category=55；category=55；image_field=null；signal=NO_PHOTO_CONTAINER_EMPTY_IMAGE_FIELD；判定=API image 字段为空/null；页面 fallback 为 ./images/null.jpg，未下载 fallback
201,冯玉环,https://www.gykqyy.com/list.html?category=55&id=201,失败留空,无照片容器,FINAL,55,19,,,,,,,,,FULL_API_SIGNAL,UTC=2026-08-18T19:45:51Z；API=https://www.gykqyy.com/api/article/getZhuanjiaList?category=55；category=55；image_field=null；signal=NO_PHOTO_CONTAINER_EMPTY_IMAGE_FIELD；判定=API image 字段为空/null；页面 fallback 为 ./images/null.jpg，未下载 fallback
205,曹婷婷,https://www.gykqyy.com/list.html?category=55&id=205,失败留空,无照片容器,FINAL,55,19,,,,,,,,,FULL_API_SIGNAL,UTC=2026-08-18T19:45:51Z；API=https://www.gykqyy.com/api/article/getZhuanjiaList?category=55；category=55；image_field=null；signal=NO_PHOTO_CONTAINER_EMPTY_IMAGE_FIELD；判定=API image 字段为空/null；页面 fallback 为 ./images/null.jpg，未下载 fallback
207,陈佳敏,https://www.gykqyy.com/list.html?category=55&id=207,失败留空,无照片容器,FINAL,55,19,,,,,,,,,FULL_API_SIGNAL,UTC=2026-08-18T19:45:51Z；API=https://www.gykqyy.com/api/article/getZhuanjiaList?category=55；category=55；image_field=null；signal=NO_PHOTO_CONTAINER_EMPTY_IMAGE_FIELD；判定=API image 字段为空/null；页面 fallback 为 ./images/null.jpg，未下载 fallback
208,刘芳岐,https://www.gykqyy.com/list.html?category=55&id=208,失败留空,无照片容器,FINAL,55,19,,,,,,,,,FULL_API_SIGNAL,UTC=2026-08-18T19:45:51Z；API=https://www.gykqyy.com/api/article/getZhuanjiaList?category=55；category=55；image_field=null；signal=NO_PHOTO_CONTAINER_EMPTY_IMAGE_FIELD；判定=API image 字段为空/null；页面 fallback 为 ./images/null.jpg，未下载 fallback
209,石安迪,https://www.gykqyy.com/list.html?category=55&id=209,失败留空,无照片容器,FINAL,55,19,,,,,,,,,FULL_API_SIGNAL,UTC=2026-08-18T19:45:51Z；API=https://www.gykqyy.com/api/article/getZhuanjiaList?category=55；category=55；image_field=null；signal=NO_PHOTO_CONTAINER_EMPTY_IMAGE_FIELD；判定=API image 字段为空/null；页面 fallback 为 ./images/null.jpg，未下载 fallback
214,杨会肖,https://www.gykqyy.com/list.html?category=55&id=214,失败留空,无照片容器,FINAL,55,20,,,,,,,,,FULL_API_SIGNAL,UTC=2026-08-18T19:45:51Z；API=https://www.gykqyy.com/api/article/getZhuanjiaList?category=55；category=55；image_field=null；signal=NO_PHOTO_CONTAINER_EMPTY_IMAGE_FIELD；判定=API image 字段为空/null；页面 fallback 为 ./images/null.jpg，未下载 fallback
215,吴青松,https://www.gykqyy.com/list.html?category=55&id=215,失败留空,无照片容器,FINAL,55,20,,,,,,,,,FULL_API_SIGNAL,UTC=2026-08-18T19:45:51Z；API=https://www.gykqyy.com/api/article/getZhuanjiaList?category=55；category=55；image_field=null；signal=NO_PHOTO_CONTAINER_EMPTY_IMAGE_FIELD；判定=API image 字段为空/null；页面 fallback 为 ./images/null.jpg，未下载 fallback
217,王蕾,https://www.gykqyy.com/list.html?category=55&id=217,失败留空,无照片容器,FINAL,55,20,,,,,,,,,FULL_API_SIGNAL,UTC=2026-08-18T19:45:51Z；API=https://www.gykqyy.com/api/article/getZhuanjiaList?category=55；category=55；image_field=null；signal=NO_PHOTO_CONTAINER_EMPTY_IMAGE_FIELD；判定=API image 字段为空/null；页面 fallback 为 ./images/null.jpg，未下载 fallback
218,祁文婷,https://www.gykqyy.com/list.html?category=55&id=218,失败留空,无照片容器,FINAL,55,20,,,,,,,,,FULL_API_SIGNAL,UTC=2026-08-18T19:45:51Z；API=https://www.gykqyy.com/api/article/getZhuanjiaList?category=55；category=55；image_field=null；signal=NO_PHOTO_CONTAINER_EMPTY_IMAGE_FIELD；判定=API image 字段为空/null；页面 fallback 为 ./images/null.jpg，未下载 fallback
219,刘鹏程,https://www.gykqyy.com/list.html?category=55&id=219,失败留空,无照片容器,FINAL,55,20,,,,,,,,,FULL_API_SIGNAL,UTC=2026-08-18T19:45:51Z；API=https://www.gykqyy.com/api/article/getZhuanjiaList?category=55；category=55；image_field=null；signal=NO_PHOTO_CONTAINER_EMPTY_IMAGE_FIELD；判定=API image 字段为空/null；页面 fallback 为 ./images/null.jpg，未下载 fallback
221,李晓星,https://www.gykqyy.com/list.html?category=55&id=221,失败留空,无照片容器,FINAL,55,20,,,,,,,,,FULL_API_SIGNAL,UTC=2026-08-18T19:45:51Z；API=https://www.gykqyy.com/api/article/getZhuanjiaList?category=55；category=55；image_field=null；signal=NO_PHOTO_CONTAINER_EMPTY_IMAGE_FIELD；判定=API image 字段为空/null；页面 fallback 为 ./images/null.jpg，未下载 fallback
222,何颖,https://www.gykqyy.com/list.html?category=55&id=222,失败留空,无照片容器,FINAL,55,20,,,,,,,,,FULL_API_SIGNAL,UTC=2026-08-18T19:45:51Z；API=https://www.gykqyy.com/api/article/getZhuanjiaList?category=55；category=55；image_field=null；signal=NO_PHOTO_CONTAINER_EMPTY_IMAGE_FIELD；判定=API image 字段为空/null；页面 fallback 为 ./images/null.jpg，未下载 fallback
224,蔡冬萍,https://www.gykqyy.com/list.html?category=55&id=224,失败留空,无照片容器,FINAL,55,20,,,,,,,,,FULL_API_SIGNAL,UTC=2026-08-18T19:45:51Z；API=https://www.gykqyy.com/api/article/getZhuanjiaList?category=55；category=55；image_field=null；signal=NO_PHOTO_CONTAINER_EMPTY_IMAGE_FIELD；判定=API image 字段为空/null；页面 fallback 为 ./images/null.jpg，未下载 fallback
226,王兴羽,https://www.gykqyy.com/list.html?category=55&id=226,失败留空,无照片容器,FINAL,55,20,,,,,,,,,FULL_API_SIGNAL,UTC=2026-08-18T19:45:51Z；API=https://www.gykqyy.com/api/article/getZhuanjiaList?category=55；category=55；image_field=null；signal=NO_PHOTO_CONTAINER_EMPTY_IMAGE_FIELD；判定=API image 字段为空/null；页面 fallback 为 ./images/null.jpg，未下载 fallback
227,赵虹灵,https://www.gykqyy.com/list.html?category=55&id=227,失败留空,无照片容器,FINAL,55,20,,,,,,,,,FULL_API_SIGNAL,UTC=2026-08-18T19:45:51Z；API=https://www.gykqyy.com/api/article/getZhuanjiaList?category=55；category=55；image_field=null；signal=NO_PHOTO_CONTAINER_EMPTY_IMAGE_FIELD；判定=API image 字段为空/null；页面 fallback 为 ./images/null.jpg，未下载 fallback
228,夏娟,https://www.gykqyy.com/list.html?category=55&id=228,失败留空,无照片容器,FINAL,55,20,,,,,,,,,FULL_API_SIGNAL,UTC=2026-08-18T19:45:51Z；API=https://www.gykqyy.com/api/article/getZhuanjiaList?category=55；category=55；image_field=null；signal=NO_PHOTO_CONTAINER_EMPTY_IMAGE_FIELD；判定=API image 字段为空/null；页面 fallback 为 ./images/null.jpg，未下载 fallback
229,马彦冉,https://www.gykqyy.com/list.html?category=55&id=229,失败留空,无照片容器,FINAL,55,20,,,,,,,,,FULL_API_SIGNAL,UTC=2026-08-18T19:45:51Z；API=https://www.gykqyy.com/api/article/getZhuanjiaList?category=55；category=55；image_field=null；signal=NO_PHOTO_CONTAINER_EMPTY_IMAGE_FIELD；判定=API image 字段为空/null；页面 fallback 为 ./images/null.jpg，未下载 fallback
230,马朝阳,https://www.gykqyy.com/list.html?category=55&id=230,失败留空,无照片容器,FINAL,55,20,,,,,,,,,FULL_API_SIGNAL,UTC=2026-08-18T19:45:51Z；API=https://www.gykqyy.com/api/article/getZhuanjiaList?category=55；category=55；image_field=null；signal=NO_PHOTO_CONTAINER_EMPTY_IMAGE_FIELD；判定=API image 字段为空/null；页面 fallback 为 ./images/null.jpg，未下载 fallback
231,李文芝,https://www.gykqyy.com/list.html?category=55&id=231,失败留空,无照片容器,FINAL,55,31,,,,,,,,,FULL_API_SIGNAL,UTC=2026-08-18T19:45:51Z；API=https://www.gykqyy.com/api/article/getZhuanjiaList?category=55；category=55；image_field=null；signal=NO_PHOTO_CONTAINER_EMPTY_IMAGE_FIELD；判定=API image 字段为空/null；页面 fallback 为 ./images/null.jpg，未下载 fallback
232,潘宇倩,https://www.gykqyy.com/list.html?category=55&id=232,失败留空,无照片容器,FINAL,55,20,,,,,,,,,FULL_API_SIGNAL,UTC=2026-08-18T19:45:51Z；API=https://www.gykqyy.com/api/article/getZhuanjiaList?category=55；category=55；image_field=null；signal=NO_PHOTO_CONTAINER_EMPTY_IMAGE_FIELD；判定=API image 字段为空/null；页面 fallback 为 ./images/null.jpg，未下载 fallback
233,江烨,https://www.gykqyy.com/list.html?category=55&id=233,失败留空,无照片容器,FINAL,55,20,,,,,,,,,FULL_API_SIGNAL,UTC=2026-08-18T19:45:51Z；API=https://www.gykqyy.com/api/article/getZhuanjiaList?category=55；category=55；image_field=null；signal=NO_PHOTO_CONTAINER_EMPTY_IMAGE_FIELD；判定=API image 字段为空/null；页面 fallback 为 ./images/null.jpg，未下载 fallback
234,钟婷,https://www.gykqyy.com/list.html?category=55&id=234,失败留空,无照片容器,FINAL,55,20,,,,,,,,,FULL_API_SIGNAL,UTC=2026-08-18T19:45:51Z；API=https://www.gykqyy.com/api/article/getZhuanjiaList?category=55；category=55；image_field=null；signal=NO_PHOTO_CONTAINER_EMPTY_IMAGE_FIELD；判定=API image 字段为空/null；页面 fallback 为 ./images/null.jpg，未下载 fallback
236,万民婷,https://www.gykqyy.com/list.html?category=55&id=236,失败留空,无照片容器,FINAL,55,20,,,,,,,,,FULL_API_SIGNAL,UTC=2026-08-18T19:45:51Z；API=https://www.gykqyy.com/api/article/getZhuanjiaList?category=55；category=55；image_field=null；signal=NO_PHOTO_CONTAINER_EMPTY_IMAGE_FIELD；判定=API image 字段为空/null；页面 fallback 为 ./images/null.jpg，未下载 fallback
237,黄文绵,https://www.gykqyy.com/list.html?category=55&id=237,失败留空,无照片容器,FINAL,55,20,,,,,,,,,FULL_API_SIGNAL,UTC=2026-08-18T19:45:51Z；API=https://www.gykqyy.com/api/article/getZhuanjiaList?category=55；category=55；image_field=null；signal=NO_PHOTO_CONTAINER_EMPTY_IMAGE_FIELD；判定=API image 字段为空/null；页面 fallback 为 ./images/null.jpg，未下载 fallback
238,黄丽珊,https://www.gykqyy.com/list.html?category=55&id=238,失败留空,无照片容器,FINAL,55,20,,,,,,,,,FULL_API_SIGNAL,UTC=2026-08-18T19:45:51Z；API=https://www.gykqyy.com/api/article/getZhuanjiaList?category=55；category=55；image_field=null；signal=NO_PHOTO_CONTAINER_EMPTY_IMAGE_FIELD；判定=API image 字段为空/null；页面 fallback 为 ./images/null.jpg，未下载 fallback
246,陈楠楠,https://www.gykqyy.com/list.html?category=55&id=246,失败留空,无照片容器,FINAL,55,21,,,,,,,,,FULL_API_SIGNAL,UTC=2026-08-18T19:45:51Z；API=https://www.gykqyy.com/api/article/getZhuanjiaList?category=55；category=55；image_field=null；signal=NO_PHOTO_CONTAINER_EMPTY_IMAGE_FIELD；判定=API image 字段为空/null；页面 fallback 为 ./images/null.jpg，未下载 fallback
248,廖倬逸,https://www.gykqyy.com/list.html?category=55&id=248,失败留空,无照片容器,FINAL,55,21,,,,,,,,,FULL_API_SIGNAL,UTC=2026-08-18T19:45:51Z；API=https://www.gykqyy.com/api/article/getZhuanjiaList?category=55；category=55；image_field=null；signal=NO_PHOTO_CONTAINER_EMPTY_IMAGE_FIELD；判定=API image 字段为空/null；页面 fallback 为 ./images/null.jpg，未下载 fallback
249,魏修群,https://www.gykqyy.com/list.html?category=55&id=249,失败留空,无照片容器,FINAL,55,21,,,,,,,,,FULL_API_SIGNAL,UTC=2026-08-18T19:45:51Z；API=https://www.gykqyy.com/api/article/getZhuanjiaList?category=55；category=55；image_field=null；signal=NO_PHOTO_CONTAINER_EMPTY_IMAGE_FIELD；判定=API image 字段为空/null；页面 fallback 为 ./images/null.jpg，未下载 fallback
250,宫海环,https://www.gykqyy.com/list.html?category=55&id=250,失败留空,无照片容器,FINAL,55,21,,,,,,,,,FULL_API_SIGNAL,UTC=2026-08-18T19:45:51Z；API=https://www.gykqyy.com/api/article/getZhuanjiaList?category=55；category=55；image_field=null；signal=NO_PHOTO_CONTAINER_EMPTY_IMAGE_FIELD；判定=API image 字段为空/null；页面 fallback 为 ./images/null.jpg，未下载 fallback
252,王晓宇,https://www.gykqyy.com/list.html?category=55&id=252,失败留空,无照片容器,FINAL,55,21,,,,,,,,,FULL_API_SIGNAL,UTC=2026-08-18T19:45:51Z；API=https://www.gykqyy.com/api/article/getZhuanjiaList?category=55；category=55；image_field=null；signal=NO_PHOTO_CONTAINER_EMPTY_IMAGE_FIELD；判定=API image 字段为空/null；页面 fallback 为 ./images/null.jpg，未下载 fallback
253,姜珊,https://www.gykqyy.com/list.html?category=55&id=253,失败留空,无照片容器,FINAL,55,21,,,,,,,,,FULL_API_SIGNAL,UTC=2026-08-18T19:45:51Z；API=https://www.gykqyy.com/api/article/getZhuanjiaList?category=55；category=55；image_field=null；signal=NO_PHOTO_CONTAINER_EMPTY_IMAGE_FIELD；判定=API image 字段为空/null；页面 fallback 为 ./images/null.jpg，未下载 fallback
254,陈朕,https://www.gykqyy.com/list.html?category=55&id=254,失败留空,无照片容器,FINAL,55,21,,,,,,,,,FULL_API_SIGNAL,UTC=2026-08-18T19:45:51Z；API=https://www.gykqyy.com/api/article/getZhuanjiaList?category=55；category=55；image_field=null；signal=NO_PHOTO_CONTAINER_EMPTY_IMAGE_FIELD；判定=API image 字段为空/null；页面 fallback 为 ./images/null.jpg，未下载 fallback
255,樊晓淼,https://www.gykqyy.com/list.html?category=55&id=255,失败留空,无照片容器,FINAL,55,21,,,,,,,,,FULL_API_SIGNAL,UTC=2026-08-18T19:45:51Z；API=https://www.gykqyy.com/api/article/getZhuanjiaList?category=55；category=55；image_field=null；signal=NO_PHOTO_CONTAINER_EMPTY_IMAGE_FIELD；判定=API image 字段为空/null；页面 fallback 为 ./images/null.jpg，未下载 fallback
257,罗春媛,https://www.gykqyy.com/list.html?category=55&id=257,失败留空,无照片容器,FINAL,55,21,,,,,,,,,FULL_API_SIGNAL,UTC=2026-08-18T19:45:51Z；API=https://www.gykqyy.com/api/article/getZhuanjiaList?category=55；category=55；image_field=null；signal=NO_PHOTO_CONTAINER_EMPTY_IMAGE_FIELD；判定=API image 字段为空/null；页面 fallback 为 ./images/null.jpg，未下载 fallback
260,钟雯,https://www.gykqyy.com/list.html?category=55&id=260,失败留空,无照片容器,FINAL,55,22,,,,,,,,,FULL_API_SIGNAL,UTC=2026-08-18T19:45:51Z；API=https://www.gykqyy.com/api/article/getZhuanjiaList?category=55；category=55；image_field=null；signal=NO_PHOTO_CONTAINER_EMPTY_IMAGE_FIELD；判定=API image 字段为空/null；页面 fallback 为 ./images/null.jpg，未下载 fallback
262,林炳鹏,https://www.gykqyy.com/list.html?category=55&id=262,失败留空,无照片容器,FINAL,55,22,,,,,,,,,FULL_API_SIGNAL,UTC=2026-08-18T19:45:51Z；API=https://www.gykqyy.com/api/article/getZhuanjiaList?category=55；category=55；image_field=null；signal=NO_PHOTO_CONTAINER_EMPTY_IMAGE_FIELD；判定=API image 字段为空/null；页面 fallback 为 ./images/null.jpg，未下载 fallback
267,彭菁,https://www.gykqyy.com/list.html?category=55&id=267,失败留空,无照片容器,FINAL,55,22,,,,,,,,,FULL_API_SIGNAL,UTC=2026-08-18T19:45:51Z；API=https://www.gykqyy.com/api/article/getZhuanjiaList?category=55；category=55；image_field=null；signal=NO_PHOTO_CONTAINER_EMPTY_IMAGE_FIELD；判定=API image 字段为空/null；页面 fallback 为 ./images/null.jpg，未下载 fallback
268,罗明,https://www.gykqyy.com/list.html?category=55&id=268,失败留空,无照片容器,FINAL,55,22,,,,,,,,,FULL_API_SIGNAL,UTC=2026-08-18T19:45:51Z；API=https://www.gykqyy.com/api/article/getZhuanjiaList?category=55；category=55；image_field=null；signal=NO_PHOTO_CONTAINER_EMPTY_IMAGE_FIELD；判定=API image 字段为空/null；页面 fallback 为 ./images/null.jpg，未下载 fallback
269,郭陈琳,https://www.gykqyy.com/list.html?category=55&id=269,失败留空,无照片容器,FINAL,55,22,,,,,,,,,FULL_API_SIGNAL,UTC=2026-08-18T19:45:51Z；API=https://www.gykqyy.com/api/article/getZhuanjiaList?category=55；category=55；image_field=null；signal=NO_PHOTO_CONTAINER_EMPTY_IMAGE_FIELD；判定=API image 字段为空/null；页面 fallback 为 ./images/null.jpg，未下载 fallback
270,胡耀政,https://www.gykqyy.com/list.html?category=55&id=270,失败留空,无照片容器,FINAL,55,22,,,,,,,,,FULL_API_SIGNAL,UTC=2026-08-18T19:45:51Z；API=https://www.gykqyy.com/api/article/getZhuanjiaList?category=55；category=55；image_field=null；signal=NO_PHOTO_CONTAINER_EMPTY_IMAGE_FIELD；判定=API image 字段为空/null；页面 fallback 为 ./images/null.jpg，未下载 fallback
271,张琰,https://www.gykqyy.com/list.html?category=55&id=271,失败留空,无照片容器,FINAL,55,22,,,,,,,,,FULL_API_SIGNAL,UTC=2026-08-18T19:45:51Z；API=https://www.gykqyy.com/api/article/getZhuanjiaList?category=55；category=55；image_field=null；signal=NO_PHOTO_CONTAINER_EMPTY_IMAGE_FIELD；判定=API image 字段为空/null；页面 fallback 为 ./images/null.jpg，未下载 fallback
275,刘蓉,https://www.gykqyy.com/list.html?category=55&id=275,失败留空,无照片容器,FINAL,55,23,,,,,,,,,FULL_API_SIGNAL,UTC=2026-08-18T19:45:51Z；API=https://www.gykqyy.com/api/article/getZhuanjiaList?category=55；category=55；image_field=null；signal=NO_PHOTO_CONTAINER_EMPTY_IMAGE_FIELD；判定=API image 字段为空/null；页面 fallback 为 ./images/null.jpg，未下载 fallback
276,陈馥淳,https://www.gykqyy.com/list.html?category=55&id=276,失败留空,无照片容器,FINAL,55,23,,,,,,,,,FULL_API_SIGNAL,UTC=2026-08-18T19:45:51Z；API=https://www.gykqyy.com/api/article/getZhuanjiaList?category=55；category=55；image_field=null；signal=NO_PHOTO_CONTAINER_EMPTY_IMAGE_FIELD；判定=API image 字段为空/null；页面 fallback 为 ./images/null.jpg，未下载 fallback
282,孙浩波,https://www.gykqyy.com/list.html?category=55&id=282,失败留空,无照片容器,FINAL,55,37,,,,,,,,,FULL_API_SIGNAL,UTC=2026-08-18T19:45:51Z；API=https://www.gykqyy.com/api/article/getZhuanjiaList?category=55；category=55；image_field=null；signal=NO_PHOTO_CONTAINER_EMPTY_IMAGE_FIELD；判定=API image 字段为空/null；页面 fallback 为 ./images/null.jpg，未下载 fallback
283,季若桐,https://www.gykqyy.com/list.html?category=55&id=283,失败留空,无照片容器,FINAL,55,23,,,,,,,,,FULL_API_SIGNAL,UTC=2026-08-18T19:45:51Z；API=https://www.gykqyy.com/api/article/getZhuanjiaList?category=55；category=55；image_field=null；signal=NO_PHOTO_CONTAINER_EMPTY_IMAGE_FIELD；判定=API image 字段为空/null；页面 fallback 为 ./images/null.jpg，未下载 fallback
284,罗嘉欣,https://www.gykqyy.com/list.html?category=55&id=284,失败留空,无照片容器,FINAL,55,23,,,,,,,,,FULL_API_SIGNAL,UTC=2026-08-18T19:45:51Z；API=https://www.gykqyy.com/api/article/getZhuanjiaList?category=55；category=55；image_field=null；signal=NO_PHOTO_CONTAINER_EMPTY_IMAGE_FIELD；判定=API image 字段为空/null；页面 fallback 为 ./images/null.jpg，未下载 fallback
290,王俊妹,https://www.gykqyy.com/list.html?category=55&id=290,失败留空,无照片容器,FINAL,55,24,,,,,,,,,FULL_API_SIGNAL,UTC=2026-08-18T19:45:51Z；API=https://www.gykqyy.com/api/article/getZhuanjiaList?category=55；category=55；image_field=null；signal=NO_PHOTO_CONTAINER_EMPTY_IMAGE_FIELD；判定=API image 字段为空/null；页面 fallback 为 ./images/null.jpg，未下载 fallback
291,杨艳艳,https://www.gykqyy.com/list.html?category=55&id=291,失败留空,无照片容器,FINAL,55,24,,,,,,,,,FULL_API_SIGNAL,UTC=2026-08-18T19:45:51Z；API=https://www.gykqyy.com/api/article/getZhuanjiaList?category=55；category=55；image_field=null；signal=NO_PHOTO_CONTAINER_EMPTY_IMAGE_FIELD；判定=API image 字段为空/null；页面 fallback 为 ./images/null.jpg，未下载 fallback
292,黄佳欣,https://www.gykqyy.com/list.html?category=55&id=292,失败留空,无照片容器,FINAL,55,24,,,,,,,,,FULL_API_SIGNAL,UTC=2026-08-18T19:45:51Z；API=https://www.gykqyy.com/api/article/getZhuanjiaList?category=55；category=55；image_field=null；signal=NO_PHOTO_CONTAINER_EMPTY_IMAGE_FIELD；判定=API image 字段为空/null；页面 fallback 为 ./images/null.jpg，未下载 fallback
294,荣容,https://www.gykqyy.com/list.html?category=55&id=294,失败留空,无照片容器,FINAL,55,27,,,,,,,,,FULL_API_SIGNAL,UTC=2026-08-18T19:45:51Z；API=https://www.gykqyy.com/api/article/getZhuanjiaList?category=55；category=55；image_field=null；signal=NO_PHOTO_CONTAINER_EMPTY_IMAGE_FIELD；判定=API image 字段为空/null；页面 fallback 为 ./images/null.jpg，未下载 fallback
295,李京,https://www.gykqyy.com/list.html?category=55&id=295,失败留空,无照片容器,FINAL,55,24,,,,,,,,,FULL_API_SIGNAL,UTC=2026-08-18T19:45:51Z；API=https://www.gykqyy.com/api/article/getZhuanjiaList?category=55；category=55；image_field=null；signal=NO_PHOTO_CONTAINER_EMPTY_IMAGE_FIELD；判定=API image 字段为空/null；页面 fallback 为 ./images/null.jpg，未下载 fallback
296,邓鑫,https://www.gykqyy.com/list.html?category=55&id=296,失败留空,无照片容器,FINAL,55,24,,,,,,,,,FULL_API_SIGNAL,UTC=2026-08-18T19:45:51Z；API=https://www.gykqyy.com/api/article/getZhuanjiaList?category=55；category=55；image_field=null；signal=NO_PHOTO_CONTAINER_EMPTY_IMAGE_FIELD；判定=API image 字段为空/null；页面 fallback 为 ./images/null.jpg，未下载 fallback
297,陈莎,https://www.gykqyy.com/list.html?category=55&id=297,失败留空,无照片容器,FINAL,55,24,,,,,,,,,FULL_API_SIGNAL,UTC=2026-08-18T19:45:51Z；API=https://www.gykqyy.com/api/article/getZhuanjiaList?category=55；category=55；image_field=null；signal=NO_PHOTO_CONTAINER_EMPTY_IMAGE_FIELD；判定=API image 字段为空/null；页面 fallback 为 ./images/null.jpg，未下载 fallback
298,刘钢,https://www.gykqyy.com/list.html?category=55&id=298,失败留空,无照片容器,FINAL,55,24,,,,,,,,,FULL_API_SIGNAL,UTC=2026-08-18T19:45:51Z；API=https://www.gykqyy.com/api/article/getZhuanjiaList?category=55；category=55；image_field=null；signal=NO_PHOTO_CONTAINER_EMPTY_IMAGE_FIELD；判定=API image 字段为空/null；页面 fallback 为 ./images/null.jpg，未下载 fallback
299,曾骏,https://www.gykqyy.com/list.html?category=55&id=299,失败留空,无照片容器,FINAL,55,24,,,,,,,,,FULL_API_SIGNAL,UTC=2026-08-18T19:45:51Z；API=https://www.gykqyy.com/api/article/getZhuanjiaList?category=55；category=55；image_field=null；signal=NO_PHOTO_CONTAINER_EMPTY_IMAGE_FIELD；判定=API image 字段为空/null；页面 fallback 为 ./images/null.jpg，未下载 fallback
303,王任钦,https://www.gykqyy.com/list.html?category=55&id=303,失败留空,无照片容器,FINAL,55,28,,,,,,,,,FULL_API_SIGNAL,UTC=2026-08-18T19:45:51Z；API=https://www.gykqyy.com/api/article/getZhuanjiaList?category=55；category=55；image_field=null；signal=NO_PHOTO_CONTAINER_EMPTY_IMAGE_FIELD；判定=API image 字段为空/null；页面 fallback 为 ./images/null.jpg，未下载 fallback
304,欧阳珊,https://www.gykqyy.com/list.html?category=55&id=304,失败留空,无照片容器,FINAL,55,28,,,,,,,,,FULL_API_SIGNAL,UTC=2026-08-18T19:45:51Z；API=https://www.gykqyy.com/api/article/getZhuanjiaList?category=55；category=55；image_field=null；signal=NO_PHOTO_CONTAINER_EMPTY_IMAGE_FIELD；判定=API image 字段为空/null；页面 fallback 为 ./images/null.jpg，未下载 fallback
305,梁志英,https://www.gykqyy.com/list.html?category=55&id=305,失败留空,无照片容器,FINAL,55,28,,,,,,,,,FULL_API_SIGNAL,UTC=2026-08-18T19:45:51Z；API=https://www.gykqyy.com/api/article/getZhuanjiaList?category=55；category=55；image_field=null；signal=NO_PHOTO_CONTAINER_EMPTY_IMAGE_FIELD；判定=API image 字段为空/null；页面 fallback 为 ./images/null.jpg，未下载 fallback
