底表行,序号,医院,姓名,来源链接,列名,修改前,修改后
673,672,中山大学肿瘤防治中心,丘惠娟,https://www.sysucc.org.cn/node/3768,亮眼经历线索,"副主任医师 临床专家 面包屑 首页 / 临床科室 / 内科系列 / 中医科 / 临床专家 丘惠娟 职称：副主任医师 专长 用中药配合手术、放疗、化疗治疗各种肿瘤,以减轻毒副反应、提高患者生存质量 一、基本情况 职称：副主任医师 专家门诊时间： 周四下午 专业特长：从事肿瘤中西医结合治疗的临床工作已近20年。 二、学习及工作经历： 1986年-1991年： 广州中医药大学医疗系就读 1991年-1996年： 广东省清远市中医院内科工作 1996-至今： 中山大学附属肿瘤医院从事肿瘤的中西医结合临床研究工作 1999年： 北京进修中西医结合肿瘤临床 2004年： 参加国家药品食品监督管理局“国家药品临床研究基地负责人提高班”学习 加载更多 一、基本情况 职称：副主任医师 专家门诊时间： 周四下午 专业特长：从事肿瘤中西医结合治疗的临床工作已近20年。 二、学习及工作经历 ： 1986年-1991年： 广州中医药大学医疗系就读 ...","副主任医师 丘惠娟 职称：副主任医师 专长 用中药配合手术、放疗、化疗治疗各种肿瘤,以减轻毒副反应、提高患者生存质量 一、基本情况 职称：副主任医师 专家门诊时间： 周四下午 专业特长：从事肿瘤中西医结合治疗的临床工作已近20年。 二、学习及工作经历： 1986年-1991年： 广州中医药大学医疗系就读 1991年-1996年： 广东省清远市中医院内科工作 1996-至今： 中山大学附属肿瘤医院从事肿瘤的中西医结合临床研究工作 1999年： 北京进修中西医结合肿瘤临床 2004年： 参加国家药品食品监督管理局“国家药品临床研究基地负责人提高班”学习 一、基本情况 职称：副主任医师 专家门诊时间： 周四下午 专业特长：从事肿瘤中西医结合治疗的临床工作已近20年。"
673,672,中山大学肿瘤防治中心,丘惠娟,https://www.sysucc.org.cn/node/3768,异常提示,,亮眼经历含导航文本，已清洗
677,676,中山大学肿瘤防治中心,欧阳华强,https://www.sysucc.org.cn/node/6681,亮眼经历线索,医学博士、副主任医师 临床专家 面包屑 首页 / 临床科室 / 内科系列 / 中医科 / 临床专家 欧阳华强 职称：医学博士、副主任医师 专长 恶性肿瘤的中医及中西医结合防治 出诊时间： 周二上午（黄埔院区） 医疗特色： 师从上海市名中医、复旦大学附属肿瘤医院刘鲁明教授，从事中西医结合防治肿瘤的临床与基础研究。 从业近20年，主持完成国家自然科学基金、中国临床肿瘤学科学基金各1项，参与科研课题10余项，以第一作者发表SCI及核心期刊论文20余篇，参编专著2部，并多次在国内外肿瘤学术会议上发言及获奖。 学习工作简历： 1999-2004 年 湖南中医药大学（本科） 2004-2009 年 复旦大学附属肿瘤医院（硕士、博士） 2009-2021 年 天津市肿瘤医院（临床医师） 2021-2022 年 瑞典隆德大学（国家公派访问学者） 2023- 至今 中山大学肿瘤防治中心（临床医师） 主要学会任职： 中国临床肿瘤学会（CSCO...,医学博士、副主任医师 欧阳华强 职称：医学博士、副主任医师 专长 恶性肿瘤的中医及中西医结合防治 出诊时间： 周二上午（黄埔院区） 医疗特色： 师从上海市名中医、复旦大学附属肿瘤医院刘鲁明教授，从事中西医结合防治肿瘤的临床与基础研究。 从业近20年，主持完成国家自然科学基金、中国临床肿瘤学科学基金各1项，参与科研课题10余项，以第一作者发表SCI及核心期刊论文20余篇，参编专著2部，并多次在国内外肿瘤学术会议上发言及获奖。 学习工作简历： 1999-2004 年 湖南中医药大学（本科） 2004-2009 年 复旦大学附属肿瘤医院（硕士、博士） 2009-2021 年 天津市肿瘤医院（临床医师） 2021-2022 年 瑞典隆德大学（国家公派访问学者） 2023- 至今 中山大学肿瘤防治中心（临床医师） 主要学会任职： 中国临床肿瘤学会（CSCO...
677,676,中山大学肿瘤防治中心,欧阳华强,https://www.sysucc.org.cn/node/6681,异常提示,,亮眼经历含导航文本，已清洗
678,677,中山大学肿瘤防治中心,范腾,https://www.sysucc.org.cn/node/8022,亮眼经历线索,中山大学肿瘤防治中心中西医结合研究中心秘书 职称：中西医结合博士 、中山大学临床医学博士后、副主任医师 临床专家 面包屑 首页 / 临床科室 / 内科系列 / 中医科 / 临床专家 范腾 职务：中山大学肿瘤防治中心中西医结合研究中心秘书 职称：中西医结合博士 、中山大学临床医学博士后、副主任医师 专长 肿瘤的中医及中西医结合治疗。 一、基本情况 中西医结合临床博士，中山大学肿瘤防治中心临床博士后，辛辛那提儿童医院访问学者。 出诊时间： 周三下午（黄埔院区）、周五下午（越秀院区） 二、教育及工作经历 2020-2024中山大学肿瘤防治中心 2018-2019 美国辛辛那提儿童医院访问学者 2017-2020 中国中医科学院西苑医院博士 三、学术兼职 广东省中西医结合学会肿瘤专业委员会青年委员 国医名师学术经验传承工作委会委员 中国抗癌学会中西医整合白血病委员会委员 中国医药教育协会工作委会委员 四、主持科研项目 主持省部级及...,中山大学肿瘤防治中心中西医结合研究中心秘书 职称：中西医结合博士 、中山大学临床医学博士后、副主任医师 范腾 职务：中山大学肿瘤防治中心中西医结合研究中心秘书 职称：中西医结合博士 、中山大学临床医学博士后、副主任医师 专长 肿瘤的中医及中西医结合治疗。 一、基本情况 中西医结合临床博士，中山大学肿瘤防治中心临床博士后，辛辛那提儿童医院访问学者。 出诊时间： 周三下午（黄埔院区）、周五下午（越秀院区） 二、教育及工作经历 2020-2024中山大学肿瘤防治中心 2018-2019 美国辛辛那提儿童医院访问学者 2017-2020 中国中医科学院西苑医院博士 三、学术兼职 广东省中西医结合学会肿瘤专业委员会青年委员 国医名师学术经验传承工作委会委员 中国抗癌学会中西医整合白血病委员会委员 中国医药教育协会工作委会委员 四、主持科研项目 主持省部级及...
678,677,中山大学肿瘤防治中心,范腾,https://www.sysucc.org.cn/node/8022,异常提示,,亮眼经历含导航文本，已清洗
679,678,中山大学肿瘤防治中心,阚钧,https://www.sysucc.org.cn/node/6488,亮眼经历线索,中山大学肿瘤防治中心中西医结合研究中心 秘书 职称：副主任医师、中西医结合博士、中山大学临床医学博士后 临床专家 面包屑 首页 / 临床科室 / 内科系列 / 中医科 / 临床专家 阚钧 职务：中山大学肿瘤防治中心中西医结合研究中心 秘书 职称：副主任医师、中西医结合博士、中山大学临床医学博士后 专长 肿瘤的中医及中西医结合治疗。 主持博士后面上项目、广州市科技应用与基础应用项目各一项，参与广州市重点研发计划、国家重点研发项目、国自然面上项目等课题多项。 主编《愚泉斋医学随笔》、《愚泉斋医方集》，参编《中医肿瘤学》、《杏林问道-肿瘤临证耕耘录》，以第一作者（含共同）在Phytomedicine、Front immunol、FEBS J等国内外知名期刊发表高水平论文十余篇。,中山大学肿瘤防治中心中西医结合研究中心 秘书 职称：副主任医师、中西医结合博士、中山大学临床医学博士后 阚钧 职务：中山大学肿瘤防治中心中西医结合研究中心 秘书 职称：副主任医师、中西医结合博士、中山大学临床医学博士后 专长 肿瘤的中医及中西医结合治疗。 主持博士后面上项目、广州市科技应用与基础应用项目各一项，参与广州市重点研发计划、国家重点研发项目、国自然面上项目等课题多项。 主编《愚泉斋医学随笔》、《愚泉斋医方集》，参编《中医肿瘤学》、《杏林问道-肿瘤临证耕耘录》，以第一作者（含共同）在Phytomedicine、Front immunol、FEBS J等国内外知名期刊发表高水平论文十余篇。
679,678,中山大学肿瘤防治中心,阚钧,https://www.sysucc.org.cn/node/6488,异常提示,,亮眼经历含导航文本，已清洗
680,679,中山大学肿瘤防治中心,陈平,https://www.sysucc.org.cn/node/3778,亮眼经历线索,副主任医师 临床专家 面包屑 首页 / 临床科室 / 内科系列 / 中医科 / 临床专家 陈平 职称：副主任医师 专长 主要从事鼻咽癌、肺癌、肠癌、胃癌、食管癌、肝癌、乳腺癌等肿瘤中西医结合治疗和预防复发转移。 一、基本情况 副主任医师，医学博士。 深耕肿瘤中西医结合治疗多年，临床经验丰富，擅长辨证论治、精准遣方用药。,副主任医师 陈平 职称：副主任医师 专长 主要从事鼻咽癌、肺癌、肠癌、胃癌、食管癌、肝癌、乳腺癌等肿瘤中西医结合治疗和预防复发转移。 一、基本情况 副主任医师，医学博士。 深耕肿瘤中西医结合治疗多年，临床经验丰富，擅长辨证论治、精准遣方用药。
680,679,中山大学肿瘤防治中心,陈平,https://www.sysucc.org.cn/node/3778,异常提示,,亮眼经历含导航文本，已清洗
681,680,中山大学肿瘤防治中心,陈徐贤,https://www.sysucc.org.cn/node/3774,亮眼经历线索,副主任医师 临床专家 面包屑 首页 / 临床科室 / 内科系列 / 中医科 / 临床专家 陈徐贤 职称：副主任医师 专长 肿瘤中医治疗 医疗专长：肿瘤中医治疗 医疗经历:1988年毕业于广州中医药大学中医医疗系，获医学学士学位。,副主任医师 陈徐贤 职称：副主任医师 专长 肿瘤中医治疗 医疗专长：肿瘤中医治疗 医疗经历:1988年毕业于广州中医药大学中医医疗系，获医学学士学位。
681,680,中山大学肿瘤防治中心,陈徐贤,https://www.sysucc.org.cn/node/3774,异常提示,,亮眼经历含导航文本，已清洗
682,681,中山大学肿瘤防治中心,黄国贤,https://www.sysucc.org.cn/node/3775,亮眼经历线索,"主任医师 临床专家 面包屑 首页 / 临床科室 / 内科系列 / 中医科 / 临床专家 黄国贤 职称：主任医师 专长 各种肿瘤疾病的中医治疗和研究 一、基本情况 职称：主任医师 职务： 专家门诊时间： 周三上午； 二、学习及工作经历： 1985年—1990年：广州中医学院就读 1990年至今：中山大学肿瘤医院中医科 加载更多 1966年12月生, 毕业于广州中医药大学医疗系,现为中医科主任医师。","主任医师 黄国贤 职称：主任医师 专长 各种肿瘤疾病的中医治疗和研究 一、基本情况 职称：主任医师 职务： 专家门诊时间： 周三上午； 二、学习及工作经历： 1985年—1990年：广州中医学院就读 1990年至今：中山大学肿瘤医院中医科 1966年12月生, 毕业于广州中医药大学医疗系,现为中医科主任医师。"
682,681,中山大学肿瘤防治中心,黄国贤,https://www.sysucc.org.cn/node/3775,异常提示,,亮眼经历含导航文本，已清洗
683,682,中山大学肿瘤防治中心,黄圆圆,https://www.sysucc.org.cn/node/3769,亮眼经历线索,科副主任、主诊教授 职称：主任医师 临床专家 面包屑 首页 / 临床科室 / 内科系列 / 中医科 / 临床专家 黄圆圆 职务：科副主任、主诊教授 职称：主任医师 专长 恶性肿瘤的中医及中西医结合治疗。 一、基本情况 中山大学肿瘤防治中心综合中医科行政副主任，中山大学肿瘤防治中心中西医结合研究中心常务副主任，主任医师，主诊教授，医学博士，硕士生导师。 师从全国名老中医药专家、广东省名中医、中大名医张蓓教授，从事中医及中西医结合防治肿瘤的临床及科研工作近20年，在中医及中西医结合防治恶性肿瘤专业领域积累了丰富经验。,科副主任、主诊教授 职称：主任医师 黄圆圆 职务：科副主任、主诊教授 职称：主任医师 专长 恶性肿瘤的中医及中西医结合治疗。 一、基本情况 中山大学肿瘤防治中心综合中医科行政副主任，中山大学肿瘤防治中心中西医结合研究中心常务副主任，主任医师，主诊教授，医学博士，硕士生导师。 师从全国名老中医药专家、广东省名中医、中大名医张蓓教授，从事中医及中西医结合防治肿瘤的临床及科研工作近20年，在中医及中西医结合防治恶性肿瘤专业领域积累了丰富经验。
683,682,中山大学肿瘤防治中心,黄圆圆,https://www.sysucc.org.cn/node/3769,异常提示,,亮眼经历含导航文本，已清洗
684,683,中山大学肿瘤防治中心,黄金圣,https://www.sysucc.org.cn/node/3779,亮眼经历线索,副主任医师 临床专家 面包屑 首页 / 临床科室 / 内科系列 / 中医科 / 临床专家 黄金圣 职称：副主任医师 专长 肿瘤的中医及中西医结合治疗。 一、基本情况 副主任医师 出诊时间：每周二下午（黄埔院区） 每周四下午（越秀院区） 专业特长：师从中山大学名医、全国名老中医、广东省名中医张蓓教授，是张蓓教授传承工作室主要成员。 发表科研论文40余篇，其中第一作者和通讯作者SCI论文近20篇。,副主任医师 黄金圣 职称：副主任医师 专长 肿瘤的中医及中西医结合治疗。 一、基本情况 副主任医师 出诊时间：每周二下午（黄埔院区） 每周四下午（越秀院区） 专业特长：师从中山大学名医、全国名老中医、广东省名中医张蓓教授，是张蓓教授传承工作室主要成员。 发表科研论文40余篇，其中第一作者和通讯作者SCI论文近20篇。
684,683,中山大学肿瘤防治中心,黄金圣,https://www.sysucc.org.cn/node/3779,异常提示,,亮眼经历含导航文本，已清洗
685,684,中山大学肿瘤防治中心,医学教育,https://www.sysucc.org.cn/taxonomy/term/267,亮眼经历线索,住院医师规范化培训 面包屑 首页 / 医学教育 / 住院医师规范化培训 医学教育 教学动态 规章制度 资料下载 进修教育 医学教育系统 护士进修/实习申请 住院医师规范化培训 师德师风建设 临床技能培训中心 中山大学肿瘤防治中心2025年住院医师规范化培训招收简章 一、中心介绍 中山大学肿瘤防治中心成立于1964年3月，是新中国成立最早的四所肿瘤医院之一，是全国规模最大、学术力量最雄厚的集医疗、教学、科研、预防于一体的肿瘤学基地之一。 中心现设有越秀、黄埔两个院区，天河院区正在建设，实际开放病床数2239张（越秀院区1556张，黄埔院区683张），门、急诊量187.7万余人次，年住院量达18.5万人次，医疗业务量居全国肿瘤专科医院前列。 近五年，逾72项来自临床一线的研究成果得到国际公认，被全球肿瘤诊疗标准与指南采用。 赋能全省住培骨干师资成长，中肿这样做 11-28 2024 【政策宣传】住院医师规范化培训“两个同等对待...,医学教育 教学动态 规章制度 资料下载 进修教育 医学教育系统 护士进修/实习申请 住院医师规范化培训 师德师风建设 临床技能培训中心 中山大学肿瘤防治中心2025年住院医师规范化培训招收简章 一、中心介绍 中山大学肿瘤防治中心成立于1964年3月，是新中国成立最早的四所肿瘤医院之一，是全国规模最大、学术力量最雄厚的集医疗、教学、科研、预防于一体的肿瘤学基地之一。 中心现设有越秀、黄埔两个院区，天河院区正在建设，实际开放病床数2239张（越秀院区1556张，黄埔院区683张），门、急诊量187.7万余人次，年住院量达18.5万人次，医疗业务量居全国肿瘤专科医院前列。 近五年，逾72项来自临床一线的研究成果得到国际公认，被全球肿瘤诊疗标准与指南采用。
685,684,中山大学肿瘤防治中心,医学教育,https://www.sysucc.org.cn/taxonomy/term/267,异常提示,,亮眼经历含导航文本，已清洗
687,686,中山大学肿瘤防治中心,吴锡文,https://www.sysucc.org.cn/node/12740,亮眼经历线索,副主任医师 临床专家 面包屑 首页 / 临床科室 / 平台科室 / 临床营养科 / 临床专家 吴锡文 职称：副主任医师 专长 肿瘤患者围手术期及放化疗期间营养支持治疗与膳食指导。 一、基本情况 医学博士，博士后，副主任医师。 二、教育及工作经历 2010.09-2015.06：中山大学中山医学院 学士 2015.08-2018.06：中山大学肿瘤防治中心 硕士 2018.09-2021.06：中山大学附属第一医院 博士 2021.07-2024.12：中山大学肿瘤防治中心 住院医师 2024.12-2025.12：中山大学肿瘤防治中心 主治医师 2025.12-至今：中山大学肿瘤防治中心 副主任医师 三、学术兼职 广东省基层医药学会消化道肿瘤防治专业委员会第一届常务委员。,副主任医师 吴锡文 职称：副主任医师 专长 肿瘤患者围手术期及放化疗期间营养支持治疗与膳食指导。 一、基本情况 医学博士，博士后，副主任医师。 二、教育及工作经历 2010.09-2015.06：中山大学中山医学院 学士 2015.08-2018.06：中山大学肿瘤防治中心 硕士 2018.09-2021.06：中山大学附属第一医院 博士 2021.07-2024.12：中山大学肿瘤防治中心 住院医师 2024.12-2025.12：中山大学肿瘤防治中心 主治医师 2025.12-至今：中山大学肿瘤防治中心 副主任医师 三、学术兼职 广东省基层医药学会消化道肿瘤防治专业委员会第一届常务委员。
687,686,中山大学肿瘤防治中心,吴锡文,https://www.sysucc.org.cn/node/12740,异常提示,,亮眼经历含导航文本，已清洗
689,688,中山大学肿瘤防治中心,"《PLoS ONE》2011 IF4.8） 2.High Expression of p300 in Human Breast Cancer Correlates with Tumor Recurrence and Predicts Patients Adverse Prognosis （杂志名称：Chinese Journal of Cancer Research 2011 IF0.59） 3.Targeted Expression of BikDD Eliminates Breast Cancer with Virtually No Toxicity in Noninvasive Imaging Models. （杂志名称：Mol Cancer Ther 2012 IF 5.22） 4.Simultaneous modulation of COX-2, p300, Akt, and Apaf-1signaling by melatonin to inhibit proliferation and induceapoptosis in breast cancer cells （杂志名称：Journal of Pineal Research 2012 IF 5.79） 5.Melatoninsuppressesproinflammatory mediators in lipopolysaccharide-stimulated CRL1999 cells via targeting MAPK, NF-jB, c/EBPb, and p300 signaling （杂志名称：Journal of Pineal Research 2012 IF 5.79） 6.青年乳腺癌209例生存分析 (杂志名称：中国医师进修杂志2010) 7.超声刀在乳腺癌改良根治术中的应用 (杂志名称：实用医学杂志2010) 更新时间：2014.5.13",https://www.sysucc.org.cn/node/3741,亮眼经历线索,乳腺科秘书 职称：主任医师、硕士生导师 临床专家 面包屑 首页 / 临床科室 / 外科系列 / 乳腺科 / 临床专家 肖祥胜 职务：乳腺科秘书 职称：主任医师、硕士生导师 专长 乳腺癌的诊治 一、 基本情况 职称：主任医师、硕士生导师 职务：乳腺科秘书 专家门诊时间：周一、三、四上午 本人工作20多年来，熟悉了解目前国际上乳腺肿瘤的临床和研究动态，对乳腺癌的诊治有丰富的临床经验。 200万，2011-2014. 4.参与Ap-2B/hTERT在肺癌发生发展中的作用机理及临床意义 国家自然基金面上项目：31万，2010-2013 加载更多 一、 基本情况 职称：主任医师、硕士生导师 职务：乳腺科秘书 专家门诊时间：周一、三、四上午 本人工作20多年来，熟悉了解目前国际上乳腺肿瘤的临床和研究动态，对乳腺癌的诊治有丰富的临床经验。 200万，2011-2014. 4.参与Ap-2B/hTERT在肺癌发生发展中的作用机理及临床意义...,乳腺科秘书 职称：主任医师、硕士生导师 肖祥胜 职务：乳腺科秘书 职称：主任医师、硕士生导师 专长 乳腺癌的诊治 一、 基本情况 职称：主任医师、硕士生导师 职务：乳腺科秘书 专家门诊时间：周一、三、四上午 本人工作20多年来，熟悉了解目前国际上乳腺肿瘤的临床和研究动态，对乳腺癌的诊治有丰富的临床经验。 200万，2011-2014. 4.参与Ap-2B/hTERT在肺癌发生发展中的作用机理及临床意义 国家自然基金面上项目：31万，2010-2013 一、 基本情况 职称：主任医师、硕士生导师 职务：乳腺科秘书 专家门诊时间：周一、三、四上午 本人工作20多年来，熟悉了解目前国际上乳腺肿瘤的临床和研究动态，对乳腺癌的诊治有丰富的临床经验。
689,688,中山大学肿瘤防治中心,"《PLoS ONE》2011 IF4.8） 2.High Expression of p300 in Human Breast Cancer Correlates with Tumor Recurrence and Predicts Patients Adverse Prognosis （杂志名称：Chinese Journal of Cancer Research 2011 IF0.59） 3.Targeted Expression of BikDD Eliminates Breast Cancer with Virtually No Toxicity in Noninvasive Imaging Models. （杂志名称：Mol Cancer Ther 2012 IF 5.22） 4.Simultaneous modulation of COX-2, p300, Akt, and Apaf-1signaling by melatonin to inhibit proliferation and induceapoptosis in breast cancer cells （杂志名称：Journal of Pineal Research 2012 IF 5.79） 5.Melatoninsuppressesproinflammatory mediators in lipopolysaccharide-stimulated CRL1999 cells via targeting MAPK, NF-jB, c/EBPb, and p300 signaling （杂志名称：Journal of Pineal Research 2012 IF 5.79） 6.青年乳腺癌209例生存分析 (杂志名称：中国医师进修杂志2010) 7.超声刀在乳腺癌改良根治术中的应用 (杂志名称：实用医学杂志2010) 更新时间：2014.5.13",https://www.sysucc.org.cn/node/3741,异常提示,,亮眼经历含导航文本，已清洗
690,689,中山大学肿瘤防治中心,刘鹏,https://www.sysucc.org.cn/node/3742,亮眼经历线索,主任医师，主诊教授，肿瘤学博士，硕士生导师 三、科研成果： 以第一 / 通讯作者发表国际 SCI 论著 20 余篇（单篇 IF 最高 37 分），主持及参与国家自然科学基金 3 项、广东省自然科学基金 2 项、广东省科技计划项目 1 项。 临床专家 面包屑 首页 / 临床科室 / 外科系列 / 乳腺科 / 临床专家 刘鹏 职称：主任医师，主诊教授，肿瘤学博士，硕士生导师 专长 乳腺癌的手术治疗、化疗和靶向治疗。 一、基本情况 刘鹏，中山大学肿瘤医院乳腺科主诊教授，主任医师，肿瘤学博士，硕士生导师，获第二届 “广东实力中青年医生”称号，中国肿瘤微创治疗专业委员会乳腺学组委员，广东省抗癌协会乳腺癌专业委员会常委，广东省精准医学应用学会乳腺肿瘤分会常委，广东省医学会肿瘤学分会乳腺学组委员，广东省医院协会肿瘤生物治疗委员会委员。,主任医师，主诊教授，肿瘤学博士，硕士生导师 三、科研成果： 以第一 / 通讯作者发表国际 SCI 论著 20 余篇（单篇 IF 最高 37 分），主持及参与国家自然科学基金 3 项、广东省自然科学基金 2 项、广东省科技计划项目 1 项。 刘鹏 职称：主任医师，主诊教授，肿瘤学博士，硕士生导师 专长 乳腺癌的手术治疗、化疗和靶向治疗。 一、基本情况 刘鹏，中山大学肿瘤医院乳腺科主诊教授，主任医师，肿瘤学博士，硕士生导师，获第二届 “广东实力中青年医生”称号，中国肿瘤微创治疗专业委员会乳腺学组委员，广东省抗癌协会乳腺癌专业委员会常委，广东省精准医学应用学会乳腺肿瘤分会常委，广东省医学会肿瘤学分会乳腺学组委员，广东省医院协会肿瘤生物治疗委员会委员。
690,689,中山大学肿瘤防治中心,刘鹏,https://www.sysucc.org.cn/node/3742,异常提示,,亮眼经历含导航文本，已清洗
691,690,中山大学肿瘤防治中心,双泽宇,https://www.sysucc.org.cn/node/3746,亮眼经历线索,副主任医师，硕士生导师，肿瘤学博士 二、社会兼职 中国抗癌协会肿瘤微创治疗专委会乳腺学组委员，中国早期乳腺癌辅助内分泌治疗生活质量协作组青年委员，广东省精准医学应用学会乳腺肿瘤分会常务委员，广东省肿瘤性疾病医疗质量控制中心乳腺癌专家委员会委员，中山大学肿瘤防治中心乳腺癌MDT团队成员，于汕头市中心医院下沉帮扶半年，挂职乳腺疾病诊疗中心副主任。 三、学术成果 主持及参与国家自然科学基金4项，广东省自然科学基金2项，发表国际期刊SCI论文二十余篇，担任多个SCI杂志编委和审稿。 临床专家 面包屑 首页 / 临床科室 / 外科系列 / 乳腺科 / 临床专家 双泽宇 职称：副主任医师，硕士生导师，肿瘤学博士 专长 乳腺癌外科治疗，腔镜微创手术，包括根治术、保乳保腋窝、腔镜重建、腔镜保乳、乳房整形修复等，完成超两千台手术；,副主任医师，硕士生导师，肿瘤学博士 二、社会兼职 中国抗癌协会肿瘤微创治疗专委会乳腺学组委员，中国早期乳腺癌辅助内分泌治疗生活质量协作组青年委员，广东省精准医学应用学会乳腺肿瘤分会常务委员，广东省肿瘤性疾病医疗质量控制中心乳腺癌专家委员会委员，中山大学肿瘤防治中心乳腺癌MDT团队成员，于汕头市中心医院下沉帮扶半年，挂职乳腺疾病诊疗中心副主任。 三、学术成果 主持及参与国家自然科学基金4项，广东省自然科学基金2项，发表国际期刊SCI论文二十余篇，担任多个SCI杂志编委和审稿。 双泽宇 职称：副主任医师，硕士生导师，肿瘤学博士 专长 乳腺癌外科治疗，腔镜微创手术，包括根治术、保乳保腋窝、腔镜重建、腔镜保乳、乳房整形修复等，完成超两千台手术；
691,690,中山大学肿瘤防治中心,双泽宇,https://www.sysucc.org.cn/node/3746,异常提示,,亮眼经历含导航文本，已清洗
693,692,中山大学肿瘤防治中心,吴浩,https://www.sysucc.org.cn/node/8129,亮眼经历线索,"副主任医师 临床专家 面包屑 首页 / 临床科室 / 外科系列 / 乳腺科 / 临床专家 吴浩 职称：副主任医师 专长 乳腺癌自体组织乳房重建、保乳整形。 一、基本情况 职称：副主任医师 二、教育及工作经历 2017年-2019年获得国家公派至美国弗吉尼亚大学联合培养 2019年毕业于中南大学，获得外科学博士学位 2011年毕业于中南大学，获得临床医学学士学位 三、学术兼职 广东省抗癌协会肿瘤整形外科委员会委员 广东省精准医学应用学会乳腺肿瘤分会委员 四、主持科研项目 主持国家自然科学基金青年科学基金1项 主持广东省基础与应用基础研究基金自然科学基金面上项目1项 五、代表性论著 1 、 Luo Y, Tian W, Kang D, Wu L, Tang H, Wang S, Zhang C, Xie Y, Zhang Y, Xie J, Deng X, Zou H, Wu H , Lin H, Wei W. RNA mod...","副主任医师 吴浩 职称：副主任医师 专长 乳腺癌自体组织乳房重建、保乳整形。 一、基本情况 职称：副主任医师 二、教育及工作经历 2017年-2019年获得国家公派至美国弗吉尼亚大学联合培养 2019年毕业于中南大学，获得外科学博士学位 2011年毕业于中南大学，获得临床医学学士学位 三、学术兼职 广东省抗癌协会肿瘤整形外科委员会委员 广东省精准医学应用学会乳腺肿瘤分会委员 四、主持科研项目 主持国家自然科学基金青年科学基金1项 主持广东省基础与应用基础研究基金自然科学基金面上项目1项 五、代表性论著 1 、 Luo Y, Tian W, Kang D, Wu L, Tang H, Wang S, Zhang C, Xie Y, Zhang Y, Xie J, Deng X, Zou H, Wu H , Lin H, Wei W. RNA mod..."
693,692,中山大学肿瘤防治中心,吴浩,https://www.sysucc.org.cn/node/8129,异常提示,,亮眼经历含导航文本，已清洗
694,693,中山大学肿瘤防治中心,唐军,https://www.sysucc.org.cn/node/3738,亮眼经历线索,"乳腺科主任及支部书记 职称：教授、主任医师、博士生导师 临床专家 面包屑 首页 / 临床科室 / 外科系列 / 乳腺科 / 临床专家 唐军 职务：乳腺科主任及支部书记 职称：教授、主任医师、博士生导师 专长 乳腺癌综合治疗，整形保乳与重建。 一、一般情况 唐军，肿瘤学博士，中山大学肿瘤防治中心乳腺科教授，主任医师，博士生导师,科室主任及支部书记。 广东省杰出青年医学人才，广东省医师协会“羊城好医生”。","乳腺科主任及支部书记 职称：教授、主任医师、博士生导师 唐军 职务：乳腺科主任及支部书记 职称：教授、主任医师、博士生导师 专长 乳腺癌综合治疗，整形保乳与重建。 一、一般情况 唐军，肿瘤学博士，中山大学肿瘤防治中心乳腺科教授，主任医师，博士生导师,科室主任及支部书记。 广东省杰出青年医学人才，广东省医师协会“羊城好医生”。"
694,693,中山大学肿瘤防治中心,唐军,https://www.sysucc.org.cn/node/3738,异常提示,,亮眼经历含导航文本，已清洗
696,695,中山大学肿瘤防治中心,李宁,https://www.sysucc.org.cn/node/3748,亮眼经历线索,"副主任医师、硕士生导师、医学博士 临床专家 面包屑 首页 / 临床科室 / 外科系列 / 乳腺科 / 临床专家 李宁 职称：副主任医师、硕士生导师、医学博士 专长 乳腺癌根治性手术、保乳手术、前哨淋巴结活检术（保腋窝术）、乳房整形重建术（假体植入等），乳腺良性肿物切除术。 一、基本情况 职称：中山大学肿瘤防治中心乳腺科副主任医师，硕士生导师，中山大学医学博士。 以第一/共一作者在Annals of Oncology, eClinicalMedicine和Cell Death & Differentiation等杂志发表论文20余篇，主持多项国家级、市级、和校级基金。","副主任医师、硕士生导师、医学博士 李宁 职称：副主任医师、硕士生导师、医学博士 专长 乳腺癌根治性手术、保乳手术、前哨淋巴结活检术（保腋窝术）、乳房整形重建术（假体植入等），乳腺良性肿物切除术。 一、基本情况 职称：中山大学肿瘤防治中心乳腺科副主任医师，硕士生导师，中山大学医学博士。 以第一/共一作者在Annals of Oncology, eClinicalMedicine和Cell Death & Differentiation等杂志发表论文20余篇，主持多项国家级、市级、和校级基金。"
696,695,中山大学肿瘤防治中心,李宁,https://www.sysucc.org.cn/node/3748,异常提示,,亮眼经历含导航文本，已清洗
697,696,中山大学肿瘤防治中心,李星,https://www.sysucc.org.cn/node/3749,亮眼经历线索,医学博士、副主任医师、硕士生导师 擅长乳腺癌保乳、改良及整形等多种外科治疗，精通乳腺癌全程规范化诊疗 职称：医学博士、副主任医师、硕士生导师 专业方向：擅长乳腺癌保乳、改良及整形等多种外科治疗，精通乳腺癌全程规范化诊疗 临床专家 面包屑 首页 / 临床科室 / 外科系列 / 乳腺科 / 临床专家 李星 职称：医学博士、副主任医师、硕士生导师 专长 擅长乳腺癌保乳、改良及整形等多种外科治疗，精通乳腺癌全程规范化诊疗 职称：医学博士、副主任医师、硕士生导师 专业方向：擅长乳腺癌保乳、改良及整形等多种外科治疗，精通乳腺癌全程规范化诊疗 学术任职： 广东省精准医学应用学会乳腺肿瘤分会委员 广东省医疗行业协会乳腺肿瘤内科分会委员 中山大学附属肿瘤医院乳腺癌MDT外科秘书 加载更多 职称：医学博士、副主任医师、硕士生导师 专业方向：擅长乳腺癌保乳、改良及整形等多种外科治疗，精通乳腺癌全程规范化诊疗 学术任职： 广东省精准医学应用学会乳...,医学博士、副主任医师、硕士生导师 擅长乳腺癌保乳、改良及整形等多种外科治疗，精通乳腺癌全程规范化诊疗 职称：医学博士、副主任医师、硕士生导师 专业方向：擅长乳腺癌保乳、改良及整形等多种外科治疗，精通乳腺癌全程规范化诊疗 李星 职称：医学博士、副主任医师、硕士生导师 专长 擅长乳腺癌保乳、改良及整形等多种外科治疗，精通乳腺癌全程规范化诊疗 职称：医学博士、副主任医师、硕士生导师 专业方向：擅长乳腺癌保乳、改良及整形等多种外科治疗，精通乳腺癌全程规范化诊疗 学术任职： 广东省精准医学应用学会乳腺肿瘤分会委员 广东省医疗行业协会乳腺肿瘤内科分会委员 中山大学附属肿瘤医院乳腺癌MDT外科秘书 职称：医学博士、副主任医师、硕士生导师 专业方向：擅长乳腺癌保乳、改良及整形等多种外科治疗，精通乳腺癌全程规范化诊疗 学术任职： 广东省精准医学应用学会乳...
697,696,中山大学肿瘤防治中心,李星,https://www.sysucc.org.cn/node/3749,异常提示,,亮眼经历含导航文本，已清洗
698,697,中山大学肿瘤防治中心,杨安力,https://www.sysucc.org.cn/node/3747,亮眼经历线索,副主任医师、硕士生导师、外科学博士 临床专家 面包屑 首页 / 临床科室 / 外科系列 / 乳腺科 / 临床专家 杨安力 职称：副主任医师、硕士生导师、外科学博士 专长 乳腺癌的诊断与治疗 职称： 副主任医师、硕士生导师、外科学博士 擅长： 乳腺癌的诊断与治疗 出诊时间： 周一全天，普通门诊（越秀367诊室）； 周二下午，副主任门诊（越秀374诊室） HMS/MGH联合培养博士 广东省精准医学应用学会乳腺肿瘤分会委员 广东省精准医学应用学会青年博士联盟委员 致力于乳腺癌综合治疗研究，主持国家级课题1项，省部级课题2项，作为第一/共一/通讯作者在Cell Death Dis，ACS Nano，Oncoimmunology，Front Immunol等杂志发表SCI论文十余篇。 加载更多 职称： 副主任医师、硕士生导师、外科学博士 擅长： 乳腺癌的诊断与治疗 出诊时间： 周一全天，普通门诊（越秀367诊室）；,副主任医师、硕士生导师、外科学博士 杨安力 职称：副主任医师、硕士生导师、外科学博士 专长 乳腺癌的诊断与治疗 职称： 副主任医师、硕士生导师、外科学博士 擅长： 乳腺癌的诊断与治疗 出诊时间： 周一全天，普通门诊（越秀367诊室）； 周二下午，副主任门诊（越秀374诊室） HMS/MGH联合培养博士 广东省精准医学应用学会乳腺肿瘤分会委员 广东省精准医学应用学会青年博士联盟委员 致力于乳腺癌综合治疗研究，主持国家级课题1项，省部级课题2项，作为第一/共一/通讯作者在Cell Death Dis，ACS Nano，Oncoimmunology，Front Immunol等杂志发表SCI论文十余篇。 职称： 副主任医师、硕士生导师、外科学博士 擅长： 乳腺癌的诊断与治疗 出诊时间： 周一全天，普通门诊（越秀367诊室）；
698,697,中山大学肿瘤防治中心,杨安力,https://www.sysucc.org.cn/node/3747,异常提示,,亮眼经历含导航文本，已清洗
699,698,中山大学肿瘤防治中心,梁格豪,https://www.sysucc.org.cn/node/9759,亮眼经历线索,"副主任医师 临床专家 面包屑 首页 / 临床科室 / 外科系列 / 乳腺科 / 临床专家 梁格豪 职称：副主任医师 专长 擅长乳腺良恶性肿物的诊断、乳腺癌综合治疗、乳腺癌肿瘤整形。 一、基本情况 出诊时间：星期五中午 12:00 - 2:00 二、教育及工作经历 2010-09 至 2015-06, 中山大学, 临床医学, 学士 2015-09 至 2020-06, 中山大学, 外科学（硕博连读）, 博士 2020-08 至 2023-08, 中山大学肿瘤防治中心，博士后 2020-08 至 2025-04, 中山大学肿瘤防治中心，住院医师 三、主持科研项目 国家自然科学基金青年项目1项 四、代表性论著 发表SCI论文10余篇 更新时间：2025.4.21","副主任医师 梁格豪 职称：副主任医师 专长 擅长乳腺良恶性肿物的诊断、乳腺癌综合治疗、乳腺癌肿瘤整形。 一、基本情况 出诊时间：星期五中午 12:00 - 2:00 二、教育及工作经历 2010-09 至 2015-06, 中山大学, 临床医学, 学士 2015-09 至 2020-06, 中山大学, 外科学（硕博连读）, 博士 2020-08 至 2023-08, 中山大学肿瘤防治中心，博士后 2020-08 至 2025-04, 中山大学肿瘤防治中心，住院医师 三、主持科研项目 国家自然科学基金青年项目1项 四、代表性论著 发表SCI论文10余篇 更新时间：2025.4.21"
699,698,中山大学肿瘤防治中心,梁格豪,https://www.sysucc.org.cn/node/9759,异常提示,,亮眼经历含导航文本，已清洗
701,700,中山大学肿瘤防治中心,王曦,https://www.sysucc.org.cn/node/3737,亮眼经历线索,支部书记 职称：主任医师、教授、博士生导师、乳腺癌首席专家 主持国家自然科学面上项目、广东省科技计划、广东省卫生厅等各级课题多项，发表（第一/通讯作者）论文22篇，其中 7篇。 社会兼职： 中国抗癌协会乳腺癌专业委员会委员、广东省抗癌协会乳腺癌专业委员会副主任委员、秘书长。 临床专家 面包屑 首页 / 临床科室 / 外科系列 / 乳腺科 / 临床专家 王曦 职务：支部书记 职称：主任医师、教授、博士生导师、乳腺癌首席专家 专长 乳腺癌的手术治疗、化疗、内分泌治疗及靶向治疗的研究 一、基本情况 职称：主任医师、教授、博士生导师、乳腺癌外科首席专家 职务：科主任、党支部书记 专家门诊时间：周二上午；,支部书记 职称：主任医师、教授、博士生导师、乳腺癌首席专家 主持国家自然科学面上项目、广东省科技计划、广东省卫生厅等各级课题多项，发表（第一/通讯作者）论文22篇，其中 7篇。 社会兼职： 中国抗癌协会乳腺癌专业委员会委员、广东省抗癌协会乳腺癌专业委员会副主任委员、秘书长。 王曦 职务：支部书记 职称：主任医师、教授、博士生导师、乳腺癌首席专家 专长 乳腺癌的手术治疗、化疗、内分泌治疗及靶向治疗的研究 一、基本情况 职称：主任医师、教授、博士生导师、乳腺癌外科首席专家 职务：科主任、党支部书记 专家门诊时间：周二上午；
701,700,中山大学肿瘤防治中心,王曦,https://www.sysucc.org.cn/node/3737,异常提示,,亮眼经历含导航文本，已清洗
706,705,中山大学肿瘤防治中心,孙斐斐,https://www.sysucc.org.cn/node/3805,亮眼经历线索,副主任医师、肿瘤学博士、硕士研究生导师 临床专家 面包屑 首页 / 临床科室 / 内科系列 / 儿童肿瘤科 / 临床专家 孙斐斐 职称：副主任医师、肿瘤学博士、硕士研究生导师 专长 擅长18岁以下的儿童、青少年恶性肿瘤的化疗，对儿童、青少年淋巴瘤、白血病和常见实体瘤（神经母细胞瘤、横纹肌肉瘤、肾母细胞瘤、尤文氏肉瘤、髓母细胞瘤、肝母细胞瘤、生殖细胞瘤、骨肉瘤、朗格罕氏组织细胞增生症、横纹肌样瘤、滑膜肉瘤、纤维肉瘤、胰母细胞瘤和肺母细胞瘤等）的基础和临床有深入研究。,副主任医师、肿瘤学博士、硕士研究生导师 孙斐斐 职称：副主任医师、肿瘤学博士、硕士研究生导师 专长 擅长18岁以下的儿童、青少年恶性肿瘤的化疗，对儿童、青少年淋巴瘤、白血病和常见实体瘤（神经母细胞瘤、横纹肌肉瘤、肾母细胞瘤、尤文氏肉瘤、髓母细胞瘤、肝母细胞瘤、生殖细胞瘤、骨肉瘤、朗格罕氏组织细胞增生症、横纹肌样瘤、滑膜肉瘤、纤维肉瘤、胰母细胞瘤和肺母细胞瘤等）的基础和临床有深入研究。
706,705,中山大学肿瘤防治中心,孙斐斐,https://www.sysucc.org.cn/node/3805,异常提示,,亮眼经历含导航文本，已清洗
707,706,中山大学肿瘤防治中心,张翼鷟,https://www.sysucc.org.cn/node/3800,亮眼经历线索,儿童肿瘤科主任 职称：教授，主任医师，博士研究生导师、神经母细胞瘤首席专家 主要从事白血病、淋巴瘤及儿童实体瘤的诊治及造血干细胞移植工作 一．基本情况 职务：儿童肿瘤科主任 职称：教授，主任医师，博士研究生导师 临床专家 面包屑 首页 / 临床科室 / 内科系列 / 儿童肿瘤科 / 临床专家 张翼鷟 职务：儿童肿瘤科主任 职称：教授，主任医师，博士研究生导师、神经母细胞瘤首席专家 专长 主要从事白血病、淋巴瘤及儿童实体瘤的诊治及造血干细胞移植工作 一．基本情况 职务：儿童肿瘤科主任 职称：教授，主任医师，博士研究生导师 门诊时间：周一上午（专家门诊）、周二上午（特需门诊）、周五上午（专家门诊） 专业特长：主要从事白血病、淋巴瘤及儿童实体瘤的诊治及造血干细胞移植工作。 二．教育及工作经历： 1989.09-1994.07，南京医科大学，临床医学学士 1999.08-2004.06，中国人民解放军总医院，血液学博士 2001....,儿童肿瘤科主任 职称：教授，主任医师，博士研究生导师、神经母细胞瘤首席专家 主要从事白血病、淋巴瘤及儿童实体瘤的诊治及造血干细胞移植工作 一．基本情况 职务：儿童肿瘤科主任 职称：教授，主任医师，博士研究生导师 张翼鷟 职务：儿童肿瘤科主任 职称：教授，主任医师，博士研究生导师、神经母细胞瘤首席专家 专长 主要从事白血病、淋巴瘤及儿童实体瘤的诊治及造血干细胞移植工作 一．基本情况 职务：儿童肿瘤科主任 职称：教授，主任医师，博士研究生导师 门诊时间：周一上午（专家门诊）、周二上午（特需门诊）、周五上午（专家门诊） 专业特长：主要从事白血病、淋巴瘤及儿童实体瘤的诊治及造血干细胞移植工作。
707,706,中山大学肿瘤防治中心,张翼鷟,https://www.sysucc.org.cn/node/3800,异常提示,,亮眼经历含导航文本，已清洗
708,707,中山大学肿瘤防治中心,朱佳,https://www.sysucc.org.cn/node/3802,亮眼经历线索,"副主任医师、肿瘤学博士 临床专家 面包屑 首页 / 临床科室 / 内科系列 / 儿童肿瘤科 / 临床专家 朱佳 职称：副主任医师、肿瘤学博士 专长 从事18岁以下的儿童、青少年恶性肿瘤的化学治疗 职称： 副主任医师 专长： 从事18岁以下的儿童、青少年恶性肿瘤的化学治疗 出诊时间： 每周三上午、每周四下午 教育经历： 2016年获中山大学肿瘤学博士学位 工作经历： 2006-07至2011-02 中山大学附属第一医院儿科 2011-03至今 中山大学肿瘤防治中心儿童肿瘤科 2019.10-2020.10 美国MD Anderson癌症中心博士后 发表文章： 1 Sun F, Zhu J(共同第一作者), Lu S, Zhen Z, Wang J, Huang J, Ding Z, Zeng M, Sun X. An inflammation-based cumulative prognostic score system ...","副主任医师、肿瘤学博士 朱佳 职称：副主任医师、肿瘤学博士 专长 从事18岁以下的儿童、青少年恶性肿瘤的化学治疗 职称： 副主任医师 专长： 从事18岁以下的儿童、青少年恶性肿瘤的化学治疗 出诊时间： 每周三上午、每周四下午 教育经历： 2016年获中山大学肿瘤学博士学位 工作经历： 2006-07至2011-02 中山大学附属第一医院儿科 2011-03至今 中山大学肿瘤防治中心儿童肿瘤科 2019.10-2020.10 美国MD Anderson癌症中心博士后 发表文章： 1 Sun F, Zhu J(共同第一作者), Lu S, Zhen Z, Wang J, Huang J, Ding Z, Zeng M, Sun X. An inflammation-based cumulative prognostic score system ..."
708,707,中山大学肿瘤防治中心,朱佳,https://www.sysucc.org.cn/node/3802,异常提示,,亮眼经历含导航文本，已清洗
709,708,中山大学肿瘤防治中心,王娟,https://www.sysucc.org.cn/node/3806,亮眼经历线索,副主任医师、肿瘤学博士 临床专家 面包屑 首页 / 临床科室 / 内科系列 / 儿童肿瘤科 / 临床专家 王娟 职称：副主任医师、肿瘤学博士 专长 从事儿童肿瘤内科治疗（化学治疗、靶向治疗、免疫治疗）。 作为第一作者、通讯作者或共同第一作者在国内外核心专业期刊发表文章十余篇，作为Sub-I执行科室7项前瞻性临床研究，多次在国际学术会议（ASH、ASCO、SIOP、CAYA NHL）上获得口服发言、壁报发言等。 参与中国临床肿瘤学会（CSCO ）儿童及青少年淋巴瘤诊疗指南中淋巴母细胞淋巴瘤的主要编写。,副主任医师、肿瘤学博士 王娟 职称：副主任医师、肿瘤学博士 专长 从事儿童肿瘤内科治疗（化学治疗、靶向治疗、免疫治疗）。 作为第一作者、通讯作者或共同第一作者在国内外核心专业期刊发表文章十余篇，作为Sub-I执行科室7项前瞻性临床研究，多次在国际学术会议（ASH、ASCO、SIOP、CAYA NHL）上获得口服发言、壁报发言等。 参与中国临床肿瘤学会（CSCO ）儿童及青少年淋巴瘤诊疗指南中淋巴母细胞淋巴瘤的主要编写。
709,708,中山大学肿瘤防治中心,王娟,https://www.sysucc.org.cn/node/3806,异常提示,,亮眼经历含导航文本，已清洗
710,709,中山大学肿瘤防治中心,甄子俊,https://www.sysucc.org.cn/node/3801,亮眼经历线索,主任医师，博士研究生导师 临床专家 面包屑 首页 / 临床科室 / 内科系列 / 儿童肿瘤科 / 临床专家 甄子俊 职称：主任医师，博士研究生导师 专长 擅长儿童青少年恶性肿瘤的化疗、靶向和免疫治疗为主的综合治疗。 一、基本情况 职称： 主任医师，博士研究生导师 专长： 擅长儿童青少年恶性肿瘤的化疗、靶向和免疫治疗为主的综合治疗。 2016年赴香港大学玛丽医院（Queen Mary Hospital）访问学习。,主任医师，博士研究生导师 甄子俊 职称：主任医师，博士研究生导师 专长 擅长儿童青少年恶性肿瘤的化疗、靶向和免疫治疗为主的综合治疗。 一、基本情况 职称： 主任医师，博士研究生导师 专长： 擅长儿童青少年恶性肿瘤的化疗、靶向和免疫治疗为主的综合治疗。 2016年赴香港大学玛丽医院（Queen Mary Hospital）访问学习。
710,709,中山大学肿瘤防治中心,甄子俊,https://www.sysucc.org.cn/node/3801,异常提示,,亮眼经历含导航文本，已清洗
712,711,中山大学肿瘤防治中心,阙旖,https://www.sysucc.org.cn/node/3804,亮眼经历线索,副主任医师、硕士研究生导师 临床专家 面包屑 首页 / 临床科室 / 内科系列 / 儿童肿瘤科 / 临床专家 阙旖 职称：副主任医师、硕士研究生导师 专长 儿童及青少年各类肉瘤、神经母细胞瘤、淋巴瘤等恶性肿瘤的全程管理。 在儿童罕见疑难肿瘤如淋巴上皮癌、横纹肌样瘤、腺泡状软组织肉瘤等领域经验丰富。 以第一/共一或通讯作者发表 SCI 论文 20 余篇，主持及参与多项国家自然科学基金等国家级课题。,副主任医师、硕士研究生导师 阙旖 职称：副主任医师、硕士研究生导师 专长 儿童及青少年各类肉瘤、神经母细胞瘤、淋巴瘤等恶性肿瘤的全程管理。 在儿童罕见疑难肿瘤如淋巴上皮癌、横纹肌样瘤、腺泡状软组织肉瘤等领域经验丰富。 以第一/共一或通讯作者发表 SCI 论文 20 余篇，主持及参与多项国家自然科学基金等国家级课题。
712,711,中山大学肿瘤防治中心,阙旖,https://www.sysucc.org.cn/node/3804,异常提示,,亮眼经历含导航文本，已清洗
714,713,中山大学肿瘤防治中心,何明明,https://www.sysucc.org.cn/node/1519,亮眼经历线索,副主任医师，学术型、专业型硕士生导师 临床专家 面包屑 首页 / 临床科室 / 内科系列 / 内科 / 临床专家 何明明 职称：副主任医师，学术型、专业型硕士生导师 专长 结直肠癌、胃癌、食管癌等消化道肿瘤的化疗、靶向、免疫治疗和全程管理。 二、教育及工作经历 中山大学临床医学8年制博士，哈佛大学博士后 三、学术兼职 中国抗癌协会青年理事会理事 广东省医学会消化道肿瘤学分会MDT学组顾问 广东省抗癌协会靶向与个体化治疗专业委员会青委会委员 四、主持科研项目 主持国家自然科学基金面上项目、青年项目2项，参与国家重点研发计划2项。 五、代表性论著 以第一/通讯作者在JAMA Oncology，American Journal of Respiratory and Critical Care Medicine，Nature Communications，Med，Cell Reports Medicine，Clinical Can...,副主任医师，学术型、专业型硕士生导师 何明明 职称：副主任医师，学术型、专业型硕士生导师 专长 结直肠癌、胃癌、食管癌等消化道肿瘤的化疗、靶向、免疫治疗和全程管理。 二、教育及工作经历 中山大学临床医学8年制博士，哈佛大学博士后 三、学术兼职 中国抗癌协会青年理事会理事 广东省医学会消化道肿瘤学分会MDT学组顾问 广东省抗癌协会靶向与个体化治疗专业委员会青委会委员 四、主持科研项目 主持国家自然科学基金面上项目、青年项目2项，参与国家重点研发计划2项。
714,713,中山大学肿瘤防治中心,何明明,https://www.sysucc.org.cn/node/1519,异常提示,,亮眼经历含导航文本，已清洗
715,714,中山大学肿瘤防治中心,侯雪,https://www.sysucc.org.cn/node/1501,亮眼经历线索,主任医师，博士生导师 临床专家 面包屑 首页 / 临床科室 / 内科系列 / 内科 / 临床专家 侯雪 职称：主任医师，博士生导师 专长 胸部肿瘤（肺癌、胸腺肿瘤、胸膜间皮瘤）的化疗、靶向、免疫治疗及临床研究。 一、基本情况 学位：肿瘤学博士 职 称：主任医师，博士生导师 专家门诊时间：周一上午（越秀院区特需门诊）； 二、学习及工作经历 1999年 ~ 2004年：中山大学中山医学院临床医学专业 本科 2004年 ~ 2007年：中山大学附属肿瘤医院内科 肿瘤学硕士 2007年 ~ 2011年：上海交通大学附属上海胸科医院肺部肿瘤临床医学中心，住院医师 2011年 ~ 2017年：中山大学附属肿瘤医院内科，住院医师，主治医师 2013年 ~ 2017年：中山大学附属肿瘤医院内科 肿瘤学博士 2014年 ~ 2015年：美国纽约Memorial Sloan Kettering Cancer Center胸部肿瘤内科访问学者 ...,主任医师，博士生导师 侯雪 职称：主任医师，博士生导师 专长 胸部肿瘤（肺癌、胸腺肿瘤、胸膜间皮瘤）的化疗、靶向、免疫治疗及临床研究。 一、基本情况 学位：肿瘤学博士 职 称：主任医师，博士生导师 专家门诊时间：周一上午（越秀院区特需门诊）； 二、学习及工作经历 1999年 ~ 2004年：中山大学中山医学院临床医学专业 本科 2004年 ~ 2007年：中山大学附属肿瘤医院内科 肿瘤学硕士 2007年 ~ 2011年：上海交通大学附属上海胸科医院肺部肿瘤临床医学中心，住院医师 2011年 ~ 2017年：中山大学附属肿瘤医院内科，住院医师，主治医师 2013年 ~ 2017年：中山大学附属肿瘤医院内科 肿瘤学博士 2014年 ~ 2015年：美国纽约Memorial Sloan Kettering Cancer Center胸部肿瘤内科访问学者 ...
715,714,中山大学肿瘤防治中心,侯雪,https://www.sysucc.org.cn/node/1501,异常提示,,亮眼经历含导航文本，已清洗
717,716,中山大学肿瘤防治中心,刘俊玲,https://www.sysucc.org.cn/node/1495,亮眼经历线索,副主任医师、博士 临床专家 面包屑 首页 / 临床科室 / 内科系列 / 内科 / 临床专家 刘俊玲 职称：副主任医师、博士 专长 肿瘤内科治疗（化学治疗、靶向治疗）的临床工作，主攻方向胸部肿瘤的内科治疗及研究。 2007年—2008年：日本国立癌症中心癌症中心访问学者 2008年至今：中山大学附属肿瘤医院工作，期间攻读在职博士生 加载更多 一、基本情况 主专科门诊时间： 周一下午； 2007年—2008年：日本国立癌症中心癌症中心访问学者 2008年至今：中山大学附属肿瘤医院工作，期间攻读在职博士生 三、学术兼职： 1. 日本癌学会会员 2. 中国抗癌协会会员 3. 广东省抗癌协会会员 更新时间：2016.3.1,副主任医师、博士 刘俊玲 职称：副主任医师、博士 专长 肿瘤内科治疗（化学治疗、靶向治疗）的临床工作，主攻方向胸部肿瘤的内科治疗及研究。 2007年—2008年：日本国立癌症中心癌症中心访问学者 2008年至今：中山大学附属肿瘤医院工作，期间攻读在职博士生 一、基本情况 主专科门诊时间： 周一下午； 2007年—2008年：日本国立癌症中心癌症中心访问学者 2008年至今：中山大学附属肿瘤医院工作，期间攻读在职博士生 三、学术兼职： 1. 日本癌学会会员 2. 中国抗癌协会会员 3. 广东省抗癌协会会员 更新时间：2016.3.1
717,716,中山大学肿瘤防治中心,刘俊玲,https://www.sysucc.org.cn/node/1495,异常提示,,亮眼经历含导航文本，已清洗
718,717,中山大学肿瘤防治中心,刘盼盼,https://www.sysucc.org.cn/node/1504,亮眼经历线索,主任医师、博士生导师 临床专家 面包屑 首页 / 临床科室 / 内科系列 / 内科 / 临床专家 刘盼盼 职称：主任医师、博士生导师 专长 淋巴瘤、头颈部肿瘤的内科治疗及相关研究。 一、基本情况 姓名：刘盼盼 职称：主任医师、博士生导师 擅长： 淋巴瘤、头颈部肿瘤的内科治疗及相关研究 出诊时间及诊室： 周一下午（304诊室），周五上午（309诊室） 二、个人简介 中山大学肿瘤学博士，美国MD Anderson癌症中心交流访问学者。 以通讯作者或第一作者在Cell Death & Differentiation、Molecular Cancer、 Redox Biology、Haematologica、Cancer Communications、STTT、Oncogene等杂志发表多篇高水平论文。,主任医师、博士生导师 刘盼盼 职称：主任医师、博士生导师 专长 淋巴瘤、头颈部肿瘤的内科治疗及相关研究。 一、基本情况 姓名：刘盼盼 职称：主任医师、博士生导师 擅长： 淋巴瘤、头颈部肿瘤的内科治疗及相关研究 出诊时间及诊室： 周一下午（304诊室），周五上午（309诊室） 二、个人简介 中山大学肿瘤学博士，美国MD Anderson癌症中心交流访问学者。 以通讯作者或第一作者在Cell Death & Differentiation、Molecular Cancer、 Redox Biology、Haematologica、Cancer Communications、STTT、Oncogene等杂志发表多篇高水平论文。
718,717,中山大学肿瘤防治中心,刘盼盼,https://www.sysucc.org.cn/node/1504,异常提示,,亮眼经历含导航文本，已清洗
720,719,中山大学肿瘤防治中心,周华强,https://www.sysucc.org.cn/node/8018,亮眼经历线索,科秘书 职称：副主任医师、医学博士 临床专家 面包屑 首页 / 临床科室 / 内科系列 / 内科 / 临床专家 周华强 职务：科秘书 职称：副主任医师、医学博士 专长 肺癌、鼻咽癌内科治疗和新药临床研究。 一、基本情况 周华强，内科副主任医师、科秘书，中山大学医学博士（八年制）、肿瘤学博士后，师从张力教授，中心优秀青年提升计划入选者。 主持国家自然科学基金青年项目、博士后面上项目和广州市科技项目各1项。,科秘书 职称：副主任医师、医学博士 周华强 职务：科秘书 职称：副主任医师、医学博士 专长 肺癌、鼻咽癌内科治疗和新药临床研究。 一、基本情况 周华强，内科副主任医师、科秘书，中山大学医学博士（八年制）、肿瘤学博士后，师从张力教授，中心优秀青年提升计划入选者。 主持国家自然科学基金青年项目、博士后面上项目和广州市科技项目各1项。
720,719,中山大学肿瘤防治中心,周华强,https://www.sysucc.org.cn/node/8018,异常提示,,亮眼经历含导航文本，已清洗
721,720,中山大学肿瘤防治中心,周婷,https://www.sysucc.org.cn/node/1520,亮眼经历线索,副主任医师，硕士生导师 晚期肺癌、鼻咽癌的化疗、靶向治疗、免疫治疗及新药临床研究 职称：副主任医师，硕士生导师 专业方向：晚期肺癌、鼻咽癌的化疗、靶向治疗、免疫治疗及新药临床研究 学术兼职： 广东省抗癌协会化疗专业委员会青委会委员 广东省临床医学会真实世界研究专业委员会青年委员 加载更多 职称：副主任医师，硕士生导师 专业方向：晚期肺癌、鼻咽癌的化疗、靶向治疗、免疫治疗及新药临床研究 学术兼职： 广东省抗癌协会化疗专业委员会青委会委员 广东省临床医学会真实世界研究专业委员会青年委员 更新日期：2022年5月16日 临床专家 面包屑 首页 / 临床科室 / 内科系列 / 内科 / 临床专家 周婷 职称：副主任医师，硕士生导师 专长 晚期肺癌、鼻咽癌的化疗、靶向治疗、免疫治疗及新药临床研究 职称：副主任医师，硕士生导师 专业方向：晚期肺癌、鼻咽癌的化疗、靶向治疗、免疫治疗及新药临床研究 学术兼职： 广东省抗癌协会化疗专业委员会...,副主任医师，硕士生导师 晚期肺癌、鼻咽癌的化疗、靶向治疗、免疫治疗及新药临床研究 职称：副主任医师，硕士生导师 专业方向：晚期肺癌、鼻咽癌的化疗、靶向治疗、免疫治疗及新药临床研究 学术兼职： 广东省抗癌协会化疗专业委员会青委会委员 广东省临床医学会真实世界研究专业委员会青年委员 职称：副主任医师，硕士生导师 专业方向：晚期肺癌、鼻咽癌的化疗、靶向治疗、免疫治疗及新药临床研究 学术兼职： 广东省抗癌协会化疗专业委员会青委会委员 广东省临床医学会真实世界研究专业委员会青年委员 更新日期：2022年5月16日 周婷 职称：副主任医师，硕士生导师 专长 晚期肺癌、鼻咽癌的化疗、靶向治疗、免疫治疗及新药临床研究 职称：副主任医师，硕士生导师 专业方向：晚期肺癌、鼻咽癌的化疗、靶向治疗、免疫治疗及新药临床研究 学术兼职： 广东省抗癌协会化疗专业委员会...
721,720,中山大学肿瘤防治中心,周婷,https://www.sysucc.org.cn/node/1520,异常提示,,亮眼经历含导航文本，已清洗
724,723,中山大学肿瘤防治中心,夏雯,https://www.sysucc.org.cn/node/1506,亮眼经历线索,主任医师、医学博士、硕士生导师 临床专家 面包屑 首页 / 临床科室 / 内科系列 / 内科 / 临床专家 夏雯 职称：主任医师、医学博士、硕士生导师 专长 乳腺癌个体化治疗及全程管理（化疗、内分泌、靶向治疗），乳腺肿瘤遗传咨询，乳腺疾病筛查 职称： 主任医师、医学博士、硕士生导师 专长： 乳腺癌个体化治疗及全程管理（化疗、内分泌、靶向治疗），乳腺肿瘤遗传咨询，乳腺疾病筛查 出诊时间： 星期一下午、星期三下午 学习与工作经历 博士毕业于北京协和医学院（清华大学医学部）。 于美国Case Western Reserve University附属University Hospital，Cleveland及法国Pitie-Salpetrere，Paris交流学习。 中国研究型医院乳腺癌专业委员会青委会委员，广东省胸部疾病协会乳腺病防治专委会常委，广东省胸部肿瘤防治研究会乳腺癌专委会委员，广州市抗癌协会乳腺癌专委会委员。,主任医师、医学博士、硕士生导师 夏雯 职称：主任医师、医学博士、硕士生导师 专长 乳腺癌个体化治疗及全程管理（化疗、内分泌、靶向治疗），乳腺肿瘤遗传咨询，乳腺疾病筛查 职称： 主任医师、医学博士、硕士生导师 专长： 乳腺癌个体化治疗及全程管理（化疗、内分泌、靶向治疗），乳腺肿瘤遗传咨询，乳腺疾病筛查 出诊时间： 星期一下午、星期三下午 学习与工作经历 博士毕业于北京协和医学院（清华大学医学部）。 于美国Case Western Reserve University附属University Hospital，Cleveland及法国Pitie-Salpetrere，Paris交流学习。 中国研究型医院乳腺癌专业委员会青委会委员，广东省胸部疾病协会乳腺病防治专委会常委，广东省胸部肿瘤防治研究会乳腺癌专委会委员，广州市抗癌协会乳腺癌专委会委员。
724,723,中山大学肿瘤防治中心,夏雯,https://www.sysucc.org.cn/node/1506,异常提示,,亮眼经历含导航文本，已清洗
728,727,中山大学肿瘤防治中心,张亚雄,https://www.sysucc.org.cn/node/1639,亮眼经历线索,"副主任医师、医学博士、硕士生导师 临床专家 面包屑 首页 / 临床科室 / 内科系列 / 内科 / 临床专家 张亚雄 职称：副主任医师、医学博士、硕士生导师 专长 肺癌及鼻咽癌诊疗，新药临床试验 一、基本情况 张亚雄，副主任医师、医学博士、硕士研究生导师 二、教育及工作经历 2009-09 至 2017-06, 中山大学, 临床医学八年制, 博士 2017-07 至 2018-12, 中山大学, 肿瘤防治中心, 医师 2019-01 至 2023-12, 中山大学, 肿瘤防治中心, 主治医师 2024-01 至今, 中山大学, 肿瘤防治中心, 副主任医师 三、学术兼职 广东省抗癌协会化疗专业青年委员会委员， 广东省临床医学会真实世界研究专业委员会委员 作为国家卫计委合理用药专家委员会成员执笔编写“肿瘤骨转移及骨与软组织肿瘤合理用药指南”。 四、主持科研项目 主持国自然青年科学基金项目, 82102872, EGFR通过ga...","副主任医师、医学博士、硕士生导师 张亚雄 职称：副主任医师、医学博士、硕士生导师 专长 肺癌及鼻咽癌诊疗，新药临床试验 一、基本情况 张亚雄，副主任医师、医学博士、硕士研究生导师 二、教育及工作经历 2009-09 至 2017-06, 中山大学, 临床医学八年制, 博士 2017-07 至 2018-12, 中山大学, 肿瘤防治中心, 医师 2019-01 至 2023-12, 中山大学, 肿瘤防治中心, 主治医师 2024-01 至今, 中山大学, 肿瘤防治中心, 副主任医师 三、学术兼职 广东省抗癌协会化疗专业青年委员会委员， 广东省临床医学会真实世界研究专业委员会委员 作为国家卫计委合理用药专家委员会成员执笔编写“肿瘤骨转移及骨与软组织肿瘤合理用药指南”。"
728,727,中山大学肿瘤防治中心,张亚雄,https://www.sysucc.org.cn/node/1639,异常提示,,亮眼经历含导航文本，已清洗
733,732,中山大学肿瘤防治中心,徐菲,https://www.sysucc.org.cn/node/1496,亮眼经历线索,主任医师、硕士生导师 临床专家 面包屑 首页 / 临床科室 / 内科系列 / 内科 / 临床专家 徐菲 职称：主任医师、硕士生导师 专长 乳腺癌的诊疗及肿瘤抗癌新药研究。 一、基本情况 专家门诊时间： 越秀院区：周二上午、周四上午 黄埔院区：周三下午、周五上午 肿瘤学博士，中国临床肿瘤学会（CSCO）青委会委员，广东省胸部肿瘤防治委员会乳腺癌专业委员会委员兼秘书长，中国南方肿瘤临床研究协会（CSWOG）青委会常委。 期间于2002年—2005年攻读肿瘤学研究生，于2006年—2008年攻读肿瘤学博士生 2012年—2013年：香港威尔斯亲王医院临床肿瘤系工作 2023年1月—至今：中山大学肿瘤防治中心，主任医师 三、学术兼职 中国临床肿瘤学会（CSCO）乳腺癌专委会委员 中国抗癌协会（CACA）乳腺肿瘤整合康复专委会委员 广东省抗癌协会化疗专业委员会常务委员 广东省癌症中心乳腺癌诊疗质量控制专家委员会常委兼秘书长 更新时间...,主任医师、硕士生导师 徐菲 职称：主任医师、硕士生导师 专长 乳腺癌的诊疗及肿瘤抗癌新药研究。 一、基本情况 专家门诊时间： 越秀院区：周二上午、周四上午 黄埔院区：周三下午、周五上午 肿瘤学博士，中国临床肿瘤学会（CSCO）青委会委员，广东省胸部肿瘤防治委员会乳腺癌专业委员会委员兼秘书长，中国南方肿瘤临床研究协会（CSWOG）青委会常委。 期间于2002年—2005年攻读肿瘤学研究生，于2006年—2008年攻读肿瘤学博士生 2012年—2013年：香港威尔斯亲王医院临床肿瘤系工作 2023年1月—至今：中山大学肿瘤防治中心，主任医师 三、学术兼职 中国临床肿瘤学会（CSCO）乳腺癌专委会委员 中国抗癌协会（CACA）乳腺肿瘤整合康复专委会委员 广东省抗癌协会化疗专业委员会常务委员 广东省癌症中心乳腺癌诊疗质量控制专家委员会常委兼秘书长 更新时间...
733,732,中山大学肿瘤防治中心,徐菲,https://www.sysucc.org.cn/node/1496,异常提示,,亮眼经历含导航文本，已清洗
734,733,中山大学肿瘤防治中心,方文峰,https://www.sysucc.org.cn/node/1489,亮眼经历线索,主任医师、教授、博士研究生导师 临床专家 面包屑 首页 / 临床科室 / 内科系列 / 内科 / 临床专家 方文峰 职称：主任医师、教授、博士研究生导师 专长 肺癌、鼻咽癌的靶向、免疫治疗、创新药的临床与转化研究。 一、基本情况 专科门诊时间： 越秀院区周一下午、周四上午，黄埔院区周二上午、周三下午 二、教育及工作经历 教育经历 2006.09-2011．06 武汉大学 肿瘤学 博士 2007.10-2009.10 美国伊利诺伊大学芝加哥分校 肿瘤学 联合培养博士 2002.09-2005.06 武汉大学 生命科学 第二学士学位 2001.09-2006.07 武汉大学 临床医学 本科 工作经历 2023.01- 至今 中山大学肿瘤防治中心 内科 教授 2020.12 - 至今 中山大学肿瘤防治中心 内科 主任医师 2016.01-2020.12 中山大学肿瘤防治中心 内科 副主任医师 2014.01-2015.12 中山...,主任医师、教授、博士研究生导师 方文峰 职称：主任医师、教授、博士研究生导师 专长 肺癌、鼻咽癌的靶向、免疫治疗、创新药的临床与转化研究。 一、基本情况 专科门诊时间： 越秀院区周一下午、周四上午，黄埔院区周二上午、周三下午 二、教育及工作经历 教育经历 2006.09-2011．06 武汉大学 肿瘤学 博士 2007.10-2009.10 美国伊利诺伊大学芝加哥分校 肿瘤学 联合培养博士 2002.09-2005.06 武汉大学 生命科学 第二学士学位 2001.09-2006.07 武汉大学 临床医学 本科 工作经历 2023.01- 至今 中山大学肿瘤防治中心 内科 教授 2020.12 - 至今 中山大学肿瘤防治中心 内科 主任医师 2016.01-2020.12 中山大学肿瘤防治中心 内科 副主任医师 2014.01-2015.12 中山...
734,733,中山大学肿瘤防治中心,方文峰,https://www.sysucc.org.cn/node/1489,异常提示,,亮眼经历含导航文本，已清洗
736,735,中山大学肿瘤防治中心,李志铭,https://www.sysucc.org.cn/node/1483,亮眼经历线索,科秘书 职称：教授、博士生导师 临床专家 面包屑 首页 / 临床科室 / 内科系列 / 内科 / 临床专家 李志铭 职务：科秘书 职称：教授、博士生导师 专长 主要擅长淋巴瘤等实体肿瘤的内科治疗。 二、学习及工作经历： 1992年—1997年：中山医科大学本科 1997年—2002年：中山大学附属肿瘤医院硕博连读 2002年—2004年：中山大学附属肿瘤医院博士后 2004年至今：中山大学附属肿瘤医院工作 2011年—2012年：南瑞士肿瘤研究所访问学者 加载更多 1997年毕业于中山医科大学临床医学本科，2002年获中山大学肿瘤学博士学位，2004年中山大学博士后出站。 现任中国抗癌协会淋巴瘤专业委员会秘书和广东省抗癌协会化疗专业委员会秘书。,科秘书 职称：教授、博士生导师 李志铭 职务：科秘书 职称：教授、博士生导师 专长 主要擅长淋巴瘤等实体肿瘤的内科治疗。 二、学习及工作经历： 1992年—1997年：中山医科大学本科 1997年—2002年：中山大学附属肿瘤医院硕博连读 2002年—2004年：中山大学附属肿瘤医院博士后 2004年至今：中山大学附属肿瘤医院工作 2011年—2012年：南瑞士肿瘤研究所访问学者 1997年毕业于中山医科大学临床医学本科，2002年获中山大学肿瘤学博士学位，2004年中山大学博士后出站。 现任中国抗癌协会淋巴瘤专业委员会秘书和广东省抗癌协会化疗专业委员会秘书。
736,735,中山大学肿瘤防治中心,李志铭,https://www.sysucc.org.cn/node/1483,异常提示,,亮眼经历含导航文本，已清洗
739,738,中山大学肿瘤防治中心,梁颖,https://www.sysucc.org.cn/node/1494,亮眼经历线索,"副主任医师、肿瘤学博士。 临床专家 面包屑 首页 / 临床科室 / 内科系列 / 内科 / 临床专家 梁颖 职称：副主任医师、肿瘤学博士。 擅长胸部肿瘤（非小细胞肺癌，小细胞肺癌，胸腺瘤，恶性胸膜间皮瘤，食管癌等）的内科治疗及研究，发表高水平和中文核心期刊论文40篇。 其中近年来以第一作者或通讯作者在《CANCER》，《LungCancer》，《Clinical Lung Cancer》等中外杂志发表论文多篇，曾获邀担任《Journal of Thoracic Oncology》,《Lung Cancer》，《Journal of Thoracic Disease》,《BMC Case Report》 等多个杂志的审稿人。","副主任医师、肿瘤学博士。 梁颖 职称：副主任医师、肿瘤学博士。 擅长胸部肿瘤（非小细胞肺癌，小细胞肺癌，胸腺瘤，恶性胸膜间皮瘤，食管癌等）的内科治疗及研究，发表高水平和中文核心期刊论文40篇。 其中近年来以第一作者或通讯作者在《CANCER》，《LungCancer》，《Clinical Lung Cancer》等中外杂志发表论文多篇，曾获邀担任《Journal of Thoracic Oncology》,《Lung Cancer》，《Journal of Thoracic Disease》,《BMC Case Report》 等多个杂志的审稿人。"
739,738,中山大学肿瘤防治中心,梁颖,https://www.sysucc.org.cn/node/1494,异常提示,,亮眼经历含导航文本，已清洗
742,741,中山大学肿瘤防治中心,洪若熙,https://www.sysucc.org.cn/node/1508,亮眼经历线索,主任医师、医学博士 临床专家 面包屑 首页 / 临床科室 / 内科系列 / 内科 / 临床专家 洪若熙 职称：主任医师、医学博士 专长 乳腺癌个体化治疗及全程管理（化疗、内分泌、靶向治疗），乳腺肿瘤遗传咨询，乳腺疾病诊断和筛查，抗肿瘤新药临床试验 职称： 主任医师、医学博士 专长： 乳腺癌个体化治疗及全程管理（化疗、内分泌、靶向治疗），乳腺肿瘤遗传咨询，乳腺疾病诊断和筛查，抗肿瘤新药临床试验 出诊时间： 星期二下午 学习与工作经历 博士毕业于北京协和医学院（清华大学医学部）。 主持国家自然科学基金和广东省自然科学基金项目，作为SUB-I参与多项国际及国内多中心临床研究。 国际高水平学术期刊发表研究论文十余篇 加载更多 职称： 主任医师、医学博士 专长： 乳腺癌个体化治疗及全程管理（化疗、内分泌、靶向治疗），乳腺肿瘤遗传咨询，乳腺疾病诊断和筛查，抗肿瘤新药临床试验 出诊时间： 星期二下午 学习与工作经历 博士毕业于北京协和医...,主任医师、医学博士 洪若熙 职称：主任医师、医学博士 专长 乳腺癌个体化治疗及全程管理（化疗、内分泌、靶向治疗），乳腺肿瘤遗传咨询，乳腺疾病诊断和筛查，抗肿瘤新药临床试验 职称： 主任医师、医学博士 专长： 乳腺癌个体化治疗及全程管理（化疗、内分泌、靶向治疗），乳腺肿瘤遗传咨询，乳腺疾病诊断和筛查，抗肿瘤新药临床试验 出诊时间： 星期二下午 学习与工作经历 博士毕业于北京协和医学院（清华大学医学部）。 主持国家自然科学基金和广东省自然科学基金项目，作为SUB-I参与多项国际及国内多中心临床研究。 国际高水平学术期刊发表研究论文十余篇 职称： 主任医师、医学博士 专长： 乳腺癌个体化治疗及全程管理（化疗、内分泌、靶向治疗），乳腺肿瘤遗传咨询，乳腺疾病诊断和筛查，抗肿瘤新药临床试验 出诊时间： 星期二下午 学习与工作经历 博士毕业于北京协和医...
742,741,中山大学肿瘤防治中心,洪若熙,https://www.sysucc.org.cn/node/1508,异常提示,,亮眼经历含导航文本，已清洗
743,742,中山大学肿瘤防治中心,王宇,https://www.sysucc.org.cn/node/1516,亮眼经历线索,副主任医师，硕士生导师 淋巴瘤、鼻咽癌及头颈癌内科治疗（化疗、靶向治疗及免疫治疗）及相关新药临床研究 一．基本情况 职称：副主任医师，硕士生导师，临床医学博士 专业特长：淋巴瘤、鼻咽癌及头颈癌个体化治疗（化疗、靶向治疗、免疫治疗）及相关新药临床研究，尤其在高级别B细胞淋巴瘤、结外淋巴瘤、NK/T细胞淋巴瘤的诊治及全程治疗管理方面积累多年临床经验。 临床专家 面包屑 首页 / 临床科室 / 内科系列 / 内科 / 临床专家 王宇 职称：副主任医师，硕士生导师 专长 淋巴瘤、鼻咽癌及头颈癌内科治疗（化疗、靶向治疗及免疫治疗）及相关新药临床研究 一．基本情况 职称：副主任医师，硕士生导师，临床医学博士 专业特长：淋巴瘤、鼻咽癌及头颈癌个体化治疗（化疗、靶向治疗、免疫治疗）及相关新药临床研究，尤其在高级别B细胞淋巴瘤、结外淋巴瘤、NK/T细胞淋巴瘤的诊治及全程治疗管理方面积累多年临床经验。 专科门诊时间：周四下午 云诊室：周一 ~...,副主任医师，硕士生导师 淋巴瘤、鼻咽癌及头颈癌内科治疗（化疗、靶向治疗及免疫治疗）及相关新药临床研究 一．基本情况 职称：副主任医师，硕士生导师，临床医学博士 专业特长：淋巴瘤、鼻咽癌及头颈癌个体化治疗（化疗、靶向治疗、免疫治疗）及相关新药临床研究，尤其在高级别B细胞淋巴瘤、结外淋巴瘤、NK/T细胞淋巴瘤的诊治及全程治疗管理方面积累多年临床经验。 王宇 职称：副主任医师，硕士生导师 专长 淋巴瘤、鼻咽癌及头颈癌内科治疗（化疗、靶向治疗及免疫治疗）及相关新药临床研究 一．基本情况 职称：副主任医师，硕士生导师，临床医学博士 专业特长：淋巴瘤、鼻咽癌及头颈癌个体化治疗（化疗、靶向治疗、免疫治疗）及相关新药临床研究，尤其在高级别B细胞淋巴瘤、结外淋巴瘤、NK/T细胞淋巴瘤的诊治及全程治疗管理方面积累多年临床经验。
743,742,中山大学肿瘤防治中心,王宇,https://www.sysucc.org.cn/node/1516,异常提示,,亮眼经历含导航文本，已清洗
744,743,中山大学肿瘤防治中心,王峰,https://www.sysucc.org.cn/node/1476,亮眼经历线索,院长助理、内科主任 职称：教授、主任医师、研究员 临床专家 面包屑 首页 / 临床科室 / 内科系列 / 内科 / 临床专家 王峰 职务：院长助理、内科主任 职称：教授、主任医师、研究员 专长 消化系统肿瘤的内科治疗和研究 一、个人简介 美国MD Anderson 肿瘤中心博士（PhD.）、中山大学临床医学博士（MD.）。 华南恶性肿瘤防治全国重点实验室PI，国家杰出青年科学基金获得者、国家级高层次人才。 中国抗癌协会青年理事会副理事长、中国临床肿瘤学会（CSCO）理事、广东省抗癌协会大肠癌专业委员会副主任委员等。,院长助理、内科主任 职称：教授、主任医师、研究员 王峰 职务：院长助理、内科主任 职称：教授、主任医师、研究员 专长 消化系统肿瘤的内科治疗和研究 一、个人简介 美国MD Anderson 肿瘤中心博士（PhD.）、中山大学临床医学博士（MD.）。 华南恶性肿瘤防治全国重点实验室PI，国家杰出青年科学基金获得者、国家级高层次人才。 中国抗癌协会青年理事会副理事长、中国临床肿瘤学会（CSCO）理事、广东省抗癌协会大肠癌专业委员会副主任委员等。
744,743,中山大学肿瘤防治中心,王峰,https://www.sysucc.org.cn/node/1476,异常提示,,亮眼经历含导航文本，已清洗
745,744,中山大学肿瘤防治中心,王德深 学历：中山大学临床医学博士,https://www.sysucc.org.cn/node/1505,亮眼经历线索,主任医师、博士生导师 临床专家 面包屑 首页 / 临床科室 / 内科系列 / 内科 / 临床专家 王德深 职称：主任医师、博士生导师 专长 消化系统肿瘤（结直肠癌，胃食管肿瘤，胆胰肿瘤，胃肠胰神经内分泌肿瘤）的内科治疗、新药及基础转化研究。 一、基本情况 姓名：王德深 学历：中山大学临床医学博士 职称：主任医师、博士生导师 专长：消化系统肿瘤的内科治疗和研究 出诊时间：周二下午225诊室（越秀）； 周三下午408诊室（黄埔） 二、个人简介 医学博士、主任医师、博士生导师。,主任医师、博士生导师 王德深 职称：主任医师、博士生导师 专长 消化系统肿瘤（结直肠癌，胃食管肿瘤，胆胰肿瘤，胃肠胰神经内分泌肿瘤）的内科治疗、新药及基础转化研究。 一、基本情况 姓名：王德深 学历：中山大学临床医学博士 职称：主任医师、博士生导师 专长：消化系统肿瘤的内科治疗和研究 出诊时间：周二下午225诊室（越秀）； 周三下午408诊室（黄埔） 二、个人简介 医学博士、主任医师、博士生导师。
745,744,中山大学肿瘤防治中心,王德深 学历：中山大学临床医学博士,https://www.sysucc.org.cn/node/1505,异常提示,,亮眼经历含导航文本，已清洗
749,748,中山大学肿瘤防治中心,王潇潇,https://www.sysucc.org.cn/node/1510,亮眼经历线索,副主任医师、医学博士、肿瘤学博士 尤其是眼部、脑部中枢神经系统淋巴瘤的精准诊疗，CAR-T细胞治疗及自体造血干细胞移植。 临床专家 面包屑 首页 / 临床科室 / 内科系列 / 内科 / 临床专家 王潇潇 职称：副主任医师、医学博士、肿瘤学博士 专长 擅长淋巴瘤的靶向治疗、免疫治疗及化疗。 尤其是眼部、脑部中枢神经系统淋巴瘤的精准诊疗，CAR-T细胞治疗及自体造血干细胞移植。,副主任医师、医学博士、肿瘤学博士 尤其是眼部、脑部中枢神经系统淋巴瘤的精准诊疗，CAR-T细胞治疗及自体造血干细胞移植。 王潇潇 职称：副主任医师、医学博士、肿瘤学博士 专长 擅长淋巴瘤的靶向治疗、免疫治疗及化疗。 尤其是眼部、脑部中枢神经系统淋巴瘤的精准诊疗，CAR-T细胞治疗及自体造血干细胞移植。
749,748,中山大学肿瘤防治中心,王潇潇,https://www.sysucc.org.cn/node/1510,异常提示,,亮眼经历含导航文本，已清洗
750,749,中山大学肿瘤防治中心,王英男,https://www.sysucc.org.cn/node/10437,亮眼经历线索,副主任医师 临床专家 面包屑 首页 / 临床科室 / 内科系列 / 内科 / 临床专家 王英男 职称：副主任医师 专长 消化系统肿瘤：食管、胃、肠、胆胰及神经内分泌肿瘤。 一、基本情况 每周五下午13:30-16:30 二、教育及工作经历 1. 2010年8月-2018年6月，中山大学临床医学（八年制） 2. 2018年7月-2021年6月，中山大学肿瘤防治中心，博士后 3. 2020年5月-2024年12月，中山大学肿瘤防治中心，内科，住院医师 4. 2025年1月-2026年1月，中山大学肿瘤防治中心，内科，主治医师 5. 2026年2月至今，中山大学肿瘤防治中心，内科，副主任医师 三、学术兼职 1. Journal of Clinical Oncology食管癌中文版编委 2. 广东省基层医药学会消化肿瘤防治专委会常务委员 四、主持科研项目 国自然科学基金青年项目1项，中国博士后科学基金面上项目1项，广东省食管癌研究...,副主任医师 王英男 职称：副主任医师 专长 消化系统肿瘤：食管、胃、肠、胆胰及神经内分泌肿瘤。 一、基本情况 每周五下午13:30-16:30 二、教育及工作经历 1. 2010年8月-2018年6月，中山大学临床医学（八年制） 2. 2018年7月-2021年6月，中山大学肿瘤防治中心，博士后 3. 2020年5月-2024年12月，中山大学肿瘤防治中心，内科，住院医师 4. 2025年1月-2026年1月，中山大学肿瘤防治中心，内科，主治医师 5. 2026年2月至今，中山大学肿瘤防治中心，内科，副主任医师 三、学术兼职 1. Journal of Clinical Oncology食管癌中文版编委 2. 广东省基层医药学会消化肿瘤防治专委会常务委员 四、主持科研项目 国自然科学基金青年项目1项，中国博士后科学基金面上项目1项，广东省食管癌研究...
750,749,中山大学肿瘤防治中心,王英男,https://www.sysucc.org.cn/node/10437,异常提示,,亮眼经历含导航文本，已清洗
751,750,中山大学肿瘤防治中心,王钊,https://www.sysucc.org.cn/node/8017,亮眼经历线索,副主任医师 临床专家 面包屑 首页 / 临床科室 / 内科系列 / 内科 / 临床专家 王钊 职称：副主任医师 专长 淋巴瘤的诊断、常规化疗、无化疗的免疫靶向治疗。 一、基本情况 周三下午 二、教育及工作经历 2004.9至2012.7 北京协和医学院(清华大学医学部)临床医学八年制博士 2012.8至2015.12 中山大学肿瘤防治中心内科、淋巴瘤研究中心 住院医师 2016.1至2023.12 中山大学肿瘤防治中心内科、淋巴瘤研究中心 主治医师 三、学术兼职 中国临床肿瘤学会（CSCO）抗白血病联盟&抗淋巴瘤联盟青年委员会委员 中国南方肿瘤临床研究协会青年委员会委员 中国老年保健协会淋巴瘤专业委员会 中国初级卫生保健基金会粤港澳大湾区淋巴瘤专业委员会委员 更新时间：2024.04.30,副主任医师 王钊 职称：副主任医师 专长 淋巴瘤的诊断、常规化疗、无化疗的免疫靶向治疗。 一、基本情况 周三下午 二、教育及工作经历 2004.9至2012.7 北京协和医学院(清华大学医学部)临床医学八年制博士 2012.8至2015.12 中山大学肿瘤防治中心内科、淋巴瘤研究中心 住院医师 2016.1至2023.12 中山大学肿瘤防治中心内科、淋巴瘤研究中心 主治医师 三、学术兼职 中国临床肿瘤学会（CSCO）抗白血病联盟&抗淋巴瘤联盟青年委员会委员 中国南方肿瘤临床研究协会青年委员会委员 中国老年保健协会淋巴瘤专业委员会 中国初级卫生保健基金会粤港澳大湾区淋巴瘤专业委员会委员 更新时间：2024.04.30
751,750,中山大学肿瘤防治中心,王钊,https://www.sysucc.org.cn/node/8017,异常提示,,亮眼经历含导航文本，已清洗
753,752,中山大学肿瘤防治中心,田小朋,https://www.sysucc.org.cn/node/1521,亮眼经历线索,主任医师、研究员、博士生导师 临床专家 面包屑 首页 / 临床科室 / 内科系列 / 内科 / 临床专家 田小朋 职称：主任医师、研究员、博士生导师 专长 淋巴瘤内科治疗，I/II期临床日间探索治疗，肿瘤支持治疗。 一、基本情况 田小朋，医学博士，中山大学肿瘤防治中心内科主任医师、研究员、博士生导师。 获得国自然优秀青年科学基金（2024）和广东省自然杰出青年基金（2024）等人才项目资助。,主任医师、研究员、博士生导师 田小朋 职称：主任医师、研究员、博士生导师 专长 淋巴瘤内科治疗，I/II期临床日间探索治疗，肿瘤支持治疗。 一、基本情况 田小朋，医学博士，中山大学肿瘤防治中心内科主任医师、研究员、博士生导师。 获得国自然优秀青年科学基金（2024）和广东省自然杰出青年基金（2024）等人才项目资助。
753,752,中山大学肿瘤防治中心,田小朋,https://www.sysucc.org.cn/node/1521,异常提示,,亮眼经历含导航文本，已清洗
754,753,中山大学肿瘤防治中心,白冰,https://www.sysucc.org.cn/node/1518,亮眼经历线索,副主任医师 淋巴瘤内科治疗，造血干细胞移植 加载更多 职称：副主任医师 专长：淋巴瘤内科治疗，造血干细胞移植 临床专家 面包屑 首页 / 临床科室 / 内科系列 / 内科 / 临床专家 白冰 职称：副主任医师 专长 淋巴瘤内科治疗，造血干细胞移植 职称：副主任医师 专长：淋巴瘤内科治疗，造血干细胞移植 加载更多 职称：副主任医师 专长：淋巴瘤内科治疗，造血干细胞移植,副主任医师 淋巴瘤内科治疗，造血干细胞移植 职称：副主任医师 专长：淋巴瘤内科治疗，造血干细胞移植 白冰 职称：副主任医师 专长 淋巴瘤内科治疗，造血干细胞移植 职称：副主任医师 专长：淋巴瘤内科治疗，造血干细胞移植 职称：副主任医师 专长：淋巴瘤内科治疗，造血干细胞移植
754,753,中山大学肿瘤防治中心,白冰,https://www.sysucc.org.cn/node/1518,异常提示,,亮眼经历含导航文本，已清洗
755,754,中山大学肿瘤防治中心,聂蔓,https://www.sysucc.org.cn/node/1638,亮眼经历线索,"副主任医师、肿瘤学博士 以第一或共同第一作者在Clin Cancer Res, JNCI, Cell Rep, Cell Death Dis, Clin Transl Med等杂志发表文章。 以第一或共同第一作者在Clin Cancer Res, JNCI, Cell Rep, Cell Death Dis, Clin Transl Med等杂志发表文章。 临床专家 面包屑 首页 / 临床科室 / 内科系列 / 内科 / 临床专家 聂蔓 职称：副主任医师、肿瘤学博士 专长 淋巴瘤综合治疗、肿瘤支持治疗。","副主任医师、肿瘤学博士 以第一或共同第一作者在Clin Cancer Res, JNCI, Cell Rep, Cell Death Dis, Clin Transl Med等杂志发表文章。 以第一或共同第一作者在Clin Cancer Res, JNCI, Cell Rep, Cell Death Dis, Clin Transl Med等杂志发表文章。 聂蔓 职称：副主任医师、肿瘤学博士 专长 淋巴瘤综合治疗、肿瘤支持治疗。"
755,754,中山大学肿瘤防治中心,聂蔓,https://www.sysucc.org.cn/node/1638,异常提示,,亮眼经历含导航文本，已清洗
759,758,中山大学肿瘤防治中心,赵媛媛,https://www.sysucc.org.cn/node/1499,亮眼经历线索,"主任医师、博士、硕士生导师 临床专家 面包屑 首页 / 临床科室 / 内科系列 / 内科 / 临床专家 赵媛媛 职称：主任医师、博士、硕士生导师 专长 肺癌（胸部肿瘤）和鼻咽癌的化疗、靶向、免疫治疗和临床研究 基本情况 职 称：主任医师、博士、硕士生导师 研究方向：肺癌（胸部肿瘤）和鼻咽癌的化疗、靶向、免疫治疗和临床研究 门诊时间：周一下午，周三下午 教育及工作经历： 2020/1 - 至今， 中山大学，肿瘤防治中心，副主任医师 2019/1 - 2019/12，美国纽约Albert Einstein College of Medicine， Montefiore Medical Center，访问学者 2017/1 –2018/12，中山大学，肿瘤防治中心，副主任医师 2014/1 - 2016/12, 中山大学，肿瘤防治中心，主治医师 2012/8 - 2013/12，中山大学，肿瘤防治中心，医师 学术兼职： 广东省化...","主任医师、博士、硕士生导师 赵媛媛 职称：主任医师、博士、硕士生导师 专长 肺癌（胸部肿瘤）和鼻咽癌的化疗、靶向、免疫治疗和临床研究 基本情况 职 称：主任医师、博士、硕士生导师 研究方向：肺癌（胸部肿瘤）和鼻咽癌的化疗、靶向、免疫治疗和临床研究 门诊时间：周一下午，周三下午 教育及工作经历： 2020/1 - 至今， 中山大学，肿瘤防治中心，副主任医师 2019/1 - 2019/12，美国纽约Albert Einstein College of Medicine， Montefiore Medical Center，访问学者 2017/1 –2018/12，中山大学，肿瘤防治中心，副主任医师 2014/1 - 2016/12, 中山大学，肿瘤防治中心，主治医师 2012/8 - 2013/12，中山大学，肿瘤防治中心，医师 学术兼职： 广东省化..."
759,758,中山大学肿瘤防治中心,赵媛媛,https://www.sysucc.org.cn/node/1499,异常提示,,亮眼经历含导航文本，已清洗
760,759,中山大学肿瘤防治中心,赵珅,https://www.sysucc.org.cn/node/1522,亮眼经历线索,医学博士、副研究员、副主任医师、硕士生导师 临床专家 面包屑 首页 / 临床科室 / 内科系列 / 内科 / 临床专家 赵珅 职称：医学博士、副研究员、副主任医师、硕士生导师 专长 肺癌、鼻咽癌内科治疗（化疗、靶向治疗、免疫治疗）、新药临床研究、肿瘤支持治疗（恶心、呕吐、白细胞下降、疼痛） 职称： 医学博士、副研究员、副主任医师、硕士生导师 专长： 肺癌、鼻咽癌内科治疗（化疗、靶向治疗、免疫治疗）、新药临床研究、肿瘤支持治疗（恶心、呕吐、白细胞下降、疼痛） 门诊时间： 周五下午 一、个人简介 赵珅，中山大学医学博士（临床医学八年制）、肿瘤学博士后，师从张力教授，主要从事肺癌、鼻咽癌的内科治疗（化疗、靶向治疗、免疫治疗）及新药临床研究。 参与I-III期抗肿瘤药物研究十余项，主持国家自然科学基金青年项目1项，博士后面上项目1项。 以第一作者/共同第一作者在《柳叶刀-肿瘤学》、《Cancer Cell》、《Journal of...,医学博士、副研究员、副主任医师、硕士生导师 赵珅 职称：医学博士、副研究员、副主任医师、硕士生导师 专长 肺癌、鼻咽癌内科治疗（化疗、靶向治疗、免疫治疗）、新药临床研究、肿瘤支持治疗（恶心、呕吐、白细胞下降、疼痛） 职称： 医学博士、副研究员、副主任医师、硕士生导师 专长： 肺癌、鼻咽癌内科治疗（化疗、靶向治疗、免疫治疗）、新药临床研究、肿瘤支持治疗（恶心、呕吐、白细胞下降、疼痛） 门诊时间： 周五下午 一、个人简介 赵珅，中山大学医学博士（临床医学八年制）、肿瘤学博士后，师从张力教授，主要从事肺癌、鼻咽癌的内科治疗（化疗、靶向治疗、免疫治疗）及新药临床研究。 参与I-III期抗肿瘤药物研究十余项，主持国家自然科学基金青年项目1项，博士后面上项目1项。
760,759,中山大学肿瘤防治中心,赵珅,https://www.sysucc.org.cn/node/1522,异常提示,,亮眼经历含导航文本，已清洗
761,760,中山大学肿瘤防治中心,邱妙珍,https://www.sysucc.org.cn/node/1502,亮眼经历线索,教授、主任医师 临床专家 面包屑 首页 / 临床科室 / 内科系列 / 内科 / 临床专家 邱妙珍 职称：教授、主任医师 专长 消化道肿瘤（食管癌，胃癌，肠癌，胰腺癌，胆管细胞癌等，不包括原发性肝癌）的化学治疗、消化道肿瘤的靶向治疗和消化道肿瘤的免疫治疗，新药临床研究。 职称： 教授、主任医师 基本介绍： 华南恶性肿瘤防治全国重点实验室PI，四大慢病科技重大专项项目负责人，教育部国家高层次青年人才，广东省自然科学杰出青年基金获得者，荣获国家科技进步二等奖和省部级科技进步一等奖等奖项5项，入选2024/2025全球前2%顶尖科学家“年度科学影响力排行榜”，ESMO Merit Award获得者，美中抗癌协会 & 亚州癌症研究基金获得者，人民好医生（胃癌领域）金山茶花.杰出贡献奖，主持科技重大专项、国自然面上等国家级和省部级基金12项，CSCO胃癌专家委员会委员、CSCO胃癌指南撰写成员。 美国约翰霍普金斯大学博士后，在BMJ...,教授、主任医师 邱妙珍 职称：教授、主任医师 专长 消化道肿瘤（食管癌，胃癌，肠癌，胰腺癌，胆管细胞癌等，不包括原发性肝癌）的化学治疗、消化道肿瘤的靶向治疗和消化道肿瘤的免疫治疗，新药临床研究。 职称： 教授、主任医师 基本介绍： 华南恶性肿瘤防治全国重点实验室PI，四大慢病科技重大专项项目负责人，教育部国家高层次青年人才，广东省自然科学杰出青年基金获得者，荣获国家科技进步二等奖和省部级科技进步一等奖等奖项5项，入选2024/2025全球前2%顶尖科学家“年度科学影响力排行榜”，ESMO Merit Award获得者，美中抗癌协会 & 亚州癌症研究基金获得者，人民好医生（胃癌领域）金山茶花.杰出贡献奖，主持科技重大专项、国自然面上等国家级和省部级基金12项，CSCO胃癌专家委员会委员、CSCO胃癌指南撰写成员。 美国约翰霍普金斯大学博士后，在BMJ...
761,760,中山大学肿瘤防治中心,邱妙珍,https://www.sysucc.org.cn/node/1502,异常提示,,亮眼经历含导航文本，已清洗
763,762,中山大学肿瘤防治中心,金颖,https://www.sysucc.org.cn/node/1514,亮眼经历线索,主任医师 擅长消化道肿瘤化疗 加载更多 职称：主任医师 专长：擅长消化道肿瘤化疗 临床专家 面包屑 首页 / 临床科室 / 内科系列 / 内科 / 临床专家 金颖 职称：主任医师 专长 擅长消化道肿瘤化疗 职称：主任医师 专长：擅长消化道肿瘤化疗 加载更多 职称：主任医师 专长：擅长消化道肿瘤化疗,主任医师 擅长消化道肿瘤化疗 职称：主任医师 专长：擅长消化道肿瘤化疗 金颖 职称：主任医师 专长 擅长消化道肿瘤化疗 职称：主任医师 专长：擅长消化道肿瘤化疗 职称：主任医师 专长：擅长消化道肿瘤化疗
763,762,中山大学肿瘤防治中心,金颖,https://www.sysucc.org.cn/node/1514,异常提示,,亮眼经历含导航文本，已清洗
764,763,中山大学肿瘤防治中心,陈丽昆,https://www.sysucc.org.cn/node/1480,亮眼经历线索,内科一区区长 职称：教授、主任医师、博士生导师 临床专家 面包屑 首页 / 临床科室 / 内科系列 / 内科 / 临床专家 陈丽昆 职务：内科一区区长 职称：教授、主任医师、博士生导师 专长 肺癌的内科治疗（化疗、靶向治疗、免疫治疗）及抗癌药物研究。 一、基本情况 职称：教授、主任医师、博士生导师 专家门诊时间：周二上午、周四上午及下午 专业特长：从事肿瘤内科治疗的临床工作及抗癌药物研究，特别擅长肺癌的内科治疗（化疗、靶向治疗、免疫治疗）。 2015-2016赴美国佛罗里达大学医学院进修。,内科一区区长 职称：教授、主任医师、博士生导师 陈丽昆 职务：内科一区区长 职称：教授、主任医师、博士生导师 专长 肺癌的内科治疗（化疗、靶向治疗、免疫治疗）及抗癌药物研究。 一、基本情况 职称：教授、主任医师、博士生导师 专家门诊时间：周二上午、周四上午及下午 专业特长：从事肿瘤内科治疗的临床工作及抗癌药物研究，特别擅长肺癌的内科治疗（化疗、靶向治疗、免疫治疗）。 2015-2016赴美国佛罗里达大学医学院进修。
764,763,中山大学肿瘤防治中心,陈丽昆,https://www.sysucc.org.cn/node/1480,异常提示,,亮眼经历含导航文本，已清洗
765,764,中山大学肿瘤防治中心,陈港,https://www.sysucc.org.cn/node/1633,亮眼经历线索,副主任医师、医学博士 临床专家 面包屑 首页 / 临床科室 / 内科系列 / 内科 / 临床专家 陈港 职称：副主任医师、医学博士 专长 肺癌、鼻咽癌的个体化治疗（化疗、免疫、靶向治疗），新药临床试验，肿瘤支持治疗。 一、基本情况 副主任医师、医学博士 主攻肺癌、鼻咽癌的个体化治疗（化疗、免疫、靶向治疗），新药临床试验，肿瘤支持治疗 二、学术兼职 广东省医学会 肿瘤支持治疗学分会 常务委员 广东省抗癌协会 肿瘤多学科诊疗专业委员会 委员 广东省呼吸与健康学会 小细胞肺癌专业委员会 委员 广东省临床医学会 真实世界研究专业委员会 青年委员 三、代表性论著 以第一作者/通讯作者发表SCI 论文多篇，其中IF＞10分6篇，代表性论著发表在J Hematol Oncol、Lancet Respir Med、Cell Rep Med、Clin Lung Cancer、Signal Transduct Target Ther、Clin...,副主任医师、医学博士 陈港 职称：副主任医师、医学博士 专长 肺癌、鼻咽癌的个体化治疗（化疗、免疫、靶向治疗），新药临床试验，肿瘤支持治疗。 一、基本情况 副主任医师、医学博士 主攻肺癌、鼻咽癌的个体化治疗（化疗、免疫、靶向治疗），新药临床试验，肿瘤支持治疗 二、学术兼职 广东省医学会 肿瘤支持治疗学分会 常务委员 广东省抗癌协会 肿瘤多学科诊疗专业委员会 委员 广东省呼吸与健康学会 小细胞肺癌专业委员会 委员 广东省临床医学会 真实世界研究专业委员会 青年委员 三、代表性论著 以第一作者/通讯作者发表SCI 论文多篇，其中IF＞10分6篇，代表性论著发表在J Hematol Oncol、Lancet Respir Med、Cell Rep Med、Clin Lung Cancer、Signal Transduct Target Ther、Clin...
765,764,中山大学肿瘤防治中心,陈港,https://www.sysucc.org.cn/node/1633,异常提示,,亮眼经历含导航文本，已清洗
768,767,中山大学肿瘤防治中心,高岩,https://www.sysucc.org.cn/node/6442,亮眼经历线索,副主任医师 临床专家 面包屑 首页 / 临床科室 / 内科系列 / 内科 / 临床专家 高岩 职称：副主任医师 专长 恶性淋巴瘤内科治疗,副主任医师 高岩 职称：副主任医师 专长 恶性淋巴瘤内科治疗
768,767,中山大学肿瘤防治中心,高岩,https://www.sysucc.org.cn/node/6442,异常提示,,亮眼经历含导航文本，已清洗
769,768,中山大学肿瘤防治中心,魏小丽,https://www.sysucc.org.cn/node/1512,亮眼经历线索,副主任医师 临床专家 面包屑 首页 / 临床科室 / 内科系列 / 内科 / 临床专家 魏小丽 职称：副主任医师 专长 肠癌、胃癌、食管癌、胰腺癌、胆管癌、神经内分泌肿瘤（消化系统）等的化疗、靶向治疗和免疫治疗；,副主任医师 魏小丽 职称：副主任医师 专长 肠癌、胃癌、食管癌、胰腺癌、胆管癌、神经内分泌肿瘤（消化系统）等的化疗、靶向治疗和免疫治疗；
769,768,中山大学肿瘤防治中心,魏小丽,https://www.sysucc.org.cn/node/1512,异常提示,,亮眼经历含导航文本，已清洗
770,769,中山大学肿瘤防治中心,黄嘉佳,https://www.sysucc.org.cn/node/1497,亮眼经历线索,主诊教授、主任医师、硕士导师、医学博士 临床专家 面包屑 首页 / 临床科室 / 内科系列 / 内科 / 临床专家 黄嘉佳 职称：主诊教授、主任医师、硕士导师、医学博士 专长 乳腺癌个体化治疗及全程管理（化疗、内分泌、靶向治疗），乳腺肿瘤遗传咨询，乳腺疾病筛查。 一、基本情况 职称：主诊教授、主任医师 硕士导师 医学博士 专长：乳腺癌的个体化治疗及全程管理（化疗、内分泌治疗、免疫治疗、靶向治疗等），乳腺肿瘤遗传咨询，乳腺疾病筛查 门诊时间：周二下午、周四上午 从事乳腺癌临床工作，作为项目负责人承担国家自然、广东省自然科学项目、中山大学肿瘤防治中心优秀人才计划项目等课题多项，参加多项国际多中心新药注册临床试验。 曾先后在南瑞士肿瘤研究所、美国加州大学圣地亚哥分校Moores Cancer Center从事访问学者进修。,主诊教授、主任医师、硕士导师、医学博士 黄嘉佳 职称：主诊教授、主任医师、硕士导师、医学博士 专长 乳腺癌个体化治疗及全程管理（化疗、内分泌、靶向治疗），乳腺肿瘤遗传咨询，乳腺疾病筛查。 一、基本情况 职称：主诊教授、主任医师 硕士导师 医学博士 专长：乳腺癌的个体化治疗及全程管理（化疗、内分泌治疗、免疫治疗、靶向治疗等），乳腺肿瘤遗传咨询，乳腺疾病筛查 门诊时间：周二下午、周四上午 从事乳腺癌临床工作，作为项目负责人承担国家自然、广东省自然科学项目、中山大学肿瘤防治中心优秀人才计划项目等课题多项，参加多项国际多中心新药注册临床试验。 曾先后在南瑞士肿瘤研究所、美国加州大学圣地亚哥分校Moores Cancer Center从事访问学者进修。
770,769,中山大学肿瘤防治中心,黄嘉佳,https://www.sysucc.org.cn/node/1497,异常提示,,亮眼经历含导航文本，已清洗
771,770,中山大学肿瘤防治中心,黄岩,https://www.sysucc.org.cn/node/1486,亮眼经历线索,教授，主任医师，博士，硕士生导师 临床专家 面包屑 首页 / 临床科室 / 内科系列 / 内科 / 临床专家 黄岩 职称：教授，主任医师，博士，硕士生导师 专长 肺癌和鼻咽癌的化疗、靶向治疗、免疫治疗及新药临床研究 职称：教授，主任医师，博士，硕士生导师 专长：肺癌和鼻咽癌的化疗、靶向治疗、免疫治疗及新药临床研究 出诊时间：周二上午，周五上午 社会兼职： 中国抗癌协会肿瘤药物临床研究专业委员会委员 CSCO肿瘤支持与康复治疗专家委员会常务委员 广东省抗癌协会化疗专业委员会常务委员 广东省抗癌协会癌症康复与姑息治疗专业委员会常务委员 广东省临床医学学会精准医疗专业委员会副主任委员 加载更多 职称：教授，主任医师，博士，硕士生导师 专长：肺癌和鼻咽癌的化疗、靶向治疗、免疫治疗及新药临床研究 出诊时间：周二上午，周五上午 社会兼职： 中国抗癌协会肿瘤药物临床研究专业委员会委员 CSCO肿瘤支持与康复治疗专家委员会常务委员 广东省...,教授，主任医师，博士，硕士生导师 黄岩 职称：教授，主任医师，博士，硕士生导师 专长 肺癌和鼻咽癌的化疗、靶向治疗、免疫治疗及新药临床研究 职称：教授，主任医师，博士，硕士生导师 专长：肺癌和鼻咽癌的化疗、靶向治疗、免疫治疗及新药临床研究 出诊时间：周二上午，周五上午 社会兼职： 中国抗癌协会肿瘤药物临床研究专业委员会委员 CSCO肿瘤支持与康复治疗专家委员会常务委员 广东省抗癌协会化疗专业委员会常务委员 广东省抗癌协会癌症康复与姑息治疗专业委员会常务委员 广东省临床医学学会精准医疗专业委员会副主任委员 职称：教授，主任医师，博士，硕士生导师 专长：肺癌和鼻咽癌的化疗、靶向治疗、免疫治疗及新药临床研究 出诊时间：周二上午，周五上午 社会兼职： 中国抗癌协会肿瘤药物临床研究专业委员会委员 CSCO肿瘤支持与康复治疗专家委员会常务委员 广东省...
771,770,中山大学肿瘤防治中心,黄岩,https://www.sysucc.org.cn/node/1486,异常提示,,亮眼经历含导航文本，已清洗
773,772,中山大学肿瘤防治中心,黄河,https://www.sysucc.org.cn/node/1493,亮眼经历线索,主任医师，医学博士，博士生导师 临床专家 面包屑 首页 / 临床科室 / 内科系列 / 内科 / 临床专家 黄河 职称：主任医师，医学博士，博士生导师 专长 淋巴瘤诊疗，恶性肿瘤靶向治疗，免疫治疗 一、基本情况 医学博士，博士生导师 中山大学肿瘤防治中心内科主任医师 1998年毕业于中山大学中山医学院 专长：淋巴瘤诊疗，恶性肿瘤靶向治疗，免疫治疗 门诊时间：周四下午 二、学习及工作经历： 1998年6月：毕业于中山大学临床医学系（原中山医科大学） 1998年9月—1999年8月：中山大学附属第一医院内科、急诊进修 1999年9月至今：中山大学附属肿瘤医院内科工作 2005年12月：晋升为主治医师 三、学术兼职 南方肿瘤临床研究协会（CSWOG）秘书长 中华医学会肿瘤学分会淋巴瘤学组秘书 广东省医学会肿瘤学分会秘书 加载更多 一、基本情况 医学博士，博士生导师 中山大学肿瘤防治中心内科主任医师 1998年毕业于中山大学中山医...,主任医师，医学博士，博士生导师 黄河 职称：主任医师，医学博士，博士生导师 专长 淋巴瘤诊疗，恶性肿瘤靶向治疗，免疫治疗 一、基本情况 医学博士，博士生导师 中山大学肿瘤防治中心内科主任医师 1998年毕业于中山大学中山医学院 专长：淋巴瘤诊疗，恶性肿瘤靶向治疗，免疫治疗 门诊时间：周四下午 二、学习及工作经历： 1998年6月：毕业于中山大学临床医学系（原中山医科大学） 1998年9月—1999年8月：中山大学附属第一医院内科、急诊进修 1999年9月至今：中山大学附属肿瘤医院内科工作 2005年12月：晋升为主治医师 三、学术兼职 南方肿瘤临床研究协会（CSWOG）秘书长 中华医学会肿瘤学分会淋巴瘤学组秘书 广东省医学会肿瘤学分会秘书 一、基本情况 医学博士，博士生导师 中山大学肿瘤防治中心内科主任医师 1998年毕业于中山大学中山医...
773,772,中山大学肿瘤防治中心,黄河,https://www.sysucc.org.cn/node/1493,异常提示,,亮眼经历含导航文本，已清洗
774,773,中山大学肿瘤防治中心,单宏波,https://www.sysucc.org.cn/node/3908,亮眼经历线索,内镜科副主任 职称：主任医师、硕士生导师 内镜科副主任， 主任医师、硕士生导师，消化道息肉肿瘤、胆胰肿瘤黄疸的内镜微创诊疗。 临床专家 面包屑 首页 / 临床科室 / 平台科室 / 内镜科 / 临床专家 单宏波 职务：内镜科副主任 职称：主任医师、硕士生导师 专长 消化道息肉肿瘤、胆胰肿瘤黄疸的内镜微创诊疗。 内镜科副主任， 主任医师、硕士生导师，消化道息肉肿瘤、胆胰肿瘤黄疸的内镜微创诊疗。,内镜科副主任 职称：主任医师、硕士生导师 内镜科副主任， 主任医师、硕士生导师，消化道息肉肿瘤、胆胰肿瘤黄疸的内镜微创诊疗。 单宏波 职务：内镜科副主任 职称：主任医师、硕士生导师 专长 消化道息肉肿瘤、胆胰肿瘤黄疸的内镜微创诊疗。 内镜科副主任， 主任医师、硕士生导师，消化道息肉肿瘤、胆胰肿瘤黄疸的内镜微创诊疗。
774,773,中山大学肿瘤防治中心,单宏波,https://www.sysucc.org.cn/node/3908,异常提示,,亮眼经历含导航文本，已清洗
775,774,中山大学肿瘤防治中心,张蓉,https://www.sysucc.org.cn/node/3907,亮眼经历线索,主任医师、博士生导师 临床专家 面包屑 首页 / 临床科室 / 平台科室 / 内镜科 / 临床专家 张蓉 职称：主任医师、博士生导师 专长 早癌内镜下微创手术； 职称：主任医师、博士生导师 专长：早癌内镜下微创手术； 以第一作者及通讯作者在Molecular Cancer、Oncogene等国际刊物上发表高水平论文20余篇。,主任医师、博士生导师 张蓉 职称：主任医师、博士生导师 专长 早癌内镜下微创手术； 职称：主任医师、博士生导师 专长：早癌内镜下微创手术； 以第一作者及通讯作者在Molecular Cancer、Oncogene等国际刊物上发表高水平论文20余篇。
775,774,中山大学肿瘤防治中心,张蓉,https://www.sysucc.org.cn/node/3907,异常提示,,亮眼经历含导航文本，已清洗
776,775,中山大学肿瘤防治中心,徐国良,https://www.sysucc.org.cn/node/3905,亮眼经历线索,内镜科主任 职称：主任医师、硕士生导师 临床专家 面包屑 首页 / 临床科室 / 平台科室 / 内镜科 / 临床专家 徐国良 职务：内镜科主任 职称：主任医师、硕士生导师 专长 消化道肿瘤的早期诊断与治疗，进展期消化道与呼吸道肿瘤的内镜下姑息治疗。 1999年5月至今，中山大学附属肿瘤医院内镜激光科工作，2003年曾赴日本京都第二红会医院进修超声内镜，1999年10月起担任科主任至今。 学术任职： CSCO光动力诊断与治疗专业委员会副主任委员 广东省抗癌协会肿瘤微创治疗专业委员会副主任委员 广州市抗癌协会肿瘤热疗与消融治疗专业委员会副主任委员 广东省医师协会消化内镜医师工作委员会常委 广东省医学会消化内镜分会超声学组副组长 主要研究方向及专业特长： 消化道肿瘤的早期诊断与治疗，进展期消化道与呼吸道肿瘤的内镜下姑息治疗。,内镜科主任 职称：主任医师、硕士生导师 徐国良 职务：内镜科主任 职称：主任医师、硕士生导师 专长 消化道肿瘤的早期诊断与治疗，进展期消化道与呼吸道肿瘤的内镜下姑息治疗。 1999年5月至今，中山大学附属肿瘤医院内镜激光科工作，2003年曾赴日本京都第二红会医院进修超声内镜，1999年10月起担任科主任至今。 学术任职： CSCO光动力诊断与治疗专业委员会副主任委员 广东省抗癌协会肿瘤微创治疗专业委员会副主任委员 广州市抗癌协会肿瘤热疗与消融治疗专业委员会副主任委员 广东省医师协会消化内镜医师工作委员会常委 广东省医学会消化内镜分会超声学组副组长 主要研究方向及专业特长： 消化道肿瘤的早期诊断与治疗，进展期消化道与呼吸道肿瘤的内镜下姑息治疗。
776,775,中山大学肿瘤防治中心,徐国良,https://www.sysucc.org.cn/node/3905,异常提示,,亮眼经历含导航文本，已清洗
777,776,中山大学肿瘤防治中心,李茵,https://www.sysucc.org.cn/node/3911,亮眼经历线索,副主任医师 临床专家 面包屑 首页 / 临床科室 / 平台科室 / 内镜科 / 临床专家 李茵 职称：副主任医师 专长 胰腺癌的内镜诊疗；,副主任医师 李茵 职称：副主任医师 专长 胰腺癌的内镜诊疗；
777,776,中山大学肿瘤防治中心,李茵,https://www.sysucc.org.cn/node/3911,异常提示,,亮眼经历含导航文本，已清洗
778,777,中山大学肿瘤防治中心,林世永,https://www.sysucc.org.cn/node/3915,亮眼经历线索,副主任医师 临床专家 面包屑 首页 / 临床科室 / 平台科室 / 内镜科 / 临床专家 林世永 职称：副主任医师 专长 早期消化道肿瘤的内镜诊断与微创治疗，胆胰疾病的内镜诊断与微创治疗，进展期消化道肿瘤的内镜姑息治疗。,副主任医师 林世永 职称：副主任医师 专长 早期消化道肿瘤的内镜诊断与微创治疗，胆胰疾病的内镜诊断与微创治疗，进展期消化道肿瘤的内镜姑息治疗。
778,777,中山大学肿瘤防治中心,林世永,https://www.sysucc.org.cn/node/3915,异常提示,,亮眼经历含导航文本，已清洗
779,778,中山大学肿瘤防治中心,王国宝,https://www.sysucc.org.cn/node/3912,亮眼经历线索,副主任医师 临床专家 面包屑 首页 / 临床科室 / 平台科室 / 内镜科 / 临床专家 王国宝 职称：副主任医师 专长 消化及呼吸系统肿瘤的内镜下诊治，尤其超声内镜、消化道早期癌及梗阻性黄疸的诊治。,副主任医师 王国宝 职称：副主任医师 专长 消化及呼吸系统肿瘤的内镜下诊治，尤其超声内镜、消化道早期癌及梗阻性黄疸的诊治。
779,778,中山大学肿瘤防治中心,王国宝,https://www.sysucc.org.cn/node/3912,异常提示,,亮眼经历含导航文本，已清洗
780,779,中山大学肿瘤防治中心,白坤昊,https://www.sysucc.org.cn/node/3921,亮眼经历线索,科秘书、支部委员 职称：医学博士、副主任医师、硕士生导师 临床专家 面包屑 首页 / 临床科室 / 平台科室 / 内镜科 / 临床专家 白坤昊 职务：科秘书、支部委员 职称：医学博士、副主任医师、硕士生导师 专长 消化系统与呼吸系统肿瘤的内镜诊断与治疗，超声内镜诊断与治疗。 二、教育及工作经历 2008.09-2013.06 南方医科大学 临床医学 学士 2013.09-2018.06 北京大学第一医院 内科学 博士 2018.07-2019.12 中山大学肿瘤防治中心 内镜科 住院医师 2020.01-2024.12 中山大学肿瘤防治中心 内镜科 主治医师 2025.01至今 中山大学肿瘤防治中心 内镜科 副主任医师 三、学术兼职 广东省抗癌协会肿瘤内镜专业委员会 委员兼秘书 广东省医学会消化病学分会 青年委员 广东省医师协会消化内镜医师分会 青年委员 广东省抗癌协会癌症筛查与早诊早治专业委员会 委员 广东省呼吸健康学会...,科秘书、支部委员 职称：医学博士、副主任医师、硕士生导师 白坤昊 职务：科秘书、支部委员 职称：医学博士、副主任医师、硕士生导师 专长 消化系统与呼吸系统肿瘤的内镜诊断与治疗，超声内镜诊断与治疗。 二、教育及工作经历 2008.09-2013.06 南方医科大学 临床医学 学士 2013.09-2018.06 北京大学第一医院 内科学 博士 2018.07-2019.12 中山大学肿瘤防治中心 内镜科 住院医师 2020.01-2024.12 中山大学肿瘤防治中心 内镜科 主治医师 2025.01至今 中山大学肿瘤防治中心 内镜科 副主任医师 三、学术兼职 广东省抗癌协会肿瘤内镜专业委员会 委员兼秘书 广东省医学会消化病学分会 青年委员 广东省医师协会消化内镜医师分会 青年委员 广东省抗癌协会癌症筛查与早诊早治专业委员会 委员 广东省呼吸健康学会...
780,779,中山大学肿瘤防治中心,白坤昊,https://www.sysucc.org.cn/node/3921,异常提示,,亮眼经历含导航文本，已清洗
781,780,中山大学肿瘤防治中心,罗广裕,https://www.sysucc.org.cn/node/3909,亮眼经历线索,主任医师、硕士生导师 临床专家 面包屑 首页 / 临床科室 / 平台科室 / 内镜科 / 临床专家 罗广裕 职称：主任医师、硕士生导师 专长 消化及呼吸肿瘤的内镜诊治，尤其是肿瘤光动力学治疗、经皮内镜下胃造瘘及超声支气管镜下活检术。 二、教育及工作经历 学习经历： 1994年9月～1999年6月 原中山医科大学临床医学专业 1999年9月～2001年6月 原中山医科大学附属第一医院耳鼻咽喉科学七年制硕士 2007年9月～2013年6月 中山大学肿瘤防治中心临床肿瘤学博士 工作及培训经历： 2001年7月～2003年12月 中山大学肿瘤防治中心内镜科住院医师 2004年1月～2013年12月 中山大学肿瘤防治中心内镜科主治医师 2014年1月～ 2025年12月 中山大学肿瘤防治中心内镜科副主任医师 2026年1月～ 中山大学肿瘤防治中心内镜科主任医师 2006年7月 第二军医大学长海医院参加第三届支气管镜高级培训班 201...,主任医师、硕士生导师 罗广裕 职称：主任医师、硕士生导师 专长 消化及呼吸肿瘤的内镜诊治，尤其是肿瘤光动力学治疗、经皮内镜下胃造瘘及超声支气管镜下活检术。 二、教育及工作经历 学习经历： 1994年9月～1999年6月 原中山医科大学临床医学专业 1999年9月～2001年6月 原中山医科大学附属第一医院耳鼻咽喉科学七年制硕士 2007年9月～2013年6月 中山大学肿瘤防治中心临床肿瘤学博士 工作及培训经历： 2001年7月～2003年12月 中山大学肿瘤防治中心内镜科住院医师 2004年1月～2013年12月 中山大学肿瘤防治中心内镜科主治医师 2014年1月～ 2025年12月 中山大学肿瘤防治中心内镜科副主任医师 2026年1月～ 中山大学肿瘤防治中心内镜科主任医师 2006年7月 第二军医大学长海医院参加第三届支气管镜高级培训班 201...
781,780,中山大学肿瘤防治中心,罗广裕,https://www.sysucc.org.cn/node/3909,异常提示,,亮眼经历含导航文本，已清洗
783,782,中山大学肿瘤防治中心,高晓燕,https://www.sysucc.org.cn/node/3910,亮眼经历线索,副主任医师 副主任医师 加载更多 副主任医师 临床专家 面包屑 首页 / 临床科室 / 平台科室 / 内镜科 / 临床专家 高晓燕 职称：副主任医师 副主任医师 加载更多 副主任医师,副主任医师 副主任医师 副主任医师 高晓燕 职称：副主任医师 副主任医师 副主任医师
783,782,中山大学肿瘤防治中心,高晓燕,https://www.sysucc.org.cn/node/3910,异常提示,,亮眼经历含导航文本，已清洗
786,785,中山大学肿瘤防治中心,刘学奎,https://www.sysucc.org.cn/node/3598,亮眼经历线索,科副主任 职称：主任医师，博士生导师 临床专家 面包屑 首页 / 临床科室 / 外科系列 / 头颈科 / 临床专家 刘学奎 职务：科副主任 职称：主任医师，博士生导师 专长 头颈肿瘤(甲状腺癌、舌癌、喉咽癌、喉癌等)的诊断、手术和综合治疗。 肿瘤学博士，现任中山大学肿瘤防治中心头颈科副主任，主任医师，博士生导师，耳鼻咽喉肿瘤临床大PI。 肿瘤学博士，现任中山大学肿瘤防治中心头颈科副主任，主任医师，博士生导师，耳鼻咽喉肿瘤临床大PI。,科副主任 职称：主任医师，博士生导师 刘学奎 职务：科副主任 职称：主任医师，博士生导师 专长 头颈肿瘤(甲状腺癌、舌癌、喉咽癌、喉癌等)的诊断、手术和综合治疗。 肿瘤学博士，现任中山大学肿瘤防治中心头颈科副主任，主任医师，博士生导师，耳鼻咽喉肿瘤临床大PI。 肿瘤学博士，现任中山大学肿瘤防治中心头颈科副主任，主任医师，博士生导师，耳鼻咽喉肿瘤临床大PI。
786,785,中山大学肿瘤防治中心,刘学奎,https://www.sysucc.org.cn/node/3598,异常提示,,亮眼经历含导航文本，已清洗
787,786,中山大学肿瘤防治中心,刘巍巍,https://www.sysucc.org.cn/node/3601,亮眼经历线索,主任医师、硕士导师 临床专家 面包屑 首页 / 临床科室 / 外科系列 / 头颈科 / 临床专家 刘巍巍 职称：主任医师、硕士导师 专长 从事耳鼻咽喉头颈外科工作多年，对头颈部肿瘤的诊断和综合治疗有丰富的经验。 一、基本情况 职称: 主任医师 专家门诊时间:周四上午； 二、学习及工作经历： 1989年—1994年：河北张家口医学院就读医学本科 1994年—1997年：中山大学医学院肿瘤防治中心就读临床肿瘤学硕士 1997年—1999年：广州市红十字会医院耳鼻咽喉头颈外科工作 1999年—2002年：中山大学附属肿瘤医院就读临床肿瘤学博士 2002年—2006年：中山大学附属肿瘤医院综合科工作 2006年—2007年：香港中文大学威尔斯亲王医院耳鼻咽喉头颈外科访问 2010年—2011年：美国德州大学MD Anderson癌症中心访问 2007年至今：中山大学附属肿瘤医院头颈外科工作 加载更多 刘巍巍: 主任医师 男，197...,主任医师、硕士导师 刘巍巍 职称：主任医师、硕士导师 专长 从事耳鼻咽喉头颈外科工作多年，对头颈部肿瘤的诊断和综合治疗有丰富的经验。 一、基本情况 职称: 主任医师 专家门诊时间:周四上午； 二、学习及工作经历： 1989年—1994年：河北张家口医学院就读医学本科 1994年—1997年：中山大学医学院肿瘤防治中心就读临床肿瘤学硕士 1997年—1999年：广州市红十字会医院耳鼻咽喉头颈外科工作 1999年—2002年：中山大学附属肿瘤医院就读临床肿瘤学博士 2002年—2006年：中山大学附属肿瘤医院综合科工作 2006年—2007年：香港中文大学威尔斯亲王医院耳鼻咽喉头颈外科访问 2010年—2011年：美国德州大学MD Anderson癌症中心访问 2007年至今：中山大学附属肿瘤医院头颈外科工作 刘巍巍: 主任医师 男，197...
787,786,中山大学肿瘤防治中心,刘巍巍,https://www.sysucc.org.cn/node/3601,异常提示,,亮眼经历含导航文本，已清洗
788,787,中山大学肿瘤防治中心,吴桐,https://www.sysucc.org.cn/node/10098,亮眼经历线索,副主任医师 临床专家 面包屑 首页 / 临床科室 / 外科系列 / 头颈科 / 临床专家 吴桐 职称：副主任医师 专长 甲状腺癌的临床诊治； 一、教育及工作经历 2019年在中山大学肿瘤防治中心获得博士学位，2022年在中山大学攻读博士后并入职本中心工作，2024年聘任本中心主治医师，2025年聘任本中心副主任医师。 二、学术兼职 广东省精准医学应用学会头颈肿瘤分会 会员 中国健康管理协会甲状腺健康管理分会 会员 三、主持科研项目 主持国家自然科学基金青年项目一项 主持易方达郁金香人才项目一项 参与国自然科学基金面上项目及广东省自然科学基金面上项目三项 四、代表性论著 近三年以第一作者及通讯作者发表包括International Journal of Surgery，Cell Death Discovery等高水平SCI期刊发表近10篇论文，累积影响因子超过50。,副主任医师 吴桐 职称：副主任医师 专长 甲状腺癌的临床诊治； 一、教育及工作经历 2019年在中山大学肿瘤防治中心获得博士学位，2022年在中山大学攻读博士后并入职本中心工作，2024年聘任本中心主治医师，2025年聘任本中心副主任医师。 二、学术兼职 广东省精准医学应用学会头颈肿瘤分会 会员 中国健康管理协会甲状腺健康管理分会 会员 三、主持科研项目 主持国家自然科学基金青年项目一项 主持易方达郁金香人才项目一项 参与国自然科学基金面上项目及广东省自然科学基金面上项目三项 四、代表性论著 近三年以第一作者及通讯作者发表包括International Journal of Surgery，Cell Death Discovery等高水平SCI期刊发表近10篇论文，累积影响因子超过50。
788,787,中山大学肿瘤防治中心,吴桐,https://www.sysucc.org.cn/node/10098,异常提示,,亮眼经历含导航文本，已清洗
789,788,中山大学肿瘤防治中心,吴迪,https://www.sysucc.org.cn/node/8172,亮眼经历线索,副主任医师 临床专家 面包屑 首页 / 临床科室 / 外科系列 / 头颈科 / 临床专家 吴迪 职称：副主任医师 专长 甲状腺开放及腔镜手术，鼻腔鼻窦、口腔、喉咽等头颈肿瘤的诊治。 一、教育及工作经历 1. 南昌大学 本科 2006-2011 医学本科 2. 中山大学肿瘤防治中心 硕士 2012-2015 肿瘤学硕士 3. 广州医科大学附属肿瘤医院 头颈科 2015-2018 医师 4. 中山大学肿瘤防治中心 博士 2018-2021 肿瘤学博士 二、学术兼职 1、广东省临床医学学会咽喉肿瘤专业委员会 秘书 2、广东省医学会机器人外科学分会 头颈组秘书 3、广东省抗癌协会肿瘤整形外科专业委员会 委员 4、中国抗癌协会肿瘤外科整形专业委员会 青年委员 三、主持科研项目 主持了一项广东省自然科学基金-面上项目，一项博士后基金、一项广州市基础与应用基金。 四、代表性论著 作为第一作者/通讯作者在Nature Communicat...,副主任医师 吴迪 职称：副主任医师 专长 甲状腺开放及腔镜手术，鼻腔鼻窦、口腔、喉咽等头颈肿瘤的诊治。 一、教育及工作经历 1. 南昌大学 本科 2006-2011 医学本科 2. 中山大学肿瘤防治中心 硕士 2012-2015 肿瘤学硕士 3. 广州医科大学附属肿瘤医院 头颈科 2015-2018 医师 4. 中山大学肿瘤防治中心 博士 2018-2021 肿瘤学博士 二、学术兼职 1、广东省临床医学学会咽喉肿瘤专业委员会 秘书 2、广东省医学会机器人外科学分会 头颈组秘书 3、广东省抗癌协会肿瘤整形外科专业委员会 委员 4、中国抗癌协会肿瘤外科整形专业委员会 青年委员 三、主持科研项目 主持了一项广东省自然科学基金-面上项目，一项博士后基金、一项广州市基础与应用基金。
789,788,中山大学肿瘤防治中心,吴迪,https://www.sysucc.org.cn/node/8172,异常提示,,亮眼经历含导航文本，已清洗
791,790,中山大学肿瘤防治中心,张诠,https://www.sysucc.org.cn/node/3595,亮眼经历线索,支部书记 职称：博士、主任医师、博士生导师 临床专家 面包屑 首页 / 临床科室 / 外科系列 / 头颈科 / 临床专家 张诠 职务：支部书记 职称：博士、主任医师、博士生导师 专长 头颈肿瘤的诊断和治疗，在甲状腺癌的治疗、颈淋巴结清扫术、喉癌及口腔癌功能保全性治疗等方面有较深入的研究。 一、基本情况 职称：博士、主任医师、硕士生导师 职务：科副主任、科党支部书记 专家门诊时间：周一上午； 二、学习及工作经历： 1981年—1987年：中山医学院医学系本科生学习 1992年—1994年：中山医科大学肿瘤学专业硕士研究生学习（转博） 1994年—1997年：中山医科大学肿瘤学专业博士研究生学习 1987年至今：中山大学附属肿瘤医院工作 2006年至今：中山大学附属肿瘤医院头颈科副主任、头颈科党支部书记 加载更多 主要学习经历 1981年09月－1987年07月 中山医学院医学系学习 1992年09月－1994年07月 中山医...,支部书记 职称：博士、主任医师、博士生导师 张诠 职务：支部书记 职称：博士、主任医师、博士生导师 专长 头颈肿瘤的诊断和治疗，在甲状腺癌的治疗、颈淋巴结清扫术、喉癌及口腔癌功能保全性治疗等方面有较深入的研究。 一、基本情况 职称：博士、主任医师、硕士生导师 职务：科副主任、科党支部书记 专家门诊时间：周一上午；
791,790,中山大学肿瘤防治中心,张诠,https://www.sysucc.org.cn/node/3595,异常提示,,亮眼经历含导航文本，已清洗
793,792,中山大学肿瘤防治中心,欧阳电,https://www.sysucc.org.cn/node/3603,亮眼经历线索,副主任医师 临床专家 面包屑 首页 / 临床科室 / 外科系列 / 头颈科 / 临床专家 欧阳电 职称：副主任医师 专长 喉、气管、甲状腺肿瘤的诊断及治疗，特别擅长：早期喉癌激光治疗，甲状腺肿瘤的内镜治疗； 参与编写的专业书籍 [1] 欧阳电，《肿瘤个体化医学原则》（第一版） 编委 人民出版社 .200万字 2012.12 专利： [1] 欧阳电，颈部拉钩，2011.12，中国，ZL 2011 2 0123528.X [2] 欧阳电，改进的颈部拉钩，2013.02，中国，ZL 2013 2 0260735.9 主持科研项目 [1] TSHR基因的SNP检测和单体型构建及其抑制甲状腺癌细胞增殖和转移的关系，广东省科技计划项目；,副主任医师 欧阳电 职称：副主任医师 专长 喉、气管、甲状腺肿瘤的诊断及治疗，特别擅长：早期喉癌激光治疗，甲状腺肿瘤的内镜治疗； 参与编写的专业书籍 [1] 欧阳电，《肿瘤个体化医学原则》（第一版） 编委 人民出版社 .200万字 2012.12 专利： [1] 欧阳电，颈部拉钩，2011.12，中国，ZL 2011 2 0123528.X [2] 欧阳电，改进的颈部拉钩，2013.02，中国，ZL 2013 2 0260735.9 主持科研项目 [1] TSHR基因的SNP检测和单体型构建及其抑制甲状腺癌细胞增殖和转移的关系，广东省科技计划项目；
793,792,中山大学肿瘤防治中心,欧阳电,https://www.sysucc.org.cn/node/3603,异常提示,,亮眼经历含导航文本，已清洗
794,793,中山大学肿瘤防治中心,苏旋,https://www.sysucc.org.cn/node/3606,亮眼经历线索,副主任医师、硕士研究生导师、肿瘤学博士 临床专家 面包屑 首页 / 临床科室 / 外科系列 / 头颈科 / 临床专家 苏旋 职称：副主任医师、硕士研究生导师、肿瘤学博士 专长 头颈部肿瘤（甲状腺癌、口腔癌、腮腺癌、喉癌等）的手术治疗和化疗 职称： 副主任医师、硕士研究生导师、肿瘤学博士 擅长： 头颈部肿瘤（甲状腺癌、口腔癌、腮腺癌、喉癌等）的手术治疗和化疗 专业方向： 1. 头颈部肿瘤（甲状腺癌、口腔癌、腮腺癌、喉癌等）的手术治疗和化疗； 社会任职： 1. 广东省抗癌协会头颈肿瘤专业委员会青年委员； 2. 广东省抗癌协会甲状腺癌专业委员会青年委员；,副主任医师、硕士研究生导师、肿瘤学博士 苏旋 职称：副主任医师、硕士研究生导师、肿瘤学博士 专长 头颈部肿瘤（甲状腺癌、口腔癌、腮腺癌、喉癌等）的手术治疗和化疗 职称： 副主任医师、硕士研究生导师、肿瘤学博士 擅长： 头颈部肿瘤（甲状腺癌、口腔癌、腮腺癌、喉癌等）的手术治疗和化疗 专业方向： 1. 头颈部肿瘤（甲状腺癌、口腔癌、腮腺癌、喉癌等）的手术治疗和化疗； 社会任职： 1. 广东省抗癌协会头颈肿瘤专业委员会青年委员； 2. 广东省抗癌协会甲状腺癌专业委员会青年委员；
794,793,中山大学肿瘤防治中心,苏旋,https://www.sysucc.org.cn/node/3606,异常提示,,亮眼经历含导航文本，已清洗
795,794,中山大学肿瘤防治中心,陈伟超,https://www.sysucc.org.cn/node/6447,亮眼经历线索,副主任医师 学术研究及兼职： 参与三项国家自然科学基金面上项目、主持或参与（第二参与人）广东省自然科学基金面上项目 5项及广东省医学科研基金项目1项。 兼任广东省抗癌协会甲状腺癌专业委员会委员。 临床专家 面包屑 首页 / 临床科室 / 外科系列 / 头颈科 / 临床专家 陈伟超 职称：副主任医师 专长 头颈恶性肿瘤（甲状腺癌、舌癌、涎腺（腮腺颌下腺）肿瘤、喉癌、副鼻窦癌、颈部转移癌）外科治疗及药物治疗。,副主任医师 学术研究及兼职： 参与三项国家自然科学基金面上项目、主持或参与（第二参与人）广东省自然科学基金面上项目 5项及广东省医学科研基金项目1项。 兼任广东省抗癌协会甲状腺癌专业委员会委员。 陈伟超 职称：副主任医师 专长 头颈恶性肿瘤（甲状腺癌、舌癌、涎腺（腮腺颌下腺）肿瘤、喉癌、副鼻窦癌、颈部转移癌）外科治疗及药物治疗。
795,794,中山大学肿瘤防治中心,陈伟超,https://www.sysucc.org.cn/node/6447,异常提示,,亮眼经历含导航文本，已清洗
796,795,中山大学肿瘤防治中心,陈文宽,https://www.sysucc.org.cn/node/3600,亮眼经历线索,职代会常设委员会副主任 职称：主任医师、硕士生导师 临床专家 面包屑 首页 / 临床科室 / 外科系列 / 头颈科 / 临床专家 陈文宽 职务：职代会常设委员会副主任 职称：主任医师、硕士生导师 专长 头颈肿瘤的诊断与治疗 一、基本情况 职称：主任医师、硕士生导师 职务：职代会常设委员会副主任 专家门诊时间：周五上午 专业特长：头颈肿瘤的诊断与治疗。 1999年聘为肿瘤外科主治医师，2005年聘为头颈科副主任医师，同期获聘为肿瘤学硕士导师。 2005年到中国医学科学院肿瘤医院、协和医院、北京同仁医院进修学习。,职代会常设委员会副主任 职称：主任医师、硕士生导师 陈文宽 职务：职代会常设委员会副主任 职称：主任医师、硕士生导师 专长 头颈肿瘤的诊断与治疗 一、基本情况 职称：主任医师、硕士生导师 职务：职代会常设委员会副主任 专家门诊时间：周五上午 专业特长：头颈肿瘤的诊断与治疗。 1999年聘为肿瘤外科主治医师，2005年聘为头颈科副主任医师，同期获聘为肿瘤学硕士导师。 2005年到中国医学科学院肿瘤医院、协和医院、北京同仁医院进修学习。
796,795,中山大学肿瘤防治中心,陈文宽,https://www.sysucc.org.cn/node/3600,异常提示,,亮眼经历含导航文本，已清洗
797,796,中山大学肿瘤防治中心,陈树伟,https://www.sysucc.org.cn/node/3605,亮眼经历线索,甲状腺癌单病种团队秘书 职称：主任医师、主诊教授、硕士研究生导师 临床专家 面包屑 首页 / 临床科室 / 外科系列 / 头颈科 / 临床专家 陈树伟 职务：甲状腺癌单病种团队秘书 职称：主任医师、主诊教授、硕士研究生导师 专长 甲状腺癌、口腔癌、口咽癌、喉癌、下咽癌等头颈癌的手术及综合治疗； 一、基本情况 陈树伟，主任医师，主诊教授，医学博士，硕士研究生导师，甲状腺癌单病种团队秘书 门诊时间： 周一上午、周四下午（越秀院区）； 周三上午（黄埔院区） 二、教育及工作经历 2008年本科毕业于中山大学中山医学院（临床医学专业），2011年、2018年先后在中山大学肿瘤防治中心获得硕士、博士学位 2011年开始在中山大学肿瘤防治中心头颈外科工作，目前担任主诊教授 三、学术任职 中国医药教育协会头颈肿瘤专业委员会，常务委员 中国临床肿瘤学会（CSCO）头颈肿瘤专家委员会，委员 广东省抗癌协会头颈肿瘤专业委员会，常务委员 广东省精...,甲状腺癌单病种团队秘书 职称：主任医师、主诊教授、硕士研究生导师 陈树伟 职务：甲状腺癌单病种团队秘书 职称：主任医师、主诊教授、硕士研究生导师 专长 甲状腺癌、口腔癌、口咽癌、喉癌、下咽癌等头颈癌的手术及综合治疗； 一、基本情况 陈树伟，主任医师，主诊教授，医学博士，硕士研究生导师，甲状腺癌单病种团队秘书 门诊时间： 周一上午、周四下午（越秀院区）； 周三上午（黄埔院区） 二、教育及工作经历 2008年本科毕业于中山大学中山医学院（临床医学专业），2011年、2018年先后在中山大学肿瘤防治中心获得硕士、博士学位 2011年开始在中山大学肿瘤防治中心头颈外科工作，目前担任主诊教授 三、学术任职 中国医药教育协会头颈肿瘤专业委员会，常务委员 中国临床肿瘤学会（CSCO）头颈肿瘤专家委员会，委员 广东省抗癌协会头颈肿瘤专业委员会，常务委员 广东省精...
797,796,中山大学肿瘤防治中心,陈树伟,https://www.sysucc.org.cn/node/3605,异常提示,,亮眼经历含导航文本，已清洗
798,797,中山大学肿瘤防治中心,陈艳峰,https://www.sysucc.org.cn/node/3602,亮眼经历线索,主任医师 临床专家 面包屑 首页 / 临床科室 / 外科系列 / 头颈科 / 临床专家 陈艳峰 职称：主任医师 专长 头颈肿瘤的临床工作及相关基础研究 一、基本情况 职称：主任医师 专家门诊时间： 周一下午 专业特长：头颈肿瘤的临床工作及相关基础研究 二、学习及工作经历： 1990年9月—1995年7月：山西医科大学攻读临床医学专业学士学位 1995年8月—1998年8月：西山煤电集团职工总院耳鼻喉科工作 1998年9月—2001年6月：中山大学第二附属医院攻读耳鼻咽喉专业硕士学位 2001年9月—2004年6月：中山大学附属肿瘤医院攻读头颈外科专业博士学位 2004年7月—2012年12月：中山大学附属肿瘤医院头颈外科工作/主治医师 加载更多 一、基本情况 职称： 主任医师 专家门诊时间： 周一下午 专业特长： 头颈肿瘤的临床工作及相关基础研究 二、 学习及工作经历： 1990 年 9 月 —1995 年 7 月：山西医...,主任医师 陈艳峰 职称：主任医师 专长 头颈肿瘤的临床工作及相关基础研究 一、基本情况 职称：主任医师 专家门诊时间： 周一下午 专业特长：头颈肿瘤的临床工作及相关基础研究 二、学习及工作经历： 1990年9月—1995年7月：山西医科大学攻读临床医学专业学士学位 1995年8月—1998年8月：西山煤电集团职工总院耳鼻喉科工作 1998年9月—2001年6月：中山大学第二附属医院攻读耳鼻咽喉专业硕士学位 2001年9月—2004年6月：中山大学附属肿瘤医院攻读头颈外科专业博士学位 2004年7月—2012年12月：中山大学附属肿瘤医院头颈外科工作/主治医师 一、基本情况 职称： 主任医师 专家门诊时间： 周一下午 专业特长： 头颈肿瘤的临床工作及相关基础研究 二、 学习及工作经历： 1990 年 9 月 —1995 年 7 月：山西医...
798,797,中山大学肿瘤防治中心,陈艳峰,https://www.sysucc.org.cn/node/3602,异常提示,,亮眼经历含导航文本，已清洗
799,798,中山大学肿瘤防治中心,杨安奎,https://www.sysucc.org.cn/node/3594,亮眼经历线索,教授、主任医师、博士生导师、甲状腺癌首席专家 临床专家 面包屑 首页 / 临床科室 / 外科系列 / 头颈科 / 临床专家 杨安奎 职称：教授、主任医师、博士生导师、甲状腺癌首席专家 专长 头颈恶性肿瘤外科治疗（舌癌、甲状腺癌、涎腺恶性肿瘤、喉癌、副鼻窦癌外科治疗及其它治疗） 一、基本情况 姓名：杨安奎 职称：教授、主任医师、博士生导师、甲状腺癌首席专家 职务：科主任 专家门诊时间： 周一上午； 周三上午 专业特长：头颈恶性肿瘤外科治疗（舌癌、甲状腺癌、涎腺恶性肿瘤、喉癌、副鼻窦癌外科治疗及其它治疗） 二、学习及工作经历： 1981年—1987年：中山医科大学本科生 1995年—1998年：中山医科大学硕士生 1987年—至今： 中山大学附属肿瘤医院工作 2009年—2015.1：中山大学附属肿瘤医院头颈科副主任 2015.1—至今： 中山大学附属肿瘤医院头颈科主任 加载更多 1987年6月毕业于中山医科大学医学系六年制全...,教授、主任医师、博士生导师、甲状腺癌首席专家 杨安奎 职称：教授、主任医师、博士生导师、甲状腺癌首席专家 专长 头颈恶性肿瘤外科治疗（舌癌、甲状腺癌、涎腺恶性肿瘤、喉癌、副鼻窦癌外科治疗及其它治疗） 一、基本情况 姓名：杨安奎 职称：教授、主任医师、博士生导师、甲状腺癌首席专家 职务：科主任 专家门诊时间： 周一上午； 周三上午 专业特长：头颈恶性肿瘤外科治疗（舌癌、甲状腺癌、涎腺恶性肿瘤、喉癌、副鼻窦癌外科治疗及其它治疗） 二、学习及工作经历： 1981年—1987年：中山医科大学本科生 1995年—1998年：中山医科大学硕士生 1987年—至今： 中山大学附属肿瘤医院工作 2009年—2015.1：中山大学附属肿瘤医院头颈科副主任 2015.1—至今： 中山大学附属肿瘤医院头颈科主任 1987年6月毕业于中山医科大学医学系六年制全...
799,798,中山大学肿瘤防治中心,杨安奎,https://www.sysucc.org.cn/node/3594,异常提示,,亮眼经历含导航文本，已清洗
800,799,中山大学肿瘤防治中心,郭朱明,https://www.sysucc.org.cn/node/3597,亮眼经历线索,科主任导师 职称：教授、主任医师、硕士生导师 临床专家 面包屑 首页 / 临床科室 / 外科系列 / 头颈科 / 临床专家 郭朱明 职务：科主任导师 职称：教授、主任医师、硕士生导师 专长 头颈恶性肿瘤外科治疗（舌癌、甲状腺癌、涎腺恶性肿瘤、喉癌、副鼻窦癌外科治疗及其它治疗） 职称： 教授、主任医师、硕士生导师、甲状腺癌资深首席专家 专业： 头颈肿瘤的诊断和综合治疗 专长： 头颈恶性肿瘤外科治疗（舌癌、甲状腺癌、涎腺恶性肿瘤、喉癌、副鼻窦癌外科治疗及其它治疗） 主要研究方向： 甲状腺癌、喉癌微创治疗 专家门诊： 周三上午 主要学习经历： 1983年中山医科大学医学系本科毕业，获学士学位； 主要工作经历： 1997.4－5 应邀赴澳大利亚皇家阿德雷德医院头颈科 访问学者 1983.9－2006.11 中山医科大学肿瘤医院头颈科 住院医师、主治医师、副教授 2006.12－2014.12 中山大学肿瘤防治中心头颈科 科主任 、...,科主任导师 职称：教授、主任医师、硕士生导师 郭朱明 职务：科主任导师 职称：教授、主任医师、硕士生导师 专长 头颈恶性肿瘤外科治疗（舌癌、甲状腺癌、涎腺恶性肿瘤、喉癌、副鼻窦癌外科治疗及其它治疗） 职称： 教授、主任医师、硕士生导师、甲状腺癌资深首席专家 专业： 头颈肿瘤的诊断和综合治疗 专长： 头颈恶性肿瘤外科治疗（舌癌、甲状腺癌、涎腺恶性肿瘤、喉癌、副鼻窦癌外科治疗及其它治疗） 主要研究方向： 甲状腺癌、喉癌微创治疗 专家门诊： 周三上午 主要学习经历： 1983年中山医科大学医学系本科毕业，获学士学位； 主要工作经历： 1997.4－5 应邀赴澳大利亚皇家阿德雷德医院头颈科 访问学者 1983.9－2006.11 中山医科大学肿瘤医院头颈科 住院医师、主治医师、副教授 2006.12－2014.12 中山大学肿瘤防治中心头颈科 科主任 、...
800,799,中山大学肿瘤防治中心,郭朱明,https://www.sysucc.org.cn/node/3597,异常提示,,亮眼经历含导航文本，已清洗
803,802,中山大学肿瘤防治中心,刘国臣,https://www.sysucc.org.cn/node/6445,亮眼经历线索,副主任医师 临床专家 面包屑 首页 / 临床科室 / 外科系列 / 妇科 / 临床专家 刘国臣 职称：副主任医师 专长 妇科良恶性肿瘤的手术治疗及化疗。,副主任医师 刘国臣 职称：副主任医师 专长 妇科良恶性肿瘤的手术治疗及化疗。
803,802,中山大学肿瘤防治中心,刘国臣,https://www.sysucc.org.cn/node/6445,异常提示,,亮眼经历含导航文本，已清洗
804,803,中山大学肿瘤防治中心,刘继红,https://www.sysucc.org.cn/node/3691,亮眼经历线索,科主任导师 职称：主任医师、教授、博士生导师、宫颈癌首席专家 临床专家 面包屑 首页 / 临床科室 / 外科系列 / 妇科 / 临床专家 刘继红 职务：科主任导师 职称：主任医师、教授、博士生导师、宫颈癌首席专家 专长 妇科肿瘤的诊断与治疗 一、基本情况 职称：主任医师、教授、博士生导师、宫颈癌首席专家 职务：妇科 科主任导师 专家门诊时间：周一下午、周三上午 专业特长：擅长对早期妇科恶性肿瘤保留生育功能的治疗和对晚期及复发性妇科 恶性肿瘤的诊治。 二、学习及工作经历： 1979年—1984年：中山医科大学就读 1990年—1993年：中山医科大学附属肿瘤医院就读硕士研究生 2001年—2004年：悉尼大学就读博士研究生 1984年至今：中山大学附属肿瘤医院工作 加载更多 现任中山大学（原中山医科大学）肿瘤防治中心妇科主任导师、宫颈癌诊治单病种管理首席专家。 2006年11月起兼任妇科主任。,科主任导师 职称：主任医师、教授、博士生导师、宫颈癌首席专家 刘继红 职务：科主任导师 职称：主任医师、教授、博士生导师、宫颈癌首席专家 专长 妇科肿瘤的诊断与治疗 一、基本情况 职称：主任医师、教授、博士生导师、宫颈癌首席专家 职务：妇科 科主任导师 专家门诊时间：周一下午、周三上午 专业特长：擅长对早期妇科恶性肿瘤保留生育功能的治疗和对晚期及复发性妇科 恶性肿瘤的诊治。 二、学习及工作经历： 1979年—1984年：中山医科大学就读 1990年—1993年：中山医科大学附属肿瘤医院就读硕士研究生 2001年—2004年：悉尼大学就读博士研究生 1984年至今：中山大学附属肿瘤医院工作 现任中山大学（原中山医科大学）肿瘤防治中心妇科主任导师、宫颈癌诊治单病种管理首席专家。 2006年11月起兼任妇科主任。
804,803,中山大学肿瘤防治中心,刘继红,https://www.sysucc.org.cn/node/3691,异常提示,,亮眼经历含导航文本，已清洗
805,804,中山大学肿瘤防治中心,周云,https://www.sysucc.org.cn/node/7358,亮眼经历线索,副主任医师 临床专家 面包屑 首页 / 临床科室 / 外科系列 / 妇科 / 临床专家 周云 职称：副主任医师 专长 卵巢癌、宫颈癌、子宫内膜癌等妇科恶性肿瘤的诊断、手术和综合治疗。,副主任医师 周云 职称：副主任医师 专长 卵巢癌、宫颈癌、子宫内膜癌等妇科恶性肿瘤的诊断、手术和综合治疗。
805,804,中山大学肿瘤防治中心,周云,https://www.sysucc.org.cn/node/7358,异常提示,,亮眼经历含导航文本，已清洗
806,805,中山大学肿瘤防治中心,夏小燕,https://www.sysucc.org.cn/node/3701,亮眼经历线索,副主任医师 副主任医师 加载更多 副主任医师 临床专家 面包屑 首页 / 临床科室 / 外科系列 / 妇科 / 临床专家 夏小燕 职称：副主任医师 副主任医师 加载更多 副主任医师,副主任医师 副主任医师 副主任医师 夏小燕 职称：副主任医师 副主任医师 副主任医师
806,805,中山大学肿瘤防治中心,夏小燕,https://www.sysucc.org.cn/node/3701,异常提示,,亮眼经历含导航文本，已清洗
807,806,中山大学肿瘤防治中心,孟一帆,https://www.sysucc.org.cn/node/10125,亮眼经历线索,副主任医师 临床专家 面包屑 首页 / 临床科室 / 外科系列 / 妇科 / 临床专家 孟一帆 职称：副主任医师 专长 宫颈HPV感染、宫颈病变和宫颈癌的筛查、诊断与个体化治疗。 二、教育及工作经历 华中科技大学同济医学院临床医学8年制博士，中山大学博士后 三、主持科研项目 主持国家自然科学基金青年项目1项，博士后面上项目1项。 四、代表性论著 以第一/通讯作者在Lancet Oncology， Trends in Cancer，Journal of Hematology & Oncology等国际高影响力期刊发表论文10余篇，研究成果被国际指南引用。,副主任医师 孟一帆 职称：副主任医师 专长 宫颈HPV感染、宫颈病变和宫颈癌的筛查、诊断与个体化治疗。 二、教育及工作经历 华中科技大学同济医学院临床医学8年制博士，中山大学博士后 三、主持科研项目 主持国家自然科学基金青年项目1项，博士后面上项目1项。 四、代表性论著 以第一/通讯作者在Lancet Oncology， Trends in Cancer，Journal of Hematology & Oncology等国际高影响力期刊发表论文10余篇，研究成果被国际指南引用。
807,806,中山大学肿瘤防治中心,孟一帆,https://www.sysucc.org.cn/node/10125,异常提示,,亮眼经历含导航文本，已清洗
808,807,中山大学肿瘤防治中心,张彦娜,https://www.sysucc.org.cn/node/3695,亮眼经历线索,主任医师、硕士生导师 临床专家 面包屑 首页 / 临床科室 / 外科系列 / 妇科 / 临床专家 张彦娜 职称：主任医师、硕士生导师 专长 妇科良恶性肿瘤的诊断与治疗 一、基本情况 职称：主任医师 专家门诊时间： 周二上午； 2001年12月获聘肿瘤学科副主任医师、副教授； 2013年12月获聘肿瘤学科主任医师。,主任医师、硕士生导师 张彦娜 职称：主任医师、硕士生导师 专长 妇科良恶性肿瘤的诊断与治疗 一、基本情况 职称：主任医师 专家门诊时间： 周二上午； 2001年12月获聘肿瘤学科副主任医师、副教授； 2013年12月获聘肿瘤学科主任医师。
808,807,中山大学肿瘤防治中心,张彦娜,https://www.sysucc.org.cn/node/3695,异常提示,,亮眼经历含导航文本，已清洗
811,810,中山大学肿瘤防治中心,杨帆,https://www.sysucc.org.cn/node/6901,亮眼经历线索,科秘书 职称：副主任医师 擅长妇科恶性肿瘤的规范化诊疗，复发患者的个体化治疗等 杨帆 副主任医师 科秘书 中山大学肿瘤防治中心妇科，北京大学医学博士 广东省肿瘤性疾病医疗质量控制中心卵巢癌专家委员会常委、秘书长 广东省医学会妇科肿瘤学分会青年委员 广东省健康管理学会妇科肿瘤多学科协作专业委员会副秘书长 广东省医学会妇产科学会宫颈病变与阴道镜学组成员 广东省药学会妇科肿瘤专委会委员 广州市医师协会妇产科分会委员 擅长妇科恶性肿瘤的规范化诊疗，复发患者的个体化治疗等； 发表SCI论文及中国核心期刊论文6篇，一作/共一SCI论文影响因子累计54.2 更新日期：2023年10月25日 临床专家 面包屑 首页 / 临床科室 / 外科系列 / 妇科 / 临床专家 杨帆 职务：科秘书 职称：副主任医师 专长 擅长妇科恶性肿瘤的规范化诊疗，复发患者的个体化治疗等 杨帆 副主任医师 科秘书 中山大学肿瘤防治中心妇科，北京大学医学博士 广东省...,科秘书 职称：副主任医师 擅长妇科恶性肿瘤的规范化诊疗，复发患者的个体化治疗等 杨帆 副主任医师 科秘书 中山大学肿瘤防治中心妇科，北京大学医学博士 广东省肿瘤性疾病医疗质量控制中心卵巢癌专家委员会常委、秘书长 广东省医学会妇科肿瘤学分会青年委员 广东省健康管理学会妇科肿瘤多学科协作专业委员会副秘书长 广东省医学会妇产科学会宫颈病变与阴道镜学组成员 广东省药学会妇科肿瘤专委会委员 广州市医师协会妇产科分会委员 擅长妇科恶性肿瘤的规范化诊疗，复发患者的个体化治疗等； 发表SCI论文及中国核心期刊论文6篇，一作/共一SCI论文影响因子累计54.2 更新日期：2023年10月25日 杨帆 职务：科秘书 职称：副主任医师 专长 擅长妇科恶性肿瘤的规范化诊疗，复发患者的个体化治疗等 杨帆 副主任医师 科秘书 中山大学肿瘤防治中心妇科，北京大学医学博士 广东省...
811,810,中山大学肿瘤防治中心,杨帆,https://www.sysucc.org.cn/node/6901,异常提示,,亮眼经历含导航文本，已清洗
812,811,中山大学肿瘤防治中心,涂画,https://www.sysucc.org.cn/node/3703,亮眼经历线索,主任医师 宫颈癌/卵巢癌/子宫内膜癌/外阴癌根治性手术，单孔腹腔镜超微创手术，复发疑难病例多学科联合手术。 临床专家 面包屑 首页 / 临床科室 / 外科系列 / 妇科 / 临床专家 涂画 职称：主任医师 专长 宫颈癌/卵巢癌/子宫内膜癌/外阴癌根治性手术，单孔腹腔镜超微创手术，复发疑难病例多学科联合手术。 一、基本情况 医学博士，硕士生导师。,主任医师 宫颈癌/卵巢癌/子宫内膜癌/外阴癌根治性手术，单孔腹腔镜超微创手术，复发疑难病例多学科联合手术。 涂画 职称：主任医师 专长 宫颈癌/卵巢癌/子宫内膜癌/外阴癌根治性手术，单孔腹腔镜超微创手术，复发疑难病例多学科联合手术。 一、基本情况 医学博士，硕士生导师。
812,811,中山大学肿瘤防治中心,涂画,https://www.sysucc.org.cn/node/3703,异常提示,,亮眼经历含导航文本，已清洗
813,812,中山大学肿瘤防治中心,熊樱,https://www.sysucc.org.cn/node/3696,亮眼经历线索,主任医师 临床专家 面包屑 首页 / 临床科室 / 外科系列 / 妇科 / 临床专家 熊樱 职称：主任医师 专长 局部晚期妇科恶性肿瘤的根治性手术治疗以及良性和早期恶性肿瘤的微创手术治疗。 一、基本情况 职称：主任医师 专家门诊时间： 周一上午、周二下午 专业特长：局部晚期妇科恶性肿瘤的根治性手术治疗以及良性和早期恶性肿瘤的微创手术治疗。 二、学习及工作经历： 1991年9月—1996年7月 中山医科大学临床医学系就读 2000年9月—2003年7月 中山大学就读硕士生 2003年9月—2004年1月 长春卫生部日语培训 2004年4月—2005年3月 获日本笹川医学奖学金资助，日本北海道大学妇科进修一年 1996年7月至今 中山大学肿瘤防治中心妇科工作，期间（2007年9月至今）中山大学肿瘤防治中心在职博士 加载更多 男，主任医师 主要学历： 1991年9月——1996年7月 广州中山医科大学临床医学系，医学学士。,主任医师 熊樱 职称：主任医师 专长 局部晚期妇科恶性肿瘤的根治性手术治疗以及良性和早期恶性肿瘤的微创手术治疗。 一、基本情况 职称：主任医师 专家门诊时间： 周一上午、周二下午 专业特长：局部晚期妇科恶性肿瘤的根治性手术治疗以及良性和早期恶性肿瘤的微创手术治疗。 二、学习及工作经历： 1991年9月—1996年7月 中山医科大学临床医学系就读 2000年9月—2003年7月 中山大学就读硕士生 2003年9月—2004年1月 长春卫生部日语培训 2004年4月—2005年3月 获日本笹川医学奖学金资助，日本北海道大学妇科进修一年 1996年7月至今 中山大学肿瘤防治中心妇科工作，期间（2007年9月至今）中山大学肿瘤防治中心在职博士 男，主任医师 主要学历： 1991年9月——1996年7月 广州中山医科大学临床医学系，医学学士。
813,812,中山大学肿瘤防治中心,熊樱,https://www.sysucc.org.cn/node/3696,异常提示,,亮眼经历含导航文本，已清洗
814,813,中山大学肿瘤防治中心,王寅,https://www.sysucc.org.cn/node/6900,亮眼经历线索,副主任医师 对于宫颈癌、卵巢癌、子宫内膜癌的手术治疗及药物治疗有深入研究，主要研究成果包括：宫颈癌的靶向免疫治疗、化疗免疫治疗，卵巢癌的靶向治疗等，以第一作者/共同第一作者在《柳叶刀•肿瘤》等多个国际顶尖肿瘤学期刊发表多篇论文，获得国内外广泛关注。 临床专家 面包屑 首页 / 临床科室 / 外科系列 / 妇科 / 临床专家 王寅 职称：副主任医师 专长 妇科恶性肿瘤的手术及化疗、靶向、免疫治疗。 对于宫颈癌、卵巢癌、子宫内膜癌的手术治疗及药物治疗有深入研究，主要研究成果包括：宫颈癌的靶向免疫治疗、化疗免疫治疗，卵巢癌的靶向治疗等，以第一作者/共同第一作者在《柳叶刀•肿瘤》等多个国际顶尖肿瘤学期刊发表多篇论文，获得国内外广泛关注。,副主任医师 对于宫颈癌、卵巢癌、子宫内膜癌的手术治疗及药物治疗有深入研究，主要研究成果包括：宫颈癌的靶向免疫治疗、化疗免疫治疗，卵巢癌的靶向治疗等，以第一作者/共同第一作者在《柳叶刀•肿瘤》等多个国际顶尖肿瘤学期刊发表多篇论文，获得国内外广泛关注。 王寅 职称：副主任医师 专长 妇科恶性肿瘤的手术及化疗、靶向、免疫治疗。 对于宫颈癌、卵巢癌、子宫内膜癌的手术治疗及药物治疗有深入研究，主要研究成果包括：宫颈癌的靶向免疫治疗、化疗免疫治疗，卵巢癌的靶向治疗等，以第一作者/共同第一作者在《柳叶刀•肿瘤》等多个国际顶尖肿瘤学期刊发表多篇论文，获得国内外广泛关注。
814,813,中山大学肿瘤防治中心,王寅,https://www.sysucc.org.cn/node/6900,异常提示,,亮眼经历含导航文本，已清洗
816,815,中山大学肿瘤防治中心,蔡光瑶,https://www.sysucc.org.cn/node/11090,亮眼经历线索,副主任医师，医学博士 临床专家 面包屑 首页 / 临床科室 / 外科系列 / 妇科 / 临床专家 蔡光瑶 职称：副主任医师，医学博士 专长 子宫内膜癌、宫颈癌、卵巢癌等妇科肿瘤的手术治疗及系统治疗（化疗、靶向及免疫治疗）。 一、教育及工作经历 2012年-2020年 华中科技大学同济医学院附属同济医院 临床医学八年制 本博连读 2018年 德国萨尔大学（Saarland University）交换 2020年8月-2023年6月 中山大学肿瘤防治中心 博士后/助理研究员 2020年7月-2024年12月 中山大学肿瘤防治中心 妇科 住院医师 2024年12月-2025年12月 中山大学肿瘤防治中心 妇科 主治医师 2025年12月至今 中山大学肿瘤防治中心 妇科 副主任医师 二、学术兼职 广东省医学教育协会妇科肿瘤学专业委员会委员 三、主持科研项目 主持国家自然科学基金1项、广东省自然科学基金1项 四、代表性论著 以第一或...,副主任医师，医学博士 蔡光瑶 职称：副主任医师，医学博士 专长 子宫内膜癌、宫颈癌、卵巢癌等妇科肿瘤的手术治疗及系统治疗（化疗、靶向及免疫治疗）。 一、教育及工作经历 2012年-2020年 华中科技大学同济医学院附属同济医院 临床医学八年制 本博连读 2018年 德国萨尔大学（Saarland University）交换 2020年8月-2023年6月 中山大学肿瘤防治中心 博士后/助理研究员 2020年7月-2024年12月 中山大学肿瘤防治中心 妇科 住院医师 2024年12月-2025年12月 中山大学肿瘤防治中心 妇科 主治医师 2025年12月至今 中山大学肿瘤防治中心 妇科 副主任医师 二、学术兼职 广东省医学教育协会妇科肿瘤学专业委员会委员 三、主持科研项目 主持国家自然科学基金1项、广东省自然科学基金1项 四、代表性论著 以第一或...
816,815,中山大学肿瘤防治中心,蔡光瑶,https://www.sysucc.org.cn/node/11090,异常提示,,亮眼经历含导航文本，已清洗
818,817,中山大学肿瘤防治中心,顾海风,https://www.sysucc.org.cn/node/3705,亮眼经历线索,医学博士、副主任医师、硕士研究生导师、住院医师规范化培训全程导师 临床专家 面包屑 首页 / 临床科室 / 外科系列 / 妇科 / 临床专家 顾海风 职称：医学博士、副主任医师、硕士研究生导师、住院医师规范化培训全程导师 专长 宫颈癌、卵巢癌、子宫内膜癌等妇科恶性肿瘤的诊断、手术、化疗和综合治疗。 在早期子宫内膜癌的精准化、微创化诊治方面有较为深入的研究，研究成果得到国际同行高度认可并被欧洲妇科肿瘤学会（ESGO）、巴西肿瘤外科学会等国际指南累计引用6次。 开展多项临床研究，具有较为丰富的项目管理经验，研究成果在国际妇科肿瘤协会全球年会（IGCS）、欧洲肿瘤内科学会年会（ESMO）等重要国际会议做展示。,医学博士、副主任医师、硕士研究生导师、住院医师规范化培训全程导师 顾海风 职称：医学博士、副主任医师、硕士研究生导师、住院医师规范化培训全程导师 专长 宫颈癌、卵巢癌、子宫内膜癌等妇科恶性肿瘤的诊断、手术、化疗和综合治疗。 在早期子宫内膜癌的精准化、微创化诊治方面有较为深入的研究，研究成果得到国际同行高度认可并被欧洲妇科肿瘤学会（ESGO）、巴西肿瘤外科学会等国际指南累计引用6次。 开展多项临床研究，具有较为丰富的项目管理经验，研究成果在国际妇科肿瘤协会全球年会（IGCS）、欧洲肿瘤内科学会年会（ESMO）等重要国际会议做展示。
818,817,中山大学肿瘤防治中心,顾海风,https://www.sysucc.org.cn/node/3705,异常提示,,亮眼经历含导航文本，已清洗
819,818,中山大学肿瘤防治中心,魏薇,https://www.sysucc.org.cn/node/8001,亮眼经历线索,副主任医师 临床专家 面包屑 首页 / 临床科室 / 外科系列 / 妇科 / 临床专家 魏薇 职称：副主任医师 专长 妇科肿瘤的外科治疗，复发性妇科恶性肿瘤综合治疗。 一、基本情况 妇科副主任医师，出诊时间：周二下午 二、教育及工作经历 本科就读于四川大学华西临床医学院，博士毕业于北京协和医学院及UCLA联合培养博士。 妇产科及妇科肿瘤十余年临床工作经验，擅长妇科肿瘤外科治疗，对复发性妇科恶性肿瘤的综合治疗及根据分子检测进行精准治疗具有丰富经验。,副主任医师 魏薇 职称：副主任医师 专长 妇科肿瘤的外科治疗，复发性妇科恶性肿瘤综合治疗。 一、基本情况 妇科副主任医师，出诊时间：周二下午 二、教育及工作经历 本科就读于四川大学华西临床医学院，博士毕业于北京协和医学院及UCLA联合培养博士。 妇产科及妇科肿瘤十余年临床工作经验，擅长妇科肿瘤外科治疗，对复发性妇科恶性肿瘤的综合治疗及根据分子检测进行精准治疗具有丰富经验。
819,818,中山大学肿瘤防治中心,魏薇,https://www.sysucc.org.cn/node/8001,异常提示,,亮眼经历含导航文本，已清洗
820,819,中山大学肿瘤防治中心,黄欣,https://www.sysucc.org.cn/node/3697,亮眼经历线索,"主任医师 临床专家 面包屑 首页 / 临床科室 / 外科系列 / 妇科 / 临床专家 黄欣 职称：主任医师 专长 对妇科肿瘤的诊断、手术治疗和综合治疗等方面有丰富的经验 一、基本情况 职称：主任医师 门诊时间：周四上午:专家门诊,周四下午:特需名医门诊 专业特长：对妇科肿瘤的诊断、手术治疗和综合治疗等方面有丰富的经验。 二、学习及工作经历： 1981年—1984年：中山医科大学就读 1986年—至今：中山大学附属肿瘤医院工作 三、学术兼职： 广东省抗癌协会妇科肿瘤专业委员会委员 从事妇科肿瘤的医教研工作30余年。 临床上擅长各种妇科肿瘤的诊治工作，在妇科恶性肿瘤的手术治疗方面有很高的造诣，擅长各种疑难复杂及复发病例的手术治疗。","主任医师 黄欣 职称：主任医师 专长 对妇科肿瘤的诊断、手术治疗和综合治疗等方面有丰富的经验 一、基本情况 职称：主任医师 门诊时间：周四上午:专家门诊,周四下午:特需名医门诊 专业特长：对妇科肿瘤的诊断、手术治疗和综合治疗等方面有丰富的经验。 二、学习及工作经历： 1981年—1984年：中山医科大学就读 1986年—至今：中山大学附属肿瘤医院工作 三、学术兼职： 广东省抗癌协会妇科肿瘤专业委员会委员 从事妇科肿瘤的医教研工作30余年。 临床上擅长各种妇科肿瘤的诊治工作，在妇科恶性肿瘤的手术治疗方面有很高的造诣，擅长各种疑难复杂及复发病例的手术治疗。"
820,819,中山大学肿瘤防治中心,黄欣,https://www.sysucc.org.cn/node/3697,异常提示,,亮眼经历含导航文本，已清洗
821,820,中山大学肿瘤防治中心,黄永文,https://www.sysucc.org.cn/node/3700,亮眼经历线索,主任医师、主诊教授 擅长妇科疑难肿瘤靶向和综合治疗。 临床专家 面包屑 首页 / 临床科室 / 外科系列 / 妇科 / 临床专家 黄永文 职称：主任医师、主诊教授 专长 擅长妇科肿瘤单孔腔镜术、恶性肿瘤根治术、细胞减灭术、多器官切除和保育手术； 擅长妇科疑难肿瘤靶向和综合治疗。,主任医师、主诊教授 擅长妇科疑难肿瘤靶向和综合治疗。 黄永文 职称：主任医师、主诊教授 专长 擅长妇科肿瘤单孔腔镜术、恶性肿瘤根治术、细胞减灭术、多器官切除和保育手术； 擅长妇科疑难肿瘤靶向和综合治疗。
821,820,中山大学肿瘤防治中心,黄永文,https://www.sysucc.org.cn/node/3700,异常提示,,亮眼经历含导航文本，已清洗
822,821,中山大学肿瘤防治中心,黄鹤,https://www.sysucc.org.cn/node/3699,亮眼经历线索,妇科副主任 职称：主任医师 临床专家 面包屑 首页 / 临床科室 / 外科系列 / 妇科 / 临床专家 黄鹤 职务：妇科副主任 职称：主任医师 专长 子宫内膜癌临床大PI，擅长子宫内膜癌，子宫颈癌，外阴癌，卵巢肿瘤根治性手术，以及早期妇科恶性肿瘤的微创手术。,妇科副主任 职称：主任医师 黄鹤 职务：妇科副主任 职称：主任医师 专长 子宫内膜癌临床大PI，擅长子宫内膜癌，子宫颈癌，外阴癌，卵巢肿瘤根治性手术，以及早期妇科恶性肿瘤的微创手术。
822,821,中山大学肿瘤防治中心,黄鹤,https://www.sysucc.org.cn/node/3699,异常提示,,亮眼经历含导航文本，已清洗
824,823,中山大学肿瘤防治中心,伍尧泮,https://www.sysucc.org.cn/node/3838,亮眼经历线索,影像科副主任 职称：主任医师、硕士生导师 曾任广东省介入医师协会委员。 曾任广东省介入医师协会委员。 临床专家 面包屑 首页 / 临床科室 / 平台科室 / 影像科 / 临床专家 伍尧泮 职务：影像科副主任 职称：主任医师、硕士生导师 专长 影像诊断及肿瘤介入治疗 中山大学肿瘤医院影像科副主任。,影像科副主任 职称：主任医师、硕士生导师 曾任广东省介入医师协会委员。 曾任广东省介入医师协会委员。 伍尧泮 职务：影像科副主任 职称：主任医师、硕士生导师 专长 影像诊断及肿瘤介入治疗 中山大学肿瘤医院影像科副主任。
824,823,中山大学肿瘤防治中心,伍尧泮,https://www.sysucc.org.cn/node/3838,异常提示,,亮眼经历含导航文本，已清洗
825,824,中山大学肿瘤防治中心,何妮,https://www.sysucc.org.cn/node/3853,亮眼经历线索,副主任医师 加载更多 临床专家 面包屑 首页 / 临床科室 / 平台科室 / 影像科 / 临床专家 何妮 职称：副主任医师 加载更多,副主任医师 何妮 职称：副主任医师
825,824,中山大学肿瘤防治中心,何妮,https://www.sysucc.org.cn/node/3853,异常提示,,亮眼经历含导航文本，已清洗
828,827,中山大学肿瘤防治中心,吕晓飞,https://www.sysucc.org.cn/node/3848,亮眼经历线索,主任医师 临床专家 面包屑 首页 / 临床科室 / 平台科室 / 影像科 / 临床专家 吕晓飞 职称：主任医师 专长 肿瘤影像诊断。 一、基本情况 主任医师、硕士研究生导师，影像医学与核医学博士。 科研方向为神经肿瘤、放射性脑损伤的精准智能影像诊断。,主任医师 吕晓飞 职称：主任医师 专长 肿瘤影像诊断。 一、基本情况 主任医师、硕士研究生导师，影像医学与核医学博士。 科研方向为神经肿瘤、放射性脑损伤的精准智能影像诊断。
828,827,中山大学肿瘤防治中心,吕晓飞,https://www.sysucc.org.cn/node/3848,异常提示,,亮眼经历含导航文本，已清洗
831,830,中山大学肿瘤防治中心,李琼,https://www.sysucc.org.cn/node/3854,亮眼经历线索,副主任医师 加载更多 临床专家 面包屑 首页 / 临床科室 / 平台科室 / 影像科 / 临床专家 李琼 职称：副主任医师 加载更多,副主任医师 李琼 职称：副主任医师
831,830,中山大学肿瘤防治中心,李琼,https://www.sysucc.org.cn/node/3854,异常提示,,亮眼经历含导航文本，已清洗
833,832,中山大学肿瘤防治中心,李贻卓,https://www.sysucc.org.cn/node/3846,亮眼经历线索,主任医师 临床专家 面包屑 首页 / 临床科室 / 平台科室 / 影像科 / 临床专家 李贻卓 职称：主任医师 专长 肿瘤影像学诊断 学术任职 广东省放射医学会头颈学组 常委 广东省肝脏病学会影像诊断专业委员会 常委 广东省生物医学工程学会医学计量与质量控制学分会 常委 中华医学会 会员 广东省临床医学会精准医疗委员会 委员 广东省临床医学会咽喉肿瘤专业委员会 委员 广东省生物医学工程学会医疗机器人与人工智能分会 委员 广东省放射医学会 会员 广东省临床医学会岭南名医联盟 会员 广州医学会医疗事故技术鉴定和医疗损害技术鉴定专家库 成员 Journal of Nasopharyngeal Carcinoma (JNPC) Editorial Board Journal of Magnetic Resonance Imaging (JMRI) Peer Reviewer World Journal of Radiology P...,主任医师 李贻卓 职称：主任医师 专长 肿瘤影像学诊断 学术任职 广东省放射医学会头颈学组 常委 广东省肝脏病学会影像诊断专业委员会 常委 广东省生物医学工程学会医学计量与质量控制学分会 常委 中华医学会 会员 广东省临床医学会精准医疗委员会 委员 广东省临床医学会咽喉肿瘤专业委员会 委员 广东省生物医学工程学会医疗机器人与人工智能分会 委员 广东省放射医学会 会员 广东省临床医学会岭南名医联盟 会员 广州医学会医疗事故技术鉴定和医疗损害技术鉴定专家库 成员 Journal of Nasopharyngeal Carcinoma (JNPC) Editorial Board Journal of Magnetic Resonance Imaging (JMRI) Peer Reviewer World Journal of Radiology P...
833,832,中山大学肿瘤防治中心,李贻卓,https://www.sysucc.org.cn/node/3846,异常提示,,亮眼经历含导航文本，已清洗
836,835,中山大学肿瘤防治中心,莫运仙,https://www.sysucc.org.cn/node/3849,亮眼经历线索,副主任医师 加载更多 临床专家 面包屑 首页 / 临床科室 / 平台科室 / 影像科 / 临床专家 莫运仙 职称：副主任医师 加载更多,副主任医师 莫运仙 职称：副主任医师
836,835,中山大学肿瘤防治中心,莫运仙,https://www.sysucc.org.cn/node/3849,异常提示,,亮眼经历含导航文本，已清洗
839,838,中山大学肿瘤防治中心,谢传淼,https://www.sysucc.org.cn/node/3836,亮眼经历线索,中山大学肿瘤防治中心影像科主任、影像教研室主任 职称：主任医师 临床专家 面包屑 首页 / 临床科室 / 平台科室 / 影像科 / 临床专家 谢传淼 职务：中山大学肿瘤防治中心影像科主任、影像教研室主任 职称：主任医师 专长 肿瘤影像诊断，尤其对鼻咽癌、腹部肿瘤、人工智能等方面有更深刻的研究。 一、教育及工作经历 教育经历： 1988年至1994年 中山大学肿瘤防治中心 住院医师 1994年至2003年 中山大学肿瘤防治中心 主治医师 2003年至2011年 中山大学肿瘤防治中心 副主任医师 2011年至今 中山大学肿瘤防治中心 主任医师 学习经历： 1982.07—1986.07 中山医科大学 本科学士学位 1988.07—2001.07 中山大学 硕士研究生学位 2012.02-12 赴美国纽约哥伦比亚大学医疗中心放射科作访问学者 二、学术兼职 中华医学会放射学分会委员兼腹部学组副组长 中国医师协会放射医师分会第五届委...,中山大学肿瘤防治中心影像科主任、影像教研室主任 职称：主任医师 谢传淼 职务：中山大学肿瘤防治中心影像科主任、影像教研室主任 职称：主任医师 专长 肿瘤影像诊断，尤其对鼻咽癌、腹部肿瘤、人工智能等方面有更深刻的研究。 一、教育及工作经历 教育经历： 1988年至1994年 中山大学肿瘤防治中心 住院医师 1994年至2003年 中山大学肿瘤防治中心 主治医师 2003年至2011年 中山大学肿瘤防治中心 副主任医师 2011年至今 中山大学肿瘤防治中心 主任医师 学习经历： 1982.07—1986.07 中山医科大学 本科学士学位 1988.07—2001.07 中山大学 硕士研究生学位 2012.02-12 赴美国纽约哥伦比亚大学医疗中心放射科作访问学者 二、学术兼职 中华医学会放射学分会委员兼腹部学组副组长 中国医师协会放射医师分会第五届委...
839,838,中山大学肿瘤防治中心,谢传淼,https://www.sysucc.org.cn/node/3836,异常提示,,亮眼经历含导航文本，已清洗
840,839,中山大学肿瘤防治中心,郑列,https://www.sysucc.org.cn/node/3844,亮眼经历线索,"主任医师 肿瘤的影像诊断 主任医师 加载更多 主任医师,擅长肿瘤的影像诊断 临床专家 面包屑 首页 / 临床科室 / 平台科室 / 影像科 / 临床专家 郑列 职称：主任医师 专长 肿瘤的影像诊断 主任医师 加载更多 主任医师,擅长肿瘤的影像诊断","主任医师 肿瘤的影像诊断 主任医师 主任医师,擅长肿瘤的影像诊断 郑列 职称：主任医师 专长 肿瘤的影像诊断 主任医师 主任医师,擅长肿瘤的影像诊断"
840,839,中山大学肿瘤防治中心,郑列,https://www.sysucc.org.cn/node/3844,异常提示,,亮眼经历含导航文本，已清洗
841,840,中山大学肿瘤防治中心,阮超美,https://www.sysucc.org.cn/node/3845,亮眼经历线索,副主任医师 1963年10月出生，1979年9月至1984年7月在中山医科大学临床医学系学习，1979年7月至今在中山大学肿瘤防治中心影像与微创介入中心CT、MR室工作。 临床专家 面包屑 首页 / 临床科室 / 平台科室 / 影像科 / 临床专家 阮超美 职称：副主任医师 1963年10月出生，1979年9月至1984年7月在中山医科大学临床医学系学习，1979年7月至今在中山大学肿瘤防治中心影像与微创介入中心CT、MR室工作。,副主任医师 1963年10月出生，1979年9月至1984年7月在中山医科大学临床医学系学习，1979年7月至今在中山大学肿瘤防治中心影像与微创介入中心CT、MR室工作。 阮超美 职称：副主任医师 1963年10月出生，1979年9月至1984年7月在中山医科大学临床医学系学习，1979年7月至今在中山大学肿瘤防治中心影像与微创介入中心CT、MR室工作。
841,840,中山大学肿瘤防治中心,阮超美,https://www.sysucc.org.cn/node/3845,异常提示,,亮眼经历含导航文本，已清洗
843,842,中山大学肿瘤防治中心,吕宁,https://www.sysucc.org.cn/node/3759,亮眼经历线索,主任医师 临床专家 面包屑 首页 / 临床科室 / 外科系列 / 微创介入治疗科 / 临床专家 吕宁 职称：主任医师 专长 肝癌介入肝动脉灌注和栓塞治疗，癌症消融治疗，全身免疫靶向治疗。 一、基本情况 主任医师、医学博士、硕士生导师 门诊时间： 越秀院区：周二上午 专业特长： 擅长肝癌微创介入治疗、免疫靶向治疗等综合治疗，主要开展肝动脉灌注化疗HAIC、栓塞化疗TACE、消融等局部治疗，及局部联合免疫靶向全身治疗。 学术成绩： 在肿瘤多学科综合诊疗MDT理念下，开展肝癌微创介入治疗临床和转化研究，主要创新性成果介入肝动脉灌注化疗HAIC技术被国家卫健委官方指南《原发性肝癌诊疗指南CNLC》及中国抗癌协会CACA、中国临床肿瘤学会CSCO等推荐在临床一线治疗中应用；,主任医师 吕宁 职称：主任医师 专长 肝癌介入肝动脉灌注和栓塞治疗，癌症消融治疗，全身免疫靶向治疗。 一、基本情况 主任医师、医学博士、硕士生导师 门诊时间： 越秀院区：周二上午 专业特长： 擅长肝癌微创介入治疗、免疫靶向治疗等综合治疗，主要开展肝动脉灌注化疗HAIC、栓塞化疗TACE、消融等局部治疗，及局部联合免疫靶向全身治疗。 学术成绩： 在肿瘤多学科综合诊疗MDT理念下，开展肝癌微创介入治疗临床和转化研究，主要创新性成果介入肝动脉灌注化疗HAIC技术被国家卫健委官方指南《原发性肝癌诊疗指南CNLC》及中国抗癌协会CACA、中国临床肿瘤学会CSCO等推荐在临床一线治疗中应用；
843,842,中山大学肿瘤防治中心,吕宁,https://www.sysucc.org.cn/node/3759,异常提示,,亮眼经历含导航文本，已清洗
844,843,中山大学肿瘤防治中心,吴沛宏,https://www.sysucc.org.cn/node/3750,亮眼经历线索,"科主任导师 职称：二级教授、一级主任医师，博士生导师及博士后导师 吴沛宏教授，现任中山大学附属肿瘤医院微创介入治疗科二级教授、一级主任医师，博士生导师及博士后导师。 美国罗彻斯特大学(Rochester)医学院、加拿大多伦多大学医学院临床客座教授，中山大学名医,羊城名医，岭南名医，中国名医百强榜微创介入治疗TOP10。 临床专家 面包屑 首页 / 临床科室 / 外科系列 / 微创介入治疗科 / 临床专家 吴沛宏 职务：科主任导师 职称：二级教授、一级主任医师，博士生导师及博士后导师 专长 1.肝癌微创介入综合治疗联合生物免疫治疗创始人，其疗效在国内外处于领先水平；","科主任导师 职称：二级教授、一级主任医师，博士生导师及博士后导师 吴沛宏教授，现任中山大学附属肿瘤医院微创介入治疗科二级教授、一级主任医师，博士生导师及博士后导师。 美国罗彻斯特大学(Rochester)医学院、加拿大多伦多大学医学院临床客座教授，中山大学名医,羊城名医，岭南名医，中国名医百强榜微创介入治疗TOP10。 吴沛宏 职务：科主任导师 职称：二级教授、一级主任医师，博士生导师及博士后导师 专长 1.肝癌微创介入综合治疗联合生物免疫治疗创始人，其疗效在国内外处于领先水平；"
844,843,中山大学肿瘤防治中心,吴沛宏,https://www.sysucc.org.cn/node/3750,异常提示,,亮眼经历含导航文本，已清洗
845,844,中山大学肿瘤防治中心,左孟轩,https://www.sysucc.org.cn/node/5084,亮眼经历线索,副主任医师 临床专家 面包屑 首页 / 临床科室 / 外科系列 / 微创介入治疗科 / 临床专家 左孟轩 职称：副主任医师 专长 晚期肝癌的介入联合系统治疗； 一、基本情况 职称： 副主任医师 临床治疗专长： 晚期肝癌的介入联合系统治疗； 出诊时间： 越秀院区：周二下午 二、教育及工作经历 2009-09至2017-07，清华大学/北京协和医学院临床八年制博士 2017-07至2020-12，中山大学肿瘤防治中心医师 2020-12至2026-1，中山大学肿瘤防治中心主治医师 2026-1至今，中山大学肿瘤防治中心副主任医师 三、学术兼职 广东省抗癌协会微创治疗专业委员会 秘书 广东省肝脏病学会综合治疗专业委员会 秘书 广东省器官医学与技术学会肿瘤介入专业委员会 秘书 世界华人肿瘤医师协会微创介入青年委员会 委员 广东省药学会肝胆肿瘤综合治疗专家委员会 委员 广东省抗癌协会肝癌专业委员会青年委员会 委员 广东省基层医药学会...,副主任医师 左孟轩 职称：副主任医师 专长 晚期肝癌的介入联合系统治疗； 一、基本情况 职称： 副主任医师 临床治疗专长： 晚期肝癌的介入联合系统治疗； 出诊时间： 越秀院区：周二下午 二、教育及工作经历 2009-09至2017-07，清华大学/北京协和医学院临床八年制博士 2017-07至2020-12，中山大学肿瘤防治中心医师 2020-12至2026-1，中山大学肿瘤防治中心主治医师 2026-1至今，中山大学肿瘤防治中心副主任医师 三、学术兼职 广东省抗癌协会微创治疗专业委员会 秘书 广东省肝脏病学会综合治疗专业委员会 秘书 广东省器官医学与技术学会肿瘤介入专业委员会 秘书 世界华人肿瘤医师协会微创介入青年委员会 委员 广东省药学会肝胆肿瘤综合治疗专家委员会 委员 广东省抗癌协会肝癌专业委员会青年委员会 委员 广东省基层医药学会...
845,844,中山大学肿瘤防治中心,左孟轩,https://www.sysucc.org.cn/node/5084,异常提示,,亮眼经历含导航文本，已清洗
846,845,中山大学肿瘤防治中心,张天奇,https://www.sysucc.org.cn/node/6471,亮眼经历线索,副主任医师、硕士生导师、医学博士 临床专家 面包屑 首页 / 临床科室 / 外科系列 / 微创介入治疗科 / 临床专家 张天奇 职称：副主任医师、硕士生导师、医学博士 专长 肝/肺等实体瘤消融； 熟练掌握肝、肺等全身实体肿瘤的各种消融治疗(微波/射频/冷冻/海扶/化学)，在肿瘤消融领域以第一作者发表多篇论文，荣获北美放射学会(RSNA)学术奖。 在晚期肝癌介入联合系统治疗领域有深入研究，相关临床试验多次在ASCO/ESMO报道，发表于高水平期刊STTT(IF=40.8)。,副主任医师、硕士生导师、医学博士 张天奇 职称：副主任医师、硕士生导师、医学博士 专长 肝/肺等实体瘤消融； 熟练掌握肝、肺等全身实体肿瘤的各种消融治疗(微波/射频/冷冻/海扶/化学)，在肿瘤消融领域以第一作者发表多篇论文，荣获北美放射学会(RSNA)学术奖。 在晚期肝癌介入联合系统治疗领域有深入研究，相关临床试验多次在ASCO/ESMO报道，发表于高水平期刊STTT(IF=40.8)。
846,845,中山大学肿瘤防治中心,张天奇,https://www.sysucc.org.cn/node/6471,异常提示,,亮眼经历含导航文本，已清洗
848,847,中山大学肿瘤防治中心,曹飞,https://www.sysucc.org.cn/node/8057,亮眼经历线索,科秘书 职称：副主任医师 临床专家 面包屑 首页 / 临床科室 / 外科系列 / 微创介入治疗科 / 临床专家 曹飞 职务：科秘书 职称：副主任医师 专长 肝癌的介入和消融治疗，肺癌的穿刺和消融治疗。 一、基本情况 微创介入治疗科科秘书，周一和周三越秀院区午间门诊（12点至2点） 二、教育及工作经历 2009年9月-2014年6月 中山大学中山医学院 本科 2014年9月-2017年6月 中山大学附属第六医院 硕士 2017年9月-2020年6月 中山大学肿瘤防治中心 博士 2020年8月-至今就职于 中山大学肿瘤防治中心 三、学术兼职 广东省医学会介入青年委员会 副主任委员 四、主持科研项目 国家自然科学基金青年科学基金，2025，主持，30万； 中肿易方达“郁金香”优秀人才培养基金，2022，主持，5万。,科秘书 职称：副主任医师 曹飞 职务：科秘书 职称：副主任医师 专长 肝癌的介入和消融治疗，肺癌的穿刺和消融治疗。 一、基本情况 微创介入治疗科科秘书，周一和周三越秀院区午间门诊（12点至2点） 二、教育及工作经历 2009年9月-2014年6月 中山大学中山医学院 本科 2014年9月-2017年6月 中山大学附属第六医院 硕士 2017年9月-2020年6月 中山大学肿瘤防治中心 博士 2020年8月-至今就职于 中山大学肿瘤防治中心 三、学术兼职 广东省医学会介入青年委员会 副主任委员 四、主持科研项目 国家自然科学基金青年科学基金，2025，主持，30万； 中肿易方达“郁金香”优秀人才培养基金，2022，主持，5万。
848,847,中山大学肿瘤防治中心,曹飞,https://www.sysucc.org.cn/node/8057,异常提示,,亮眼经历含导航文本，已清洗
849,848,中山大学肿瘤防治中心,李旺,https://www.sysucc.org.cn/node/3758,亮眼经历线索,主任医师 临床专家 面包屑 首页 / 临床科室 / 外科系列 / 微创介入治疗科 / 临床专家 李旺 职称：主任医师 专长 原发性肝癌的介入治疗联合靶免系统治疗； 三、学术兼职 中国抗癌协会肿瘤消融治疗专业委员会 常委 广东省抗癌协会大肠癌专业委员会 常委 广东省医学会微创外科学分会委员 中国医师协会介入医师分会肿瘤消融专家工作组 委员 世界华人肿瘤医师协会微创介入分会 委员 广东省医学会介入医学分会青委会委员 广东省抗癌协会微创介入青委会 常委 广东省器官医学与技术学会介入专委会常委 广东省器官医学与技术学会肝癌多学科综合治疗专委会 副主委 广东省肝脏病综合治疗专家委员会 常委 更新时间：2026.2.26,主任医师 李旺 职称：主任医师 专长 原发性肝癌的介入治疗联合靶免系统治疗； 三、学术兼职 中国抗癌协会肿瘤消融治疗专业委员会 常委 广东省抗癌协会大肠癌专业委员会 常委 广东省医学会微创外科学分会委员 中国医师协会介入医师分会肿瘤消融专家工作组 委员 世界华人肿瘤医师协会微创介入分会 委员 广东省医学会介入医学分会青委会委员 广东省抗癌协会微创介入青委会 常委 广东省器官医学与技术学会介入专委会常委 广东省器官医学与技术学会肝癌多学科综合治疗专委会 副主委 广东省肝脏病综合治疗专家委员会 常委 更新时间：2026.2.26
849,848,中山大学肿瘤防治中心,李旺,https://www.sysucc.org.cn/node/3758,异常提示,,亮眼经历含导航文本，已清洗
850,849,中山大学肿瘤防治中心,林乐涛,https://www.sysucc.org.cn/node/9135,亮眼经历线索,副主任医师 临床专家 面包屑 首页 / 临床科室 / 外科系列 / 微创介入治疗科 / 临床专家 林乐涛 职称：副主任医师 专长 中晚期肝癌的介入综合治疗； 一、基本情况 副主任医师，医学博士，毕业于北京大学临床医学八年制，主攻中晚期肝癌的介入综合治疗； 二、学术兼职 广东省医学会介入医学分会青年委员会 委员 广东省抗癌协会肉瘤专业委员会 委员 广东省器官医学与技术学会肿瘤介入专业委员会 委员 更新时间：2025.02.08,副主任医师 林乐涛 职称：副主任医师 专长 中晚期肝癌的介入综合治疗； 一、基本情况 副主任医师，医学博士，毕业于北京大学临床医学八年制，主攻中晚期肝癌的介入综合治疗； 二、学术兼职 广东省医学会介入医学分会青年委员会 委员 广东省抗癌协会肉瘤专业委员会 委员 广东省器官医学与技术学会肿瘤介入专业委员会 委员 更新时间：2025.02.08
850,849,中山大学肿瘤防治中心,林乐涛,https://www.sysucc.org.cn/node/9135,异常提示,,亮眼经历含导航文本，已清洗
851,850,中山大学肿瘤防治中心,江艺泉,https://www.sysucc.org.cn/node/9772,亮眼经历线索,"副主任医师 临床专家 面包屑 首页 / 临床科室 / 外科系列 / 微创介入治疗科 / 临床专家 江艺泉 职称：副主任医师 专长 擅长肝癌、肝转移瘤、肺癌、乳腺癌肝转移等全身多种实体肿瘤微创介入治疗，如动脉栓塞化疗、HAIC动脉灌注化疗、消融。 一、基本情况 江艺泉，微创介入治疗科，博士，副主任医师，助理研究员 门诊时间：周二上午； 云诊室时间：周一至周日，9点-17点 二、教育及工作经历 教育经历： (1) 2017-10 至 2019-06, 中山大学, 临床医学（八年制）, 博士 (2) 2011-09 至 2017-09, 中山大学, 临床医学（八年制）, 学士 博士后工作经历： (1) 2019-07 至 2021-08, 中山大学，肿瘤防治中心 科研与学术工作经历（博士后工作经历除外）： (1) 2026-01 至今, 中山大学, 肿瘤防治中心, 副主任医师 (2) 2022-02 至 2025年12月, 中山...","副主任医师 江艺泉 职称：副主任医师 专长 擅长肝癌、肝转移瘤、肺癌、乳腺癌肝转移等全身多种实体肿瘤微创介入治疗，如动脉栓塞化疗、HAIC动脉灌注化疗、消融。 一、基本情况 江艺泉，微创介入治疗科，博士，副主任医师，助理研究员 门诊时间：周二上午； 云诊室时间：周一至周日，9点-17点 二、教育及工作经历 教育经历： (1) 2017-10 至 2019-06, 中山大学, 临床医学（八年制）, 博士 (2) 2011-09 至 2017-09, 中山大学, 临床医学（八年制）, 学士 博士后工作经历： (1) 2019-07 至 2021-08, 中山大学，肿瘤防治中心 科研与学术工作经历（博士后工作经历除外）： (1) 2026-01 至今, 中山大学, 肿瘤防治中心, 副主任医师 (2) 2022-02 至 2025年12月, 中山..."
851,850,中山大学肿瘤防治中心,江艺泉,https://www.sysucc.org.cn/node/9772,异常提示,,亮眼经历含导航文本，已清洗
854,853,中山大学肿瘤防治中心,赵明,https://www.sysucc.org.cn/node/3754,亮眼经历线索,主任医师、医师、教授、博士生导师、博士、副主任 影像引导下的肿瘤微创介入治疗（介入、消融）及多学科综合治疗。 临床专家 面包屑 首页 / 临床科室 / 外科系列 / 微创介入治疗科 / 临床专家 赵明 职务：科室副主任（主持工作）、党支部书记 职称：科室副主任（主持工作）、党支部书记、三级教授、二级主任医师、博士生导师 专长 影像引导下的肿瘤微创介入治疗（介入、消融）及多学科综合治疗。 2. 职称：三级教授、二级主任医师、博士生导师。,主任医师、医师、教授、博士生导师、博士、副主任 影像引导下的肿瘤微创介入治疗（介入、消融）及多学科综合治疗。 赵明 职务：科室副主任（主持工作）、党支部书记 职称：科室副主任（主持工作）、党支部书记、三级教授、二级主任医师、博士生导师 专长 影像引导下的肿瘤微创介入治疗（介入、消融）及多学科综合治疗。 2. 职称：三级教授、二级主任医师、博士生导师。
854,853,中山大学肿瘤防治中心,赵明,https://www.sysucc.org.cn/node/3754,异常提示,,亮眼经历含导航文本，已清洗
855,854,中山大学肿瘤防治中心,陈奇峰,https://www.sysucc.org.cn/node/10435,亮眼经历线索,副主任医师、硕士生导师 临床专家 面包屑 首页 / 临床科室 / 外科系列 / 微创介入治疗科 / 临床专家 陈奇峰 职称：副主任医师、硕士生导师 专长 肝癌微创介入治疗，肝/肺肿瘤消融。 一、基本情况 副主任医师 硕士生导师 出诊时间： 周三下午 二、教育及工作经历 医学本科，重庆医科大学（2009-2014） 医学硕士，南京医科大学（2014-2017） 医学博士，中山大学肿瘤防治中心（2017-2020） 博士后，中山大学肿瘤防治中心（2020-2022） 三、学术兼职 世界华人肿瘤医师协会微创介入委员会青年委员 中国医药教育协会介入微创专业委员会青年委员 国家放射与治疗临床医学研究中心介入医学创新联盟IMIA-广东省创新联盟理事 广东省肝脏病学会综合治疗专业委员会委员 广东省抗癌协会胃癌专业委员会委员 广东省精准医学会胃肠间质瘤专业委员会委员 广州抗癌协会肿瘤微创治疗专业委员会委员 四、主持科研项目 主持国家自然科...,副主任医师、硕士生导师 陈奇峰 职称：副主任医师、硕士生导师 专长 肝癌微创介入治疗，肝/肺肿瘤消融。 一、基本情况 副主任医师 硕士生导师 出诊时间： 周三下午 二、教育及工作经历 医学本科，重庆医科大学（2009-2014） 医学硕士，南京医科大学（2014-2017） 医学博士，中山大学肿瘤防治中心（2017-2020） 博士后，中山大学肿瘤防治中心（2020-2022） 三、学术兼职 世界华人肿瘤医师协会微创介入委员会青年委员 中国医药教育协会介入微创专业委员会青年委员 国家放射与治疗临床医学研究中心介入医学创新联盟IMIA-广东省创新联盟理事 广东省肝脏病学会综合治疗专业委员会委员 广东省抗癌协会胃癌专业委员会委员 广东省精准医学会胃肠间质瘤专业委员会委员 广州抗癌协会肿瘤微创治疗专业委员会委员 四、主持科研项目 主持国家自然科...
855,854,中山大学肿瘤防治中心,陈奇峰,https://www.sysucc.org.cn/node/10435,异常提示,,亮眼经历含导航文本，已清洗
856,855,中山大学肿瘤防治中心,韩雪,https://www.sysucc.org.cn/node/12338,亮眼经历线索,副主任医师 临床专家 面包屑 首页 / 临床科室 / 外科系列 / 微创介入治疗科 / 临床专家 韩雪 职称：副主任医师 专长 肝癌微创介入综合治疗； 一、基本情况 医学博士，副主任医师 门诊时间： 越秀院区 周三上午； 研究成果发表于国际权威期刊Hepatology、Liver Cancer等。,副主任医师 韩雪 职称：副主任医师 专长 肝癌微创介入综合治疗； 一、基本情况 医学博士，副主任医师 门诊时间： 越秀院区 周三上午； 研究成果发表于国际权威期刊Hepatology、Liver Cancer等。
856,855,中山大学肿瘤防治中心,韩雪,https://www.sysucc.org.cn/node/12338,异常提示,,亮眼经历含导航文本，已清洗
858,857,中山大学肿瘤防治中心,黄子林,https://www.sysucc.org.cn/node/3755,亮眼经历线索,主任医师 临床专家 面包屑 首页 / 临床科室 / 外科系列 / 微创介入治疗科 / 临床专家 黄子林 职称：主任医师 专长 影像引导下肿瘤微创介入治疗。 一、基本情况 职称： 主任医师 专家门诊时间： 周三下午 专业特长： 影像引导下肿瘤微创介入治疗。 二、学习及工作经历： 1985年—1991年：中山医科大学医学系就读 1991年至今：中山大学附属肿瘤医院工作 三、学术兼职： 1. 中国抗癌协会肿瘤微创治疗专业委员会委员 2. 广东省抗癌协会肝癌癌专业委员会委员 3. 广州抗癌协会肿瘤微创治疗专业委员会常委 4. 亚洲冷冻治疗学会委员 加载更多 一、基本情况 职称： 主任医师 专家门诊时间： 周三下午 专业特长： 影像引导下肿瘤微创介入治疗。,主任医师 黄子林 职称：主任医师 专长 影像引导下肿瘤微创介入治疗。 一、基本情况 职称： 主任医师 专家门诊时间： 周三下午 专业特长： 影像引导下肿瘤微创介入治疗。 二、学习及工作经历： 1985年—1991年：中山医科大学医学系就读 1991年至今：中山大学附属肿瘤医院工作 三、学术兼职： 1. 中国抗癌协会肿瘤微创治疗专业委员会委员 2. 广东省抗癌协会肝癌癌专业委员会委员 3. 广州抗癌协会肿瘤微创治疗专业委员会常委 4. 亚洲冷冻治疗学会委员 一、基本情况 职称： 主任医师 专家门诊时间： 周三下午 专业特长： 影像引导下肿瘤微创介入治疗。
858,857,中山大学肿瘤防治中心,黄子林,https://www.sysucc.org.cn/node/3755,异常提示,,亮眼经历含导航文本，已清洗
860,859,中山大学肿瘤防治中心,黄金华,https://www.sysucc.org.cn/node/3751,亮眼经历线索,科主任导师 职称：教授、主任医师、博士生导师 临床专家 面包屑 首页 / 临床科室 / 外科系列 / 微创介入治疗科 / 临床专家 黄金华 职务：科主任导师 职称：教授、主任医师、博士生导师 专长 擅长肝癌、全身实体肿瘤介入、消融、粒子微创综合治疗； 周四下午特设AI协同抗癌智慧医疗专家门诊，为患者提供个性化精准诊疗服务。 黄金华，教授，博士生导师 微创介入治疗科创始人之一，该领域国内知名专家。,科主任导师 职称：教授、主任医师、博士生导师 黄金华 职务：科主任导师 职称：教授、主任医师、博士生导师 专长 擅长肝癌、全身实体肿瘤介入、消融、粒子微创综合治疗； 周四下午特设AI协同抗癌智慧医疗专家门诊，为患者提供个性化精准诊疗服务。 黄金华，教授，博士生导师 微创介入治疗科创始人之一，该领域国内知名专家。
860,859,中山大学肿瘤防治中心,黄金华,https://www.sysucc.org.cn/node/3751,异常提示,,亮眼经历含导航文本，已清洗
862,861,中山大学肿瘤防治中心,卢雅立,https://www.sysucc.org.cn/node/3829,亮眼经历线索,副主任医师 副主任医师 加载更多 副主 任 医师 临床专家 面包屑 首页 / 临床科室 / 平台科室 / 手术麻醉科 / 临床专家 卢雅立 职称：副主任医师 副主任医师 加载更多 副主 任 医师,副主任医师 副主任医师 副主 任 医师 卢雅立 职称：副主任医师 副主任医师 副主 任 医师
862,861,中山大学肿瘤防治中心,卢雅立,https://www.sysucc.org.cn/node/3829,异常提示,,亮眼经历含导航文本，已清洗
863,862,中山大学肿瘤防治中心,操隆辉,https://www.sysucc.org.cn/node/3831,亮眼经历线索,主任医师，硕士生导师 临床专家 面包屑 首页 / 临床科室 / 平台科室 / 手术麻醉科 / 临床专家 操隆辉 职称：主任医师，硕士生导师 专长 围术期患者的临床麻醉管理与疼痛诊疗。 一、基本情况 2001年中山医科大学本科毕业后一直在中山大学肿瘤防治中心麻醉科工作，2005年获中山大学临床医学硕士学位，2010年获中山大学临床医学博士学位， 2010年赴美国Thomas Jefferson University进修学习，开展与参与多项基础及临床研究，主要从事麻醉药物作用机制及其与恶性肿瘤发生、发展和转移关系以及单肺通气肺损伤的研究。 2014年赴美国斯坦福大学疼痛研究中心从事疼痛领域基础研究。,主任医师，硕士生导师 操隆辉 职称：主任医师，硕士生导师 专长 围术期患者的临床麻醉管理与疼痛诊疗。 一、基本情况 2001年中山医科大学本科毕业后一直在中山大学肿瘤防治中心麻醉科工作，2005年获中山大学临床医学硕士学位，2010年获中山大学临床医学博士学位， 2010年赴美国Thomas Jefferson University进修学习，开展与参与多项基础及临床研究，主要从事麻醉药物作用机制及其与恶性肿瘤发生、发展和转移关系以及单肺通气肺损伤的研究。 2014年赴美国斯坦福大学疼痛研究中心从事疼痛领域基础研究。
863,862,中山大学肿瘤防治中心,操隆辉,https://www.sysucc.org.cn/node/3831,异常提示,,亮眼经历含导航文本，已清洗
864,863,中山大学肿瘤防治中心,曾维安,https://www.sysucc.org.cn/node/3817,亮眼经历线索,"二级教授、一级主任医师、博士生导师 发表 SCI 论文七十余篇，分别在 Nature Communication ， Cancer Communication ， Adv Sci ， J Clin Invest ， JAMA Network Open ， Anesthesiology , British Journal of Anaesthesia ， Cell Death Dis ， CNS Neurosci Ther ， J Pain, Ann Surg Oncol , Anesth Analg , Iscience , Brain Behavior and Immunity ， JBC 等。 临床专家 面包屑 首页 / 临床科室 / 平台科室 / 手术麻醉科 / 临床专家 曾维安 职称：二级教授、一级主任医师、博士生导师 专长 单肺通气，疼痛发病机制研究，神经病理性疼痛与癌痛的治疗 基本情况： 中山大学肿瘤防治中心手...","二级教授、一级主任医师、博士生导师 发表 SCI 论文七十余篇，分别在 Nature Communication ， Cancer Communication ， Adv Sci ， J Clin Invest ， JAMA Network Open ， Anesthesiology , British Journal of Anaesthesia ， Cell Death Dis ， CNS Neurosci Ther ， J Pain, Ann Surg Oncol , Anesth Analg , Iscience , Brain Behavior and Immunity ， JBC 等。 曾维安 职称：二级教授、一级主任医师、博士生导师 专长 单肺通气，疼痛发病机制研究，神经病理性疼痛与癌痛的治疗 基本情况： 中山大学肿瘤防治中心手..."
864,863,中山大学肿瘤防治中心,曾维安,https://www.sysucc.org.cn/node/3817,异常提示,,亮眼经历含导航文本，已清洗
866,865,中山大学肿瘤防治中心,李强,https://www.sysucc.org.cn/node/3820,亮眼经历线索,主任医师 围术期危重病人的诊疗及疼痛管理 加载更多 临床专家 面包屑 首页 / 临床科室 / 平台科室 / 手术麻醉科 / 临床专家 李强 职称：主任医师 专长 围术期危重病人的诊疗及疼痛管理 加载更多,主任医师 围术期危重病人的诊疗及疼痛管理 李强 职称：主任医师 专长 围术期危重病人的诊疗及疼痛管理
866,865,中山大学肿瘤防治中心,李强,https://www.sysucc.org.cn/node/3820,异常提示,,亮眼经历含导航文本，已清洗
867,866,中山大学肿瘤防治中心,李永春,https://www.sysucc.org.cn/node/12635,亮眼经历线索,副主任医师 临床专家 面包屑 首页 / 临床科室 / 平台科室 / 手术麻醉科 / 临床专家 李永春 职称：副主任医师 专长 肿瘤患者的麻醉评估与管理。,副主任医师 李永春 职称：副主任医师 专长 肿瘤患者的麻醉评估与管理。
867,866,中山大学肿瘤防治中心,李永春,https://www.sysucc.org.cn/node/12635,异常提示,,亮眼经历含导航文本，已清洗
870,869,中山大学肿瘤防治中心,温丽丽,https://www.sysucc.org.cn/node/3832,亮眼经历线索,医学博士，副主任医师，硕士生导师 肿瘤各专科手术的麻醉及危重症患者的处理 基本情况 中山大学附属肿瘤医院麻醉科副主任医师，硕士生导师 研究成果 主持国家自然科学基金青年项目、广东省自然科学基金面上项目各一项，主持中山大学青年教师培育项目，以第一作者发表高水平论文6篇。 加载更多 职称： 医学博士，副主任医师，硕士生导师 专长： 肿瘤各专科手术的麻醉及危重症患者的处理 基本情况 中山大学附属肿瘤医院麻醉科副主任医师，硕士生导师 研究成果 主持国家自然科学基金青年项目、广东省自然科学基金面上项目各一项，主持中山大学青年教师培育项目，以第一作者发表高水平论文6篇。 临床专家 面包屑 首页 / 临床科室 / 平台科室 / 手术麻醉科 / 临床专家 温丽丽 职称：医学博士，副主任医师，硕士生导师 专长 肿瘤各专科手术的麻醉及危重症患者的处理 职称： 医学博士，副主任医师，硕士生导师 专长： 肿瘤各专科手术的麻醉及危重症患者的处理 基...,医学博士，副主任医师，硕士生导师 肿瘤各专科手术的麻醉及危重症患者的处理 基本情况 中山大学附属肿瘤医院麻醉科副主任医师，硕士生导师 研究成果 主持国家自然科学基金青年项目、广东省自然科学基金面上项目各一项，主持中山大学青年教师培育项目，以第一作者发表高水平论文6篇。 职称： 医学博士，副主任医师，硕士生导师 专长： 肿瘤各专科手术的麻醉及危重症患者的处理 基本情况 中山大学附属肿瘤医院麻醉科副主任医师，硕士生导师 研究成果 主持国家自然科学基金青年项目、广东省自然科学基金面上项目各一项，主持中山大学青年教师培育项目，以第一作者发表高水平论文6篇。 温丽丽 职称：医学博士，副主任医师，硕士生导师 专长 肿瘤各专科手术的麻醉及危重症患者的处理 职称： 医学博士，副主任医师，硕士生导师 专长： 肿瘤各专科手术的麻醉及危重症患者的处理 基...
870,869,中山大学肿瘤防治中心,温丽丽,https://www.sysucc.org.cn/node/3832,异常提示,,亮眼经历含导航文本，已清洗
871,870,中山大学肿瘤防治中心,王剑,https://www.sysucc.org.cn/node/3830,亮眼经历线索,副主任医师 专长于肿瘤各专科手术的麻醉及危重病人的处理。 临床专家 面包屑 首页 / 临床科室 / 平台科室 / 手术麻醉科 / 临床专家 王剑 职称：副主任医师 专长 专长于肿瘤各专科手术的麻醉及危重病人的处理。,副主任医师 专长于肿瘤各专科手术的麻醉及危重病人的处理。 王剑 职称：副主任医师 专长 专长于肿瘤各专科手术的麻醉及危重病人的处理。
871,870,中山大学肿瘤防治中心,王剑,https://www.sysucc.org.cn/node/3830,异常提示,,亮眼经历含导航文本，已清洗
872,871,中山大学肿瘤防治中心,王培宗,https://www.sysucc.org.cn/node/10591,亮眼经历线索,副主任医师 临床专家 面包屑 首页 / 临床科室 / 平台科室 / 手术麻醉科 / 临床专家 王培宗 职称：副主任医师 专长 肿瘤围术期麻醉管理，急慢性疼痛诊疗，输液港植入、取出及调整术。 二、学术兼职 中国医师协会大数据分会委员 广东省老年保健协会委员 广东省高级生命支持协会专委会委员 更新时间：2026.7.10,副主任医师 王培宗 职称：副主任医师 专长 肿瘤围术期麻醉管理，急慢性疼痛诊疗，输液港植入、取出及调整术。 二、学术兼职 中国医师协会大数据分会委员 广东省老年保健协会委员 广东省高级生命支持协会专委会委员 更新时间：2026.7.10
872,871,中山大学肿瘤防治中心,王培宗,https://www.sysucc.org.cn/node/10591,异常提示,,亮眼经历含导航文本，已清洗
874,873,中山大学肿瘤防治中心,谢敬敦,https://www.sysucc.org.cn/node/3823,亮眼经历线索,手术麻醉科主任 职称：主任医师、博士生导师 临床专家 面包屑 首页 / 临床科室 / 平台科室 / 手术麻醉科 / 临床专家 谢敬敦 职务：手术麻醉科主任 职称：主任医师、博士生导师 专长 肿瘤各专科麻醉和疼痛诊治 职称：主任医师，博士生导师 专长：肿瘤各专科麻醉和疼痛诊治 门诊：疼痛门诊 每周二下午 319诊室 加载更多 职称：主任医师，博士生导师 专长：肿瘤各专科麻醉和疼痛诊治 基本情况 中山大学肿瘤防治中心手术麻醉科主任，主任医师、博士生导师。 《医师报》全国中青年麻醉菁英、广东省杰出青年医学人才。 主持国家自然科学基金面上项目、广东省自然科学杰青项目和重点项目等。,手术麻醉科主任 职称：主任医师、博士生导师 谢敬敦 职务：手术麻醉科主任 职称：主任医师、博士生导师 专长 肿瘤各专科麻醉和疼痛诊治 职称：主任医师，博士生导师 专长：肿瘤各专科麻醉和疼痛诊治 门诊：疼痛门诊 每周二下午 319诊室 职称：主任医师，博士生导师 专长：肿瘤各专科麻醉和疼痛诊治 基本情况 中山大学肿瘤防治中心手术麻醉科主任，主任医师、博士生导师。 《医师报》全国中青年麻醉菁英、广东省杰出青年医学人才。 主持国家自然科学基金面上项目、广东省自然科学杰青项目和重点项目等。
874,873,中山大学肿瘤防治中心,谢敬敦,https://www.sysucc.org.cn/node/3823,异常提示,,亮眼经历含导航文本，已清洗
877,876,中山大学肿瘤防治中心,赖仁纯,https://www.sysucc.org.cn/node/3821,亮眼经历线索,科副主任 职称：主任医师 围术期危重病人处理，急性疼痛处理 中山大学博士，肿瘤防治中心麻醉科主任医师，硕士生导师。 临床专家 面包屑 首页 / 临床科室 / 平台科室 / 手术麻醉科 / 临床专家 赖仁纯 职务：科副主任 职称：主任医师 专长 围术期危重病人处理，急性疼痛处理 主任医师 麻醉门诊，周二、五下午 专长：围术期危重病人处理，急性疼痛处理 中山大学博士，肿瘤防治中心麻醉科主任医师，硕士生导师。 社会任职：广东省麻醉学会青年委员，广东省抗癌协会肿瘤麻醉与镇痛专业委员会青年委员 美国弗吉尼亚大学医学院，访问学者 加载更多 中山大学肿瘤防治中心麻醉科，主任医师，硕士生导师 社会任职： 广东省麻醉学会青年委员 广东省抗癌协会肿瘤麻醉与镇痛专业委员会青年委员 科研与学术工作经历 2013/01-至今，中山大学，肿瘤防治中心，副主任医师 2013/09-2015/08，美国弗吉尼亚大学医学院，访问学者 主持科研项目（课题） ...,科副主任 职称：主任医师 围术期危重病人处理，急性疼痛处理 中山大学博士，肿瘤防治中心麻醉科主任医师，硕士生导师。 赖仁纯 职务：科副主任 职称：主任医师 专长 围术期危重病人处理，急性疼痛处理 主任医师 麻醉门诊，周二、五下午 专长：围术期危重病人处理，急性疼痛处理 中山大学博士，肿瘤防治中心麻醉科主任医师，硕士生导师。 社会任职：广东省麻醉学会青年委员，广东省抗癌协会肿瘤麻醉与镇痛专业委员会青年委员 美国弗吉尼亚大学医学院，访问学者 中山大学肿瘤防治中心麻醉科，主任医师，硕士生导师 社会任职： 广东省麻醉学会青年委员 广东省抗癌协会肿瘤麻醉与镇痛专业委员会青年委员 科研与学术工作经历 2013/01-至今，中山大学，肿瘤防治中心，副主任医师 2013/09-2015/08，美国弗吉尼亚大学医学院，访问学者 主持科研项目（课题） ...
877,876,中山大学肿瘤防治中心,赖仁纯,https://www.sysucc.org.cn/node/3821,异常提示,,亮眼经历含导航文本，已清洗
878,877,中山大学肿瘤防治中心,赖洁兰,https://www.sysucc.org.cn/node/3835,亮眼经历线索,副主任医师 临床专家 面包屑 首页 / 临床科室 / 平台科室 / 手术麻醉科 / 临床专家 赖洁兰 职称：副主任医师 专长 小儿麻醉和小儿输液港植入 1999年毕业于中山医科大学，从事临床麻醉研究与实践二十多年，致力于优化小儿手术、麻醉、输液，提供舒适化的就医体验。,副主任医师 赖洁兰 职称：副主任医师 专长 小儿麻醉和小儿输液港植入 1999年毕业于中山医科大学，从事临床麻醉研究与实践二十多年，致力于优化小儿手术、麻醉、输液，提供舒适化的就医体验。
878,877,中山大学肿瘤防治中心,赖洁兰,https://www.sysucc.org.cn/node/3835,异常提示,,亮眼经历含导航文本，已清洗
880,879,中山大学肿瘤防治中心,郭娜,https://www.sysucc.org.cn/node/8377,亮眼经历线索,副主任医师 临床专家 面包屑 首页 / 临床科室 / 平台科室 / 手术麻醉科 / 临床专家 郭娜 职称：副主任医师 专长 肿瘤各专科麻醉与围术期管理。 一、基本情况 副主任医师，硕士生导师，中山大学医学博士 二、学术兼职 广东省医学教育协会麻醉学专业委员会委员 三、主持科研项目 以第一负责人主持省部级项目2项 四、代表性论著 以第一作者或通讯作者发表论文10余篇 更新时间：2024.07.12,副主任医师 郭娜 职称：副主任医师 专长 肿瘤各专科麻醉与围术期管理。 一、基本情况 副主任医师，硕士生导师，中山大学医学博士 二、学术兼职 广东省医学教育协会麻醉学专业委员会委员 三、主持科研项目 以第一负责人主持省部级项目2项 四、代表性论著 以第一作者或通讯作者发表论文10余篇 更新时间：2024.07.12
880,879,中山大学肿瘤防治中心,郭娜,https://www.sysucc.org.cn/node/8377,异常提示,,亮眼经历含导航文本，已清洗
881,880,中山大学肿瘤防治中心,钟伟强,https://www.sysucc.org.cn/node/6444,亮眼经历线索,副主任医师 临床专家 面包屑 首页 / 临床科室 / 平台科室 / 手术麻醉科 / 临床专家 钟伟强 职称：副主任医师 专长 肿瘤病人的麻醉评估和管理。,副主任医师 钟伟强 职称：副主任医师 专长 肿瘤病人的麻醉评估和管理。
881,880,中山大学肿瘤防治中心,钟伟强,https://www.sysucc.org.cn/node/6444,异常提示,,亮眼经历含导航文本，已清洗
883,882,中山大学肿瘤防治中心,黄婉,https://www.sysucc.org.cn/node/3824,亮眼经历线索,副主任医师 主持国家自然科学基金青年基金和省级课题各一项。 发表高水平论文10余篇。 临床专家 面包屑 首页 / 临床科室 / 平台科室 / 手术麻醉科 / 临床专家 黄婉 职称：副主任医师 专长 麻醉与镇痛处理 黄婉，中山大学肿瘤防治中心麻醉科秘书，医学博士，副主任医师，硕士生导师。,副主任医师 主持国家自然科学基金青年基金和省级课题各一项。 发表高水平论文10余篇。 黄婉 职称：副主任医师 专长 麻醉与镇痛处理 黄婉，中山大学肿瘤防治中心麻醉科秘书，医学博士，副主任医师，硕士生导师。
883,882,中山大学肿瘤防治中心,黄婉,https://www.sysucc.org.cn/node/3824,异常提示,,亮眼经历含导航文本，已清洗
884,883,中山大学肿瘤防治中心,miRNA-...,https://www.sysucc.org.cn/node/1683,亮眼经历线索,后装放疗组长 职称：主任医师、主诊教授、临床大PI、硕士研究生导师、博士后合作导师 临床专家 面包屑 首页 / 临床科室 / 放疗系列 / 放疗科 / 临床专家 曹新平 职务：后装放疗组长 职称：主任医师、主诊教授、临床大PI、硕士研究生导师、博士后合作导师 专长 妇科肿瘤放射治疗和近距离（后装）放射治疗 一、基本情况 职务：后装放疗组长 专家门诊时间：周一上午、 周二上午，周三上午（黄埔院区），周四上午 专业特长：肿瘤放射治疗临床工作及研究。 二、学习及工作经历 1980年—1986年：中山医科大学就读医疗系 1986年至今：中山大学附属肿瘤医院放疗科工作 1995年—1998年：中山医科大学就读硕士生 1998年—2001年：中山医科大学就读博士生 三、行业兼职 中国抗癌协会：理事 中国抗癌协会近距离放疗专业委员会：主任委员 中华医学会肿瘤放射治疗学近距离放疗学组：副组长 中国医师协会近距离放疗学组：副组长 国家癌症中...,后装放疗组长 职称：主任医师、主诊教授、临床大PI、硕士研究生导师、博士后合作导师 曹新平 职务：后装放疗组长 职称：主任医师、主诊教授、临床大PI、硕士研究生导师、博士后合作导师 专长 妇科肿瘤放射治疗和近距离（后装）放射治疗 一、基本情况 职务：后装放疗组长 专家门诊时间：周一上午、 周二上午，周三上午（黄埔院区），周四上午 专业特长：肿瘤放射治疗临床工作及研究。 二、学习及工作经历 1980年—1986年：中山医科大学就读医疗系 1986年至今：中山大学附属肿瘤医院放疗科工作 1995年—1998年：中山医科大学就读硕士生 1998年—2001年：中山医科大学就读博士生 三、行业兼职 中国抗癌协会：理事 中国抗癌协会近距离放疗专业委员会：主任委员 中华医学会肿瘤放射治疗学近距离放疗学组：副组长 中国医师协会近距离放疗学组：副组长 国家癌症中...
884,883,中山大学肿瘤防治中心,miRNA-...,https://www.sysucc.org.cn/node/1683,异常提示,,亮眼经历含导航文本，已清洗
885,884,中山大学肿瘤防治中心,习勉,https://www.sysucc.org.cn/node/1681,亮眼经历线索,广东省食管癌研究所副所长 职称：主任医师、教授、博士生导师、食管癌首席专家 2、肝癌的精准放疗。 临床专家 面包屑 首页 / 临床科室 / 放疗系列 / 放疗科 / 临床专家 习勉 职务：广东省食管癌研究所副所长 职称：主任医师、教授、博士生导师、食管癌首席专家 专长 食管癌、肝癌等胸腹部肿瘤的放射治疗 一、基本情况 职称： 主任医师、教授、博士生导师 职务： 广东省食管癌研究所副所长 专业特长： 食管癌、肝癌等胸腹部肿瘤的放射治疗 门诊时间： 周二上午、下午（越秀院区），周四上午（黄埔院区） 主要研究方向： 1、食管癌的放化综合治疗； 2、肝癌的精准放疗。,广东省食管癌研究所副所长 职称：主任医师、教授、博士生导师、食管癌首席专家 2、肝癌的精准放疗。 习勉 职务：广东省食管癌研究所副所长 职称：主任医师、教授、博士生导师、食管癌首席专家 专长 食管癌、肝癌等胸腹部肿瘤的放射治疗 一、基本情况 职称： 主任医师、教授、博士生导师 职务： 广东省食管癌研究所副所长 专业特长： 食管癌、肝癌等胸腹部肿瘤的放射治疗 门诊时间： 周二上午、下午（越秀院区），周四上午（黄埔院区） 主要研究方向： 1、食管癌的放化综合治疗； 2、肝癌的精准放疗。
885,884,中山大学肿瘤防治中心,习勉,https://www.sysucc.org.cn/node/1681,异常提示,,亮眼经历含导航文本，已清洗
886,885,中山大学肿瘤防治中心,何振宇,https://www.sysucc.org.cn/node/1665,亮眼经历线索,科副主任 职称：主任医师、博士生导师 临床专家 面包屑 首页 / 临床科室 / 放疗系列 / 放疗科 / 临床专家 何振宇 职务：科副主任 职称：主任医师、博士生导师 专长 擅长乳腺肿瘤的放射治疗及综合治疗、鼻咽癌、肺癌、食管癌等胸腹部肿瘤的放射治疗。,科副主任 职称：主任医师、博士生导师 何振宇 职务：科副主任 职称：主任医师、博士生导师 专长 擅长乳腺肿瘤的放射治疗及综合治疗、鼻咽癌、肺癌、食管癌等胸腹部肿瘤的放射治疗。
886,885,中山大学肿瘤防治中心,何振宇,https://www.sysucc.org.cn/node/1665,异常提示,,亮眼经历含导航文本，已清洗
887,886,中山大学肿瘤防治中心,何立儒,https://www.sysucc.org.cn/node/1678,亮眼经历线索,主任医师、主诊教授、大PI、博士生导师 擅长泌尿系肿瘤（前列腺癌、肾癌、尿路上皮癌等）的放射治疗及多学科综合治疗，尤其擅长影像引导，大分割放疗、立体定向放疗和自适应放疗等技术在泌尿系肿瘤的应用。 临床专家 面包屑 首页 / 临床科室 / 放疗系列 / 放疗科 / 临床专家 何立儒 职称：主任医师、主诊教授、大PI、博士生导师 专长 擅长泌尿系肿瘤（前列腺癌、肾癌、尿路上皮癌等）的放射治疗及多学科综合治疗，尤其擅长影像引导，大分割放疗、立体定向放疗和自适应放疗等技术在泌尿系肿瘤的应用。 一、基本情况 何立儒，女，中山大学肿瘤防治中心放疗科主任医师、博士生导师、主诊教授、泌尿系肿瘤放疗大PI；,主任医师、主诊教授、大PI、博士生导师 擅长泌尿系肿瘤（前列腺癌、肾癌、尿路上皮癌等）的放射治疗及多学科综合治疗，尤其擅长影像引导，大分割放疗、立体定向放疗和自适应放疗等技术在泌尿系肿瘤的应用。 何立儒 职称：主任医师、主诊教授、大PI、博士生导师 专长 擅长泌尿系肿瘤（前列腺癌、肾癌、尿路上皮癌等）的放射治疗及多学科综合治疗，尤其擅长影像引导，大分割放疗、立体定向放疗和自适应放疗等技术在泌尿系肿瘤的应用。 一、基本情况 何立儒，女，中山大学肿瘤防治中心放疗科主任医师、博士生导师、主诊教授、泌尿系肿瘤放疗大PI；
887,886,中山大学肿瘤防治中心,何立儒,https://www.sysucc.org.cn/node/1678,异常提示,,亮眼经历含导航文本，已清洗
889,888,中山大学肿瘤防治中心,刘慧,https://www.sysucc.org.cn/node/1658,亮眼经历线索,放疗科副主任 职称：主任医师、教授、博士生导师 临床专家 面包屑 首页 / 临床科室 / 放疗系列 / 放疗科 / 临床专家 刘慧(小) 职务：放疗科副主任 职称：主任医师、教授、博士生导师 专长 擅长胸部肿瘤（肺癌、食道癌、纵膈肿瘤）的放射治疗 一、基本情况 职称：主任医师、教授、博士生导师 职务：放疗科副主任 专家门诊时间：周一、周四上午 专业特长：肿瘤放射治疗。 二、学习及工作经历： 1994年—1999年：中山医科大学临床医疗系就读 1999年—2001年：中山医科大学附属肿瘤医院放疗科硕士研究生 2004年—2007年：中山医科大学附属肿瘤医院放疗科博士研究生 2001年—至今：中山大学附属肿瘤医院工作 2010年—2011年：美国MD Anderson癌症中心工作 加载更多 一、基本情况 职称：主任医师、教授、博士生导师 职务：放疗科副主任 专家门诊时间：周一、周四上午 专业特长：肿瘤放射治疗。 二、学习及工作...,放疗科副主任 职称：主任医师、教授、博士生导师 刘慧(小) 职务：放疗科副主任 职称：主任医师、教授、博士生导师 专长 擅长胸部肿瘤（肺癌、食道癌、纵膈肿瘤）的放射治疗 一、基本情况 职称：主任医师、教授、博士生导师 职务：放疗科副主任 专家门诊时间：周一、周四上午 专业特长：肿瘤放射治疗。 二、学习及工作经历： 1994年—1999年：中山医科大学临床医疗系就读 1999年—2001年：中山医科大学附属肿瘤医院放疗科硕士研究生 2004年—2007年：中山医科大学附属肿瘤医院放疗科博士研究生 2001年—至今：中山大学附属肿瘤医院工作 2010年—2011年：美国MD Anderson癌症中心工作 一、基本情况 职称：主任医师、教授、博士生导师 职务：放疗科副主任 专家门诊时间：周一、周四上午 专业特长：肿瘤放射治疗。
889,888,中山大学肿瘤防治中心,刘慧,https://www.sysucc.org.cn/node/1658,异常提示,,亮眼经历含导航文本，已清洗
890,889,中山大学肿瘤防治中心,刘方杰,https://www.sysucc.org.cn/node/8257,亮眼经历线索,副主任医师 临床专家 面包屑 首页 / 临床科室 / 放疗系列 / 放疗科 / 临床专家 刘方杰 职称：副主任医师 专长 肺癌、食管癌等胸部肿瘤的放射治疗。 一、教育及工作经历 2012年-2020年 北京协和医学院临床医学八年制专业就读，获得医学博士学位 2020年-2023年 中山大学肿瘤防治中心放疗科医师（其间：2020-2022年中山大学肿瘤防治中心进行博士后培养） 2024年-至今 中山大学肿瘤防治中心放疗科副主任医师 更新时间：2024.06.17,副主任医师 刘方杰 职称：副主任医师 专长 肺癌、食管癌等胸部肿瘤的放射治疗。 一、教育及工作经历 2012年-2020年 北京协和医学院临床医学八年制专业就读，获得医学博士学位 2020年-2023年 中山大学肿瘤防治中心放疗科医师（其间：2020-2022年中山大学肿瘤防治中心进行博士后培养） 2024年-至今 中山大学肿瘤防治中心放疗科副主任医师 更新时间：2024.06.17
890,889,中山大学肿瘤防治中心,刘方杰,https://www.sysucc.org.cn/node/8257,异常提示,,亮眼经历含导航文本，已清洗
891,890,中山大学肿瘤防治中心,刘施亮,https://www.sysucc.org.cn/node/1713,亮眼经历线索,科教学秘书 职称：副主任医师 临床专家 面包屑 首页 / 临床科室 / 放疗系列 / 放疗科 / 临床专家 刘施亮 职务：科教学秘书 职称：副主任医师 专长 1.胸腹部肿瘤的放射治疗及放射增敏剂的临床研究； 5.鼻咽癌放化综合治疗 一、基本情况 职务：科教学秘书 职称：副主任医师 专家门诊时间：周二下午（黄埔院区） 专业特长：1. 胸腹部肿瘤的放射治疗及放射增敏剂的临床研究 2. 食管癌同期放化疗 3. 肝癌立体定向放射治疗 4. 肺癌放化综合治疗 5. 鼻咽癌放化综合治疗 二、学习及工作经历 2022/01-至今，中山大学，肿瘤防治中心，副主任医师 2019/01-2021/12，中山大学，肿瘤防治中心，主治医师 2016/07-2018/12，中山大学，肿瘤防治中心，住院医师 2011/09-2016/06，中山大学，肿瘤防治中心，硕博连读， 2005/09-2010/06，广州医科大学，临床医学专业 本科 三、学术兼...,科教学秘书 职称：副主任医师 刘施亮 职务：科教学秘书 职称：副主任医师 专长 1.胸腹部肿瘤的放射治疗及放射增敏剂的临床研究； 5.鼻咽癌放化综合治疗 一、基本情况 职务：科教学秘书 职称：副主任医师 专家门诊时间：周二下午（黄埔院区） 专业特长：1. 胸腹部肿瘤的放射治疗及放射增敏剂的临床研究 2. 食管癌同期放化疗 3. 肝癌立体定向放射治疗 4. 肺癌放化综合治疗 5. 鼻咽癌放化综合治疗 二、学习及工作经历 2022/01-至今，中山大学，肿瘤防治中心，副主任医师 2019/01-2021/12，中山大学，肿瘤防治中心，主治医师 2016/07-2018/12，中山大学，肿瘤防治中心，住院医师 2011/09-2016/06，中山大学，肿瘤防治中心，硕博连读， 2005/09-2010/06，广州医科大学，临床医学专业 本科 三、学术兼...
891,890,中山大学肿瘤防治中心,刘施亮,https://www.sysucc.org.cn/node/1713,异常提示,,亮眼经历含导航文本，已清洗
894,893,中山大学肿瘤防治中心,刘红英,https://www.sysucc.org.cn/node/1691,亮眼经历线索,副主任医师 临床专家 面包屑 首页 / 临床科室 / 放疗系列 / 放疗科 / 临床专家 刘红英 职称：副主任医师 专长 擅长妇科肿瘤放射治疗和近距离（后装）放射治疗（宫颈癌、子宫内膜癌、阴道癌、外阴癌）及综合治疗。,副主任医师 刘红英 职称：副主任医师 专长 擅长妇科肿瘤放射治疗和近距离（后装）放射治疗（宫颈癌、子宫内膜癌、阴道癌、外阴癌）及综合治疗。
894,893,中山大学肿瘤防治中心,刘红英,https://www.sysucc.org.cn/node/1691,异常提示,,亮眼经历含导航文本，已清洗
895,894,中山大学肿瘤防治中心,刘需,https://www.sysucc.org.cn/node/1722,亮眼经历线索,副主任医师、博士生导师 擅长鼻咽癌、脑转移瘤、骨转移瘤、口腔癌、舌癌、口咽癌、下咽癌、喉癌等精准治疗。 临床专家 面包屑 首页 / 临床科室 / 放疗系列 / 放疗科 / 临床专家 刘需 职称：副主任医师、博士生导师 专长 擅长鼻咽癌、脑转移瘤、骨转移瘤、口腔癌、舌癌、口咽癌、下咽癌、喉癌等精准治疗。 在国际上首次发现PD-1抗体显著提高了局部晚期鼻咽癌的疗效，代表性成果发表于Lancet（2篇，1篇实际第一，1篇共同第一排第二）、JAMA（共同第一排第二）、STTT（最后通讯）和JAMA Oncol（2篇，均为实际第一）等杂志。,副主任医师、博士生导师 擅长鼻咽癌、脑转移瘤、骨转移瘤、口腔癌、舌癌、口咽癌、下咽癌、喉癌等精准治疗。 刘需 职称：副主任医师、博士生导师 专长 擅长鼻咽癌、脑转移瘤、骨转移瘤、口腔癌、舌癌、口咽癌、下咽癌、喉癌等精准治疗。 在国际上首次发现PD-1抗体显著提高了局部晚期鼻咽癌的疗效，代表性成果发表于Lancet（2篇，1篇实际第一，1篇共同第一排第二）、JAMA（共同第一排第二）、STTT（最后通讯）和JAMA Oncol（2篇，均为实际第一）等杂志。
895,894,中山大学肿瘤防治中心,刘需,https://www.sysucc.org.cn/node/1722,异常提示,,亮眼经历含导航文本，已清洗
896,895,中山大学肿瘤防治中心,卢丽霞,https://www.sysucc.org.cn/node/1673,亮眼经历线索,主任医师、硕士生导师 临床专家 面包屑 首页 / 临床科室 / 放疗系列 / 放疗科 / 临床专家 卢丽霞 职称：主任医师、硕士生导师 专长 头颈部肿瘤（包括鼻咽癌）放射治疗 一、基本情况 职称：主任医师 专家门诊时间： 周一上午； 二、学习及工作经历： 1978年—1983年：江西医学院医学系就读 1983年—1986年：江西医学院第二附属医院工作 1986年—1989年：中山医科大学硕士研究生 1989年—2000年：中山大学附属肿瘤医院影像介入科工作 2000年至今：中山大学附属肿瘤医院放疗科工作，期间（2005—2010年）攻读在职博士生 加载更多 生于1964年，中山医科大学硕士毕业，现任主任医师. 主攻方向和特长： 头颈部肿瘤（包括鼻咽癌）放射治疗 主要论文及著作： ①、垂体腺瘤CT轴面扫描及重建的意义 癌症 （1989） ②、垂体微腺瘤立体定位法与经蝶显微手术体会 中国神经精神疾病杂志（1992） ③、梗阻性...,主任医师、硕士生导师 卢丽霞 职称：主任医师、硕士生导师 专长 头颈部肿瘤（包括鼻咽癌）放射治疗 一、基本情况 职称：主任医师 专家门诊时间： 周一上午； 二、学习及工作经历： 1978年—1983年：江西医学院医学系就读 1983年—1986年：江西医学院第二附属医院工作 1986年—1989年：中山医科大学硕士研究生 1989年—2000年：中山大学附属肿瘤医院影像介入科工作 2000年至今：中山大学附属肿瘤医院放疗科工作，期间（2005—2010年）攻读在职博士生 生于1964年，中山医科大学硕士毕业，现任主任医师. 主攻方向和特长： 头颈部肿瘤（包括鼻咽癌）放射治疗 主要论文及著作： ①、垂体腺瘤CT轴面扫描及重建的意义 癌症 （1989） ②、垂体微腺瘤立体定位法与经蝶显微手术体会 中国神经精神疾病杂志（1992） ③、梗阻性...
896,895,中山大学肿瘤防治中心,卢丽霞,https://www.sysucc.org.cn/node/1673,异常提示,,亮眼经历含导航文本，已清洗
898,897,中山大学肿瘤防治中心,吕佳蔚,https://www.sysucc.org.cn/node/9637,亮眼经历线索,副主任医师、副研究员 鼻咽癌及其他头颈部肿瘤（舌癌、牙龈癌、扁桃体癌、喉癌等）的精准放射治疗。 临床专家 面包屑 首页 / 临床科室 / 放疗系列 / 放疗科 / 临床专家 吕佳蔚 职称：副主任医师、副研究员 专长 鼻咽癌及其他头颈部肿瘤（舌癌、牙龈癌、扁桃体癌、喉癌等）的精准放射治疗。 一、教育及工作经历 2021/08–2024/10 | 中山大学肿瘤防治中心 博士后 2018/09–2021/06 | 中山大学肿瘤防治中心 博士 2015/09–2018/06 | 中山大学肿瘤防治中心 硕士 2010/09–2015/06 | 武汉大学临床医学 本科 二、获奖及荣誉 获得金山茶花人民好医生、美国临床肿瘤学会Merit Award等奖励 更新时间：2026.2.26,副主任医师、副研究员 鼻咽癌及其他头颈部肿瘤（舌癌、牙龈癌、扁桃体癌、喉癌等）的精准放射治疗。 吕佳蔚 职称：副主任医师、副研究员 专长 鼻咽癌及其他头颈部肿瘤（舌癌、牙龈癌、扁桃体癌、喉癌等）的精准放射治疗。 一、教育及工作经历 2021/08–2024/10 | 中山大学肿瘤防治中心 博士后 2018/09–2021/06 | 中山大学肿瘤防治中心 博士 2015/09–2018/06 | 中山大学肿瘤防治中心 硕士 2010/09–2015/06 | 武汉大学临床医学 本科 二、获奖及荣誉 获得金山茶花人民好医生、美国临床肿瘤学会Merit Award等奖励 更新时间：2026.2.26
898,897,中山大学肿瘤防治中心,吕佳蔚,https://www.sysucc.org.cn/node/9637,异常提示,,亮眼经历含导航文本，已清洗
899,898,中山大学肿瘤防治中心,吴少雄,https://www.sysucc.org.cn/node/1666,亮眼经历线索,病区区长 职称：教授、主任医师、硕士生导师 临床专家 面包屑 首页 / 临床科室 / 放疗系列 / 放疗科 / 临床专家 吴少雄 职务：病区区长 职称：教授、主任医师、硕士生导师 专长 中枢神经系统和头颈肿瘤放疗及综合治疗 一、基本情况 职称：教授、主任医师、硕士生导师 职务：区长 专家门诊时间：周二上午； 1997～1998年赴香港威尔斯亲王医院进修，2011年到美国达拉斯市贝勒医院做短期访问。 多次参加美国临床肿瘤年会（ASCO）和放射治疗肿瘤年会（ASTRO）。,病区区长 职称：教授、主任医师、硕士生导师 吴少雄 职务：病区区长 职称：教授、主任医师、硕士生导师 专长 中枢神经系统和头颈肿瘤放疗及综合治疗 一、基本情况 职称：教授、主任医师、硕士生导师 职务：区长 专家门诊时间：周二上午； 1997～1998年赴香港威尔斯亲王医院进修，2011年到美国达拉斯市贝勒医院做短期访问。 多次参加美国临床肿瘤年会（ASCO）和放射治疗肿瘤年会（ASTRO）。
899,898,中山大学肿瘤防治中心,吴少雄,https://www.sysucc.org.cn/node/1666,异常提示,,亮眼经历含导航文本，已清洗
900,899,中山大学肿瘤防治中心,周冠群,https://www.sysucc.org.cn/node/1718,亮眼经历线索,主任医师 擅长鼻咽癌、喉癌、下咽癌等头颈部恶性肿瘤的放疗 擅长鼻咽癌、喉癌、下咽癌等头颈部恶性肿瘤的放疗 主要研究方向为鼻咽癌的个体化治疗和正常组织损伤 第一或共同第一作者发表高水平论文20余篇 主持国家自然科学基金青年项目和广东省自然科学基金委各1项 获得2014年“中华医学科技奖一等奖”，2014年“广东省科技进步一等奖”和2014年“教育部科学技术进步一等奖” 加载更多 擅长鼻咽癌、喉癌、下咽癌等头颈部恶性肿瘤的放疗 主要研究方向为鼻咽癌的个体化治疗和正常组织损伤 第一或共同第一作者发表高水平论文20余篇 主持国家自然科学基金青年项目和广东省自然科学基金委各1项 获得2014年“中华医学科技奖一等奖”，2014年“广东省科技进步一等奖”和2014年“教育部科学技术进步一等奖” 更新日期：2023年10月25日 临床专家 面包屑 首页 / 临床科室 / 放疗系列 / 放疗科 / 临床专家 周冠群 职称：主任医师 专长 ...,主任医师 擅长鼻咽癌、喉癌、下咽癌等头颈部恶性肿瘤的放疗 擅长鼻咽癌、喉癌、下咽癌等头颈部恶性肿瘤的放疗 主要研究方向为鼻咽癌的个体化治疗和正常组织损伤 第一或共同第一作者发表高水平论文20余篇 主持国家自然科学基金青年项目和广东省自然科学基金委各1项 获得2014年“中华医学科技奖一等奖”，2014年“广东省科技进步一等奖”和2014年“教育部科学技术进步一等奖” 擅长鼻咽癌、喉癌、下咽癌等头颈部恶性肿瘤的放疗 主要研究方向为鼻咽癌的个体化治疗和正常组织损伤 第一或共同第一作者发表高水平论文20余篇 主持国家自然科学基金青年项目和广东省自然科学基金委各1项 获得2014年“中华医学科技奖一等奖”，2014年“广东省科技进步一等奖”和2014年“教育部科学技术进步一等奖” 更新日期：2023年10月25日 周冠群 职称：主任医师 专长 ...
900,899,中山大学肿瘤防治中心,周冠群,https://www.sysucc.org.cn/node/1718,异常提示,,亮眼经历含导航文本，已清洗
902,901,中山大学肿瘤防治中心,夏云飞,https://www.sysucc.org.cn/node/1656,亮眼经历线索,科主任导师 职称：教授、主任医师、博士生导师 临床专家 面包屑 首页 / 临床科室 / 放疗系列 / 放疗科 / 临床专家 夏云飞 职务：科主任导师 职称：教授、主任医师、博士生导师 专长 鼻咽癌、神经肿瘤及淋巴瘤的放射治疗 一、基本情况 职称：教授、主任医师、博士生导师 职务：放疗科 科主任导师 专家门诊时间：周一下午； 二、学习及工作经历： 1980年—1985年：江苏省苏州医学院放射医学专业就读 1985年—1987年：江苏省镇江医学院一附院工作 1987年至今：中山大学附属肿瘤医院工作 1991年—1994年：中山医科大学肿瘤医院硕士研究生 1999年：美国MD Anderson癌症中心放疗科访问学者 2009年：中山大学附属肿瘤医院放疗科副主任 2024年至今：中山大学附属肿瘤医院放疗科副主任 加载更多 教育经历 ： 1980年9月至 1985年7月苏州医学院放射医学专业获得医学学士学位 1991年9月至 199...,科主任导师 职称：教授、主任医师、博士生导师 夏云飞 职务：科主任导师 职称：教授、主任医师、博士生导师 专长 鼻咽癌、神经肿瘤及淋巴瘤的放射治疗 一、基本情况 职称：教授、主任医师、博士生导师 职务：放疗科 科主任导师 专家门诊时间：周一下午； 二、学习及工作经历： 1980年—1985年：江苏省苏州医学院放射医学专业就读 1985年—1987年：江苏省镇江医学院一附院工作 1987年至今：中山大学附属肿瘤医院工作 1991年—1994年：中山医科大学肿瘤医院硕士研究生 1999年：美国MD Anderson癌症中心放疗科访问学者 2009年：中山大学附属肿瘤医院放疗科副主任 2024年至今：中山大学附属肿瘤医院放疗科副主任 教育经历 ： 1980年9月至 1985年7月苏州医学院放射医学专业获得医学学士学位 1991年9月至 199...
902,901,中山大学肿瘤防治中心,夏云飞,https://www.sysucc.org.cn/node/1656,异常提示,,亮眼经历含导航文本，已清洗
903,902,中山大学肿瘤防治中心,孙家媛,https://www.sysucc.org.cn/node/1701,亮眼经历线索,"副主任医师 临床专家 面包屑 首页 / 临床科室 / 放疗系列 / 放疗科 / 临床专家 孙家媛 职称：副主任医师 专长 肿瘤的诊断及放射治疗。 一、基本情况 门诊时间：每周二下午，云诊室周一至周五 二、科研项目 广东省医学科研基金面上项目，A2017023,ZNF780AcircRNA通过调控RFC3表达对乳腺癌进展的研究(,主持) 广东省科技社会发展攻关项目，81372818),早期乳腺癌保乳术后全乳腺大分割放射治疗(HF-WBI) 临床研究，(第二负责人) 国家自然科学基金青年项目，81803050,甲状腺素受体交互子13 (TRIP13) 诱导三阴型乳腺癌放疗抵抗的分子机制(第二负责人) 国家自然科学基金面上项目，81872459,TMSB10诱导三阴性乳腺癌放疗抵抗的分子机制，(第三参与人) 三、临床研究及新技术 人工智能辅助乳腺癌全切术后一站式放疗的II期临床研究(主持） 人工智能辅助乳腺癌保乳术后一站式放疗的...","副主任医师 孙家媛 职称：副主任医师 专长 肿瘤的诊断及放射治疗。 一、基本情况 门诊时间：每周二下午，云诊室周一至周五 二、科研项目 广东省医学科研基金面上项目，A2017023,ZNF780AcircRNA通过调控RFC3表达对乳腺癌进展的研究(,主持) 广东省科技社会发展攻关项目，81372818),早期乳腺癌保乳术后全乳腺大分割放射治疗(HF-WBI) 临床研究，(第二负责人) 国家自然科学基金青年项目，81803050,甲状腺素受体交互子13 (TRIP13) 诱导三阴型乳腺癌放疗抵抗的分子机制(第二负责人) 国家自然科学基金面上项目，81872459,TMSB10诱导三阴性乳腺癌放疗抵抗的分子机制，(第三参与人) 三、临床研究及新技术 人工智能辅助乳腺癌全切术后一站式放疗的II期临床研究(主持） 人工智能辅助乳腺癌保乳术后一站式放疗的..."
903,902,中山大学肿瘤防治中心,孙家媛,https://www.sysucc.org.cn/node/1701,异常提示,,亮眼经历含导航文本，已清洗
904,903,中山大学肿瘤防治中心,孙颖,https://www.sysucc.org.cn/node/1654,亮眼经历线索,中心副主任、医院副院长，中心党委委员 职称：教授、主任医师、博士生导师、鼻咽癌首席专家 临床专家 面包屑 首页 / 临床科室 / 放疗系列 / 放疗科 / 临床专家 孙颖 职务：中心副主任、医院副院长，中心党委委员 职称：教授、主任医师、博士生导师、鼻咽癌首席专家 专长 头颈部肿瘤尤其是鼻咽癌的临床诊断、放射治疗及综合治疗。 一、基本情况 职务：中心副主任、医院副院长，中心党委委员 职称：教授，主任医师、博士生导师 荣誉称号：人社部国家百千万人才工程“有突出贡献中青年专家”、科技部创新人才推进计划中青年科技创新领军人才 专家门诊时间：周一上午（黄埔），周二、周四上午（越秀) 专业特长：头颈部肿瘤尤其是鼻咽癌的临床诊断、放射治疗及综合治疗。 二、学习及工作经历 1992.09-1997.06 哈尔滨医科大学，医学影像，学士 1997.09-2002.06 中山大学，影像医学与核医学，医学博士，导师：梁碧玲 2002.07-2...,中心副主任、医院副院长，中心党委委员 职称：教授、主任医师、博士生导师、鼻咽癌首席专家 孙颖 职务：中心副主任、医院副院长，中心党委委员 职称：教授、主任医师、博士生导师、鼻咽癌首席专家 专长 头颈部肿瘤尤其是鼻咽癌的临床诊断、放射治疗及综合治疗。 一、基本情况 职务：中心副主任、医院副院长，中心党委委员 职称：教授，主任医师、博士生导师 荣誉称号：人社部国家百千万人才工程“有突出贡献中青年专家”、科技部创新人才推进计划中青年科技创新领军人才 专家门诊时间：周一上午（黄埔），周二、周四上午（越秀) 专业特长：头颈部肿瘤尤其是鼻咽癌的临床诊断、放射治疗及综合治疗。
904,903,中山大学肿瘤防治中心,孙颖,https://www.sysucc.org.cn/node/1654,异常提示,,亮眼经历含导航文本，已清洗
905,904,中山大学肿瘤防治中心,常晖,https://www.sysucc.org.cn/node/1705,亮眼经历线索,副主任医师 临床专家 面包屑 首页 / 临床科室 / 放疗系列 / 放疗科 / 临床专家 常晖 职称：副主任医师 专长 结直肠癌、尿路上皮癌、前列腺癌的放射治疗、综合治疗及器官保留治疗。 就职于中山大学肿瘤防治中心，现任放疗科主诊教授、副主任医师、硕士生导师。 迄今，以第一作者或通讯作者在The BMJ等国际专业学术期刊发表论文20余篇，主持广东省自然科学基金面上项目2项，参与多项国家级、省部级科研课题。,副主任医师 常晖 职称：副主任医师 专长 结直肠癌、尿路上皮癌、前列腺癌的放射治疗、综合治疗及器官保留治疗。 就职于中山大学肿瘤防治中心，现任放疗科主诊教授、副主任医师、硕士生导师。 迄今，以第一作者或通讯作者在The BMJ等国际专业学术期刊发表论文20余篇，主持广东省自然科学基金面上项目2项，参与多项国家级、省部级科研课题。
905,904,中山大学肿瘤防治中心,常晖,https://www.sysucc.org.cn/node/1705,异常提示,,亮眼经历含导航文本，已清洗
906,905,中山大学肿瘤防治中心,张媛,https://www.sysucc.org.cn/node/6443,亮眼经历线索,副主任医师、研究员、博士生导师 临床专家 面包屑 首页 / 临床科室 / 放疗系列 / 放疗科 / 临床专家 张媛 职称：副主任医师、研究员、博士生导师 专长 鼻咽癌的综合治疗，骨转移瘤、脑转移瘤的放射治疗。 一、个人基本情况 张媛，国家优青，中山大学肿瘤防治中心放疗科副主任医师、研究员、博士生导师。 获得国自然优秀青年科学基金（2024）和广东省自然杰出青年基金（2023）等人才项目。,副主任医师、研究员、博士生导师 张媛 职称：副主任医师、研究员、博士生导师 专长 鼻咽癌的综合治疗，骨转移瘤、脑转移瘤的放射治疗。 一、个人基本情况 张媛，国家优青，中山大学肿瘤防治中心放疗科副主任医师、研究员、博士生导师。 获得国自然优秀青年科学基金（2024）和广东省自然杰出青年基金（2023）等人才项目。
906,905,中山大学肿瘤防治中心,张媛,https://www.sysucc.org.cn/node/6443,异常提示,,亮眼经历含导航文本，已清洗
907,906,中山大学肿瘤防治中心,徐骋,https://www.sysucc.org.cn/node/1716,亮眼经历线索,副主任医师 临床专家 面包屑 首页 / 临床科室 / 放疗系列 / 放疗科 / 临床专家 徐骋 职称：副主任医师 专长 鼻咽癌、下咽癌、喉癌、牙龈癌、舌癌、扁桃体癌、鼻腔癌、口底癌等头颈肿瘤的放化疗综合治疗及免疫治疗 一、基本情况 职称：副主任医师 专家门诊时间：越秀院区（周四下午） 专业特长： 鼻咽癌、下咽癌、喉癌、牙龈癌、舌癌、扁桃体癌、鼻腔癌、口底癌等头颈肿瘤的放化疗综合治疗及免疫治疗 二、学习及工作经历 重庆渝北人，2010级中山大学临床医学八年制，2018年毕业于中山大学肿瘤防治中心，师从马骏教授。 三、主持科研项目 主持国家自然科学基金青年项目1项、广东省医学科研基金项目1项。 加载更多 一、基本情况 职称：副主任医师 专家门诊时间：越秀院区（周四下午） 专业特长： 鼻咽癌、下咽癌、喉癌、牙龈癌、舌癌、扁桃体癌、鼻腔癌、口底癌等头颈肿瘤的放化疗综合治疗及免疫治疗 二、学习及工作经历 重庆渝北人，2010级中山大...,副主任医师 徐骋 职称：副主任医师 专长 鼻咽癌、下咽癌、喉癌、牙龈癌、舌癌、扁桃体癌、鼻腔癌、口底癌等头颈肿瘤的放化疗综合治疗及免疫治疗 一、基本情况 职称：副主任医师 专家门诊时间：越秀院区（周四下午） 专业特长： 鼻咽癌、下咽癌、喉癌、牙龈癌、舌癌、扁桃体癌、鼻腔癌、口底癌等头颈肿瘤的放化疗综合治疗及免疫治疗 二、学习及工作经历 重庆渝北人，2010级中山大学临床医学八年制，2018年毕业于中山大学肿瘤防治中心，师从马骏教授。 三、主持科研项目 主持国家自然科学基金青年项目1项、广东省医学科研基金项目1项。 一、基本情况 职称：副主任医师 专家门诊时间：越秀院区（周四下午） 专业特长： 鼻咽癌、下咽癌、喉癌、牙龈癌、舌癌、扁桃体癌、鼻腔癌、口底癌等头颈肿瘤的放化疗综合治疗及免疫治疗 二、学习及工作经历 重庆渝北人，2010级中山大...
907,906,中山大学肿瘤防治中心,徐骋,https://www.sysucc.org.cn/node/1716,异常提示,,亮眼经历含导航文本，已清洗
908,907,中山大学肿瘤防治中心,曾智帆,https://www.sysucc.org.cn/node/1688,亮眼经历线索,副主任医师 副主任医师 加载更多 副主任医师 临床专家 面包屑 首页 / 临床科室 / 放疗系列 / 放疗科 / 临床专家 曾智帆 职称：副主任医师 副主任医师 加载更多 副主任医师,副主任医师 副主任医师 副主任医师 曾智帆 职称：副主任医师 副主任医师 副主任医师
908,907,中山大学肿瘤防治中心,曾智帆,https://www.sysucc.org.cn/node/1688,异常提示,,亮眼经历含导航文本，已清洗
909,908,中山大学肿瘤防治中心,李凤岩,https://www.sysucc.org.cn/node/1690,亮眼经历线索,主任医师、硕士生导师 临床专家 面包屑 首页 / 临床科室 / 放疗系列 / 放疗科 / 临床专家 李凤岩 职称：主任医师、硕士生导师 专长 乳腺癌放射治疗，鼻咽癌、转移瘤的综合治疗。 一、基本情况 主任医师 周一周四上午门诊 二、教育及工作经历 1985-1991 中山医科大学临床医学系 1991-1996 中山医科大学肿瘤医院放疗科住院医师 1997-2011 中山医科大学肿瘤医院放疗科主治医师 2001年获得 中山大学肿瘤防治中心 肿瘤学硕士学位 2010年获得 中山大学肿瘤防治中心 肿瘤学博士学位 2011-2024 中山大学肿瘤防治中心放疗科副主任医师 硕士生导师 2024-至今 中山大学肿瘤防治中心放疗科主任医师 硕士生导师 三、学术兼职 任广东省医学会乳腺分会青年委员，广东省胸部肿瘤乳腺专业委员会常务委员，广东省医师协会放疗分会腹组委员，广东省胸部疾病学会乳腺病防治专委会委员，广东省精准放疗协会常委。 四、主...,主任医师、硕士生导师 李凤岩 职称：主任医师、硕士生导师 专长 乳腺癌放射治疗，鼻咽癌、转移瘤的综合治疗。 一、基本情况 主任医师 周一周四上午门诊 二、教育及工作经历 1985-1991 中山医科大学临床医学系 1991-1996 中山医科大学肿瘤医院放疗科住院医师 1997-2011 中山医科大学肿瘤医院放疗科主治医师 2001年获得 中山大学肿瘤防治中心 肿瘤学硕士学位 2010年获得 中山大学肿瘤防治中心 肿瘤学博士学位 2011-2024 中山大学肿瘤防治中心放疗科副主任医师 硕士生导师 2024-至今 中山大学肿瘤防治中心放疗科主任医师 硕士生导师 三、学术兼职 任广东省医学会乳腺分会青年委员，广东省胸部肿瘤乳腺专业委员会常务委员，广东省医师协会放疗分会腹组委员，广东省胸部疾病学会乳腺病防治专委会委员，广东省精准放疗协会常委。
909,908,中山大学肿瘤防治中心,李凤岩,https://www.sysucc.org.cn/node/1690,异常提示,,亮眼经历含导航文本，已清洗
910,909,中山大学肿瘤防治中心,李巧巧,https://www.sysucc.org.cn/node/1693,亮眼经历线索,主任医师，硕士研究生导师 临床专家 面包屑 首页 / 临床科室 / 放疗系列 / 放疗科 / 临床专家 李巧巧 职称：主任医师，硕士研究生导师 专长 擅长食管癌、肺癌、软组织肉瘤和骨转移瘤的放射治疗。 职称： 主任医师，硕士研究生导师 擅长： 擅长食管癌、肺癌、软组织肉瘤和骨转移瘤的放射治疗。 专家门诊时间： 周一下午 工作经历： 2023/1至今 中山大学肿瘤防治中心，主任医师；,主任医师，硕士研究生导师 李巧巧 职称：主任医师，硕士研究生导师 专长 擅长食管癌、肺癌、软组织肉瘤和骨转移瘤的放射治疗。 职称： 主任医师，硕士研究生导师 擅长： 擅长食管癌、肺癌、软组织肉瘤和骨转移瘤的放射治疗。 专家门诊时间： 周一下午 工作经历： 2023/1至今 中山大学肿瘤防治中心，主任医师；
910,909,中山大学肿瘤防治中心,李巧巧,https://www.sysucc.org.cn/node/1693,异常提示,,亮眼经历含导航文本，已清洗
912,911,中山大学肿瘤防治中心,李绮雯,https://www.sysucc.org.cn/node/1702,亮眼经历线索,副主任医师、肿瘤学博士、硕士生导师 临床专家 面包屑 首页 / 临床科室 / 放疗系列 / 放疗科 / 临床专家 李绮雯 职称：副主任医师、肿瘤学博士、硕士生导师 专长 肺癌、食管癌、纵隔肿瘤等胸部肿瘤的放射治疗，立体定向放射治疗（SBRT），肺癌的放化、靶向与免疫综合治疗 一、基本情况 职称：副主任医师、肿瘤学博士、硕士生导师 专家门诊时间：周三上午（越秀院区）、周五上午（越秀院区） 专业特长：肺癌、食管癌、纵隔肿瘤等胸部肿瘤的放射治疗，立体定向放射治疗（SBRT），肺癌的放化、靶向与免疫综合治疗 二、学习及工作经历 2005.09-2013.06 复旦大学上海医学院，临床医学八年制，获肿瘤学博士学位 2013.08-2015.12 中山大学肿瘤防治中心放疗科，住院医师 2015.12-2020.12 中山大学肿瘤防治中心放疗科，主治医师 2020.12-至今 中山大学肿瘤防治中心放疗科，副主任医师 三、学术兼职 广东省...,副主任医师、肿瘤学博士、硕士生导师 李绮雯 职称：副主任医师、肿瘤学博士、硕士生导师 专长 肺癌、食管癌、纵隔肿瘤等胸部肿瘤的放射治疗，立体定向放射治疗（SBRT），肺癌的放化、靶向与免疫综合治疗 一、基本情况 职称：副主任医师、肿瘤学博士、硕士生导师 专家门诊时间：周三上午（越秀院区）、周五上午（越秀院区） 专业特长：肺癌、食管癌、纵隔肿瘤等胸部肿瘤的放射治疗，立体定向放射治疗（SBRT），肺癌的放化、靶向与免疫综合治疗 二、学习及工作经历 2005.09-2013.06 复旦大学上海医学院，临床医学八年制，获肿瘤学博士学位 2013.08-2015.12 中山大学肿瘤防治中心放疗科，住院医师 2015.12-2020.12 中山大学肿瘤防治中心放疗科，主治医师 2020.12-至今 中山大学肿瘤防治中心放疗科，副主任医师 三、学术兼职 广东省...
912,911,中山大学肿瘤防治中心,李绮雯,https://www.sysucc.org.cn/node/1702,异常提示,,亮眼经历含导航文本，已清洗
913,912,中山大学肿瘤防治中心,杜晓京,https://www.sysucc.org.cn/node/6349,亮眼经历线索,主任医师 临床专家 面包屑 首页 / 临床科室 / 放疗系列 / 放疗科 / 临床专家 杜晓京 职称：主任医师 专长 擅长中枢神经系统肿瘤放疗及头颈肿瘤、鼻咽癌放疗 擅长中枢神经系统肿瘤放疗及头颈肿瘤、鼻咽癌放疗 加载更多 擅长中枢神经系统肿瘤放疗及头颈肿瘤、鼻咽癌放疗 更新日期：2023年6月30日,主任医师 杜晓京 职称：主任医师 专长 擅长中枢神经系统肿瘤放疗及头颈肿瘤、鼻咽癌放疗 擅长中枢神经系统肿瘤放疗及头颈肿瘤、鼻咽癌放疗 擅长中枢神经系统肿瘤放疗及头颈肿瘤、鼻咽癌放疗 更新日期：2023年6月30日
913,912,中山大学肿瘤防治中心,杜晓京,https://www.sysucc.org.cn/node/6349,异常提示,,亮眼经历含导航文本，已清洗
914,913,中山大学肿瘤防治中心,林丽,https://www.sysucc.org.cn/node/1712,亮眼经历线索,副主任医师，医学博士 临床专家 面包屑 首页 / 临床科室 / 放疗系列 / 放疗科 / 临床专家 林丽 职称：副主任医师，医学博士 专长 鼻咽癌及头颈部肿瘤的综合治疗和精确放疗 一、基本情况 职称：副主任医师，医学博士 专家门诊时间：（黄埔院区）周四下午13:30~16:30 专业特长：鼻咽癌及头颈部肿瘤的综合治疗和精确放疗 二、学习及工作经历 2018.07~今 中山大学肿瘤防治中心 主治医师 2015.08~2018.06 中山大学肿瘤防治中心 肿瘤学博士 2012.09~2015.06 中山大学肿瘤防治中心 肿瘤学硕士 2007.09~2012.06 中南大学湘雅医学院 临床医学学士 加载更多 一、基本情况 职称：副主任医师，医学博士 专家门诊时间：（黄埔院区）周四下午13:30~16:30 专业特长：鼻咽癌及头颈部肿瘤的综合治疗和精确放疗 二、学习及工作经历 2018.07~今 中山大学肿瘤防治中心 主治医师 2...,副主任医师，医学博士 林丽 职称：副主任医师，医学博士 专长 鼻咽癌及头颈部肿瘤的综合治疗和精确放疗 一、基本情况 职称：副主任医师，医学博士 专家门诊时间：（黄埔院区）周四下午13:30~16:30 专业特长：鼻咽癌及头颈部肿瘤的综合治疗和精确放疗 二、学习及工作经历 2018.07~今 中山大学肿瘤防治中心 主治医师 2015.08~2018.06 中山大学肿瘤防治中心 肿瘤学博士 2012.09~2015.06 中山大学肿瘤防治中心 肿瘤学硕士 2007.09~2012.06 中南大学湘雅医学院 临床医学学士 一、基本情况 职称：副主任医师，医学博士 专家门诊时间：（黄埔院区）周四下午13:30~16:30 专业特长：鼻咽癌及头颈部肿瘤的综合治疗和精确放疗 二、学习及工作经历 2018.07~今 中山大学肿瘤防治中心 主治医师 2...
914,913,中山大学肿瘤防治中心,林丽,https://www.sysucc.org.cn/node/1712,异常提示,,亮眼经历含导航文本，已清洗
915,914,中山大学肿瘤防治中心,林焕新,https://www.sysucc.org.cn/node/1657,亮眼经历线索,乳腺癌放疗大PI 职称：主任医师、博士生导师 乳腺癌的放射治疗和乳腺癌临床转化研究 科研论著： 以第一负责人主持国家自然基金面上项目2项、广东省科技计划项目2项、广东省自然科学基金项目1项和中山大学肿瘤防治中心留学回国启动基金项目1项，以通讯作者或第一作者发表高水平论文20余篇。 临床专家 面包屑 首页 / 临床科室 / 放疗系列 / 放疗科 / 临床专家 林焕新 职务：乳腺癌放疗大PI 职称：主任医师、博士生导师 专长 乳腺癌放疗 一、基本情况 职称：主任医师、博士生导师 职务：乳腺癌放疗大PI 专家门诊时间： 专家门诊 周一上午，专家门诊 周三上午； 特需 周五上午 专业特长：乳腺癌放疗 二、学习及工作经历 1983年－1988年：白求恩医科大学就读 1988年－1998年：中山医科大学附属肿瘤医院放疗科工作 1998年－1999年：法国巴黎第十二大学附属Henri Mondor 医院肿瘤放疗科工作学习 1999年－2...,乳腺癌放疗大PI 职称：主任医师、博士生导师 乳腺癌的放射治疗和乳腺癌临床转化研究 科研论著： 以第一负责人主持国家自然基金面上项目2项、广东省科技计划项目2项、广东省自然科学基金项目1项和中山大学肿瘤防治中心留学回国启动基金项目1项，以通讯作者或第一作者发表高水平论文20余篇。 林焕新 职务：乳腺癌放疗大PI 职称：主任医师、博士生导师 专长 乳腺癌放疗 一、基本情况 职称：主任医师、博士生导师 职务：乳腺癌放疗大PI 专家门诊时间： 专家门诊 周一上午，专家门诊 周三上午；
915,914,中山大学肿瘤防治中心,林焕新,https://www.sysucc.org.cn/node/1657,异常提示,,亮眼经历含导航文本，已清洗
916,915,中山大学肿瘤防治中心,欧阳普云,https://www.sysucc.org.cn/node/1724,亮眼经历线索,副主任医师 临床专家 面包屑 首页 / 临床科室 / 放疗系列 / 放疗科 / 临床专家 欧阳普云 职称：副主任医师 专长 鼻咽癌、头颈部肿瘤高效综合治疗。 一、基本情况 江西宜春人，临床医学（肿瘤放射治疗）博士，副主任医师。 三、学术兼职 （1）广东省医师协会放疗分会第二届委员会青年医师专业组副组长 （2）中国肿瘤放射治疗联盟第一届放射免疫工作委员会广东分会委员 （3）广州抗癌协会第三届头颈肿瘤专业委员会委员 四、主持科研项目 （1）2025-01至2027-12，国家自然科学基金项目，基于淋巴结时序性MRI和原发灶病理-基线MRI图像特征构建鼻咽癌颈部淋巴结转移诊断模型；,副主任医师 欧阳普云 职称：副主任医师 专长 鼻咽癌、头颈部肿瘤高效综合治疗。 一、基本情况 江西宜春人，临床医学（肿瘤放射治疗）博士，副主任医师。 三、学术兼职 （1）广东省医师协会放疗分会第二届委员会青年医师专业组副组长 （2）中国肿瘤放射治疗联盟第一届放射免疫工作委员会广东分会委员 （3）广州抗癌协会第三届头颈肿瘤专业委员会委员 四、主持科研项目 （1）2025-01至2027-12，国家自然科学基金项目，基于淋巴结时序性MRI和原发灶病理-基线MRI图像特征构建鼻咽癌颈部淋巴结转移诊断模型；
916,915,中山大学肿瘤防治中心,欧阳普云,https://www.sysucc.org.cn/node/1724,异常提示,,亮眼经历含导航文本，已清洗
917,916,中山大学肿瘤防治中心,欧阳翼,https://www.sysucc.org.cn/node/1714,亮眼经历线索,副主任医师 妇科肿瘤放疗（宫颈癌、子宫内膜癌、阴道癌等） 职称：副主任医师 主要专业方向：妇科肿瘤放疗（宫颈癌、子宫内膜癌、阴道癌等） 加载更多 职称：副主任医师 主要专业方向：妇科肿瘤放疗（宫颈癌、子宫内膜癌、阴道癌等） 临床专家 面包屑 首页 / 临床科室 / 放疗系列 / 放疗科 / 临床专家 欧阳翼 职称：副主任医师 专长 妇科肿瘤放疗（宫颈癌、子宫内膜癌、阴道癌等） 职称：副主任医师 主要专业方向：妇科肿瘤放疗（宫颈癌、子宫内膜癌、阴道癌等） 加载更多 职称：副主任医师 主要专业方向：妇科肿瘤放疗（宫颈癌、子宫内膜癌、阴道癌等）,副主任医师 妇科肿瘤放疗（宫颈癌、子宫内膜癌、阴道癌等） 职称：副主任医师 主要专业方向：妇科肿瘤放疗（宫颈癌、子宫内膜癌、阴道癌等） 职称：副主任医师 主要专业方向：妇科肿瘤放疗（宫颈癌、子宫内膜癌、阴道癌等） 欧阳翼 职称：副主任医师 专长 妇科肿瘤放疗（宫颈癌、子宫内膜癌、阴道癌等） 职称：副主任医师 主要专业方向：妇科肿瘤放疗（宫颈癌、子宫内膜癌、阴道癌等） 职称：副主任医师 主要专业方向：妇科肿瘤放疗（宫颈癌、子宫内膜癌、阴道癌等）
917,916,中山大学肿瘤防治中心,欧阳翼,https://www.sysucc.org.cn/node/1714,异常提示,,亮眼经历含导航文本，已清洗
918,917,中山大学肿瘤防治中心,毛燕萍,https://www.sysucc.org.cn/node/1679,亮眼经历线索,主任医师，硕士生导师 临床专家 面包屑 首页 / 临床科室 / 放疗系列 / 放疗科 / 临床专家 毛燕萍 职称：主任医师，硕士生导师 专长 擅长头颈部肿瘤放射治疗，特别是鼻咽癌、下咽癌/喉癌的精确调强放疗和综合治疗 一、基本情况 职称： 主任医师，硕士生导师 专业特长： 擅长头颈部肿瘤放射治疗，特别是鼻咽癌、下咽癌/喉癌的精确调强放疗和综合治疗 专家门诊时间： 周一下午、周三下午 主攻方向如下： ①鼻咽癌放疗联合化疗的综合治疗、个体化疗治疗； ③头颈部肿瘤的调强放射治疗及综合治疗 二、学习及工作经历 2004.09-2007.07中山大学肿瘤防治中心 肿瘤学 获硕士学位 2012.09-2015.07中山大学肿瘤防治中心 肿瘤学 获博士学位 2016.01-至今 中山大学肿瘤防治中心 放疗科 副主任医师 2014.7-2015.11 美国密西根大学医院放疗科 访问学者（国家留学基金委公派） 三、学术兼职 中国临床肿瘤学会...,主任医师，硕士生导师 毛燕萍 职称：主任医师，硕士生导师 专长 擅长头颈部肿瘤放射治疗，特别是鼻咽癌、下咽癌/喉癌的精确调强放疗和综合治疗 一、基本情况 职称： 主任医师，硕士生导师 专业特长： 擅长头颈部肿瘤放射治疗，特别是鼻咽癌、下咽癌/喉癌的精确调强放疗和综合治疗 专家门诊时间： 周一下午、周三下午 主攻方向如下： ①鼻咽癌放疗联合化疗的综合治疗、个体化疗治疗； ③头颈部肿瘤的调强放射治疗及综合治疗 二、学习及工作经历 2004.09-2007.07中山大学肿瘤防治中心 肿瘤学 获硕士学位 2012.09-2015.07中山大学肿瘤防治中心 肿瘤学 获博士学位 2016.01-至今 中山大学肿瘤防治中心 放疗科 副主任医师 2014.7-2015.11 美国密西根大学医院放疗科 访问学者（国家留学基金委公派） 三、学术兼职 中国临床肿瘤学会...
918,917,中山大学肿瘤防治中心,毛燕萍,https://www.sysucc.org.cn/node/1679,异常提示,,亮眼经历含导航文本，已清洗
919,918,中山大学肿瘤防治中心,王俏镟,https://www.sysucc.org.cn/node/6461,亮眼经历线索,副主任医师、博士、硕士生导师 临床专家 面包屑 首页 / 临床科室 / 放疗系列 / 放疗科 / 临床专家 王俏镟 职称：副主任医师、博士、硕士生导师 专长 结直肠癌、肝癌、肛管癌等腹部肿瘤的放射治疗、立体定向放疗及综合治疗 一、基本情况 职称：副主任医师、博士、硕士生导师 专家门诊时间：周四上午（越秀院区） 专业特长：结直肠癌、肝癌、肛管癌等腹部肿瘤的放射治疗、立体定向放疗及综合治疗 二、学习及工作经历 2004.09-2012.07 清华大学北京协和医学院 ，临床医学八年制，获博士学位 2012.08-2015.12 中山大学肿瘤防治中心放疗科，住院医师 2015.12-2022.12 中山大学肿瘤防治中心放疗科，主治医师 2023.01-至今 中山大学肿瘤防治中心放疗科，副主任医师 三、学术兼职 广东省抗癌协会大肠癌专业委员会青年委员会，委员 C SCO 老年肿瘤防治专业委员会，委员 四、主持科研项目 主持国家自然科...,副主任医师、博士、硕士生导师 王俏镟 职称：副主任医师、博士、硕士生导师 专长 结直肠癌、肝癌、肛管癌等腹部肿瘤的放射治疗、立体定向放疗及综合治疗 一、基本情况 职称：副主任医师、博士、硕士生导师 专家门诊时间：周四上午（越秀院区） 专业特长：结直肠癌、肝癌、肛管癌等腹部肿瘤的放射治疗、立体定向放疗及综合治疗 二、学习及工作经历 2004.09-2012.07 清华大学北京协和医学院 ，临床医学八年制，获博士学位 2012.08-2015.12 中山大学肿瘤防治中心放疗科，住院医师 2015.12-2022.12 中山大学肿瘤防治中心放疗科，主治医师 2023.01-至今 中山大学肿瘤防治中心放疗科，副主任医师 三、学术兼职 广东省抗癌协会大肠癌专业委员会青年委员会，委员 C SCO 老年肿瘤防治专业委员会，委员 四、主持科研项目 主持国家自然科...
919,918,中山大学肿瘤防治中心,王俏镟,https://www.sysucc.org.cn/node/6461,异常提示,,亮眼经历含导航文本，已清洗
920,919,中山大学肿瘤防治中心,王大权,https://www.sysucc.org.cn/node/7470,亮眼经历线索,副主任医师 临床专家 面包屑 首页 / 临床科室 / 放疗系列 / 放疗科 / 临床专家 王大权 职称：副主任医师 专长 肺癌、食管癌及胸腺肿瘤的的放射治疗和综合性治疗，早期肺癌及肺转移瘤的立体定向放疗，局部晚期肺癌放化疗联合免疫治疗。 二、学术兼职 GCOG抗癌协作组青年委员会委员 广东省医学会放射肿瘤学分会青年委员 广东省胸部肿瘤防治研究会慢病专委会委员 三、主持科研项目 2025年国家自然科学基金青年基金项目 四、代表性论著 以第一作者/共同第一作者在Cancer Communications、J Immunother Cancer、eClinicalmedicine、Int J Radiat Oncol Biol Phys、Radiother Oncol等杂志发表SCI论文10余篇。,副主任医师 王大权 职称：副主任医师 专长 肺癌、食管癌及胸腺肿瘤的的放射治疗和综合性治疗，早期肺癌及肺转移瘤的立体定向放疗，局部晚期肺癌放化疗联合免疫治疗。 二、学术兼职 GCOG抗癌协作组青年委员会委员 广东省医学会放射肿瘤学分会青年委员 广东省胸部肿瘤防治研究会慢病专委会委员 三、主持科研项目 2025年国家自然科学基金青年基金项目 四、代表性论著 以第一作者/共同第一作者在Cancer Communications、J Immunother Cancer、eClinicalmedicine、Int J Radiat Oncol Biol Phys、Radiother Oncol等杂志发表SCI论文10余篇。
920,919,中山大学肿瘤防治中心,王大权,https://www.sysucc.org.cn/node/7470,异常提示,,亮眼经历含导航文本，已清洗
922,921,中山大学肿瘤防治中心,罗伟,https://www.sysucc.org.cn/node/1667,亮眼经历线索,"放疗一区区长 职称：主任医师，硕士生导师 临床专家 面包屑 首页 / 临床科室 / 放疗系列 / 放疗科 / 临床专家 罗伟 职务：放疗一区区长 职称：主任医师，硕士生导师 专长 肿瘤放射治疗，尤其是鼻咽癌的放射治疗和综合治疗 一、基本情况 职称：主任医师，硕士生导师 专家门诊时间：周二下午，周三上午 专业特长：头颈部肿瘤尤其是鼻咽癌的放射治疗和综合治疗。 二、学习及工作经历： 1987年：中山医科大学医学系毕业 1987年至今：中山大学附属肿瘤医院工作 1995年：取得医学硕士学位 2004年－2005年：在美国MD Anderson癌症中心放疗科临床进修 加载更多 基本情况 1963年出生。 1987年中山医科大学医学系毕业分配到肿瘤医院工作至今,1995年取得医学硕士学位,2004年－2005年在美国MD Anderson癌症中心放疗科临床进修。","放疗一区区长 职称：主任医师，硕士生导师 罗伟 职务：放疗一区区长 职称：主任医师，硕士生导师 专长 肿瘤放射治疗，尤其是鼻咽癌的放射治疗和综合治疗 一、基本情况 职称：主任医师，硕士生导师 专家门诊时间：周二下午，周三上午 专业特长：头颈部肿瘤尤其是鼻咽癌的放射治疗和综合治疗。 二、学习及工作经历： 1987年：中山医科大学医学系毕业 1987年至今：中山大学附属肿瘤医院工作 1995年：取得医学硕士学位 2004年－2005年：在美国MD Anderson癌症中心放疗科临床进修 基本情况 1963年出生。 1987年中山医科大学医学系毕业分配到肿瘤医院工作至今,1995年取得医学硕士学位,2004年－2005年在美国MD Anderson癌症中心放疗科临床进修。"
922,921,中山大学肿瘤防治中心,罗伟,https://www.sysucc.org.cn/node/1667,异常提示,,亮眼经历含导航文本，已清洗
923,922,中山大学肿瘤防治中心,肖巍魏,https://www.sysucc.org.cn/node/1682,亮眼经历线索,放疗科五区区长（黄埔院区），科秘书 职称：主任医师、博士生导师、医学博士 临床专家 面包屑 首页 / 临床科室 / 放疗系列 / 放疗科 / 临床专家 肖巍魏 职务：放疗科五区区长（黄埔院区），科秘书 职称：主任医师、博士生导师、医学博士 专长 直肠癌、结肠癌、肛管癌、胰腺癌、胃癌、肝癌、胆囊癌、胆管癌、黑色素瘤等消化道肿瘤的综合治疗和放射治疗，包括适形调强放射治疗、立体定向放射治疗、TOMO治疗等。 对低位直肠肛管癌保肛治疗、肛管鳞癌的综合治疗等经验丰富 一、基本情况 职称：中山大学肿瘤防治中心放疗科主任医师，博士生导师 职务：放疗科五区区长（黄埔院区），科秘书 专业特长：直肠癌、结肠癌、肛管癌、胰腺癌、胃癌、肝癌、胆囊癌、胆管癌、黑色素瘤等消化道肿瘤的综合治疗和放射治疗，包括适形调强放射治疗、立体定向放射治疗、TOMO治疗等。 对低位直肠肛管癌保肛治疗、肛管鳞癌的综合治疗等经验丰富 二、学习工作经历 2001-2008...,放疗科五区区长（黄埔院区），科秘书 职称：主任医师、博士生导师、医学博士 肖巍魏 职务：放疗科五区区长（黄埔院区），科秘书 职称：主任医师、博士生导师、医学博士 专长 直肠癌、结肠癌、肛管癌、胰腺癌、胃癌、肝癌、胆囊癌、胆管癌、黑色素瘤等消化道肿瘤的综合治疗和放射治疗，包括适形调强放射治疗、立体定向放射治疗、TOMO治疗等。 对低位直肠肛管癌保肛治疗、肛管鳞癌的综合治疗等经验丰富 一、基本情况 职称：中山大学肿瘤防治中心放疗科主任医师，博士生导师 职务：放疗科五区区长（黄埔院区），科秘书 专业特长：直肠癌、结肠癌、肛管癌、胰腺癌、胃癌、肝癌、胆囊癌、胆管癌、黑色素瘤等消化道肿瘤的综合治疗和放射治疗，包括适形调强放射治疗、立体定向放射治疗、TOMO治疗等。
923,922,中山大学肿瘤防治中心,肖巍魏,https://www.sysucc.org.cn/node/1682,异常提示,,亮眼经历含导航文本，已清洗
924,923,中山大学肿瘤防治中心,胡伟汉,https://www.sysucc.org.cn/node/1668,亮眼经历线索,主任医师、教授 鼻咽、口咽、口腔、喉、下咽、鼻腔副鼻窦、脑转移瘤等头颈部恶性肿瘤的精准调强放射治疗和综合治疗 临床专家 面包屑 首页 / 临床科室 / 放疗系列 / 放疗科 / 临床专家 胡伟汉 职称：主任医师、教授 专长 鼻咽、口咽、口腔、喉、下咽、鼻腔副鼻窦、脑转移瘤等头颈部恶性肿瘤的精准调强放射治疗和综合治疗 一、基本情况 职称：主任医师、教授 专家门诊时间：周一下午、周四上午 专家特长及主攻方向：鼻咽、口咽、口腔、喉、下咽、鼻腔副鼻窦、脑转移瘤等头颈部恶性肿瘤的精准调强放射治疗和综合治疗与研究。 1976年至今：中山大学附属肿瘤医院放疗科工作，历任住院医师、主治医师、讲师、副主任医师、副教授、主任医师、教授。,主任医师、教授 鼻咽、口咽、口腔、喉、下咽、鼻腔副鼻窦、脑转移瘤等头颈部恶性肿瘤的精准调强放射治疗和综合治疗 胡伟汉 职称：主任医师、教授 专长 鼻咽、口咽、口腔、喉、下咽、鼻腔副鼻窦、脑转移瘤等头颈部恶性肿瘤的精准调强放射治疗和综合治疗 一、基本情况 职称：主任医师、教授 专家门诊时间：周一下午、周四上午 专家特长及主攻方向：鼻咽、口咽、口腔、喉、下咽、鼻腔副鼻窦、脑转移瘤等头颈部恶性肿瘤的精准调强放射治疗和综合治疗与研究。 1976年至今：中山大学附属肿瘤医院放疗科工作，历任住院医师、主治医师、讲师、副主任医师、副教授、主任医师、教授。
924,923,中山大学肿瘤防治中心,胡伟汉,https://www.sysucc.org.cn/node/1668,异常提示,,亮眼经历含导航文本，已清洗
925,924,中山大学肿瘤防治中心,胡永红,https://www.sysucc.org.cn/node/1671,亮眼经历线索,三区区长 职称：主任医师 食管癌、肺癌、乳腺癌、鼻咽癌等头颈部肿瘤的精确放疗及综合治疗 1986年7月毕业于中山医科大学（第一届6年制本科），工作至今一直在本院从事肿瘤放射治疗临床工作30多年，主攻晚期食管癌的综合治疗（2004年起率先使用TP方案同期放化疗晚期不能手术的食管癌，取得较好疗效及安全性，该治疗方案己被收入NCCN指南，与传统PF方案一样，可作为晚期食管癌同期放化疗一线方案，不能手术晚期食管癌同期放化疗的疗效已接近手术疗效）。 加载更多 1986年7月毕业于中山医科大学（第一届6年制本科），工作至今一直在本院从事肿瘤放射治疗临床工作30多年，主攻晚期食管癌的综合治疗（2004年起率先使用TP方案同期放化疗晚期不能手术的食管癌，取得较好疗效及安全性，该治疗方案己被收入NCCN指南，与传统PF方案一样，可作为晚期食管癌同期放化疗一线方案，不能手术晚期食管癌同期放化疗的疗效已接近手术疗效）。 临床专家 面包屑 首页 ...,三区区长 职称：主任医师 食管癌、肺癌、乳腺癌、鼻咽癌等头颈部肿瘤的精确放疗及综合治疗 1986年7月毕业于中山医科大学（第一届6年制本科），工作至今一直在本院从事肿瘤放射治疗临床工作30多年，主攻晚期食管癌的综合治疗（2004年起率先使用TP方案同期放化疗晚期不能手术的食管癌，取得较好疗效及安全性，该治疗方案己被收入NCCN指南，与传统PF方案一样，可作为晚期食管癌同期放化疗一线方案，不能手术晚期食管癌同期放化疗的疗效已接近手术疗效）。 1986年7月毕业于中山医科大学（第一届6年制本科），工作至今一直在本院从事肿瘤放射治疗临床工作30多年，主攻晚期食管癌的综合治疗（2004年起率先使用TP方案同期放化疗晚期不能手术的食管癌，取得较好疗效及安全性，该治疗方案己被收入NCCN指南，与传统PF方案一样，可作为晚期食管癌同期放化疗一线方案，不能手术晚期食管癌同期放化疗的疗效已接近手术疗效）。
925,924,中山大学肿瘤防治中心,胡永红,https://www.sysucc.org.cn/node/1671,异常提示,,亮眼经历含导航文本，已清洗
927,926,中山大学肿瘤防治中心,董百强,https://www.sysucc.org.cn/node/8486,亮眼经历线索,副主任医师 擅长胸部肿瘤的体部立体定向放射治疗，自适应放射治疗等精准放疗技术。 临床专家 面包屑 首页 / 临床科室 / 放疗系列 / 放疗科 / 临床专家 董百强 职称：副主任医师 专长 擅长胸部肿瘤的体部立体定向放射治疗，自适应放射治疗等精准放疗技术。 一、基本情况 周一至周五，上午8：00至12：00，下午14：30至17：00 二、教育及工作经历 医学博士 三、主持科研项目 主持国家自然科学基金一项。,副主任医师 擅长胸部肿瘤的体部立体定向放射治疗，自适应放射治疗等精准放疗技术。 董百强 职称：副主任医师 专长 擅长胸部肿瘤的体部立体定向放射治疗，自适应放射治疗等精准放疗技术。 一、基本情况 周一至周五，上午8：00至12：00，下午14：30至17：00 二、教育及工作经历 医学博士 三、主持科研项目 主持国家自然科学基金一项。
927,926,中山大学肿瘤防治中心,董百强,https://www.sysucc.org.cn/node/8486,异常提示,,亮眼经历含导航文本，已清洗
928,927,中山大学肿瘤防治中心,蔡玲,https://www.sysucc.org.cn/node/1674,亮眼经历线索,主任医师、硕士生导师 胸部肿瘤、儿童肿瘤的放射治疗及综合治疗，尤其擅长肺癌、食管癌及纵膈肿瘤的个体化精准治疗及临床研究。 职称： 主任医师、硕士生导师 专业特长： 胸部肿瘤、儿童肿瘤的放射治疗及综合治疗，尤其擅长肺癌、食管癌及纵膈肿瘤的个体化精准治疗及临床研究。 临床专家 面包屑 首页 / 临床科室 / 放疗系列 / 放疗科 / 临床专家 蔡玲 职称：主任医师、硕士生导师 专长 胸部肿瘤、儿童肿瘤的放射治疗及综合治疗，尤其擅长肺癌、食管癌及纵膈肿瘤的个体化精准治疗及临床研究。,主任医师、硕士生导师 胸部肿瘤、儿童肿瘤的放射治疗及综合治疗，尤其擅长肺癌、食管癌及纵膈肿瘤的个体化精准治疗及临床研究。 职称： 主任医师、硕士生导师 专业特长： 胸部肿瘤、儿童肿瘤的放射治疗及综合治疗，尤其擅长肺癌、食管癌及纵膈肿瘤的个体化精准治疗及临床研究。 蔡玲 职称：主任医师、硕士生导师 专长 胸部肿瘤、儿童肿瘤的放射治疗及综合治疗，尤其擅长肺癌、食管癌及纵膈肿瘤的个体化精准治疗及临床研究。
928,927,中山大学肿瘤防治中心,蔡玲,https://www.sysucc.org.cn/node/1674,异常提示,,亮眼经历含导航文本，已清洗
929,928,中山大学肿瘤防治中心,谢方云,https://www.sysucc.org.cn/node/1663,亮眼经历线索,教授、主任医师、博士生导师 鼻咽癌、头颈部肿瘤的临床诊断、精准放射治疗及综合治疗优化。 临床专家 面包屑 首页 / 临床科室 / 放疗系列 / 放疗科 / 临床专家 谢方云 职称：教授、主任医师、博士生导师 专长 鼻咽癌、头颈部肿瘤的临床诊断、精准放射治疗及综合治疗优化。 一、基本情况 职称： 教授、主任医师、博士生导师 专业特长： 鼻咽癌、头颈部肿瘤的临床诊断、精准放射治疗及综合治疗优化。,教授、主任医师、博士生导师 鼻咽癌、头颈部肿瘤的临床诊断、精准放射治疗及综合治疗优化。 谢方云 职称：教授、主任医师、博士生导师 专长 鼻咽癌、头颈部肿瘤的临床诊断、精准放射治疗及综合治疗优化。 一、基本情况 职称： 教授、主任医师、博士生导师 专业特长： 鼻咽癌、头颈部肿瘤的临床诊断、精准放射治疗及综合治疗优化。
929,928,中山大学肿瘤防治中心,谢方云,https://www.sysucc.org.cn/node/1663,异常提示,,亮眼经历含导航文本，已清洗
930,929,中山大学肿瘤防治中心,赵磊,https://www.sysucc.org.cn/node/1717,亮眼经历线索,"主任医师 食管癌同期放化疗、胸腺肿瘤的放射治疗、肺癌放化综合治疗、肝癌立体定向放射治疗 职称： 主任医师 专家 临床专家 面包屑 首页 / 临床科室 / 放疗系列 / 放疗科 / 临床专家 赵磊 职称：主任医师 专长 食管癌同期放化疗、胸腺肿瘤的放射治疗、肺癌放化综合治疗、肝癌立体定向放射治疗 职称： 主任医师 专家门诊时间： 周三上午； 周五下午 主要研究方向 食管癌同期放化疗 胸腺肿瘤的放射治疗 肺癌放化综合治疗 肝癌立体定向放射治疗 工作及社会兼职 世界食管疾病协会（ISDE）会员 中国抗癌协会会员 广东省预防医学会肿瘤防治专业委员会常委 广东省肝脏病学会综合治疗专业委员会委员 教育经历 2009.9–2012.7, 中山大学, 肿瘤学, 博士 2001.9–2004.7, 青岛大学, 病原生物学, 硕士 1996.9–2001.7, 青岛大学, 临床医学, 学士 科研与学术工作经历 2018.12 获中山大学博士研...","主任医师 食管癌同期放化疗、胸腺肿瘤的放射治疗、肺癌放化综合治疗、肝癌立体定向放射治疗 职称： 主任医师 专家 赵磊 职称：主任医师 专长 食管癌同期放化疗、胸腺肿瘤的放射治疗、肺癌放化综合治疗、肝癌立体定向放射治疗 职称： 主任医师 专家门诊时间： 周三上午； 周五下午 主要研究方向 食管癌同期放化疗 胸腺肿瘤的放射治疗 肺癌放化综合治疗 肝癌立体定向放射治疗 工作及社会兼职 世界食管疾病协会（ISDE）会员 中国抗癌协会会员 广东省预防医学会肿瘤防治专业委员会常委 广东省肝脏病学会综合治疗专业委员会委员 教育经历 2009.9–2012.7, 中山大学, 肿瘤学, 博士 2001.9–2004.7, 青岛大学, 病原生物学, 硕士 1996.9–2001.7, 青岛大学, 临床医学, 学士 科研与学术工作经历 2018.12 获中山大学博士研..."
930,929,中山大学肿瘤防治中心,赵磊,https://www.sysucc.org.cn/node/1717,异常提示,,亮眼经历含导航文本，已清洗
931,930,中山大学肿瘤防治中心,邓美玲,https://www.sysucc.org.cn/node/1709,亮眼经历线索,副主任医师 脑肿瘤（包括儿童脑瘤）、头颈肿瘤、鼻咽癌及软组织肉瘤的放疗 加载更多 职称：副主任医师 专长：脑肿瘤（包括儿童脑瘤）、头颈肿瘤、鼻咽癌及软组织肉瘤的放疗 更新日期：2021年6月21日 临床专家 面包屑 首页 / 临床科室 / 放疗系列 / 放疗科 / 临床专家 邓美玲 职称：副主任医师 专长 脑肿瘤（包括儿童脑瘤）、头颈肿瘤、鼻咽癌及软组织肉瘤的放疗 职称：副主任医师 专长：脑肿瘤（包括儿童脑瘤）、头颈肿瘤、鼻咽癌及软组织肉瘤的放疗 加载更多 职称：副主任医师 专长：脑肿瘤（包括儿童脑瘤）、头颈肿瘤、鼻咽癌及软组织肉瘤的放疗 更新日期：2021年6月21日,副主任医师 脑肿瘤（包括儿童脑瘤）、头颈肿瘤、鼻咽癌及软组织肉瘤的放疗 职称：副主任医师 专长：脑肿瘤（包括儿童脑瘤）、头颈肿瘤、鼻咽癌及软组织肉瘤的放疗 更新日期：2021年6月21日 邓美玲 职称：副主任医师 专长 脑肿瘤（包括儿童脑瘤）、头颈肿瘤、鼻咽癌及软组织肉瘤的放疗 职称：副主任医师 专长：脑肿瘤（包括儿童脑瘤）、头颈肿瘤、鼻咽癌及软组织肉瘤的放疗 职称：副主任医师 专长：脑肿瘤（包括儿童脑瘤）、头颈肿瘤、鼻咽癌及软组织肉瘤的放疗 更新日期：2021年6月21日
931,930,中山大学肿瘤防治中心,邓美玲,https://www.sysucc.org.cn/node/1709,异常提示,,亮眼经历含导航文本，已清洗
932,931,中山大学肿瘤防治中心,邱波,https://www.sysucc.org.cn/node/1715,亮眼经历线索,"主任医师、主诊教授、硕士生导师 临床专家 面包屑 首页 / 临床科室 / 放疗系列 / 放疗科 / 临床专家 邱波 职称：主任医师、主诊教授、硕士生导师 专长 1. 肺癌、食管癌及胸腺肿瘤的放射治疗和综合治疗; 一、基本情况 主任医师，主诊教授，硕士生导师 二、教育及工作经历 2011年毕业于北京协和医学院临床医学八年制(本硕博连读)，此后就职于中山大学肿瘤防治中心放疗科。 三、学术兼职 中国抗癌协会(CACA)放疗分会青年委员 中国临床肿瘤学会(CSCO)食管癌专委会委员 四、代表性论著 以第一或通讯作者在Clinical Cancer Research, Signal transduction and targeted therapy, Eclinicalmedicine,Cancer communications等国际高水平期刊发表多篇论文。","主任医师、主诊教授、硕士生导师 邱波 职称：主任医师、主诊教授、硕士生导师 专长 1. 肺癌、食管癌及胸腺肿瘤的放射治疗和综合治疗; 一、基本情况 主任医师，主诊教授，硕士生导师 二、教育及工作经历 2011年毕业于北京协和医学院临床医学八年制(本硕博连读)，此后就职于中山大学肿瘤防治中心放疗科。 三、学术兼职 中国抗癌协会(CACA)放疗分会青年委员 中国临床肿瘤学会(CSCO)食管癌专委会委员 四、代表性论著 以第一或通讯作者在Clinical Cancer Research, Signal transduction and targeted therapy, Eclinicalmedicine,Cancer communications等国际高水平期刊发表多篇论文。"
932,931,中山大学肿瘤防治中心,邱波,https://www.sysucc.org.cn/node/1715,异常提示,,亮眼经历含导航文本，已清洗
934,933,中山大学肿瘤防治中心,陈佛平,https://www.sysucc.org.cn/node/6455,亮眼经历线索,副主任医师，博士 临床专家 面包屑 首页 / 临床科室 / 放疗系列 / 放疗科 / 临床专家 陈佛平 职称：副主任医师，博士 专长 妇科肿瘤（宫颈癌、子宫内膜癌、阴道癌）的临床诊断、外照射放疗、后装放疗及综合治疗。 学习及工作经历 2009.09-2014.06 中山大学 临床医学 本科 获学士学位 2014.09-2017.06 中山大学肿瘤防治中心 肿瘤学 硕士研究生 获硕士学位 2017.09-2020.06 中山大学肿瘤防治中心 肿瘤学 博士研究生 获博士学位 2020.07-2022.12 中山大学肿瘤防治中心 住院医师 2023.01-至今 中山大学肿瘤防治中心 主治医师 主持科研项目 1. 国家自然科学基金青年项目 STING-TBK1信号轴降解HPV E7蛋白抑制宫颈癌增殖的机制及临床意义 （2022-2024年，第1负责人） 2. 中国博士后科学基金面上项目 STING—TBK1下调HPV E7蛋白抑制...,副主任医师，博士 陈佛平 职称：副主任医师，博士 专长 妇科肿瘤（宫颈癌、子宫内膜癌、阴道癌）的临床诊断、外照射放疗、后装放疗及综合治疗。 学习及工作经历 2009.09-2014.06 中山大学 临床医学 本科 获学士学位 2014.09-2017.06 中山大学肿瘤防治中心 肿瘤学 硕士研究生 获硕士学位 2017.09-2020.06 中山大学肿瘤防治中心 肿瘤学 博士研究生 获博士学位 2020.07-2022.12 中山大学肿瘤防治中心 住院医师 2023.01-至今 中山大学肿瘤防治中心 主治医师 主持科研项目 1. 国家自然科学基金青年项目 STING-TBK1信号轴降解HPV E7蛋白抑制宫颈癌增殖的机制及临床意义 （2022-2024年，第1负责人） 2. 中国博士后科学基金面上项目 STING—TBK1下调HPV E7蛋白抑制...
934,933,中山大学肿瘤防治中心,陈佛平,https://www.sysucc.org.cn/node/6455,异常提示,,亮眼经历含导航文本，已清洗
935,934,中山大学肿瘤防治中心,陈凯,https://www.sysucc.org.cn/node/5764,亮眼经历线索,主任医师 加载更多 职称：主任医师 专长：恶性肿瘤的放射治疗临床工作 擅长：胸部肿瘤（肺癌、食管癌、纵膈恶性肿瘤）、妇科恶性肿瘤（宫颈癌、子宫内膜癌）及鼻咽癌的放射治疗和综合治疗。 临床专家 面包屑 首页 / 临床科室 / 放疗系列 / 放疗科 / 临床专家 陈凯 职称：主任医师 专长 恶性肿瘤的放射治疗临床工作 职称：主任医师 专长：恶性肿瘤的放射治疗临床工作 擅长：胸部肿瘤（肺癌、食管癌、纵膈恶性肿瘤）、妇科恶性肿瘤（宫颈癌、子宫内膜癌）及鼻咽癌的放射治疗和综合治疗。 加载更多 职称：主任医师 专长：恶性肿瘤的放射治疗临床工作 擅长：胸部肿瘤（肺癌、食管癌、纵膈恶性肿瘤）、妇科恶性肿瘤（宫颈癌、子宫内膜癌）及鼻咽癌的放射治疗和综合治疗。,主任医师 职称：主任医师 专长：恶性肿瘤的放射治疗临床工作 擅长：胸部肿瘤（肺癌、食管癌、纵膈恶性肿瘤）、妇科恶性肿瘤（宫颈癌、子宫内膜癌）及鼻咽癌的放射治疗和综合治疗。 陈凯 职称：主任医师 专长 恶性肿瘤的放射治疗临床工作 职称：主任医师 专长：恶性肿瘤的放射治疗临床工作 擅长：胸部肿瘤（肺癌、食管癌、纵膈恶性肿瘤）、妇科恶性肿瘤（宫颈癌、子宫内膜癌）及鼻咽癌的放射治疗和综合治疗。 职称：主任医师 专长：恶性肿瘤的放射治疗临床工作 擅长：胸部肿瘤（肺癌、食管癌、纵膈恶性肿瘤）、妇科恶性肿瘤（宫颈癌、子宫内膜癌）及鼻咽癌的放射治疗和综合治疗。
935,934,中山大学肿瘤防治中心,陈凯,https://www.sysucc.org.cn/node/5764,异常提示,,亮眼经历含导航文本，已清洗
936,935,中山大学肿瘤防治中心,陈媛媛,https://www.sysucc.org.cn/node/1687,亮眼经历线索,主任医师 一、基本情况 职称： 主任医师 专家 临床专家 面包屑 首页 / 临床科室 / 放疗系列 / 放疗科 / 临床专家 陈媛媛 职称：主任医师 专长 中枢神经系统肿瘤和其他头颈部肿瘤的诊断和放疗。 一、基本情况 职称： 主任医师 专家门诊时间： 周一下午（越秀院区）、周五上午8:30-10:30（黄埔院区） 专业特长： 中枢神经系统肿瘤和其他头颈部肿瘤的诊断和放疗。,主任医师 一、基本情况 职称： 主任医师 专家 陈媛媛 职称：主任医师 专长 中枢神经系统肿瘤和其他头颈部肿瘤的诊断和放疗。 一、基本情况 职称： 主任医师 专家门诊时间： 周一下午（越秀院区）、周五上午8:30-10:30（黄埔院区） 专业特长： 中枢神经系统肿瘤和其他头颈部肿瘤的诊断和放疗。
936,935,中山大学肿瘤防治中心,陈媛媛,https://www.sysucc.org.cn/node/1687,异常提示,,亮眼经历含导航文本，已清洗
937,936,中山大学肿瘤防治中心,陈宝清,https://www.sysucc.org.cn/node/1706,亮眼经历线索,"副主任医师、硕士生导师 临床专家 面包屑 首页 / 临床科室 / 放疗系列 / 放疗科 / 临床专家 陈宝清 职称：副主任医师、硕士生导师 专长 食管癌、肺癌、骨与软组织肉瘤放疗及综合治疗，精通SBRT技术。 一、基本情况 职称： 副主任医师、硕士生导师、肿瘤学博士 专家门诊时间： 周一下午（越秀院区）、周二上午（黄埔院区）、周四下午（黄埔院区） 二、教育及工作经历 1. 2009.06–2018.6 四川大学, 华西临床医学院临床医学（8年制）肿瘤学, 博士； 2. 2016.11–2018.5 美国MD Anderson Cancer Center, 联合培养博士生；","副主任医师、硕士生导师 陈宝清 职称：副主任医师、硕士生导师 专长 食管癌、肺癌、骨与软组织肉瘤放疗及综合治疗，精通SBRT技术。 一、基本情况 职称： 副主任医师、硕士生导师、肿瘤学博士 专家门诊时间： 周一下午（越秀院区）、周二上午（黄埔院区）、周四下午（黄埔院区） 二、教育及工作经历 1. 2009.06–2018.6 四川大学, 华西临床医学院临床医学（8年制）肿瘤学, 博士； 2. 2016.11–2018.5 美国MD Anderson Cancer Center, 联合培养博士生；"
937,936,中山大学肿瘤防治中心,陈宝清,https://www.sysucc.org.cn/node/1706,异常提示,,亮眼经历含导航文本，已清洗
938,937,中山大学肿瘤防治中心,陈明,https://www.sysucc.org.cn/node/1655,亮眼经历线索,放疗科主任 职称：二级教授、肺癌首席专家 职务： 放疗科主任 职称： 二级教授、肺癌首席专家 专家 临床专家 面包屑 首页 / 临床科室 / 放疗系列 / 放疗科 / 临床专家 陈明 职务：放疗科主任 职称：二级教授、肺癌首席专家 专长 肺癌和食管癌的诊断与放疗； 职务： 放疗科主任 职称： 二级教授、肺癌首席专家 专家门诊： 周一上午（越秀院区）、周五上午（黄埔院区） 特需门诊： 周二中午（越秀院区）、周四中午（越秀院区） 专业特长： 肺癌和食管癌的诊断与放疗；,放疗科主任 职称：二级教授、肺癌首席专家 职务： 放疗科主任 职称： 二级教授、肺癌首席专家 专家 陈明 职务：放疗科主任 职称：二级教授、肺癌首席专家 专长 肺癌和食管癌的诊断与放疗； 职务： 放疗科主任 职称： 二级教授、肺癌首席专家 专家门诊： 周一上午（越秀院区）、周五上午（黄埔院区） 特需门诊： 周二中午（越秀院区）、周四中午（越秀院区） 专业特长： 肺癌和食管癌的诊断与放疗；
938,937,中山大学肿瘤防治中心,陈明,https://www.sysucc.org.cn/node/1655,异常提示,,亮眼经历含导航文本，已清洗
939,938,中山大学肿瘤防治中心,陈春燕,https://www.sysucc.org.cn/node/1699,亮眼经历线索,主任医师 临床专家 面包屑 首页 / 临床科室 / 放疗系列 / 放疗科 / 临床专家 陈春燕 职称：主任医师 专长 头颈部肿瘤精确放疗及个体化治疗，包括鼻咽、口咽、口腔、喉、下咽，鼻腔副鼻窦癌、腺样囊性癌，涎腺癌等及淋巴瘤、转移瘤的调强适形放疗、立体定向放疗、TOMO等。 一、基本情况 职称： 主任医师 专业特长： 头颈部肿瘤的精确放疗、综合治疗及个体化治疗，包括鼻咽癌、口咽癌、口腔癌、喉癌、下咽癌、鼻腔副鼻窦癌、腺样囊性癌、涎腺癌等，以及淋巴瘤、转移瘤的调强适形放疗（IMRT/VMAT）、立体定向放疗（SBRT）、螺旋断层放疗（TOMO）、磁共振引导放疗等。 二、教育及工作经历 学习经历： 1999-2006 中山大学临床医学七年制，获肿瘤学硕士学位 2010-2013 中山大学附属肿瘤医院，获肿瘤学博士学位 2013-2014 美国M. D. 安德森癌症中心（全美癌症专科排名第一）访问学者 工作经历： 2006-20...,主任医师 陈春燕 职称：主任医师 专长 头颈部肿瘤精确放疗及个体化治疗，包括鼻咽、口咽、口腔、喉、下咽，鼻腔副鼻窦癌、腺样囊性癌，涎腺癌等及淋巴瘤、转移瘤的调强适形放疗、立体定向放疗、TOMO等。 一、基本情况 职称： 主任医师 专业特长： 头颈部肿瘤的精确放疗、综合治疗及个体化治疗，包括鼻咽癌、口咽癌、口腔癌、喉癌、下咽癌、鼻腔副鼻窦癌、腺样囊性癌、涎腺癌等，以及淋巴瘤、转移瘤的调强适形放疗（IMRT/VMAT）、立体定向放疗（SBRT）、螺旋断层放疗（TOMO）、磁共振引导放疗等。 二、教育及工作经历 学习经历： 1999-2006 中山大学临床医学七年制，获肿瘤学硕士学位 2010-2013 中山大学附属肿瘤医院，获肿瘤学博士学位 2013-2014 美国M. D. 安德森癌症中心（全美癌症专科排名第一）访问学者 工作经历： 2006-20...
939,938,中山大学肿瘤防治中心,陈春燕,https://www.sysucc.org.cn/node/1699,异常提示,,亮眼经历含导航文本，已清洗
940,939,中山大学肿瘤防治中心,陈晨,https://www.sysucc.org.cn/node/1720,亮眼经历线索,副主任医师、博士、硕士生导师 临床专家 面包屑 首页 / 临床科室 / 放疗系列 / 放疗科 / 临床专家 陈晨 职称：副主任医师、博士、硕士生导师 专长 鼻咽癌、及头颈部肿瘤（口咽癌、下咽癌、口腔癌、喉癌、鼻腔癌、副鼻窦癌、口底癌等）的精确放射治疗，及联合化疗、靶向、免疫治疗等综合治疗。 一、基本情况 职称：副主任医师、博士、硕士生导师 专家门诊时间：周四下午（越秀院区） 专业特长：鼻咽癌、及头颈部肿瘤（口咽癌、下咽癌、口腔癌、喉癌、鼻腔癌、副鼻窦癌、口底癌等）的精确放射治疗，及联合化疗、靶向、免疫治疗等综合治疗 二、学习及工作经历 2007.09-2015.06 中山大学，临床医学八年制，获博士学位 2015.08-2018.12 中山大学肿瘤防治中心放疗科，住院医师 2018.12-2022.12 中山大学肿瘤防治中心放疗科，主治医师 2022.12-至今 中山大学肿瘤防治中心放疗科，副主任医师 三、学术兼职 广东省...,副主任医师、博士、硕士生导师 陈晨 职称：副主任医师、博士、硕士生导师 专长 鼻咽癌、及头颈部肿瘤（口咽癌、下咽癌、口腔癌、喉癌、鼻腔癌、副鼻窦癌、口底癌等）的精确放射治疗，及联合化疗、靶向、免疫治疗等综合治疗。 一、基本情况 职称：副主任医师、博士、硕士生导师 专家门诊时间：周四下午（越秀院区） 专业特长：鼻咽癌、及头颈部肿瘤（口咽癌、下咽癌、口腔癌、喉癌、鼻腔癌、副鼻窦癌、口底癌等）的精确放射治疗，及联合化疗、靶向、免疫治疗等综合治疗 二、学习及工作经历 2007.09-2015.06 中山大学，临床医学八年制，获博士学位 2015.08-2018.12 中山大学肿瘤防治中心放疗科，住院医师 2018.12-2022.12 中山大学肿瘤防治中心放疗科，主治医师 2022.12-至今 中山大学肿瘤防治中心放疗科，副主任医师 三、学术兼职 广东省...
940,939,中山大学肿瘤防治中心,陈晨,https://www.sysucc.org.cn/node/1720,异常提示,,亮眼经历含导航文本，已清洗
941,940,中山大学肿瘤防治中心,陈磊,https://www.sysucc.org.cn/node/1707,亮眼经历线索,主任医师、博士生导师、主诊教授 鼻咽癌、口腔癌、口咽癌、下咽癌、喉癌、鼻腔鼻窦癌等头颈部肿瘤及脑转移瘤、骨转移瘤等精准放疗。 临床专家 面包屑 首页 / 临床科室 / 放疗系列 / 放疗科 / 临床专家 陈磊 职称：主任医师、博士生导师、主诊教授 专长 鼻咽癌、口腔癌、口咽癌、下咽癌、喉癌、鼻腔鼻窦癌等头颈部肿瘤及脑转移瘤、骨转移瘤等精准放疗。 一、基本情况 职称：主任医师，博士生导师，主诊教授 专家门诊时间：周一下午、周三下午（越秀院区），周四上午、周五上午（黄埔院区） 专业特长：鼻咽癌、口腔癌、口咽癌、下咽癌、喉癌、鼻腔鼻窦癌等头颈部肿瘤及脑转移瘤、骨转移瘤等精准放疗 二、学习及工作经历 学习经历： 2013/09-2016/12 中山大学，肿瘤防治中心中心，获肿瘤学博士学位 2006/09-2009/06 中山大学，肿瘤防治中心中心，获肿瘤学硕士学位 1996/09-2001/07 中山医科大学，临床医学系，获临床医...,主任医师、博士生导师、主诊教授 鼻咽癌、口腔癌、口咽癌、下咽癌、喉癌、鼻腔鼻窦癌等头颈部肿瘤及脑转移瘤、骨转移瘤等精准放疗。 陈磊 职称：主任医师、博士生导师、主诊教授 专长 鼻咽癌、口腔癌、口咽癌、下咽癌、喉癌、鼻腔鼻窦癌等头颈部肿瘤及脑转移瘤、骨转移瘤等精准放疗。 一、基本情况 职称：主任医师，博士生导师，主诊教授 专家门诊时间：周一下午、周三下午（越秀院区），周四上午、周五上午（黄埔院区） 专业特长：鼻咽癌、口腔癌、口咽癌、下咽癌、喉癌、鼻腔鼻窦癌等头颈部肿瘤及脑转移瘤、骨转移瘤等精准放疗 二、学习及工作经历 学习经历： 2013/09-2016/12 中山大学，肿瘤防治中心中心，获肿瘤学博士学位 2006/09-2009/06 中山大学，肿瘤防治中心中心，获肿瘤学硕士学位 1996/09-2001/07 中山医科大学，临床医学系，获临床医...
941,940,中山大学肿瘤防治中心,陈磊,https://www.sysucc.org.cn/node/1707,异常提示,,亮眼经历含导航文本，已清洗
943,942,中山大学肿瘤防治中心,陶亚岚,https://www.sysucc.org.cn/node/1725,亮眼经历线索,副主任医师 临床专家 面包屑 首页 / 临床科室 / 放疗系列 / 放疗科 / 临床专家 陶亚岚 职称：副主任医师 专长 头颈肿瘤的术后放射治疗，根治性放疗等综合治疗，主要包括喉癌，下咽癌，舌癌，涎腺肿瘤、口腔癌（牙龈癌、颊粘膜癌和口底肿瘤）、口咽癌（扁桃体癌、舌根肿瘤等）；,副主任医师 陶亚岚 职称：副主任医师 专长 头颈肿瘤的术后放射治疗，根治性放疗等综合治疗，主要包括喉癌，下咽癌，舌癌，涎腺肿瘤、口腔癌（牙龈癌、颊粘膜癌和口底肿瘤）、口咽癌（扁桃体癌、舌根肿瘤等）；
943,942,中山大学肿瘤防治中心,陶亚岚,https://www.sysucc.org.cn/node/1725,异常提示,,亮眼经历含导航文本，已清洗
944,943,中山大学肿瘤防治中心,霍蓝青,https://www.sysucc.org.cn/node/8578,亮眼经历线索,副主任医师 临床专家 面包屑 首页 / 临床科室 / 放疗系列 / 放疗科 / 临床专家 霍蓝青 职称：副主任医师 专长 中枢神经系统肿瘤放疗及头颈肿瘤、鼻咽癌放疗。 一、教育及工作经历 2012年-2020年 北京协和医学院 临床医学八年制博士 2020年-2023年 中山大学肿瘤防治中心 博士后/助理研究员 2020年-2023年 中山大学肿瘤防治中心放疗科 住院医师 2024年2025年 中山大学肿瘤防治中心 放疗科主治医师 二、主持科研项目 国家自然科学基金青年项目 三、代表性论著 以第一/共一作者身份发表SCI论文9篇，包括Cell Death Differ、J Extracell Vesicles等。,副主任医师 霍蓝青 职称：副主任医师 专长 中枢神经系统肿瘤放疗及头颈肿瘤、鼻咽癌放疗。 一、教育及工作经历 2012年-2020年 北京协和医学院 临床医学八年制博士 2020年-2023年 中山大学肿瘤防治中心 博士后/助理研究员 2020年-2023年 中山大学肿瘤防治中心放疗科 住院医师 2024年2025年 中山大学肿瘤防治中心 放疗科主治医师 二、主持科研项目 国家自然科学基金青年项目 三、代表性论著 以第一/共一作者身份发表SCI论文9篇，包括Cell Death Differ、J Extracell Vesicles等。
944,943,中山大学肿瘤防治中心,霍蓝青,https://www.sysucc.org.cn/node/8578,异常提示,,亮眼经历含导航文本，已清洗
945,944,中山大学肿瘤防治中心,韩非,https://www.sysucc.org.cn/node/1670,亮眼经历线索,科副主任 职称：主任医师 临床专家 面包屑 首页 / 临床科室 / 放疗系列 / 放疗科 / 临床专家 韩非 职务：科副主任 职称：主任医师 专长 头颈肿瘤的放射治疗，尤其是鼻咽癌精确放疗和复发转移鼻咽癌的综合治疗。 一、基本情况 现任中山大学附属肿瘤医院放疗科主任医师，放射肿瘤学科博士导师。 三、学术兼职 1. 广东省抗癌协会放疗专业委员会 前主任委员 2. 中华医学会放射肿瘤治疗学分会生物学组 副组长 3. 国家肿瘤质控中心喉癌质控专家委员会 副主任委员 4. CSCO头颈肿瘤专家委员会 常务委员 5. 中国抗癌协会放射防护专业委员会 常务委员 6. 泛珠江区域放疗协作组 秘书长 四、主持科研项目 1. 中大项目：共建平台(国科离子)子项目:离子射线治疗复发鼻咽癌的放射生物效应和免疫微环境影响的研究 2. 放疗联合同步化疗对比单纯放疗治疗 rT3/T4期局部复发鼻咽癌的多中心、前瞻性、III期随机对照临床研究 (中山大...,科副主任 职称：主任医师 韩非 职务：科副主任 职称：主任医师 专长 头颈肿瘤的放射治疗，尤其是鼻咽癌精确放疗和复发转移鼻咽癌的综合治疗。 一、基本情况 现任中山大学附属肿瘤医院放疗科主任医师，放射肿瘤学科博士导师。 三、学术兼职 1. 广东省抗癌协会放疗专业委员会 前主任委员 2. 中华医学会放射肿瘤治疗学分会生物学组 副组长 3. 国家肿瘤质控中心喉癌质控专家委员会 副主任委员 4. CSCO头颈肿瘤专家委员会 常务委员 5. 中国抗癌协会放射防护专业委员会 常务委员 6. 泛珠江区域放疗协作组 秘书长 四、主持科研项目 1. 中大项目：共建平台(国科离子)子项目:离子射线治疗复发鼻咽癌的放射生物效应和免疫微环境影响的研究 2. 放疗联合同步化疗对比单纯放疗治疗 rT3/T4期局部复发鼻咽癌的多中心、前瞻性、III期随机对照临床研究 (中山大...
945,944,中山大学肿瘤防治中心,韩非,https://www.sysucc.org.cn/node/1670,异常提示,,亮眼经历含导航文本，已清洗
946,945,中山大学肿瘤防治中心,马骏,https://www.sysucc.org.cn/node/1653,亮眼经历线索,中心常务副主任、常务副院长 职称：中国科学院院士、教授、主任医师、博士生导师、鼻咽癌首席专家 鼻咽癌的增效和减毒治疗 教育经历 2000/06-2002/06 美国，休斯顿，安德森癌症中心，放射肿瘤学博士后 1987/07-1990/09 中国，广州，中山医科大学，肿瘤学硕士 1980/07-1985/09 中国，长沙，湖南医科大学，临床医学学士 临床专家 面包屑 首页 / 临床科室 / 放疗系列 / 放疗科 / 临床专家 马骏 职务：中心常务副主任、常务副院长 职称：中国科学院院士、教授、主任医师、博士生导师、鼻咽癌首席专家 专长 鼻咽癌的增效和减毒治疗 教育经历 2000/06-2002/06 美国，休斯顿，安德森癌症中心，放射肿瘤学博士后 1987/07-1990/09 中国，广州，中山医科大学，肿瘤学硕士 1980/07-1985/09 中国，长沙，湖南医科大学，临床医学学士 学术任职 2023/12- 至今 中国...,中心常务副主任、常务副院长 职称：中国科学院院士、教授、主任医师、博士生导师、鼻咽癌首席专家 鼻咽癌的增效和减毒治疗 教育经历 2000/06-2002/06 美国，休斯顿，安德森癌症中心，放射肿瘤学博士后 1987/07-1990/09 中国，广州，中山医科大学，肿瘤学硕士 1980/07-1985/09 中国，长沙，湖南医科大学，临床医学学士 马骏 职务：中心常务副主任、常务副院长 职称：中国科学院院士、教授、主任医师、博士生导师、鼻咽癌首席专家 专长 鼻咽癌的增效和减毒治疗 教育经历 2000/06-2002/06 美国，休斯顿，安德森癌症中心，放射肿瘤学博士后 1987/07-1990/09 中国，广州，中山医科大学，肿瘤学硕士 1980/07-1985/09 中国，长沙，湖南医科大学，临床医学学士 学术任职 2023/12- 至今 中国...
946,945,中山大学肿瘤防治中心,马骏,https://www.sysucc.org.cn/node/1653,异常提示,,亮眼经历含导航文本，已清洗
947,946,中山大学肿瘤防治中心,高剑铭,https://www.sysucc.org.cn/node/1692,亮眼经历线索,副主任医师 临床专家 面包屑 首页 / 临床科室 / 放疗系列 / 放疗科 / 临床专家 高剑铭 职称：副主任医师 专长 鼻咽癌、头颈肿瘤、泌尿系肿瘤、骨与软组织肿瘤放射治疗 加载更多,副主任医师 高剑铭 职称：副主任医师 专长 鼻咽癌、头颈肿瘤、泌尿系肿瘤、骨与软组织肿瘤放射治疗
947,946,中山大学肿瘤防治中心,高剑铭,https://www.sysucc.org.cn/node/1692,异常提示,,亮眼经历含导航文本，已清洗
948,947,中山大学肿瘤防治中心,高远红,https://www.sysucc.org.cn/node/1659,亮眼经历线索,总支书记，科副主任 职称：主任医师、教授、博士生导师、博士后合作导师 临床专家 面包屑 首页 / 临床科室 / 放疗系列 / 放疗科 / 临床专家 高远红 职务：总支书记，科副主任 职称：主任医师、教授、博士生导师、博士后合作导师 专长 结直肠癌、肝癌、泌尿系肿瘤、儿童肿瘤、鼻咽癌等放射治疗、综合治疗与转化研究。 以第一和通讯作者在国内外专业学术期刊如BMJ、Cancer Cell、J Clin Oncol、Cancer Commun、Cancer Immunol Res、Front Immunol、Int J Radiat Oncol Biol Phys等发表研究论文130余篇。 主持国家自然科学基金面上项目4项。,总支书记，科副主任 职称：主任医师、教授、博士生导师、博士后合作导师 高远红 职务：总支书记，科副主任 职称：主任医师、教授、博士生导师、博士后合作导师 专长 结直肠癌、肝癌、泌尿系肿瘤、儿童肿瘤、鼻咽癌等放射治疗、综合治疗与转化研究。 以第一和通讯作者在国内外专业学术期刊如BMJ、Cancer Cell、J Clin Oncol、Cancer Commun、Cancer Immunol Res、Front Immunol、Int J Radiat Oncol Biol Phys等发表研究论文130余篇。 主持国家自然科学基金面上项目4项。
948,947,中山大学肿瘤防治中心,高远红,https://www.sysucc.org.cn/node/1659,异常提示,,亮眼经历含导航文本，已清洗
949,948,中山大学肿瘤防治中心,黄晓丹,https://www.sysucc.org.cn/node/6666,亮眼经历线索,"副主任医师 二、教育及工作经历 2023年12月至今 中山大学肿瘤防治中心放疗科 副主任医师 2021年12月至2023年12月 中山大学肿瘤防治中心放疗科 主治医师 2019年7月至2021年12月 中山大学肿瘤防治中心放疗科 住院医师 2019年7月至2021年8月 中山大学肿瘤防治中心 博士后/助理研究员 2011年9月至2019年6月 中山大学中山医学院 临床医学八年制博士 三、主持科研项目 国家自然科学基金青年项目、中国博士后科学基金面上项目 四、代表性论著 以第一/共一作者发表SCI论文10余篇，包括Cell Research, Cell Death and Differentiation, Int J Radiat Oncol Biol Phys, Radiotherapy and Oncology, Cancer等。 临床专家 面包屑 首页 / 临床科室 / 放疗系列 / 放疗科 / 临床专家 黄晓丹 职称...","副主任医师 二、教育及工作经历 2023年12月至今 中山大学肿瘤防治中心放疗科 副主任医师 2021年12月至2023年12月 中山大学肿瘤防治中心放疗科 主治医师 2019年7月至2021年12月 中山大学肿瘤防治中心放疗科 住院医师 2019年7月至2021年8月 中山大学肿瘤防治中心 博士后/助理研究员 2011年9月至2019年6月 中山大学中山医学院 临床医学八年制博士 三、主持科研项目 国家自然科学基金青年项目、中国博士后科学基金面上项目 四、代表性论著 以第一/共一作者发表SCI论文10余篇，包括Cell Research, Cell Death and Differentiation, Int J Radiat Oncol Biol Phys, Radiotherapy and Oncology, Cancer等。"
949,948,中山大学肿瘤防治中心,黄晓丹,https://www.sysucc.org.cn/node/6666,异常提示,,亮眼经历含导航文本，已清洗
950,949,中山大学肿瘤防治中心,黄莹,https://www.sysucc.org.cn/node/1680,亮眼经历线索,主任医师 头颈部肿瘤放射治疗及综合治疗，包括鼻咽癌，口咽癌，口腔癌，喉癌，下咽癌，鼻腔副鼻窦癌，眼眶肿瘤等肿瘤精准放疗和综合治疗； 临床专家 面包屑 首页 / 临床科室 / 放疗系列 / 放疗科 / 临床专家 黄莹 职称：主任医师 专长 头颈部肿瘤放射治疗及综合治疗，包括鼻咽癌，口咽癌，口腔癌，喉癌，下咽癌，鼻腔副鼻窦癌，眼眶肿瘤等肿瘤精准放疗和综合治疗； 一、基本情况 职称：主任医师 专业特长：头颈部肿瘤放射治疗及综合治疗，包括鼻咽癌，口咽癌，口腔癌，喉癌，下咽癌，鼻腔副鼻窦癌，眼眶肿瘤等肿瘤精准放疗和综合治疗；,主任医师 头颈部肿瘤放射治疗及综合治疗，包括鼻咽癌，口咽癌，口腔癌，喉癌，下咽癌，鼻腔副鼻窦癌，眼眶肿瘤等肿瘤精准放疗和综合治疗； 黄莹 职称：主任医师 专长 头颈部肿瘤放射治疗及综合治疗，包括鼻咽癌，口咽癌，口腔癌，喉癌，下咽癌，鼻腔副鼻窦癌，眼眶肿瘤等肿瘤精准放疗和综合治疗； 一、基本情况 职称：主任医师 专业特长：头颈部肿瘤放射治疗及综合治疗，包括鼻咽癌，口咽癌，口腔癌，喉癌，下咽癌，鼻腔副鼻窦癌，眼眶肿瘤等肿瘤精准放疗和综合治疗；
950,949,中山大学肿瘤防治中心,黄莹,https://www.sysucc.org.cn/node/1680,异常提示,,亮眼经历含导航文本，已清洗
951,950,中山大学肿瘤防治中心,邓婷,https://www.sysucc.org.cn/node/3706,亮眼经历线索,本科 2005.09-2010.07 中山大学 临床医学五年制 硕士 2010.09-2012.09 中山大学 肿瘤学临床型 博士 2012.09-2015.06 中山大学 肿瘤学临床型（转博） 工作经历： 2015.08至2020.12 中山大学附属肿瘤医院 妇科 住院医师 2020.12至2024.12 中山大学附属肿瘤医院 妇科 主治医师 2024.12至今 中山大学附属肿瘤医院 妇科 副主任医师 副主任医师 临床专家 面包屑 首页 / 临床科室 / 外科系列 / 妇科 / 临床专家 邓婷 职称：副主任医师 专长 卵巢癌、宫颈癌、子宫内膜癌等妇科肿瘤的手术及化疗、靶免等综合治疗，尤其是早期卵巢癌的诊治。 二、教育及工作经历 教育经历： 阶段 起止时间 毕业院校 专业 本科 2005.09-2010.07 中山大学 临床医学五年制 硕士 2010.09-2012.09 中山大学 肿瘤学临床型 博士 2012.09-20...,本科 2005.09-2010.07 中山大学 临床医学五年制 硕士 2010.09-2012.09 中山大学 肿瘤学临床型 博士 2012.09-2015.06 中山大学 肿瘤学临床型（转博） 工作经历： 2015.08至2020.12 中山大学附属肿瘤医院 妇科 住院医师 2020.12至2024.12 中山大学附属肿瘤医院 妇科 主治医师 2024.12至今 中山大学附属肿瘤医院 妇科 副主任医师 副主任医师 邓婷 职称：副主任医师 专长 卵巢癌、宫颈癌、子宫内膜癌等妇科肿瘤的手术及化疗、靶免等综合治疗，尤其是早期卵巢癌的诊治。
951,950,中山大学肿瘤防治中心,邓婷,https://www.sysucc.org.cn/node/3706,异常提示,,亮眼经历含导航文本，已清洗
953,952,中山大学肿瘤防治中心,林晓平,https://www.sysucc.org.cn/node/7556,亮眼经历线索,主任医师 临床专家 面包屑 首页 / 临床科室 / 平台科室 / 核医学科 / 临床专家 林晓平 职称：主任医师 专长 肿瘤核医学的诊断与治疗，包括PET/CT、PET/MR、SPECT/CT等,主任医师 林晓平 职称：主任医师 专长 肿瘤核医学的诊断与治疗，包括PET/CT、PET/MR、SPECT/CT等
953,952,中山大学肿瘤防治中心,林晓平,https://www.sysucc.org.cn/node/7556,异常提示,,亮眼经历含导航文本，已清洗
955,954,中山大学肿瘤防治中心,胡莹莹,https://www.sysucc.org.cn/node/8175,亮眼经历线索,"核医学科副主任 职称：副主任医师 临床专家 面包屑 首页 / 临床科室 / 平台科室 / 核医学科 / 临床专家 胡莹莹 职务：核医学科副主任 职称：副主任医师 专长 肿瘤放射性核素治疗，PET/CT、PET/MR 、SPECT诊断。 一、基本情况 核医学副主任医师，擅长肿瘤PET/CT诊断。 三、学术兼职 中国抗癌协会第三届肿瘤核医学专业委员会委员 广东省抗癌协会肿瘤核医学专业委员会第一届委员会委员 广东省医师协会核医学医师分会第三届委员会委员 广东省医院协会第一届核医学科管理专业委员会委员 中华医学会核医学分会第十二届委员会试验学组成员 中国医师协会核医学分会第五届委员会临床诊疗一体化学组成员 四、主持科研项目 广东省医学科学技术研究基金, 18F-FDG PET/CT用于儿童非霍奇金淋巴瘤疗效评价的假阳性分析。","核医学科副主任 职称：副主任医师 胡莹莹 职务：核医学科副主任 职称：副主任医师 专长 肿瘤放射性核素治疗，PET/CT、PET/MR 、SPECT诊断。 一、基本情况 核医学副主任医师，擅长肿瘤PET/CT诊断。 三、学术兼职 中国抗癌协会第三届肿瘤核医学专业委员会委员 广东省抗癌协会肿瘤核医学专业委员会第一届委员会委员 广东省医师协会核医学医师分会第三届委员会委员 广东省医院协会第一届核医学科管理专业委员会委员 中华医学会核医学分会第十二届委员会试验学组成员 中国医师协会核医学分会第五届委员会临床诊疗一体化学组成员 四、主持科研项目 广东省医学科学技术研究基金, 18F-FDG PET/CT用于儿童非霍奇金淋巴瘤疗效评价的假阳性分析。"
955,954,中山大学肿瘤防治中心,胡莹莹,https://www.sysucc.org.cn/node/8175,异常提示,,亮眼经历含导航文本，已清洗
961,960,中山大学肿瘤防治中心,张琳 学历 /学位： 博士（肿瘤学） Department （,https://www.sysucc.org.cn/node/3883,亮眼经历线索,主任技师、硕士生导师 临床专家 面包屑 首页 / 临床科室 / 平台科室 / 检验科 / 临床专家 张琳 职称：主任技师、硕士生导师 专长 胃癌和食管癌的消化道肿瘤的转化医学 一、基本情况： 姓名： 张琳 学历 /学位： 博士（肿瘤学） Department （科室） : 检验科 Title （职称、职务） : 主任技师、 硕士生导师、肿瘤学博士 Email: zhanglin@sysucc.org.cn 二、学习及工作经历： Education（教育背景）: 2001.09-2006.07 南华大学，医学院，临床医学检验 2010.09-2012.12 中山大学，基础医学，免疫学，硕士 2014.09-2017.06中山大学，肿瘤防治中心，肿瘤学，博士 工作经历： 2006.04 - 2012.12 中山大学肿瘤防治中心检验科，技师 2013.01 - 2017.12 中山大学肿瘤防治中心检验科，主管技师 2018.01...,主任技师、硕士生导师 张琳 职称：主任技师、硕士生导师 专长 胃癌和食管癌的消化道肿瘤的转化医学 一、基本情况： 姓名： 张琳 学历 /学位： 博士（肿瘤学） Department （科室） : 检验科 Title （职称、职务） : 主任技师、 硕士生导师、肿瘤学博士 Email: zhanglin@sysucc.org.cn 二、学习及工作经历： Education（教育背景）: 2001.09-2006.07 南华大学，医学院，临床医学检验 2010.09-2012.12 中山大学，基础医学，免疫学，硕士 2014.09-2017.06中山大学，肿瘤防治中心，肿瘤学，博士 工作经历： 2006.04 - 2012.12 中山大学肿瘤防治中心检验科，技师 2013.01 - 2017.12 中山大学肿瘤防治中心检验科，主管技师 2018.01...
961,960,中山大学肿瘤防治中心,张琳 学历 /学位： 博士（肿瘤学） Department （,https://www.sysucc.org.cn/node/3883,异常提示,,亮眼经历含导航文本，已清洗
962,961,中山大学肿瘤防治中心,戴淑琴,https://www.sysucc.org.cn/node/3875,亮眼经历线索,科副主任 职称：主任技师 基本情况 主任技师，硕士生导师，检验科副主任，检验科输血科师生党支部书记。 临床专家 面包屑 首页 / 临床科室 / 平台科室 / 检验科 / 临床专家 戴淑琴 职务：科副主任 职称：主任技师 基本情况 主任技师，硕士生导师，检验科副主任，检验科输血科师生党支部书记。 临床研究伦理审查委员会委员。 学术成果 中国发明专利：一种消除标本溶血所致血清神经特异性烯醇化酶检测阳性干扰的个体化纠正公式及其应用，专利号：ZL20211 0700925.7。,科副主任 职称：主任技师 基本情况 主任技师，硕士生导师，检验科副主任，检验科输血科师生党支部书记。 戴淑琴 职务：科副主任 职称：主任技师 基本情况 主任技师，硕士生导师，检验科副主任，检验科输血科师生党支部书记。 临床研究伦理审查委员会委员。 学术成果 中国发明专利：一种消除标本溶血所致血清神经特异性烯醇化酶检测阳性干扰的个体化纠正公式及其应用，专利号：ZL20211 0700925.7。
962,961,中山大学肿瘤防治中心,戴淑琴,https://www.sysucc.org.cn/node/3875,异常提示,,亮眼经历含导航文本，已清洗
967,966,中山大学肿瘤防治中心,罗敏,https://www.sysucc.org.cn/node/12181,亮眼经历线索,"副研究员 基本情况 医学博士，副研究员，检验科医师 学习及工作经历 (1)2010-09 至 2015-06, 中山大学, 医学检验, 学士 (2)2015-08 至 2020-08, 中山大学, 肿瘤学, 博士 (3) 2020-09 至 2023-08, 中山大学，博士后 (4) 2023-09 至今, 中山大学, 肿瘤防治中心, 副研究员，检验科医师 主持 /参与科研项目 主持国家自然科学基金 1项，省自然科学基金1项，博士后科学基金1项，参与国家/省自然科学基金1项。 学术论文 发表高水平 SCI论文多篇 临床专家 面包屑 首页 / 临床科室 / 平台科室 / 检验科 / 临床专家 罗敏 职称：副研究员 基本情况 医学博士，副研究员，检验科医师 学习及工作经历 (1)2010-09 至 2015-06, 中山大学, 医学检验, 学士 (2)2015-08 至 2020-08, 中山大学, 肿瘤学, 博士 (3) 2...","副研究员 基本情况 医学博士，副研究员，检验科医师 学习及工作经历 (1)2010-09 至 2015-06, 中山大学, 医学检验, 学士 (2)2015-08 至 2020-08, 中山大学, 肿瘤学, 博士 (3) 2020-09 至 2023-08, 中山大学，博士后 (4) 2023-09 至今, 中山大学, 肿瘤防治中心, 副研究员，检验科医师 主持 /参与科研项目 主持国家自然科学基金 1项，省自然科学基金1项，博士后科学基金1项，参与国家/省自然科学基金1项。 学术论文 发表高水平 SCI论文多篇 罗敏 职称：副研究员 基本情况 医学博士，副研究员，检验科医师 学习及工作经历 (1)2010-09 至 2015-06, 中山大学, 医学检验, 学士 (2)2015-08 至 2020-08, 中山大学, 肿瘤学, 博士 (3) 2..."
967,966,中山大学肿瘤防治中心,罗敏,https://www.sysucc.org.cn/node/12181,异常提示,,亮眼经历含导航文本，已清洗
975,974,中山大学肿瘤防治中心,"BMI-1通过抑制PTEN表达，诱导膀胱癌细胞上皮间质化促进膀胱癌浸润转移的相关机制研究）（编号：81072101） （2011-2013年），为课题负责人 主编或编写专著： 1．《膀胱癌》广东科技出版社，2008年第1版，主要编写 2．《泌尿生殖系肿瘤外科手术图谱》人民卫生出版社，2013年第1版，参加编写， 发表论文: 第一作者或通讯作者： 1. 脐尿管癌14例临床分析. 癌症, 2008, (09),966-969. 2. 婴幼儿I期睾丸卵黄囊瘤的临床分析(附10例报告) 癌症, 2008,(11), 1226-1228. 3. 术中诊断无症状嗜铬细胞瘤的应急处理—附11例报告 癌症, 2008,(05),531-534. 4. 局限性肾癌保留肾单位手术治疗分析(附63例报告) 中国癌症杂志, 2008,(03),209-211. 5.存活素和血管内皮生长因子蛋白在肾上腺肿瘤中的表达及其临床意义.中华泌尿外科杂志, 2007， 28(Suppl),14-17. 6.膀胱癌组织中Bmi-1蛋白表达及其临床意义. 癌症， 2008，27（12）：1327-1330, . 7. 睾丸弥漫性大B细胞淋巴瘤临床及病理特点分析(附21例报告). 中国癌症杂志, 2009, (08),619-624. 8. Intra-arterial Chemotherapy Is Reliable in Preventing High-risk Superficial Bladder Cancer from Recurrence and Progression. Journal of Chemotherapy. 2009，21(6): 681-686 . 9. Expression of Bmi-1 is a Prognostic Marker in Bladder Cancer. BMC Cancer,2009， 9: 61-68 . 10．调强适形放疗治疗前列腺癌的临床疗效分析(附13例报告).现代泌尿外科杂志, 2011, (02), 108-111. 11. Clipping the extremity of ureter prior to nephroureterectomy is effective for preventing subsequent bladder recurrence after upper urinary tract urothelial carcinoma. Chin Med J (Engl).125(21):3821-6,2012. 12. Clinical Analysis of Management of Pediatric Testicular Germ Cell Tumors Urology.2012， 79(4): 892-7 . 13. The risk factors for the presence of pelvic lymph node metastasis in penile squamous cell carcinoma patients with inguinal lymph node dissection. World J Urol. 2013，(6):1519-24. 14 Intra-arterial chemotherapy with gemcitabine and cisplatin in locally advanced or recurrent squamous cell carcinoma of penis. Chinese Journal of Cancer. 2013，(11):619-23. 15. 手术治疗孤立性肾上腺转移瘤的疗效分析——附22例报告.新医学, 2013,(05),332-335. 第二、三作者及其他： 1.输尿管移行细胞癌术后膀胱复发的危险因素分析。南方医科大学学报，2012（04）:557-9. 更新时间：2014.3.17",https://www.sysucc.org.cn/node/3723,亮眼经历线索,教授、主任医师、博士生导师 临床专家 面包屑 首页 / 临床科室 / 外科系列 / 泌尿外科 / 临床专家 秦自科 职称：教授、主任医师、博士生导师 专长 从事膀胱癌，肾盂、输尿管癌等泌尿系肿瘤的诊治研究。 一、基本情况 职称：教授、主任医师、博士生导师 专家门诊时间： 周三上午 专业特长：擅长膀胱癌、肾盂癌和输尿管癌等泌尿系肿瘤的外科治疗及多学科综合治疗 二、学习及工作经历： 1984年9月—1989年7月：广西医科大学医学系学习 1989年7月—1993年8月：广西桂林地区人民医院泌尿外科工作 1993年9月—1996年7月：中山医科大学肿瘤医院腹科攻读肿瘤学硕士学位 1996年9月—1999年7月：山医科大学第一附属医院泌尿外科攻读博士学位 1999年7月至今：在中山大学附属肿瘤医院泌尿科工作 2004年6月—8月：在新加坡国立大学学习腹腔镜新技术 2004年10月：参加第十六届国家药品临床研究基地负责人学习班 20...,教授、主任医师、博士生导师 秦自科 职称：教授、主任医师、博士生导师 专长 从事膀胱癌，肾盂、输尿管癌等泌尿系肿瘤的诊治研究。 一、基本情况 职称：教授、主任医师、博士生导师 专家门诊时间： 周三上午 专业特长：擅长膀胱癌、肾盂癌和输尿管癌等泌尿系肿瘤的外科治疗及多学科综合治疗 二、学习及工作经历： 1984年9月—1989年7月：广西医科大学医学系学习 1989年7月—1993年8月：广西桂林地区人民医院泌尿外科工作 1993年9月—1996年7月：中山医科大学肿瘤医院腹科攻读肿瘤学硕士学位 1996年9月—1999年7月：山医科大学第一附属医院泌尿外科攻读博士学位 1999年7月至今：在中山大学附属肿瘤医院泌尿科工作 2004年6月—8月：在新加坡国立大学学习腹腔镜新技术 2004年10月：参加第十六届国家药品临床研究基地负责人学习班 20...
975,974,中山大学肿瘤防治中心,"BMI-1通过抑制PTEN表达，诱导膀胱癌细胞上皮间质化促进膀胱癌浸润转移的相关机制研究）（编号：81072101） （2011-2013年），为课题负责人 主编或编写专著： 1．《膀胱癌》广东科技出版社，2008年第1版，主要编写 2．《泌尿生殖系肿瘤外科手术图谱》人民卫生出版社，2013年第1版，参加编写， 发表论文: 第一作者或通讯作者： 1. 脐尿管癌14例临床分析. 癌症, 2008, (09),966-969. 2. 婴幼儿I期睾丸卵黄囊瘤的临床分析(附10例报告) 癌症, 2008,(11), 1226-1228. 3. 术中诊断无症状嗜铬细胞瘤的应急处理—附11例报告 癌症, 2008,(05),531-534. 4. 局限性肾癌保留肾单位手术治疗分析(附63例报告) 中国癌症杂志, 2008,(03),209-211. 5.存活素和血管内皮生长因子蛋白在肾上腺肿瘤中的表达及其临床意义.中华泌尿外科杂志, 2007， 28(Suppl),14-17. 6.膀胱癌组织中Bmi-1蛋白表达及其临床意义. 癌症， 2008，27（12）：1327-1330, . 7. 睾丸弥漫性大B细胞淋巴瘤临床及病理特点分析(附21例报告). 中国癌症杂志, 2009, (08),619-624. 8. Intra-arterial Chemotherapy Is Reliable in Preventing High-risk Superficial Bladder Cancer from Recurrence and Progression. Journal of Chemotherapy. 2009，21(6): 681-686 . 9. Expression of Bmi-1 is a Prognostic Marker in Bladder Cancer. BMC Cancer,2009， 9: 61-68 . 10．调强适形放疗治疗前列腺癌的临床疗效分析(附13例报告).现代泌尿外科杂志, 2011, (02), 108-111. 11. Clipping the extremity of ureter prior to nephroureterectomy is effective for preventing subsequent bladder recurrence after upper urinary tract urothelial carcinoma. Chin Med J (Engl).125(21):3821-6,2012. 12. Clinical Analysis of Management of Pediatric Testicular Germ Cell Tumors Urology.2012， 79(4): 892-7 . 13. The risk factors for the presence of pelvic lymph node metastasis in penile squamous cell carcinoma patients with inguinal lymph node dissection. World J Urol. 2013，(6):1519-24. 14 Intra-arterial chemotherapy with gemcitabine and cisplatin in locally advanced or recurrent squamous cell carcinoma of penis. Chinese Journal of Cancer. 2013，(11):619-23. 15. 手术治疗孤立性肾上腺转移瘤的疗效分析——附22例报告.新医学, 2013,(05),332-335. 第二、三作者及其他： 1.输尿管移行细胞癌术后膀胱复发的危险因素分析。南方医科大学学报，2012（04）:557-9. 更新时间：2014.3.17",https://www.sysucc.org.cn/node/3723,异常提示,,亮眼经历含导航文本，已清洗
976,975,中山大学肿瘤防治中心,刘卓炜,https://www.sysucc.org.cn/node/3720,亮眼经历线索,中心副主任、副院长 职称：二级教授、一级主任医师、博士生导师，美国西南医学中心泌尿外科VisitingAssistantProfessor、尿路上皮癌（膀胱癌）首席专家 擅长膀胱癌、肾盂癌、输尿管癌、睾丸癌及小儿泌尿系肿瘤等泌尿系肿瘤的外科治疗及多学科综合治疗 临床专家 面包屑 首页 / 临床科室 / 外科系列 / 泌尿外科 / 临床专家 刘卓炜 职务：中心副主任、副院长 职称：二级教授、一级主任医师、博士生导师，美国西南医学中心泌尿外科VisitingAssistantProfessor、尿路上皮癌（膀胱癌）首席专家 专长 擅长膀胱癌、肾盂癌、输尿管癌、睾丸癌及小儿泌尿系肿瘤等泌尿系肿瘤的外科治疗及多学科综合治疗 一、基本情况 职称：教授、主任医师、博士生导师 职务：中心副主任、副院长 专家门诊时间：每周一上午、周四上午 专业特长：擅长膀胱癌、肾盂癌、输尿管癌、睾丸癌及小儿泌尿系肿瘤等泌尿系肿瘤的外科治疗及多学科综合治疗...,中心副主任、副院长 职称：二级教授、一级主任医师、博士生导师，美国西南医学中心泌尿外科VisitingAssistantProfessor、尿路上皮癌（膀胱癌）首席专家 擅长膀胱癌、肾盂癌、输尿管癌、睾丸癌及小儿泌尿系肿瘤等泌尿系肿瘤的外科治疗及多学科综合治疗 刘卓炜 职务：中心副主任、副院长 职称：二级教授、一级主任医师、博士生导师，美国西南医学中心泌尿外科VisitingAssistantProfessor、尿路上皮癌（膀胱癌）首席专家 专长 擅长膀胱癌、肾盂癌、输尿管癌、睾丸癌及小儿泌尿系肿瘤等泌尿系肿瘤的外科治疗及多学科综合治疗 一、基本情况 职称：教授、主任医师、博士生导师 职务：中心副主任、副院长 专家门诊时间：每周一上午、周四上午 专业特长：擅长膀胱癌、肾盂癌、输尿管癌、睾丸癌及小儿泌尿系肿瘤等泌尿系肿瘤的外科治疗及多学科综合治疗...
976,975,中山大学肿瘤防治中心,刘卓炜,https://www.sysucc.org.cn/node/3720,异常提示,,亮眼经历含导航文本，已清洗
977,976,中山大学肿瘤防治中心,刘振华,https://www.sysucc.org.cn/node/9133,亮眼经历线索,"副主任医师、助理研究员 泌尿系肿瘤的临床与转化研究，以第一或共一作者身份在International Journal of Surgery, British Journal of Surgery，Cell Reports Medicine，Cell Death & Disease等国际知名期刊发表研究论文。 临床专家 面包屑 首页 / 临床科室 / 外科系列 / 泌尿外科 / 临床专家 刘振华 职称：副主任医师、助理研究员 专长 泌尿系肿瘤的诊治，包括膀胱癌、肾癌、肾盂癌、输尿管癌、肾上腺肿瘤、睾丸肿瘤等的外科治疗。 刘振华 中山大学肿瘤防治中心泌尿外科 职称：副主任医师、助理研究员。","副主任医师、助理研究员 泌尿系肿瘤的临床与转化研究，以第一或共一作者身份在International Journal of Surgery, British Journal of Surgery，Cell Reports Medicine，Cell Death & Disease等国际知名期刊发表研究论文。 刘振华 职称：副主任医师、助理研究员 专长 泌尿系肿瘤的诊治，包括膀胱癌、肾癌、肾盂癌、输尿管癌、肾上腺肿瘤、睾丸肿瘤等的外科治疗。 刘振华 中山大学肿瘤防治中心泌尿外科 职称：副主任医师、助理研究员。"
977,976,中山大学肿瘤防治中心,刘振华,https://www.sysucc.org.cn/node/9133,异常提示,,亮眼经历含导航文本，已清洗
978,977,中山大学肿瘤防治中心,危文素,https://www.sysucc.org.cn/node/8772,亮眼经历线索,副主任医师、临床医学博士后、硕士生导师 临床专家 面包屑 首页 / 临床科室 / 外科系列 / 泌尿外科 / 临床专家 危文素 职称：副主任医师、临床医学博士后、硕士生导师 专长 熟练掌握各种泌尿系肿瘤的诊治，包括肾癌、膀胱癌、前列腺癌、肾上腺腺瘤、肾上腺嗜铬细胞瘤、睾丸癌等外科手术治疗。 一、基本情况 职称： 副主任医师、硕士生导师 专家门诊时间： 周二上午（黄埔院区） 专业特长： 各种泌尿系肿瘤的诊治，包括肾癌、膀胱癌、前列腺癌、肾上腺腺瘤、肾上腺嗜铬细胞瘤、睾丸癌等外科手术治疗。 二、教育及工作经历 2008.09-2013.06 湖南师范大学 临床医学 | 本科 2013.09-2016.07 中南大学湘雅三医院 泌尿外科 导师：何乐业教授 外科学 | 硕士 2016.09-2019.07 中山大学肿瘤防治中心泌尿科 导师：周芳坚教授 肿瘤学 | 博士 2019.07-2022.06 中山大学肿瘤防治中心 合作导师...,副主任医师、临床医学博士后、硕士生导师 危文素 职称：副主任医师、临床医学博士后、硕士生导师 专长 熟练掌握各种泌尿系肿瘤的诊治，包括肾癌、膀胱癌、前列腺癌、肾上腺腺瘤、肾上腺嗜铬细胞瘤、睾丸癌等外科手术治疗。 一、基本情况 职称： 副主任医师、硕士生导师 专家门诊时间： 周二上午（黄埔院区） 专业特长： 各种泌尿系肿瘤的诊治，包括肾癌、膀胱癌、前列腺癌、肾上腺腺瘤、肾上腺嗜铬细胞瘤、睾丸癌等外科手术治疗。
978,977,中山大学肿瘤防治中心,危文素,https://www.sysucc.org.cn/node/8772,异常提示,,亮眼经历含导航文本，已清洗
979,978,中山大学肿瘤防治中心,叶云林,https://www.sysucc.org.cn/node/3731,亮眼经历线索,副主任医师 膀胱癌、肾盂癌、输尿管癌、睾丸肿瘤的手术及综合治疗 加载更多 职称：副主任医师 专长：膀胱癌、肾盂癌、输尿管癌、睾丸肿瘤的手术及综合治疗 临床专家 面包屑 首页 / 临床科室 / 外科系列 / 泌尿外科 / 临床专家 叶云林 职称：副主任医师 专长 膀胱癌、肾盂癌、输尿管癌、睾丸肿瘤的手术及综合治疗 职称：副主任医师 专长：膀胱癌、肾盂癌、输尿管癌、睾丸肿瘤的手术及综合治疗 加载更多 职称：副主任医师 专长：膀胱癌、肾盂癌、输尿管癌、睾丸肿瘤的手术及综合治疗,副主任医师 膀胱癌、肾盂癌、输尿管癌、睾丸肿瘤的手术及综合治疗 职称：副主任医师 专长：膀胱癌、肾盂癌、输尿管癌、睾丸肿瘤的手术及综合治疗 叶云林 职称：副主任医师 专长 膀胱癌、肾盂癌、输尿管癌、睾丸肿瘤的手术及综合治疗 职称：副主任医师 专长：膀胱癌、肾盂癌、输尿管癌、睾丸肿瘤的手术及综合治疗 职称：副主任医师 专长：膀胱癌、肾盂癌、输尿管癌、睾丸肿瘤的手术及综合治疗
979,978,中山大学肿瘤防治中心,叶云林,https://www.sysucc.org.cn/node/3731,异常提示,,亮眼经历含导航文本，已清洗
981,980,中山大学肿瘤防治中心,周芳坚,https://www.sysucc.org.cn/node/3721,亮眼经历线索,泌尿科主任导师 职称：教授、主任医师、博士生导师、前列腺癌首席专家 临床专家 面包屑 首页 / 临床科室 / 外科系列 / 泌尿外科 / 临床专家 周芳坚 职务：泌尿科主任导师 职称：教授、主任医师、博士生导师、前列腺癌首席专家 专长 前列腺癌手术治疗、综合治疗和全程管理，PSA升高诊治。 一、基本情况 泌尿外科主任导师，前列腺癌单病种首席专家。 在日本北海道大学医学部泌尿科临床进修 1998年—1999年；,泌尿科主任导师 职称：教授、主任医师、博士生导师、前列腺癌首席专家 周芳坚 职务：泌尿科主任导师 职称：教授、主任医师、博士生导师、前列腺癌首席专家 专长 前列腺癌手术治疗、综合治疗和全程管理，PSA升高诊治。 一、基本情况 泌尿外科主任导师，前列腺癌单病种首席专家。 在日本北海道大学医学部泌尿科临床进修 1998年—1999年；
981,980,中山大学肿瘤防治中心,周芳坚,https://www.sysucc.org.cn/node/3721,异常提示,,亮眼经历含导航文本，已清洗
982,981,中山大学肿瘤防治中心,尧凯,https://www.sysucc.org.cn/node/3724,亮眼经历线索,泌尿外科科主任 职称：泌尿外科行政主任、主任医师、博士生导师、新加坡国立大学医学中心访问学者 精通泌尿生殖系统肿瘤的外科治疗及多学科综合诊治； 疑难复杂病例的个体化诊治经验非常丰富，领导的多学科诊治团队治疗各泌尿系肿瘤疗效达国际和国内先进水平。 临床专家 面包屑 首页 / 临床科室 / 外科系列 / 泌尿外科 / 临床专家 尧凯 职务：泌尿外科科主任 职称：泌尿外科行政主任、主任医师、博士生导师、新加坡国立大学医学中心访问学者 专长 精通泌尿生殖系统肿瘤的外科治疗及多学科综合诊治；,泌尿外科科主任 职称：泌尿外科行政主任、主任医师、博士生导师、新加坡国立大学医学中心访问学者 精通泌尿生殖系统肿瘤的外科治疗及多学科综合诊治； 疑难复杂病例的个体化诊治经验非常丰富，领导的多学科诊治团队治疗各泌尿系肿瘤疗效达国际和国内先进水平。 尧凯 职务：泌尿外科科主任 职称：泌尿外科行政主任、主任医师、博士生导师、新加坡国立大学医学中心访问学者 专长 精通泌尿生殖系统肿瘤的外科治疗及多学科综合诊治；
982,981,中山大学肿瘤防治中心,尧凯,https://www.sysucc.org.cn/node/3724,异常提示,,亮眼经历含导航文本，已清洗
983,982,中山大学肿瘤防治中心,张志凌,https://www.sysucc.org.cn/node/3726,亮眼经历线索,教授、主任医师、博士生导师 擅长肾癌、肾上腺肿瘤及腹膜后肿瘤等泌尿系肿瘤的外科治疗及多学科综合治疗 临床专家 面包屑 首页 / 临床科室 / 外科系列 / 泌尿外科 / 临床专家 张志凌 职称：教授、主任医师、博士生导师 专长 擅长肾癌、肾上腺肿瘤及腹膜后肿瘤等泌尿系肿瘤的外科治疗及多学科综合治疗 一、基本情况 职称：教授、主任医师、博士生导师 专家门诊时间：周四下午 专业特长：擅长肾癌、肾上腺肿瘤及腹膜后肿瘤等泌尿系肿瘤的外科治疗及多学科综合治疗 二、学习及工作经历： 2012年博士毕业于中山大学，后赴美国克利夫兰医学中心从事访问学者研究，主要钻研肾癌保肾手术和肾功能的保护。 2017年至今担任中山大学肿瘤防治中心泌尿科教授、主任医师。,教授、主任医师、博士生导师 擅长肾癌、肾上腺肿瘤及腹膜后肿瘤等泌尿系肿瘤的外科治疗及多学科综合治疗 张志凌 职称：教授、主任医师、博士生导师 专长 擅长肾癌、肾上腺肿瘤及腹膜后肿瘤等泌尿系肿瘤的外科治疗及多学科综合治疗 一、基本情况 职称：教授、主任医师、博士生导师 专家门诊时间：周四下午 专业特长：擅长肾癌、肾上腺肿瘤及腹膜后肿瘤等泌尿系肿瘤的外科治疗及多学科综合治疗 二、学习及工作经历： 2012年博士毕业于中山大学，后赴美国克利夫兰医学中心从事访问学者研究，主要钻研肾癌保肾手术和肾功能的保护。 2017年至今担任中山大学肿瘤防治中心泌尿科教授、主任医师。
983,982,中山大学肿瘤防治中心,张志凌,https://www.sysucc.org.cn/node/3726,异常提示,,亮眼经历含导航文本，已清洗
984,983,中山大学肿瘤防治中心,李向东,https://www.sysucc.org.cn/node/3732,亮眼经历线索,主任医师、硕士研究生导师 膀胱癌，睾丸癌，肾盂输尿管癌和儿童肿瘤的外科治疗 职称：主任医师、硕士研究生导师 专业特长：膀胱癌，睾丸癌，肾盂输尿管癌和儿童肿瘤的外科治疗 1.膀胱癌的微创治疗：专注于微创外科技术，减少创伤，缩短恢复时间，优化术后管理，进一步降低膀胱癌根治和电切术后并发症发生率。 加载更多 职称：主任医师、硕士研究生导师 专业特长：膀胱癌，睾丸癌，肾盂输尿管癌和儿童肿瘤的外科治疗 1.膀胱癌的微创治疗：专注于微创外科技术，减少创伤，缩短恢复时间，优化术后管理，进一步降低膀胱癌根治和电切术后并发症发生率。 临床专家 面包屑 首页 / 临床科室 / 外科系列 / 泌尿外科 / 临床专家 李向东 职称：主任医师、硕士研究生导师 专长 膀胱癌，睾丸癌，肾盂输尿管癌和儿童肿瘤的外科治疗 职称：主任医师、硕士研究生导师 专业特长：膀胱癌，睾丸癌，肾盂输尿管癌和儿童肿瘤的外科治疗 1.膀胱癌的微创治疗：专注于微创外科技术，减...,主任医师、硕士研究生导师 膀胱癌，睾丸癌，肾盂输尿管癌和儿童肿瘤的外科治疗 职称：主任医师、硕士研究生导师 专业特长：膀胱癌，睾丸癌，肾盂输尿管癌和儿童肿瘤的外科治疗 1.膀胱癌的微创治疗：专注于微创外科技术，减少创伤，缩短恢复时间，优化术后管理，进一步降低膀胱癌根治和电切术后并发症发生率。 职称：主任医师、硕士研究生导师 专业特长：膀胱癌，睾丸癌，肾盂输尿管癌和儿童肿瘤的外科治疗 1.膀胱癌的微创治疗：专注于微创外科技术，减少创伤，缩短恢复时间，优化术后管理，进一步降低膀胱癌根治和电切术后并发症发生率。 李向东 职称：主任医师、硕士研究生导师 专长 膀胱癌，睾丸癌，肾盂输尿管癌和儿童肿瘤的外科治疗 职称：主任医师、硕士研究生导师 专业特长：膀胱癌，睾丸癌，肾盂输尿管癌和儿童肿瘤的外科治疗 1.膀胱癌的微创治疗：专注于微创外科技术，减...
984,983,中山大学肿瘤防治中心,李向东,https://www.sysucc.org.cn/node/3732,异常提示,,亮眼经历含导航文本，已清洗
985,984,中山大学肿瘤防治中心,李志勇,https://www.sysucc.org.cn/node/6437,亮眼经历线索,副主任医师，硕士研究生导师 擅长泌尿系肿瘤的外科治疗和多学科综合治疗 临床专家 面包屑 首页 / 临床科室 / 外科系列 / 泌尿外科 / 临床专家 李志勇 职称：副主任医师，硕士研究生导师 专长 擅长泌尿系肿瘤的外科治疗和多学科综合治疗,副主任医师，硕士研究生导师 擅长泌尿系肿瘤的外科治疗和多学科综合治疗 李志勇 职称：副主任医师，硕士研究生导师 专长 擅长泌尿系肿瘤的外科治疗和多学科综合治疗
985,984,中山大学肿瘤防治中心,李志勇,https://www.sysucc.org.cn/node/6437,异常提示,,亮眼经历含导航文本，已清洗
986,985,中山大学肿瘤防治中心,李永红,https://www.sysucc.org.cn/node/3725,亮眼经历线索,泌尿外科副主任、前列腺肿瘤病区（泌尿三区）主任 职称：主任医师、博士生导师 临床专家 面包屑 首页 / 临床科室 / 外科系列 / 泌尿外科 / 临床专家 李永红 职务：泌尿外科副主任、前列腺肿瘤病区（泌尿三区）主任 职称：主任医师、博士生导师 专长 前列腺癌手术治疗、综合治疗和全程管理，PSA升高诊治。 诊疗范围包括：前列腺癌手术治疗（机器人辅助、传统开放手术）、多学科综合治疗和全程管理，PSA升高诊治、良性前列腺增生治疗。 二、教育及工作经历 2006年-至今，中山大学肿瘤防治中心，住院医师、主治医师、副主任医师、主任医师 2012年-2013年 美国克利夫兰医学中心（美国泌尿外科排名前二）进修 三、学术兼职 中国抗癌协会前列腺癌整合防筛专业委员会 副主任委员 中国抗癌协会男生殖系肿瘤专业委员会 委员 中国临床肿瘤学会前列腺癌专家委员会 委员 中华医学会泌尿外科学分会男科学组 委员 广东省抗癌协会泌尿生殖系肿瘤专业委员...,泌尿外科副主任、前列腺肿瘤病区（泌尿三区）主任 职称：主任医师、博士生导师 李永红 职务：泌尿外科副主任、前列腺肿瘤病区（泌尿三区）主任 职称：主任医师、博士生导师 专长 前列腺癌手术治疗、综合治疗和全程管理，PSA升高诊治。 诊疗范围包括：前列腺癌手术治疗（机器人辅助、传统开放手术）、多学科综合治疗和全程管理，PSA升高诊治、良性前列腺增生治疗。 二、教育及工作经历 2006年-至今，中山大学肿瘤防治中心，住院医师、主治医师、副主任医师、主任医师 2012年-2013年 美国克利夫兰医学中心（美国泌尿外科排名前二）进修 三、学术兼职 中国抗癌协会前列腺癌整合防筛专业委员会 副主任委员 中国抗癌协会男生殖系肿瘤专业委员会 委员 中国临床肿瘤学会前列腺癌专家委员会 委员 中华医学会泌尿外科学分会男科学组 委员 广东省抗癌协会泌尿生殖系肿瘤专业委员...
986,985,中山大学肿瘤防治中心,李永红,https://www.sysucc.org.cn/node/3725,异常提示,,亮眼经历含导航文本，已清洗
987,986,中山大学肿瘤防治中心,王骏,https://www.sysucc.org.cn/node/10096,亮眼经历线索,"副主任医师 前列腺癌的外科及精准治疗。 临床专家 面包屑 首页 / 临床科室 / 外科系列 / 泌尿外科 / 临床专家 王骏 职称：副主任医师 专长 前列腺癌的外科及精准治疗。 一、基本情况 副主任医师，博士 专科门诊时间：每周三下午 专业特长：前列腺癌的外科及精准治疗 二、教育及工作经历 2017-09 至 2020-06, 复旦大学, 外科学, 博士 2014-09 至 2017-06, 中山大学, 外科学, 硕士 2009-09 至 2014-06, 南方医科大学, 临床医学, 学士 更新时间：2025.5.30","副主任医师 前列腺癌的外科及精准治疗。 王骏 职称：副主任医师 专长 前列腺癌的外科及精准治疗。 一、基本情况 副主任医师，博士 专科门诊时间：每周三下午 专业特长：前列腺癌的外科及精准治疗 二、教育及工作经历 2017-09 至 2020-06, 复旦大学, 外科学, 博士 2014-09 至 2017-06, 中山大学, 外科学, 硕士 2009-09 至 2014-06, 南方医科大学, 临床医学, 学士 更新时间：2025.5.30"
987,986,中山大学肿瘤防治中心,王骏,https://www.sysucc.org.cn/node/10096,异常提示,,亮眼经历含导航文本，已清洗
989,988,中山大学肿瘤防治中心,蒋丽娟,https://www.sysucc.org.cn/node/3735,亮眼经历线索,前列腺癌MDT团队秘书 职称：副主任医师、硕士生导师 前列腺癌，肾癌，膀胱癌等泌尿系肿瘤的药物治疗及新药临床试验 基本情况： 职称：副主任医师、硕士生导师 职务：前列腺癌MDT团队秘书 临床专家 面包屑 首页 / 临床科室 / 外科系列 / 泌尿外科 / 临床专家 蒋丽娟 职务：前列腺癌MDT团队秘书 职称：副主任医师、硕士生导师 专长 前列腺癌，肾癌，膀胱癌等泌尿系肿瘤的药物治疗及新药临床试验 基本情况： 职称：副主任医师、硕士生导师 职务：前列腺癌MDT团队秘书 门诊时间：周二下午，周五下午 专业特长：前列腺癌，肾癌，膀胱癌等泌尿系肿瘤的药物治疗及新药临床试验 学习及工作经历： 2001年—2006年：湖南南华大学临床医学院，获临床医学学士学位 2006年—2010年； 中山大学肿瘤防治中心泌尿外科工作 学术兼职： 中国抗癌协会会员 广东省抗癌协会泌尿生殖肿瘤专业委员会第一届青年委员会委员 广东省抗癌协会泌尿生殖肿瘤专...,前列腺癌MDT团队秘书 职称：副主任医师、硕士生导师 前列腺癌，肾癌，膀胱癌等泌尿系肿瘤的药物治疗及新药临床试验 基本情况： 职称：副主任医师、硕士生导师 职务：前列腺癌MDT团队秘书 蒋丽娟 职务：前列腺癌MDT团队秘书 职称：副主任医师、硕士生导师 专长 前列腺癌，肾癌，膀胱癌等泌尿系肿瘤的药物治疗及新药临床试验 基本情况： 职称：副主任医师、硕士生导师 职务：前列腺癌MDT团队秘书 门诊时间：周二下午，周五下午 专业特长：前列腺癌，肾癌，膀胱癌等泌尿系肿瘤的药物治疗及新药临床试验 学习及工作经历： 2001年—2006年：湖南南华大学临床医学院，获临床医学学士学位 2006年—2010年； 中山大学肿瘤防治中心泌尿外科工作 学术兼职： 中国抗癌协会会员 广东省抗癌协会泌尿生殖肿瘤专业委员会第一届青年委员会委员 广东省抗癌协会泌尿生殖肿瘤专...
989,988,中山大学肿瘤防治中心,蒋丽娟,https://www.sysucc.org.cn/node/3735,异常提示,,亮眼经历含导航文本，已清洗
991,990,中山大学肿瘤防治中心,陈东,https://www.sysucc.org.cn/node/3727,亮眼经历线索,德国医学博士，副主任医师，硕士生导师 临床专家 面包屑 首页 / 临床科室 / 外科系列 / 泌尿外科 / 临床专家 陈东 职称：德国医学博士，副主任医师，硕士生导师 专长 前列腺癌的手术治疗，PSA升高，早期前列腺癌的筛查，晚期前列腺癌的药物治疗 中国抗癌协会泌尿男生殖系肿瘤专业委员会 前列腺癌学组 委员 广东省泌尿生殖学会尿路修复重建学分会 常委 广东省抗癌协会泌尿生殖系肿瘤专业委员会 委员 广东省泌尿生殖学会微创学组 委员 广东省医师协会泌尿外科分会 委员 广东省医学会机器人分会泌尿外科学组 委员 广东省医学会性医学分会前列腺疾病学组 委员 加载更多 擅长：前列腺癌的手术治疗，PSA升高，早期前列腺癌的筛查，晚期前列腺癌的药物治疗,德国医学博士，副主任医师，硕士生导师 陈东 职称：德国医学博士，副主任医师，硕士生导师 专长 前列腺癌的手术治疗，PSA升高，早期前列腺癌的筛查，晚期前列腺癌的药物治疗 中国抗癌协会泌尿男生殖系肿瘤专业委员会 前列腺癌学组 委员 广东省泌尿生殖学会尿路修复重建学分会 常委 广东省抗癌协会泌尿生殖系肿瘤专业委员会 委员 广东省泌尿生殖学会微创学组 委员 广东省医师协会泌尿外科分会 委员 广东省医学会机器人分会泌尿外科学组 委员 广东省医学会性医学分会前列腺疾病学组 委员 擅长：前列腺癌的手术治疗，PSA升高，早期前列腺癌的筛查，晚期前列腺癌的药物治疗
991,990,中山大学肿瘤防治中心,陈东,https://www.sysucc.org.cn/node/3727,异常提示,,亮眼经历含导航文本，已清洗
993,992,中山大学肿瘤防治中心,张湘衡,https://www.sysucc.org.cn/node/3711,亮眼经历线索,"副主任医师、医学博士、主诊教授、硕士生导师 临床专家 面包屑 首页 / 临床科室 / 外科系列 / 神经外科 / 临床专家 张湘衡 职称：副主任医师、医学博士、主诊教授、硕士生导师 专长 熟练掌握显微手术和内镜手术，对脑和椎管肿瘤的治疗经验丰富； 一、基本情况 医学博士、中山大学肿瘤防治中心神经外科副主任医师，主诊教授、硕士 生导师。 二、学术任职 中国抗癌协会肿瘤光动力治疗专业委员会委员 广州抗癌协会神经肿瘤专业委员会委员 广东省医学会神经外科分会脊柱脊髓学组成员 广东省精准医学应用学会脑活检技术分会委员 广东省中西医结合学会神经肿瘤专业委员会常委 广东省健康管理学会妇科肿瘤多学科协作专业委员会委员 三、教育经历 (1) 2004-09 至 2011-06, 中山大学, 肿瘤学, 博士 (2) 1997-08 至 1999-07, 中山医科大学, 肿瘤学, 硕士 (3) 1992-09 至 1997-07, 中山医科大学...","副主任医师、医学博士、主诊教授、硕士生导师 张湘衡 职称：副主任医师、医学博士、主诊教授、硕士生导师 专长 熟练掌握显微手术和内镜手术，对脑和椎管肿瘤的治疗经验丰富； 一、基本情况 医学博士、中山大学肿瘤防治中心神经外科副主任医师，主诊教授、硕士 生导师。 二、学术任职 中国抗癌协会肿瘤光动力治疗专业委员会委员 广州抗癌协会神经肿瘤专业委员会委员 广东省医学会神经外科分会脊柱脊髓学组成员 广东省精准医学应用学会脑活检技术分会委员 广东省中西医结合学会神经肿瘤专业委员会常委 广东省健康管理学会妇科肿瘤多学科协作专业委员会委员 三、教育经历 (1) 2004-09 至 2011-06, 中山大学, 肿瘤学, 博士 (2) 1997-08 至 1999-07, 中山医科大学, 肿瘤学, 硕士 (3) 1992-09 至 1997-07, 中山医科大学..."
993,992,中山大学肿瘤防治中心,张湘衡,https://www.sysucc.org.cn/node/3711,异常提示,,亮眼经历含导航文本，已清洗
997,996,中山大学肿瘤防治中心,张晓实,https://www.sysucc.org.cn/node/3782,亮眼经历线索,教授、博士导师、黑色素瘤首席专家 临床专家 面包屑 首页 / 临床科室 / 内科系列 / 生物治疗中心 / 临床专家 张晓实 职称：教授、博士导师、黑色素瘤首席专家 专长 1.黑色素瘤的综合治疗； 2.肝癌、肠癌、肺癌、乳腺癌等实体肿瘤的免疫治疗 一、基本情况 职称：教授、主任医师、博士生导师、黑色素瘤首席专家 专家门诊时间：周二上午； 2. 肝癌、肠癌、肺癌、乳腺癌等实体肿瘤的免疫治疗 二、学习及工作经历： 1978年9月—1983年7月 重庆医科大学医疗一系本科生 1993年8月—1988年9月 四川省乐山市青神县医院，住院医师 1983年9月—1988年7月 重庆医科大学附属第一医院，硕士研究生 1988年8月—1995年8月 重庆医科大学附属第一医院，主治医师 1995年9月—1998年7月 重庆医科大学博士研究生（在职），副主任医师 1998年7月—2000年7月 中山大学附属肿瘤医院博士后 2000年7月至今：...,教授、博士导师、黑色素瘤首席专家 张晓实 职称：教授、博士导师、黑色素瘤首席专家 专长 1.黑色素瘤的综合治疗； 2.肝癌、肠癌、肺癌、乳腺癌等实体肿瘤的免疫治疗 一、基本情况 职称：教授、主任医师、博士生导师、黑色素瘤首席专家 专家门诊时间：周二上午； 2. 肝癌、肠癌、肺癌、乳腺癌等实体肿瘤的免疫治疗 二、学习及工作经历： 1978年9月—1983年7月 重庆医科大学医疗一系本科生 1993年8月—1988年9月 四川省乐山市青神县医院，住院医师 1983年9月—1988年7月 重庆医科大学附属第一医院，硕士研究生 1988年8月—1995年8月 重庆医科大学附属第一医院，主治医师 1995年9月—1998年7月 重庆医科大学博士研究生（在职），副主任医师 1998年7月—2000年7月 中山大学附属肿瘤医院博士后 2000年7月至今：...
997,996,中山大学肿瘤防治中心,张晓实,https://www.sysucc.org.cn/node/3782,异常提示,,亮眼经历含导航文本，已清洗
998,997,中山大学肿瘤防治中心,彭瑞清,https://www.sysucc.org.cn/node/3786,亮眼经历线索,副主任医师 临床专家 面包屑 首页 / 临床科室 / 内科系列 / 生物治疗中心 / 临床专家 彭瑞清 职称：副主任医师 专长 肿瘤生物治疗，肿瘤免疫治疗，黑色素瘤内科治疗 2001年毕业于中山医科大学临床医学系，获医学学士学位，同年进入肿瘤防治中心生物治疗研究中心工作，2007年1月升任主治医师，2008年7月获肿瘤学硕士学位，2011年获博士学位，主攻肿瘤生物治疗、黑色素瘤内科治疗，熟悉各种实体肿瘤的内科治疗。,副主任医师 彭瑞清 职称：副主任医师 专长 肿瘤生物治疗，肿瘤免疫治疗，黑色素瘤内科治疗 2001年毕业于中山医科大学临床医学系，获医学学士学位，同年进入肿瘤防治中心生物治疗研究中心工作，2007年1月升任主治医师，2008年7月获肿瘤学硕士学位，2011年获博士学位，主攻肿瘤生物治疗、黑色素瘤内科治疗，熟悉各种实体肿瘤的内科治疗。
998,997,中山大学肿瘤防治中心,彭瑞清,https://www.sysucc.org.cn/node/3786,异常提示,,亮眼经历含导航文本，已清洗
1003,1002,中山大学肿瘤防治中心,杨静,https://www.sysucc.org.cn/node/11362,亮眼经历线索,科秘书 职称：副主任医师 临床专家 面包屑 首页 / 临床科室 / 内科系列 / 生物治疗中心 / 临床专家 杨静 职务：科秘书 职称：副主任医师 专长 骨与软组织肉瘤内科治疗。 一、教育及工作经历 1. 2012.09-2020.06 四川大学华西临床医学院临床医学（8年制 ）博士 2. 2020.08-2022.07 中山大学肿瘤防治中心 生物治疗中心 博士后 3. 2022.08-2024.12 中山大学肿瘤防治中心 生物治疗中心 住院医师 4. 2025.01-2026.02 中山大学肿瘤防治中心 生物治疗中心 主治医师 二、学术兼职 广东省抗癌协会生物治疗专委会学术秘书 广东省抗癌协会肉瘤专业委员会委员 广东省精准医学应用学会肉瘤分会委员 广东省精准医学应用学会精准免疫治疗分会委员 三、主持科研项目 主持国家自然科然基金青年科学基金1项，广州市科技计划项目1项，人事部中国博士后基金1项。,科秘书 职称：副主任医师 杨静 职务：科秘书 职称：副主任医师 专长 骨与软组织肉瘤内科治疗。 一、教育及工作经历 1. 2012.09-2020.06 四川大学华西临床医学院临床医学（8年制 ）博士 2. 2020.08-2022.07 中山大学肿瘤防治中心 生物治疗中心 博士后 3. 2022.08-2024.12 中山大学肿瘤防治中心 生物治疗中心 住院医师 4. 2025.01-2026.02 中山大学肿瘤防治中心 生物治疗中心 主治医师 二、学术兼职 广东省抗癌协会生物治疗专委会学术秘书 广东省抗癌协会肉瘤专业委员会委员 广东省精准医学应用学会肉瘤分会委员 广东省精准医学应用学会精准免疫治疗分会委员 三、主持科研项目 主持国家自然科然基金青年科学基金1项，广州市科技计划项目1项，人事部中国博士后基金1项。
1003,1002,中山大学肿瘤防治中心,杨静,https://www.sysucc.org.cn/node/11362,异常提示,,亮眼经历含导航文本，已清洗
1006,1005,中山大学肿瘤防治中心,赵靖靖,https://www.sysucc.org.cn/node/3789,亮眼经历线索,主任医师 临床专家 面包屑 首页 / 临床科室 / 内科系列 / 生物治疗中心 / 临床专家 赵靖靖 职称：主任医师 专长 肿瘤免疫治疗； 一、基本情况 主任医师，出诊时间：周五上午（越秀院区） 二、教育及工作经历 教育经历 (1) 2003/09-2008/06，滨州医学院，临床医学系，学士 (2) 2008/09-2013/06，中山大学肿瘤防治中心，博士研究生（硕博连读） 工作经历 (1) 2013/08-2014/12，中山大学肿瘤防治中心生物治疗中心，医师 (2) 2015/01-2018/12，中山大学肿瘤防治中心生物治疗中心，主治医师 (3) 2019/01-2025/12，中山大学肿瘤防治中心生物治疗中心，副主任医师 (4) 2016/01-至今， 中山大学肿瘤防治中心生物治疗中心，主任医师 三、学术兼职 广东省精准医学应用学会罕见肿瘤分会常务委员 广东省精准医学应用学会头颈肿瘤分会常务委员； 广东省药学会...,主任医师 赵靖靖 职称：主任医师 专长 肿瘤免疫治疗； 一、基本情况 主任医师，出诊时间：周五上午（越秀院区） 二、教育及工作经历 教育经历 (1) 2003/09-2008/06，滨州医学院，临床医学系，学士 (2) 2008/09-2013/06，中山大学肿瘤防治中心，博士研究生（硕博连读） 工作经历 (1) 2013/08-2014/12，中山大学肿瘤防治中心生物治疗中心，医师 (2) 2015/01-2018/12，中山大学肿瘤防治中心生物治疗中心，主治医师 (3) 2019/01-2025/12，中山大学肿瘤防治中心生物治疗中心，副主任医师 (4) 2016/01-至今， 中山大学肿瘤防治中心生物治疗中心，主任医师 三、学术兼职 广东省精准医学应用学会罕见肿瘤分会常务委员 广东省精准医学应用学会头颈肿瘤分会常务委员； 广东省药学会...
1006,1005,中山大学肿瘤防治中心,赵靖靖,https://www.sysucc.org.cn/node/3789,异常提示,,亮眼经历含导航文本，已清洗
1009,1008,中山大学肿瘤防治中心,何洁华,https://www.sysucc.org.cn/node/3858,亮眼经历线索,主任医师 肿瘤病理诊断 学历：医学硕士 职称：主任医师 学习和工作经历: 1990年毕业于中山医科大学临床医学系，2002年12月取得医学硕士学位，从事临床肿瘤诊断工作近30年，擅长肿瘤病理及细胞病理诊断和疑难病例诊断，尤其擅长乳腺肿瘤、女性生殖系统肿瘤及肿瘤细胞学诊断。 加载更多 学历：医学硕士 职称：主任医师 学习和工作经历: 1990年毕业于中山医科大学临床医学系，2002年12月取得医学硕士学位，从事临床肿瘤诊断工作近30年，擅长肿瘤病理及细胞病理诊断和疑难病例诊断，尤其擅长乳腺肿瘤、女性生殖系统肿瘤及肿瘤细胞学诊断。 临床专家 面包屑 首页 / 临床科室 / 平台科室 / 病理科 / 临床专家 何洁华 职称：主任医师 专长 肿瘤病理诊断 学历：医学硕士 职称：主任医师 学习和工作经历: 1990年毕业于中山医科大学临床医学系，2002年12月取得医学硕士学位，从事临床肿瘤诊断工作近30年，擅长肿瘤病理及细胞病理诊...,主任医师 肿瘤病理诊断 学历：医学硕士 职称：主任医师 学习和工作经历: 1990年毕业于中山医科大学临床医学系，2002年12月取得医学硕士学位，从事临床肿瘤诊断工作近30年，擅长肿瘤病理及细胞病理诊断和疑难病例诊断，尤其擅长乳腺肿瘤、女性生殖系统肿瘤及肿瘤细胞学诊断。 学历：医学硕士 职称：主任医师 学习和工作经历: 1990年毕业于中山医科大学临床医学系，2002年12月取得医学硕士学位，从事临床肿瘤诊断工作近30年，擅长肿瘤病理及细胞病理诊断和疑难病例诊断，尤其擅长乳腺肿瘤、女性生殖系统肿瘤及肿瘤细胞学诊断。 何洁华 职称：主任医师 专长 肿瘤病理诊断 学历：医学硕士 职称：主任医师 学习和工作经历: 1990年毕业于中山医科大学临床医学系，2002年12月取得医学硕士学位，从事临床肿瘤诊断工作近30年，擅长肿瘤病理及细胞病理诊...
1009,1008,中山大学肿瘤防治中心,何洁华,https://www.sysucc.org.cn/node/3858,异常提示,,亮眼经历含导航文本，已清洗
1011,1010,中山大学肿瘤防治中心,刘莉莉,https://www.sysucc.org.cn/node/3869,亮眼经历线索,副主任医师 加载更多 临床专家 面包屑 首页 / 临床科室 / 平台科室 / 病理科 / 临床专家 刘莉莉 职称：副主任医师 加载更多,副主任医师 刘莉莉 职称：副主任医师
1011,1010,中山大学肿瘤防治中心,刘莉莉,https://www.sysucc.org.cn/node/3869,异常提示,,亮眼经历含导航文本，已清洗
1012,1011,中山大学肿瘤防治中心,向锦,https://www.sysucc.org.cn/node/3864,亮眼经历线索,副主任医师 副主任医师 加载更多 副主任医师 临床专家 面包屑 首页 / 临床科室 / 平台科室 / 病理科 / 临床专家 向锦 职称：副主任医师 副主任医师 加载更多 副主任医师,副主任医师 副主任医师 副主任医师 向锦 职称：副主任医师 副主任医师 副主任医师
1012,1011,中山大学肿瘤防治中心,向锦,https://www.sysucc.org.cn/node/3864,异常提示,,亮眼经历含导航文本，已清洗
1014,1013,中山大学肿瘤防治中心,奚少彦,https://www.sysucc.org.cn/node/3872,亮眼经历线索,副主任医师 加载更多 临床专家 面包屑 首页 / 临床科室 / 平台科室 / 病理科 / 临床专家 奚少彦 职称：副主任医师 加载更多,副主任医师 奚少彦 职称：副主任医师
1014,1013,中山大学肿瘤防治中心,奚少彦,https://www.sysucc.org.cn/node/3872,异常提示,,亮眼经历含导航文本，已清洗
1015,1014,中山大学肿瘤防治中心,孙鹏,https://www.sysucc.org.cn/node/3871,亮眼经历线索,病理科副主任 职称：副主任医师 临床专家 面包屑 首页 / 临床科室 / 平台科室 / 病理科 / 临床专家 孙鹏 职务：病理科副主任 职称：副主任医师,病理科副主任 职称：副主任医师 孙鹏 职务：病理科副主任 职称：副主任医师
1015,1014,中山大学肿瘤防治中心,孙鹏,https://www.sysucc.org.cn/node/3871,异常提示,,亮眼经历含导航文本，已清洗
1018,1017,中山大学肿瘤防治中心,张静,https://www.sysucc.org.cn/node/3860,亮眼经历线索,主任医师 病理诊断 主任医师 加载更多 主任医师 临床专家 面包屑 首页 / 临床科室 / 平台科室 / 病理科 / 临床专家 张静 职称：主任医师 专长 病理诊断 主任医师 加载更多 主任医师,主任医师 病理诊断 主任医师 主任医师 张静 职称：主任医师 专长 病理诊断 主任医师 主任医师
1018,1017,中山大学肿瘤防治中心,张静,https://www.sysucc.org.cn/node/3860,异常提示,,亮眼经历含导航文本，已清洗
1019,1018,中山大学肿瘤防治中心,曹云,https://www.sysucc.org.cn/node/3861,亮眼经历线索,主任医师，博士生导师，泌尿亚专科负责人 临床专家 面包屑 首页 / 临床科室 / 平台科室 / 病理科 / 临床专家 曹云 职称：主任医师，博士生导师，泌尿亚专科负责人 专长 在肿瘤病理的诊断与鉴别诊断方面积累了丰富经验，尤其擅长泌尿肿瘤与男性生殖肿瘤的病理诊断与鉴别诊断 一、基本情况 职称： 主任医师 专业特长： 在肿瘤病理的诊断与鉴别诊断方面积累了丰富经验，尤其擅长泌尿肿瘤与男性生殖肿瘤的病理诊断与鉴别诊断。 二、工作经历 2019/01–至今，中山大学，肿瘤防治中心病理科，主任医师 2013/01–2018/12，中山大学，肿瘤防治中心病理科，副主任医师 2007/01–2012/12，中山大学，肿瘤防治中心病理科，主治医师 2004/07–2006/12，中山大学，肿瘤防治中心病理科，住院医师 1998/08–2001/08，赣南医学院病理学教研室，助教 加载更多 曹云，中山大学肿瘤防治中心病理科主任医师，博士生导...,主任医师，博士生导师，泌尿亚专科负责人 曹云 职称：主任医师，博士生导师，泌尿亚专科负责人 专长 在肿瘤病理的诊断与鉴别诊断方面积累了丰富经验，尤其擅长泌尿肿瘤与男性生殖肿瘤的病理诊断与鉴别诊断 一、基本情况 职称： 主任医师 专业特长： 在肿瘤病理的诊断与鉴别诊断方面积累了丰富经验，尤其擅长泌尿肿瘤与男性生殖肿瘤的病理诊断与鉴别诊断。 二、工作经历 2019/01–至今，中山大学，肿瘤防治中心病理科，主任医师 2013/01–2018/12，中山大学，肿瘤防治中心病理科，副主任医师 2007/01–2012/12，中山大学，肿瘤防治中心病理科，主治医师 2004/07–2006/12，中山大学，肿瘤防治中心病理科，住院医师 1998/08–2001/08，赣南医学院病理学教研室，助教 曹云，中山大学肿瘤防治中心病理科主任医师，博士生导...
1019,1018,中山大学肿瘤防治中心,曹云,https://www.sysucc.org.cn/node/3861,异常提示,,亮眼经历含导航文本，已清洗
1020,1019,中山大学肿瘤防治中心,曾敬,https://www.sysucc.org.cn/node/3865,亮眼经历线索,科副主任 职称：主任医师 副主任医师 加载更多 副主任医师 临床专家 面包屑 首页 / 临床科室 / 平台科室 / 病理科 / 临床专家 曾敬 职务：科副主任 职称：主任医师 副主任医师 加载更多 副主任医师,科副主任 职称：主任医师 副主任医师 副主任医师 曾敬 职务：科副主任 职称：主任医师 副主任医师 副主任医师
1020,1019,中山大学肿瘤防治中心,曾敬,https://www.sysucc.org.cn/node/3865,异常提示,,亮眼经历含导航文本，已清洗
1021,1020,中山大学肿瘤防治中心,林素暇,https://www.sysucc.org.cn/node/3863,亮眼经历线索,主任医师 副主任医师 加载更多 副主任医师 临床专家 面包屑 首页 / 临床科室 / 平台科室 / 病理科 / 临床专家 林素暇 职称：主任医师 副主任医师 加载更多 副主任医师,主任医师 副主任医师 副主任医师 林素暇 职称：主任医师 副主任医师 副主任医师
1021,1020,中山大学肿瘤防治中心,林素暇,https://www.sysucc.org.cn/node/3863,异常提示,,亮眼经历含导航文本，已清洗
1023,1022,中山大学肿瘤防治中心,罗容珍,https://www.sysucc.org.cn/node/3862,亮眼经历线索,主任医师 主任医师 加载更多 主任医师 临床专家 面包屑 首页 / 临床科室 / 平台科室 / 病理科 / 临床专家 罗容珍 职称：主任医师 主任医师 加载更多 主任医师,主任医师 主任医师 主任医师 罗容珍 职称：主任医师 主任医师 主任医师
1023,1022,中山大学肿瘤防治中心,罗容珍,https://www.sysucc.org.cn/node/3862,异常提示,,亮眼经历含导航文本，已清洗
1028,1027,中山大学肿瘤防治中心,黄雨华,https://www.sysucc.org.cn/node/3870,亮眼经历线索,病理科副主任 职称：副主任医师 临床专家 面包屑 首页 / 临床科室 / 平台科室 / 病理科 / 临床专家 黄雨华 职务：病理科副主任 职称：副主任医师,病理科副主任 职称：副主任医师 黄雨华 职务：病理科副主任 职称：副主任医师
1028,1027,中山大学肿瘤防治中心,黄雨华,https://www.sysucc.org.cn/node/3870,异常提示,,亮眼经历含导航文本，已清洗
1029,1028,中山大学肿瘤防治中心,何振强,https://www.sysucc.org.cn/node/3718,亮眼经历线索,"副主任医师 临床专家 面包屑 首页 / 临床科室 / 外科系列 / 神经外科 / 临床专家 何振强 职称：副主任医师 专长 常见神经系统肿瘤（脑胶质瘤、脑转移瘤等）的手术治疗。 获国家留学基金委资助在美国宾夕法尼亚大学Smilow 转化医学中心开展脑肿瘤免疫微环境研究。 二、教育及工作经历 教育经历： 2014/09 - 2019/07, 中山大学 肿瘤防治中心, 临床医学（肿瘤学）, 博士 2012/09 - 2014/07, 中山大学 肿瘤防治中心, 临床医学（肿瘤学）, 硕士 2007/09 - 2012/07, 中山大学 中山医学院，临床医学，学士 科研及医疗工作经历： 2024/01-至今， 中山大学 肿瘤防治中心，神经外科，副主任医师 2021/12 – 2023/12, 中山大学 肿瘤防治中心，神经外科，主治医师 2019/07 - 2021/11, 中山大学 肿瘤防治中心，神经外科，博士后/医师 2015/...","副主任医师 何振强 职称：副主任医师 专长 常见神经系统肿瘤（脑胶质瘤、脑转移瘤等）的手术治疗。 获国家留学基金委资助在美国宾夕法尼亚大学Smilow 转化医学中心开展脑肿瘤免疫微环境研究。 二、教育及工作经历 教育经历： 2014/09 - 2019/07, 中山大学 肿瘤防治中心, 临床医学（肿瘤学）, 博士 2012/09 - 2014/07, 中山大学 肿瘤防治中心, 临床医学（肿瘤学）, 硕士 2007/09 - 2012/07, 中山大学 中山医学院，临床医学，学士 科研及医疗工作经历： 2024/01-至今， 中山大学 肿瘤防治中心，神经外科，副主任医师 2021/12 – 2023/12, 中山大学 肿瘤防治中心，神经外科，主治医师 2019/07 - 2021/11, 中山大学 肿瘤防治中心，神经外科，博士后/医师 2015/..."
1029,1028,中山大学肿瘤防治中心,何振强,https://www.sysucc.org.cn/node/3718,异常提示,,亮眼经历含导航文本，已清洗
1030,1029,中山大学肿瘤防治中心,张继,https://www.sysucc.org.cn/node/3717,亮眼经历线索,主任医师、博士生导师 职称： 医学博士、主任医师、硕士生导师 临床专家 面包屑 首页 / 临床科室 / 外科系列 / 神经外科 / 临床专家 张继 职称：主任医师、博士生导师 专长 脊柱脊髓肿瘤（神经鞘瘤、脊膜瘤、转移瘤等）及脑胶质瘤、脑膜瘤、脑转移瘤、垂体瘤等手术治疗。 职称： 医学博士、主任医师、硕士生导师 门诊时间： 周一下午 咨询网站： zhangji1685.haodf.com 一、学习及工作经历 在SeoulNationalUniversityHospital、PrinceofWalesHospital、Kaohsiung MedicalUniversity等访问学习。,主任医师、博士生导师 职称： 医学博士、主任医师、硕士生导师 张继 职称：主任医师、博士生导师 专长 脊柱脊髓肿瘤（神经鞘瘤、脊膜瘤、转移瘤等）及脑胶质瘤、脑膜瘤、脑转移瘤、垂体瘤等手术治疗。 职称： 医学博士、主任医师、硕士生导师 门诊时间： 周一下午 咨询网站： zhangji1685.haodf.com 一、学习及工作经历 在SeoulNationalUniversityHospital、PrinceofWalesHospital、Kaohsiung MedicalUniversity等访问学习。
1030,1029,中山大学肿瘤防治中心,张继,https://www.sysucc.org.cn/node/3717,异常提示,,亮眼经历含导航文本，已清洗
1031,1030,中山大学肿瘤防治中心,杨群英,https://www.sysucc.org.cn/node/3712,亮眼经历线索,主任医师 临床专家 面包屑 首页 / 临床科室 / 外科系列 / 神经外科 / 临床专家 杨群英 职称：主任医师 专长 脑和脊髓胶质瘤、脑生殖细胞肿瘤、髓母细胞瘤、室管膜瘤、脑转移瘤、中枢罕见恶性肿瘤等的化疗和靶向免疫药物治疗。 一、基本情况 杨群英 中山大学肿瘤防治中心神经外科主任医师 医学博士，硕士生导师，神经肿瘤化疗主诊教授 门诊时间： 周二上午、周三下午 从事神经肿瘤临床化疗工作二十余年，是我国最早专职从事神经肿瘤化疗工作的专科医生之一。 2012年至2013年先后在美国M.D. Anderson癌症中心、香港中文大学威尔士亲王医院研修。,主任医师 杨群英 职称：主任医师 专长 脑和脊髓胶质瘤、脑生殖细胞肿瘤、髓母细胞瘤、室管膜瘤、脑转移瘤、中枢罕见恶性肿瘤等的化疗和靶向免疫药物治疗。 一、基本情况 杨群英 中山大学肿瘤防治中心神经外科主任医师 医学博士，硕士生导师，神经肿瘤化疗主诊教授 门诊时间： 周二上午、周三下午 从事神经肿瘤临床化疗工作二十余年，是我国最早专职从事神经肿瘤化疗工作的专科医生之一。 2012年至2013年先后在美国M.D. Anderson癌症中心、香港中文大学威尔士亲王医院研修。
1031,1030,中山大学肿瘤防治中心,杨群英,https://www.sysucc.org.cn/node/3712,异常提示,,亮眼经历含导航文本，已清洗
1032,1031,中山大学肿瘤防治中心,林富华,https://www.sysucc.org.cn/node/6479,亮眼经历线索,副主任医师，医学博士 于2008年8月获得国家留学基金委及德意志学术交流中心（DAAD）提供的博士生奖学金，于2009年10月至2012年12月在德国的埃尔朗根-纽伦堡大学留学，并获得德国的医学博士学位。 兼职广东省神经科学学会委员。 临床专家 面包屑 首页 / 临床科室 / 外科系列 / 神经外科 / 临床专家 林富华 职称：副主任医师，医学博士 专长 中枢神经系统原发或继发肿瘤的外科治疗，特别关注垂体腺瘤的诊治。,副主任医师，医学博士 于2008年8月获得国家留学基金委及德意志学术交流中心（DAAD）提供的博士生奖学金，于2009年10月至2012年12月在德国的埃尔朗根-纽伦堡大学留学，并获得德国的医学博士学位。 兼职广东省神经科学学会委员。 林富华 职称：副主任医师，医学博士 专长 中枢神经系统原发或继发肿瘤的外科治疗，特别关注垂体腺瘤的诊治。
1032,1031,中山大学肿瘤防治中心,林富华,https://www.sysucc.org.cn/node/6479,异常提示,,亮眼经历含导航文本，已清洗
1034,1033,中山大学肿瘤防治中心,段昊,https://www.sysucc.org.cn/node/6435,亮眼经历线索,副主任医师、硕士研究生导师 临床专家 面包屑 首页 / 临床科室 / 外科系列 / 神经外科 / 临床专家 段昊 职称：副主任医师、硕士研究生导师 专长 脑转移瘤、脑胶质瘤、脑膜瘤等良恶性脑肿瘤手术治疗。 一、基本情况 神经外科副主任医师、硕士研究生导师、临床医学博士。 中国抗癌协会肿瘤神经病学专业委员会委员、广东省医学教育协会神经肿瘤专业委员会委员。,副主任医师、硕士研究生导师 段昊 职称：副主任医师、硕士研究生导师 专长 脑转移瘤、脑胶质瘤、脑膜瘤等良恶性脑肿瘤手术治疗。 一、基本情况 神经外科副主任医师、硕士研究生导师、临床医学博士。 中国抗癌协会肿瘤神经病学专业委员会委员、广东省医学教育协会神经肿瘤专业委员会委员。
1034,1033,中山大学肿瘤防治中心,段昊,https://www.sysucc.org.cn/node/6435,异常提示,,亮眼经历含导航文本，已清洗
1035,1034,中山大学肿瘤防治中心,牟永告,https://www.sysucc.org.cn/node/3708,亮眼经历线索,"神经外科科主任 职称：一级主任医师、博士生导师、神经外科主诊教授、临床医学科学家、胶质瘤单病种首席专家 临床专家 面包屑 首页 / 临床科室 / 外科系列 / 神经外科 / 临床专家 牟永告 职务：神经外科科主任 职称：一级主任医师、博士生导师、神经外科主诊教授、临床医学科学家、胶质瘤单病种首席专家 专长 神经系统肿瘤的诊断及显微手术治疗； 2009年美国M.D.Anderson访问学者。 主持国家自然科学基金、广东省重大科技计划等十余项科研项目，在Cancer cell，Nature Communications, Neuro-oncology, Advanced Science等杂志发表学术成果100余篇，主编人民卫生出版社《脑胶质瘤患者指导手册》、《脑胶质瘤规范诊疗病例荟萃》等著作，获中华人民共和国实用新型专利16项,转化2项。","神经外科科主任 职称：一级主任医师、博士生导师、神经外科主诊教授、临床医学科学家、胶质瘤单病种首席专家 牟永告 职务：神经外科科主任 职称：一级主任医师、博士生导师、神经外科主诊教授、临床医学科学家、胶质瘤单病种首席专家 专长 神经系统肿瘤的诊断及显微手术治疗； 2009年美国M.D.Anderson访问学者。 主持国家自然科学基金、广东省重大科技计划等十余项科研项目，在Cancer cell，Nature Communications, Neuro-oncology, Advanced Science等杂志发表学术成果100余篇，主编人民卫生出版社《脑胶质瘤患者指导手册》、《脑胶质瘤规范诊疗病例荟萃》等著作，获中华人民共和国实用新型专利16项,转化2项。"
1035,1034,中山大学肿瘤防治中心,牟永告,https://www.sysucc.org.cn/node/3708,异常提示,,亮眼经历含导航文本，已清洗
1038,1037,中山大学肿瘤防治中心,赛克,https://www.sysucc.org.cn/node/3710,亮眼经历线索,神经外科副主任、党支部书记 职称：主任医师、主诊教授、博士生导师 临床专家 面包屑 首页 / 临床科室 / 外科系列 / 神经外科 / 临床专家 赛克 职务：神经外科副主任、党支部书记 职称：主任医师、主诊教授、博士生导师 专长 胶质瘤、脑膜瘤、转移瘤的精细神经外科手术； 二、教育及工作经历 2004年七年制本硕研究生毕业，2006年就读中山大学肿瘤学博士，2009年于美国MD安德森癌症中心神经肿瘤科完成博士后训练。 多次荣获“南粤好医生”、“实力中青年医生”等称号。,神经外科副主任、党支部书记 职称：主任医师、主诊教授、博士生导师 赛克 职务：神经外科副主任、党支部书记 职称：主任医师、主诊教授、博士生导师 专长 胶质瘤、脑膜瘤、转移瘤的精细神经外科手术； 二、教育及工作经历 2004年七年制本硕研究生毕业，2006年就读中山大学肿瘤学博士，2009年于美国MD安德森癌症中心神经肿瘤科完成博士后训练。 多次荣获“南粤好医生”、“实力中青年医生”等称号。
1038,1037,中山大学肿瘤防治中心,赛克,https://www.sysucc.org.cn/node/3710,异常提示,,亮眼经历含导航文本，已清洗
1039,1038,中山大学肿瘤防治中心,郭琤琤,https://www.sysucc.org.cn/node/3714,亮眼经历线索,"主任医师，博士生导师 擅长神经肿瘤化疗、靶向治疗及免疫治疗，包括脑转移瘤、胶质瘤、生殖细胞肿瘤、淋巴瘤、髓母细胞瘤、中枢罕见恶性肿瘤的个体化治疗及精准治疗 职称： 主任医师，博士生导师 临床专家 面包屑 首页 / 临床科室 / 外科系列 / 神经外科 / 临床专家 郭琤琤 职称：主任医师，博士生导师 专长 擅长神经肿瘤化疗、靶向治疗及免疫治疗，包括脑转移瘤、胶质瘤、生殖细胞肿瘤、淋巴瘤、髓母细胞瘤、中枢罕见恶性肿瘤的个体化治疗及精准治疗 职称： 主任医师，博士生导师 门诊时间： 周一上午、周四上午 专业特长： 擅长神经肿瘤化疗、靶向治疗及免疫治疗，包括脑转移瘤、胶质瘤、生殖细胞肿瘤、淋巴瘤、髓母细胞瘤、中枢罕见恶性肿瘤的个体化治疗及精准治疗 联系方式： guochch@sysucc.org.cn, https://guochengchengdr.haodf.com/ 学习及工作经历 中山大学肿瘤防治中心神经肿瘤科化疗医师，...","主任医师，博士生导师 擅长神经肿瘤化疗、靶向治疗及免疫治疗，包括脑转移瘤、胶质瘤、生殖细胞肿瘤、淋巴瘤、髓母细胞瘤、中枢罕见恶性肿瘤的个体化治疗及精准治疗 职称： 主任医师，博士生导师 郭琤琤 职称：主任医师，博士生导师 专长 擅长神经肿瘤化疗、靶向治疗及免疫治疗，包括脑转移瘤、胶质瘤、生殖细胞肿瘤、淋巴瘤、髓母细胞瘤、中枢罕见恶性肿瘤的个体化治疗及精准治疗 职称： 主任医师，博士生导师 门诊时间： 周一上午、周四上午 专业特长： 擅长神经肿瘤化疗、靶向治疗及免疫治疗，包括脑转移瘤、胶质瘤、生殖细胞肿瘤、淋巴瘤、髓母细胞瘤、中枢罕见恶性肿瘤的个体化治疗及精准治疗 联系方式： guochch@sysucc.org.cn, https://guochengchengdr.haodf.com/ 学习及工作经历 中山大学肿瘤防治中心神经肿瘤科化疗医师，..."
1039,1038,中山大学肿瘤防治中心,郭琤琤,https://www.sysucc.org.cn/node/3714,异常提示,,亮眼经历含导航文本，已清洗
1040,1039,中山大学肿瘤防治中心,钟升,https://www.sysucc.org.cn/node/10052,亮眼经历线索,副主任医师 临床专家 面包屑 首页 / 临床科室 / 外科系列 / 神经外科 / 临床专家 钟升 职称：副主任医师 专长 胶质瘤、脑膜瘤、转移瘤、椎管内肿瘤等中枢神经系统肿瘤的微创手术治疗与个体化综合治疗，垂体瘤的神经内镜经鼻微创治疗； 一、基本情况 职称： 副主任医师、医学博士、博士后 门诊时间： 周五下午 云诊室（线上）： 周一至周日全天 二、教育及工作经历 2012.09-2020.06 哈佛大学-吉林大学白求恩医学院，联合培养临床医学八年制，医学博士 2019.09-2020.06 哈佛大学，生物医学信息学，医学硕士 2020.07-2023.07 中山大学肿瘤防治中心，神经外科，临床博士后 2020.07-2025.04 中山大学肿瘤防治中心，神经外科，住院医师 2025.04-2025.12 中山大学肿瘤防治中心，神经外科，主治医师 2025.12至今 中山大学肿瘤防治中心，神经外科，副主任医师 三、学术兼职 ...,副主任医师 钟升 职称：副主任医师 专长 胶质瘤、脑膜瘤、转移瘤、椎管内肿瘤等中枢神经系统肿瘤的微创手术治疗与个体化综合治疗，垂体瘤的神经内镜经鼻微创治疗； 一、基本情况 职称： 副主任医师、医学博士、博士后 门诊时间： 周五下午 云诊室（线上）： 周一至周日全天 二、教育及工作经历 2012.09-2020.06 哈佛大学-吉林大学白求恩医学院，联合培养临床医学八年制，医学博士 2019.09-2020.06 哈佛大学，生物医学信息学，医学硕士 2020.07-2023.07 中山大学肿瘤防治中心，神经外科，临床博士后 2020.07-2025.04 中山大学肿瘤防治中心，神经外科，住院医师 2025.04-2025.12 中山大学肿瘤防治中心，神经外科，主治医师 2025.12至今 中山大学肿瘤防治中心，神经外科，副主任医师 三、学术兼职 ...
1040,1039,中山大学肿瘤防治中心,钟升,https://www.sysucc.org.cn/node/10052,异常提示,,亮眼经历含导航文本，已清洗
1041,1040,中山大学肿瘤防治中心,陈忠平,https://www.sysucc.org.cn/node/3707,亮眼经历线索,胶质瘤单病种首席专家、科主任导师 职称：教授、主任医师、博士生导师、胶质瘤资深首席专家 临床专家 面包屑 首页 / 临床科室 / 外科系列 / 神经外科 / 临床专家 陈忠平 职务：胶质瘤单病种首席专家、科主任导师 职称：教授、主任医师、博士生导师、胶质瘤资深首席专家 专长 脑（神经系统）肿瘤的显微外科手术和综合治疗 一、基本情况 职称：教授、主任医师、博士生导师、胶质瘤首席专家 职务：胶质瘤单病种首席专家、科主任导师 专家门诊时间： 周二上午； 期间在职读神经外科硕士(1989年毕业)和博士（1993年毕业） 1993年 9月—1999年9月： 加拿大麦吉尔大学，神经外科博士后/ Research associate 1999年11月至今：中山大学附属肿瘤医院心神经外科工作 加载更多 陈忠平 主任医师，博士导师，胶质瘤首席专家 1957年8月生，男，汉族，江苏江阴人 门诊时间：周二上午、周五上午 教育和工作经历 1982...,胶质瘤单病种首席专家、科主任导师 职称：教授、主任医师、博士生导师、胶质瘤资深首席专家 陈忠平 职务：胶质瘤单病种首席专家、科主任导师 职称：教授、主任医师、博士生导师、胶质瘤资深首席专家 专长 脑（神经系统）肿瘤的显微外科手术和综合治疗 一、基本情况 职称：教授、主任医师、博士生导师、胶质瘤首席专家 职务：胶质瘤单病种首席专家、科主任导师 专家门诊时间： 周二上午； 期间在职读神经外科硕士(1989年毕业)和博士（1993年毕业） 1993年 9月—1999年9月： 加拿大麦吉尔大学，神经外科博士后/ Research associate 1999年11月至今：中山大学附属肿瘤医院心神经外科工作 陈忠平 主任医师，博士导师，胶质瘤首席专家 1957年8月生，男，汉族，江苏江阴人 门诊时间：周二上午、周五上午 教育和工作经历 1982...
1041,1040,中山大学肿瘤防治中心,陈忠平,https://www.sysucc.org.cn/node/3707,异常提示,,亮眼经历含导航文本，已清洗
1042,1041,中山大学肿瘤防治中心,陈银生,https://www.sysucc.org.cn/node/3715,亮眼经历线索,主任医师、主诊教授、博士、博士生导师 胶质瘤、脑膜瘤、垂体瘤、脑转移瘤、颅咽管瘤、髓母细胞瘤、神经鞘瘤、神经纤维瘤、生殖细胞肿瘤、淋巴瘤、胆脂瘤等脑和椎管内肿瘤的精准微创手术和综合治疗。 临床专家 面包屑 首页 / 临床科室 / 外科系列 / 神经外科 / 临床专家 陈银生 职称：主任医师、主诊教授、博士、博士生导师 专长 胶质瘤、脑膜瘤、垂体瘤、脑转移瘤、颅咽管瘤、髓母细胞瘤、神经鞘瘤、神经纤维瘤、生殖细胞肿瘤、淋巴瘤、胆脂瘤等脑和椎管内肿瘤的精准微创手术和综合治疗。 一、基本情况 职称：主任医师、主诊教授、博士、博士生导师 门诊时间：周三下午、周五下午 云诊室（线上）：周一至周日全天 二、学习及工作经历 中国医科大学博士，中山大学访问博士。,主任医师、主诊教授、博士、博士生导师 胶质瘤、脑膜瘤、垂体瘤、脑转移瘤、颅咽管瘤、髓母细胞瘤、神经鞘瘤、神经纤维瘤、生殖细胞肿瘤、淋巴瘤、胆脂瘤等脑和椎管内肿瘤的精准微创手术和综合治疗。 陈银生 职称：主任医师、主诊教授、博士、博士生导师 专长 胶质瘤、脑膜瘤、垂体瘤、脑转移瘤、颅咽管瘤、髓母细胞瘤、神经鞘瘤、神经纤维瘤、生殖细胞肿瘤、淋巴瘤、胆脂瘤等脑和椎管内肿瘤的精准微创手术和综合治疗。 一、基本情况 职称：主任医师、主诊教授、博士、博士生导师 门诊时间：周三下午、周五下午 云诊室（线上）：周一至周日全天 二、学习及工作经历 中国医科大学博士，中山大学访问博士。
1042,1041,中山大学肿瘤防治中心,陈银生,https://www.sysucc.org.cn/node/3715,异常提示,,亮眼经历含导航文本，已清洗
1043,1042,中山大学肿瘤防治中心,丁培荣,https://www.sysucc.org.cn/node/3680,亮眼经历线索,科主任 职称：主任医师、教授、博士生导师 临床专家 面包屑 首页 / 临床科室 / 外科系列 / 结直肠科 / 临床专家 丁培荣 职务：科主任 职称：主任医师、教授、博士生导师 专长 结直肠癌、胃肠道间质瘤和消化道神经内分泌肿瘤的综合治疗 一、基本情况 职 务： 结直肠科主任 职 称： 主任医师、教授、博士生导师 专家门诊时间： 周一上午专家门诊； 周一下午及周二上午特需门诊 专业特长： 结直肠癌、胃肠道间质瘤和消化道神经内分泌肿瘤的综合治疗，特别是腹腔镜直肠癌低位保肛手术、腹腔镜结肠癌根治手术、早期直肠癌的经肛门内镜显微手术、以及多学科协作治疗结直肠癌肝转移； 美国外科学院fellow（FACS）。,科主任 职称：主任医师、教授、博士生导师 丁培荣 职务：科主任 职称：主任医师、教授、博士生导师 专长 结直肠癌、胃肠道间质瘤和消化道神经内分泌肿瘤的综合治疗 一、基本情况 职 务： 结直肠科主任 职 称： 主任医师、教授、博士生导师 专家门诊时间： 周一上午专家门诊； 周一下午及周二上午特需门诊 专业特长： 结直肠癌、胃肠道间质瘤和消化道神经内分泌肿瘤的综合治疗，特别是腹腔镜直肠癌低位保肛手术、腹腔镜结肠癌根治手术、早期直肠癌的经肛门内镜显微手术、以及多学科协作治疗结直肠癌肝转移； 美国外科学院fellow（FACS）。
1043,1042,中山大学肿瘤防治中心,丁培荣,https://www.sysucc.org.cn/node/3680,异常提示,,亮眼经历含导航文本，已清洗
1044,1043,中山大学肿瘤防治中心,万德森,https://www.sysucc.org.cn/node/3679,亮眼经历线索,教授、主任医师、博士生导师、结直肠癌资深首席专家 临床专家 面包屑 首页 / 临床科室 / 外科系列 / 结直肠科 / 临床专家 万德森 职称：教授、主任医师、博士生导师、结直肠癌资深首席专家 专长 大肠癌以手术为主的综合治疗 一、基本情况 职称：教授、主任医师、博士生导师 职务：主任导师、结直肠癌资深首席专家 专家门诊时间：周三上午 专业特长：从事肿瘤外科近50年，特长是肠道肿瘤以手术为主的综合治疗，包括结肠癌、直肠癌、胃肠道间质瘤、神经内分泌肿瘤以及肠癌肝转移。 二、学习及工作经历： 1965年毕业于中山医学院医疗系本科（六年制），留校肿瘤医院从事医教研工作，历任住院医师、主治医师、副主任医师、副教授 1989年底获WHO奖学金赴美国专修胃肠肿瘤基础理论和临床诊治，1991年按期回国后承担国家攻关课题、国家自然科学基金课题和省部委课题七项 1991年晋升教授，1997年任博士导师 1991年—1993年任中山医科大学肿...,教授、主任医师、博士生导师、结直肠癌资深首席专家 万德森 职称：教授、主任医师、博士生导师、结直肠癌资深首席专家 专长 大肠癌以手术为主的综合治疗 一、基本情况 职称：教授、主任医师、博士生导师 职务：主任导师、结直肠癌资深首席专家 专家门诊时间：周三上午 专业特长：从事肿瘤外科近50年，特长是肠道肿瘤以手术为主的综合治疗，包括结肠癌、直肠癌、胃肠道间质瘤、神经内分泌肿瘤以及肠癌肝转移。 二、学习及工作经历： 1965年毕业于中山医学院医疗系本科（六年制），留校肿瘤医院从事医教研工作，历任住院医师、主治医师、副主任医师、副教授 1989年底获WHO奖学金赴美国专修胃肠肿瘤基础理论和临床诊治，1991年按期回国后承担国家攻关课题、国家自然科学基金课题和省部委课题七项 1991年晋升教授，1997年任博士导师 1991年—1993年任中山医科大学肿...
1044,1043,中山大学肿瘤防治中心,万德森,https://www.sysucc.org.cn/node/3679,异常提示,,亮眼经历含导航文本，已清洗
1045,1044,中山大学肿瘤防治中心,伍小军,https://www.sysucc.org.cn/node/3682,亮眼经历线索,科秘书 职称：主任医师、主诊教授、博士生导师 临床专家 面包屑 首页 / 临床科室 / 外科系列 / 结直肠科 / 临床专家 伍小军 职务：科秘书 职称：主任医师、主诊教授、博士生导师 专长 主要从事结直肠癌、胃肠道间质瘤和神经内分泌肿瘤的综合治疗及研究，社区肿瘤防治工作 一、基本情况 姓名： 伍小军 职称： 主任医师、主诊教授、博士生导师 职务： 科秘书 专家门诊时间： 周三上午 专业特长： 主要从事结直肠癌、胃肠道间质瘤和神经内分泌肿瘤的综合治疗及研究，社区肿瘤防治工作。 期间（2007年—2010年）攻读肿瘤学博士 2006年：支医广东省紫金县人民医院，任副院长，主管临床、教学、科研 2009年：任结直肠科科室秘书 2012年：赴美国MGH短期培训 2014.01—至今 中山大学肿瘤防治中心结直肠科 主诊教授 2017.07—2019.02 中组部选派第九批援疆干部，援新疆医科大学附属肿瘤医院胃肠外科 任科室副主任 ...,科秘书 职称：主任医师、主诊教授、博士生导师 伍小军 职务：科秘书 职称：主任医师、主诊教授、博士生导师 专长 主要从事结直肠癌、胃肠道间质瘤和神经内分泌肿瘤的综合治疗及研究，社区肿瘤防治工作 一、基本情况 姓名： 伍小军 职称： 主任医师、主诊教授、博士生导师 职务： 科秘书 专家门诊时间： 周三上午 专业特长： 主要从事结直肠癌、胃肠道间质瘤和神经内分泌肿瘤的综合治疗及研究，社区肿瘤防治工作。 期间（2007年—2010年）攻读肿瘤学博士 2006年：支医广东省紫金县人民医院，任副院长，主管临床、教学、科研 2009年：任结直肠科科室秘书 2012年：赴美国MGH短期培训 2014.01—至今 中山大学肿瘤防治中心结直肠科 主诊教授 2017.07—2019.02 中组部选派第九批援疆干部，援新疆医科大学附属肿瘤医院胃肠外科 任科室副主任 ...
1045,1044,中山大学肿瘤防治中心,伍小军,https://www.sysucc.org.cn/node/3682,异常提示,,亮眼经历含导航文本，已清洗
1046,1045,中山大学肿瘤防治中心,侯振林,https://www.sysucc.org.cn/node/10583,亮眼经历线索,副主任医师 临床专家 面包屑 首页 / 临床科室 / 外科系列 / 结直肠科 / 临床专家 侯振林 职称：副主任医师 专长 结直肠癌腹腔镜/达芬奇等微创手术、免疫治疗、综合治疗。,副主任医师 侯振林 职称：副主任医师 专长 结直肠癌腹腔镜/达芬奇等微创手术、免疫治疗、综合治疗。
1046,1045,中山大学肿瘤防治中心,侯振林,https://www.sysucc.org.cn/node/10583,异常提示,,亮眼经历含导航文本，已清洗
1047,1046,中山大学肿瘤防治中心,卢震海,https://www.sysucc.org.cn/node/3681,亮眼经历线索,党支部书记 职称：主任医师、博士研究生导师 擅长结直肠癌的手术治疗，尤其是结直肠肿瘤的腹腔镜微创治疗以及结直肠癌的综合治疗，包括结直肠癌的早期诊断、分期、治疗及预后的研究，结直肠癌肝转移的转化研究以及综合治疗、多学科治疗。 临床专家 面包屑 首页 / 临床科室 / 外科系列 / 结直肠科 / 临床专家 卢震海 职务：党支部书记 职称：主任医师、博士研究生导师 专长 擅长结直肠癌的手术治疗，尤其是结直肠肿瘤的腹腔镜微创治疗以及结直肠癌的综合治疗，包括结直肠癌的早期诊断、分期、治疗及预后的研究，结直肠癌肝转移的转化研究以及综合治疗、多学科治疗。 职务： 党支部书记 职称： 主任医师、博士研究生导师 专长： 擅长结直肠癌的手术治疗，尤其是结直肠肿瘤的腹腔镜微创治疗以及结直肠癌的综合治疗，包括结直肠癌的早期诊断、分期、治疗及预后的研究，结直肠癌肝转移的转化研究以及综合治疗、多学科治疗。,党支部书记 职称：主任医师、博士研究生导师 擅长结直肠癌的手术治疗，尤其是结直肠肿瘤的腹腔镜微创治疗以及结直肠癌的综合治疗，包括结直肠癌的早期诊断、分期、治疗及预后的研究，结直肠癌肝转移的转化研究以及综合治疗、多学科治疗。 卢震海 职务：党支部书记 职称：主任医师、博士研究生导师 专长 擅长结直肠癌的手术治疗，尤其是结直肠肿瘤的腹腔镜微创治疗以及结直肠癌的综合治疗，包括结直肠癌的早期诊断、分期、治疗及预后的研究，结直肠癌肝转移的转化研究以及综合治疗、多学科治疗。 职务： 党支部书记 职称： 主任医师、博士研究生导师 专长： 擅长结直肠癌的手术治疗，尤其是结直肠肿瘤的腹腔镜微创治疗以及结直肠癌的综合治疗，包括结直肠癌的早期诊断、分期、治疗及预后的研究，结直肠癌肝转移的转化研究以及综合治疗、多学科治疗。
1047,1046,中山大学肿瘤防治中心,卢震海,https://www.sysucc.org.cn/node/3681,异常提示,,亮眼经历含导航文本，已清洗
1048,1047,中山大学肿瘤防治中心,周驰,https://www.sysucc.org.cn/node/10215,亮眼经历线索,副主任医师 临床专家 面包屑 首页 / 临床科室 / 外科系列 / 结直肠科 / 临床专家 周驰 职称：副主任医师 专长 结直肠癌微创外科治疗、新辅助治疗及辅助治疗,副主任医师 周驰 职称：副主任医师 专长 结直肠癌微创外科治疗、新辅助治疗及辅助治疗
1048,1047,中山大学肿瘤防治中心,周驰,https://www.sysucc.org.cn/node/10215,异常提示,,亮眼经历含导航文本，已清洗
1051,1050,中山大学肿瘤防治中心,孔令亨,https://www.sysucc.org.cn/node/3686,亮眼经历线索,副主任医师 临床专家 面包屑 首页 / 临床科室 / 外科系列 / 结直肠科 / 临床专家 孔令亨 职称：副主任医师 专长 结直肠肿瘤外科，腹腔镜手术，经肛门微创手术 一、基本情况 专科门诊时间：周五下午，肝转移专科 专业特长：结直肠肿瘤外科，腹腔镜手术，经肛门微创手术。,副主任医师 孔令亨 职称：副主任医师 专长 结直肠肿瘤外科，腹腔镜手术，经肛门微创手术 一、基本情况 专科门诊时间：周五下午，肝转移专科 专业特长：结直肠肿瘤外科，腹腔镜手术，经肛门微创手术。
1051,1050,中山大学肿瘤防治中心,孔令亨,https://www.sysucc.org.cn/node/3686,异常提示,,亮眼经历含导航文本，已清洗
1053,1052,中山大学肿瘤防治中心,彭健宏,https://www.sysucc.org.cn/node/6531,亮眼经历线索,"副主任医师 临床专家 面包屑 首页 / 临床科室 / 外科系列 / 结直肠科 / 临床专家 彭健宏 职称：副主任医师 专长 结直肠癌外科治疗，结直肠癌肝转移综合治疗，结直肠神经内分泌肿瘤外科治疗，胃肠道间质瘤综合治疗 一、基本情况 每周三上午出诊 二、教育及工作经历 教育经历： 2008-09 至 2013-06, 武汉大学, 临床医学, 学士 2013-09 至 2018-06, 中山大学, 肿瘤学, 博士 工作经历： 2018-07 至 2019-12, 中山大学, 肿瘤防治中心, 医师 2020-01 至 2022-12, 中山大学, 肿瘤防治中心, 主治医师 2023-01 至 今, 中山大学, 肿瘤防治中心, 副主任医师 三、学术兼职 广东省抗癌协会大肠癌专业委员会委员兼秘书 广东省精准医学应用学会胃肠肿瘤分会常委兼秘书 广东省抗癌协会肿瘤多学科诊疗专业委员会委员 广东省基层医药学会结直肠专委会委员 《Gastr...","副主任医师 彭健宏 职称：副主任医师 专长 结直肠癌外科治疗，结直肠癌肝转移综合治疗，结直肠神经内分泌肿瘤外科治疗，胃肠道间质瘤综合治疗 一、基本情况 每周三上午出诊 二、教育及工作经历 教育经历： 2008-09 至 2013-06, 武汉大学, 临床医学, 学士 2013-09 至 2018-06, 中山大学, 肿瘤学, 博士 工作经历： 2018-07 至 2019-12, 中山大学, 肿瘤防治中心, 医师 2020-01 至 2022-12, 中山大学, 肿瘤防治中心, 主治医师 2023-01 至 今, 中山大学, 肿瘤防治中心, 副主任医师 三、学术兼职 广东省抗癌协会大肠癌专业委员会委员兼秘书 广东省精准医学应用学会胃肠肿瘤分会常委兼秘书 广东省抗癌协会肿瘤多学科诊疗专业委员会委员 广东省基层医药学会结直肠专委会委员 《Gastr..."
1053,1052,中山大学肿瘤防治中心,彭健宏,https://www.sysucc.org.cn/node/6531,异常提示,,亮眼经历含导航文本，已清洗
1056,1055,中山大学肿瘤防治中心,李聪,https://www.sysucc.org.cn/node/3685,亮眼经历线索,副主任医师 结直肠癌、胃肠间质瘤、神经内分泌肿瘤的治疗 加载更多 职称：副主任医师 专长：结直肠癌、胃肠间质瘤、神经内分泌肿瘤的治疗 临床专家 面包屑 首页 / 临床科室 / 外科系列 / 结直肠科 / 临床专家 李聪 职称：副主任医师 专长 结直肠癌、胃肠间质瘤、神经内分泌肿瘤的治疗 职称：副主任医师 专长：结直肠癌、胃肠间质瘤、神经内分泌肿瘤的治疗 加载更多 职称：副主任医师 专长：结直肠癌、胃肠间质瘤、神经内分泌肿瘤的治疗,副主任医师 结直肠癌、胃肠间质瘤、神经内分泌肿瘤的治疗 职称：副主任医师 专长：结直肠癌、胃肠间质瘤、神经内分泌肿瘤的治疗 李聪 职称：副主任医师 专长 结直肠癌、胃肠间质瘤、神经内分泌肿瘤的治疗 职称：副主任医师 专长：结直肠癌、胃肠间质瘤、神经内分泌肿瘤的治疗 职称：副主任医师 专长：结直肠癌、胃肠间质瘤、神经内分泌肿瘤的治疗
1056,1055,中山大学肿瘤防治中心,李聪,https://www.sysucc.org.cn/node/3685,异常提示,,亮眼经历含导航文本，已清洗
1059,1058,中山大学肿瘤防治中心,王福龙,https://www.sysucc.org.cn/node/9739,亮眼经历线索,党支部委员 职称：副主任医师 临床专家 面包屑 首页 / 临床科室 / 外科系列 / 结直肠科 / 临床专家 王福龙 职务：党支部委员 职称：副主任医师 专长 结直肠肿瘤的预防，各种外科手术治疗及术后辅助治疗等。 一、基本情况 结直肠科副主任医师，从事结直肠肿瘤防治、外科诊治工作20余年，擅长各种结直肠肿瘤的防治、外科治疗及术后康复治疗等。 2025-今 中山大学附属肿瘤医院结直肠科副主任医师。,党支部委员 职称：副主任医师 王福龙 职务：党支部委员 职称：副主任医师 专长 结直肠肿瘤的预防，各种外科手术治疗及术后辅助治疗等。 一、基本情况 结直肠科副主任医师，从事结直肠肿瘤防治、外科诊治工作20余年，擅长各种结直肠肿瘤的防治、外科治疗及术后康复治疗等。 2025-今 中山大学附属肿瘤医院结直肠科副主任医师。
1059,1058,中山大学肿瘤防治中心,王福龙,https://www.sysucc.org.cn/node/9739,异常提示,,亮眼经历含导航文本，已清洗
1060,1059,中山大学肿瘤防治中心,肖斌毅,https://www.sysucc.org.cn/node/8256,亮眼经历线索,副主任医师 临床专家 面包屑 首页 / 临床科室 / 外科系列 / 结直肠科 / 临床专家 肖斌毅 职称：副主任医师 专长 结直肠癌微创手术、新辅助治疗和遗传性肠癌防治。 一、个人简介 结直肠科副主任医师，医学博士、博士后，擅长结直肠癌的微创手术治疗。 长期从事遗传性肠癌和免疫治疗领域工作，在 Lancet Oncol、J Natl Compr Canc Netw、 Eur J Cancer、Eur J Hum Genet 等期刊发表多篇结直肠癌免疫治疗和遗传性肠癌相关论文。,副主任医师 肖斌毅 职称：副主任医师 专长 结直肠癌微创手术、新辅助治疗和遗传性肠癌防治。 一、个人简介 结直肠科副主任医师，医学博士、博士后，擅长结直肠癌的微创手术治疗。 长期从事遗传性肠癌和免疫治疗领域工作，在 Lancet Oncol、J Natl Compr Canc Netw、 Eur J Cancer、Eur J Hum Genet 等期刊发表多篇结直肠癌免疫治疗和遗传性肠癌相关论文。
1060,1059,中山大学肿瘤防治中心,肖斌毅,https://www.sysucc.org.cn/node/8256,异常提示,,亮眼经历含导航文本，已清洗
1061,1060,中山大学肿瘤防治中心,范文华,https://www.sysucc.org.cn/node/3687,亮眼经历线索,副主任医师 肠癌新辅助治疗、微创外科治疗及辅助化疗 职称：副主任医师 专业方向：肠癌新辅助治疗、微创外科治疗及辅助化疗 加载更多 职称：副主任医师 专业方向：肠癌新辅助治疗、微创外科治疗及辅助化疗 临床专家 面包屑 首页 / 临床科室 / 外科系列 / 结直肠科 / 临床专家 范文华 职称：副主任医师 专长 肠癌新辅助治疗、微创外科治疗及辅助化疗 职称：副主任医师 专业方向：肠癌新辅助治疗、微创外科治疗及辅助化疗 加载更多 职称：副主任医师 专业方向：肠癌新辅助治疗、微创外科治疗及辅助化疗,副主任医师 肠癌新辅助治疗、微创外科治疗及辅助化疗 职称：副主任医师 专业方向：肠癌新辅助治疗、微创外科治疗及辅助化疗 职称：副主任医师 专业方向：肠癌新辅助治疗、微创外科治疗及辅助化疗 范文华 职称：副主任医师 专长 肠癌新辅助治疗、微创外科治疗及辅助化疗 职称：副主任医师 专业方向：肠癌新辅助治疗、微创外科治疗及辅助化疗 职称：副主任医师 专业方向：肠癌新辅助治疗、微创外科治疗及辅助化疗
1061,1060,中山大学肿瘤防治中心,范文华,https://www.sysucc.org.cn/node/3687,异常提示,,亮眼经历含导航文本，已清洗
1064,1063,中山大学肿瘤防治中心,何文卓,https://www.sysucc.org.cn/node/3772,亮眼经历线索,副主任医师 消化道肿瘤药物治疗，包括肠癌、胆道肿瘤、胰腺癌等 加载更多 职称：副主任医师 专长：消化道肿瘤药物治疗，包括肠癌、胆道肿瘤、胰腺癌等 临床专家 面包屑 首页 / 临床科室 / 内科系列 / 综合科 / 临床专家 何文卓 职称：副主任医师 专长 消化道肿瘤药物治疗，包括肠癌、胆道肿瘤、胰腺癌等 职称：副主任医师 专长：消化道肿瘤药物治疗，包括肠癌、胆道肿瘤、胰腺癌等 加载更多 职称：副主任医师 专长：消化道肿瘤药物治疗，包括肠癌、胆道肿瘤、胰腺癌等,副主任医师 消化道肿瘤药物治疗，包括肠癌、胆道肿瘤、胰腺癌等 职称：副主任医师 专长：消化道肿瘤药物治疗，包括肠癌、胆道肿瘤、胰腺癌等 何文卓 职称：副主任医师 专长 消化道肿瘤药物治疗，包括肠癌、胆道肿瘤、胰腺癌等 职称：副主任医师 专长：消化道肿瘤药物治疗，包括肠癌、胆道肿瘤、胰腺癌等 职称：副主任医师 专长：消化道肿瘤药物治疗，包括肠癌、胆道肿瘤、胰腺癌等
1064,1063,中山大学肿瘤防治中心,何文卓,https://www.sysucc.org.cn/node/3772,异常提示,,亮眼经历含导航文本，已清洗
1066,1065,中山大学肿瘤防治中心,周溢鑫,https://www.sysucc.org.cn/node/6446,亮眼经历线索,主任医师 临床专家 面包屑 首页 / 临床科室 / 内科系列 / 综合科 / 临床专家 周溢鑫 职称：主任医师 专长 肿瘤综合治疗。,主任医师 周溢鑫 职称：主任医师 专长 肿瘤综合治疗。
1066,1065,中山大学肿瘤防治中心,周溢鑫,https://www.sysucc.org.cn/node/6446,异常提示,,亮眼经历含导航文本，已清洗
1068,1067,中山大学肿瘤防治中心,彭柔君,https://www.sysucc.org.cn/node/3765,亮眼经历线索,主任医师 临床专家 面包屑 首页 / 临床科室 / 内科系列 / 综合科 / 临床专家 彭柔君 职称：主任医师 专长 长期从事恶性肿瘤综合治疗，擅长乳腺癌及妇科恶性肿瘤（卵巢癌、子宫内膜癌、宫颈癌）的内科治疗和综合治疗。 二、教育及工作经历 2000年毕业于中山医科大学临床医学系，获学士学位 2007年毕业于中山大学，获肿瘤学硕士学位 2011年毕业于中山大学，获肿瘤学博士学位 2008年至2010年留学瑞典卡罗林斯卡医学院，中-瑞联合培养博士研究生 2000年7月至2015年7月，中山大学肿瘤防治中心内科，从事恶性肿瘤内科治疗，住院医师、主治医师及副主任医师 2015年8月至今，中山大学肿瘤防治中心综合科，从事恶性肿瘤综合治疗，副主任医师、主任医师 2016年1月起聘任为中山大学硕士研究生导师、博士研究生导师 三、学术兼职 广东省精准医学应用学会肿瘤综合治疗分会第一届委员会主任委员 广东省医学会肿瘤精准诊疗分会第一届常务...,主任医师 彭柔君 职称：主任医师 专长 长期从事恶性肿瘤综合治疗，擅长乳腺癌及妇科恶性肿瘤（卵巢癌、子宫内膜癌、宫颈癌）的内科治疗和综合治疗。 二、教育及工作经历 2000年毕业于中山医科大学临床医学系，获学士学位 2007年毕业于中山大学，获肿瘤学硕士学位 2011年毕业于中山大学，获肿瘤学博士学位 2008年至2010年留学瑞典卡罗林斯卡医学院，中-瑞联合培养博士研究生 2000年7月至2015年7月，中山大学肿瘤防治中心内科，从事恶性肿瘤内科治疗，住院医师、主治医师及副主任医师 2015年8月至今，中山大学肿瘤防治中心综合科，从事恶性肿瘤综合治疗，副主任医师、主任医师 2016年1月起聘任为中山大学硕士研究生导师、博士研究生导师 三、学术兼职 广东省精准医学应用学会肿瘤综合治疗分会第一届委员会主任委员 广东省医学会肿瘤精准诊疗分会第一届常务...
1068,1067,中山大学肿瘤防治中心,彭柔君,https://www.sysucc.org.cn/node/3765,异常提示,,亮眼经历含导航文本，已清洗
1069,1068,中山大学肿瘤防治中心,权琦,https://www.sysucc.org.cn/node/6733,亮眼经历线索,副主任医师 临床专家 面包屑 首页 / 临床科室 / 内科系列 / 综合科 / 临床专家 权琦 职称：副主任医师 专长 腹部恶性肿瘤诊疗（化疗、靶向免疫及中西医结合个体化治疗）。,副主任医师 权琦 职称：副主任医师 专长 腹部恶性肿瘤诊疗（化疗、靶向免疫及中西医结合个体化治疗）。
1069,1068,中山大学肿瘤防治中心,权琦,https://www.sysucc.org.cn/node/6733,异常提示,,亮眼经历含导航文本，已清洗
1070,1069,中山大学肿瘤防治中心,白龙,https://www.sysucc.org.cn/node/3770,亮眼经历线索,"副主任医师 临床专家 面包屑 首页 / 临床科室 / 内科系列 / 综合科 / 临床专家 白龙 职称：副主任医师 专长 消化道肿瘤（肠、胃、食管、肝胆、胰腺）、肺癌、鼻咽癌的内科治疗（化疗、靶向、免疫治疗）。 一、基本情况 副主任医师，医学博士，本科毕业于中山大学中山医学院，硕博阶段就读于中山大学肿瘤防治中心，从事肿瘤内科的学习与工作十余年。 二、教育及工作经历 (1) 2013-06 至 2016-06, 中山大学, 肿瘤防治中心，肿瘤内科, 博士 (2) 2011-09 至 2013-06, 中山大学, 肿瘤防治中心，肿瘤内科, 硕士 (3) 2006-09 至 2011-06, 中山大学, 中山医学院，临床医学, 学士 三、学术兼职 广东省健康管理学会肿瘤防治专委会 常委 广东省抗癌协会肿瘤多学科诊疗专业委员会 秘书 广东省临床医学会 肿瘤学医联体 秘书 广东省抗癌协会化疗青委会委员 广东省医学教育协会肿瘤学专业委员...","副主任医师 白龙 职称：副主任医师 专长 消化道肿瘤（肠、胃、食管、肝胆、胰腺）、肺癌、鼻咽癌的内科治疗（化疗、靶向、免疫治疗）。 一、基本情况 副主任医师，医学博士，本科毕业于中山大学中山医学院，硕博阶段就读于中山大学肿瘤防治中心，从事肿瘤内科的学习与工作十余年。 二、教育及工作经历 (1) 2013-06 至 2016-06, 中山大学, 肿瘤防治中心，肿瘤内科, 博士 (2) 2011-09 至 2013-06, 中山大学, 肿瘤防治中心，肿瘤内科, 硕士 (3) 2006-09 至 2011-06, 中山大学, 中山医学院，临床医学, 学士 三、学术兼职 广东省健康管理学会肿瘤防治专委会 常委 广东省抗癌协会肿瘤多学科诊疗专业委员会 秘书 广东省临床医学会 肿瘤学医联体 秘书 广东省抗癌协会化疗青委会委员 广东省医学教育协会肿瘤学专业委员..."
1070,1069,中山大学肿瘤防治中心,白龙,https://www.sysucc.org.cn/node/3770,异常提示,,亮眼经历含导航文本，已清洗
1073,1072,中山大学肿瘤防治中心,郭桂芳,https://www.sysucc.org.cn/node/3764,亮眼经历线索,综合科副主任 职称：主任医师、博士生导师、肿瘤内学博士、美国佛罗里达大学高级访问学者 临床专家 面包屑 首页 / 临床科室 / 内科系列 / 综合科 / 临床专家 郭桂芳 职务：综合科副主任 职称：主任医师、博士生导师、肿瘤内学博士、美国佛罗里达大学高级访问学者 专长 肿瘤内科治疗（擅长胆胰、肠等消化道肿瘤，肺癌及头颈肿瘤等）； 一、基本情况 职务：综合科副主任 职称：主任医师、博士生导师、肿瘤内学博士、美国佛罗里达大学高级访问学者 专家门诊时间：周三下午，周五上午 专业特长：肿瘤内科治疗（擅长胆胰、肠等消化道肿瘤，肺癌及头颈肿瘤等）； 二、学习及工作经历： 2020.01—至今： 中山大学附属肿瘤医院综合科 主任医师 2012.01—2019.12： 中山大学附属肿瘤医院综合科 副主任医师 2013.08—2014.07：美国佛罗里达大学高级访问学者（博士后工作） 2007.09—2010.06：中山大学附属肿瘤医院（博...,综合科副主任 职称：主任医师、博士生导师、肿瘤内学博士、美国佛罗里达大学高级访问学者 郭桂芳 职务：综合科副主任 职称：主任医师、博士生导师、肿瘤内学博士、美国佛罗里达大学高级访问学者 专长 肿瘤内科治疗（擅长胆胰、肠等消化道肿瘤，肺癌及头颈肿瘤等）； 一、基本情况 职务：综合科副主任 职称：主任医师、博士生导师、肿瘤内学博士、美国佛罗里达大学高级访问学者 专家门诊时间：周三下午，周五上午 专业特长：肿瘤内科治疗（擅长胆胰、肠等消化道肿瘤，肺癌及头颈肿瘤等）； 二、学习及工作经历： 2020.01—至今： 中山大学附属肿瘤医院综合科 主任医师 2012.01—2019.12： 中山大学附属肿瘤医院综合科 副主任医师 2013.08—2014.07：美国佛罗里达大学高级访问学者（博士后工作） 2007.09—2010.06：中山大学附属肿瘤医院（博...
1073,1072,中山大学肿瘤防治中心,郭桂芳,https://www.sysucc.org.cn/node/3764,异常提示,,亮眼经历含导航文本，已清洗
1074,1073,中山大学肿瘤防治中心,"ZBED9在肝癌侵袭转移中的作用及机制研究， 批准号:81802421，经费22万元，2019.01～2021.12， 主持 (2) 广东省肝病研究重点实验室开放课题：初步探讨Rfx6调控肝癌干细胞的机制研究，项目编号：GS2017101001，经费：2万人民币，2018.01～2019.12，主持 (3) 中山大学青年教师培养项目：ZBED9在肝癌侵袭转移中的作用及机制研究，经费15万元，2019.01～2020.12， 主持 (4) 国家自然科学基金面上项目：NCOA3上调端粒酶逆转录酶促进肝癌生长的分子机制及其临床意义， 批准号:81872267，经费55万元，2019.01～2022.12， 参与 (5) 国家自然科学基金面上项目：S100A9通过EMT调控肝细胞癌侵袭转移的机制研究，项目编号：81972301，经费：55.00万元，2020.01～2023.12， 参与 (6) 国家自然科学基金面上项目：Rfx6在肝癌干细胞干性特征维持中的作用及机制研究，项目编号：81372571，经费：90万人民币，2014.01～2017.12，参与 代表性研究成果： (1) Jiliang Qiu#, Baogang Peng#, Yunqiang Tang#, Yeben Qian#, Pi Guo#, Mengfeng Li, Junhang Luo, Bin Chen, Hui Tang, Canliang Lu, Muyan Cai, Zunfu Ke, Wei He, Yun Zheng, Dan Xie, Binkui Li*, Yunfei Yuan*. A CpG Methylation Signature Predicts Recurrence in Early-Stage Hepatocellular Carcinoma: Results From a Multicenter Study. J Clin Oncol 2017, 35(7):734-742 (2017 IF=26.303) (2) Pinghua Yang#, Jiliang Qiu#, Jun Li#, Dong Wu, Xuying Wan, Wan Yee Lau, Yunfei Yuan*, Feng Shen*. Nomograms for Pre- and Postoperative Prediction of Long-term Survival for Patients Who Underwent Hepatectomy for Multiple Hepatocellular Carcinomas. Ann Surg. 2016, 263(4):778-86. (2016 IF=8.98) (3) Yongxin Zhang #, Xiaofei Lv #, Jiliang Qiu #, Bin Zhang#, Lu Zhang, Jin Fang, Minmin Li, Luyan Chen, Fei Wang, Shuyi Liu, Shuixing Zhang*. Deep Learning With 3D Convolutional Neural Network for Noninvasive Prediction of Microvascular Invasion in Hepatocellular Carcinoma. J Magn Reson Imaging. 2021 Epub. (2020 IF= 3.732) (4) Chenwei Wang#, Yadi Liao#, Jiliang Qiu#, Yichuan Yuan, Yangping Zhang, Kai Li, Ruhai Zou, Yongjing Wang, Dinglan Zuo, Wei He, Yun Zheng, Binkui Li*, Yunfei Yuan*. Transcatheter arterial chemoembolization alone or combined with ablation for recurrent intermediate-stage hepatocellular carcinoma: a propensity score matching study. J Cancer Res Clin Oncol. 2020 146(10):2669-2680 (2020 IF= 3.332) (5) Yi Li, Qingan Zeng, Jiliang Qiu, Ting Pang, Jianzhong Xian, Xuexia Zhang*. Long non-coding RNA UCA1 promotes breast cancer by upregulating PTP1B expression via inhibiting miR-206. Cancer Cell Int. 2019 1;19:275. (2019 IF= 4.175) (6) Yi Li#, Jiliang Qiu#, Ting Pang, Zhixing Guo, Yonghui Su, Qingan Zeng, Xuexia Zhang*. Restoration of Arpin suppresses aggressive phenotype of breast cancer cells. Biomed Pharmacother. 2017 92:116-121 (2017 IF=3.457) (7) Jiliang Qiu#, Yun Zheng#, Jingxian Shen, Zeng QingAn, Ruhai Zou, Yadi Liao, Wei He, Qijiong Li, Guihua Chen, Binkui Li, Yunfei Yuan*. Resection versus ablation in hepatitis B virus-related hepatocellular carcinoma patients with portal hypertension: A propensity score matching study. Surgery. 2015, 158(5):1235-1243.（2015 IF=3.309） (8) Jiliang Qiu#, Mogeng Deng#, Wei Li, Ruhai Zou, Binkui Li, Yun Zheng, Xiangming Lao, Kai Zhou, Yunfei Yuan*. Hepatic Resection for Synchronous Hepatic Metastasis from Gastric Cancer. Eur J Surg Oncol 2013, 39:694-700 (2013 IF=2.892) (9) Yan Li, Leilei Chen, Tim Hon Man Chan, Ming Liu, Kar–Lok Kong, Jiliang Qiu, Yan Li, Yunfei Yuan*, Xinyuan Guan*. SPOCK1 Is Regulated by CHD1L and Blocks Apoptosis and Promotes HCC Cell Invasiveness and Metastasis in Mice. Gastroenterology 2013, 144:179-191 （2013 IF=13.926） (10) Qing-an Zeng#, Jiliang Qiu#, Jian Hong, Yi Li, Shengping Li, Ruhai Zou, Pinzhu Huang, Binkui Li, Yun Zheng, Xiangming Lao, Yunfei Yuan*. Hepatectomy for hepatocellular carcinoma patients with macronodular cirrhosis. Eur J Gastroenterol Hepatol 2012, 24(5):575-82. (2012 IF=1.915) (11) Jiliang Qiu#, Pinzhu Huang#, Jing-Hong You, Ru-Hai Zou, Li Wang, Jian Hong, Binkui Li, Kai Zhou, Yunfei Yuan*. LIN28 expression and prognostic value in hepatocellular carcinoma patients who meet the Milan criteria and undergo hepatectomy. Chin J Cancer 2012, 31(5):223-232. (2014, IF=2.155) (12) Pinzhu Huang#, Jiliang Qiu#, Jinghong You, Jian Hong, Binkui Li, Kai Zhou, Guihua Chen, Yunfei Yuan, Ruhai Zou*. Expression and prognostic significance of CIP2A mRNA in hepatocellular carcinoma and nontumoral liver tissues. Biomarkers. 2012, 17(5):422-9. (2012, IF=2.215) (13) Qing-An Zeng#, Jiliang Qiu#, Ruhai Zou, Yijie Li, Shengping Li, Binkui Li, Pinzhu Huang, Jian Hong, Yun Zheng, Xiangming Lao, Yunfei Yuan*. Clinical features and outcome of multiple primary malignancies involving hepatocellular carcinoma: A long-term follow-up study. BMC Cancer 2012, 12(1):148. (2012 IF=3.333) (14) Jiliang Qiu#, Pinzhu Huang#, Qian Liu#, Jian Hong, Binkui Li, Canliang Lu, Li Wang, Jianping Wang, Yunfei Yuan*. Identification of MACC1 as a novel prognostic marker in hepatocellular carcinoma. J Transl Med 2011, 9:166. (2011 IF=3.474) (15) Pinzhu Huang#, Jiliang Qiu#, Binkui Li, Jian Hong, Canliang Lu, Li Wang, Jianping Wang, Yezhu Hu, Weihua Jia, Yunfei Yuan*. Role of Sox2 and Oct4 in predicting survival of hepatocellular carcinoma patients after hepatectomy. Clin Biochem 2011, 44:582-589. (2011 IF=2.076) (16) Canliang Lu#, Jiliang Qiu#, Pinzhu Huang, Ruhai Zou, Jian Hong, Binkui Li, Guihua Chen, Yunfei Yuan*. NADPH Oxidase DUOX1 and DUOX2 but not NOX4 are independent predictors in hepatocellular carcinoma after hepatectomy. Tumor Biolog...",https://www.sysucc.org.cn/node/3645,亮眼经历线索,博士，副主任医师、硕士生导师 肝癌的外科治疗、介入治疗、靶向免疫治疗等，肝转移的外科治疗 基本情况 职称： 博士，副主任医师、硕士生导师 专家 临床专家 面包屑 首页 / 临床科室 / 外科系列 / 肝脏外科 / 临床专家 邱际亮 职称：博士，副主任医师、硕士生导师 专长 肝癌的外科治疗、介入治疗、靶向免疫治疗等，肝转移的外科治疗 基本情况 职称： 博士，副主任医师、硕士生导师 专家门诊时间： 周一下午、周四下午 专业特长： 肝癌的外科治疗、介入治疗、靶向免疫治疗等，肝转移的外科治疗。 地址：广州市东风东路651号 510060 E-mail：qiujl@sysucc.org.cn 学术兼职： 广东省药学会第一届肝胆肿瘤多学科综合治疗专委会 常务委员 广东省抗癌协会肝癌专业委员会青委会 委员 广东省抗癌协会大肠癌专业委员会青委会 委员 工作概况： 自2007年以来，长期从事肝癌的临床诊治及相关研究工作，熟练掌握包括外科治疗...,博士，副主任医师、硕士生导师 肝癌的外科治疗、介入治疗、靶向免疫治疗等，肝转移的外科治疗 基本情况 职称： 博士，副主任医师、硕士生导师 专家 邱际亮 职称：博士，副主任医师、硕士生导师 专长 肝癌的外科治疗、介入治疗、靶向免疫治疗等，肝转移的外科治疗 基本情况 职称： 博士，副主任医师、硕士生导师 专家门诊时间： 周一下午、周四下午 专业特长： 肝癌的外科治疗、介入治疗、靶向免疫治疗等，肝转移的外科治疗。 地址：广州市东风东路651号 510060 E-mail：qiujl@sysucc.org.cn 学术兼职： 广东省药学会第一届肝胆肿瘤多学科综合治疗专委会 常务委员 广东省抗癌协会肝癌专业委员会青委会 委员 广东省抗癌协会大肠癌专业委员会青委会 委员 工作概况： 自2007年以来，长期从事肝癌的临床诊治及相关研究工作，熟练掌握包括外科治疗...
1074,1073,中山大学肿瘤防治中心,"ZBED9在肝癌侵袭转移中的作用及机制研究， 批准号:81802421，经费22万元，2019.01～2021.12， 主持 (2) 广东省肝病研究重点实验室开放课题：初步探讨Rfx6调控肝癌干细胞的机制研究，项目编号：GS2017101001，经费：2万人民币，2018.01～2019.12，主持 (3) 中山大学青年教师培养项目：ZBED9在肝癌侵袭转移中的作用及机制研究，经费15万元，2019.01～2020.12， 主持 (4) 国家自然科学基金面上项目：NCOA3上调端粒酶逆转录酶促进肝癌生长的分子机制及其临床意义， 批准号:81872267，经费55万元，2019.01～2022.12， 参与 (5) 国家自然科学基金面上项目：S100A9通过EMT调控肝细胞癌侵袭转移的机制研究，项目编号：81972301，经费：55.00万元，2020.01～2023.12， 参与 (6) 国家自然科学基金面上项目：Rfx6在肝癌干细胞干性特征维持中的作用及机制研究，项目编号：81372571，经费：90万人民币，2014.01～2017.12，参与 代表性研究成果： (1) Jiliang Qiu#, Baogang Peng#, Yunqiang Tang#, Yeben Qian#, Pi Guo#, Mengfeng Li, Junhang Luo, Bin Chen, Hui Tang, Canliang Lu, Muyan Cai, Zunfu Ke, Wei He, Yun Zheng, Dan Xie, Binkui Li*, Yunfei Yuan*. A CpG Methylation Signature Predicts Recurrence in Early-Stage Hepatocellular Carcinoma: Results From a Multicenter Study. J Clin Oncol 2017, 35(7):734-742 (2017 IF=26.303) (2) Pinghua Yang#, Jiliang Qiu#, Jun Li#, Dong Wu, Xuying Wan, Wan Yee Lau, Yunfei Yuan*, Feng Shen*. Nomograms for Pre- and Postoperative Prediction of Long-term Survival for Patients Who Underwent Hepatectomy for Multiple Hepatocellular Carcinomas. Ann Surg. 2016, 263(4):778-86. (2016 IF=8.98) (3) Yongxin Zhang #, Xiaofei Lv #, Jiliang Qiu #, Bin Zhang#, Lu Zhang, Jin Fang, Minmin Li, Luyan Chen, Fei Wang, Shuyi Liu, Shuixing Zhang*. Deep Learning With 3D Convolutional Neural Network for Noninvasive Prediction of Microvascular Invasion in Hepatocellular Carcinoma. J Magn Reson Imaging. 2021 Epub. (2020 IF= 3.732) (4) Chenwei Wang#, Yadi Liao#, Jiliang Qiu#, Yichuan Yuan, Yangping Zhang, Kai Li, Ruhai Zou, Yongjing Wang, Dinglan Zuo, Wei He, Yun Zheng, Binkui Li*, Yunfei Yuan*. Transcatheter arterial chemoembolization alone or combined with ablation for recurrent intermediate-stage hepatocellular carcinoma: a propensity score matching study. J Cancer Res Clin Oncol. 2020 146(10):2669-2680 (2020 IF= 3.332) (5) Yi Li, Qingan Zeng, Jiliang Qiu, Ting Pang, Jianzhong Xian, Xuexia Zhang*. Long non-coding RNA UCA1 promotes breast cancer by upregulating PTP1B expression via inhibiting miR-206. Cancer Cell Int. 2019 1;19:275. (2019 IF= 4.175) (6) Yi Li#, Jiliang Qiu#, Ting Pang, Zhixing Guo, Yonghui Su, Qingan Zeng, Xuexia Zhang*. Restoration of Arpin suppresses aggressive phenotype of breast cancer cells. Biomed Pharmacother. 2017 92:116-121 (2017 IF=3.457) (7) Jiliang Qiu#, Yun Zheng#, Jingxian Shen, Zeng QingAn, Ruhai Zou, Yadi Liao, Wei He, Qijiong Li, Guihua Chen, Binkui Li, Yunfei Yuan*. Resection versus ablation in hepatitis B virus-related hepatocellular carcinoma patients with portal hypertension: A propensity score matching study. Surgery. 2015, 158(5):1235-1243.（2015 IF=3.309） (8) Jiliang Qiu#, Mogeng Deng#, Wei Li, Ruhai Zou, Binkui Li, Yun Zheng, Xiangming Lao, Kai Zhou, Yunfei Yuan*. Hepatic Resection for Synchronous Hepatic Metastasis from Gastric Cancer. Eur J Surg Oncol 2013, 39:694-700 (2013 IF=2.892) (9) Yan Li, Leilei Chen, Tim Hon Man Chan, Ming Liu, Kar–Lok Kong, Jiliang Qiu, Yan Li, Yunfei Yuan*, Xinyuan Guan*. SPOCK1 Is Regulated by CHD1L and Blocks Apoptosis and Promotes HCC Cell Invasiveness and Metastasis in Mice. Gastroenterology 2013, 144:179-191 （2013 IF=13.926） (10) Qing-an Zeng#, Jiliang Qiu#, Jian Hong, Yi Li, Shengping Li, Ruhai Zou, Pinzhu Huang, Binkui Li, Yun Zheng, Xiangming Lao, Yunfei Yuan*. Hepatectomy for hepatocellular carcinoma patients with macronodular cirrhosis. Eur J Gastroenterol Hepatol 2012, 24(5):575-82. (2012 IF=1.915) (11) Jiliang Qiu#, Pinzhu Huang#, Jing-Hong You, Ru-Hai Zou, Li Wang, Jian Hong, Binkui Li, Kai Zhou, Yunfei Yuan*. LIN28 expression and prognostic value in hepatocellular carcinoma patients who meet the Milan criteria and undergo hepatectomy. Chin J Cancer 2012, 31(5):223-232. (2014, IF=2.155) (12) Pinzhu Huang#, Jiliang Qiu#, Jinghong You, Jian Hong, Binkui Li, Kai Zhou, Guihua Chen, Yunfei Yuan, Ruhai Zou*. Expression and prognostic significance of CIP2A mRNA in hepatocellular carcinoma and nontumoral liver tissues. Biomarkers. 2012, 17(5):422-9. (2012, IF=2.215) (13) Qing-An Zeng#, Jiliang Qiu#, Ruhai Zou, Yijie Li, Shengping Li, Binkui Li, Pinzhu Huang, Jian Hong, Yun Zheng, Xiangming Lao, Yunfei Yuan*. Clinical features and outcome of multiple primary malignancies involving hepatocellular carcinoma: A long-term follow-up study. BMC Cancer 2012, 12(1):148. (2012 IF=3.333) (14) Jiliang Qiu#, Pinzhu Huang#, Qian Liu#, Jian Hong, Binkui Li, Canliang Lu, Li Wang, Jianping Wang, Yunfei Yuan*. Identification of MACC1 as a novel prognostic marker in hepatocellular carcinoma. J Transl Med 2011, 9:166. (2011 IF=3.474) (15) Pinzhu Huang#, Jiliang Qiu#, Binkui Li, Jian Hong, Canliang Lu, Li Wang, Jianping Wang, Yezhu Hu, Weihua Jia, Yunfei Yuan*. Role of Sox2 and Oct4 in predicting survival of hepatocellular carcinoma patients after hepatectomy. Clin Biochem 2011, 44:582-589. (2011 IF=2.076) (16) Canliang Lu#, Jiliang Qiu#, Pinzhu Huang, Ruhai Zou, Jian Hong, Binkui Li, Guihua Chen, Yunfei Yuan*. NADPH Oxidase DUOX1 and DUOX2 but not NOX4 are independent predictors in hepatocellular carcinoma after hepatectomy. Tumor Biolog...",https://www.sysucc.org.cn/node/3645,异常提示,,亮眼经历含导航文本，已清洗
1076,1075,中山大学肿瘤防治中心,元云飞,https://www.sysucc.org.cn/node/3633,亮眼经历线索,二级教授、一级主任医师、博士生导师 临床专家 面包屑 首页 / 临床科室 / 外科系列 / 肝脏外科 / 临床专家 元云飞 职称：二级教授、一级主任医师、博士生导师 专长 原发性肝癌的外科治疗、介入治疗、靶向免疫治疗； 一、基本情况 职务：无 职称：二级教授、一级主任医师、博士生导师 专家门诊时间： 周一上午，周四上午，周五上午 专业特长：主要从事原发性肝癌的外科治疗、介入治疗、靶向免疫治疗和结直肠癌肝转移的外科治疗、局部治疗。 在中国率先应用ICGR15评估肝储备功能，熟练掌握各种复杂的肝脏恶性肿瘤切除手术。,二级教授、一级主任医师、博士生导师 元云飞 职称：二级教授、一级主任医师、博士生导师 专长 原发性肝癌的外科治疗、介入治疗、靶向免疫治疗； 一、基本情况 职务：无 职称：二级教授、一级主任医师、博士生导师 专家门诊时间： 周一上午，周四上午，周五上午 专业特长：主要从事原发性肝癌的外科治疗、介入治疗、靶向免疫治疗和结直肠癌肝转移的外科治疗、局部治疗。 在中国率先应用ICGR15评估肝储备功能，熟练掌握各种复杂的肝脏恶性肿瘤切除手术。
1076,1075,中山大学肿瘤防治中心,元云飞,https://www.sysucc.org.cn/node/3633,异常提示,,亮眼经历含导航文本，已清洗
1077,1076,中山大学肿瘤防治中心,周仲国,https://www.sysucc.org.cn/node/3641,亮眼经历线索,主任医师、主诊教授、医学博士、博士研究生导师、教学督导 临床专家 面包屑 首页 / 临床科室 / 外科系列 / 肝脏外科 / 临床专家 周仲国 职称：主任医师、主诊教授、医学博士、博士研究生导师、教学督导 专长 肝癌微创治疗（腹腔镜切除手术、消融治疗），晚期肝癌系统治疗（包括化疗、靶向及免疫治疗） 职称： 主任医师、主诊教授、医学博士、博士研究生导师、教学督导 临床治疗专长： 肝癌微创治疗（腹腔镜切除手术、消融治疗），晚期肝癌系统治疗（包括化疗、靶向及免疫治疗） 出诊时间： 越秀院区： 周二上午（专家）、周五上午（特需） 黄埔院区： 周四上午（特需）、周四下午（专家） 一、教育背景 2001-2006 中山大学医学院临床医学 学士 2006-2011 美国MD Anderson癌症中心&中山大学 联合培养博士 2018-2019 美国Scripps研究所博士后，美国加州大学访问学者 中国抗癌协会肝癌专业委员会 委员 广东省...,主任医师、主诊教授、医学博士、博士研究生导师、教学督导 周仲国 职称：主任医师、主诊教授、医学博士、博士研究生导师、教学督导 专长 肝癌微创治疗（腹腔镜切除手术、消融治疗），晚期肝癌系统治疗（包括化疗、靶向及免疫治疗） 职称： 主任医师、主诊教授、医学博士、博士研究生导师、教学督导 临床治疗专长： 肝癌微创治疗（腹腔镜切除手术、消融治疗），晚期肝癌系统治疗（包括化疗、靶向及免疫治疗） 出诊时间： 越秀院区： 周二上午（专家）、周五上午（特需） 黄埔院区： 周四上午（特需）、周四下午（专家） 一、教育背景 2001-2006 中山大学医学院临床医学 学士 2006-2011 美国MD Anderson癌症中心&中山大学 联合培养博士 2018-2019 美国Scripps研究所博士后，美国加州大学访问学者 中国抗癌协会肝癌专业委员会 委员 广东省...
1077,1076,中山大学肿瘤防治中心,周仲国,https://www.sysucc.org.cn/node/3641,异常提示,,亮眼经历含导航文本，已清洗
1079,1078,中山大学肿瘤防治中心,徐立,https://www.sysucc.org.cn/node/3636,亮眼经历线索,肝胆胰师生党总支书记 职称：主任医师、博士生导师 擅长肝癌的综合治疗策略及微创外科治疗，尤其是肝癌系统性药物治疗及相关临床研究 职称： 主任医师、博士生导师 职务： 肝胆胰师生党总支书记 专业特长： 擅长肝癌的综合治疗策略及微创外科治疗，尤其是肝癌系统性药物治疗及相关临床研究。 临床专家 面包屑 首页 / 临床科室 / 外科系列 / 肝脏外科 / 临床专家 徐立 职务：肝胆胰师生党总支书记 职称：主任医师、博士生导师 专长 擅长肝癌的综合治疗策略及微创外科治疗，尤其是肝癌系统性药物治疗及相关临床研究 职称： 主任医师、博士生导师 职务： 肝胆胰师生党总支书记 专业特长： 擅长肝癌的综合治疗策略及微创外科治疗，尤其是肝癌系统性药物治疗及相关临床研究。 门诊时间： 越秀专家门诊：周二下午、周四下午 黄埔专家门诊：周一上午10:30-12:30 社会任职： 广东省杰出青年医学人才 广州市实力中青年医生 国家癌症中心肝癌质控专家委...,肝胆胰师生党总支书记 职称：主任医师、博士生导师 擅长肝癌的综合治疗策略及微创外科治疗，尤其是肝癌系统性药物治疗及相关临床研究 职称： 主任医师、博士生导师 职务： 肝胆胰师生党总支书记 专业特长： 擅长肝癌的综合治疗策略及微创外科治疗，尤其是肝癌系统性药物治疗及相关临床研究。 徐立 职务：肝胆胰师生党总支书记 职称：主任医师、博士生导师 专长 擅长肝癌的综合治疗策略及微创外科治疗，尤其是肝癌系统性药物治疗及相关临床研究 职称： 主任医师、博士生导师 职务： 肝胆胰师生党总支书记 专业特长： 擅长肝癌的综合治疗策略及微创外科治疗，尤其是肝癌系统性药物治疗及相关临床研究。 门诊时间： 越秀专家门诊：周二下午、周四下午 黄埔专家门诊：周一上午10:30-12:30 社会任职： 广东省杰出青年医学人才 广州市实力中青年医生 国家癌症中心肝癌质控专家委...
1079,1078,中山大学肿瘤防治中心,徐立,https://www.sysucc.org.cn/node/3636,异常提示,,亮眼经历含导航文本，已清洗
1080,1079,中山大学肿瘤防治中心,李启炯,https://www.sysucc.org.cn/node/3644,亮眼经历线索,副主任医师、硕士生导师 临床专家 面包屑 首页 / 临床科室 / 外科系列 / 肝脏外科 / 临床专家 李启炯 职称：副主任医师、硕士生导师 专长 中晚期肝癌、肝内胆管细胞癌的介入治疗、靶向治疗、免疫治疗、外科治疗等 一、基本情况 职称： 副主任医师、硕士生导师 专业特长：中晚期肝癌、肝内胆管细胞癌 的介入治疗、靶向治疗、免疫治疗、外科治疗等 专家门诊时间： 周二下午，周四上午（肝脏外科普通门诊） 二、学术兼职： 广东省抗癌协会肝胆肿瘤专委会委员 广东省抗癌协会胆胰专业委员会委员 广东省临床医学学会肿瘤学专委会委员 三、工作情况： 主要工作方向：中晚期肝癌、肝内胆管细胞癌。 以第一作者在Jama oncolog等国际权威杂志上发表多篇论著。 四、主持在研项目： 1.省部级广州市计划项目，2013SX007，社区肿瘤知识科普对于肿瘤预防的效果研究，2013/05-2015/05，2万元，已结题，主持 2.国家级国家自然科学基...,副主任医师、硕士生导师 李启炯 职称：副主任医师、硕士生导师 专长 中晚期肝癌、肝内胆管细胞癌的介入治疗、靶向治疗、免疫治疗、外科治疗等 一、基本情况 职称： 副主任医师、硕士生导师 专业特长：中晚期肝癌、肝内胆管细胞癌 的介入治疗、靶向治疗、免疫治疗、外科治疗等 专家门诊时间： 周二下午，周四上午（肝脏外科普通门诊） 二、学术兼职： 广东省抗癌协会肝胆肿瘤专委会委员 广东省抗癌协会胆胰专业委员会委员 广东省临床医学学会肿瘤学专委会委员 三、工作情况： 主要工作方向：中晚期肝癌、肝内胆管细胞癌。 以第一作者在Jama oncolog等国际权威杂志上发表多篇论著。
1080,1079,中山大学肿瘤防治中心,李启炯,https://www.sysucc.org.cn/node/3644,异常提示,,亮眼经历含导航文本，已清洗
1081,1080,中山大学肿瘤防治中心,李少华,https://www.sysucc.org.cn/node/3643,亮眼经历线索,副主任医师、硕士研究生导师、医学博士 肝癌的多学科综合治疗（包括手术切除、介入治疗、化疗、靶向及免疫治疗等） 专家 临床专家 面包屑 首页 / 临床科室 / 外科系列 / 肝脏外科 / 临床专家 李少华 职称：副主任医师、硕士研究生导师、医学博士 专长 肝癌的多学科综合治疗（包括手术切除、介入治疗、化疗、靶向及免疫治疗等） 职称： 副主任医师、硕士研究生导师、医学博士 专长： 肝癌的多学科综合治疗（包括手术切除、介入治疗、化疗、靶向及免疫治疗等） 专家门诊时间： 周一下午 主要学术任职： 广东省抗癌协会肝癌专业委员会青年委员会常务委员兼秘书； 广东省医学会肝胆胰外科学分会青年委员会委员；,副主任医师、硕士研究生导师、医学博士 肝癌的多学科综合治疗（包括手术切除、介入治疗、化疗、靶向及免疫治疗等） 专家 李少华 职称：副主任医师、硕士研究生导师、医学博士 专长 肝癌的多学科综合治疗（包括手术切除、介入治疗、化疗、靶向及免疫治疗等） 职称： 副主任医师、硕士研究生导师、医学博士 专长： 肝癌的多学科综合治疗（包括手术切除、介入治疗、化疗、靶向及免疫治疗等） 专家门诊时间： 周一下午 主要学术任职： 广东省抗癌协会肝癌专业委员会青年委员会常务委员兼秘书； 广东省医学会肝胆胰外科学分会青年委员会委员；
1081,1080,中山大学肿瘤防治中心,李少华,https://www.sysucc.org.cn/node/3643,异常提示,,亮眼经历含导航文本，已清洗
1082,1081,中山大学肿瘤防治中心,李斌奎,https://www.sysucc.org.cn/node/3638,亮眼经历线索,肝脏外科主任 职称：教授、主任医师、博士生导师、医学博士、广东省杰出青年医学人才、广东实力中青年医生、羊城好医生 临床专家 面包屑 首页 / 临床科室 / 外科系列 / 肝脏外科 / 临床专家 李斌奎 职务：肝脏外科主任 职称：教授、主任医师、博士生导师、医学博士、广东省杰出青年医学人才、广东实力中青年医生、羊城好医生 专长 肝癌的综合治疗，擅长外科手术治疗（机器人辅助微创肝脏外科手术）、介入治疗、靶向免疫治疗等。 职务：肝脏外科主任 职称：教授、主任医师、博士生导师、医学博士 广东省杰出青年医学人才、广东实力中青年医生、羊城好医生 专长：肝癌的综合治疗，擅长外科手术治疗（机器人辅助微创肝脏外科手术）、介入治疗、靶向免疫治疗等。 2013到2014年美国MD Anderson癌症中心国家公派访问学者。,肝脏外科主任 职称：教授、主任医师、博士生导师、医学博士、广东省杰出青年医学人才、广东实力中青年医生、羊城好医生 李斌奎 职务：肝脏外科主任 职称：教授、主任医师、博士生导师、医学博士、广东省杰出青年医学人才、广东实力中青年医生、羊城好医生 专长 肝癌的综合治疗，擅长外科手术治疗（机器人辅助微创肝脏外科手术）、介入治疗、靶向免疫治疗等。 职务：肝脏外科主任 职称：教授、主任医师、博士生导师、医学博士 广东省杰出青年医学人才、广东实力中青年医生、羊城好医生 专长：肝癌的综合治疗，擅长外科手术治疗（机器人辅助微创肝脏外科手术）、介入治疗、靶向免疫治疗等。 2013到2014年美国MD Anderson癌症中心国家公派访问学者。
1082,1081,中山大学肿瘤防治中心,李斌奎,https://www.sysucc.org.cn/node/3638,异常提示,,亮眼经历含导航文本，已清洗
1083,1082,中山大学肿瘤防治中心,王骏成,https://www.sysucc.org.cn/node/8255,亮眼经历线索,副主任医师 肝癌的微创手术治疗，中晚期肝癌的转化及多学科综合治疗。 临床专家 面包屑 首页 / 临床科室 / 外科系列 / 肝脏外科 / 临床专家 王骏成 职称：副主任医师 专长 肝癌的微创手术治疗，中晚期肝癌的转化及多学科综合治疗。 一、基本情况 王骏成，中山大学肿瘤防治中心肝脏外科 职称： 副主任医师、医学博士、助理研究员、硕士生导师 专家门诊时间： 周三下午，越秀院区 专业特长： 肝癌的微创手术治疗（腹腔镜肝切除手术、消融治疗），中晚期肝癌的转化及多学科综合治疗（包括介入、靶向药物及免疫治疗等） 地址： 广州市东风东路651号，510060 Emai： wangjch@sysucc.org.cn 二、教育及工作经历 1. 2008-08至2013-06，南方医科大学第一临床医学院，学士 2. 2013-08至2016-06，中山大学肿瘤防治中心，硕士 3. 2016-07至2017-07，中山大学肿瘤防治中心，课题助...,副主任医师 肝癌的微创手术治疗，中晚期肝癌的转化及多学科综合治疗。 王骏成 职称：副主任医师 专长 肝癌的微创手术治疗，中晚期肝癌的转化及多学科综合治疗。 一、基本情况 王骏成，中山大学肿瘤防治中心肝脏外科 职称： 副主任医师、医学博士、助理研究员、硕士生导师 专家门诊时间： 周三下午，越秀院区 专业特长： 肝癌的微创手术治疗（腹腔镜肝切除手术、消融治疗），中晚期肝癌的转化及多学科综合治疗（包括介入、靶向药物及免疫治疗等） 地址： 广州市东风东路651号，510060 Emai： wangjch@sysucc.org.cn 二、教育及工作经历 1. 2008-08至2013-06，南方医科大学第一临床医学院，学士 2. 2013-08至2016-06，中山大学肿瘤防治中心，硕士 3. 2016-07至2017-07，中山大学肿瘤防治中心，课题助...
1083,1082,中山大学肿瘤防治中心,王骏成,https://www.sysucc.org.cn/node/8255,异常提示,,亮眼经历含导航文本，已清洗
1084,1083,中山大学肿瘤防治中心,石明,https://www.sysucc.org.cn/node/3635,亮眼经历线索,教授、主任医师、博士生导师、国家杰出青年科学基金获得者、广东省医学领军人才、“广东特支计划”科技创新领军人才 肝胆肿瘤手术、介入、靶向免疫治疗，尤擅长早期肝癌的微创手术治疗、中期肝癌的介入治疗、晚期肝癌的基因精准医疗 临床专家 面包屑 首页 / 临床科室 / 外科系列 / 肝脏外科 / 临床专家 石明 职称：教授、主任医师、博士生导师、国家杰出青年科学基金获得者、广东省医学领军人才、“广东特支计划”科技创新领军人才 专长 肝胆肿瘤手术、介入、靶向免疫治疗，尤擅长早期肝癌的微创手术治疗、中期肝癌的介入治疗、晚期肝癌的基因精准医疗 一、基本情况 职称： 教授、主任医师、博士生导师 、国家杰出青年科学基金获得者、广东省医学领军人才、“广东特支计划”科技创新领军人才 专业特长： 肝胆肿瘤手术、介入、靶向免疫治疗，尤擅长早期肝癌的微创手术治疗、中期肝癌的介入治疗、晚期肝癌的基因精准医疗 专家门诊时间： 越秀院区：周一上午，周三上午 ...,教授、主任医师、博士生导师、国家杰出青年科学基金获得者、广东省医学领军人才、“广东特支计划”科技创新领军人才 肝胆肿瘤手术、介入、靶向免疫治疗，尤擅长早期肝癌的微创手术治疗、中期肝癌的介入治疗、晚期肝癌的基因精准医疗 石明 职称：教授、主任医师、博士生导师、国家杰出青年科学基金获得者、广东省医学领军人才、“广东特支计划”科技创新领军人才 专长 肝胆肿瘤手术、介入、靶向免疫治疗，尤擅长早期肝癌的微创手术治疗、中期肝癌的介入治疗、晚期肝癌的基因精准医疗 一、基本情况 职称： 教授、主任医师、博士生导师 、国家杰出青年科学基金获得者、广东省医学领军人才、“广东特支计划”科技创新领军人才 专业特长： 肝胆肿瘤手术、介入、靶向免疫治疗，尤擅长早期肝癌的微创手术治疗、中期肝癌的介入治疗、晚期肝癌的基因精准医疗 专家门诊时间： 越秀院区：周一上午，周三上午 ...
1084,1083,中山大学肿瘤防治中心,石明,https://www.sysucc.org.cn/node/3635,异常提示,,亮眼经历含导航文本，已清洗
1086,1085,中山大学肿瘤防治中心,赵荣策,https://www.sysucc.org.cn/node/9078,亮眼经历线索,副主任医师 肝癌的手术切除、介入、靶向/免疫药物等多学科综合治疗。 临床专家 面包屑 首页 / 临床科室 / 外科系列 / 肝脏外科 / 临床专家 赵荣策 职称：副主任医师 专长 肝癌的手术切除、介入、靶向/免疫药物等多学科综合治疗。 一、基本情况 副主任医师，医学博士 美国MD Anderson癌症中心/四川大学华西医院联合培养博士 中山大学博士后 二、专长 肝癌的手术切除、介入、靶向/免疫药物等多学科综合治疗 三、学术兼职 广东省基层医药学会肝癌防治专委会 常委 广东省医师协会肿瘤外科分会 青年委员 四、主持科研项目 主持国家自然科学基金青年项目，广州市科技基金，中山大学肿瘤防治中心“郁金香”人才培养基金 五、代表性论著 主要研究成果发表于Nat Cell Biol、Br J Cancer、Surg Endosc等高水平杂志 六、获奖及荣誉 2024年全国第八届 “35 under 35” 优秀青年肿瘤医生 抗击疫情一...,副主任医师 肝癌的手术切除、介入、靶向/免疫药物等多学科综合治疗。 赵荣策 职称：副主任医师 专长 肝癌的手术切除、介入、靶向/免疫药物等多学科综合治疗。 一、基本情况 副主任医师，医学博士 美国MD Anderson癌症中心/四川大学华西医院联合培养博士 中山大学博士后 二、专长 肝癌的手术切除、介入、靶向/免疫药物等多学科综合治疗 三、学术兼职 广东省基层医药学会肝癌防治专委会 常委 广东省医师协会肿瘤外科分会 青年委员 四、主持科研项目 主持国家自然科学基金青年项目，广州市科技基金，中山大学肿瘤防治中心“郁金香”人才培养基金 五、代表性论著 主要研究成果发表于Nat Cell Biol、Br J Cancer、Surg Endosc等高水平杂志 六、获奖及荣誉 2024年全国第八届 “35 under 35” 优秀青年肿瘤医生 抗击疫情一...
1086,1085,中山大学肿瘤防治中心,赵荣策,https://www.sysucc.org.cn/node/9078,异常提示,,亮眼经历含导航文本，已清洗
1087,1086,中山大学肿瘤防治中心,郑云,https://www.sysucc.org.cn/node/3637,亮眼经历线索,医学博士、主任医师、硕士生导师 肝胆肿瘤的诊断和治疗，尤其擅长肝胆肿瘤的手术切除、局部消融、血管性介入、靶向及化疗等多学科综合治疗。 临床专家 面包屑 首页 / 临床科室 / 外科系列 / 肝脏外科 / 临床专家 郑云 职称：医学博士、主任医师、硕士生导师 专长 肝胆肿瘤的诊断和治疗，尤其擅长肝胆肿瘤的手术切除、局部消融、血管性介入、靶向及化疗等多学科综合治疗。 一、基本情况 职称：医学博士、主任医师、硕士生导师 专家门诊时间：周一上午 专业特长：肝胆肿瘤的诊断和治疗，尤其擅长肝胆肿瘤的手术切除、局部消融、血管性介入、靶向及化疗等多学科综合治疗。,医学博士、主任医师、硕士生导师 肝胆肿瘤的诊断和治疗，尤其擅长肝胆肿瘤的手术切除、局部消融、血管性介入、靶向及化疗等多学科综合治疗。 郑云 职称：医学博士、主任医师、硕士生导师 专长 肝胆肿瘤的诊断和治疗，尤其擅长肝胆肿瘤的手术切除、局部消融、血管性介入、靶向及化疗等多学科综合治疗。 一、基本情况 职称：医学博士、主任医师、硕士生导师 专家门诊时间：周一上午 专业特长：肝胆肿瘤的诊断和治疗，尤其擅长肝胆肿瘤的手术切除、局部消融、血管性介入、靶向及化疗等多学科综合治疗。
1087,1086,中山大学肿瘤防治中心,郑云,https://www.sysucc.org.cn/node/3637,异常提示,,亮眼经历含导航文本，已清洗
1089,1088,中山大学肿瘤防治中心,陈敏山,https://www.sysucc.org.cn/node/3632,亮眼经历线索,教授、主任医师、博士生导师、肝癌首席专家 肝癌的多学科治疗（包括肝癌的手术切除、射频消融、介入治疗、化疗和靶向治疗）。 临床专家 面包屑 首页 / 临床科室 / 外科系列 / 肝脏外科 / 临床专家 陈敏山 职称：教授、主任医师、博士生导师、肝癌首席专家 专长 肝癌的多学科治疗（包括肝癌的手术切除、射频消融、介入治疗、化疗和靶向治疗）。 一、基本情况 职务： 科主任 职称： 教授、主任医师、博士生导师、肝癌首席专家 专家门诊时间： 周二上午（越秀院区），周三10:30 – 12:30（黄埔院区），周四下午（越秀院区） 专业特长： 肝癌的多学科治疗（包括肝癌的手术切除、射频消融、介入治疗、化疗和靶向治疗）。,教授、主任医师、博士生导师、肝癌首席专家 肝癌的多学科治疗（包括肝癌的手术切除、射频消融、介入治疗、化疗和靶向治疗）。 陈敏山 职称：教授、主任医师、博士生导师、肝癌首席专家 专长 肝癌的多学科治疗（包括肝癌的手术切除、射频消融、介入治疗、化疗和靶向治疗）。 一、基本情况 职务： 科主任 职称： 教授、主任医师、博士生导师、肝癌首席专家 专家门诊时间： 周二上午（越秀院区），周三10:30 – 12:30（黄埔院区），周四下午（越秀院区） 专业特长： 肝癌的多学科治疗（包括肝癌的手术切除、射频消融、介入治疗、化疗和靶向治疗）。
1089,1088,中山大学肿瘤防治中心,陈敏山,https://www.sysucc.org.cn/node/3632,异常提示,,亮眼经历含导航文本，已清洗
1091,1090,中山大学肿瘤防治中心,丁超,https://www.sysucc.org.cn/node/7369,亮眼经历线索,副主任医师 临床专家 面包屑 首页 / 临床科室 / 外科系列 / 胃外科 / 临床专家 丁超 职称：副主任医师 专长 早期、进展期胃癌、胃肠间质瘤的微创外科手术及综合治疗，肢体恶性黑色素瘤的外科手术治疗,副主任医师 丁超 职称：副主任医师 专长 早期、进展期胃癌、胃肠间质瘤的微创外科手术及综合治疗，肢体恶性黑色素瘤的外科手术治疗
1091,1090,中山大学肿瘤防治中心,丁超,https://www.sysucc.org.cn/node/7369,异常提示,,亮眼经历含导航文本，已清洗
1092,1091,中山大学肿瘤防治中心,关远祥,https://www.sysucc.org.cn/node/3664,亮眼经历线索,副主任医师 任职中山大学肿瘤防治中心胃外科及黑色素瘤外科部，副主任医师，擅长胃癌，间质瘤，十二指肠癌，腹膜后肿瘤等肿瘤的诊治，以及肢体黑色素瘤的手术为主的综合治疗。 加载更多 任职中山大学肿瘤防治中心胃外科及黑色素瘤外科部，副主任医师，擅长胃癌，间质瘤，十二指肠癌，腹膜后肿瘤等肿瘤的诊治，以及肢体黑色素瘤的手术为主的综合治疗。 临床专家 面包屑 首页 / 临床科室 / 外科系列 / 胃外科 / 临床专家 关远祥 职称：副主任医师 专长 擅长胃癌，间质瘤，十二指肠癌，腹膜后肿瘤等肿瘤的诊治，以及肢体黑色素瘤的手术为主的综合治疗。,副主任医师 任职中山大学肿瘤防治中心胃外科及黑色素瘤外科部，副主任医师，擅长胃癌，间质瘤，十二指肠癌，腹膜后肿瘤等肿瘤的诊治，以及肢体黑色素瘤的手术为主的综合治疗。 任职中山大学肿瘤防治中心胃外科及黑色素瘤外科部，副主任医师，擅长胃癌，间质瘤，十二指肠癌，腹膜后肿瘤等肿瘤的诊治，以及肢体黑色素瘤的手术为主的综合治疗。 关远祥 职称：副主任医师 专长 擅长胃癌，间质瘤，十二指肠癌，腹膜后肿瘤等肿瘤的诊治，以及肢体黑色素瘤的手术为主的综合治疗。
1092,1091,中山大学肿瘤防治中心,关远祥,https://www.sysucc.org.cn/node/3664,异常提示,,亮眼经历含导航文本，已清洗
1093,1092,中山大学肿瘤防治中心,刘文武,https://www.sysucc.org.cn/node/8009,亮眼经历线索,副主任医师、硕士生导师、医学博士 临床专家 面包屑 首页 / 临床科室 / 外科系列 / 胃外科 / 临床专家 刘文武 职称：副主任医师、硕士生导师、医学博士 专长 擅长胃癌、胃肠间质瘤、十二指肠癌的微创手术。 2019年博士毕业后入职中肿胃外科，参加临床博士后及住院医师规范化培训，2024年获聘副主任医师及硕士生导师资格（学术型及专业型）。 2025年国家区域（甘肃省）巡回医疗队专家，2025年第四届大中华胃癌腹腔镜手术南部赛区决赛二等奖，2024博鳌医学年度创作新星，2023胃外科手术技巧训练营优秀学员。,副主任医师、硕士生导师、医学博士 刘文武 职称：副主任医师、硕士生导师、医学博士 专长 擅长胃癌、胃肠间质瘤、十二指肠癌的微创手术。 2019年博士毕业后入职中肿胃外科，参加临床博士后及住院医师规范化培训，2024年获聘副主任医师及硕士生导师资格（学术型及专业型）。 2025年国家区域（甘肃省）巡回医疗队专家，2025年第四届大中华胃癌腹腔镜手术南部赛区决赛二等奖，2024博鳌医学年度创作新星，2023胃外科手术技巧训练营优秀学员。
1093,1092,中山大学肿瘤防治中心,刘文武,https://www.sysucc.org.cn/node/8009,异常提示,,亮眼经历含导航文本，已清洗
1094,1093,中山大学肿瘤防治中心,周志伟,https://www.sysucc.org.cn/node/3654,亮眼经历线索,胃外科主任导师 职称：教授、主任医师、博士生导师、胃癌首席专家 临床专家 面包屑 首页 / 临床科室 / 外科系列 / 胃外科 / 临床专家 周志伟 职务：胃外科主任导师 职称：教授、主任医师、博士生导师、胃癌首席专家 专长 自1984年于中山医学院医疗系毕业后，长期从事腹部肿瘤（胃癌、胃肠间质瘤、腹膜后肿瘤）、黑色素瘤等的临床工作及基础研究，在胃癌的手术治疗（腹腔镜胃癌根治术、机器人胃癌根治术）、辅助化疗方面做了大量工作，积累了丰富经验。 一、基本情况 姓名：周志伟 职称：教授、主任医师、博士生导师、胃癌首席专家 职务：胃外科主任导师 专家门诊时间：周二上午、周五上午 专业特长：长期从事腹部肿瘤（胃癌、胃肠间质瘤、腹膜后肿瘤）、黑色素瘤等的诊断和治疗。 二、学习及工作经历： 1979年—1984年：中山医学院医疗系就读 1984年—1986年：北京中日友好医院外科工作 1986年—2009年：中山大学肿瘤医院腹部外科工作...,胃外科主任导师 职称：教授、主任医师、博士生导师、胃癌首席专家 周志伟 职务：胃外科主任导师 职称：教授、主任医师、博士生导师、胃癌首席专家 专长 自1984年于中山医学院医疗系毕业后，长期从事腹部肿瘤（胃癌、胃肠间质瘤、腹膜后肿瘤）、黑色素瘤等的临床工作及基础研究，在胃癌的手术治疗（腹腔镜胃癌根治术、机器人胃癌根治术）、辅助化疗方面做了大量工作，积累了丰富经验。 一、基本情况 姓名：周志伟 职称：教授、主任医师、博士生导师、胃癌首席专家 职务：胃外科主任导师 专家门诊时间：周二上午、周五上午 专业特长：长期从事腹部肿瘤（胃癌、胃肠间质瘤、腹膜后肿瘤）、黑色素瘤等的诊断和治疗。
1094,1093,中山大学肿瘤防治中心,周志伟,https://www.sysucc.org.cn/node/3654,异常提示,,亮眼经历含导航文本，已清洗
1095,1094,中山大学肿瘤防治中心,孙晓卫,https://www.sysucc.org.cn/node/3657,亮眼经历线索,主任医师、硕士生导师 临床专家 面包屑 首页 / 临床科室 / 外科系列 / 胃外科 / 临床专家 孙晓卫 职称：主任医师、硕士生导师 专长 腹部肿瘤外科治疗的临床及研究工作。 一、基本情况 职称：主任医师、硕士生导师 职务：科秘书 专家门诊时间：周四上午 专业特长：腹部肿瘤外科治疗的临床及研究工作。 二、学习及工作经历： 1985年—1991年：中山医科大学就读本科 1991年—1999年：连云港市第二人民医院工作 1999年—2002年：中山大学就读硕士生 2002年至今：中山大学附属肿瘤医院工作 加载更多 一、基本情况 职称：主任医师、硕士生导师 职务：科秘书 专家门诊时间：周四上午 专业特长：腹部肿瘤外科治疗的临床及研究工作。,主任医师、硕士生导师 孙晓卫 职称：主任医师、硕士生导师 专长 腹部肿瘤外科治疗的临床及研究工作。 一、基本情况 职称：主任医师、硕士生导师 职务：科秘书 专家门诊时间：周四上午 专业特长：腹部肿瘤外科治疗的临床及研究工作。 二、学习及工作经历： 1985年—1991年：中山医科大学就读本科 1991年—1999年：连云港市第二人民医院工作 1999年—2002年：中山大学就读硕士生 2002年至今：中山大学附属肿瘤医院工作 一、基本情况 职称：主任医师、硕士生导师 职务：科秘书 专家门诊时间：周四上午 专业特长：腹部肿瘤外科治疗的临床及研究工作。
1095,1094,中山大学肿瘤防治中心,孙晓卫,https://www.sysucc.org.cn/node/3657,异常提示,,亮眼经历含导航文本，已清洗
1096,1095,中山大学肿瘤防治中心,李元方,https://www.sysucc.org.cn/node/3659,亮眼经历线索,科主任 职称：医学博士、主任医师、博士生导师 临床专家 面包屑 首页 / 临床科室 / 外科系列 / 胃外科 / 临床专家 李元方 职务：科主任 职称：医学博士、主任医师、博士生导师 专长 胃癌的综合治疗。 一、基本情况 职称： 医学博士、主任医师、博士生导师 专长： 胃癌的综合治疗 门诊时间： 越秀院区：周三下午、周五上午； 中山大学肿瘤医院胃外科科室主任、主诊教授、主任医师、博士生导师，《CSCO胃癌诊治指南》执笔专家，广东省抗癌协会胃癌专业委员会主任委员。,科主任 职称：医学博士、主任医师、博士生导师 李元方 职务：科主任 职称：医学博士、主任医师、博士生导师 专长 胃癌的综合治疗。 一、基本情况 职称： 医学博士、主任医师、博士生导师 专长： 胃癌的综合治疗 门诊时间： 越秀院区：周三下午、周五上午； 中山大学肿瘤医院胃外科科室主任、主诊教授、主任医师、博士生导师，《CSCO胃癌诊治指南》执笔专家，广东省抗癌协会胃癌专业委员会主任委员。
1096,1095,中山大学肿瘤防治中心,李元方,https://www.sysucc.org.cn/node/3659,异常提示,,亮眼经历含导航文本，已清洗
1097,1096,中山大学肿瘤防治中心,梁垚,https://www.sysucc.org.cn/node/3663,亮眼经历线索,教学秘书 职称：主任医师、主诊教授、外科学博士、硕士生导师 临床专家 面包屑 首页 / 临床科室 / 外科系列 / 胃外科 / 临床专家 梁垚 职务：教学秘书 职称：主任医师、主诊教授、外科学博士、硕士生导师 专长 胃部肿瘤、恶性黑色素瘤及软组织肉瘤的综合治疗，尤其是微创技术。 一、基本情况 胃外科主任医师、主诊教授、外科学博士、硕士生导师。 大PI组曾连续6年获医院手术贡献奖；,教学秘书 职称：主任医师、主诊教授、外科学博士、硕士生导师 梁垚 职务：教学秘书 职称：主任医师、主诊教授、外科学博士、硕士生导师 专长 胃部肿瘤、恶性黑色素瘤及软组织肉瘤的综合治疗，尤其是微创技术。 一、基本情况 胃外科主任医师、主诊教授、外科学博士、硕士生导师。 大PI组曾连续6年获医院手术贡献奖；
1097,1096,中山大学肿瘤防治中心,梁垚,https://www.sysucc.org.cn/node/3663,异常提示,,亮眼经历含导航文本，已清洗
1098,1097,中山大学肿瘤防治中心,王玮,https://www.sysucc.org.cn/node/3662,亮眼经历线索,"主任医师、博士生导师 临床专家 面包屑 首页 / 临床科室 / 外科系列 / 胃外科 / 临床专家 王玮 职称：主任医师、博士生导师 专长 1.胃癌：机器人、腹腔镜辅助微创手术，进展期胃癌综合治疗 2.神经内分泌肿瘤：全程化管理，国际多中心新药临床研究 一、基本情况 王玮，肿瘤学博士，主任医师，博士研究生导师，广东省杰青。 二、教育及工作经历 2000-09 至 2005-06, 安徽医科大学, 临床医学, 学士 2005-09 至 2008-06, 中山大学, 肿瘤学, 硕士 2008-09 至 2011-06, 中山大学, 肿瘤学, 博士 2011-08 至 2013-11, 中山大学, 肿瘤防治中心, 医师 2013-12 至 2018-12, 中山大学, 肿瘤防治中心, 主治医师 2019-01 至 2023-12, 中山大学, 肿瘤防治中心, 副主任医师 2024-01 至 今, 中山大学肿瘤防治中心, 主任医师...","主任医师、博士生导师 王玮 职称：主任医师、博士生导师 专长 1.胃癌：机器人、腹腔镜辅助微创手术，进展期胃癌综合治疗 2.神经内分泌肿瘤：全程化管理，国际多中心新药临床研究 一、基本情况 王玮，肿瘤学博士，主任医师，博士研究生导师，广东省杰青。 二、教育及工作经历 2000-09 至 2005-06, 安徽医科大学, 临床医学, 学士 2005-09 至 2008-06, 中山大学, 肿瘤学, 硕士 2008-09 至 2011-06, 中山大学, 肿瘤学, 博士 2011-08 至 2013-11, 中山大学, 肿瘤防治中心, 医师 2013-12 至 2018-12, 中山大学, 肿瘤防治中心, 主治医师 2019-01 至 2023-12, 中山大学, 肿瘤防治中心, 副主任医师 2024-01 至 今, 中山大学肿瘤防治中心, 主任医师..."
1098,1097,中山大学肿瘤防治中心,王玮,https://www.sysucc.org.cn/node/3662,异常提示,,亮眼经历含导航文本，已清洗
1099,1098,中山大学肿瘤防治中心,聂润聪,https://www.sysucc.org.cn/node/6430,亮眼经历线索,医学博士、副主任医师 临床专家 面包屑 首页 / 临床科室 / 外科系列 / 胃外科 / 临床专家 聂润聪 职称：医学博士、副主任医师 专长 胃癌微创手术； 遗传性胃癌 一、基本情况 职称： 医学博士、副主任医师 专长： 胃癌微创手术； 2009年考入中山大学中山医学院临床医学，先后师从我国著名胃癌外科专家陈映波教授、周志伟教授，2020年博士毕业后入职中肿胃外科，获聘副主任医师。,医学博士、副主任医师 聂润聪 职称：医学博士、副主任医师 专长 胃癌微创手术； 遗传性胃癌 一、基本情况 职称： 医学博士、副主任医师 专长： 胃癌微创手术； 2009年考入中山大学中山医学院临床医学，先后师从我国著名胃癌外科专家陈映波教授、周志伟教授，2020年博士毕业后入职中肿胃外科，获聘副主任医师。
1099,1098,中山大学肿瘤防治中心,聂润聪,https://www.sysucc.org.cn/node/6430,异常提示,,亮眼经历含导航文本，已清洗
1100,1099,中山大学肿瘤防治中心,袁庶强,https://www.sysucc.org.cn/node/3660,亮眼经历线索,教授、医学博士、主任医师、博士生导师、临床医学科学家 临床专家 面包屑 首页 / 临床科室 / 外科系列 / 胃外科 / 临床专家 袁庶强 职称：教授、医学博士、主任医师、博士生导师、临床医学科学家 专长 胃肠肿瘤的外科及围术期免疫治疗，尤其机器人/腹腔镜微创及保胃功能手术。 一、基本情况 中山大学附属肿瘤医院胃外科主任医师、教授、博士生导师、临床医学科学家。 2011年获中山大学及美国MD Anderson肿瘤中心联合培养博士。,教授、医学博士、主任医师、博士生导师、临床医学科学家 袁庶强 职称：教授、医学博士、主任医师、博士生导师、临床医学科学家 专长 胃肠肿瘤的外科及围术期免疫治疗，尤其机器人/腹腔镜微创及保胃功能手术。 一、基本情况 中山大学附属肿瘤医院胃外科主任医师、教授、博士生导师、临床医学科学家。 2011年获中山大学及美国MD Anderson肿瘤中心联合培养博士。
1100,1099,中山大学肿瘤防治中心,袁庶强,https://www.sysucc.org.cn/node/3660,异常提示,,亮眼经历含导航文本，已清洗
1101,1100,中山大学肿瘤防治中心,邱海波,https://www.sysucc.org.cn/node/3661,亮眼经历线索,"胃外科党支部组织委员 职称：医学博士，主任医师，博士生导师 临床专家 面包屑 首页 / 临床科室 / 外科系列 / 胃外科 / 临床专家 邱海波 职务：胃外科党支部组织委员 职称：医学博士，主任医师，博士生导师 专长 胃癌、胃肠间质瘤 一、基本情况 中山大学肿瘤医院胃外科主诊教授、主任医师、博士生导师，曾作为联合培养博士生留学于哈佛医学院。 擅长胃肠肿瘤外科治疗，尤其是腹腔镜、机器人微创手术，曾多次在全国胃癌手术视频大赛获奖。 主持国家自然基金、广东省自然科学基金等科研项目，以第一/通讯作者在Cancer Commun, Cancer Res, JECCR等杂志发表了SCI论文40余篇。","胃外科党支部组织委员 职称：医学博士，主任医师，博士生导师 邱海波 职务：胃外科党支部组织委员 职称：医学博士，主任医师，博士生导师 专长 胃癌、胃肠间质瘤 一、基本情况 中山大学肿瘤医院胃外科主诊教授、主任医师、博士生导师，曾作为联合培养博士生留学于哈佛医学院。 擅长胃肠肿瘤外科治疗，尤其是腹腔镜、机器人微创手术，曾多次在全国胃癌手术视频大赛获奖。 主持国家自然基金、广东省自然科学基金等科研项目，以第一/通讯作者在Cancer Commun, Cancer Res, JECCR等杂志发表了SCI论文40余篇。"
1101,1100,中山大学肿瘤防治中心,邱海波,https://www.sysucc.org.cn/node/3661,异常提示,,亮眼经历含导航文本，已清洗
1102,1101,中山大学肿瘤防治中心,陈映波,https://www.sysucc.org.cn/node/3655,亮眼经历线索,胃外科副主任 职称：主任医师、硕士导师 临床专家 面包屑 首页 / 临床科室 / 外科系列 / 胃外科 / 临床专家 陈映波 职务：胃外科副主任 职称：主任医师、硕士导师 专长 胃肠道肿瘤的诊治 一、基本情况 职务：胃外科副主任 职称：主任医师、硕士导师 专家门诊时间： 周二上午 专业特长：1992起在中山大学肿瘤防治中心腹科从事医疗、科研及教学工作。 二、学习及工作经历： 1986年—1992年 中山医科大学医学系本科 1992年—1997年 中山医科大学肿瘤医院腹科住院医师 1996年—1999年 中山医科大学肿瘤学硕士研究生 1997年—2004年 中山大学附属肿瘤医院腹科主治医师 2004年—2011年 中山大学附属肿瘤医院腹科副主任医师 2011年—至今 中山大学附属肿瘤医院胃胰科主任医师 加载更多 学习及工作经历 1986-1992 中山医科大学医学系本科 1992-1997 中山医科大学肿瘤医院腹科住院医师 ...,胃外科副主任 职称：主任医师、硕士导师 陈映波 职务：胃外科副主任 职称：主任医师、硕士导师 专长 胃肠道肿瘤的诊治 一、基本情况 职务：胃外科副主任 职称：主任医师、硕士导师 专家门诊时间： 周二上午 专业特长：1992起在中山大学肿瘤防治中心腹科从事医疗、科研及教学工作。 二、学习及工作经历： 1986年—1992年 中山医科大学医学系本科 1992年—1997年 中山医科大学肿瘤医院腹科住院医师 1996年—1999年 中山医科大学肿瘤学硕士研究生 1997年—2004年 中山大学附属肿瘤医院腹科主治医师 2004年—2011年 中山大学附属肿瘤医院腹科副主任医师 2011年—至今 中山大学附属肿瘤医院胃胰科主任医师 学习及工作经历 1986-1992 中山医科大学医学系本科 1992-1997 中山医科大学肿瘤医院腹科住院医师 ...
1102,1101,中山大学肿瘤防治中心,陈映波,https://www.sysucc.org.cn/node/3655,异常提示,,亮眼经历含导航文本，已清洗
1104,1103,中山大学肿瘤防治中心,何朝滨,https://www.sysucc.org.cn/node/9648,亮眼经历线索,胰胆外科科秘书、肝胆胰师生第二团支部书记 职称：副主任医师、硕士研究生导师 临床专家 面包屑 首页 / 临床科室 / 外科系列 / 胰胆外科 / 临床专家 何朝滨 职务：胰胆外科科秘书、肝胆胰师生第二团支部书记 职称：副主任医师、硕士研究生导师 专长 胰胆良恶性肿瘤外科治疗，胰胆恶性肿瘤外科、介入、靶向免疫等综合治疗。 一、基本情况 中山大学附属肿瘤医院 胰胆外科 副主任医师 硕士研究生导师 医学博士，博士后，助理研究员 新加坡国立大学医学院，美国MD Anderson Cancer Center交流学者 门诊： 黄埔：周二上午、周五上午 专业特长： 胰胆良恶性肿瘤外科治疗、微创介入及靶向免疫综合治疗 二、教育及工作经历 2009年-2014年：华中科技大学同济医学院 医学学士 2014年-2017年：中山大学肿瘤防治中心 肝胆胰外科 医学硕士 2017年-2020年：中山大学肿瘤防治中心 胰胆外科 医学博士 2020年-...,胰胆外科科秘书、肝胆胰师生第二团支部书记 职称：副主任医师、硕士研究生导师 何朝滨 职务：胰胆外科科秘书、肝胆胰师生第二团支部书记 职称：副主任医师、硕士研究生导师 专长 胰胆良恶性肿瘤外科治疗，胰胆恶性肿瘤外科、介入、靶向免疫等综合治疗。 一、基本情况 中山大学附属肿瘤医院 胰胆外科 副主任医师 硕士研究生导师 医学博士，博士后，助理研究员 新加坡国立大学医学院，美国MD Anderson Cancer Center交流学者 门诊： 黄埔：周二上午、周五上午 专业特长： 胰胆良恶性肿瘤外科治疗、微创介入及靶向免疫综合治疗 二、教育及工作经历 2009年-2014年：华中科技大学同济医学院 医学学士 2014年-2017年：中山大学肿瘤防治中心 肝胆胰外科 医学硕士 2017年-2020年：中山大学肿瘤防治中心 胰胆外科 医学博士 2020年-...
1104,1103,中山大学肿瘤防治中心,何朝滨,https://www.sysucc.org.cn/node/9648,异常提示,,亮眼经历含导航文本，已清洗
1105,1104,中山大学肿瘤防治中心,劳向明,https://www.sysucc.org.cn/node/3651,亮眼经历线索,科主任 职称：医学博士，主任医师，博士生导师 临床专家 面包屑 首页 / 临床科室 / 外科系列 / 胰胆外科 / 临床专家 劳向明 职务：科主任 职称：医学博士，主任医师，博士生导师 专长 胰腺、胆道肿瘤及肝脏肿瘤外科治疗、肿瘤免疫及综合治疗。 一、基本情况 职称： 医学博士，主任医师，博士生导师 专业特长： 胰腺、胆道肿瘤及肝脏肿瘤外科治疗、肿瘤免疫及综合治疗。 二、学习及工作经历 1994年-1999年：中山医科大学临床医学系 医学学士 1999年-2001年：中山医科大学 医学硕士 2001年-2009年：中山大学附属肿瘤医院 工作 2004年-2007年：中山大学附属肿瘤医院 医学博士 2009年-2010年：美国密歇根大学肿瘤外科学系工作及研究 2010年-至今：中山大学附属肿瘤医院 工作 从事肿瘤外科工作20余年，长期工作在临床一线，侧重胰腺、胆道和肝脏恶性肿瘤的外科治疗及综合治疗。,科主任 职称：医学博士，主任医师，博士生导师 劳向明 职务：科主任 职称：医学博士，主任医师，博士生导师 专长 胰腺、胆道肿瘤及肝脏肿瘤外科治疗、肿瘤免疫及综合治疗。 一、基本情况 职称： 医学博士，主任医师，博士生导师 专业特长： 胰腺、胆道肿瘤及肝脏肿瘤外科治疗、肿瘤免疫及综合治疗。 二、学习及工作经历 1994年-1999年：中山医科大学临床医学系 医学学士 1999年-2001年：中山医科大学 医学硕士 2001年-2009年：中山大学附属肿瘤医院 工作 2004年-2007年：中山大学附属肿瘤医院 医学博士 2009年-2010年：美国密歇根大学肿瘤外科学系工作及研究 2010年-至今：中山大学附属肿瘤医院 工作 从事肿瘤外科工作20余年，长期工作在临床一线，侧重胰腺、胆道和肝脏恶性肿瘤的外科治疗及综合治疗。
1105,1104,中山大学肿瘤防治中心,劳向明,https://www.sysucc.org.cn/node/3651,异常提示,,亮眼经历含导航文本，已清洗
1106,1105,中山大学肿瘤防治中心,崔伯康,https://www.sysucc.org.cn/node/3652,亮眼经历线索,副主任医师、医学博士 职称：副主任医师、医学博士 学历概况： 1992年9月---1997年7月：白求恩医科大学（现吉林大学）临床三系本科毕业并获学士学位 2001年9月---2004年7月：中山医科大学肿瘤学研究生毕业并获临床医学硕士学位 2006年9月---2009年12月：中山医科大学肿瘤学博士研究生学习 临床工作情况： 1992年7月本科毕业后在海南武警边防医院从事普通外科工作，2001年9月起在中山大学肿瘤防治中心从事肝胆肿瘤临床研究工作至今。 临床科研方向： 主要开展包括外科、介入、化疗、放疗的肝癌多学科综合治疗研究。 临床专家 面包屑 首页 / 临床科室 / 外科系列 / 胰胆外科 / 临床专家 崔伯康 职称：副主任医师、医学博士 专长 肝胆肿瘤外科治疗为主的综合治疗 男，1974年生。,副主任医师、医学博士 职称：副主任医师、医学博士 学历概况： 1992年9月---1997年7月：白求恩医科大学（现吉林大学）临床三系本科毕业并获学士学位 2001年9月---2004年7月：中山医科大学肿瘤学研究生毕业并获临床医学硕士学位 2006年9月---2009年12月：中山医科大学肿瘤学博士研究生学习 临床工作情况： 1992年7月本科毕业后在海南武警边防医院从事普通外科工作，2001年9月起在中山大学肿瘤防治中心从事肝胆肿瘤临床研究工作至今。 临床科研方向： 主要开展包括外科、介入、化疗、放疗的肝癌多学科综合治疗研究。 崔伯康 职称：副主任医师、医学博士 专长 肝胆肿瘤外科治疗为主的综合治疗 男，1974年生。
1106,1105,中山大学肿瘤防治中心,崔伯康,https://www.sysucc.org.cn/node/3652,异常提示,,亮眼经历含导航文本，已清洗
1107,1106,中山大学肿瘤防治中心,李升平,https://www.sysucc.org.cn/node/3649,亮眼经历线索,科主任导师 职称：教授，主任医师，博士生导师，胰腺癌首席专家 临床专家 面包屑 首页 / 临床科室 / 外科系列 / 胰胆外科 / 临床专家 李升平 职务：科主任导师 职称：教授，主任医师，博士生导师，胰腺癌首席专家 专长 对胆道、胰腺及肝脏肿瘤的外科手术、纳米刀消融、微创介入及综合治疗具有丰富的临床经验，尤其擅长胆管癌及胆囊癌的根治性切除； 一、基本情况 职务： 科主任导师 职称： 教授，主任医师，博士生导师，胰腺癌首席专家 门诊： 越秀：周一上午； 二、学习及工作经历 1981年-1986年：南华大学医学院医疗系 医学学士 1986年-1988年：南华大学附属第二医院外科 工作 1988年-1991年：中山医科大学附属第一医院肝胆外科 医学硕士 1991年-1995年：广州市第一人民医院外科 工作 1995年-1998年：中山医科大学附属第一医院胃肠胰外科 医学博士 1998年-2000年：中山大学附属肿瘤医院 工作 ...,科主任导师 职称：教授，主任医师，博士生导师，胰腺癌首席专家 李升平 职务：科主任导师 职称：教授，主任医师，博士生导师，胰腺癌首席专家 专长 对胆道、胰腺及肝脏肿瘤的外科手术、纳米刀消融、微创介入及综合治疗具有丰富的临床经验，尤其擅长胆管癌及胆囊癌的根治性切除； 一、基本情况 职务： 科主任导师 职称： 教授，主任医师，博士生导师，胰腺癌首席专家 门诊： 越秀：周一上午；
1107,1106,中山大学肿瘤防治中心,李升平,https://www.sysucc.org.cn/node/3649,异常提示,,亮眼经历含导航文本，已清洗
1108,1107,中山大学肿瘤防治中心,林小军,https://www.sysucc.org.cn/node/3650,亮眼经历线索,教授，主任医师，博士生导师 临床专家 面包屑 首页 / 临床科室 / 外科系列 / 胰胆外科 / 临床专家 林小军 职称：教授，主任医师，博士生导师 专长 对胆道、胰腺及肝脏肿瘤的外科手术、微创介入及综合治疗具有丰富的临床经验。 一、基本情况 职称： 教授，主任医师，博士生导师 专业特长： 对胆道、胰腺及肝脏肿瘤的外科手术、微创介入及综合治疗具有丰富的临床经验。 二、学习及工作经历： 1982年-1988年：中山医科大学医学系 医学学士 1988年-1996年：中山大学附属肿瘤医院腹外科 工作 1996年-1999年：中山大学附属肿瘤医院肝胆胰外科 医学硕士 1996年-至今：中山大学附属肿瘤医院肝胆胰外科 工作 学术任职 广东省肝病协会肝癌专业委员会 副主委 广东省抗癌协会肝癌专业委员会 委员 广东省抗癌协会胰腺癌专业委员会 委员 广东省抗癌协会胆道肿瘤专业委员会 常委 广东省医师协会肝胆外科医师协会 委员 广东省健康管...,教授，主任医师，博士生导师 林小军 职称：教授，主任医师，博士生导师 专长 对胆道、胰腺及肝脏肿瘤的外科手术、微创介入及综合治疗具有丰富的临床经验。 一、基本情况 职称： 教授，主任医师，博士生导师 专业特长： 对胆道、胰腺及肝脏肿瘤的外科手术、微创介入及综合治疗具有丰富的临床经验。 二、学习及工作经历： 1982年-1988年：中山医科大学医学系 医学学士 1988年-1996年：中山大学附属肿瘤医院腹外科 工作 1996年-1999年：中山大学附属肿瘤医院肝胆胰外科 医学硕士 1996年-至今：中山大学附属肿瘤医院肝胆胰外科 工作 学术任职 广东省肝病协会肝癌专业委员会 副主委 广东省抗癌协会肝癌专业委员会 委员 广东省抗癌协会胰腺癌专业委员会 委员 广东省抗癌协会胆道肿瘤专业委员会 常委 广东省医师协会肝胆外科医师协会 委员 广东省健康管...
1108,1107,中山大学肿瘤防治中心,林小军,https://www.sysucc.org.cn/node/3650,异常提示,,亮眼经历含导航文本，已清洗
1109,1108,中山大学肿瘤防治中心,王俊,https://www.sysucc.org.cn/node/3653,亮眼经历线索,胰胆外科副主任 职称：副主任医师、医学博士 临床专家 面包屑 首页 / 临床科室 / 外科系列 / 胰胆外科 / 临床专家 王俊 职务：胰胆外科副主任 职称：副主任医师、医学博士 专长 胰腺、胆道的外科及综合治疗 一、基本情况 职称：副主任医师、医学博士 专长：胰腺、胆道的外科及综合治疗 二、学习及工作经历 1999年-20004年：安徽医科大学临床医学专业 医学学士 2006年-2009年：中山大学附属肿瘤医院肝胆外科 医学硕士 2009年-2012年：中山大学附属肿瘤医院肿瘤专科 规范化培训 2012年-至今：中山大学附属肿瘤医院 工作 三、临床工作方向及学术任职 胰腺、胆道肿瘤的外科治疗及综合治疗，胰腺癌的射频消融、纳米刀治疗。 学术任职 中国医促会胰腺疾病学分会 青年委员 广东省抗癌协会胰腺癌专业委员会 委员 广东省抗癌协会胆道肿瘤专业委员会青年委员会 委员 加载更多 一、基本情况 职称：副主任医师、医学博士 专长...,胰胆外科副主任 职称：副主任医师、医学博士 王俊 职务：胰胆外科副主任 职称：副主任医师、医学博士 专长 胰腺、胆道的外科及综合治疗 一、基本情况 职称：副主任医师、医学博士 专长：胰腺、胆道的外科及综合治疗 二、学习及工作经历 1999年-20004年：安徽医科大学临床医学专业 医学学士 2006年-2009年：中山大学附属肿瘤医院肝胆外科 医学硕士 2009年-2012年：中山大学附属肿瘤医院肿瘤专科 规范化培训 2012年-至今：中山大学附属肿瘤医院 工作 三、临床工作方向及学术任职 胰腺、胆道肿瘤的外科治疗及综合治疗，胰腺癌的射频消融、纳米刀治疗。 学术任职 中国医促会胰腺疾病学分会 青年委员 广东省抗癌协会胰腺癌专业委员会 委员 广东省抗癌协会胆道肿瘤专业委员会青年委员会 委员 一、基本情况 职称：副主任医师、医学博士 专长...
1109,1108,中山大学肿瘤防治中心,王俊,https://www.sysucc.org.cn/node/3653,异常提示,,亮眼经历含导航文本，已清洗
1110,1109,中山大学肿瘤防治中心,魏然,https://www.sysucc.org.cn/node/8083,亮眼经历线索,副主任医师、硕士研究生导师 临床专家 面包屑 首页 / 临床科室 / 外科系列 / 胰胆外科 / 临床专家 魏然 职称：副主任医师、硕士研究生导师 专长 胰胆良恶性肿瘤微创外科治疗； 一、基本情况 医学博士，博士后，副主任医师 主要从事胰腺、胆道肿瘤的基础与临床研究，重点关注于胆胰肿瘤的免疫微环境对现有治疗的影响。 主持国家自然科学基金青年基金项目，参与国家自然科学基金重点项目、面上项目等多项研究。,副主任医师、硕士研究生导师 魏然 职称：副主任医师、硕士研究生导师 专长 胰胆良恶性肿瘤微创外科治疗； 一、基本情况 医学博士，博士后，副主任医师 主要从事胰腺、胆道肿瘤的基础与临床研究，重点关注于胆胰肿瘤的免疫微环境对现有治疗的影响。 主持国家自然科学基金青年基金项目，参与国家自然科学基金重点项目、面上项目等多项研究。
1110,1109,中山大学肿瘤防治中心,魏然,https://www.sysucc.org.cn/node/8083,异常提示,,亮眼经历含导航文本，已清洗
1111,1110,中山大学肿瘤防治中心,傅剑华,https://www.sysucc.org.cn/node/3611,亮眼经历线索,"广东省食管癌研究所所长 职称：肿瘤学博士、高级工商管理学硕士、教授、主任医师、博士生导师、食管癌首席专家 1.食管癌的综合治疗的临床研究及相关基础研究 2.食管癌的临床分期及分子分期 3.记忆金属食管良性支架及人工食管的研制及产业化 4.肺癌的分期、外科治疗、以手术为主的综合治疗 文章及著作：近三年发表代表性论文（第一作者或通讯作者） 1、 HuangQ,Su X,Bella AE, Luo K, Jin J, Zhang S, Luo G, Rong T, Fu J(*). Clinicopathological features and outcome of gastric metastases from primary lung cancer: A case report and systematic review. Oncology Letters,2015,Mar; 临床专家 面包屑 首页 / 临床科室 / 外科...","广东省食管癌研究所所长 职称：肿瘤学博士、高级工商管理学硕士、教授、主任医师、博士生导师、食管癌首席专家 1.食管癌的综合治疗的临床研究及相关基础研究 2.食管癌的临床分期及分子分期 3.记忆金属食管良性支架及人工食管的研制及产业化 4.肺癌的分期、外科治疗、以手术为主的综合治疗 文章及著作：近三年发表代表性论文（第一作者或通讯作者） 1、 HuangQ,Su X,Bella AE, Luo K, Jin J, Zhang S, Luo G, Rong T, Fu J(*). Clinicopathological features and outcome of gastric metastases from primary lung cancer: A case report and systematic review. Oncology Letters,2015,Mar;"
1111,1110,中山大学肿瘤防治中心,傅剑华,https://www.sysucc.org.cn/node/3611,异常提示,,亮眼经历含导航文本，已清洗
1112,1111,中山大学肿瘤防治中心,傅夏宇,https://www.sysucc.org.cn/node/8450,亮眼经历线索,副主任医师 临床专家 面包屑 首页 / 临床科室 / 外科系列 / 胸科 / 临床专家 傅夏宇 职称：副主任医师 专长 肺小结节、肺癌、食管癌及纵隔肿瘤的微创外科及综合治疗。,副主任医师 傅夏宇 职称：副主任医师 专长 肺小结节、肺癌、食管癌及纵隔肿瘤的微创外科及综合治疗。
1112,1111,中山大学肿瘤防治中心,傅夏宇,https://www.sysucc.org.cn/node/8450,异常提示,,亮眼经历含导航文本，已清洗
1113,1112,中山大学肿瘤防治中心,冷长森,https://www.sysucc.org.cn/node/6477,亮眼经历线索,副主任医师、博士 临床专家 面包屑 首页 / 临床科室 / 外科系列 / 胸科 / 临床专家 冷长森 职称：副主任医师、博士 专长 擅长肺结节、肺癌、食管癌、纵隔肿瘤的胸腔镜微创手术治疗和综合治疗。 一、基本情况 胸科副主任医师 荷兰格罗宁根大学医学博士 中山大学博士后 二、专长 擅长肺结节、肺癌、食管癌、纵隔肿瘤的胸腔镜微创手术治疗和综合治疗。 三、学会任职 广东省临床医学会胸部肿瘤外科专委会秘书 欧洲肿瘤医师学会（ESMO）会员 中国抗癌协会成员 广东省抗癌协会成员 四、主持基金 主持国家自然科学基金青年项目、广东省自然科学基金面上项目、中国博士后基金面上项目、广东省食管癌研究所基金等研究项目。,副主任医师、博士 冷长森 职称：副主任医师、博士 专长 擅长肺结节、肺癌、食管癌、纵隔肿瘤的胸腔镜微创手术治疗和综合治疗。 一、基本情况 胸科副主任医师 荷兰格罗宁根大学医学博士 中山大学博士后 二、专长 擅长肺结节、肺癌、食管癌、纵隔肿瘤的胸腔镜微创手术治疗和综合治疗。 三、学会任职 广东省临床医学会胸部肿瘤外科专委会秘书 欧洲肿瘤医师学会（ESMO）会员 中国抗癌协会成员 广东省抗癌协会成员 四、主持基金 主持国家自然科学基金青年项目、广东省自然科学基金面上项目、中国博士后基金面上项目、广东省食管癌研究所基金等研究项目。
1113,1112,中山大学肿瘤防治中心,冷长森,https://www.sysucc.org.cn/node/6477,异常提示,,亮眼经历含导航文本，已清洗
1115,1114,中山大学肿瘤防治中心,区伟,https://www.sysucc.org.cn/node/3623,亮眼经历线索,副主任医师 临床专家 面包屑 首页 / 临床科室 / 外科系列 / 胸科 / 临床专家 区伟 职称：副主任医师 专长 胸部肿瘤外科治疗 加载更多,副主任医师 区伟 职称：副主任医师 专长 胸部肿瘤外科治疗
1115,1114,中山大学肿瘤防治中心,区伟,https://www.sysucc.org.cn/node/3623,异常提示,,亮眼经历含导航文本，已清洗
1117,1116,中山大学肿瘤防治中心,张旭,https://www.sysucc.org.cn/node/3618,亮眼经历线索,主任医师、主诊教授、博士生导师 临床专家 面包屑 首页 / 临床科室 / 外科系列 / 胸科 / 临床专家 张旭 职称：主任医师、主诊教授、博士生导师 专长 从事肺结节、肺癌微创外科近20年，擅长复杂术式与食管癌腔镜手术。 2009年起所在治疗组在国内率先开展腔镜下食管癌手术切除，在北京、上海等多地大型会议进行现场手术示，深受好评。 率先开展“局部晚期食管癌新辅助化疗联合免疫治疗研究”。,主任医师、主诊教授、博士生导师 张旭 职称：主任医师、主诊教授、博士生导师 专长 从事肺结节、肺癌微创外科近20年，擅长复杂术式与食管癌腔镜手术。 2009年起所在治疗组在国内率先开展腔镜下食管癌手术切除，在北京、上海等多地大型会议进行现场手术示，深受好评。 率先开展“局部晚期食管癌新辅助化疗联合免疫治疗研究”。
1117,1116,中山大学肿瘤防治中心,张旭,https://www.sysucc.org.cn/node/3618,异常提示,,亮眼经历含导航文本，已清洗
1121,1120,中山大学肿瘤防治中心,杨寒,https://www.sysucc.org.cn/node/6898,亮眼经历线索,主任医师 临床专家 面包屑 首页 / 临床科室 / 外科系列 / 胸科 / 临床专家 杨寒 职称：主任医师 专长 擅长肺癌、食管癌的诊断、外科治疗和综合治疗,主任医师 杨寒 职称：主任医师 专长 擅长肺癌、食管癌的诊断、外科治疗和综合治疗
1121,1120,中山大学肿瘤防治中心,杨寒,https://www.sysucc.org.cn/node/6898,异常提示,,亮眼经历含导航文本，已清洗
1122,1121,中山大学肿瘤防治中心,杨弘,https://www.sysucc.org.cn/node/3620,亮眼经历线索,临床专家 面包屑 首页 / 临床科室 / 外科系列 / 胸科 / 临床专家 杨弘 职务：中山大学肿瘤防治中心胸外科科室副主任，广东省食管癌研究所副所长 职称：教授，主任医师，博士研究生导师，广东省杰出青年医学人才 专长 擅长肺结节、肺癌、食管癌、贲门癌诊断与综合治疗，微创腔镜外科治疗。 一、基本情况 杨弘，博士，中山大学肿瘤防治中心胸外科科室副主任、黄埔病区主任，广东省食管癌研究所副所长 教授/主任医师，博士研究生导师，国家级重大人才项目获得者 二、学术任职 广东省食管癌研究所副所长华南肿瘤学重点实验室独立PI国际肺癌研究协会会员国家健康科普专家库专家国家癌症中心食管癌质控专家委员会华南区协作组副组长 中国抗癌协会食管癌专业委员会副主任委员中国抗癌协会食管肿瘤整合康复专业委员会副主任委员 中国抗癌协会非小细胞肺癌专业委员会委员中国临床肿瘤学会(CSCO)青年专家委员会常务委员广东省抗癌协会食管癌专业委员会副主任委员广东省胸...,杨弘 职务：中山大学肿瘤防治中心胸外科科室副主任，广东省食管癌研究所副所长 职称：教授，主任医师，博士研究生导师，广东省杰出青年医学人才 专长 擅长肺结节、肺癌、食管癌、贲门癌诊断与综合治疗，微创腔镜外科治疗。 一、基本情况 杨弘，博士，中山大学肿瘤防治中心胸外科科室副主任、黄埔病区主任，广东省食管癌研究所副所长 教授/主任医师，博士研究生导师，国家级重大人才项目获得者 二、学术任职 广东省食管癌研究所副所长华南肿瘤学重点实验室独立PI国际肺癌研究协会会员国家健康科普专家库专家国家癌症中心食管癌质控专家委员会华南区协作组副组长 中国抗癌协会食管癌专业委员会副主任委员中国抗癌协会食管肿瘤整合康复专业委员会副主任委员 中国抗癌协会非小细胞肺癌专业委员会委员中国临床肿瘤学会(CSCO)青年专家委员会常务委员广东省抗癌协会食管癌专业委员会副主任委员广东省胸...
1122,1121,中山大学肿瘤防治中心,杨弘,https://www.sysucc.org.cn/node/3620,异常提示,,亮眼经历含导航文本，已清洗
1124,1123,中山大学肿瘤防治中心,林勇斌,https://www.sysucc.org.cn/node/3625,亮眼经历线索,科秘书 职称：主任医师，肿瘤学博士 2013?-2014年赴美国斯坦福大学医院胸外科进修学习及从事博士后研究，近来专注于肺部小结节的诊断治疗，特别是磁导航技术在肺部肿瘤中的应用。 2013¬-2014年赴美国斯坦福大学医院胸外科进修学习及从事博士后研究，近来专注于肺部小结节的诊断治疗，特别是磁导航技术在肺部肿瘤中的应用。 临床专家 面包屑 首页 / 临床科室 / 外科系列 / 胸科 / 临床专家 林勇斌 职务：科秘书 职称：主任医师，肿瘤学博士 专长 胸部肿瘤（食管癌、肺癌、纵隔肿瘤）的诊断、外科治疗和综合治疗 主要专长 自参加工作以来及硕士、博士研究生在读期间，一直从事胸部肿瘤临床工作与研究，对胸部肿瘤（食管癌、肺癌、纵隔肿瘤）的诊断、外科治疗和综合治疗有丰富的临床经验。,科秘书 职称：主任医师，肿瘤学博士 2013?-2014年赴美国斯坦福大学医院胸外科进修学习及从事博士后研究，近来专注于肺部小结节的诊断治疗，特别是磁导航技术在肺部肿瘤中的应用。 2013¬-2014年赴美国斯坦福大学医院胸外科进修学习及从事博士后研究，近来专注于肺部小结节的诊断治疗，特别是磁导航技术在肺部肿瘤中的应用。 林勇斌 职务：科秘书 职称：主任医师，肿瘤学博士 专长 胸部肿瘤（食管癌、肺癌、纵隔肿瘤）的诊断、外科治疗和综合治疗 主要专长 自参加工作以来及硕士、博士研究生在读期间，一直从事胸部肿瘤临床工作与研究，对胸部肿瘤（食管癌、肺癌、纵隔肿瘤）的诊断、外科治疗和综合治疗有丰富的临床经验。
1124,1123,中山大学肿瘤防治中心,林勇斌,https://www.sysucc.org.cn/node/3625,异常提示,,亮眼经历含导航文本，已清洗
1127,1126,中山大学肿瘤防治中心,王军业,https://www.sysucc.org.cn/node/3616,亮眼经历线索,科副主任，中山大学肺癌研究中心主任、主诊教授 职称：教授，主任医师，肿瘤学博士，博士研究生导师 临床专家 面包屑 首页 / 临床科室 / 外科系列 / 胸科 / 临床专家 王军业 职务：科副主任，中山大学肺癌研究中心主任、主诊教授 职称：教授，主任医师，肿瘤学博士，博士研究生导师 专长 胸部肿瘤的诊治 出诊时间与地点： 越秀院区：周一上午：特诊； 周四上午：特需 黄埔院区：周四下午：专家门诊 临床特色&新技术开展： 肺部微、小结节的诊断、定位与微创治疗 胸腔镜+腹腔镜食管癌微创手术治疗 高龄患者胸部肿瘤微创治疗 学术兼职： 广东省医师协会胸外科医师分会第二届委员会加速康复外科专业组 副组长 广东省胸部肿瘤防治研究会小细胞肺癌专业委员会 副主任委员 广东省保健协会男性健康保健分会 副主任委员 广东省临床医学学会 —肿瘤学专业委员会 常务委员 广东省健康管理学会妇科肿瘤多学科协作专业委员会 常务委员 广东省生物医学工程学会胸心...,科副主任，中山大学肺癌研究中心主任、主诊教授 职称：教授，主任医师，肿瘤学博士，博士研究生导师 王军业 职务：科副主任，中山大学肺癌研究中心主任、主诊教授 职称：教授，主任医师，肿瘤学博士，博士研究生导师 专长 胸部肿瘤的诊治 出诊时间与地点： 越秀院区：周一上午：特诊； 周四上午：特需 黄埔院区：周四下午：专家门诊 临床特色&新技术开展： 肺部微、小结节的诊断、定位与微创治疗 胸腔镜+腹腔镜食管癌微创手术治疗 高龄患者胸部肿瘤微创治疗 学术兼职： 广东省医师协会胸外科医师分会第二届委员会加速康复外科专业组 副组长 广东省胸部肿瘤防治研究会小细胞肺癌专业委员会 副主任委员 广东省保健协会男性健康保健分会 副主任委员 广东省临床医学学会 —肿瘤学专业委员会 常务委员 广东省健康管理学会妇科肿瘤多学科协作专业委员会 常务委员 广东省生物医学工程学会胸心...
1127,1126,中山大学肿瘤防治中心,王军业,https://www.sysucc.org.cn/node/3616,异常提示,,亮眼经历含导航文本，已清洗
1133,1132,中山大学肿瘤防治中心,赵泽锐,https://www.sysucc.org.cn/node/3628,亮眼经历线索,副主任医师、外科学博士 胸外科恶性肿瘤（肺癌、食管癌及纵隔肿瘤）微创手术，早期肺癌精准肺段切除，局部晚期肺癌新辅助治疗后的扩大切除袖式重建。 赵泽锐，外科学博士，副主任医师。 临床专家 面包屑 首页 / 临床科室 / 外科系列 / 胸科 / 临床专家 赵泽锐 职称：副主任医师、外科学博士 专长 胸外科恶性肿瘤（肺癌、食管癌及纵隔肿瘤）微创手术，早期肺癌精准肺段切除，局部晚期肺癌新辅助治疗后的扩大切除袖式重建。,副主任医师、外科学博士 胸外科恶性肿瘤（肺癌、食管癌及纵隔肿瘤）微创手术，早期肺癌精准肺段切除，局部晚期肺癌新辅助治疗后的扩大切除袖式重建。 赵泽锐，外科学博士，副主任医师。 赵泽锐 职称：副主任医师、外科学博士 专长 胸外科恶性肿瘤（肺癌、食管癌及纵隔肿瘤）微创手术，早期肺癌精准肺段切除，局部晚期肺癌新辅助治疗后的扩大切除袖式重建。
1133,1132,中山大学肿瘤防治中心,赵泽锐,https://www.sysucc.org.cn/node/3628,异常提示,,亮眼经历含导航文本，已清洗
1134,1133,中山大学肿瘤防治中心,陈友芳,https://www.sysucc.org.cn/node/3631,亮眼经历线索,"副主任医师 擅长肺癌、食管癌及纵隔肿瘤等胸部肿瘤的诊断、外科治疗和综合治疗，尤其是肺部磨玻璃结节的个体化精准定位切除微创手术、早期以及局部晚期肺癌的根治术。 临床专家 面包屑 首页 / 临床科室 / 外科系列 / 胸科 / 临床专家 陈友芳 职称：副主任医师 专长 擅长肺癌、食管癌及纵隔肿瘤等胸部肿瘤的诊断、外科治疗和综合治疗，尤其是肺部磨玻璃结节的个体化精准定位切除微创手术、早期以及局部晚期肺癌的根治术。 一、基本情况 中山大学, 肿瘤防治中心, 副主任医师 二、临床业务及研究方向 1. 肺部磨玻璃结节的个体化精准定位切除手术（肺亚段及肺段的微创手术） 2. 早期肺癌的微创手术(肺叶切除术及系统性淋巴结清扫术) 3. 局部晚期肺癌新辅助治疗后的肺癌根治术 4. 提供肺癌的个体化诊疗方案 三、教育经历 1. 2015-09 至 2018-06, 中山大学, 临床医学, 博士 2. 2016-10 至 2017-10, 德州...","副主任医师 擅长肺癌、食管癌及纵隔肿瘤等胸部肿瘤的诊断、外科治疗和综合治疗，尤其是肺部磨玻璃结节的个体化精准定位切除微创手术、早期以及局部晚期肺癌的根治术。 陈友芳 职称：副主任医师 专长 擅长肺癌、食管癌及纵隔肿瘤等胸部肿瘤的诊断、外科治疗和综合治疗，尤其是肺部磨玻璃结节的个体化精准定位切除微创手术、早期以及局部晚期肺癌的根治术。 一、基本情况 中山大学, 肿瘤防治中心, 副主任医师 二、临床业务及研究方向 1. 肺部磨玻璃结节的个体化精准定位切除手术（肺亚段及肺段的微创手术） 2. 早期肺癌的微创手术(肺叶切除术及系统性淋巴结清扫术) 3. 局部晚期肺癌新辅助治疗后的肺癌根治术 4. 提供肺癌的个体化诊疗方案 三、教育经历 1. 2015-09 至 2018-06, 中山大学, 临床医学, 博士 2. 2016-10 至 2017-10, 德州..."
1134,1133,中山大学肿瘤防治中心,陈友芳,https://www.sysucc.org.cn/node/3631,异常提示,,亮眼经历含导航文本，已清洗
1135,1134,中山大学肿瘤防治中心,陈骏英,https://www.sysucc.org.cn/node/3630,亮眼经历线索,副主任医师 临床专家 面包屑 首页 / 临床科室 / 外科系列 / 胸科 / 临床专家 陈骏英 职称：副主任医师 专长 肺结节、肺癌、食管癌、恶性胸腔积液的微创外科治疗。 一、基本情况 胸科副主任医师，肿瘤学博士 二、教育及工作经历 工作经历 2023.12至今 中山大学肿瘤防治中心 胸科 副主任医师 2020.12-2023.12 中山大学肿瘤防治中心 胸科 主治医师 2018.10-2020.12 中山大学肿瘤防治中心 胸科 住院医师 教育经历 2015.10-2016.11 DUKE University 联合培养博士 2013.09-2018.06 中山大学 肿瘤学 博士研究生 2008.09-2013.06 中山大学 临床医学 本科 三、学术兼职 中国抗癌协会胸腺肿瘤整合康复专委会专业会员 中国抗癌协会食管肿瘤康复专业委员会专业会员 广东省保健协会肿瘤防治与康复分会委员 四、主持科研项目 主持国家自然科学基金青年...,副主任医师 陈骏英 职称：副主任医师 专长 肺结节、肺癌、食管癌、恶性胸腔积液的微创外科治疗。 一、基本情况 胸科副主任医师，肿瘤学博士 二、教育及工作经历 工作经历 2023.12至今 中山大学肿瘤防治中心 胸科 副主任医师 2020.12-2023.12 中山大学肿瘤防治中心 胸科 主治医师 2018.10-2020.12 中山大学肿瘤防治中心 胸科 住院医师 教育经历 2015.10-2016.11 DUKE University 联合培养博士 2013.09-2018.06 中山大学 肿瘤学 博士研究生 2008.09-2013.06 中山大学 临床医学 本科 三、学术兼职 中国抗癌协会胸腺肿瘤整合康复专委会专业会员 中国抗癌协会食管肿瘤康复专业委员会专业会员 广东省保健协会肿瘤防治与康复分会委员 四、主持科研项目 主持国家自然科学基金青年...
1135,1134,中山大学肿瘤防治中心,陈骏英,https://www.sysucc.org.cn/node/3630,异常提示,,亮眼经历含导航文本，已清洗
1137,1136,中山大学肿瘤防治中心,龙浩,https://www.sysucc.org.cn/node/3609,亮眼经历线索,肺癌首席专家 职称：教授、主任医师、博士/博士后导师 临床专家 面包屑 首页 / 临床科室 / 外科系列 / 胸科 / 临床专家 龙浩 职务：肺癌首席专家 职称：教授、主任医师、博士/博士后导师 专长 微创胸外科、胸腔镜，胸壁重建，擅长肺癌综合治疗。 一、基本情况 肺癌首席专家、教授、主任医师、博士/博士后导师 二、教育及工作经历 主要学历： 1984年毕业于中山医科大学医学系 2007年获临床博士学位 工作经历： 1984年8月至1990年2月在湖南省肿瘤医院胸外科工作， 1990年2月至今在中山大学附属肿瘤医院胸外科工作 2000年至2001年留学于澳大利亚墨尔本大学附属Austin医院，师从Peter Clarke教授，专攻普胸外科及胸腔镜外科。 2002年8-9月进修于香港中文大学威尔斯亲王医院，师从Anthony Yim教授，学习胸腔镜外科。,肺癌首席专家 职称：教授、主任医师、博士/博士后导师 龙浩 职务：肺癌首席专家 职称：教授、主任医师、博士/博士后导师 专长 微创胸外科、胸腔镜，胸壁重建，擅长肺癌综合治疗。 一、基本情况 肺癌首席专家、教授、主任医师、博士/博士后导师 二、教育及工作经历 主要学历： 1984年毕业于中山医科大学医学系 2007年获临床博士学位 工作经历： 1984年8月至1990年2月在湖南省肿瘤医院胸外科工作， 1990年2月至今在中山大学附属肿瘤医院胸外科工作 2000年至2001年留学于澳大利亚墨尔本大学附属Austin医院，师从Peter Clarke教授，专攻普胸外科及胸腔镜外科。 2002年8-9月进修于香港中文大学威尔斯亲王医院，师从Anthony Yim教授，学习胸腔镜外科。
1137,1136,中山大学肿瘤防治中心,龙浩,https://www.sysucc.org.cn/node/3609,异常提示,,亮眼经历含导航文本，已清洗
1139,1138,中山大学肿瘤防治中心,刘韬,https://www.sysucc.org.cn/node/3923,亮眼经历线索,药学部主任 职称：主任药师、硕士生导师 临床专家 面包屑 首页 / 临床科室 / 平台科室 / 药学部 / 临床专家 刘韬 职务：药学部主任 职称：主任药师、硕士生导师 专长 肿瘤个体化用药与合理使用评价 加载更多 一、学术兼职 中国抗癌协会肿瘤临床药学专委会常务委员； 中国医药教育协会临床用药评价专业委员会常务委员； 中国药学会抗肿瘤药物专业委员会委员；,药学部主任 职称：主任药师、硕士生导师 刘韬 职务：药学部主任 职称：主任药师、硕士生导师 专长 肿瘤个体化用药与合理使用评价 一、学术兼职 中国抗癌协会肿瘤临床药学专委会常务委员； 中国医药教育协会临床用药评价专业委员会常务委员； 中国药学会抗肿瘤药物专业委员会委员；
1139,1138,中山大学肿瘤防治中心,刘韬,https://www.sysucc.org.cn/node/3923,异常提示,,亮眼经历含导航文本，已清洗
1143,1142,中山大学肿瘤防治中心,陈卓佳,https://www.sysucc.org.cn/node/3924,亮眼经历线索,药学部副主任 职称：主任药师、硕士生导师 临床专家 面包屑 首页 / 临床科室 / 平台科室 / 药学部 / 临床专家 陈卓佳 职务：药学部副主任 职称：主任药师、硕士生导师 专长 乳腺癌的药物治疗管理、肿瘤合并心血管疾病患者的药物治疗管理、多药联用的药学评估、药物不良反应的判断与处理等。 2014年获中国医院协会临床药师岗位培训证书，2019年获中华医学会临床药学分会临床药师师资规范化培训合格证书，2024年获国家卫健委紧缺人才-药师培训岗位合格证书。 入选2016年广东省特支计划百千万工程青年拔尖人才，获中华医学会临床药学分会全国优秀临床药师等荣誉。,药学部副主任 职称：主任药师、硕士生导师 陈卓佳 职务：药学部副主任 职称：主任药师、硕士生导师 专长 乳腺癌的药物治疗管理、肿瘤合并心血管疾病患者的药物治疗管理、多药联用的药学评估、药物不良反应的判断与处理等。 2014年获中国医院协会临床药师岗位培训证书，2019年获中华医学会临床药学分会临床药师师资规范化培训合格证书，2024年获国家卫健委紧缺人才-药师培训岗位合格证书。 入选2016年广东省特支计划百千万工程青年拔尖人才，获中华医学会临床药学分会全国优秀临床药师等荣誉。
1143,1142,中山大学肿瘤防治中心,陈卓佳,https://www.sysucc.org.cn/node/3924,异常提示,,亮眼经历含导航文本，已清洗
1146,1145,中山大学肿瘤防治中心,夏忠军,https://www.sysucc.org.cn/node/3795,亮眼经历线索,血液病区区长 职称：主诊教授、副主任医师 临床专家 面包屑 首页 / 临床科室 / 内科系列 / 血液肿瘤科 / 临床专家 夏忠军 职务：血液病区区长 职称：主诊教授、副主任医师 专长 专注多发性骨髓瘤、恶性淋巴瘤等血液系统肿瘤疾病的诊断和化学治疗、靶向治疗、免疫治疗及开展多项多中心的抗癌药物临床研究 一、基本情况 职称：主诊教授、副主任医师 门诊时间：周一上午特需（二楼）门诊、周二上午，周四上午 专业特长：专注多发性骨髓瘤、恶性淋巴瘤等血液系统肿瘤疾病的诊断和化学治疗、靶向治疗、免疫治疗及开展多项多中心的抗癌药物临床研究 二、个人简介 夏忠军教授于1989年毕业于内蒙古医学院医学系，内蒙古医学院第一附属医院内科，1989年至1992年在中山医科大学血液肿瘤学研究生，从事血液系统肿瘤疾病的研究。 曾赴欧洲、美国等著名的肿瘤中心学习和访问交流。 多次参加欧洲血液学年会和美国血液学年会。,血液病区区长 职称：主诊教授、副主任医师 夏忠军 职务：血液病区区长 职称：主诊教授、副主任医师 专长 专注多发性骨髓瘤、恶性淋巴瘤等血液系统肿瘤疾病的诊断和化学治疗、靶向治疗、免疫治疗及开展多项多中心的抗癌药物临床研究 一、基本情况 职称：主诊教授、副主任医师 门诊时间：周一上午特需（二楼）门诊、周二上午，周四上午 专业特长：专注多发性骨髓瘤、恶性淋巴瘤等血液系统肿瘤疾病的诊断和化学治疗、靶向治疗、免疫治疗及开展多项多中心的抗癌药物临床研究 二、个人简介 夏忠军教授于1989年毕业于内蒙古医学院医学系，内蒙古医学院第一附属医院内科，1989年至1992年在中山医科大学血液肿瘤学研究生，从事血液系统肿瘤疾病的研究。 曾赴欧洲、美国等著名的肿瘤中心学习和访问交流。 多次参加欧洲血液学年会和美国血液学年会。
1146,1145,中山大学肿瘤防治中心,夏忠军,https://www.sysucc.org.cn/node/3795,异常提示,,亮眼经历含导航文本，已清洗
1147,1146,中山大学肿瘤防治中心,宋远斌,https://www.sysucc.org.cn/node/6470,亮眼经历线索,副主任医师、青年研究员、医学博士、博士生导师、博士后合作导师、华南恶性肿瘤防治全国重点实验室PI 临床专家 面包屑 首页 / 临床科室 / 内科系列 / 血液肿瘤科 / 临床专家 宋远斌 职称：副主任医师、青年研究员、医学博士、博士生导师、博士后合作导师、华南恶性肿瘤防治全国重点实验室PI 专长 擅长骨髓增生异常综合征、急性白血病、多发性骨髓瘤、淋巴瘤等血液系统肿瘤的诊疗，包括化疗、靶向及造血干细胞移植治疗，主持多项国家及省部级基金项目。 一、基本情况 南方医科大学临床医学八年制博士毕业，2013-2020年于美国耶鲁大学医学院肿瘤中心血液肿瘤任博士后、助理研究员、兼职助理教授。 研究工作主要聚焦于骨髓增生异常综合征、急性髓系白血病人源化小鼠模型的建立及靶向治疗的临床前研究，以第一作者（含共同）在Science、Leukemia、Nature Communications、Immunity等发表多篇论文，主持国家自然科学基...,副主任医师、青年研究员、医学博士、博士生导师、博士后合作导师、华南恶性肿瘤防治全国重点实验室PI 宋远斌 职称：副主任医师、青年研究员、医学博士、博士生导师、博士后合作导师、华南恶性肿瘤防治全国重点实验室PI 专长 擅长骨髓增生异常综合征、急性白血病、多发性骨髓瘤、淋巴瘤等血液系统肿瘤的诊疗，包括化疗、靶向及造血干细胞移植治疗，主持多项国家及省部级基金项目。 一、基本情况 南方医科大学临床医学八年制博士毕业，2013-2020年于美国耶鲁大学医学院肿瘤中心血液肿瘤任博士后、助理研究员、兼职助理教授。 研究工作主要聚焦于骨髓增生异常综合征、急性髓系白血病人源化小鼠模型的建立及靶向治疗的临床前研究，以第一作者（含共同）在Science、Leukemia、Nature Communications、Immunity等发表多篇论文，主持国家自然科学基...
1147,1146,中山大学肿瘤防治中心,宋远斌,https://www.sysucc.org.cn/node/6470,异常提示,,亮眼经历含导航文本，已清洗
1148,1147,中山大学肿瘤防治中心,崔莹莹,https://www.sysucc.org.cn/node/6489,亮眼经历线索,副主任医师 临床专家 面包屑 首页 / 临床科室 / 内科系列 / 血液肿瘤科 / 临床专家 崔莹莹 职称：副主任医师 专长 多发性骨髓瘤、淋巴瘤、白血病等恶性血液肿瘤的化疗、靶向治疗、免疫治疗及全程管理。 一、基本情况 中山大学肿瘤防治中心 血液肿瘤科 副主任医师 中山大学肿瘤防治中心博士后，公派留学于荷兰Groningen大学医学中心获博士学位。 以第一/共一作者在CLIN CANCER RES、INT J SURG等发表多篇论文，相关研究成果被写入国际NCCN指南，主持国家自然科学基金青年项目。,副主任医师 崔莹莹 职称：副主任医师 专长 多发性骨髓瘤、淋巴瘤、白血病等恶性血液肿瘤的化疗、靶向治疗、免疫治疗及全程管理。 一、基本情况 中山大学肿瘤防治中心 血液肿瘤科 副主任医师 中山大学肿瘤防治中心博士后，公派留学于荷兰Groningen大学医学中心获博士学位。 以第一/共一作者在CLIN CANCER RES、INT J SURG等发表多篇论文，相关研究成果被写入国际NCCN指南，主持国家自然科学基金青年项目。
1148,1147,中山大学肿瘤防治中心,崔莹莹,https://www.sysucc.org.cn/node/6489,异常提示,,亮眼经历含导航文本，已清洗
1149,1148,中山大学肿瘤防治中心,戴钰俊,https://www.sysucc.org.cn/node/6441,亮眼经历线索,副主任医师 血液恶性肿瘤：淋巴瘤，骨髓瘤，白血病的精准靶向及细胞免疫治疗 临床专家 面包屑 首页 / 临床科室 / 内科系列 / 血液肿瘤科 / 临床专家 戴钰俊 职称：副主任医师 专长 血液恶性肿瘤：淋巴瘤，骨髓瘤，白血病的精准靶向及细胞免疫治疗,副主任医师 血液恶性肿瘤：淋巴瘤，骨髓瘤，白血病的精准靶向及细胞免疫治疗 戴钰俊 职称：副主任医师 专长 血液恶性肿瘤：淋巴瘤，骨髓瘤，白血病的精准靶向及细胞免疫治疗
1149,1148,中山大学肿瘤防治中心,戴钰俊,https://www.sysucc.org.cn/node/6441,异常提示,,亮眼经历含导航文本，已清洗
1150,1149,中山大学肿瘤防治中心,李雪萍,https://www.sysucc.org.cn/node/9742,亮眼经历线索,"副主任医师、医学博士 临床专家 面包屑 首页 / 临床科室 / 内科系列 / 血液肿瘤科 / 临床专家 李雪萍 职称：副主任医师、医学博士 专长 淋巴瘤、骨髓瘤及白血病的靶向治疗及新药临床研究。 一、基本情况 出诊时间： 每周三下午、周四下午、周五上午 二、教育及工作经历 2009/09-2014/06 山东大学医学院 本科 2014/09-2020/06 上海交通大学医学院 硕博连读 2020/09-2023/06 中山大学肿瘤防治中心 临床博士后 2023/06-2024/12 中山大学肿瘤防治中心 住院医师 2024/12-2025/12 中山大学肿瘤防治中心 主治医师 2025/12-至今 中山大学肿瘤防治中心 副主任医师 三、主持科研项目 主持国家自然科学基金青年项目、广东省自然科学基金、中国博士后科学基金、中山大学青年教师培育项目等项目 四、代表性论著 1. Jiang L, Li XP（共同第一作者）, Da...","副主任医师、医学博士 李雪萍 职称：副主任医师、医学博士 专长 淋巴瘤、骨髓瘤及白血病的靶向治疗及新药临床研究。 一、基本情况 出诊时间： 每周三下午、周四下午、周五上午 二、教育及工作经历 2009/09-2014/06 山东大学医学院 本科 2014/09-2020/06 上海交通大学医学院 硕博连读 2020/09-2023/06 中山大学肿瘤防治中心 临床博士后 2023/06-2024/12 中山大学肿瘤防治中心 住院医师 2024/12-2025/12 中山大学肿瘤防治中心 主治医师 2025/12-至今 中山大学肿瘤防治中心 副主任医师 三、主持科研项目 主持国家自然科学基金青年项目、广东省自然科学基金、中国博士后科学基金、中山大学青年教师培育项目等项目 四、代表性论著 1. Jiang L, Li XP（共同第一作者）, Da..."
1150,1149,中山大学肿瘤防治中心,李雪萍,https://www.sysucc.org.cn/node/9742,异常提示,,亮眼经历含导航文本，已清洗
1151,1150,中山大学肿瘤防治中心,束玲玲,https://www.sysucc.org.cn/node/6481,亮眼经历线索,副主任医师、副研究员、医学博士、硕士研究生导师 擅长多发性骨髓瘤、淋巴瘤、白血病等恶性血液肿瘤的精准诊治包括传统化疗、免疫靶向治疗、CAR-T细胞治疗等，作为sub-PI 参与多项血液肿瘤新药临床研究。 临床专家 面包屑 首页 / 临床科室 / 内科系列 / 血液肿瘤科 / 临床专家 束玲玲 职称：副主任医师、副研究员、医学博士、硕士研究生导师 专长 擅长多发性骨髓瘤、淋巴瘤、白血病等恶性血液肿瘤的精准诊治包括传统化疗、免疫靶向治疗、CAR-T细胞治疗等，作为sub-PI 参与多项血液肿瘤新药临床研究。 一、基本情况 束玲玲副主任医师/副研究员获中大百人计划人才项目支持，从事多发性骨髓瘤、淋巴瘤、白血病等恶性血液肿瘤的精准诊治，在血液肿瘤代谢免疫、药物耐药及机制等领域取得多项成果。,副主任医师、副研究员、医学博士、硕士研究生导师 擅长多发性骨髓瘤、淋巴瘤、白血病等恶性血液肿瘤的精准诊治包括传统化疗、免疫靶向治疗、CAR-T细胞治疗等，作为sub-PI 参与多项血液肿瘤新药临床研究。 束玲玲 职称：副主任医师、副研究员、医学博士、硕士研究生导师 专长 擅长多发性骨髓瘤、淋巴瘤、白血病等恶性血液肿瘤的精准诊治包括传统化疗、免疫靶向治疗、CAR-T细胞治疗等，作为sub-PI 参与多项血液肿瘤新药临床研究。 一、基本情况 束玲玲副主任医师/副研究员获中大百人计划人才项目支持，从事多发性骨髓瘤、淋巴瘤、白血病等恶性血液肿瘤的精准诊治，在血液肿瘤代谢免疫、药物耐药及机制等领域取得多项成果。
1151,1150,中山大学肿瘤防治中心,束玲玲,https://www.sysucc.org.cn/node/6481,异常提示,,亮眼经历含导航文本，已清洗
1153,1152,中山大学肿瘤防治中心,王华,https://www.sysucc.org.cn/node/3796,亮眼经历线索,副主任医师、主诊教授、硕士导师、肿瘤学博士 临床专家 面包屑 首页 / 临床科室 / 内科系列 / 血液肿瘤科 / 临床专家 王华 职称：副主任医师、主诊教授、硕士导师、肿瘤学博士 专长 特别擅长多发性骨髓瘤、淋巴瘤、慢性淋巴细胞白血病、各种急性白血病等血液系统肿瘤的化疗、靶向治疗、免疫治疗并主持多项骨髓瘤、淋巴瘤相关的临床研究 一、基本情况 王华教授长期从事多发性骨髓瘤、淋巴瘤等疾病的精准诊疗研究，目前具有近20年的临床经验，在多发性骨髓瘤、淋巴瘤等疾病的复发、治疗耐药及其机制和优化临床治疗方面具有创新性成果，所治疗病患的5年生存率可达国际领先水平。 在多发性骨髓瘤、淋巴瘤等疾病个体化治疗和预后判断领域进行了一系列的探索，研究结果被美国NCCN指南引用，在全世界推广应用。 多次到美国和欧洲访学交流，采用国际先进诊疗理念结合自身对于疾病独特的理解，对患者进行个体化的风险分层治疗取得令人满意的疗效。,副主任医师、主诊教授、硕士导师、肿瘤学博士 王华 职称：副主任医师、主诊教授、硕士导师、肿瘤学博士 专长 特别擅长多发性骨髓瘤、淋巴瘤、慢性淋巴细胞白血病、各种急性白血病等血液系统肿瘤的化疗、靶向治疗、免疫治疗并主持多项骨髓瘤、淋巴瘤相关的临床研究 一、基本情况 王华教授长期从事多发性骨髓瘤、淋巴瘤等疾病的精准诊疗研究，目前具有近20年的临床经验，在多发性骨髓瘤、淋巴瘤等疾病的复发、治疗耐药及其机制和优化临床治疗方面具有创新性成果，所治疗病患的5年生存率可达国际领先水平。 在多发性骨髓瘤、淋巴瘤等疾病个体化治疗和预后判断领域进行了一系列的探索，研究结果被美国NCCN指南引用，在全世界推广应用。 多次到美国和欧洲访学交流，采用国际先进诊疗理念结合自身对于疾病独特的理解，对患者进行个体化的风险分层治疗取得令人满意的疗效。
1153,1152,中山大学肿瘤防治中心,王华,https://www.sysucc.org.cn/node/3796,异常提示,,亮眼经历含导航文本，已清洗
1154,1153,中山大学肿瘤防治中心,王维达,https://www.sysucc.org.cn/node/6480,亮眼经历线索,副主任医师、医学博士 擅长淋巴瘤、多发性骨髓瘤等血液系统肿瘤的内科治疗，执行数十项多发性骨髓瘤和淋巴瘤临床研究 广东省抗癌协会姑息与康复专业委员会秘书 广州抗癌协会化疗专业委员会秘书 临床专家 面包屑 首页 / 临床科室 / 内科系列 / 血液肿瘤科 / 临床专家 王维达 职称：副主任医师、医学博士 专长 擅长淋巴瘤、多发性骨髓瘤等血液系统肿瘤的内科治疗，执行数十项多发性骨髓瘤和淋巴瘤临床研究 广东省抗癌协会姑息与康复专业委员会秘书 广州抗癌协会化疗专业委员会秘书,副主任医师、医学博士 擅长淋巴瘤、多发性骨髓瘤等血液系统肿瘤的内科治疗，执行数十项多发性骨髓瘤和淋巴瘤临床研究 广东省抗癌协会姑息与康复专业委员会秘书 广州抗癌协会化疗专业委员会秘书 王维达 职称：副主任医师、医学博士 专长 擅长淋巴瘤、多发性骨髓瘤等血液系统肿瘤的内科治疗，执行数十项多发性骨髓瘤和淋巴瘤临床研究 广东省抗癌协会姑息与康复专业委员会秘书 广州抗癌协会化疗专业委员会秘书
1154,1153,中山大学肿瘤防治中心,王维达,https://www.sysucc.org.cn/node/6480,异常提示,,亮眼经历含导航文本，已清洗
1155,1154,中山大学肿瘤防治中心,王韵,https://www.sysucc.org.cn/node/3797,亮眼经历线索,血液肿瘤科副主任 职称：副主任医师、医学博士、硕士生导师 擅长多发性骨髓瘤、淋巴瘤、白血病等恶性血液肿瘤的精准诊断及化疗、靶向、免疫、CART细胞治疗的全程管理，参与多项国际、全国多中心血液肿瘤新药临床研究项目。 临床专家 面包屑 首页 / 临床科室 / 内科系列 / 血液肿瘤科 / 临床专家 王韵 职务：血液肿瘤科副主任 职称：副主任医师、医学博士、硕士生导师 专长 擅长多发性骨髓瘤、淋巴瘤、白血病等恶性血液肿瘤的精准诊断及化疗、靶向、免疫、CART细胞治疗的全程管理，参与多项国际、全国多中心血液肿瘤新药临床研究项目。 专家门诊时间 ：周一上午、周四上午 王韵教授长期从事多发性骨髓瘤、白血病、淋巴瘤等恶性血液肿瘤的精准诊疗及临床转化研究，在血液肿瘤免疫代谢分层诊疗，药物耐药及机制研究、临床方案优化组合方面有创新性研究成果。,血液肿瘤科副主任 职称：副主任医师、医学博士、硕士生导师 擅长多发性骨髓瘤、淋巴瘤、白血病等恶性血液肿瘤的精准诊断及化疗、靶向、免疫、CART细胞治疗的全程管理，参与多项国际、全国多中心血液肿瘤新药临床研究项目。 王韵 职务：血液肿瘤科副主任 职称：副主任医师、医学博士、硕士生导师 专长 擅长多发性骨髓瘤、淋巴瘤、白血病等恶性血液肿瘤的精准诊断及化疗、靶向、免疫、CART细胞治疗的全程管理，参与多项国际、全国多中心血液肿瘤新药临床研究项目。 专家门诊时间 ：周一上午、周四上午 王韵教授长期从事多发性骨髓瘤、白血病、淋巴瘤等恶性血液肿瘤的精准诊疗及临床转化研究，在血液肿瘤免疫代谢分层诊疗，药物耐药及机制研究、临床方案优化组合方面有创新性研究成果。
1155,1154,中山大学肿瘤防治中心,王韵,https://www.sysucc.org.cn/node/3797,异常提示,,亮眼经历含导航文本，已清洗
1156,1155,中山大学肿瘤防治中心,刘丽珍,https://www.sysucc.org.cn/node/3901,亮眼经历线索,副主任医师 副主任医师 加载更多 副主任医师 临床专家 面包屑 首页 / 临床科室 / 平台科室 / 超声科 / 临床专家 刘丽珍 职称：副主任医师 副主任医师 加载更多 副主任医师,副主任医师 副主任医师 副主任医师 刘丽珍 职称：副主任医师 副主任医师 副主任医师
1156,1155,中山大学肿瘤防治中心,刘丽珍,https://www.sysucc.org.cn/node/3901,异常提示,,亮眼经历含导航文本，已清洗
1158,1157,中山大学肿瘤防治中心,刘玉博,https://www.sysucc.org.cn/node/8251,亮眼经历线索,副主任医师 临床专家 面包屑 首页 / 临床科室 / 平台科室 / 超声科 / 临床专家 刘玉博 职称：副主任医师 专长 擅长乳腺、甲状腺、淋巴结等各种浅表器官及妇科肿瘤的超声诊断。,副主任医师 刘玉博 职称：副主任医师 专长 擅长乳腺、甲状腺、淋巴结等各种浅表器官及妇科肿瘤的超声诊断。
1158,1157,中山大学肿瘤防治中心,刘玉博,https://www.sysucc.org.cn/node/8251,异常提示,,亮眼经历含导航文本，已清洗
1159,1158,中山大学肿瘤防治中心,刘隆忠,https://www.sysucc.org.cn/node/3898,亮眼经历线索,"主任医师，博士生导师 临床专家 面包屑 首页 / 临床科室 / 平台科室 / 超声科 / 临床专家 刘隆忠 职称：主任医师，博士生导师 专长 擅长甲状腺癌及其颈部淋巴结转移的术前诊断与术后复发的超声诊断及介入诊断治疗。 二、教育及工作经历 2002年获中山大学影像医学与核医学硕士学位 2008年获中山大学临床医学博士学位 2008.8-2009.7 日本东京医科大学附属医院访问学者 2002年起，中山大学肿瘤防治中心超声科工作 三、学术兼职 广东省抗癌协会甲状腺专委会 常委 广东省健康管理学会甲状腺专委会 常委 四、主持科研项目 目前主持在研国家自然科学基金面上项目一项（2023年），广东省自然科学基金面上项目2项（2021年、2023年），基金研究内容均属甲状腺领域。 五、代表性论著 近五年来，以第一作者/通讯作者（含共同）发表SCI论文15篇，包括Radiology, Lancet Digital Health，Thy...","主任医师，博士生导师 刘隆忠 职称：主任医师，博士生导师 专长 擅长甲状腺癌及其颈部淋巴结转移的术前诊断与术后复发的超声诊断及介入诊断治疗。 二、教育及工作经历 2002年获中山大学影像医学与核医学硕士学位 2008年获中山大学临床医学博士学位 2008.8-2009.7 日本东京医科大学附属医院访问学者 2002年起，中山大学肿瘤防治中心超声科工作 三、学术兼职 广东省抗癌协会甲状腺专委会 常委 广东省健康管理学会甲状腺专委会 常委 四、主持科研项目 目前主持在研国家自然科学基金面上项目一项（2023年），广东省自然科学基金面上项目2项（2021年、2023年），基金研究内容均属甲状腺领域。 五、代表性论著 近五年来，以第一作者/通讯作者（含共同）发表SCI论文15篇，包括Radiology, Lancet Digital Health，Thy..."
1159,1158,中山大学肿瘤防治中心,刘隆忠,https://www.sysucc.org.cn/node/3898,异常提示,,亮眼经历含导航文本，已清洗
1162,1161,中山大学肿瘤防治中心,彭盛,https://www.sysucc.org.cn/node/10353,亮眼经历线索,副主任医师 临床专家 面包屑 首页 / 临床科室 / 平台科室 / 超声科 / 临床专家 彭盛 职称：副主任医师 专长 多脏器肿瘤穿刺活检、置管引流等超声引导下微创治疗及诊断评估。,副主任医师 彭盛 职称：副主任医师 专长 多脏器肿瘤穿刺活检、置管引流等超声引导下微创治疗及诊断评估。
1162,1161,中山大学肿瘤防治中心,彭盛,https://www.sysucc.org.cn/node/10353,异常提示,,亮眼经历含导航文本，已清洗
1163,1162,中山大学肿瘤防治中心,李安华,https://www.sysucc.org.cn/node/3893,亮眼经历线索,超声心电科主任导师 职称：主任医师、教授、硕士生导师 临床专家 面包屑 首页 / 临床科室 / 平台科室 / 超声科 / 临床专家 李安华 职务：超声心电科主任导师 职称：主任医师、教授、硕士生导师 专长 超声诊断 出诊时间： 每周二上午专家门诊，周四下午特需门诊。 主要学术成就： 1．利用经阴道彩超研究卵巢血供与不孕症的关系，并以此题目2001年获得英国医学影像学硕士学位。 2．利用高频彩超研究眼顿挫伤后视网膜中央动脉血流参数与患者视力恢复的关系，该题目评为国内领先水平并获得深圳市2005年科技成果二等奖（第二作者）。,超声心电科主任导师 职称：主任医师、教授、硕士生导师 李安华 职务：超声心电科主任导师 职称：主任医师、教授、硕士生导师 专长 超声诊断 出诊时间： 每周二上午专家门诊，周四下午特需门诊。 主要学术成就： 1．利用经阴道彩超研究卵巢血供与不孕症的关系，并以此题目2001年获得英国医学影像学硕士学位。 2．利用高频彩超研究眼顿挫伤后视网膜中央动脉血流参数与患者视力恢复的关系，该题目评为国内领先水平并获得深圳市2005年科技成果二等奖（第二作者）。
1163,1162,中山大学肿瘤防治中心,李安华,https://www.sysucc.org.cn/node/3893,异常提示,,亮眼经历含导航文本，已清洗
1166,1165,中山大学肿瘤防治中心,裴小青,https://www.sysucc.org.cn/node/3896,亮眼经历线索,主任医师 临床专家 面包屑 首页 / 临床科室 / 平台科室 / 超声科 / 临床专家 裴小青 职称：主任医师 专长 乳腺、甲状腺、腹部及妇科疾病的超声诊断及肿瘤的微创介入诊疗。 一、基本情况 超声介入门诊出诊时间：周五上午 二、教育及工作经历 2007-2010年 中山大学博士研究生2011-2012年 英国国王学院圣托马斯医院访问学者根据时间顺序排列 三、学术兼职 广东省超声医学工程学会副会长 中国超声医学工程学会腹部专委会常务委员 广东省保健协会乳腺肿瘤防治与康复分会副主任委员 广东省临床医学学会超声医学专业委员会常务委员 广东省精准医学应用学会癌症早筛早诊分会常务委员 广东省抗癌协会超声医学专委会委员 广东省临床医学学会肿瘤学专业委员会委员 广东省健康管理协会超声分会常务委员 广东省抗癌协会肝癌专委会委员 广东省抗癌协会泌尿生殖系肿瘤专业委员会 四、主持科研项目 国家自然科学基金面上项目、青年项目，广东省自然科学基...,主任医师 裴小青 职称：主任医师 专长 乳腺、甲状腺、腹部及妇科疾病的超声诊断及肿瘤的微创介入诊疗。 一、基本情况 超声介入门诊出诊时间：周五上午 二、教育及工作经历 2007-2010年 中山大学博士研究生2011-2012年 英国国王学院圣托马斯医院访问学者根据时间顺序排列 三、学术兼职 广东省超声医学工程学会副会长 中国超声医学工程学会腹部专委会常务委员 广东省保健协会乳腺肿瘤防治与康复分会副主任委员 广东省临床医学学会超声医学专业委员会常务委员 广东省精准医学应用学会癌症早筛早诊分会常务委员 广东省抗癌协会超声医学专委会委员 广东省临床医学学会肿瘤学专业委员会委员 广东省健康管理协会超声分会常务委员 广东省抗癌协会肝癌专委会委员 广东省抗癌协会泌尿生殖系肿瘤专业委员会 四、主持科研项目 国家自然科学基金面上项目、青年项目，广东省自然科学基...
1166,1165,中山大学肿瘤防治中心,裴小青,https://www.sysucc.org.cn/node/3896,异常提示,,亮眼经历含导航文本，已清洗
1169,1168,中山大学肿瘤防治中心,郭智兴,https://www.sysucc.org.cn/node/6525,亮眼经历线索,副主任医师、硕士研究生导师、医学博士 主持广东省自然基金面上项目 1 项，参与国自然项目 6 项，省部级基金多项，共以第一作者 / 通讯作者发表 SCI 论文 12 篇。 临床专家 面包屑 首页 / 临床科室 / 平台科室 / 超声科 / 临床专家 郭智兴 职称：副主任医师、硕士研究生导师、医学博士 专长 擅长肿瘤筛查、浅表器官超声诊断和超声介入微创诊疗，专注于甲状腺、乳腺、淋巴结、肌骨和睾丸等浅表器官超声诊断，在甲状腺消融、乳腺旋切和疑难部位超声活检上有较丰富的经验。 职称： 副主任医师、硕士研究生导师、医学博士 教育工作经历： 2012 年获得中山大学临床医学博士学位，博士毕业后在中山大学肿瘤防治中心超声科工作。,副主任医师、硕士研究生导师、医学博士 主持广东省自然基金面上项目 1 项，参与国自然项目 6 项，省部级基金多项，共以第一作者 / 通讯作者发表 SCI 论文 12 篇。 郭智兴 职称：副主任医师、硕士研究生导师、医学博士 专长 擅长肿瘤筛查、浅表器官超声诊断和超声介入微创诊疗，专注于甲状腺、乳腺、淋巴结、肌骨和睾丸等浅表器官超声诊断，在甲状腺消融、乳腺旋切和疑难部位超声活检上有较丰富的经验。 职称： 副主任医师、硕士研究生导师、医学博士 教育工作经历： 2012 年获得中山大学临床医学博士学位，博士毕业后在中山大学肿瘤防治中心超声科工作。
1169,1168,中山大学肿瘤防治中心,郭智兴,https://www.sysucc.org.cn/node/6525,异常提示,,亮眼经历含导航文本，已清洗
1174,1173,中山大学肿瘤防治中心,廖伟,https://www.sysucc.org.cn/node/3814,亮眼经历线索,副主任医师 加载更多 临床专家 面包屑 首页 / 临床科室 / 平台科室 / 重症医学科 / 临床专家 廖伟 职称：副主任医师 加载更多,副主任医师 廖伟 职称：副主任医师
1174,1173,中山大学肿瘤防治中心,廖伟,https://www.sysucc.org.cn/node/3814,异常提示,,亮眼经历含导航文本，已清洗
1175,1174,中山大学肿瘤防治中心,方翼,https://www.sysucc.org.cn/node/3811,亮眼经历线索,副主任医师 副主任医师 加载更多 副主任医师 临床专家 面包屑 首页 / 临床科室 / 平台科室 / 重症医学科 / 临床专家 方翼 职称：副主任医师 副主任医师 加载更多 副主任医师,副主任医师 副主任医师 副主任医师 方翼 职称：副主任医师 副主任医师 副主任医师
1175,1174,中山大学肿瘤防治中心,方翼,https://www.sysucc.org.cn/node/3811,异常提示,,亮眼经历含导航文本，已清洗
1176,1175,中山大学肿瘤防治中心,曹训,https://www.sysucc.org.cn/node/3815,亮眼经历线索,副主任医师 加载更多 临床专家 面包屑 首页 / 临床科室 / 平台科室 / 重症医学科 / 临床专家 曹训 职称：副主任医师 加载更多,副主任医师 曹训 职称：副主任医师
1176,1175,中山大学肿瘤防治中心,曹训,https://www.sysucc.org.cn/node/3815,异常提示,,亮眼经历含导航文本，已清洗
1178,1177,中山大学肿瘤防治中心,汪道峰,https://www.sysucc.org.cn/node/3810,亮眼经历线索,副主任医师 临床专家 面包屑 首页 / 临床科室 / 平台科室 / 重症医学科 / 临床专家 汪道峰 职称：副主任医师 专长 肿瘤合并重症的临床及教研工作 主要从事肿瘤合并重症的临床及教研工作。,副主任医师 汪道峰 职称：副主任医师 专长 肿瘤合并重症的临床及教研工作 主要从事肿瘤合并重症的临床及教研工作。
1178,1177,中山大学肿瘤防治中心,汪道峰,https://www.sysucc.org.cn/node/3810,异常提示,,亮眼经历含导航文本，已清洗
1180,1179,中山大学肿瘤防治中心,顾葆春,https://www.sysucc.org.cn/node/3812,亮眼经历线索,科副主任 职称：副主任医师 危重病及肿瘤患者的器官支持治疗 1991年毕业于上海第二军医大学，1994年起从事重症医学，精于危重病及肿瘤重症患者的呼吸、循环、肝肾等器官的功能评估和支持，近年主要研究免疫缺陷患者的重症感染治疗、肿瘤重症患者在器官支持下实施重症化疗、肺食管手术后并发症的处理，擅长应用各种血流动力学监测、呼吸机、血液净化、重症超声、内镜、气管支架植入等重症医学技术解决患者多器官功能不全、脓毒症（SEPSIS）、急性呼吸窘迫综合征（ARDS）、心衰、休克、急性肾损伤、化疗药物过量、肿瘤溶解综合征、肝功能不全、严重肺部感染、重度营养不良、危重病人转运、恶性气管狭窄、腹腔高压综合征等临床问题。 发表论文二十余篇，曾获军队科技进步 临床专家 面包屑 首页 / 临床科室 / 平台科室 / 重症医学科 / 临床专家 顾葆春 职务：科副主任 职称：副主任医师 专长 危重病及肿瘤患者的器官支持治疗 1991年毕业于上海第二军医...,科副主任 职称：副主任医师 危重病及肿瘤患者的器官支持治疗 1991年毕业于上海第二军医大学，1994年起从事重症医学，精于危重病及肿瘤重症患者的呼吸、循环、肝肾等器官的功能评估和支持，近年主要研究免疫缺陷患者的重症感染治疗、肿瘤重症患者在器官支持下实施重症化疗、肺食管手术后并发症的处理，擅长应用各种血流动力学监测、呼吸机、血液净化、重症超声、内镜、气管支架植入等重症医学技术解决患者多器官功能不全、脓毒症（SEPSIS）、急性呼吸窘迫综合征（ARDS）、心衰、休克、急性肾损伤、化疗药物过量、肿瘤溶解综合征、肝功能不全、严重肺部感染、重度营养不良、危重病人转运、恶性气管狭窄、腹腔高压综合征等临床问题。 发表论文二十余篇，曾获军队科技进步 顾葆春 职务：科副主任 职称：副主任医师 专长 危重病及肿瘤患者的器官支持治疗 1991年毕业于上海第二军医...
1180,1179,中山大学肿瘤防治中心,顾葆春,https://www.sysucc.org.cn/node/3812,异常提示,,亮眼经历含导航文本，已清洗
1181,1180,中山大学肿瘤防治中心,马刚,https://www.sysucc.org.cn/node/3807,亮眼经历线索,主任医师，硕士导师 肿瘤合并重症的诊断治疗，目前在研项目4项，核心期刊发表学术论著20余篇，参与编写学术专著2部。 临床专家 面包屑 首页 / 临床科室 / 平台科室 / 重症医学科 / 临床专家 马刚 职称：主任医师，硕士导师 专长 肿瘤合并重症的临床及教研工作 从事重症医学专业。 学术任职 ：广东省重症医学会 常务委员、广东省医师协会重症医师委员会 常务委员、广东省生物医学工程学会生命信息监测与传输专业委员会 常务委员、广东省胸心外科学会复苏组 常务委员、广东省药学会合理用药专业委员会 常务委员、中国医药信息专业委员会 常务理事、医院管理学会重症医学委员会 委员。,主任医师，硕士导师 肿瘤合并重症的诊断治疗，目前在研项目4项，核心期刊发表学术论著20余篇，参与编写学术专著2部。 马刚 职称：主任医师，硕士导师 专长 肿瘤合并重症的临床及教研工作 从事重症医学专业。 学术任职 ：广东省重症医学会 常务委员、广东省医师协会重症医师委员会 常务委员、广东省生物医学工程学会生命信息监测与传输专业委员会 常务委员、广东省胸心外科学会复苏组 常务委员、广东省药学会合理用药专业委员会 常务委员、中国医药信息专业委员会 常务理事、医院管理学会重症医学委员会 委员。
1181,1180,中山大学肿瘤防治中心,马刚,https://www.sysucc.org.cn/node/3807,异常提示,,亮眼经历含导航文本，已清洗
1186,1185,中山大学肿瘤防治中心,卢金昌,https://www.sysucc.org.cn/node/3671,亮眼经历线索,主任医师、医师、博士 四肢恶性骨肿瘤（包括骨肉瘤、软骨肉瘤和尤文肉瘤等）的保肢治疗以及脊柱、骨盆骶骨肿瘤的精准切除与重建，脊柱转移瘤和软组织肉瘤的外科及综合治疗。 临床专家 面包屑 首页 / 临床科室 / 外科系列 / 骨与软组织科 / 临床专家 卢金昌 职务：科室秘书 职称：主任医师 专长 四肢恶性骨肿瘤（包括骨肉瘤、软骨肉瘤和尤文肉瘤等）的保肢治疗以及脊柱、骨盆骶骨肿瘤的精准切除与重建，脊柱转移瘤和软组织肉瘤的外科及综合治疗。 一、基本情况 本科毕业于中山大学中山医学院，获中山大学外科学博士学位(骨肿瘤方向)，加拿大多伦多大学联合培养博士，曾入选国家第一批“博士后创新人才支持计划”。,主任医师、医师、博士 四肢恶性骨肿瘤（包括骨肉瘤、软骨肉瘤和尤文肉瘤等）的保肢治疗以及脊柱、骨盆骶骨肿瘤的精准切除与重建，脊柱转移瘤和软组织肉瘤的外科及综合治疗。 卢金昌 职务：科室秘书 职称：主任医师 专长 四肢恶性骨肿瘤（包括骨肉瘤、软骨肉瘤和尤文肉瘤等）的保肢治疗以及脊柱、骨盆骶骨肿瘤的精准切除与重建，脊柱转移瘤和软组织肉瘤的外科及综合治疗。 一、基本情况 本科毕业于中山大学中山医学院，获中山大学外科学博士学位(骨肿瘤方向)，加拿大多伦多大学联合培养博士，曾入选国家第一批“博士后创新人才支持计划”。
1186,1185,中山大学肿瘤防治中心,卢金昌,https://www.sysucc.org.cn/node/3671,异常提示,,亮眼经历含导航文本，已清洗
1187,1186,中山大学肿瘤防治中心,唐清连,https://www.sysucc.org.cn/node/3670,亮眼经历线索,科副主任 职称：主任医师、主诊教授 脊柱、骨盆、骶骨、四肢骨肿瘤的精准切除，软组织肿瘤的保肢治疗。 临床专家 面包屑 首页 / 临床科室 / 外科系列 / 骨与软组织科 / 临床专家 唐清连 职务：科副主任 职称：主任医师、主诊教授 专长 脊柱、骨盆、骶骨、四肢骨肿瘤的精准切除，软组织肿瘤的保肢治疗。 一、基本情况 从事骨肿瘤外科临床、教学与科研工作17年，年均门诊量超4000人次，主刀各类骨肿瘤手术超4000例，年手术量超500台，尤其擅长高难度的恶性骨肿瘤（骨肉瘤、软骨肉瘤、尤文肉瘤等）的保肢治疗、脊柱肿瘤（颈椎、胸椎、腰椎、骶骨肿瘤）整块切除和骨盆肿瘤（髂骨、耻骨、坐骨肿瘤）整块切除和3D打印个性化假体重建、巨大软组织肿瘤保肢手术 二、学术兼职 广东省医学会骨科学分会第十一届委员会委员 广东省临床医学会骨与软组织肿瘤专委会副主任委员 中国抗癌协会骨转移瘤学组委员 中国抗癌协会肉瘤专业委员会四肢学组委员 中国医药教育协...,科副主任 职称：主任医师、主诊教授 脊柱、骨盆、骶骨、四肢骨肿瘤的精准切除，软组织肿瘤的保肢治疗。 唐清连 职务：科副主任 职称：主任医师、主诊教授 专长 脊柱、骨盆、骶骨、四肢骨肿瘤的精准切除，软组织肿瘤的保肢治疗。 一、基本情况 从事骨肿瘤外科临床、教学与科研工作17年，年均门诊量超4000人次，主刀各类骨肿瘤手术超4000例，年手术量超500台，尤其擅长高难度的恶性骨肿瘤（骨肉瘤、软骨肉瘤、尤文肉瘤等）的保肢治疗、脊柱肿瘤（颈椎、胸椎、腰椎、骶骨肿瘤）整块切除和骨盆肿瘤（髂骨、耻骨、坐骨肿瘤）整块切除和3D打印个性化假体重建、巨大软组织肿瘤保肢手术 二、学术兼职 广东省医学会骨科学分会第十一届委员会委员 广东省临床医学会骨与软组织肿瘤专委会副主任委员 中国抗癌协会骨转移瘤学组委员 中国抗癌协会肉瘤专业委员会四肢学组委员 中国医药教育协...
1187,1186,中山大学肿瘤防治中心,唐清连,https://www.sysucc.org.cn/node/3670,异常提示,,亮眼经历含导航文本，已清洗
1188,1187,中山大学肿瘤防治中心,朱小军,https://www.sysucc.org.cn/node/3672,亮眼经历线索,医学博士，副主任医师，硕士研究生导师 医学博士，副主任医师，硕士研究生导师，2009年参加临床工作至今，擅长骨与软组织肿瘤疾病的外科治疗，尤其脊柱转移瘤的外科治疗、四肢骨恶性肿瘤的保肢治疗，软组织肉瘤、恶性黑色素瘤及皮肤恶性肿瘤的外科治疗及修复重建。 临床专家 面包屑 首页 / 临床科室 / 外科系列 / 骨与软组织科 / 临床专家 朱小军 职称：医学博士，副主任医师，硕士研究生导师 专长 脊柱转移瘤、四肢骨肿瘤、软组织肉瘤、恶性黑色素瘤等。 医学博士，副主任医师，硕士研究生导师，2009年参加临床工作至今，擅长骨与软组织肿瘤疾病的外科治疗，尤其脊柱转移瘤的外科治疗、四肢骨恶性肿瘤的保肢治疗，软组织肉瘤、恶性黑色素瘤及皮肤恶性肿瘤的外科治疗及修复重建。,医学博士，副主任医师，硕士研究生导师 医学博士，副主任医师，硕士研究生导师，2009年参加临床工作至今，擅长骨与软组织肿瘤疾病的外科治疗，尤其脊柱转移瘤的外科治疗、四肢骨恶性肿瘤的保肢治疗，软组织肉瘤、恶性黑色素瘤及皮肤恶性肿瘤的外科治疗及修复重建。 朱小军 职称：医学博士，副主任医师，硕士研究生导师 专长 脊柱转移瘤、四肢骨肿瘤、软组织肉瘤、恶性黑色素瘤等。 医学博士，副主任医师，硕士研究生导师，2009年参加临床工作至今，擅长骨与软组织肿瘤疾病的外科治疗，尤其脊柱转移瘤的外科治疗、四肢骨恶性肿瘤的保肢治疗，软组织肉瘤、恶性黑色素瘤及皮肤恶性肿瘤的外科治疗及修复重建。
1188,1187,中山大学肿瘤防治中心,朱小军,https://www.sysucc.org.cn/node/3672,异常提示,,亮眼经历含导航文本，已清洗
1189,1188,中山大学肿瘤防治中心,王晋,https://www.sysucc.org.cn/node/3669,亮眼经历线索,骨与软组织科主任 职称：教授，博士生导师 临床专家 面包屑 首页 / 临床科室 / 外科系列 / 骨与软组织科 / 临床专家 王晋 职务：骨与软组织科主任 职称：教授，博士生导师 专长 骨肿瘤、脊柱转移瘤、软组织肉瘤、恶黑 门诊时间：越秀院区 周二上午344诊室、周五上午202诊室； 黄埔院区 周一、周四上午三楼505诊室 骨与软组织科主任。 王晋教授从事骨与软组织肿瘤的临床和科研工作21年，先后在澳大利亚昆士兰州立大学\美国迈阿密大学医学院和香港大学玛丽医院进行临床和科研培训，擅长疑难骨与软组织肿瘤的诊断和治疗，尤其是侵袭性骨肿瘤和恶性骨肿瘤的诊断和治疗、骨肉瘤的单病种综合治疗、软组织肉瘤的综合治疗、骨盆肿瘤和骶骨肿瘤的切除和重建、脊柱转移瘤的综合治疗等。,骨与软组织科主任 职称：教授，博士生导师 王晋 职务：骨与软组织科主任 职称：教授，博士生导师 专长 骨肿瘤、脊柱转移瘤、软组织肉瘤、恶黑 门诊时间：越秀院区 周二上午344诊室、周五上午202诊室； 黄埔院区 周一、周四上午三楼505诊室 骨与软组织科主任。 王晋教授从事骨与软组织肿瘤的临床和科研工作21年，先后在澳大利亚昆士兰州立大学\美国迈阿密大学医学院和香港大学玛丽医院进行临床和科研培训，擅长疑难骨与软组织肿瘤的诊断和治疗，尤其是侵袭性骨肿瘤和恶性骨肿瘤的诊断和治疗、骨肉瘤的单病种综合治疗、软组织肉瘤的综合治疗、骨盆肿瘤和骶骨肿瘤的切除和重建、脊柱转移瘤的综合治疗等。
1189,1188,中山大学肿瘤防治中心,王晋,https://www.sysucc.org.cn/node/3669,异常提示,,亮眼经历含导航文本，已清洗
1190,1189,中山大学肿瘤防治中心,TBLR1诱导鼻咽癌转移的分子机制 2. 广州市科技计划，第一负责人 课题编号：2014J4100181；执行年限：2014.04.01--2016.4.1 课题名称：锌指蛋白488（ZNF488）作为鼻咽癌转移候选分子标志和和潜在靶标的研究 3. 广东省科技计划 第一负责人 5万元 课题编号：2012B031800255 ； 执行年限：2013.01.01--2015.12.31 课题名称：AEG-1诱导鼻咽癌早期转移的分子机制 4．国家自然科学基金重点项目 第二负责人 280万元 课题编号：81230045 ； 执行年限：2013-01-01~2017-12-31 课题名称：融合基因AARS-MADx诱导基因组不稳定性及参与鼻咽癌发生的机制 5. 国家自然科学基金项目（青年科学基金项目） 第二负责人 23万元 课题编号：81201629 ；批准年月：2012-8， 执行年限：2012- 课题名称：IGFBP-6调控鼻咽癌转移的分子机制 6．广东省科技计划 第二负责人 4万元 课题编号：2012B0318000353 ； 执行年限：2013.01.01--2015.12.31 课题名称：鼻咽癌放射治疗后放射性视神经损伤的系列研究 7．2007年国家高技术研究发展计划（863计划），第四负责人。 课题编号：2007AA02Z477； 执行年限：2007.06.01--2010.11.30 课题名称：鼻咽癌早期诊断新方法研究 8. 2006年国家自然科学基金面上项目，第三负责人。 项目批准号：30672297； 执行年限：2007.01--2009.12 项目名称：载顺铂磁性纳米药物制备及其联合放疗靶向治疗鼻咽癌的实验研究。 9. 2003年中山大学肿瘤中心留学人员基金； 第一负责人。 课题编号：本院自编号； 执行年限：2003.10—2005.10 课题名称：晚期鼻咽癌DPD和GSH分泌规律的检测和时间化疗 10...,https://www.sysucc.org.cn/node/1528,亮眼经历线索,"主任医师、博士研究生导师 临床专家 面包屑 首页 / 临床科室 / 放疗系列 / 鼻咽科 / 临床专家 郭灵 职称：主任医师、博士研究生导师 专长 鼻咽癌放射治疗及综合治疗 一、基本情况 职称：主任医师、博士生导师 专家门诊时间：周二下午； 1997年- 2000年留学法国巴黎，获巴黎十二大学颁发的肿瘤放射治疗学临床博士学位 现任中山大学附属肿瘤医院鼻咽癌科主任医师，放射治疗专业博士生导师。 加载更多 出生于1966年9月，主任医师, 博士研究生导师。","主任医师、博士研究生导师 郭灵 职称：主任医师、博士研究生导师 专长 鼻咽癌放射治疗及综合治疗 一、基本情况 职称：主任医师、博士生导师 专家门诊时间：周二下午； 1997年- 2000年留学法国巴黎，获巴黎十二大学颁发的肿瘤放射治疗学临床博士学位 现任中山大学附属肿瘤医院鼻咽癌科主任医师，放射治疗专业博士生导师。 出生于1966年9月，主任医师, 博士研究生导师。"
1190,1189,中山大学肿瘤防治中心,TBLR1诱导鼻咽癌转移的分子机制 2. 广州市科技计划，第一负责人 课题编号：2014J4100181；执行年限：2014.04.01--2016.4.1 课题名称：锌指蛋白488（ZNF488）作为鼻咽癌转移候选分子标志和和潜在靶标的研究 3. 广东省科技计划 第一负责人 5万元 课题编号：2012B031800255 ； 执行年限：2013.01.01--2015.12.31 课题名称：AEG-1诱导鼻咽癌早期转移的分子机制 4．国家自然科学基金重点项目 第二负责人 280万元 课题编号：81230045 ； 执行年限：2013-01-01~2017-12-31 课题名称：融合基因AARS-MADx诱导基因组不稳定性及参与鼻咽癌发生的机制 5. 国家自然科学基金项目（青年科学基金项目） 第二负责人 23万元 课题编号：81201629 ；批准年月：2012-8， 执行年限：2012- 课题名称：IGFBP-6调控鼻咽癌转移的分子机制 6．广东省科技计划 第二负责人 4万元 课题编号：2012B0318000353 ； 执行年限：2013.01.01--2015.12.31 课题名称：鼻咽癌放射治疗后放射性视神经损伤的系列研究 7．2007年国家高技术研究发展计划（863计划），第四负责人。 课题编号：2007AA02Z477； 执行年限：2007.06.01--2010.11.30 课题名称：鼻咽癌早期诊断新方法研究 8. 2006年国家自然科学基金面上项目，第三负责人。 项目批准号：30672297； 执行年限：2007.01--2009.12 项目名称：载顺铂磁性纳米药物制备及其联合放疗靶向治疗鼻咽癌的实验研究。 9. 2003年中山大学肿瘤中心留学人员基金； 第一负责人。 课题编号：本院自编号； 执行年限：2003.10—2005.10 课题名称：晚期鼻咽癌DPD和GSH分泌规律的检测和时间化疗 10...,https://www.sysucc.org.cn/node/1528,异常提示,,亮眼经历含导航文本，已清洗
1192,1191,中山大学肿瘤防治中心,刘赛兰,https://www.sysucc.org.cn/node/6500,亮眼经历线索,副主任医师，硕士生导师 临床专家 面包屑 首页 / 临床科室 / 放疗系列 / 鼻咽科 / 临床专家 刘赛兰 职称：副主任医师，硕士生导师 专长 鼻咽癌综合治疗（放化疗、免疫及靶向治疗）、预后及疗效预测、转移耐药研究。 一、基本情况 职称： 副主任医师，硕士生导师 专业方向： 鼻咽癌综合治疗（放化疗、免疫及靶向治疗）、预后及疗效预测、转移耐药研究 二、工作经历 2024至今，中山大学，肿瘤防治中心，副主任医师 2023-2023，中山大学，肿瘤防治中心，主治医师 2020-2022，中山大学，肿瘤防治中心，医师/博士后 三、教育经历 2017-2020，中山大学，肿瘤学，博士 2014-2017，中山大学，肿瘤学，硕士 2009-2014，南方医科大学，临床医学，学士 围绕鼻咽癌综合治疗（放化疗、免疫及靶向治疗）、预后及疗效预测、转移耐药机制进行系统性工作，以第一或通讯作者在Cancer Res、J Immunother ...,副主任医师，硕士生导师 刘赛兰 职称：副主任医师，硕士生导师 专长 鼻咽癌综合治疗（放化疗、免疫及靶向治疗）、预后及疗效预测、转移耐药研究。 一、基本情况 职称： 副主任医师，硕士生导师 专业方向： 鼻咽癌综合治疗（放化疗、免疫及靶向治疗）、预后及疗效预测、转移耐药研究 二、工作经历 2024至今，中山大学，肿瘤防治中心，副主任医师 2023-2023，中山大学，肿瘤防治中心，主治医师 2020-2022，中山大学，肿瘤防治中心，医师/博士后 三、教育经历 2017-2020，中山大学，肿瘤学，博士 2014-2017，中山大学，肿瘤学，硕士 2009-2014，南方医科大学，临床医学，学士 围绕鼻咽癌综合治疗（放化疗、免疫及靶向治疗）、预后及疗效预测、转移耐药机制进行系统性工作，以第一或通讯作者在Cancer Res、J Immunother ...
1192,1191,中山大学肿瘤防治中心,刘赛兰,https://www.sysucc.org.cn/node/6500,异常提示,,亮眼经历含导航文本，已清洗
1193,1192,中山大学肿瘤防治中心,华贻军,https://www.sysucc.org.cn/node/1644,亮眼经历线索,主任医师、肿瘤学博士、博士生导师 临床专家 面包屑 首页 / 临床科室 / 放疗系列 / 鼻咽科 / 临床专家 华贻军 职称：主任医师、肿瘤学博士、博士生导师 专长 初治鼻咽癌的综合治疗； 一、基本情况 华贻军，肿瘤学博士，主任医师，中山大学肿瘤防治中心主诊教授，博士研究生导师，澳大利亚西悉尼大学访问学者。 出诊时间： 黄埔院区：周一上午105诊室 越秀院区：周二下午337诊室 周四上午344诊室 二、教育及工作经历 教育经历: 2010/09 - 2013/06 中山大学，肿瘤学博士 2003/09 - 2006/06 中山大学，临床肿瘤学硕士，硕士 1998/09 - 2003/06 华中科技大学同济医学院（同济医科大学），临床医学 科研与学术工作经历： 2023/12-今 中山大学肿瘤防治中心，主任医师 2019/01 - 2023/12 中山大学肿瘤防治中心，副主任医师 2019/02 - 2019/08 云浮市人...,主任医师、肿瘤学博士、博士生导师 华贻军 职称：主任医师、肿瘤学博士、博士生导师 专长 初治鼻咽癌的综合治疗； 一、基本情况 华贻军，肿瘤学博士，主任医师，中山大学肿瘤防治中心主诊教授，博士研究生导师，澳大利亚西悉尼大学访问学者。 出诊时间： 黄埔院区：周一上午105诊室 越秀院区：周二下午337诊室 周四上午344诊室 二、教育及工作经历 教育经历: 2010/09 - 2013/06 中山大学，肿瘤学博士 2003/09 - 2006/06 中山大学，临床肿瘤学硕士，硕士 1998/09 - 2003/06 华中科技大学同济医学院（同济医科大学），临床医学 科研与学术工作经历： 2023/12-今 中山大学肿瘤防治中心，主任医师 2019/01 - 2023/12 中山大学肿瘤防治中心，副主任医师 2019/02 - 2019/08 云浮市人...
1193,1192,中山大学肿瘤防治中心,华贻军,https://www.sysucc.org.cn/node/1644,异常提示,,亮眼经历含导航文本，已清洗
1197,1196,中山大学肿瘤防治中心,夏伟雄,https://www.sysucc.org.cn/node/1643,亮眼经历线索,主任医师、硕士生导师 临床专家 面包屑 首页 / 临床科室 / 放疗系列 / 鼻咽科 / 临床专家 夏伟雄 职称：主任医师、硕士生导师 专长 鼻咽癌放化综合治疗及远处转移鼻咽癌的治疗 一、基本情况 职称：主任医师、硕士生导师 专家门诊时间：周三下午 专业特长：鼻咽癌放化综合治疗及远处转移鼻咽癌的治疗 主攻方向：①鼻咽癌个体化治疗； 二、学习及工作经历 2009.9-2014.6 中山大学肿瘤防治中心 肿瘤学专业 获博士学位 2014.7-2016.12 中山大学肿瘤防治中心 鼻咽科 住院医师 2017.1-2018.12 中山大学肿瘤防治中心 鼻咽科 主治医师 2019.1-至今 中山大学肿瘤防治中心 鼻咽科 副主任医师 2018.8-2019.2 廉江市人民医院 肿瘤血液科 业务主任（挂职） 2018.8-2019.2 廉江市人民医院 耳鼻喉科 技术顾问（挂职） 2012.12-2013.12 美国佛罗里达州立大学 访问...,主任医师、硕士生导师 夏伟雄 职称：主任医师、硕士生导师 专长 鼻咽癌放化综合治疗及远处转移鼻咽癌的治疗 一、基本情况 职称：主任医师、硕士生导师 专家门诊时间：周三下午 专业特长：鼻咽癌放化综合治疗及远处转移鼻咽癌的治疗 主攻方向：①鼻咽癌个体化治疗； 二、学习及工作经历 2009.9-2014.6 中山大学肿瘤防治中心 肿瘤学专业 获博士学位 2014.7-2016.12 中山大学肿瘤防治中心 鼻咽科 住院医师 2017.1-2018.12 中山大学肿瘤防治中心 鼻咽科 主治医师 2019.1-至今 中山大学肿瘤防治中心 鼻咽科 副主任医师 2018.8-2019.2 廉江市人民医院 肿瘤血液科 业务主任（挂职） 2018.8-2019.2 廉江市人民医院 耳鼻喉科 技术顾问（挂职） 2012.12-2013.12 美国佛罗里达州立大学 访问...
1197,1196,中山大学肿瘤防治中心,夏伟雄,https://www.sysucc.org.cn/node/1643,异常提示,,亮眼经历含导航文本，已清洗
1198,1197,中山大学肿瘤防治中心,孙蕊,https://www.sysucc.org.cn/node/1533,亮眼经历线索,主任医师、医学博士、博士生导师 鼻咽癌综合治疗 职称：主任医师、医学博士、博士生导师 专业特长：鼻咽癌综合治疗（放射治疗、化学治疗、靶向治疗） 加载更多 职称：主任医师、医学博士、博士生导师 专业特长：鼻咽癌综合治疗（放射治疗、化学治疗、靶向治疗） 临床专家 面包屑 首页 / 临床科室 / 放疗系列 / 鼻咽科 / 临床专家 孙蕊 职称：主任医师、医学博士、博士生导师 专长 鼻咽癌综合治疗 职称：主任医师、医学博士、博士生导师 专业特长：鼻咽癌综合治疗（放射治疗、化学治疗、靶向治疗） 加载更多 职称：主任医师、医学博士、博士生导师 专业特长：鼻咽癌综合治疗（放射治疗、化学治疗、靶向治疗）,主任医师、医学博士、博士生导师 鼻咽癌综合治疗 职称：主任医师、医学博士、博士生导师 专业特长：鼻咽癌综合治疗（放射治疗、化学治疗、靶向治疗） 职称：主任医师、医学博士、博士生导师 专业特长：鼻咽癌综合治疗（放射治疗、化学治疗、靶向治疗） 孙蕊 职称：主任医师、医学博士、博士生导师 专长 鼻咽癌综合治疗 职称：主任医师、医学博士、博士生导师 专业特长：鼻咽癌综合治疗（放射治疗、化学治疗、靶向治疗） 职称：主任医师、医学博士、博士生导师 专业特长：鼻咽癌综合治疗（放射治疗、化学治疗、靶向治疗）
1198,1197,中山大学肿瘤防治中心,孙蕊,https://www.sysucc.org.cn/node/1533,异常提示,,亮眼经历含导航文本，已清洗
1199,1198,中山大学肿瘤防治中心,曹卡加,https://www.sysucc.org.cn/node/1527,亮眼经历线索,主任医师，硕士导师 临床专家 面包屑 首页 / 临床科室 / 放疗系列 / 鼻咽科 / 临床专家 曹卡加 职称：主任医师，硕士导师 专长 肿瘤的放射治疗，尤其擅长鼻咽癌和肺癌的治疗。 一、基本情况 职称：主任医师，硕士生导师 专家门诊时间： 星期一、四、五上午 专业特长：恶性肿瘤的放射治疗，特别擅长鼻咽癌的诊断和治疗 二、学习及工作经历： 1975年—1977年：赤脚医生 1977年—1982年：中山医学院本科 1982年—1985年：广东省江门市中心医院工作 1985年—1988年：中山医科大学硕士 1999年—2000年：法国巴黎第十二大学HENRI MONDOR医院留学 1988年至今：中山大学肿瘤防治中心工作 加载更多 专业特长 1、鼻咽癌的诊断和综合治疗 2、肿瘤流行病学 社会任职 1、广州市肿瘤防治工作领导小组成员 2、全国慢性非传染性疾病防治专家组成员 3、广州市慢性非传染性疾病专家指导委员会成员 4、广州市...,主任医师，硕士导师 曹卡加 职称：主任医师，硕士导师 专长 肿瘤的放射治疗，尤其擅长鼻咽癌和肺癌的治疗。 一、基本情况 职称：主任医师，硕士生导师 专家门诊时间： 星期一、四、五上午 专业特长：恶性肿瘤的放射治疗，特别擅长鼻咽癌的诊断和治疗 二、学习及工作经历： 1975年—1977年：赤脚医生 1977年—1982年：中山医学院本科 1982年—1985年：广东省江门市中心医院工作 1985年—1988年：中山医科大学硕士 1999年—2000年：法国巴黎第十二大学HENRI MONDOR医院留学 1988年至今：中山大学肿瘤防治中心工作 专业特长 1、鼻咽癌的诊断和综合治疗 2、肿瘤流行病学 社会任职 1、广州市肿瘤防治工作领导小组成员 2、全国慢性非传染性疾病防治专家组成员 3、广州市慢性非传染性疾病专家指导委员会成员 4、广州市...
1199,1198,中山大学肿瘤防治中心,曹卡加,https://www.sysucc.org.cn/node/1527,异常提示,,亮眼经历含导航文本，已清洗
1202,1201,中山大学肿瘤防治中心,王琳,https://www.sysucc.org.cn/node/1645,亮眼经历线索,主任医师 鼻咽癌放化综合治疗以及复发鼻咽癌的诊治 加载更多 职称：主任医师 专长：鼻咽癌放化综合治疗以及复发鼻咽癌的诊治 临床专家 面包屑 首页 / 临床科室 / 放疗系列 / 鼻咽科 / 临床专家 王琳 职称：主任医师 专长 鼻咽癌放化综合治疗以及复发鼻咽癌的诊治 职称：主任医师 专长：鼻咽癌放化综合治疗以及复发鼻咽癌的诊治 加载更多 职称：主任医师 专长：鼻咽癌放化综合治疗以及复发鼻咽癌的诊治,主任医师 鼻咽癌放化综合治疗以及复发鼻咽癌的诊治 职称：主任医师 专长：鼻咽癌放化综合治疗以及复发鼻咽癌的诊治 王琳 职称：主任医师 专长 鼻咽癌放化综合治疗以及复发鼻咽癌的诊治 职称：主任医师 专长：鼻咽癌放化综合治疗以及复发鼻咽癌的诊治 职称：主任医师 专长：鼻咽癌放化综合治疗以及复发鼻咽癌的诊治
1202,1201,中山大学肿瘤防治中心,王琳,https://www.sysucc.org.cn/node/1645,异常提示,,亮眼经历含导航文本，已清洗
1203,1202,中山大学肿瘤防治中心,罗东华,https://www.sysucc.org.cn/node/1641,亮眼经历线索,"主任医师，博士，硕士生导师 临床专家 面包屑 首页 / 临床科室 / 放疗系列 / 鼻咽科 / 临床专家 罗东华 职称：主任医师，博士，硕士生导师 专长 鼻咽癌个体化综合治疗，儿童青少年鼻咽癌诊治，鼻咽癌远处转移的防治 一、基本情况： 专家门诊时间： 周二上午； 周四下午 鼻咽镜检查时间： 周四上午 工作语言： 普通话，粤语，客家话，英语 二、获奖及荣誉 2023年获第三届人民好医生（鼻咽癌领域）优秀典范专家； 三、教育经历： 2007/9-2010/6, 中山大学, 肿瘤学, 博士 2001/9-2003/6, 中山大学, 肿瘤学, 硕士 1996/9-2001/6, 中山医科大学, 临床医学, 学士 四、工作经历： 2024/1-至今, 中山大学, 肿瘤防治中心, 主任医师 2016/1-2023/12, 中山大学, 肿瘤防治中心, 副主任医师 2011/1-2011/7, 美国Van Andel研究所,访问学者 20...","主任医师，博士，硕士生导师 罗东华 职称：主任医师，博士，硕士生导师 专长 鼻咽癌个体化综合治疗，儿童青少年鼻咽癌诊治，鼻咽癌远处转移的防治 一、基本情况： 专家门诊时间： 周二上午； 周四下午 鼻咽镜检查时间： 周四上午 工作语言： 普通话，粤语，客家话，英语 二、获奖及荣誉 2023年获第三届人民好医生（鼻咽癌领域）优秀典范专家； 三、教育经历： 2007/9-2010/6, 中山大学, 肿瘤学, 博士 2001/9-2003/6, 中山大学, 肿瘤学, 硕士 1996/9-2001/6, 中山医科大学, 临床医学, 学士 四、工作经历： 2024/1-至今, 中山大学, 肿瘤防治中心, 主任医师 2016/1-2023/12, 中山大学, 肿瘤防治中心, 副主任医师 2011/1-2011/7, 美国Van Andel研究所,访问学者 20..."
1203,1202,中山大学肿瘤防治中心,罗东华,https://www.sysucc.org.cn/node/1641,异常提示,,亮眼经历含导航文本，已清洗
1204,1203,中山大学肿瘤防治中心,苗菁菁,https://www.sysucc.org.cn/node/9722,亮眼经历线索,副主任医师、副研究员 临床专家 面包屑 首页 / 临床科室 / 放疗系列 / 鼻咽科 / 临床专家 苗菁菁 职称：副主任医师、副研究员 专长 鼻咽癌个体化治疗，专注放疗、化疗、免疫和靶向治疗的增效减毒及提高治疗后生活质量。 研究成果以第一/共一作者发表SCI论文多篇，多项成果被中国CSCO、美国NCCN和欧洲ESMO指南采纳，多次获邀在国际学术大会及国内学术大会进行学术汇报及交流。 二、教育及工作经历 1. 2023.07-至今 中山大学肿瘤防治中心鼻咽科 副研究员 2. 2025.12-至今 中山大学肿瘤防治中心鼻咽科 副主任医师 3. 2024.12-2025.12 中山大学肿瘤防治中心鼻咽科 主治医师 4. 2023.07-2024.12 中山大学肿瘤防治中心鼻咽科 医师 5. 2022.01-2023.01 新加坡国立癌症中心 博士后联合培养 6. 2021.07-2023.07 中山大学肿瘤防治中心 科研型博士后...,副主任医师、副研究员 苗菁菁 职称：副主任医师、副研究员 专长 鼻咽癌个体化治疗，专注放疗、化疗、免疫和靶向治疗的增效减毒及提高治疗后生活质量。 研究成果以第一/共一作者发表SCI论文多篇，多项成果被中国CSCO、美国NCCN和欧洲ESMO指南采纳，多次获邀在国际学术大会及国内学术大会进行学术汇报及交流。 二、教育及工作经历 1. 2023.07-至今 中山大学肿瘤防治中心鼻咽科 副研究员 2. 2025.12-至今 中山大学肿瘤防治中心鼻咽科 副主任医师 3. 2024.12-2025.12 中山大学肿瘤防治中心鼻咽科 主治医师 4. 2023.07-2024.12 中山大学肿瘤防治中心鼻咽科 医师 5. 2022.01-2023.01 新加坡国立癌症中心 博士后联合培养 6. 2021.07-2023.07 中山大学肿瘤防治中心 科研型博士后...
1204,1203,中山大学肿瘤防治中心,苗菁菁,https://www.sysucc.org.cn/node/9722,异常提示,,亮眼经历含导航文本，已清洗
1205,1204,中山大学肿瘤防治中心,莫浩元,https://www.sysucc.org.cn/node/1529,亮眼经历线索,主任医师、硕士生导师 临床专家 面包屑 首页 / 临床科室 / 放疗系列 / 鼻咽科 / 临床专家 莫浩元 职称：主任医师、硕士生导师 专长 鼻咽癌放射治疗、化疗和免疫治疗。 一、基本情况 职称： 主任医师、硕士生导师 专家门诊时间： 周一、周四上午 专业特长： 鼻咽癌放射治疗、化疗和免疫治疗。 二、教育及工作经历 1981年—1987年：中山医科大学六年制医疗系就读 1987年至今：中山大学附属肿瘤医院鼻咽科工作 三、主持科研项目 1. 广东省科技厅科技计划项目，鼻咽癌调强适形放射治疗后听力下降的危险因素及治疗研究 2. 国家自然科学基金项目， 癌细胞分泌exosome改变CTL细胞功能导致鼻咽癌免疫逃逸的机制研究 3. 广州市科技局科技计划项目，辐射及DDP／5FU作用通路基因SNPs对局部区域晚期鼻咽癌化疗敏感性及预后影响的研究 4. 广东省自然科学基金，Foxp3基因异构体表达与鼻咽癌免疫调控的机制研究 5. 国家...,主任医师、硕士生导师 莫浩元 职称：主任医师、硕士生导师 专长 鼻咽癌放射治疗、化疗和免疫治疗。 一、基本情况 职称： 主任医师、硕士生导师 专家门诊时间： 周一、周四上午 专业特长： 鼻咽癌放射治疗、化疗和免疫治疗。 二、教育及工作经历 1981年—1987年：中山医科大学六年制医疗系就读 1987年至今：中山大学附属肿瘤医院鼻咽科工作 三、主持科研项目 1. 广东省科技厅科技计划项目，鼻咽癌调强适形放射治疗后听力下降的危险因素及治疗研究 2. 国家自然科学基金项目， 癌细胞分泌exosome改变CTL细胞功能导致鼻咽癌免疫逃逸的机制研究 3. 广州市科技局科技计划项目，辐射及DDP／5FU作用通路基因SNPs对局部区域晚期鼻咽癌化疗敏感性及预后影响的研究 4. 广东省自然科学基金，Foxp3基因异构体表达与鼻咽癌免疫调控的机制研究 5. 国家...
1205,1204,中山大学肿瘤防治中心,莫浩元,https://www.sysucc.org.cn/node/1529,异常提示,,亮眼经历含导航文本，已清洗
1206,1205,中山大学肿瘤防治中心,赵充,https://www.sysucc.org.cn/node/1526,亮眼经历线索,主任医师、硕士生导师 临床专家 面包屑 首页 / 临床科室 / 放疗系列 / 鼻咽科 / 临床专家 赵充 职称：主任医师、硕士生导师 专长 头颈肿瘤尤其是鼻咽癌的调强适形放射治疗及综合治疗 一、 基本情况 职称：主任医师、硕士生导师 专家门诊时间：周三上午、周四上午 专业特长：头颈肿瘤尤其是鼻咽癌的调强适形放射治疗及综合治疗 主攻方向：从事放射治疗的基础与临床研究近30年，主要研究方向为头颈肿瘤和鼻咽癌的诊断、放射治疗和综合治疗； 1998年-1999年，香港中文大学威尔斯亲王医院进修； 2001年-2009年，中山大学肿瘤医院放射治疗科副主任医师；,主任医师、硕士生导师 赵充 职称：主任医师、硕士生导师 专长 头颈肿瘤尤其是鼻咽癌的调强适形放射治疗及综合治疗 一、 基本情况 职称：主任医师、硕士生导师 专家门诊时间：周三上午、周四上午 专业特长：头颈肿瘤尤其是鼻咽癌的调强适形放射治疗及综合治疗 主攻方向：从事放射治疗的基础与临床研究近30年，主要研究方向为头颈肿瘤和鼻咽癌的诊断、放射治疗和综合治疗； 1998年-1999年，香港中文大学威尔斯亲王医院进修； 2001年-2009年，中山大学肿瘤医院放射治疗科副主任医师；
1206,1205,中山大学肿瘤防治中心,赵充,https://www.sysucc.org.cn/node/1526,异常提示,,亮眼经历含导航文本，已清洗
1207,1206,中山大学肿瘤防治中心,邱枋,https://www.sysucc.org.cn/node/1640,亮眼经历线索,副主任医师 临床专家 面包屑 首页 / 临床科室 / 放疗系列 / 鼻咽科 / 临床专家 邱枋 职称：副主任医师 专长 鼻咽癌的放射治疗和化学治疗的综合治疗 擅长于鼻咽癌的放射治疗和化学治疗的综合治疗。,副主任医师 邱枋 职称：副主任医师 专长 鼻咽癌的放射治疗和化学治疗的综合治疗 擅长于鼻咽癌的放射治疗和化学治疗的综合治疗。
1207,1206,中山大学肿瘤防治中心,邱枋,https://www.sysucc.org.cn/node/1640,异常提示,,亮眼经历含导航文本，已清洗
1208,1207,中山大学肿瘤防治中心,邹雄,https://www.sysucc.org.cn/node/7691,亮眼经历线索,副主任医师、医学博士、硕士生导师 临床专家 面包屑 首页 / 临床科室 / 放疗系列 / 鼻咽科 / 临床专家 邹雄 职称：副主任医师、医学博士、硕士生导师 专长 鼻咽癌的放疗、化疗、免疫治疗等临床诊疗； 一、基本情况 邹雄，中山大学医学博士，副主任医师，硕士生导师。 在 SCI 收录期刊以第一/共同第一作者在JAMA Oncol、J Clin Oncol、JAMA Netw Open、EClinicalMedicine、Clin Cancer Res、Cancer Commu、Med等国际权威期刊发表 SCI 论文 22篇，大于10分期刊7篇，单篇最高IF 45.4，总IF 202.7。,副主任医师、医学博士、硕士生导师 邹雄 职称：副主任医师、医学博士、硕士生导师 专长 鼻咽癌的放疗、化疗、免疫治疗等临床诊疗； 一、基本情况 邹雄，中山大学医学博士，副主任医师，硕士生导师。 在 SCI 收录期刊以第一/共同第一作者在JAMA Oncol、J Clin Oncol、JAMA Netw Open、EClinicalMedicine、Clin Cancer Res、Cancer Commu、Med等国际权威期刊发表 SCI 论文 22篇，大于10分期刊7篇，单篇最高IF 45.4，总IF 202.7。
1208,1207,中山大学肿瘤防治中心,邹雄,https://www.sysucc.org.cn/node/7691,异常提示,,亮眼经历含导航文本，已清洗
1211,1210,中山大学肿瘤防治中心,陈明远,https://www.sysucc.org.cn/node/1525,亮眼经历线索,鼻咽科副主任，教育部“新世纪优秀人才”，中山大学肿瘤防治中心特支计划“临床医学科学家” 职称：教授、主任医师、肿瘤学博士、博士生导师 临床专家 面包屑 首页 / 临床科室 / 放疗系列 / 鼻咽科 / 临床专家 陈明远 职务：鼻咽科副主任，教育部“新世纪优秀人才”，中山大学肿瘤防治中心特支计划“临床医学科学家” 职称：教授、主任医师、肿瘤学博士、博士生导师 专长 早期鼻咽癌放射治疗，复发鼻咽癌微创外科治疗，鼻咽癌放疗后遗症治疗和内镜颅底外科等 一、基本情况 职务：鼻咽科副主任 职称：博士、教授、主任医师、博士生导师、教育部“新世纪优秀人才”、中山大学肿瘤防治中心特支计划“临床医学科学家” 专家门诊时间：周四上午 专业特长：主要从事鼻咽癌的多学科综合治疗，擅长于鼻咽癌放射治疗，转移鼻咽癌综合治疗，复发鼻咽癌微创外科治疗等等。 二、工作经历 2001.7-至今 中山大学肿瘤防治中心鼻咽科 教授/主任医师/科副主任 三、教育经历...,鼻咽科副主任，教育部“新世纪优秀人才”，中山大学肿瘤防治中心特支计划“临床医学科学家” 职称：教授、主任医师、肿瘤学博士、博士生导师 陈明远 职务：鼻咽科副主任，教育部“新世纪优秀人才”，中山大学肿瘤防治中心特支计划“临床医学科学家” 职称：教授、主任医师、肿瘤学博士、博士生导师 专长 早期鼻咽癌放射治疗，复发鼻咽癌微创外科治疗，鼻咽癌放疗后遗症治疗和内镜颅底外科等 一、基本情况 职务：鼻咽科副主任 职称：博士、教授、主任医师、博士生导师、教育部“新世纪优秀人才”、中山大学肿瘤防治中心特支计划“临床医学科学家” 专家门诊时间：周四上午 专业特长：主要从事鼻咽癌的多学科综合治疗，擅长于鼻咽癌放射治疗，转移鼻咽癌综合治疗，复发鼻咽癌微创外科治疗等等。 二、工作经历 2001.7-至今 中山大学肿瘤防治中心鼻咽科 教授/主任医师/科副主任 三、教育经历...
1211,1210,中山大学肿瘤防治中心,陈明远,https://www.sysucc.org.cn/node/1525,异常提示,,亮眼经历含导航文本，已清洗
1212,1211,中山大学肿瘤防治中心,陈秋燕,https://www.sysucc.org.cn/node/1531,亮眼经历线索,主任医师，医学博士，博士生导师 基本情况 职称：主任医师，医学博士，博士生导师 专家 临床专家 面包屑 首页 / 临床科室 / 放疗系列 / 鼻咽科 / 临床专家 陈秋燕 职称：主任医师，医学博士，博士生导师 专长 鼻咽癌综合治疗（放射治疗、化学治疗、靶向治疗、免疫治疗）的临床工作及研究。 基本情况 职称：主任医师，医学博士，博士生导师 专家门诊时间：周三下午 专业特长：鼻咽癌综合治疗（放射治疗、化学治疗、靶向治疗、免疫治疗）的临床工作及研究。,主任医师，医学博士，博士生导师 基本情况 职称：主任医师，医学博士，博士生导师 专家 陈秋燕 职称：主任医师，医学博士，博士生导师 专长 鼻咽癌综合治疗（放射治疗、化学治疗、靶向治疗、免疫治疗）的临床工作及研究。 基本情况 职称：主任医师，医学博士，博士生导师 专家门诊时间：周三下午 专业特长：鼻咽癌综合治疗（放射治疗、化学治疗、靶向治疗、免疫治疗）的临床工作及研究。
1212,1211,中山大学肿瘤防治中心,陈秋燕,https://www.sysucc.org.cn/node/1531,异常提示,,亮眼经历含导航文本，已清洗
